# Time-averaged data for fix msdw
# TimeStep c_mw[4]
0 6.60651e-11
10 0.0276664
20 0.0816665
30 0.121411
40 0.143021
50 0.164907
60 0.193392
70 0.22722
80 0.259538
90 0.289111
100 0.319765
110 0.351294
120 0.380494
130 0.4088
140 0.439174
150 0.469444
160 0.498252
170 0.528612
180 0.560589
190 0.592809
200 0.622738
210 0.649285
220 0.672084
230 0.697332
240 0.728855
250 0.760875
260 0.78991
270 0.817824
280 0.850762
290 0.88385
300 0.910468
310 0.934321
320 0.958875
330 0.988459
340 1.01926
350 1.04413
360 1.06762
370 1.09372
380 1.12124
390 1.14913
400 1.17253
410 1.19044
420 1.20964
430 1.23167
440 1.25236
450 1.27271
460 1.2931
470 1.31358
480 1.33547
490 1.35729
500 1.37734
510 1.39581
520 1.41114
530 1.42524
540 1.44072
550 1.45878
560 1.48126
570 1.50316
580 1.52393
590 1.54163
600 1.55722
610 1.57196
620 1.58817
630 1.60755
640 1.62435
650 1.63885
660 1.65396
670 1.67073
680 1.68615
690 1.69992
700 1.71442
710 1.72849
720 1.74587
730 1.76346
740 1.78055
750 1.80135
760 1.82309
770 1.83939
780 1.8524
790 1.86742
800 1.88115
810 1.89075
820 1.90183
830 1.91713
840 1.93759
850 1.95751
860 1.97321
870 1.98779
880 2.00611
890 2.02489
900 2.03637
910 2.0469
920 2.06445
930 2.08411
940 2.10055
950 2.11451
960 2.13114
970 2.15108
980 2.17159
990 2.18331
1000 2.18509
1010 2.19138
1020 2.20411
1030 2.21409
1040 2.22431
1050 2.24249
1060 2.2612
1070 2.27823
1080 2.29252
1090 2.30552
1100 2.31847
1110 2.33142
1120 2.3481
1130 2.36581
1140 2.38359
1150 2.40055
1160 2.41618
1170 2.43354
1180 2.45459
1190 2.47095
1200 2.48399
1210 2.49949
1220 2.51813
1230 2.53356
1240 2.54582
1250 2.56075
1260 2.57982
1270 2.60371
1280 2.63235
1290 2.657
1300 2.67929
1310 2.70035
1320 2.71626
1330 2.73103
1340 2.75021
1350 2.77241
1360 2.79536
1370 2.81421
1380 2.82947
1390 2.84762
1400 2.87276
1410 2.89086
1420 2.90381
1430 2.92082
1440 2.94597
1450 2.97651
1460 2.99076
1470 2.9919
1480 2.99696
1490 3.01075
1500 3.02882
1510 3.04356
1520 3.05315
1530 3.06706
1540 3.08928
1550 3.11251
1560 3.12877
1570 3.13735
1580 3.14898
1590 3.16624
1600 3.1839
1610 3.19803
1620 3.21392
1630 3.23627
1640 3.25958
1650 3.27834
1660 3.2963
1670 3.31175
1680 3.33013
1690 3.35584
1700 3.38182
1710 3.39496
1720 3.40328
1730 3.42059
1740 3.43914
1750 3.45676
1760 3.47581
1770 3.492
1780 3.50319
1790 3.51551
1800 3.5349
1810 3.55416
1820 3.56317
1830 3.57382
1840 3.59307
1850 3.60912
1860 3.62456
1870 3.64734
1880 3.67223
1890 3.69459
1900 3.71679
1910 3.74001
1920 3.75683
1930 3.7697
1940 3.78419
1950 3.80029
1960 3.81875
1970 3.83544
1980 3.84952
1990 3.86393
2000 3.88794
2010 3.91631
2020 3.94067
2030 3.96112
2040 3.97906
2050 3.99492
2060 4.01175
2070 4.02923
2080 4.04684
2090 4.07348
2100 4.1085
2110 4.13573
2120 4.14566
2130 4.15907
2140 4.18951
2150 4.22722
2160 4.25344
2170 4.26844
2180 4.28569
2190 4.30807
2200 4.33387
2210 4.35633
2220 4.37237
2230 4.3893
2240 4.41279
2250 4.44107
2260 4.46313
2270 4.47434
2280 4.47439
2290 4.47356
2300 4.48181
2310 4.49534
2320 4.50724
2330 4.51528
2340 4.52702
2350 4.54423
2360 4.55615
2370 4.56424
2380 4.57152
2390 4.58258
2400 4.59677
2410 4.60865
2420 4.61863
2430 4.62891
2440 4.64527
2450 4.65213
2460 4.64963
2470 4.64516
2480 4.64523
2490 4.65232
2500 4.6629
2510 4.68035
2520 4.699
2530 4.70852
2540 4.72088
2550 4.73979
2560 4.75562
2570 4.76456
2580 4.77541
2590 4.79206
2600 4.80485
2610 4.81079
2620 4.82521
2630 4.85116
2640 4.87031
2650 4.87648
2660 4.88568
2670 4.89965
2680 4.9166
2690 4.93608
2700 4.95232
2710 4.96089
2720 4.97185
2730 4.98322
2740 4.98886
2750 4.9938
2760 5.01035
2770 5.03143
2780 5.04401
2790 5.05833
2800 5.08133
2810 5.10617
2820 5.11837
2830 5.12157
2840 5.12513
2850 5.13752
2860 5.15566
2870 5.17339
2880 5.19239
2890 5.21086
2900 5.22623
2910 5.23997
2920 5.25628
2930 5.27237
2940 5.28259
2950 5.28909
2960 5.3014
2970 5.32352
2980 5.34712
2990 5.36555
3000 5.38371
3010 5.40834
3020 5.4398
3030 5.45984
3040 5.4667
3050 5.46877
3060 5.47921
3070 5.50125
3080 5.5234
3090 5.53962
3100 5.55367
3110 5.57376
3120 5.59462
3130 5.61182
3140 5.62972
3150 5.64833
3160 5.66955
3170 5.68961
3180 5.70543
3190 5.71442
3200 5.72045
3210 5.72715
3220 5.74449
3230 5.76988
3240 5.79108
3250 5.80256
3260 5.81783
3270 5.83961
3280 5.85926
3290 5.87417
3300 5.88462
3310 5.89601
3320 5.90254
3330 5.90991
3340 5.92901
3350 5.94819
3360 5.95533
3370 5.96361
3380 5.98064
3390 5.99248
3400 5.99806
3410 6.00673
3420 6.0207
3430 6.04294
3440 6.07527
3450 6.10124
3460 6.11133
3470 6.11123
3480 6.11297
3490 6.12723
3500 6.13701
3510 6.144
3520 6.15414
3530 6.1657
3540 6.18375
3550 6.20809
3560 6.23213
3570 6.25314
3580 6.27269
3590 6.30388
3600 6.32969
3610 6.34484
3620 6.36436
3630 6.39515
3640 6.42843
3650 6.45251
3660 6.46517
3670 6.48019
3680 6.49891
3690 6.52419
3700 6.55292
3710 6.58018
3720 6.60589
3730 6.62933
3740 6.65831
3750 6.68628
3760 6.71401
3770 6.74549
3780 6.78438
3790 6.81385
3800 6.83619
3810 6.862
3820 6.88904
3830 6.90598
3840 6.91703
3850 6.93566
3860 6.95451
3870 6.96293
3880 6.96959
3890 6.9807
3900 7.003
3910 7.02746
3920 7.04299
3930 7.05098
3940 7.06351
3950 7.08539
3960 7.10035
3970 7.10029
3980 7.1041
3990 7.12323
4000 7.14608
4010 7.1542
4020 7.15782
4030 7.16921
4040 7.18526
4050 7.19293
4060 7.19778
4070 7.20525
4080 7.21533
4090 7.23472
4100 7.25914
4110 7.27956
4120 7.29248
4130 7.29698
4140 7.30168
4150 7.31418
4160 7.33183
4170 7.35556
4180 7.37751
4190 7.39279
4200 7.40147
4210 7.41616
4220 7.43886
4230 7.45915
4240 7.48071
4250 7.5032
4260 7.51691
4270 7.52998
4280 7.55395
4290 7.58121
4300 7.60847
4310 7.63048
4320 7.64504
4330 7.66036
4340 7.68192
4350 7.70032
4360 7.70957
4370 7.72497
4380 7.75277
4390 7.7741
4400 7.78564
4410 7.79434
4420 7.80745
4430 7.82521
4440 7.83783
4450 7.84174
4460 7.8463
4470 7.85886
4480 7.87528
4490 7.88561
4500 7.87955
4510 7.87026
4520 7.87845
4530 7.90124
4540 7.91447
4550 7.91668
4560 7.92161
4570 7.93332
4580 7.94401
4590 7.9525
4600 7.96566
4610 7.98577
4620 7.99888
4630 8.00449
4640 8.00202
4650 7.99226
4660 8.00055
4670 8.02754
4680 8.05209
4690 8.05878
4700 8.05823
4710 8.06248
4720 8.07978
4730 8.09899
4740 8.11455
4750 8.12061
4760 8.12289
4770 8.13895
4780 8.16152
4790 8.17512
4800 8.19659
4810 8.22974
4820 8.2531
4830 8.27024
4840 8.2933
4850 8.32175
4860 8.33572
4870 8.33795
4880 8.34763
4890 8.36652
4900 8.3906
4910 8.40828
4920 8.42442
4930 8.43261
4940 8.44399
4950 8.46028
4960 8.4696
4970 8.4814
4980 8.50013
4990 8.51532
5000 8.52565
5010 8.5394
5020 8.55107
5030 8.55954
5040 8.57409
5050 8.5959
5060 8.6075
5070 8.60062
5080 8.58892
5090 8.59483
5100 8.61373
5110 8.62244
5120 8.62091
5130 8.62644
5140 8.63011
5150 8.62985
5160 8.62929
5170 8.63813
5180 8.65312
5190 8.6694
5200 8.67163
5210 8.6698
5220 8.67587
5230 8.69306
5240 8.71211
5250 8.72565
5260 8.73047
5270 8.73285
5280 8.74566
5290 8.76675
5300 8.78118
5310 8.78389
5320 8.79122
5330 8.81424
5340 8.84012
5350 8.85584
5360 8.87199
5370 8.8807
5380 8.87704
5390 8.87447
5400 8.87986
5410 8.88965
5420 8.89725
5430 8.90965
5440 8.92883
5450 8.94241
5460 8.9488
5470 8.95752
5480 8.96178
5490 8.96609
5500 8.97624
5510 8.98085
5520 8.97687
5530 8.97677
5540 8.98728
5550 8.99769
5560 9.00521
5570 9.00593
5580 9.00063
5590 9.00999
5600 9.03339
5610 9.0473
5620 9.04829
5630 9.05652
5640 9.07443
5650 9.08892
5660 9.10407
5670 9.12313
5680 9.13771
5690 9.14059
5700 9.1449
5710 9.15544
5720 9.16675
5730 9.17718
5740 9.18639
5750 9.19329
5760 9.19953
5770 9.20602
5780 9.21777
5790 9.22797
5800 9.23409
5810 9.24124
5820 9.25167
5830 9.25609
5840 9.26557
5850 9.2875
5860 9.31142
5870 9.32459
5880 9.33183
5890 9.34361
5900 9.36937
5910 9.39772
5920 9.4103
5930 9.41582
5940 9.44015
5950 9.48654
5960 9.52834
5970 9.55365
5980 9.56867
5990 9.58692
6000 9.6117
6010 9.63251
6020 9.64677
6030 9.66431
6040 9.67952
6050 9.68993
6060 9.70407
6070 9.72928
6080 9.75226
6090 9.75578
6100 9.75189
6110 9.7685
6120 9.79522
6130 9.80451
6140 9.80267
6150 9.8042
6160 9.8126
6170 9.82745
6180 9.84823
6190 9.86843
6200 9.87794
6210 9.89173
6220 9.90963
6230 9.92035
6240 9.92818
6250 9.94828
6260 9.97098
6270 9.98085
6280 9.97897
6290 9.97299
6300 9.9771
6310 10.0019
6320 10.0307
6330 10.0482
6340 10.0571
6350 10.0594
6360 10.0709
6370 10.0916
6380 10.1068
6390 10.1138
6400 10.1249
6410 10.1478
6420 10.1737
6430 10.1913
6440 10.1993
6450 10.2024
6460 10.2218
6470 10.2499
6480 10.2727
6490 10.2828
6500 10.2975
6510 10.3267
6520 10.3496
6530 10.3578
6540 10.3672
6550 10.3872
6560 10.4034
6570 10.409
6580 10.412
6590 10.4261
6600 10.4447
6610 10.4497
6620 10.4605
6630 10.4827
6640 10.4981
6650 10.491
6660 10.4773
6670 10.4798
6680 10.4935
6690 10.5049
6700 10.5086
6710 10.5134
6720 10.5307
6730 10.5458
6740 10.5486
6750 10.5515
6760 10.5708
6770 10.5867
6780 10.5839
6790 10.5813
6800 10.5955
6810 10.6152
6820 10.6251
6830 10.6372
6840 10.6562
6850 10.6773
6860 10.7012
6870 10.7287
6880 10.752
6890 10.7669
6900 10.782
6910 10.8023
6920 10.826
6930 10.8488
6940 10.8666
6950 10.877
6960 10.8871
6970 10.9094
6980 10.9395
6990 10.9502
7000 10.9433
7010 10.9504
7020 10.9808
7030 11.0117
7040 11.0236
7050 11.0355
7060 11.0631
7070 11.0934
7080 11.1084
7090 11.1121
7100 11.1232
7110 11.156
7120 11.1971
7130 11.2343
7140 11.2616
7150 11.2908
7160 11.3124
7170 11.3263
7180 11.3454
7190 11.3624
7200 11.3798
7210 11.3858
7220 11.389
7230 11.3978
7240 11.4012
7250 11.4068
7260 11.4209
7270 11.4456
7280 11.4582
7290 11.465
7300 11.4877
7310 11.5037
7320 11.5066
7330 11.5128
7340 11.5289
7350 11.5446
7360 11.5537
7370 11.5592
7380 11.566
7390 11.5784
7400 11.5945
7410 11.6215
7420 11.6447
7430 11.6535
7440 11.6491
7450 11.6648
7460 11.7021
7470 11.736
7480 11.7621
7490 11.7808
7500 11.7886
7510 11.8
7520 11.8205
7530 11.8413
7540 11.8572
7550 11.8706
7560 11.8931
7570 11.9166
7580 11.9361
7590 11.9516
7600 11.9631
7610 11.9676
7620 11.974
7630 11.9743
7640 11.9749
7650 11.9783
7660 11.9658
7670 11.9504
7680 11.9534
7690 11.9685
7700 11.9742
7710 11.9776
7720 11.9962
7730 12.0217
7740 12.0371
7750 12.05
7760 12.0729
7770 12.093
7780 12.0958
7790 12.0909
7800 12.0962
7810 12.109
7820 12.1177
7830 12.1246
7840 12.1246
7850 12.1161
7860 12.1149
7870 12.1303
7880 12.1476
7890 12.1563
7900 12.159
7910 12.1681
7920 12.1932
7930 12.2192
7940 12.233
7950 12.2481
7960 12.2611
7970 12.2607
7980 12.2558
7990 12.2614
8000 12.2788
8010 12.2909
8020 12.2953
8030 12.2946
8040 12.3024
8050 12.3254
8060 12.3462
8070 12.3534
8080 12.356
8090 12.3648
8100 12.3759
8110 12.3797
8120 12.3805
8130 12.3766
8140 12.3816
8150 12.3849
8160 12.3877
8170 12.3957
8180 12.4038
8190 12.4125
8200 12.4208
8210 12.4335
8220 12.4484
8230 12.4656
8240 12.48
8250 12.4934
8260 12.4939
8270 12.4837
8280 12.4949
8290 12.5221
8300 12.5319
8310 12.5308
8320 12.5475
8330 12.5783
8340 12.5978
8350 12.6067
8360 12.6236
8370 12.6483
8380 12.6656
8390 12.675
8400 12.6962
8410 12.7351
8420 12.7604
8430 12.7714
8440 12.7877
8450 12.8058
8460 12.8147
8470 12.8161
8480 12.8302
8490 12.8438
8500 12.84
8510 12.8362
8520 12.8434
8530 12.8514
8540 12.855
8550 12.8627
8560 12.872
8570 12.873
8580 12.8666
8590 12.8639
8600 12.8582
8610 12.859
8620 12.8778
8630 12.9043
8640 12.9194
8650 12.9235
8660 12.9323
8670 12.9523
8680 12.9807
8690 13.0059
8700 13.0208
8710 13.0235
8720 13.0372
8730 13.0628
8740 13.0859
8750 13.1078
8760 13.1277
8770 13.1505
8780 13.1756
8790 13.1963
8800 13.2183
8810 13.2368
8820 13.2476
8830 13.2529
8840 13.2602
8850 13.2745
8860 13.2925
8870 13.3006
8880 13.2897
8890 13.2828
8900 13.293
8910 13.307
8920 13.3026
8930 13.302
8940 13.3167
8950 13.3329
8960 13.3491
8970 13.3704
8980 13.3828
8990 13.3844
9000 13.3984
9010 13.4096
9020 13.4136
9030 13.4163
9040 13.4269
9050 13.4443
9060 13.4546
9070 13.4733
9080 13.4963
9090 13.5139
9100 13.5328
9110 13.5661
9120 13.6001
9130 13.6222
9140 13.635
9150 13.6401
9160 13.6554
9170 13.6824
9180 13.7071
9190 13.7129
9200 13.7183
9210 13.7386
9220 13.7675
9230 13.7949
9240 13.8145
9250 13.831
9260 13.8506
9270 13.8768
9280 13.9052
9290 13.9244
9300 13.9361
9310 13.9427
9320 13.9472
9330 13.9696
9340 13.9996
9350 14.0149
9360 14.0189
9370 14.0193
9380 14.0317
9390 14.0406
9400 14.0282
9410 14.0245
9420 14.0494
9430 14.0776
9440 14.0936
9450 14.1014
9460 14.1046
9470 14.1035
9480 14.1077
9490 14.1242
9500 14.1348
9510 14.1439
9520 14.1693
9530 14.1868
9540 14.1943
9550 14.2149
9560 14.2388
9570 14.251
9580 14.2481
9590 14.2466
9600 14.2618
9610 14.2751
9620 14.2576
9630 14.241
9640 14.246
9650 14.2575
9660 14.264
9670 14.2642
9680 14.2682
9690 14.279
9700 14.2888
9710 14.2902
9720 14.3001
9730 14.3259
9740 14.3435
9750 14.3538
9760 14.3749
9770 14.3863
9780 14.3886
9790 14.4004
9800 14.4271
9810 14.4453
9820 14.4529
9830 14.4679
9840 14.4766
9850 14.489
9860 14.5197
9870 14.5535
9880 14.5675
9890 14.5685
9900 14.5714
9910 14.591
9920 14.6255
9930 14.6561
9940 14.6685
9950 14.6786
9960 14.6996
9970 14.7218
9980 14.7364
9990 14.745
10000 14.7497
10010 14.7517
10020 14.7621
10030 14.7842
10040 14.8052
10050 14.8184
10060 14.836
10070 14.8604
10080 14.8695
10090 14.8632
10100 14.8625
10110 14.8788
10120 14.8995
10130 14.9078
10140 14.9062
10150 14.9114
10160 14.9321
10170 14.9551
10180 14.9705
10190 14.9781
10200 14.9833
10210 14.9846
10220 14.9794
10230 14.9929
10240 15.0219
10250 15.0418
10260 15.0535
10270 15.0631
10280 15.0794
10290 15.1034
10300 15.1288
10310 15.1369
10320 15.1268
10330 15.136
10340 15.1585
10350 15.1774
10360 15.1923
10370 15.1998
10380 15.2089
10390 15.2357
10400 15.2581
10410 15.2623
10420 15.2612
10430 15.263
10440 15.2655
10450 15.2665
10460 15.2697
10470 15.2867
10480 15.3079
10490 15.3217
10500 15.3347
10510 15.348
10520 15.3637
10530 15.3788
10540 15.394
10550 15.4073
10560 15.4155
10570 15.4261
10580 15.4355
10590 15.4381
10600 15.4317
10610 15.4277
10620 15.4329
10630 15.4451
10640 15.4548
10650 15.4454
10660 15.4349
10670 15.4396
10680 15.4515
10690 15.452
10700 15.4551
10710 15.4722
10720 15.4835
10730 15.4771
10740 15.4697
10750 15.478
10760 15.4877
10770 15.4831
10780 15.4738
10790 15.4851
10800 15.506
10810 15.5138
10820 15.5231
10830 15.5546
10840 15.5822
10850 15.5876
10860 15.5887
10870 15.6098
10880 15.6377
10890 15.6532
10900 15.6614
10910 15.673
10920 15.694
10930 15.7163
10940 15.7319
10950 15.7474
10960 15.7604
10970 15.7755
10980 15.792
10990 15.8008
11000 15.8009
11010 15.7994
11020 15.7956
11030 15.8045
11040 15.8247
11050 15.8387
11060 15.8345
11070 15.8188
11080 15.8206
11090 15.8369
11100 15.8481
11110 15.8515
11120 15.8573
11130 15.8686
11140 15.8629
11150 15.8452
11160 15.84
11170 15.8476
11180 15.8454
11190 15.8308
11200 15.8283
11210 15.8457
11220 15.8574
11230 15.8635
11240 15.8851
11250 15.9073
11260 15.9178
11270 15.9203
11280 15.9193
11290 15.9331
11300 15.9463
11310 15.9532
11320 15.9723
11330 16.0021
11340 16.0199
11350 16.0277
11360 16.0506
11370 16.0781
11380 16.0918
11390 16.1077
11400 16.1193
11410 16.1201
11420 16.1362
11430 16.1755
11440 16.2085
11450 16.2277
11460 16.2514
11470 16.2798
11480 16.2914
11490 16.3006
11500 16.3261
11510 16.3518
11520 16.3672
11530 16.381
11540 16.4036
11550 16.418
11560 16.4219
11570 16.4399
11580 16.4759
11590 16.5021
11600 16.5191
11610 16.5386
11620 16.5722
11630 16.5918
11640 16.61
11650 16.6308
11660 16.6379
11670 16.6509
11680 16.6741
11690 16.6932
11700 16.7018
11710 16.7078
11720 16.7161
11730 16.7279
11740 16.741
11750 16.7663
11760 16.795
11770 16.8164
11780 16.8326
11790 16.8401
11800 16.8492
11810 16.8642
11820 16.8806
11830 16.891
11840 16.9034
11850 16.9227
11860 16.9449
11870 16.9553
11880 16.9572
11890 16.9712
11900 17.004
11910 17.0287
11920 17.039
11930 17.0442
11940 17.0605
11950 17.0765
11960 17.0862
11970 17.1118
11980 17.1476
11990 17.1512
12000 17.1419
12010 17.1509
12020 17.1654
12030 17.164
12040 17.1566
12050 17.1646
12060 17.1801
12070 17.1913
12080 17.1985
12090 17.2104
12100 17.2319
12110 17.2574
12120 17.2674
12130 17.2719
12140 17.2818
12150 17.2908
12160 17.3063
12170 17.3297
12180 17.3568
12190 17.3839
12200 17.4067
12210 17.429
12220 17.4495
12230 17.458
12240 17.4634
12250 17.4713
12260 17.4715
12270 17.4585
12280 17.4499
12290 17.4492
12300 17.4493
12310 17.4383
12320 17.4384
12330 17.45
12340 17.4569
12350 17.4555
12360 17.4678
12370 17.4867
12380 17.4947
12390 17.4981
12400 17.5087
12410 17.523
12420 17.5342
12430 17.5347
12440 17.5446
12450 17.5577
12460 17.5628
12470 17.5625
12480 17.5669
12490 17.581
12500 17.6026
12510 17.612
12520 17.6147
12530 17.628
12540 17.6453
12550 17.6487
12560 17.6551
12570 17.6717
12580 17.6976
12590 17.7103
12600 17.7162
12610 17.7263
12620 17.7383
12630 17.7407
12640 17.7428
12650 17.7482
12660 17.7447
12670 17.732
12680 17.7245
12690 17.73
12700 17.7271
12710 17.7234
12720 17.7372
12730 17.7526
12740 17.7561
12750 17.7475
12760 17.7525
12770 17.7765
12780 17.7959
12790 17.7935
12800 17.7937
12810 17.8126
12820 17.8267
12830 17.8372
12840 17.8468
12850 17.8672
12860 17.8877
12870 17.9031
12880 17.9166
12890 17.9402
12900 17.9515
12910 17.9499
12920 17.9506
12930 17.954
12940 17.9523
12950 17.9581
12960 17.9791
12970 17.9927
12980 18.0045
12990 18.0313
13000 18.0641
13010 18.0822
13020 18.0848
13030 18.097
13040 18.1262
13050 18.1508
13060 18.1559
13070 18.157
13080 18.1803
13090 18.2122
13100 18.2336
13110 18.2515
13120 18.2645
13130 18.2696
13140 18.2723
13150 18.298
13160 18.3336
13170 18.3556
13180 18.3581
13190 18.3457
13200 18.343
13210 18.3687
13220 18.4004
13230 18.4089
13240 18.41
13250 18.4232
13260 18.4369
13270 18.4454
13280 18.4643
13290 18.4962
13300 18.5173
13310 18.5237
13320 18.5239
13330 18.5275
13340 18.5308
13350 18.5337
13360 18.5341
13370 18.5442
13380 18.5698
13390 18.5977
13400 18.6045
13410 18.5978
13420 18.5941
13430 18.6053
13440 18.6244
13450 18.6328
13460 18.6348
13470 18.6446
13480 18.6657
13490 18.6896
13500 18.7089
13510 18.7138
13520 18.7167
13530 18.7275
13540 18.7462
13550 18.782
13560 18.825
13570 18.8387
13580 18.8225
13590 18.8141
13600 18.8227
13610 18.8344
13620 18.8451
13630 18.8566
13640 18.8659
13650 18.8747
13660 18.8896
13670 18.9065
13680 18.9151
13690 18.9355
13700 18.9751
13710 19.0166
13720 19.0402
13730 19.0517
13740 19.0702
13750 19.0988
13760 19.1349
13770 19.1526
13780 19.1522
13790 19.1571
13800 19.1696
13810 19.1812
13820 19.1937
13830 19.2129
13840 19.2327
13850 19.2516
13860 19.2651
13870 19.2664
13880 19.2801
13890 19.3127
13900 19.3395
13910 19.3352
13920 19.3358
13930 19.3758
13940 19.4185
13950 19.4296
13960 19.4329
13970 19.4534
13980 19.4757
13990 19.4867
14000 19.4957
14010 19.5196
14020 19.5437
14030 19.5501
14040 19.5486
14050 19.5502
14060 19.5522
14070 19.565
14080 19.5883
14090 19.6018
14100 19.5938
14110 19.5924
14120 19.6198
14130 19.6695
14140 19.7052
14150 19.7144
14160 19.7231
14170 19.7389
14180 19.7635
14190 19.7999
14200 19.8275
14210 19.8418
14220 19.8542
14230 19.8647
14240 19.8847
14250 19.9093
14260 19.9271
14270 19.9362
14280 19.942
14290 19.9593
14300 19.9843
14310 19.9996
14320 20.0096
14330 20.0201
14340 20.0305
14350 20.0287
14360 20.0175
14370 20.0113
14380 20.0212
14390 20.0325
14400 20.0306
14410 20.0418
14420 20.0748
14430 20.0867
14440 20.0794
14450 20.0794
14460 20.0948
14470 20.1067
14480 20.1114
14490 20.1244
14500 20.1312
14510 20.1421
14520 20.1656
14530 20.1764
14540 20.165
14550 20.1684
14560 20.197
14570 20.222
14580 20.2289
14590 20.2368
14600 20.2623
14610 20.2962
14620 20.3138
14630 20.3148
14640 20.3235
14650 20.3474
14660 20.3778
14670 20.4068
14680 20.4261
14690 20.4369
14700 20.4537
14710 20.4814
14720 20.5005
14730 20.4964
14740 20.4938
14750 20.5049
14760 20.5202
14770 20.5368
14780 20.5523
14790 20.5603
14800 20.5604
14810 20.5599
14820 20.5649
14830 20.5685
14840 20.5755
14850 20.59
14860 20.6191
14870 20.644
14880 20.6531
14890 20.6695
14900 20.7115
14910 20.7381
14920 20.7445
14930 20.7684
14940 20.8051
14950 20.8328
14960 20.8542
14970 20.8823
14980 20.9131
14990 20.929
15000 20.9333
15010 20.9401
15020 20.96
15030 20.9848
15040 21.0136
15050 21.043
15060 21.0646
15070 21.0831
15080 21.1039
15090 21.1103
15100 21.1207
15110 21.1336
15120 21.147
15130 21.1675
15140 21.1865
15150 21.2087
15160 21.2378
15170 21.2573
15180 21.2555
15190 21.2543
15200 21.2757
15210 21.3098
15220 21.3383
15230 21.3512
15240 21.3619
15250 21.3776
15260 21.4025
15270 21.4152
15280 21.4129
15290 21.4098
15300 21.407
15310 21.4174
15320 21.4251
15330 21.4278
15340 21.4361
15350 21.4541
15360 21.4699
15370 21.4743
15380 21.4722
15390 21.4832
15400 21.5027
15410 21.5034
15420 21.5044
15430 21.5173
15440 21.5377
15450 21.5446
15460 21.5526
15470 21.5748
15480 21.5912
15490 21.605
15500 21.6213
15510 21.6246
15520 21.6379
15530 21.6778
15540 21.7261
15550 21.7637
15560 21.7884
15570 21.8161
15580 21.8367
15590 21.8455
15600 21.8653
15610 21.8988
15620 21.9385
15630 21.9752
15640 21.9979
15650 22.0147
15660 22.041
15670 22.0868
15680 22.1095
15690 22.1065
15700 22.1071
15710 22.1307
15720 22.1811
15730 22.2262
15740 22.2474
15750 22.2685
15760 22.2971
15770 22.328
15780 22.3534
15790 22.3631
15800 22.3666
15810 22.3792
15820 22.3974
15830 22.4232
15840 22.4509
15850 22.477
15860 22.49
15870 22.5043
15880 22.5209
15890 22.5387
15900 22.5502
15910 22.5532
15920 22.5407
15930 22.5399
15940 22.5584
15950 22.5692
15960 22.5667
15970 22.5681
15980 22.5788
15990 22.5844
16000 22.5922
16010 22.597
16020 22.588
16030 22.5925
16040 22.6224
16050 22.6529
16060 22.6641
16070 22.669
16080 22.671
16090 22.6762
16100 22.6821
16110 22.6891
16120 22.7028
16130 22.7264
16140 22.7521
16150 22.7846
16160 22.8265
16170 22.8594
16180 22.8674
16190 22.8696
16200 22.9018
16210 22.9428
16220 22.9479
16230 22.9257
16240 22.9149
16250 22.9343
16260 22.9547
16270 22.9577
16280 22.9633
16290 22.9684
16300 22.9522
16310 22.9321
16320 22.9177
16330 22.9168
16340 22.9261
16350 22.9318
16360 22.9385
16370 22.9376
16380 22.9248
16390 22.9101
16400 22.9062
16410 22.9037
16420 22.8781
16430 22.8534
16440 22.8515
16450 22.8626
16460 22.8745
16470 22.8859
16480 22.8955
16490 22.9151
16500 22.9405
16510 22.9616
16520 22.9623
16530 22.9617
16540 22.9837
16550 22.999
16560 22.9963
16570 22.987
16580 22.9944
16590 22.9982
16600 22.9932
16610 22.9961
16620 23.0083
16630 23.0179
16640 23.0201
16650 23.0202
16660 23.0184
16670 23.0359
16680 23.0599
16690 23.0747
16700 23.0859
16710 23.0997
16720 23.121
16730 23.1221
16740 23.1071
16750 23.1071
16760 23.14
16770 23.1892
16780 23.2322
16790 23.2499
16800 23.2572
16810 23.2733
16820 23.3087
16830 23.3372
16840 23.3497
16850 23.3618
16860 23.3913
16870 23.4226
16880 23.4344
16890 23.4351
16900 23.4517
16910 23.4863
16920 23.5065
16930 23.4958
16940 23.4936
16950 23.537
16960 23.5837
16970 23.6038
16980 23.6176
16990 23.6561
17000 23.7025
17010 23.7272
17020 23.7352
17030 23.7514
17040 23.7736
17050 23.7967
17060 23.8247
17070 23.8517
17080 23.8602
17090 23.856
17100 23.8677
17110 23.893
17120 23.8961
17130 23.8899
17140 23.9128
17150 23.9582
17160 23.9887
17170 23.9948
17180 23.9944
17190 24.022
17200 24.0687
17210 24.0941
17220 24.098
17230 24.1144
17240 24.1394
17250 24.1718
17260 24.1826
17270 24.1779
17280 24.1899
17290 24.227
17300 24.2586
17310 24.2596
17320 24.2725
17330 24.3166
17340 24.3424
17350 24.34
17360 24.3433
17370 24.3689
17380 24.3881
17390 24.3906
17400 24.4083
17410 24.4452
17420 24.4666
17430 24.4631
17440 24.4728
17450 24.4977
17460 24.5116
17470 24.5116
17480 24.509
17490 24.5093
17500 24.5144
17510 24.5302
17520 24.5504
17530 24.5807
17540 24.6003
17550 24.6089
17560 24.6124
17570 24.6151
17580 24.6414
17590 24.6891
17600 24.7296
17610 24.7388
17620 24.7512
17630 24.7775
17640 24.7937
17650 24.8064
17660 24.8235
17670 24.8229
17680 24.8167
17690 24.8253
17700 24.8445
17710 24.8677
17720 24.8841
17730 24.8946
17740 24.9038
17750 24.9201
17760 24.9476
17770 24.9687
17780 24.9818
17790 24.9963
17800 25.0207
17810 25.0395
17820 25.0544
17830 25.072
17840 25.0935
17850 25.1208
17860 25.1688
17870 25.2196
17880 25.2512
17890 25.269
17900 25.2914
17910 25.3084
17920 25.3127
17930 25.3222
17940 25.3416
17950 25.362
17960 25.3753
17970 25.3948
17980 25.4134
17990 25.4294
18000 25.4588
18010 25.5047
18020 25.5314
18030 25.5361
18040 25.5421
18050 25.5513
18060 25.5611
18070 25.5718
18080 25.5788
18090 25.5771
18100 25.5776
18110 25.5804
18120 25.5736
18130 25.5773
18140 25.5841
18150 25.5927
18160 25.6052
18170 25.6141
18180 25.6226
18190 25.643
18200 25.6715
18210 25.6931
18220 25.7164
18230 25.7527
18240 25.7912
18250 25.8139
18260 25.8309
18270 25.8611
18280 25.8931
18290 25.9068
18300 25.9129
18310 25.9169
18320 25.9171
18330 25.93
18340 25.9465
18350 25.9644
18360 25.9917
18370 26.0263
18380 26.0564
18390 26.077
18400 26.0987
18410 26.1359
18420 26.1704
18430 26.1859
18440 26.1861
18450 26.1917
18460 26.2137
18470 26.2474
18480 26.2779
18490 26.3046
18500 26.3253
18510 26.3313
18520 26.3444
18530 26.3694
18540 26.3788
18550 26.3785
18560 26.385
18570 26.3926
18580 26.427
18590 26.4889
18600 26.5285
18610 26.5288
18620 26.535
18630 26.5509
18640 26.5604
18650 26.5692
18660 26.5962
18670 26.6183
18680 26.615
18690 26.6117
18700 26.6215
18710 26.6313
18720 26.6277
18730 26.6254
18740 26.6325
18750 26.6494
18760 26.6629
18770 26.6618
18780 26.6555
18790 26.6699
18800 26.6895
18810 26.6975
18820 26.7036
18830 26.7117
18840 26.7187
18850 26.7225
18860 26.7456
18870 26.7703
18880 26.7848
18890 26.8118
18900 26.8391
18910 26.8633
18920 26.8808
18930 26.8916
18940 26.8963
18950 26.9178
18960 26.9642
18970 27
18980 27.0211
18990 27.0336
19000 27.0568
19010 27.0805
19020 27.0932
19030 27.1111
19040 27.1259
19050 27.1292
19060 27.1123
19070 27.0988
19080 27.1031
19090 27.113
19100 27.1005
19110 27.0849
19120 27.0887
19130 27.1058
19140 27.124
19150 27.1268
19160 27.1241
19170 27.1319
19180 27.1474
19190 27.1643
19200 27.1795
19210 27.2029
19220 27.244
19230 27.2791
19240 27.2883
19250 27.2878
19260 27.3103
19270 27.3345
19280 27.3233
19290 27.2974
19300 27.3334
19310 27.4062
19320 27.4314
19330 27.4308
19340 27.4682
19350 27.523
19360 27.553
19370 27.5707
19380 27.5937
19390 27.6205
19400 27.6409
19410 27.6723
19420 27.7022
19430 27.6996
19440 27.6956
19450 27.7197
19460 27.756
19470 27.7895
19480 27.8179
19490 27.8416
19500 27.8415
19510 27.8283
19520 27.8232
19530 27.8329
19540 27.844
19550 27.8657
19560 27.8948
19570 27.9087
19580 27.899
19590 27.8979
19600 27.9056
19610 27.9054
19620 27.9112
19630 27.9293
19640 27.9541
19650 27.9744
19660 27.9824
19670 27.9949
19680 28.0135
19690 28.0128
19700 28.0194
19710 28.0337
19720 28.0395
19730 28.0493
19740 28.0685
19750 28.0879
19760 28.0831
19770 28.0781
19780 28.0838
19790 28.0945
19800 28.0968
19810 28.099
19820 28.1071
19830 28.1058
19840 28.1065
19850 28.1287
19860 28.16
19870 28.1763
19880 28.1968
19890 28.2194
19900 28.2112
19910 28.1906
19920 28.1769
19930 28.1803
19940 28.2004
19950 28.222
19960 28.2416
19970 28.2533
19980 28.2602
19990 28.266
20000 28.266
20010 28.2703
20020 28.274
20030 28.2538
20040 28.2266
20050 28.2151
20060 28.2132
20070 28.2057
20080 28.1935
20090 28.1983
20100 28.2249
20110 28.2322
20120 28.2288
20130 28.236
20140 28.2432
20150 28.2384
20160 28.2247
20170 28.2231
20180 28.2251
20190 28.2182
20200 28.2254
20210 28.2414
20220 28.2534
20230 28.261
20240 28.2597
20250 28.2474
20260 28.2273
20270 28.2184
20280 28.224
20290 28.2416
20300 28.2623
20310 28.2695
20320 28.2699
20330 28.2772
20340 28.2993
20350 28.3149
20360 28.3402
20370 28.3789
20380 28.3877
20390 28.3873
20400 28.4249
20410 28.4692
20420 28.4842
20430 28.4947
20440 28.5267
20450 28.5555
20460 28.5686
20470 28.5825
20480 28.6123
20490 28.6415
20500 28.6431
20510 28.6362
20520 28.6504
20530 28.6839
20540 28.7293
20550 28.7492
20560 28.751
20570 28.766
20580 28.7853
20590 28.8183
20600 28.8458
20610 28.847
20620 28.8389
20630 28.8389
20640 28.8418
20650 28.8621
20660 28.8936
20670 28.9177
20680 28.9166
20690 28.9198
20700 28.9398
20710 28.9595
20720 28.9745
20730 29.0115
20740 29.0428
20750 29.0433
20760 29.0395
20770 29.0469
20780 29.0442
20790 29.0123
20800 28.9943
20810 29.0144
20820 29.0359
20830 29.0428
20840 29.0667
20850 29.1072
20860 29.1356
20870 29.1478
20880 29.1601
20890 29.1861
20900 29.2368
20910 29.2856
20920 29.3024
20930 29.3207
20940 29.3594
20950 29.3934
20960 29.4112
20970 29.4348
20980 29.4702
20990 29.4984
21000 29.5046
21010 29.5158
21020 29.5503
21030 29.5943
21040 29.6226
21050 29.6346
21060 29.6747
21070 29.7362
21080 29.7792
21090 29.8036
21100 29.8267
21110 29.8575
21120 29.9033
21130 29.9338
21140 29.9213
21150 29.8976
21160 29.9155
21170 29.9706
21180 30.0244
21190 30.0561
21200 30.0691
21210 30.0794
21220 30.1014
21230 30.1234
21240 30.1374
21250 30.1524
21260 30.1691
21270 30.1862
21280 30.196
21290 30.2021
21300 30.2237
21310 30.2566
21320 30.2817
21330 30.2987
21340 30.3069
21350 30.3152
21360 30.3387
21370 30.3611
21380 30.3686
21390 30.3846
21400 30.4066
21410 30.4376
21420 30.4633
21430 30.4881
21440 30.5079
21450 30.5247
21460 30.547
21470 30.5713
21480 30.5891
21490 30.6101
21500 30.6356
21510 30.6529
21520 30.659
21530 30.6568
21540 30.6674
21550 30.669
21560 30.678
21570 30.7101
21580 30.7511
21590 30.7741
21600 30.768
21610 30.7767
21620 30.7871
21630 30.7824
21640 30.7808
21650 30.7849
21660 30.8
21670 30.8048
21680 30.8138
21690 30.8448
21700 30.8709
21710 30.8817
21720 30.8924
21730 30.9194
21740 30.9294
21750 30.9365
21760 30.9713
21770 31.0123
21780 31.0236
21790 31.015
21800 31.0167
21810 31.0389
21820 31.0658
21830 31.081
21840 31.0891
21850 31.0983
21860 31.1129
21870 31.1199
21880 31.1293
21890 31.1439
21900 31.1534
21910 31.1529
21920 31.1535
21930 31.1751
21940 31.2152
21950 31.248
21960 31.2557
21970 31.2437
21980 31.2508
21990 31.2788
22000 31.2841
22010 31.2823
22020 31.3015
22030 31.3106
22040 31.2926
22050 31.2877
22060 31.3151
22070 31.3571
22080 31.4069
22090 31.4541
22100 31.4938
22110 31.5194
22120 31.5325
22130 31.5481
22140 31.5638
22150 31.5715
22160 31.5732
22170 31.569
22180 31.5687
22190 31.5902
22200 31.6191
22210 31.6511
22220 31.6695
22230 31.6725
22240 31.6895
22250 31.7005
22260 31.696
22270 31.7081
22280 31.7461
22290 31.7797
22300 31.7959
22310 31.7985
22320 31.811
22330 31.8418
22340 31.8802
22350 31.921
22360 31.9473
22370 31.954
22380 31.9488
22390 31.9627
22400 31.99
22410 32.0085
22420 32.0057
22430 32.0009
22440 32.0048
22450 32.0094
22460 32.0093
22470 31.9976
22480 31.9868
22490 31.9963
22500 32.0131
22510 32.0044
22520 31.9828
22530 31.9706
22540 31.9634
22550 31.9655
22560 31.9746
22570 31.9879
22580 32.0096
22590 32.0229
22600 32.0333
22610 32.0606
22620 32.0914
22630 32.0893
22640 32.086
22650 32.1122
22660 32.1322
22670 32.1263
22680 32.1345
22690 32.1799
22700 32.219
22710 32.2175
22720 32.2126
22730 32.2325
22740 32.2576
22750 32.2773
22760 32.2967
22770 32.3163
22780 32.3364
22790 32.3438
22800 32.3632
22810 32.3886
22820 32.4015
22830 32.4135
22840 32.4416
22850 32.4728
22860 32.4913
22870 32.4985
22880 32.5036
22890 32.5095
22900 32.5368
22910 32.6003
22920 32.6577
22930 32.6819
22940 32.6812
22950 32.676
22960 32.6821
22970 32.6758
22980 32.669
22990 32.6832
23000 32.696
23010 32.6856
23020 32.6685
23030 32.6676
23040 32.6984
23050 32.7449
23060 32.7882
23070 32.8108
23080 32.8105
23090 32.8102
23100 32.8226
23110 32.8458
23120 32.8724
23130 32.8941
23140 32.9058
23150 32.9097
23160 32.9079
23170 32.9081
23180 32.9319
23190 32.9598
23200 32.9766
23210 32.994
23220 33.0138
23230 33.0296
23240 33.0462
23250 33.0694
23260 33.0886
23270 33.1103
23280 33.1261
23290 33.1264
23300 33.1327
23310 33.152
23320 33.155
23330 33.1391
23340 33.1446
23350 33.1832
23360 33.2032
23370 33.1955
23380 33.2017
23390 33.247
23400 33.2971
23410 33.3321
23420 33.3558
23430 33.3732
23440 33.3855
23450 33.4096
23460 33.4288
23470 33.4398
23480 33.44
23490 33.4329
23500 33.4344
23510 33.4474
23520 33.4673
23530 33.4844
23540 33.479
23550 33.4492
23560 33.4377
23570 33.4498
23580 33.4507
23590 33.4228
23600 33.3832
23610 33.3911
23620 33.4298
23630 33.4637
23640 33.484
23650 33.4974
23660 33.51
23670 33.5305
23680 33.5618
23690 33.6103
23700 33.656
23710 33.6791
23720 33.6834
23730 33.6875
23740 33.7216
23750 33.7643
23760 33.7897
23770 33.8052
23780 33.827
23790 33.856
23800 33.8793
23810 33.9047
23820 33.915
23830 33.904
23840 33.8857
23850 33.8735
23860 33.8734
23870 33.8639
23880 33.8449
23890 33.836
23900 33.8467
23910 33.8707
23920 33.8851
23930 33.8767
23940 33.8744
23950 33.8873
23960 33.9006
23970 33.8969
23980 33.893
23990 33.8976
24000 33.8939
24010 33.892
24020 33.8943
24030 33.9021
24040 33.9211
24050 33.9453
24060 33.9612
24070 33.9624
24080 33.9589
24090 33.9644
24100 33.9874
24110 34.0025
24120 34.0099
24130 34.0396
24140 34.0761
24150 34.0876
24160 34.0928
24170 34.0927
24180 34.1023
24190 34.1453
24200 34.1902
24210 34.2091
24220 34.2098
24230 34.2172
24240 34.2477
24250 34.2811
24260 34.2923
24270 34.2785
24280 34.2624
24290 34.2736
24300 34.2991
24310 34.3077
24320 34.2952
24330 34.2742
24340 34.2637
24350 34.2655
24360 34.2499
24370 34.229
24380 34.2208
24390 34.2242
24400 34.2245
24410 34.219
24420 34.2106
24430 34.2188
24440 34.2386
24450 34.2505
24460 34.2637
24470 34.2873
24480 34.2982
24490 34.2892
24500 34.2841
24510 34.3196
24520 34.3699
24530 34.4007
24540 34.4243
24550 34.4652
24560 34.5148
24570 34.5483
24580 34.5654
24590 34.5948
24600 34.6317
24610 34.6578
24620 34.6808
24630 34.7074
24640 34.7353
24650 34.7754
24660 34.8147
24670 34.8506
24680 34.8864
24690 34.9136
24700 34.9221
24710 34.9182
24720 34.9167
24730 34.9146
24740 34.9241
24750 34.952
24760 34.9768
24770 34.9847
24780 34.997
24790 35.0358
24800 35.076
24810 35.1092
24820 35.128
24830 35.1481
24840 35.1827
24850 35.2172
24860 35.2404
24870 35.258
24880 35.2573
24890 35.2447
24900 35.2433
24910 35.2492
24920 35.2491
24930 35.2259
24940 35.2028
24950 35.1815
24960 35.1719
24970 35.1912
24980 35.2351
24990 35.2509
25000 35.2373
25010 35.2259
25020 35.2157
25030 35.2088
25040 35.1991
25050 35.1992
25060 35.1907
25070 35.1871
25080 35.2138
25090 35.2418
25100 35.267
25110 35.3008
25120 35.3302
25130 35.3525
25140 35.3768
25150 35.4022
25160 35.421
25170 35.4472
25180 35.4832
25190 35.5083
25200 35.5272
25210 35.5578
25220 35.6006
25230 35.6363
25240 35.6623
25250 35.7087
25260 35.7648
25270 35.7955
25280 35.8088
25290 35.8273
25300 35.8446
25310 35.8355
25320 35.8543
25330 35.9163
25340 35.9567
25350 35.9384
25360 35.9076
25370 35.9179
25380 35.9299
25390 35.9155
25400 35.9085
25410 35.9413
25420 35.9957
25430 36.037
25440 36.0733
25450 36.109
25460 36.1248
25470 36.1331
25480 36.1629
25490 36.199
25500 36.2172
25510 36.2447
25520 36.2983
25530 36.3178
25540 36.3026
25550 36.2985
25560 36.328
25570 36.3549
25580 36.3538
25590 36.367
25600 36.4027
25610 36.417
25620 36.4232
25630 36.4489
25640 36.4909
25650 36.5264
25660 36.543
25670 36.5401
25680 36.5324
25690 36.5214
25700 36.5114
25710 36.5009
25720 36.4883
25730 36.5011
25740 36.5171
25750 36.5276
25760 36.5175
25770 36.4887
25780 36.4506
25790 36.442
25800 36.4602
25810 36.4536
25820 36.4227
25830 36.4233
25840 36.4504
25850 36.4551
25860 36.451
25870 36.4754
25880 36.5026
25890 36.4968
25900 36.501
25910 36.5314
25920 36.539
25930 36.5365
25940 36.5589
25950 36.5835
25960 36.5939
25970 36.6008
25980 36.5978
25990 36.5789
26000 36.5828
26010 36.599
26020 36.5991
26030 36.5928
26040 36.594
26050 36.6145
26060 36.6414
26070 36.6549
26080 36.636
26090 36.6135
26100 36.6396
26110 36.679
26120 36.6876
26130 36.6747
26140 36.6695
26150 36.6929
26160 36.7237
26170 36.7294
26180 36.7369
26190 36.7473
26200 36.7472
26210 36.7519
26220 36.7663
26230 36.7698
26240 36.7779
26250 36.8065
26260 36.8403
26270 36.8533
26280 36.853
26290 36.875
26300 36.9061
26310 36.9001
26320 36.8692
26330 36.8502
26340 36.8615
26350 36.8857
26360 36.9018
26370 36.9033
26380 36.9056
26390 36.9247
26400 36.9647
26410 36.9963
26420 36.9928
26430 36.9797
26440 37.006
26450 37.0544
26460 37.0708
26470 37.0725
26480 37.1005
26490 37.1292
26500 37.1214
26510 37.1279
26520 37.1616
26530 37.1846
26540 37.1733
26550 37.1667
26560 37.1945
26570 37.2266
26580 37.2416
26590 37.2688
26600 37.3169
26610 37.355
26620 37.3628
26630 37.3675
26640 37.3907
26650 37.4183
26660 37.4326
26670 37.448
26680 37.4736
26690 37.4956
26700 37.5013
26710 37.5201
26720 37.5604
26730 37.5936
26740 37.61
26750 37.6184
26760 37.6242
26770 37.6285
26780 37.6257
26790 37.6207
26800 37.6192
26810 37.6422
26820 37.6892
26830 37.7302
26840 37.7604
26850 37.7803
26860 37.7966
26870 37.8206
26880 37.8497
26890 37.8658
26900 37.8667
26910 37.8621
26920 37.8629
26930 37.8819
26940 37.9155
26950 37.9467
26960 37.9603
26970 37.9606
26980 37.9647
26990 37.9786
27000 37.9931
27010 38.0049
27020 38.0116
27030 38.0173
27040 38.0334
27050 38.0605
27060 38.0829
27070 38.1052
27080 38.1431
27090 38.1618
27100 38.1541
27110 38.1615
27120 38.2023
27130 38.2397
27140 38.2644
27150 38.3025
27160 38.3323
27170 38.3585
27180 38.3993
27190 38.4731
27200 38.5315
27210 38.5534
27220 38.5975
27230 38.6481
27240 38.6649
27250 38.6644
27260 38.68
27270 38.706
27280 38.7256
27290 38.7372
27300 38.7635
27310 38.7969
27320 38.8161
27330 38.8182
27340 38.8154
27350 38.8139
27360 38.8376
27370 38.881
27380 38.9068
27390 38.9085
27400 38.9024
27410 38.8953
27420 38.891
27430 38.914
27440 38.9403
27450 38.9338
27460 38.9253
27470 38.9133
27480 38.9064
27490 38.9214
27500 38.9373
27510 38.9398
27520 38.9346
27530 38.9462
27540 38.9711
27550 38.9973
27560 39.0129
27570 39.0123
27580 39.0139
27590 39.0304
27600 39.0548
27610 39.071
27620 39.0822
27630 39.0875
27640 39.1059
27650 39.1311
27660 39.1428
27670 39.1554
27680 39.2005
27690 39.2259
27700 39.2125
27710 39.215
27720 39.2466
27730 39.2788
27740 39.301
27750 39.2976
27760 39.28
27770 39.2897
27780 39.3263
27790 39.342
27800 39.3387
27810 39.3437
27820 39.3525
27830 39.3637
27840 39.3784
27850 39.3977
27860 39.4081
27870 39.4072
27880 39.3995
27890 39.4078
27900 39.4379
27910 39.4756
27920 39.5179
27930 39.5614
27940 39.5847
27950 39.5791
27960 39.596
27970 39.6487
27980 39.6708
27990 39.6457
28000 39.6122
28010 39.6256
28020 39.661
28030 39.669
28040 39.6629
28050 39.6715
28060 39.6906
28070 39.706
28080 39.7121
28090 39.705
28100 39.7027
28110 39.7251
28120 39.7579
28130 39.7704
28140 39.7843
28150 39.8057
28160 39.838
28170 39.8778
28180 39.9337
28190 39.9801
28200 40.0005
28210 40.0217
28220 40.058
28230 40.1016
28240 40.1306
28250 40.1251
28260 40.1014
28270 40.0874
28280 40.1211
28290 40.1746
28300 40.1927
28310 40.1938
28320 40.1896
28330 40.2125
28340 40.228
28350 40.2091
28360 40.2003
28370 40.2437
28380 40.3024
28390 40.3099
28400 40.2622
28410 40.2225
28420 40.2257
28430 40.2426
28440 40.2571
28450 40.2908
28460 40.3151
28470 40.2939
28480 40.2848
28490 40.3234
28500 40.3507
28510 40.3358
28520 40.3157
28530 40.3452
28540 40.3877
28550 40.4011
28560 40.4116
28570 40.4378
28580 40.4744
28590 40.5161
28600 40.5642
28610 40.6002
28620 40.6243
28630 40.6754
28640 40.7407
28650 40.7778
28660 40.8058
28670 40.8317
28680 40.8405
28690 40.8559
28700 40.8956
28710 40.9322
28720 40.9602
28730 40.9949
28740 41.0142
28750 41.016
28760 41.0121
28770 41.0247
28780 41.0413
28790 41.0429
28800 41.0602
28810 41.0956
28820 41.1271
28830 41.1528
28840 41.1833
28850 41.2055
28860 41.2209
28870 41.2509
28880 41.2918
28890 41.3169
28900 41.3347
28910 41.3638
28920 41.3942
28930 41.4081
28940 41.4266
28950 41.4516
28960 41.4543
28970 41.4551
28980 41.4514
28990 41.421
29000 41.3781
29010 41.3409
29020 41.3237
29030 41.3299
29040 41.3328
29050 41.3229
29060 41.324
29070 41.3501
29080 41.3977
29090 41.4389
29100 41.4411
29110 41.4092
29120 41.3837
29130 41.4007
29140 41.4206
29150 41.4105
29160 41.4
29170 41.4117
29180 41.4327
29190 41.4496
29200 41.4669
29210 41.49
29220 41.5326
29230 41.5823
29240 41.6243
29250 41.6371
29260 41.6412
29270 41.6711
29280 41.7082
29290 41.714
29300 41.7187
29310 41.7366
29320 41.7305
29330 41.705
29340 41.7075
29350 41.7199
29360 41.7166
29370 41.7019
29380 41.7008
29390 41.7102
29400 41.7097
29410 41.7059
29420 41.7211
29430 41.7408
29440 41.7451
29450 41.757
29460 41.7713
29470 41.8026
29480 41.8536
29490 41.8839
29500 41.8687
29510 41.8515
29520 41.8504
29530 41.8547
29540 41.8723
29550 41.8975
29560 41.9203
29570 41.9239
29580 41.9271
29590 41.9462
29600 41.9707
29610 41.9872
29620 41.9937
29630 42.0134
29640 42.0552
29650 42.0899
29660 42.1157
29670 42.1424
29680 42.1724
29690 42.1795
29700 42.165
29710 42.1755
29720 42.2105
29730 42.2549
29740 42.2765
29750 42.2707
29760 42.2887
29770 42.3302
29780 42.3602
29790 42.3795
29800 42.4086
29810 42.4188
29820 42.4325
29830 42.4755
29840 42.5191
29850 42.5218
29860 42.4941
29870 42.4827
29880 42.5018
29890 42.5044
29900 42.483
29910 42.4621
29920 42.4433
29930 42.4018
29940 42.3714
29950 42.3741
29960 42.3851
29970 42.373
29980 42.3524
29990 42.3778
30000 42.4034
30010 42.3912
30020 42.3747
30030 42.3741
30040 42.3513
30050 42.3025
30060 42.2658
30070 42.2862
30080 42.3091
30090 42.2945
30100 42.2522
30110 42.2266
30120 42.2235
30130 42.2251
30140 42.2222
30150 42.1956
30160 42.1726
30170 42.1826
30180 42.2253
30190 42.2554
30200 42.2777
30210 42.3003
30220 42.3339
30230 42.3641
30240 42.3839
30250 42.4159
30260 42.4454
30270 42.4636
30280 42.4633
30290 42.4887
30300 42.5363
30310 42.558
30320 42.5659
30330 42.5906
30340 42.612
30350 42.608
30360 42.6139
30370 42.6428
30380 42.6584
30390 42.6625
30400 42.689
30410 42.7191
30420 42.7242
30430 42.7097
30440 42.7085
30450 42.7366
30460 42.7726
30470 42.7792
30480 42.7494
30490 42.737
30500 42.7575
30510 42.7688
30520 42.7692
30530 42.7761
30540 42.7931
30550 42.7956
30560 42.787
30570 42.7961
30580 42.8105
30590 42.796
30600 42.769
30610 42.7822
30620 42.8091
30630 42.8174
30640 42.8105
30650 42.8193
30660 42.8417
30670 42.8512
30680 42.8521
30690 42.8649
30700 42.887
30710 42.9147
30720 42.9458
30730 42.957
30740 42.9587
30750 42.9747
30760 42.9857
30770 42.9826
30780 42.9789
30790 42.9921
30800 43.0167
30810 43.0278
30820 43.0195
30830 43.0216
30840 43.0178
30850 43.0212
30860 43.0485
30870 43.073
30880 43.0838
30890 43.0908
30900 43.1279
30910 43.1811
30920 43.2151
30930 43.2186
30940 43.2265
30950 43.2372
30960 43.2397
30970 43.2463
30980 43.2701
30990 43.3254
31000 43.3648
31010 43.3457
31020 43.3297
31030 43.3754
31040 43.4476
31050 43.4732
31060 43.4658
31070 43.4704
31080 43.4839
31090 43.4784
31100 43.4687
31110 43.4923
31120 43.5384
31130 43.566
31140 43.5637
31150 43.5567
31160 43.5503
31170 43.5452
31180 43.5419
31190 43.5337
31200 43.5054
31210 43.489
31220 43.522
31230 43.5522
31240 43.5399
31250 43.5047
31260 43.4999
31270 43.5218
31280 43.5358
31290 43.5286
31300 43.5311
31310 43.5782
31320 43.607
31330 43.5868
31340 43.5656
31350 43.5788
31360 43.6077
31370 43.6231
31380 43.6451
31390 43.6661
31400 43.6751
31410 43.6742
31420 43.6959
31430 43.7314
31440 43.7408
31450 43.7233
31460 43.7184
31470 43.7504
31480 43.7888
31490 43.8017
31500 43.8124
31510 43.8452
31520 43.8757
31530 43.8873
31540 43.9006
31550 43.9241
31560 43.9472
31570 43.9606
31580 43.9759
31590 44.01
31600 44.0522
31610 44.0941
31620 44.1279
31630 44.1399
31640 44.1682
31650 44.2133
31660 44.2598
31670 44.2963
31680 44.3094
31690 44.3239
31700 44.3412
31710 44.3669
31720 44.4171
31730 44.475
31740 44.513
31750 44.5403
31760 44.5798
31770 44.6289
31780 44.6684
31790 44.7046
31800 44.7348
31810 44.7507
31820 44.7673
31830 44.8059
31840 44.8575
31850 44.8819
31860 44.8972
31870 44.9279
31880 44.9469
31890 44.9516
31900 44.957
31910 44.9406
31920 44.9083
31930 44.8971
31940 44.9183
31950 44.9321
31960 44.9369
31970 44.9438
31980 44.9454
31990 44.937
32000 44.9484
32010 44.9842
32020 45.0201
32030 45.0316
32040 45.0271
32050 45.0408
32060 45.0577
32070 45.066
32080 45.064
32090 45.0827
32100 45.1346
32110 45.1788
32120 45.1703
32130 45.1535
32140 45.1841
32150 45.2586
32160 45.2989
32170 45.3029
32180 45.3072
32190 45.3185
32200 45.3269
32210 45.3134
32220 45.3085
32230 45.3129
32240 45.3288
32250 45.3679
32260 45.4041
32270 45.4307
32280 45.4556
32290 45.501
32300 45.5293
32310 45.5253
32320 45.5047
32330 45.4849
32340 45.456
32350 45.4245
32360 45.399
32370 45.3729
32380 45.3618
32390 45.3753
32400 45.3984
32410 45.4342
32420 45.4645
32430 45.4779
32440 45.4882
32450 45.5013
32460 45.5102
32470 45.5047
32480 45.5127
32490 45.5481
32500 45.5796
32510 45.5947
32520 45.6078
32530 45.6229
32540 45.6461
32550 45.6829
32560 45.7098
32570 45.7183
32580 45.7379
32590 45.7664
32600 45.7642
32610 45.737
32620 45.7313
32630 45.7638
32640 45.805
32650 45.8291
32660 45.8403
32670 45.8386
32680 45.8196
32690 45.8142
32700 45.8367
32710 45.8602
32720 45.8658
32730 45.8733
32740 45.9082
32750 45.9473
32760 45.9631
32770 45.9676
32780 45.9862
32790 46.0032
32800 46.017
32810 46.0425
32820 46.0759
32830 46.0958
32840 46.1011
32850 46.0975
32860 46.1197
32870 46.1648
32880 46.1731
32890 46.1558
32900 46.1561
32910 46.1913
32920 46.2228
32930 46.2418
32940 46.2742
32950 46.3142
32960 46.3428
32970 46.3613
32980 46.3755
32990 46.3813
33000 46.3857
33010 46.3923
33020 46.4093
33030 46.4478
33040 46.5008
33050 46.5268
33060 46.5328
33070 46.5209
33080 46.5124
33090 46.5302
33100 46.5603
33110 46.5469
33120 46.4904
33130 46.465
33140 46.478
33150 46.4777
33160 46.4386
33170 46.4162
33180 46.4541
33190 46.4957
33200 46.5155
33210 46.5332
33220 46.5637
33230 46.5938
33240 46.6047
33250 46.5933
33260 46.5775
33270 46.5756
33280 46.595
33290 46.5988
33300 46.5861
33310 46.5861
33320 46.5947
33330 46.5986
33340 46.6022
33350 46.6181
33360 46.6337
33370 46.6286
33380 46.6295
33390 46.6436
33400 46.6638
33410 46.6742
33420 46.6916
33430 46.7077
33440 46.7242
33450 46.7276
33460 46.7253
33470 46.7328
33480 46.7591
33490 46.7903
33500 46.7911
33510 46.796
33520 46.8273
33530 46.8487
33540 46.8477
33550 46.8426
33560 46.8838
33570 46.9456
33580 46.9697
33590 46.9735
33600 47.0187
33610 47.0965
33620 47.1422
33630 47.1624
33640 47.2036
33650 47.2596
33660 47.3081
33670 47.3279
33680 47.3373
33690 47.3692
33700 47.3937
33710 47.394
33720 47.3873
33730 47.3783
33740 47.3514
33750 47.3101
33760 47.2835
33770 47.279
33780 47.274
33790 47.2761
33800 47.2926
33810 47.3016
33820 47.3037
33830 47.3137
33840 47.3508
33850 47.389
33860 47.4097
33870 47.4331
33880 47.4542
33890 47.4763
33900 47.4871
33910 47.4889
33920 47.4752
33930 47.4535
33940 47.4355
33950 47.4184
33960 47.4117
33970 47.4184
33980 47.4413
33990 47.4626
34000 47.4784
34010 47.4853
34020 47.481
34030 47.4705
34040 47.4751
34050 47.486
34060 47.508
34070 47.5179
34080 47.4978
34090 47.4712
34100 47.4691
34110 47.4864
34120 47.4993
34130 47.506
34140 47.504
34150 47.494
34160 47.4755
34170 47.472
34180 47.4784
34190 47.4867
34200 47.4998
34210 47.502
34220 47.5122
34230 47.5141
34240 47.4886
34250 47.4496
34260 47.4353
34270 47.4742
34280 47.5381
34290 47.5824
34300 47.6103
34310 47.6202
34320 47.6191
34330 47.6075
34340 47.5964
34350 47.6073
34360 47.6427
34370 47.6749
34380 47.6893
34390 47.7133
34400 47.7455
34410 47.7601
34420 47.7654
34430 47.7756
34440 47.7581
34450 47.7242
34460 47.7282
34470 47.7622
34480 47.786
34490 47.795
34500 47.804
34510 47.8064
34520 47.7922
34530 47.7983
34540 47.8001
34550 47.7795
34560 47.7719
34570 47.799
34580 47.8192
34590 47.813
34600 47.8244
34610 47.8632
34620 47.905
34630 47.9256
34640 47.9202
34650 47.9259
34660 47.957
34670 47.974
34680 47.9489
34690 47.9203
34700 47.9361
34710 47.9796
34720 47.9961
34730 47.9815
34740 47.9679
34750 47.968
34760 47.9781
34770 47.9849
34780 47.976
34790 47.9496
34800 47.9353
34810 47.9331
34820 47.9438
34830 47.9548
34840 47.9723
34850 48.003
34860 48.0155
34870 47.9996
34880 47.9942
34890 48.0122
34900 48.0226
34910 48.0206
34920 48.0389
34930 48.0648
34940 48.0885
34950 48.1229
34960 48.1555
34970 48.1827
34980 48.2281
34990 48.2956
35000 48.3425
35010 48.3345
35020 48.3081
35030 48.316
35040 48.345
35050 48.3419
35060 48.3179
35070 48.3128
35080 48.3181
35090 48.3153
35100 48.3419
35110 48.383
35120 48.3887
35130 48.3519
35140 48.327
35150 48.3377
35160 48.3534
35170 48.3661
35180 48.3596
35190 48.35
35200 48.3524
35210 48.3578
35220 48.3492
35230 48.3443
35240 48.367
35250 48.4084
35260 48.4316
35270 48.4241
35280 48.3971
35290 48.3887
35300 48.4188
35310 48.4625
35320 48.4792
35330 48.4857
35340 48.5117
35350 48.5428
35360 48.5552
35370 48.539
35380 48.5152
35390 48.5054
35400 48.5061
35410 48.5076
35420 48.5103
35430 48.5224
35440 48.5325
35450 48.5222
35460 48.5252
35470 48.53
35480 48.5085
35490 48.4786
35500 48.4504
35510 48.4329
35520 48.4117
35530 48.3824
35540 48.3636
35550 48.3644
35560 48.3693
35570 48.394
35580 48.4222
35590 48.439
35600 48.4498
35610 48.4532
35620 48.4554
35630 48.4704
35640 48.4931
35650 48.519
35660 48.5394
35670 48.5544
35680 48.5907
35690 48.6478
35700 48.6982
35710 48.7391
35720 48.7667
35730 48.7913
35740 48.82
35750 48.8492
35760 48.8799
35770 48.9382
35780 48.9908
35790 49.0064
35800 49.0181
35810 49.064
35820 49.1014
35830 49.1156
35840 49.1128
35850 49.0894
35860 49.0772
35870 49.0937
35880 49.113
35890 49.0918
35900 49.0598
35910 49.0853
35920 49.1461
35930 49.1607
35940 49.1397
35950 49.1393
35960 49.1674
35970 49.2061
35980 49.2314
35990 49.2293
36000 49.2272
36010 49.2584
36020 49.3036
36030 49.3058
36040 49.279
36050 49.277
36060 49.3119
36070 49.3433
36080 49.3556
36090 49.3724
36100 49.3797
36110 49.3657
36120 49.3645
36130 49.39
36140 49.44
36150 49.4817
36160 49.5033
36170 49.5116
36180 49.5355
36190 49.5729
36200 49.5909
36210 49.5969
36220 49.5972
36230 49.6018
36240 49.6051
36250 49.5895
36260 49.5898
36270 49.6288
36280 49.6786
36290 49.6984
36300 49.6841
36310 49.6867
36320 49.687
36330 49.6833
36340 49.6976
36350 49.7368
36360 49.7542
36370 49.7397
36380 49.7363
36390 49.7542
36400 49.7588
36410 49.7554
36420 49.7689
36430 49.7722
36440 49.7803
36450 49.8036
36460 49.8332
36470 49.8679
36480 49.8828
36490 49.8895
36500 49.9225
36510 49.9844
36520 50.0307
36530 50.0455
36540 50.058
36550 50.084
36560 50.1076
36570 50.118
36580 50.1117
36590 50.1002
36600 50.0902
36610 50.0834
36620 50.0781
36630 50.0961
36640 50.1012
36650 50.096
36660 50.1176
36670 50.1596
36680 50.2077
36690 50.241
36700 50.2587
36710 50.2564
36720 50.268
36730 50.3161
36740 50.3651
36750 50.396
36760 50.4094
36770 50.4197
36780 50.4548
36790 50.4908
36800 50.4971
36810 50.5046
36820 50.5156
36830 50.5232
36840 50.5383
36850 50.5352
36860 50.503
36870 50.4632
36880 50.4599
36890 50.4942
36900 50.4943
36910 50.4639
36920 50.4559
36930 50.4709
36940 50.474
36950 50.4881
36960 50.5292
36970 50.5531
36980 50.5394
36990 50.5198
37000 50.5202
37010 50.5214
37020 50.4969
37030 50.4664
37040 50.4619
37050 50.4966
37060 50.5425
37070 50.5636
37080 50.5605
37090 50.563
37100 50.5963
37110 50.6368
37120 50.6529
37130 50.6731
37140 50.7078
37150 50.7231
37160 50.724
37170 50.7478
37180 50.7737
37190 50.7983
37200 50.8104
37210 50.8269
37220 50.8636
37230 50.9132
37240 50.9532
37250 50.9661
37260 50.9818
37270 50.9962
37280 50.9975
37290 51.0024
37300 51.0241
37310 51.0557
37320 51.0761
37330 51.09
37340 51.1222
37350 51.1594
37360 51.1814
37370 51.2175
37380 51.2729
37390 51.3187
37400 51.3258
37410 51.3067
37420 51.3038
37430 51.3244
37440 51.3559
37450 51.3735
37460 51.3871
37470 51.4066
37480 51.4371
37490 51.4646
37500 51.479
37510 51.4707
37520 51.4831
37530 51.5048
37540 51.5195
37550 51.5375
37560 51.5604
37570 51.5759
37580 51.5923
37590 51.6238
37600 51.675
37610 51.7189
37620 51.7444
37630 51.7536
37640 51.7677
37650 51.8166
37660 51.8758
37670 51.9269
37680 51.9573
37690 51.9688
37700 51.9924
37710 52.038
37720 52.0739
37730 52.0999
37740 52.1272
37750 52.136
37760 52.1294
37770 52.1407
37780 52.1486
37790 52.1186
37800 52.0983
37810 52.1401
37820 52.1983
37830 52.2174
37840 52.2212
37850 52.2287
37860 52.2442
37870 52.2501
37880 52.2575
37890 52.2738
37900 52.2977
37910 52.3252
37920 52.357
37930 52.3849
37940 52.4064
37950 52.4455
37960 52.4722
37970 52.4772
37980 52.4927
37990 52.5131
38000 52.5164
38010 52.4871
38020 52.4464
38030 52.4502
38040 52.4986
38050 52.5266
38060 52.5091
38070 52.4934
38080 52.4977
38090 52.4997
38100 52.5087
38110 52.5303
38120 52.5472
38130 52.5505
38140 52.5824
38150 52.6247
38160 52.6387
38170 52.6274
38180 52.612
38190 52.6244
38200 52.6599
38210 52.683
38220 52.698
38230 52.7275
38240 52.7701
38250 52.7936
38260 52.786
38270 52.7798
38280 52.8025
38290 52.841
38300 52.8494
38310 52.8312
38320 52.8483
38330 52.8995
38340 52.9336
38350 52.9418
38360 52.951
38370 52.9509
38380 52.9435
38390 52.9533
38400 52.9916
38410 53.0156
38420 53.012
38430 53.0219
38440 53.0516
38450 53.0673
38460 53.0922
38470 53.1512
38480 53.2007
38490 53.2243
38500 53.2573
38510 53.306
38520 53.3457
38530 53.3793
38540 53.3958
38550 53.378
38560 53.3596
38570 53.3769
38580 53.4076
38590 53.4324
38600 53.4731
38610 53.5011
38620 53.5292
38630 53.5747
38640 53.6285
38650 53.6686
38660 53.7019
38670 53.7191
38680 53.7467
38690 53.7869
38700 53.8086
38710 53.8194
38720 53.8305
38730 53.8329
38740 53.815
38750 53.8016
38760 53.8007
38770 53.7858
38780 53.7544
38790 53.7344
38800 53.731
38810 53.7283
38820 53.7243
38830 53.7422
38840 53.7708
38850 53.7983
38860 53.8118
38870 53.8505
38880 53.8855
38890 53.8963
38900 53.9013
38910 53.9299
38920 53.9676
38930 53.9702
38940 53.9721
38950 54.0076
38960 54.017
38970 53.9828
38980 53.9784
38990 54.0004
39000 54.004
39010 54.009
39020 54.0347
39030 54.05
39040 54.0431
39050 54.053
39060 54.0833
39070 54.1104
39080 54.1192
39090 54.1162
39100 54.1105
39110 54.128
39120 54.1603
39130 54.1658
39140 54.1294
39150 54.1223
39160 54.1288
39170 54.1199
39180 54.1227
39190 54.1395
39200 54.1352
39210 54.1073
39220 54.0983
39230 54.1203
39240 54.1571
39250 54.1791
39260 54.1751
39270 54.1451
39280 54.119
39290 54.0956
39300 54.0864
39310 54.0857
39320 54.0872
39330 54.098
39340 54.109
39350 54.0959
39360 54.071
39370 54.0675
39380 54.0716
39390 54.0688
39400 54.0755
39410 54.0928
39420 54.0992
39430 54.1207
39440 54.1565
39450 54.176
39460 54.1887
39470 54.2154
39480 54.2209
39490 54.1797
39500 54.142
39510 54.1476
39520 54.1759
39530 54.1942
39540 54.2185
39550 54.2467
39560 54.2819
39570 54.3202
39580 54.344
39590 54.3451
39600 54.3407
39610 54.3548
39620 54.3753
39630 54.4105
39640 54.4563
39650 54.4946
39660 54.5049
39670 54.5151
39680 54.5455
39690 54.5409
39700 54.5194
39710 54.5344
39720 54.5664
39730 54.5657
39740 54.557
39750 54.5627
39760 54.577
39770 54.5853
39780 54.602
39790 54.6267
39800 54.6484
39810 54.6683
39820 54.7244
39830 54.7978
39840 54.8523
39850 54.8712
39860 54.8757
39870 54.8731
39880 54.8795
39890 54.8851
39900 54.8651
39910 54.8509
39920 54.8511
39930 54.8442
39940 54.8332
39950 54.8454
39960 54.8719
39970 54.8837
39980 54.8806
39990 54.8895
40000 54.897
40010 54.8935
40020 54.8985
40030 54.9399
40040 54.9981
40050 55.0143
40060 54.9977
40070 54.9892
40080 55.0131
40090 55.0714
40100 55.1369
40110 55.179
40120 55.1741
40130 55.1393
40140 55.1359
40150 55.1636
40160 55.167
40170 55.1373
40180 55.1333
40190 55.166
40200 55.1875
40210 55.1914
40220 55.1955
40230 55.1889
40240 55.172
40250 55.1858
40260 55.2223
40270 55.2314
40280 55.2221
40290 55.2541
40300 55.2971
40310 55.3137
40320 55.328
40330 55.342
40340 55.3555
40350 55.3877
40360 55.4062
40370 55.4289
40380 55.464
40390 55.5119
40400 55.5318
40410 55.5234
40420 55.5393
40430 55.5881
40440 55.6061
40450 55.5869
40460 55.5852
40470 55.6119
40480 55.6366
40490 55.6644
40500 55.6717
40510 55.6537
40520 55.6618
40530 55.6971
40540 55.6985
40550 55.6648
40560 55.6609
40570 55.6888
40580 55.6935
40590 55.6645
40600 55.6661
40610 55.6892
40620 55.7011
40630 55.7084
40640 55.7436
40650 55.7812
40660 55.8104
40670 55.82
40680 55.8411
40690 55.9031
40700 55.9713
40710 56.0116
40720 56.0353
40730 56.0666
40740 56.1056
40750 56.1251
40760 56.1474
40770 56.2014
40780 56.2393
40790 56.2183
40800 56.1595
40810 56.1398
40820 56.1618
40830 56.1826
40840 56.1983
40850 56.2367
40860 56.285
40870 56.3206
40880 56.3339
40890 56.3538
40900 56.3723
40910 56.3648
40920 56.3429
40930 56.3369
40940 56.3462
40950 56.3614
40960 56.3749
40970 56.3806
40980 56.3729
40990 56.371
41000 56.3846
41010 56.4154
41020 56.4303
41030 56.4417
41040 56.4732
41050 56.5085
41060 56.51
41070 56.5028
41080 56.5325
41090 56.5852
41100 56.6219
41110 56.6453
41120 56.6662
41130 56.7015
41140 56.7445
41150 56.7863
41160 56.7924
41170 56.766
41180 56.7325
41190 56.7065
41200 56.7288
41210 56.7649
41220 56.7657
41230 56.7603
41240 56.7879
41250 56.8415
41260 56.8846
41270 56.907
41280 56.8913
41290 56.8907
41300 56.917
41310 56.9517
41320 56.9826
41330 57.0111
41340 57.0275
41350 57.0257
41360 57.0378
41370 57.066
41380 57.0692
41390 57.052
41400 57.0417
41410 57.058
41420 57.0765
41430 57.0922
41440 57.117
41450 57.0997
41460 57.0578
41470 57.0502
41480 57.0614
41490 57.0565
41500 57.0242
41510 57.0047
41520 57.0031
41530 57.0031
41540 57.0016
41550 57.0071
41560 57.0038
41570 56.9917
41580 57.0059
41590 57.0298
41600 57.0163
41610 56.9577
41620 56.8921
41630 56.847
41640 56.8209
41650 56.8084
41660 56.7958
41670 56.7931
41680 56.7993
41690 56.8245
41700 56.8382
41710 56.8364
41720 56.8348
41730 56.8416
41740 56.8357
41750 56.8044
41760 56.7665
41770 56.7695
41780 56.7862
41790 56.7738
41800 56.7648
41810 56.7856
41820 56.8195
41830 56.8372
41840 56.8455
41850 56.8668
41860 56.883
41870 56.883
41880 56.8963
41890 56.9116
41900 56.9403
41910 56.9747
41920 56.9841
41930 56.9796
41940 56.9977
41950 57.0408
41960 57.0834
41970 57.1298
41980 57.1823
41990 57.2202
42000 57.2434
42010 57.2727
42020 57.3037
42030 57.3533
42040 57.3966
42050 57.4217
42060 57.4511
42070 57.4749
42080 57.4945
42090 57.5061
42100 57.5279
42110 57.5436
42120 57.5406
42130 57.5289
42140 57.5459
42150 57.5626
42160 57.5516
42170 57.5397
42180 57.5531
42190 57.5834
42200 57.5845
42210 57.5642
42220 57.5525
42230 57.5514
42240 57.5382
42250 57.5099
42260 57.4944
42270 57.5072
42280 57.5268
42290 57.5569
42300 57.5965
42310 57.6183
42320 57.6246
42330 57.6156
42340 57.5999
42350 57.6006
42360 57.6025
42370 57.581
42380 57.5788
42390 57.6095
42400 57.637
42410 57.6583
42420 57.6957
42430 57.7085
42440 57.6847
42450 57.6677
42460 57.7066
42470 57.7655
42480 57.7759
42490 57.7497
42500 57.7451
42510 57.78
42520 57.7824
42530 57.7633
42540 57.7741
42550 57.8251
42560 57.8977
42570 57.9666
42580 57.9859
42590 57.9961
42600 58.0609
42610 58.1436
42620 58.1839
42630 58.1981
42640 58.2313
42650 58.2672
42660 58.2906
42670 58.317
42680 58.3727
42690 58.4451
42700 58.5071
42710 58.5366
42720 58.5527
42730 58.5787
42740 58.6145
42750 58.6189
42760 58.6245
42770 58.6864
42780 58.7473
42790 58.7512
42800 58.7431
42810 58.7621
42820 58.7873
42830 58.7897
42840 58.7769
42850 58.7923
42860 58.8224
42870 58.8232
42880 58.8145
42890 58.8028
42900 58.8101
42910 58.8433
42920 58.9061
42930 58.9495
42940 58.9502
42950 58.93
42960 58.9398
42970 58.9723
42980 58.9993
42990 58.9997
43000 59.0033
43010 59.0275
43020 59.0626
43030 59.0896
43040 59.1199
43050 59.1448
43060 59.1741
43070 59.2017
43080 59.2446
43090 59.3045
43100 59.3433
43110 59.3709
43120 59.4002
43130 59.4437
43140 59.4683
43150 59.4448
43160 59.4453
43170 59.4879
43180 59.5283
43190 59.556
43200 59.5761
43210 59.5674
43220 59.5554
43230 59.5791
43240 59.6221
43250 59.6461
43260 59.6514
43270 59.6752
43280 59.7129
43290 59.7622
43300 59.8111
43310 59.8434
43320 59.8638
43330 59.8806
43340 59.8929
43350 59.9003
43360 59.9148
43370 59.9402
43380 59.9764
43390 59.9856
43400 59.9821
43410 59.9961
43420 60.0367
43430 60.0678
43440 60.0828
43450 60.1056
43460 60.1319
43470 60.1434
43480 60.1425
43490 60.1542
43500 60.1591
43510 60.1274
43520 60.0837
43530 60.0778
43540 60.1057
43550 60.1349
43560 60.1544
43570 60.1603
43580 60.1639
43590 60.2017
43600 60.253
43610 60.2593
43620 60.2409
43630 60.2398
43640 60.2674
43650 60.2753
43660 60.2604
43670 60.2533
43680 60.2637
43690 60.2556
43700 60.2486
43710 60.2679
43720 60.2777
43730 60.2845
43740 60.3128
43750 60.3505
43760 60.3603
43770 60.3456
43780 60.3452
43790 60.3453
43800 60.3627
43810 60.3934
43820 60.4226
43830 60.4542
43840 60.4778
43850 60.4844
43860 60.4939
43870 60.5085
43880 60.52
43890 60.5401
43900 60.571
43910 60.5984
43920 60.6106
43930 60.632
43940 60.6783
43950 60.7036
43960 60.7169
43970 60.7625
43980 60.8131
43990 60.8112
44000 60.7968
44010 60.8125
44020 60.8381
44030 60.8545
44040 60.8611
44050 60.8631
44060 60.8715
44070 60.8746
44080 60.8794
44090 60.8975
44100 60.9249
44110 60.936
44120 60.9319
44130 60.9202
44140 60.9172
44150 60.9087
44160 60.9039
44170 60.8829
44180 60.8419
44190 60.8024
44200 60.8092
44210 60.8481
44220 60.8611
44230 60.8586
44240 60.8852
44250 60.9414
44260 60.9958
44270 61.0273
44280 61.0182
44290 61.0022
44300 61.0278
44310 61.0565
44320 61.0737
44330 61.0591
44340 61.0518
44350 61.058
44360 61.0556
44370 61.0729
44380 61.0908
44390 61.0789
44400 61.0701
44410 61.0776
44420 61.0909
44430 61.0678
44440 61.0782
44450 61.127
44460 61.1654
44470 61.1738
44480 61.1643
44490 61.1537
44500 61.1517
44510 61.1651
44520 61.1775
44530 61.1771
44540 61.2007
44550 61.2706
44560 61.3376
44570 61.3525
44580 61.3264
44590 61.33
44600 61.3723
44610 61.3812
44620 61.3478
44630 61.3302
44640 61.3479
44650 61.3671
44660 61.3699
44670 61.3851
44680 61.3984
44690 61.3972
44700 61.3818
44710 61.3791
44720 61.3872
44730 61.4035
44740 61.4006
44750 61.3972
44760 61.376
44770 61.3505
44780 61.3503
44790 61.3444
44800 61.3165
44810 61.2934
44820 61.28
44830 61.2858
44840 61.3023
44850 61.3205
44860 61.3501
44870 61.3713
44880 61.3694
44890 61.37
44900 61.4041
44910 61.4434
44920 61.4628
44930 61.4784
44940 61.5108
44950 61.5339
44960 61.5313
44970 61.5215
44980 61.5419
44990 61.5671
45000 61.5681
45010 61.5557
45020 61.548
45030 61.5478
45040 61.5341
45050 61.5317
45060 61.5659
45070 61.6345
45080 61.6865
45090 61.6994
45100 61.7
45110 61.7093
45120 61.73
45130 61.7441
45140 61.7387
45150 61.7004
45160 61.684
45170 61.7128
45180 61.7399
45190 61.7279
45200 61.6977
45210 61.7035
45220 61.7264
45230 61.7379
45240 61.7196
45250 61.6943
45260 61.7124
45270 61.7606
45280 61.8138
45290 61.8188
45300 61.804
45310 61.8171
45320 61.8439
45330 61.8533
45340 61.8404
45350 61.8372
45360 61.8462
45370 61.8753
45380 61.8999
45390 61.9
45400 61.8738
45410 61.8528
45420 61.8352
45430 61.8306
45440 61.8165
45450 61.8037
45460 61.8024
45470 61.7978
45480 61.7835
45490 61.8082
45500 61.8807
45510 61.9213
45520 61.9175
45530 61.953
45540 62.0137
45550 62.0302
45560 61.9994
45570 61.9794
45580 61.9925
45590 62.0065
45600 61.9869
45610 61.9744
45620 62.003
45630 62.0603
45640 62.1144
45650 62.1358
45660 62.1463
45670 62.1588
45680 62.1672
45690 62.1701
45700 62.2019
45710 62.2117
45720 62.1914
45730 62.1765
45740 62.1957
45750 62.2227
45760 62.2365
45770 62.2405
45780 62.2602
45790 62.2862
45800 62.3144
45810 62.3488
45820 62.3749
45830 62.3672
45840 62.3484
45850 62.3505
45860 62.3627
45870 62.3619
45880 62.3611
45890 62.38
45900 62.4029
45910 62.4164
45920 62.4248
45930 62.4236
45940 62.4275
45950 62.4603
45960 62.4876
45970 62.4882
45980 62.4486
45990 62.4135
46000 62.4117
46010 62.4123
46020 62.4101
46030 62.399
46040 62.4306
46050 62.485
46060 62.5126
46070 62.5141
46080 62.5292
46090 62.5449
46100 62.5669
46110 62.5894
46120 62.6234
46130 62.637
46140 62.6059
46150 62.5813
46160 62.5797
46170 62.5751
46180 62.5683
46190 62.5861
46200 62.5943
46210 62.5791
46220 62.6011
46230 62.6512
46240 62.6596
46250 62.6263
46260 62.6273
46270 62.6716
46280 62.7119
46290 62.7243
46300 62.7394
46310 62.7557
46320 62.7608
46330 62.7684
46340 62.7727
46350 62.759
46360 62.7568
46370 62.7967
46380 62.8507
46390 62.8855
46400 62.9366
46410 63.0002
46420 63.0466
46430 63.0719
46440 63.0753
46450 63.1099
46460 63.1602
46470 63.2062
46480 63.2637
46490 63.3158
46500 63.3425
46510 63.3482
46520 63.3516
46530 63.3742
46540 63.4019
46550 63.4185
46560 63.4297
46570 63.4665
46580 63.4949
46590 63.4999
46600 63.5235
46610 63.5485
46620 63.556
46630 63.5755
46640 63.6173
46650 63.6556
46660 63.6542
46670 63.6379
46680 63.6291
46690 63.6252
46700 63.6337
46710 63.6512
46720 63.6554
46730 63.6589
46740 63.6665
46750 63.7069
46760 63.7531
46770 63.8111
46780 63.86
46790 63.8829
46800 63.8868
46810 63.9059
46820 63.9415
46830 63.9737
46840 63.9757
46850 63.9694
46860 63.9827
46870 63.9929
46880 63.9873
46890 63.9976
46900 64.0128
46910 64.0053
46920 63.9893
46930 64.0101
46940 64.0857
46950 64.1581
46960 64.1764
46970 64.1755
46980 64.2017
46990 64.2372
47000 64.2662
47010 64.3135
47020 64.3669
47030 64.3755
47040 64.3467
47050 64.3351
47060 64.3552
47070 64.3721
47080 64.3487
47090 64.3144
47100 64.3145
47110 64.3387
47120 64.3636
47130 64.357
47140 64.3599
47150 64.3864
47160 64.3945
47170 64.3958
47180 64.4131
47190 64.4452
47200 64.4634
47210 64.4746
47220 64.5089
47230 64.566
47240 64.6328
47250 64.6664
47260 64.6547
47270 64.6522
47280 64.6679
47290 64.7012
47300 64.7248
47310 64.7328
47320 64.717
47330 64.7074
47340 64.7223
47350 64.7505
47360 64.7531
47370 64.7304
47380 64.7147
47390 64.7462
47400 64.7942
47410 64.8284
47420 64.8438
47430 64.8475
47440 64.8506
47450 64.8666
47460 64.8992
47470 64.9093
47480 64.9034
47490 64.9122
47500 64.9479
47510 65.0048
47520 65.0443
47530 65.0556
47540 65.0626
47550 65.0833
47560 65.1121
47570 65.1383
47580 65.1633
47590 65.1862
47600 65.2251
47610 65.2834
47620 65.3175
47630 65.3221
47640 65.3272
47650 65.3538
47660 65.3932
47670 65.4296
47680 65.4499
47690 65.4559
47700 65.4646
47710 65.4886
47720 65.5138
47730 65.5372
47740 65.5672
47750 65.5794
47760 65.5595
47770 65.5358
47780 65.5486
47790 65.5657
47800 65.564
47810 65.559
47820 65.5718
47830 65.5971
47840 65.623
47850 65.6587
47860 65.7099
47870 65.7375
47880 65.7363
47890 65.732
47900 65.7404
47910 65.7407
47920 65.747
47930 65.765
47940 65.763
47950 65.7365
47960 65.7011
47970 65.6794
47980 65.67
47990 65.67
48000 65.6816
48010 65.6708
48020 65.6166
48030 65.5815
48040 65.6032
48050 65.6329
48060 65.6395
48070 65.6426
48080 65.6758
48090 65.708
48100 65.7435
48110 65.7749
48120 65.7974
48130 65.809
48140 65.8508
48150 65.8945
48160 65.9005
48170 65.8952
48180 65.9142
48190 65.9371
48200 65.9208
48210 65.9012
48220 65.9359
48230 65.9908
48240 66.0266
48250 66.0377
48260 66.0312
48270 66.0207
48280 66.0259
48290 66.0367
48300 66.08
48310 66.114
48320 66.13
48330 66.1664
48340 66.2009
48350 66.2182
48360 66.1999
48370 66.1898
48380 66.2191
48390 66.2491
48400 66.2321
48410 66.1952
48420 66.1805
48430 66.1813
48440 66.1881
48450 66.2222
48460 66.2537
48470 66.2646
48480 66.2741
48490 66.2884
48500 66.2959
48510 66.2884
48520 66.2723
48530 66.263
48540 66.267
48550 66.2685
48560 66.2766
48570 66.2864
48580 66.2886
48590 66.2923
48600 66.3299
48610 66.3704
48620 66.4009
48630 66.4223
48640 66.4267
48650 66.4219
48660 66.4461
48670 66.4623
48680 66.4395
48690 66.404
48700 66.4061
48710 66.4198
48720 66.4201
48730 66.4259
48740 66.4817
48750 66.5389
48760 66.5588
48770 66.5727
48780 66.6129
48790 66.6311
48800 66.6312
48810 66.6503
48820 66.6947
48830 66.7156
48840 66.7061
48850 66.6925
48860 66.6768
48870 66.6819
48880 66.6828
48890 66.6613
48900 66.6411
48910 66.6474
48920 66.6684
48930 66.6671
48940 66.6581
48950 66.676
48960 66.7177
48970 66.7287
48980 66.7204
48990 66.7222
49000 66.7177
49010 66.7255
49020 66.7408
49030 66.7635
49040 66.7898
49050 66.8262
49060 66.8319
49070 66.8118
49080 66.8063
49090 66.8158
49100 66.8429
49110 66.8693
49120 66.8671
49130 66.8336
49140 66.7948
49150 66.7928
49160 66.8416
49170 66.8828
49180 66.8852
49190 66.8597
49200 66.8225
49210 66.8367
49220 66.8815
49230 66.9078
49240 66.9187
49250 66.9305
49260 66.9404
49270 66.9518
49280 66.9589
49290 66.9528
49300 66.9285
49310 66.9104
49320 66.8907
49330 66.859
49340 66.856
49350 66.8782
49360 66.9255
49370 66.9381
49380 66.8889
49390 66.8471
49400 66.8571
49410 66.8802
49420 66.8828
49430 66.8781
49440 66.8618
49450 66.8416
49460 66.816
49470 66.8091
49480 66.831
49490 66.8638
49500 66.8606
49510 66.8526
49520 66.8635
49530 66.8913
49540 66.8906
49550 66.8803
49560 66.8929
49570 66.9196
49580 66.9406
49590 66.9549
49600 66.9804
49610 67.0103
49620 67.0417
49630 67.0761
49640 67.1182
49650 67.1639
49660 67.2034
49670 67.2392
49680 67.2647
49690 67.2755
49700 67.2708
49710 67.2781
49720 67.3075
49730 67.3533
49740 67.3856
49750 67.3803
49760 67.3955
49770 67.45
49780 67.4948
49790 67.5183
49800 67.533
49810 67.519
49820 67.4637
49830 67.4428
49840 67.4687
49850 67.4936
49860 67.4982
49870 67.5103
49880 67.537
49890 67.5626
49900 67.5701
49910 67.5692
49920 67.5397
49930 67.5395
49940 67.5829
49950 67.6191
49960 67.5984
49970 67.5843
49980 67.6084
49990 67.6423
50000 67.6603
50010 67.6901
50020 67.7477
50030 67.7933
50040 67.8101
50050 67.8528
50060 67.8898
50070 67.8921
50080 67.9207
50090 67.98
50100 68.0217
50110 68.064
50120 68.1307
50130 68.1817
50140 68.1828
50150 68.1764
50160 68.1963
50170 68.2199
50180 68.2289
50190 68.2488
50200 68.2668
50210 68.2695
50220 68.2817
50230 68.3164
50240 68.3242
50250 68.3279
50260 68.3703
50270 68.4357
50280 68.478
50290 68.5143
50300 68.5653
50310 68.6001
50320 68.6059
50330 68.6434
50340 68.6952
50350 68.709
50360 68.7047
50370 68.7375
50380 68.7835
50390 68.7934
50400 68.7613
50410 68.7296
50420 68.7268
50430 68.7386
50440 68.753
50450 68.7525
50460 68.755
50470 68.7768
50480 68.833
50490 68.8693
50500 68.8787
50510 68.9081
50520 68.9413
50530 68.9473
50540 68.9379
50550 68.9547
50560 68.9904
50570 69.0234
50580 69.0225
50590 68.997
50600 68.9862
50610 69.0107
50620 69.038
50630 69.0365
50640 69.0263
50650 69.0557
50660 69.0979
50670 69.1422
50680 69.1971
50690 69.2534
50700 69.283
50710 69.3023
50720 69.3452
50730 69.39
50740 69.3877
50750 69.3877
50760 69.4514
50770 69.5132
50780 69.5075
50790 69.4941
50800 69.5083
50810 69.5478
50820 69.6015
50830 69.631
50840 69.6224
50850 69.6043
50860 69.6191
50870 69.6557
50880 69.6662
50890 69.6712
50900 69.6628
50910 69.6503
50920 69.6381
50930 69.6519
50940 69.6832
50950 69.7073
50960 69.7068
50970 69.7127
50980 69.7598
50990 69.8014
51000 69.821
51010 69.8619
51020 69.9397
51030 70.0095
51040 70.0347
51050 70.0335
51060 70.0776
51070 70.1528
51080 70.187
51090 70.1763
51100 70.1647
51110 70.1692
51120 70.1709
51130 70.1704
51140 70.1878
51150 70.2236
51160 70.2374
51170 70.2191
51180 70.2042
51190 70.219
51200 70.2162
51210 70.1599
51220 70.1183
51230 70.1193
51240 70.1235
51250 70.1125
51260 70.0956
51270 70.0975
51280 70.1183
51290 70.1388
51300 70.1464
51310 70.1304
51320 70.1081
51330 70.1073
51340 70.104
51350 70.1091
51360 70.0929
51370 70.0587
51380 70.0656
51390 70.1031
51400 70.1189
51410 70.1266
51420 70.1316
51430 70.1277
51440 70.1319
51450 70.1274
51460 70.1067
51470 70.0907
51480 70.0712
51490 70.0652
51500 70.0757
51510 70.0899
51520 70.0993
51530 70.0944
51540 70.1193
51550 70.1645
51560 70.2083
51570 70.2489
51580 70.3189
51590 70.3861
51600 70.3987
51610 70.3993
51620 70.4413
51630 70.4991
51640 70.5345
51650 70.5766
51660 70.6398
51670 70.671
51680 70.6839
51690 70.7151
51700 70.7804
51710 70.8474
51720 70.8843
51730 70.9304
51740 70.9882
51750 71.0239
51760 71.0374
51770 71.0567
51780 71.0742
51790 71.0756
51800 71.0762
51810 71.093
51820 71.1257
51830 71.1543
51840 71.1901
51850 71.204
51860 71.1833
51870 71.1563
51880 71.153
51890 71.1916
51900 71.201
51910 71.1633
51920 71.126
51930 71.128
51940 71.1416
51950 71.1251
51960 71.0865
51970 71.0657
51980 71.0829
51990 71.1009
52000 71.097
52010 71.0745
52020 71.0669
52030 71.0872
52040 71.1315
52050 71.1718
52060 71.1874
52070 71.1938
52080 71.2038
52090 71.2148
52100 71.2263
52110 71.2355
52120 71.2285
52130 71.2353
52140 71.2801
52150 71.3144
52160 71.3131
52170 71.3169
52180 71.3378
52190 71.3416
52200 71.337
52210 71.3319
52220 71.3094
52230 71.3035
52240 71.3661
52250 71.4262
52260 71.4109
52270 71.3843
52280 71.3961
52290 71.4277
52300 71.4555
52310 71.4899
52320 71.4952
52330 71.4551
52340 71.4173
52350 71.4129
52360 71.4304
52370 71.4423
52380 71.4372
52390 71.4334
52400 71.4587
52410 71.5177
52420 71.5585
52430 71.5782
52440 71.6162
52450 71.6542
52460 71.6777
52470 71.6999
52480 71.7408
52490 71.7801
52500 71.7951
52510 71.8111
52520 71.8328
52530 71.8625
52540 71.8769
52550 71.8787
52560 71.8884
52570 71.9373
52580 72.0052
52590 72.0485
52600 72.043
52610 72.0382
52620 72.0528
52630 72.0647
52640 72.0475
52650 72.0494
52660 72.09
52670 72.1194
52680 72.1218
52690 72.1237
52700 72.1342
52710 72.1476
52720 72.1479
52730 72.126
52740 72.1061
52750 72.1314
52760 72.1728
52770 72.1607
52780 72.131
52790 72.1287
52800 72.1361
52810 72.1244
52820 72.1233
52830 72.1448
52840 72.1735
52850 72.2109
52860 72.2553
52870 72.2929
52880 72.318
52890 72.3616
52900 72.4214
52910 72.4483
52920 72.4396
52930 72.4532
52940 72.5053
52950 72.5624
52960 72.5882
52970 72.5772
52980 72.5906
52990 72.6031
53000 72.6101
53010 72.6357
53020 72.676
53030 72.7025
53040 72.722
53050 72.7441
53060 72.7422
53070 72.7099
53080 72.6846
53090 72.6766
53100 72.699
53110 72.7497
53120 72.8067
53130 72.832
53140 72.8468
53150 72.858
53160 72.8865
53170 72.9222
53180 72.9478
53190 72.9521
53200 72.9506
53210 72.9288
53220 72.9091
53230 72.9282
53240 72.9595
53250 72.9903
53260 73.0433
53270 73.0996
53280 73.1354
53290 73.161
53300 73.2023
53310 73.2702
53320 73.3026
53330 73.3064
53340 73.3297
53350 73.375
53360 73.4067
53370 73.3906
53380 73.3516
53390 73.3692
53400 73.4326
53410 73.4876
53420 73.5079
53430 73.5466
53440 73.6105
53450 73.6342
53460 73.6219
53470 73.6215
53480 73.6312
53490 73.6403
53500 73.6436
53510 73.6551
53520 73.6741
53530 73.7213
53540 73.7801
53550 73.8339
53560 73.8744
53570 73.9152
53580 73.9397
53590 73.9487
53600 73.9755
53610 74.0173
53620 74.0257
53630 73.9912
53640 73.9568
53650 73.9367
53660 73.9369
53670 73.9502
53680 73.9524
53690 73.9272
53700 73.9119
53710 73.9185
53720 73.9576
53730 74.0186
53740 74.0431
53750 74.0291
53760 74.0297
53770 74.0521
53780 74.0355
53790 74.0033
53800 74.0022
53810 74.0202
53820 74.0367
53830 74.0517
53840 74.083
53850 74.1287
53860 74.1827
53870 74.2188
53880 74.2483
53890 74.2772
53900 74.2643
53910 74.2354
53920 74.2527
53930 74.2812
53940 74.3011
53950 74.3241
53960 74.3425
53970 74.3397
53980 74.3462
53990 74.3831
54000 74.4126
54010 74.3974
54020 74.3777
54030 74.3862
54040 74.403
54050 74.4044
54060 74.3955
54070 74.3868
54080 74.3806
54090 74.3904
54100 74.4158
54110 74.4613
54120 74.4797
54130 74.4947
54140 74.5225
54150 74.5402
54160 74.555
54170 74.5662
54180 74.596
54190 74.6377
54200 74.6682
54210 74.6911
54220 74.739
54230 74.7902
54240 74.7776
54250 74.7337
54260 74.7438
54270 74.7733
54280 74.7662
54290 74.7629
54300 74.7962
54310 74.8118
54320 74.8038
54330 74.7981
54340 74.8254
54350 74.8675
54360 74.8979
54370 74.8854
54380 74.8321
54390 74.8001
54400 74.8204
54410 74.8514
54420 74.8685
54430 74.8611
54440 74.8448
54450 74.859
54460 74.8944
54470 74.8907
54480 74.8776
54490 74.8857
54500 74.8737
54510 74.8465
54520 74.8433
54530 74.8749
54540 74.8815
54550 74.87
54560 74.8784
54570 74.9016
54580 74.9147
54590 74.9092
54600 74.9091
54610 74.9145
54620 74.9279
54630 74.9453
54640 74.9424
54650 74.9411
54660 74.9848
54670 75.0414
54680 75.0757
54690 75.1195
54700 75.17
54710 75.1859
54720 75.1856
54730 75.1866
54740 75.1923
54750 75.2022
54760 75.1967
54770 75.1861
54780 75.1979
54790 75.2301
54800 75.2683
54810 75.2977
54820 75.3041
54830 75.308
54840 75.3199
54850 75.3187
54860 75.3023
54870 75.3288
54880 75.3865
54890 75.4194
54900 75.4407
54910 75.4693
54920 75.488
54930 75.51
54940 75.5343
54950 75.534
54960 75.5273
54970 75.5438
54980 75.5724
54990 75.5786
55000 75.5423
55010 75.4889
55020 75.474
55030 75.4912
55040 75.4937
55050 75.4739
55060 75.461
55070 75.4783
55080 75.5301
55090 75.5703
55100 75.5708
55110 75.5516
55120 75.5493
55130 75.5543
55140 75.5471
55150 75.537
55160 75.5175
55170 75.4995
55180 75.4912
55190 75.5241
55200 75.5662
55210 75.567
55220 75.555
55230 75.5682
55240 75.5774
55250 75.5798
55260 75.5874
55270 75.6277
55280 75.6755
55290 75.6877
55300 75.6808
55310 75.7007
55320 75.749
55330 75.7839
55340 75.7938
55350 75.8151
55360 75.8429
55370 75.8458
55380 75.8746
55390 75.9135
55400 75.9273
55410 75.9237
55420 75.9191
55430 75.9267
55440 75.9548
55450 75.9607
55460 75.9672
55470 75.9924
55480 76.0368
55490 76.1152
55500 76.1875
55510 76.2202
55520 76.2366
55530 76.2562
55540 76.2554
55550 76.2532
55560 76.2937
55570 76.3348
55580 76.33
55590 76.3198
55600 76.3467
55610 76.3744
55620 76.3603
55630 76.3418
55640 76.3806
55650 76.4371
55660 76.4638
55670 76.4999
55680 76.554
55690 76.5726
55700 76.5699
55710 76.6065
55720 76.6589
55730 76.6511
55740 76.6067
55750 76.5875
55760 76.6241
55770 76.6551
55780 76.6448
55790 76.6121
55800 76.5903
55810 76.5865
55820 76.5803
55830 76.5762
55840 76.5882
55850 76.6053
55860 76.5954
55870 76.6187
55880 76.6578
55890 76.6653
55900 76.6636
55910 76.658
55920 76.6929
55930 76.7587
55940 76.8089
55950 76.8224
55960 76.7846
55970 76.7561
55980 76.764
55990 76.7719
56000 76.7776
56010 76.799
56020 76.8275
56030 76.8331
56040 76.8535
56050 76.9244
56060 76.9654
56070 76.9488
56080 76.9395
56090 76.9502
56100 76.9537
56110 76.9678
56120 76.9855
56130 76.9953
56140 76.9961
56150 76.9889
56160 76.9895
56170 77.0106
56180 77.038
56190 77.0563
56200 77.0555
56210 77.0466
56220 77.0288
56230 77.0351
56240 77.0748
56250 77.0876
56260 77.063
56270 77.0702
56280 77.0943
56290 77.1069
56300 77.1253
56310 77.1558
56320 77.1906
56330 77.1948
56340 77.1973
56350 77.2112
56360 77.2543
56370 77.3172
56380 77.38
56390 77.4192
56400 77.4287
56410 77.4386
56420 77.4742
56430 77.5138
56440 77.5313
56450 77.5358
56460 77.5619
56470 77.585
56480 77.6095
56490 77.6597
56500 77.7088
56510 77.7089
56520 77.7043
56530 77.7317
56540 77.7579
56550 77.7852
56560 77.8347
56570 77.8915
56580 77.942
56590 77.9758
56600 78.0102
56610 78.0349
56620 78.0546
56630 78.0556
56640 78.0329
56650 78.0199
56660 78.0135
56670 78.0094
56680 78.0011
56690 78.0198
56700 78.0494
56710 78.064
56720 78.0619
56730 78.0565
56740 78.0533
56750 78.0994
56760 78.1364
56770 78.1191
56780 78.0891
56790 78.1123
56800 78.1697
56810 78.202
56820 78.1947
56830 78.2018
56840 78.2368
56850 78.2635
56860 78.2931
56870 78.3217
56880 78.3237
56890 78.2894
56900 78.2865
56910 78.3211
56920 78.3504
56930 78.3603
56940 78.3581
56950 78.3532
56960 78.3795
56970 78.415
56980 78.4204
56990 78.4089
57000 78.4306
57010 78.4851
57020 78.5195
57030 78.5223
57040 78.5342
57050 78.5577
57060 78.5635
57070 78.5632
57080 78.5688
57090 78.5876
57100 78.6405
57110 78.6761
57120 78.6537
57130 78.6391
57140 78.6715
57150 78.6764
57160 78.6517
57170 78.6494
57180 78.6845
57190 78.6983
57200 78.6587
57210 78.6005
57220 78.5884
57230 78.6245
57240 78.6571
57250 78.6477
57260 78.6195
57270 78.6157
57280 78.6188
57290 78.5923
57300 78.5257
57310 78.4958
57320 78.5326
57330 78.5707
57340 78.5666
57350 78.5223
57360 78.4865
57370 78.4441
57380 78.4028
57390 78.4079
57400 78.4445
57410 78.439
57420 78.3939
57430 78.375
57440 78.3818
57450 78.3914
57460 78.3843
57470 78.3915
57480 78.3948
57490 78.3793
57500 78.3771
57510 78.4193
57520 78.4857
57530 78.5103
57540 78.5079
57550 78.5248
57560 78.5765
57570 78.6182
57580 78.6442
57590 78.6614
57600 78.6795
57610 78.707
57620 78.7326
57630 78.7462
57640 78.7557
57650 78.7775
57660 78.7894
57670 78.7953
57680 78.8031
57690 78.8094
57700 78.8319
57710 78.8494
57720 78.8555
57730 78.8862
57740 78.9216
57750 78.9449
57760 78.9637
57770 78.9945
57780 78.9935
57790 78.9645
57800 78.962
57810 78.984
57820 78.9979
57830 79.004
57840 79.0094
57850 78.9955
57860 78.9745
57870 78.9913
57880 79.0436
57890 79.0722
57900 79.0793
57910 79.1105
57920 79.1404
57930 79.1188
57940 79.1069
57950 79.1281
57960 79.1391
57970 79.0977
57980 79.0511
57990 79.0554
58000 79.0959
58010 79.1225
58020 79.1089
58030 79.1031
58040 79.1114
58050 79.1216
58060 79.1324
58070 79.1451
58080 79.1707
58090 79.2183
58100 79.2714
58110 79.2951
58120 79.293
58130 79.281
58140 79.2748
58150 79.28
58160 79.2909
58170 79.323
58180 79.3718
58190 79.4156
58200 79.4601
58210 79.522
58220 79.5614
58230 79.5735
58240 79.5867
58250 79.6178
58260 79.6349
58270 79.6501
58280 79.6924
58290 79.736
58300 79.7306
58310 79.7144
58320 79.7187
58330 79.7113
58340 79.6838
58350 79.6845
58360 79.7036
58370 79.7125
58380 79.7063
58390 79.7089
58400 79.7495
58410 79.781
58420 79.7814
58430 79.779
58440 79.7818
58450 79.7882
58460 79.78
58470 79.758
58480 79.7494
58490 79.7586
58500 79.7826
58510 79.7993
58520 79.7921
58530 79.7852
58540 79.8218
58550 79.8763
58560 79.8867
58570 79.8605
58580 79.8413
58590 79.8473
58600 79.8315
58610 79.7936
58620 79.8023
58630 79.8503
58640 79.9099
58650 79.9635
58660 80.0033
58670 80.0054
58680 79.9999
58690 79.9864
58700 80.0101
58710 80.0671
58720 80.1004
58730 80.1051
58740 80.152
58750 80.2286
58760 80.2454
58770 80.2545
58780 80.3224
58790 80.3932
58800 80.4423
58810 80.4923
58820 80.5336
58830 80.5548
58840 80.5872
58850 80.6048
58860 80.6419
58870 80.7018
58880 80.7426
58890 80.7396
58900 80.7537
58910 80.8188
58920 80.8649
58930 80.8614
58940 80.8559
58950 80.9037
58960 80.9572
58970 80.9921
58980 81.03
58990 81.0612
59000 81.0586
59010 81.0624
59020 81.1169
59030 81.1642
59040 81.1785
59050 81.1999
59060 81.2343
59070 81.2672
59080 81.2729
59090 81.2656
59100 81.2585
59110 81.264
59120 81.2876
59130 81.3197
59140 81.3525
59150 81.376
59160 81.3915
59170 81.4089
59180 81.4265
59190 81.4688
59200 81.5159
59210 81.5273
59220 81.5465
59230 81.6003
59240 81.6614
59250 81.6917
59260 81.7091
59270 81.7405
59280 81.7877
59290 81.8055
59300 81.8211
59310 81.858
59320 81.8564
59330 81.8451
59340 81.9015
59350 81.981
59360 82.0234
59370 82.0613
59380 82.0963
59390 82.1275
59400 82.1702
59410 82.2467
59420 82.3242
59430 82.3327
59440 82.3396
59450 82.3845
59460 82.4412
59470 82.4707
59480 82.4767
59490 82.5041
59500 82.5498
59510 82.5704
59520 82.6012
59530 82.6641
59540 82.7274
59550 82.7708
59560 82.7962
59570 82.816
59580 82.8042
59590 82.7756
59600 82.8038
59610 82.8779
59620 82.9271
59630 82.9371
59640 82.9549
59650 82.9903
59660 83.015
59670 83.0349
59680 83.0624
59690 83.0918
59700 83.1015
59710 83.0944
59720 83.109
59730 83.1378
59740 83.1243
59750 83.0758
59760 83.0737
59770 83.0864
59780 83.0806
59790 83.0682
59800 83.0728
59810 83.0681
59820 83.0537
59830 83.0486
59840 83.0688
59850 83.069
59860 83.0578
59870 83.0718
59880 83.0956
59890 83.1159
59900 83.1282
59910 83.142
59920 83.1246
59930 83.1034
59940 83.0994
59950 83.0871
59960 83.0565
59970 83.0251
59980 83.0221
59990 83.0379
60000 83.0481
60010 83.0538
60020 83.0527
60030 83.0424
60040 83.0546
60050 83.0859
60060 83.0877
60070 83.0418
60080 83.0376
60090 83.0889
60100 83.1161
60110 83.1081
60120 83.0961
60130 83.1229
60140 83.1329
60150 83.1112
60160 83.1145
60170 83.1614
60180 83.1933
60190 83.1767
60200 83.1733
60210 83.2038
60220 83.2594
60230 83.304
60240 83.3251
60250 83.3454
60260 83.3659
60270 83.3742
60280 83.3682
60290 83.3655
60300 83.3605
60310 83.3458
60320 83.351
60330 83.3646
60340 83.3699
60350 83.3725
60360 83.4101
60370 83.4816
60380 83.5202
60390 83.5105
60400 83.472
60410 83.4323
60420 83.4034
60430 83.3778
60440 83.393
60450 83.4514
60460 83.4846
60470 83.4701
60480 83.4669
60490 83.4806
60500 83.4692
60510 83.4491
60520 83.4541
60530 83.4544
60540 83.4248
60550 83.4165
60560 83.4504
60570 83.4814
60580 83.455
60590 83.398
60600 83.3659
60610 83.3889
60620 83.4203
60630 83.4241
60640 83.4167
60650 83.4111
60660 83.386
60670 83.3864
60680 83.4555
60690 83.5298
60700 83.5505
60710 83.5372
60720 83.5614
60730 83.6278
60740 83.6992
60750 83.7406
60760 83.7414
60770 83.7725
60780 83.8274
60790 83.8776
60800 83.9059
60810 83.9415
60820 83.9849
60830 84.0126
60840 84.0174
60850 84.0331
60860 84.0806
60870 84.1378
60880 84.1971
60890 84.2368
60900 84.2589
60910 84.2863
60920 84.2936
60930 84.2764
60940 84.2522
60950 84.2265
60960 84.2215
60970 84.2213
60980 84.194
60990 84.1599
61000 84.1594
61010 84.1807
61020 84.2197
61030 84.2723
61040 84.2896
61050 84.2942
61060 84.3286
61070 84.3588
61080 84.3514
61090 84.3178
61100 84.2935
61110 84.2997
61120 84.3184
61130 84.3353
61140 84.3586
61150 84.3821
61160 84.3802
61170 84.3665
61180 84.3505
61190 84.3474
61200 84.3718
61210 84.4213
61220 84.4575
61230 84.4828
61240 84.5054
61250 84.5561
61260 84.6101
61270 84.6322
61280 84.6476
61290 84.6865
61300 84.7471
61310 84.7802
61320 84.7908
61330 84.8091
61340 84.8695
61350 84.9085
61360 84.9024
61370 84.8804
61380 84.8923
61390 84.9288
61400 84.9717
61410 84.9667
61420 84.8968
61430 84.8374
61440 84.8539
61450 84.8771
61460 84.8537
61470 84.8034
61480 84.774
61490 84.7585
61500 84.7496
61510 84.7692
61520 84.7901
61530 84.7632
61540 84.7235
61550 84.7044
61560 84.7059
61570 84.6972
61580 84.6705
61590 84.6594
61600 84.6613
61610 84.6482
61620 84.6292
61630 84.615
61640 84.6075
61650 84.6361
61660 84.668
61670 84.7055
61680 84.7676
61690 84.795
61700 84.7753
61710 84.7831
61720 84.8435
61730 84.9044
61740 84.9547
61750 85.018
61760 85.0475
61770 85.0583
61780 85.0856
61790 85.1529
61800 85.2272
61810 85.2587
61820 85.2503
61830 85.242
61840 85.2637
61850 85.3149
61860 85.3536
61870 85.3722
61880 85.398
61890 85.4369
61900 85.4635
61910 85.4534
61920 85.4226
61930 85.3873
61940 85.3819
61950 85.4327
61960 85.4872
61970 85.489
61980 85.4806
61990 85.5079
62000 85.5551
62010 85.5941
62020 85.6202
62030 85.6684
62040 85.6932
62050 85.6933
62060 85.696
62070 85.7014
62080 85.7421
62090 85.7896
62100 85.7621
62110 85.7068
62120 85.7375
62130 85.8181
62140 85.8698
62150 85.8752
62160 85.8626
62170 85.8655
62180 85.8618
62190 85.8526
62200 85.8521
62210 85.8582
62220 85.8833
62230 85.8885
62240 85.889
62250 85.9269
62260 85.9842
62270 86.0175
62280 86.0265
62290 86.0093
62300 85.9954
62310 85.9948
62320 86.0078
62330 86.0292
62340 86.0476
62350 86.0668
62360 86.0577
62370 86.062
62380 86.1032
62390 86.1439
62400 86.1666
62410 86.1795
62420 86.2034
62430 86.2626
62440 86.3282
62450 86.3364
62460 86.3354
62470 86.3551
62480 86.3442
62490 86.3123
62500 86.3306
62510 86.3708
62520 86.3793
62530 86.3761
62540 86.3622
62550 86.3324
62560 86.2987
62570 86.3002
62580 86.356
62590 86.36
62600 86.2954
62610 86.2188
62620 86.1938
62630 86.1921
62640 86.2079
62650 86.2241
62660 86.2181
62670 86.2092
62680 86.2267
62690 86.232
62700 86.2157
62710 86.2143
62720 86.213
62730 86.1917
62740 86.1772
62750 86.1828
62760 86.1692
62770 86.1523
62780 86.1826
62790 86.2148
62800 86.2257
62810 86.232
62820 86.2427
62830 86.2541
62840 86.2751
62850 86.2903
62860 86.2705
62870 86.2358
62880 86.2476
62890 86.2625
62900 86.2612
62910 86.2672
62920 86.2833
62930 86.3068
62940 86.3377
62950 86.3482
62960 86.3531
62970 86.3973
62980 86.4597
62990 86.4922
63000 86.5133
63010 86.5463
63020 86.5831
63030 86.6036
63040 86.6443
63050 86.7415
63060 86.8244
63070 86.8611
63080 86.8938
63090 86.9482
63100 86.993
63110 87.0204
63120 87.0615
63130 87.0969
63140 87.1155
63150 87.1715
63160 87.2619
63170 87.3308
63180 87.3589
63190 87.3841
63200 87.4177
63210 87.4431
63220 87.418
63230 87.388
63240 87.4191
63250 87.4885
63260 87.5385
63270 87.5853
63280 87.643
63290 87.6833
63300 87.705
63310 87.7594
63320 87.8521
63330 87.9306
63340 87.9802
63350 87.9835
63360 87.9881
63370 88.0169
63380 88.0301
63390 88.0143
63400 88.0084
63410 88.0148
63420 88.0416
63430 88.0706
63440 88.0851
63450 88.0814
63460 88.0597
63470 88.0511
63480 88.0774
63490 88.1215
63500 88.1233
63510 88.1047
63520 88.1291
63530 88.155
63540 88.1583
63550 88.1749
63560 88.1953
63570 88.1888
63580 88.1773
63590 88.169
63600 88.1693
63610 88.1713
63620 88.1608
63630 88.1489
63640 88.162
63650 88.188
63660 88.1974
63670 88.2114
63680 88.2463
63690 88.2724
63700 88.2592
63710 88.2214
63720 88.1946
63730 88.195
63740 88.1902
63750 88.1767
63760 88.1535
63770 88.1566
63780 88.1838
63790 88.1908
63800 88.1721
63810 88.2016
63820 88.2631
63830 88.2559
63840 88.2158
63850 88.2473
63860 88.2976
63870 88.2945
63880 88.2855
63890 88.3077
63900 88.3165
63910 88.2989
63920 88.3107
63930 88.3463
63940 88.3552
63950 88.3429
63960 88.3533
63970 88.3901
63980 88.4048
63990 88.3977
64000 88.3866
64010 88.396
64020 88.3955
64030 88.3814
64040 88.397
64050 88.426
64060 88.4466
64070 88.4436
64080 88.4319
64090 88.4384
64100 88.4277
64110 88.4016
64120 88.392
64130 88.4037
64140 88.4073
64150 88.4158
64160 88.4474
64170 88.4542
64180 88.441
64190 88.4364
64200 88.4531
64210 88.4474
64220 88.4357
64230 88.4201
64240 88.4223
64250 88.43
64260 88.4286
64270 88.4438
64280 88.4595
64290 88.4541
64300 88.4427
64310 88.4186
64320 88.4057
64330 88.431
64340 88.472
64350 88.4887
64360 88.4712
64370 88.4942
64380 88.5612
64390 88.6134
64400 88.6282
64410 88.6514
64420 88.6922
64430 88.7242
64440 88.7619
64450 88.7906
64460 88.8014
64470 88.8221
64480 88.8614
64490 88.8859
64500 88.8928
64510 88.9014
64520 88.9321
64530 88.9719
64540 88.9796
64550 88.9467
64560 88.9181
64570 88.9304
64580 88.9434
64590 88.9201
64600 88.9067
64610 88.9145
64620 88.9108
64630 88.9072
64640 88.9428
64650 88.9826
64660 89.0112
64670 89.0458
64680 89.065
64690 89.0468
64700 89.0423
64710 89.0675
64720 89.107
64730 89.1057
64740 89.0909
64750 89.0953
64760 89.102
64770 89.0962
64780 89.0867
64790 89.0821
64800 89.0827
64810 89.091
64820 89.0629
64830 89.0391
64840 89.0514
64850 89.0709
64860 89.0486
64870 88.9959
64880 88.9468
64890 88.9219
64900 88.9057
64910 88.8986
64920 88.8938
64930 88.8881
64940 88.8841
64950 88.9099
64960 88.9464
64970 88.935
64980 88.8857
64990 88.8697
65000 88.9078
65010 88.9474
65020 88.9243
65030 88.8936
65040 88.8961
65050 88.899
65060 88.9083
65070 88.9315
65080 88.9435
65090 88.9341
65100 88.9534
65110 89.0266
65120 89.0716
65130 89.039
65140 89.0107
65150 89.0384
65160 89.0497
65170 89.0473
65180 89.0768
65190 89.1036
65200 89.1098
65210 89.0894
65220 89.0554
65230 89.0458
65240 89.0577
65250 89.0848
65260 89.1143
65270 89.1392
65280 89.1605
65290 89.1809
65300 89.1938
65310 89.208
65320 89.2536
65330 89.3016
65340 89.3054
65350 89.2943
65360 89.316
65370 89.3597
65380 89.385
65390 89.4325
65400 89.5047
65410 89.5405
65420 89.5623
65430 89.6162
65440 89.6868
65450 89.769
65460 89.8454
65470 89.8954
65480 89.9414
65490 89.9811
65500 89.96
65510 89.9125
65520 89.8986
65530 89.8973
65540 89.8822
65550 89.8625
65560 89.8546
65570 89.838
65580 89.8314
65590 89.8565
65600 89.8831
65610 89.8567
65620 89.788
65630 89.7626
65640 89.766
65650 89.7505
65660 89.6971
65670 89.6518
65680 89.6403
65690 89.6552
65700 89.6745
65710 89.6846
65720 89.6977
65730 89.7391
65740 89.7661
65750 89.7604
65760 89.7632
65770 89.7864
65780 89.7936
65790 89.776
65800 89.7719
65810 89.7604
65820 89.7479
65830 89.7582
65840 89.7906
65850 89.8257
65860 89.8478
65870 89.8614
65880 89.8767
65890 89.8721
65900 89.8534
65910 89.8571
65920 89.8843
65930 89.905
65940 89.8931
65950 89.8928
65960 89.9222
65970 89.9666
65980 89.9871
65990 89.9869
66000 90.0029
66010 90.0286
66020 90.0413
66030 90.0752
66040 90.128
66050 90.1528
66060 90.1565
66070 90.2115
66080 90.2817
66090 90.3328
66100 90.3666
66110 90.4108
66120 90.4716
66130 90.5283
66140 90.5706
66150 90.6007
66160 90.6262
66170 90.6666
66180 90.715
66190 90.7215
66200 90.6791
66210 90.6673
66220 90.7133
66230 90.7666
66240 90.7904
66250 90.7939
66260 90.8101
66270 90.8311
66280 90.8389
66290 90.8481
66300 90.8773
66310 90.9027
66320 90.8992
66330 90.9079
66340 90.9239
66350 90.9334
66360 90.9273
66370 90.9308
66380 90.9397
66390 90.9423
66400 90.9424
66410 90.9448
66420 90.9344
66430 90.9195
66440 90.9309
66450 90.9707
66460 90.9689
66470 90.9507
66480 91
66490 91.074
66500 91.0843
66510 91.0502
66520 91.0344
66530 91.0521
66540 91.054
66550 91.0629
66560 91.0603
66570 91.0244
66580 91.0018
66590 91.0494
66600 91.1017
66610 91.1162
66620 91.106
66630 91.0936
66640 91.0953
66650 91.1028
66660 91.1017
66670 91.0761
66680 91.0671
66690 91.1113
66700 91.1513
66710 91.1669
66720 91.1719
66730 91.1967
66740 91.2326
66750 91.2639
66760 91.2812
66770 91.3128
66780 91.3248
66790 91.2921
66800 91.2642
66810 91.2665
66820 91.2797
66830 91.2853
66840 91.2799
66850 91.308
66860 91.3295
66870 91.3022
66880 91.2906
66890 91.3214
66900 91.3143
66910 91.2843
66920 91.305
66930 91.3801
66940 91.4172
66950 91.4138
66960 91.4101
66970 91.4089
66980 91.4153
66990 91.4252
67000 91.452
67010 91.4929
67020 91.5222
67030 91.5353
67040 91.5327
67050 91.5134
67060 91.5027
67070 91.5145
67080 91.5395
67090 91.5564
67100 91.5397
67110 91.5403
67120 91.5834
67130 91.6102
67140 91.5911
67150 91.578
67160 91.5898
67170 91.6149
67180 91.6253
67190 91.6217
67200 91.6429
67210 91.6906
67220 91.73
67230 91.7463
67240 91.773
67250 91.7914
67260 91.7735
67270 91.7177
67280 91.6563
67290 91.6154
67300 91.6064
67310 91.6117
67320 91.6103
67330 91.5872
67340 91.5405
67350 91.5026
67360 91.4846
67370 91.4878
67380 91.4879
67390 91.4913
67400 91.4857
67410 91.4975
67420 91.5394
67430 91.5742
67440 91.586
67450 91.5956
67460 91.6306
67470 91.6971
67480 91.7604
67490 91.7788
67500 91.7975
67510 91.832
67520 91.9051
67530 91.9703
67540 91.9861
67550 91.9894
67560 91.9984
67570 92.0088
67580 92.0485
67590 92.1105
67600 92.1487
67610 92.1722
67620 92.2108
67630 92.2599
67640 92.2883
67650 92.2635
67660 92.2296
67670 92.2227
67680 92.239
67690 92.2135
67700 92.1689
67710 92.1575
67720 92.1548
67730 92.1329
67740 92.1286
67750 92.1543
67760 92.1473
67770 92.1012
67780 92.0768
67790 92.1172
67800 92.1753
67810 92.1896
67820 92.188
67830 92.2123
67840 92.2492
67850 92.2727
67860 92.268
67870 92.2319
67880 92.2024
67890 92.203
67900 92.2405
67910 92.2645
67920 92.2575
67930 92.2622
67940 92.2643
67950 92.2801
67960 92.317
67970 92.3621
67980 92.4037
67990 92.4528
68000 92.4906
68010 92.5069
68020 92.548
68030 92.6001
68040 92.6318
68050 92.657
68060 92.6951
68070 92.7265
68080 92.7656
68090 92.7839
68100 92.7782
68110 92.7748
68120 92.7912
68130 92.8096
68140 92.8233
68150 92.8392
68160 92.8347
68170 92.8018
68180 92.7799
68190 92.8042
68200 92.8436
68210 92.8714
68220 92.9013
68230 92.9243
68240 92.9328
68250 92.9495
68260 92.9826
68270 93.0245
68280 93.0572
68290 93.0761
68300 93.0812
68310 93.0786
68320 93.0665
68330 93.0512
68340 93.0274
68350 93.0071
68360 92.9986
68370 93.0135
68380 93.0429
68390 93.0486
68400 93.0489
68410 93.0846
68420 93.12
68430 93.1066
68440 93.0664
68450 93.068
68460 93.1056
68470 93.1349
68480 93.0888
68490 93.0538
68500 93.0764
68510 93.1227
68520 93.1567
68530 93.1938
68540 93.2249
68550 93.2571
68560 93.3105
68570 93.3532
68580 93.3502
68590 93.3447
68600 93.377
68610 93.4229
68620 93.4471
68630 93.4684
68640 93.5049
68650 93.5312
68660 93.5467
68670 93.5777
68680 93.6247
68690 93.6561
68700 93.6732
68710 93.679
68720 93.7009
68730 93.7229
68740 93.7146
68750 93.718
68760 93.7658
68770 93.7824
68780 93.7832
68790 93.8099
68800 93.8468
68810 93.8692
68820 93.8707
68830 93.8749
68840 93.857
68850 93.8028
68860 93.7803
68870 93.7895
68880 93.7929
68890 93.7567
68900 93.7113
68910 93.6919
68920 93.6967
68930 93.6771
68940 93.6643
68950 93.685
68960 93.7057
68970 93.7131
68980 93.6853
68990 93.6448
69000 93.6323
69010 93.6551
69020 93.6832
69030 93.7036
69040 93.7168
69050 93.7578
69060 93.8111
69070 93.8319
69080 93.8368
69090 93.8483
69100 93.8421
69110 93.8466
69120 93.8632
69130 93.8765
69140 93.8773
69150 93.8939
69160 93.9348
69170 93.9595
69180 93.9667
69190 93.9874
69200 94.0321
69210 94.0839
69220 94.1058
69230 94.0773
69240 94.0345
69250 94.0432
69260 94.1169
69270 94.1512
69280 94.1221
69290 94.107
69300 94.1443
69310 94.1924
69320 94.1936
69330 94.1688
69340 94.1489
69350 94.1416
69360 94.1448
69370 94.1455
69380 94.1328
69390 94.1223
69400 94.1225
69410 94.1143
69420 94.0826
69430 94.0615
69440 94.0877
69450 94.1561
69460 94.2128
69470 94.2358
69480 94.2282
69490 94.2212
69500 94.2466
69510 94.3236
69520 94.347
69530 94.3319
69540 94.3646
69550 94.4113
69560 94.4064
69570 94.4001
69580 94.4519
69590 94.5145
69600 94.5596
69610 94.5857
69620 94.6015
69630 94.6142
69640 94.6471
69650 94.6971
69660 94.7147
69670 94.7081
69680 94.7077
69690 94.7501
69700 94.7767
69710 94.7656
69720 94.7841
69730 94.845
69740 94.9144
69750 94.9534
69760 94.9386
69770 94.9092
69780 94.8855
69790 94.8743
69800 94.8881
69810 94.9016
69820 94.8923
69830 94.8916
69840 94.9201
69850 94.9101
69860 94.8486
69870 94.8274
69880 94.8823
69890 94.921
69900 94.8808
69910 94.8239
69920 94.824
69930 94.8584
69940 94.8628
69950 94.8641
69960 94.8802
69970 94.9257
69980 94.958
69990 94.9579
70000 94.953
70010 95.0016
70020 95.0617
70030 95.0676
70040 95.0517
70050 95.0641
70060 95.1457
70070 95.2357
70080 95.2413
70090 95.2123
70100 95.2216
70110 95.2643
70120 95.2943
70130 95.2881
70140 95.2898
70150 95.3352
70160 95.3915
70170 95.4193
70180 95.4329
70190 95.4648
70200 95.5135
70210 95.5522
70220 95.5763
70230 95.5892
70240 95.6042
70250 95.6573
70260 95.6977
70270 95.714
70280 95.7041
70290 95.6938
70300 95.6691
70310 95.6492
70320 95.6614
70330 95.6819
70340 95.6884
70350 95.6599
70360 95.6346
70370 95.6213
70380 95.6265
70390 95.6556
70400 95.6719
70410 95.6664
70420 95.6908
70430 95.7559
70440 95.8376
70450 95.8969
70460 95.9391
70470 95.9799
70480 96.0048
70490 96.0071
70500 96.0085
70510 96.0496
70520 96.1171
70530 96.1579
70540 96.1546
70550 96.1433
70560 96.1331
70570 96.1526
70580 96.2056
70590 96.263
70600 96.3103
70610 96.3008
70620 96.2738
70630 96.2723
70640 96.3018
70650 96.351
70660 96.4084
70670 96.4181
70680 96.4119
70690 96.4188
70700 96.4539
70710 96.4949
70720 96.5148
70730 96.5173
70740 96.5239
70750 96.548
70760 96.5613
70770 96.5358
70780 96.5262
70790 96.544
70800 96.5754
70810 96.5893
70820 96.5738
70830 96.5865
70840 96.601
70850 96.5875
70860 96.581
70870 96.6279
70880 96.6881
70890 96.6609
70900 96.5753
70910 96.5302
70920 96.5701
70930 96.638
70940 96.6621
70950 96.6589
70960 96.6692
70970 96.6967
70980 96.7248
70990 96.779
71000 96.8614
71010 96.9227
71020 96.9526
71030 96.9789
71040 97.0011
71050 97.0151
71060 97.0355
71070 97.0543
71080 97.0716
71090 97.0992
71100 97.1308
71110 97.1177
71120 97.0994
71130 97.1255
71140 97.1929
71150 97.2785
71160 97.3183
71170 97.3464
71180 97.3861
71190 97.4543
71200 97.5186
71210 97.5833
71220 97.6349
71230 97.6738
71240 97.6895
71250 97.6793
71260 97.6553
71270 97.6418
71280 97.6538
71290 97.6384
71300 97.6077
71310 97.6135
71320 97.6514
71330 97.6657
71340 97.6615
71350 97.6899
71360 97.731
71370 97.7421
71380 97.7692
71390 97.8378
71400 97.8837
71410 97.8676
71420 97.8514
71430 97.8255
71440 97.8096
71450 97.8146
71460 97.8265
71470 97.8174
71480 97.8041
71490 97.803
71500 97.8184
71510 97.8568
71520 97.9242
71530 97.9747
71540 97.9718
71550 97.9517
71560 97.9504
71570 97.9579
71580 97.9622
71590 97.9922
71600 98.0482
71610 98.0869
71620 98.0925
71630 98.0969
71640 98.1258
71650 98.1875
71660 98.256
71670 98.3133
71680 98.3595
71690 98.3951
71700 98.4351
71710 98.4724
71720 98.487
71730 98.472
71740 98.4403
71750 98.4414
71760 98.5014
71770 98.5497
71780 98.5652
71790 98.5547
71800 98.5624
71810 98.5664
71820 98.5713
71830 98.6006
71840 98.6147
71850 98.5777
71860 98.5247
71870 98.5246
71880 98.5713
71890 98.5991
71900 98.5723
71910 98.5375
71920 98.5438
71930 98.5781
71940 98.5892
71950 98.6183
71960 98.6812
71970 98.7412
71980 98.7171
71990 98.6893
72000 98.7309
72010 98.8022
72020 98.8398
72030 98.8324
72040 98.8077
72050 98.8205
72060 98.8634
72070 98.8897
72080 98.9019
72090 98.8915
72100 98.9041
72110 98.9323
72120 98.9634
72130 98.9895
72140 99.0082
72150 99.058
72160 99.1479
72170 99.2165
72180 99.239
72190 99.256
72200 99.2804
72210 99.2968
72220 99.2896
72230 99.2586
72240 99.2433
72250 99.268
72260 99.2939
72270 99.2701
72280 99.2464
72290 99.2403
72300 99.2582
72310 99.2584
72320 99.2404
72330 99.2446
72340 99.2625
72350 99.2736
72360 99.2837
72370 99.2988
72380 99.3349
72390 99.3702
72400 99.4043
72410 99.4359
72420 99.4565
72430 99.4824
72440 99.4822
72450 99.4551
72460 99.4121
72470 99.3785
72480 99.3841
72490 99.4102
72500 99.4003
72510 99.3915
72520 99.4187
72530 99.4446
72540 99.4343
72550 99.4002
72560 99.4075
72570 99.4717
72580 99.5217
72590 99.53
72600 99.5363
72610 99.5657
72620 99.6063
72630 99.6337
72640 99.6632
72650 99.7018
72660 99.7423
72670 99.7643
72680 99.7772
72690 99.8024
72700 99.8434
72710 99.8791
72720 99.8915
72730 99.8958
72740 99.9024
72750 99.8972
72760 99.8767
72770 99.8679
72780 99.8673
72790 99.8727
72800 99.9121
72810 99.9438
72820 99.9449
72830 99.943
72840 99.9631
72850 100.007
72860 100.033
72870 100.04
72880 100.035
72890 100.034
72900 100.039
72910 100.044
72920 100.044
72930 100.051
72940 100.077
72950 100.085
72960 100.085
72970 100.127
72980 100.197
72990 100.255
73000 100.282
73010 100.311
73020 100.328
73030 100.326
73040 100.325
73050 100.346
73060 100.386
73070 100.41
73080 100.424
73090 100.458
73100 100.502
73110 100.527
73120 100.525
73130 100.527
73140 100.536
73150 100.546
73160 100.566
73170 100.6
73180 100.602
73190 100.581
73200 100.583
73210 100.597
73220 100.601
73230 100.614
73240 100.627
73250 100.653
73260 100.671
73270 100.675
73280 100.666
73290 100.632
73300 100.591
73310 100.594
73320 100.607
73330 100.598
73340 100.607
73350 100.636
73360 100.64
73370 100.59
73380 100.556
73390 100.575
73400 100.571
73410 100.53
73420 100.501
73430 100.516
73440 100.556
73450 100.585
73460 100.601
73470 100.615
73480 100.617
73490 100.639
73500 100.659
73510 100.635
73520 100.62
73530 100.662
73540 100.696
73550 100.676
73560 100.656
73570 100.679
73580 100.723
73590 100.756
73600 100.801
73610 100.86
73620 100.873
73630 100.837
73640 100.821
73650 100.864
73660 100.9
73670 100.892
73680 100.91
73690 100.937
73700 100.919
73710 100.875
73720 100.833
73730 100.782
73740 100.743
73750 100.761
73760 100.796
73770 100.814
73780 100.857
73790 100.908
73800 100.979
73810 101.046
73820 101.102
73830 101.104
73840 101.085
73850 101.087
73860 101.107
73870 101.1
73880 101.087
73890 101.125
73900 101.154
73910 101.141
73920 101.104
73930 101.08
73940 101.053
73950 101.047
73960 101.082
73970 101.108
73980 101.094
73990 101.119
74000 101.169
74010 101.178
74020 101.165
74030 101.189
74040 101.224
74050 101.209
74060 101.143
74070 101.115
74080 101.175
74090 101.218
74100 101.205
74110 101.181
74120 101.172
74130 101.178
74140 101.194
74150 101.205
74160 101.235
74170 101.32
74180 101.405
74190 101.424
74200 101.436
74210 101.465
74220 101.491
74230 101.492
74240 101.461
74250 101.409
74260 101.388
74270 101.395
74280 101.408
74290 101.438
74300 101.488
74310 101.541
74320 101.571
74330 101.572
74340 101.58
74350 101.612
74360 101.634
74370 101.656
74380 101.654
74390 101.657
74400 101.676
74410 101.666
74420 101.665
74430 101.67
74440 101.662
74450 101.649
74460 101.669
74470 101.676
74480 101.649
74490 101.645
74500 101.686
74510 101.68
74520 101.668
74530 101.703
74540 101.754
74550 101.752
74560 101.701
74570 101.655
74580 101.665
74590 101.677
74600 101.667
74610 101.647
74620 101.622
74630 101.637
74640 101.663
74650 101.646
74660 101.637
74670 101.67
74680 101.735
74690 101.798
74700 101.856
74710 101.909
74720 101.943
74730 101.899
74740 101.845
74750 101.848
74760 101.893
74770 101.945
74780 101.935
74790 101.899
74800 101.88
74810 101.904
74820 101.906
74830 101.875
74840 101.851
74850 101.87
74860 101.894
74870 101.917
74880 101.925
74890 101.91
74900 101.913
74910 101.913
74920 101.91
74930 101.9
74940 101.883
74950 101.881
74960 101.892
74970 101.888
74980 101.885
74990 101.932
75000 102.007
75010 102.036
75020 101.994
75030 101.959
75040 101.961
75050 101.981
75060 101.971
75070 101.955
75080 101.967
75090 101.973
75100 101.986
75110 102.039
75120 102.096
75130 102.131
75140 102.173
75150 102.22
75160 102.271
75170 102.322
75180 102.377
75190 102.388
75200 102.361
75210 102.357
75220 102.408
75230 102.464
75240 102.488
75250 102.526
75260 102.567
75270 102.563
75280 102.554
75290 102.598
75300 102.681
75310 102.728
75320 102.736
75330 102.758
75340 102.79
75350 102.789
75360 102.811
75370 102.849
75380 102.85
75390 102.841
75400 102.859
75410 102.868
75420 102.89
75430 102.92
75440 102.948
75450 102.971
75460 102.985
75470 102.999
75480 103.017
75490 103.054
75500 103.088
75510 103.074
75520 103.045
75530 103.033
75540 103.046
75550 103.076
75560 103.115
75570 103.125
75580 103.143
75590 103.173
75600 103.226
75610 103.295
75620 103.368
75630 103.417
75640 103.472
75650 103.517
75660 103.509
75670 103.506
75680 103.538
75690 103.548
75700 103.523
75710 103.506
75720 103.524
75730 103.556
75740 103.593
75750 103.64
75760 103.711
75770 103.8
75780 103.854
75790 103.864
75800 103.848
75810 103.868
75820 103.93
75830 103.973
75840 103.95
75850 103.899
75860 103.937
75870 104.036
75880 104.053
75890 104.019
75900 104.019
75910 104.072
75920 104.126
75930 104.188
75940 104.225
75950 104.207
75960 104.17
75970 104.15
75980 104.122
75990 104.088
76000 104.089
76010 104.109
76020 104.118
76030 104.095
76040 104.105
76050 104.108
76060 104.085
76070 104.067
76080 104.061
76090 104.054
76100 104.034
76110 104.027
76120 104.018
76130 104.017
76140 104.03
76150 104.058
76160 104.103
76170 104.144
76180 104.138
76190 104.105
76200 104.078
76210 104.071
76220 104.083
76230 104.099
76240 104.086
76250 104.061
76260 104.099
76270 104.174
76280 104.204
76290 104.236
76300 104.301
76310 104.34
76320 104.315
76330 104.333
76340 104.469
76350 104.585
76360 104.592
76370 104.55
76380 104.555
76390 104.597
76400 104.627
76410 104.634
76420 104.645
76430 104.622
76440 104.594
76450 104.6
76460 104.645
76470 104.656
76480 104.623
76490 104.606
76500 104.62
76510 104.633
76520 104.621
76530 104.604
76540 104.622
76550 104.663
76560 104.675
76570 104.662
76580 104.674
76590 104.731
76600 104.785
76610 104.796
76620 104.823
76630 104.889
76640 104.938
76650 104.94
76660 104.961
76670 105.004
76680 105.02
76690 105.034
76700 105.089
76710 105.167
76720 105.211
76730 105.237
76740 105.251
76750 105.246
76760 105.235
76770 105.264
76780 105.339
76790 105.417
76800 105.466
76810 105.537
76820 105.625
76830 105.681
76840 105.72
76850 105.771
76860 105.801
76870 105.808
76880 105.848
76890 105.931
76900 106.021
76910 106.061
76920 106.059
76930 106.068
76940 106.128
76950 106.168
76960 106.18
76970 106.209
76980 106.231
76990 106.224
77000 106.219
77010 106.217
77020 106.203
77030 106.197
77040 106.199
77050 106.206
77060 106.231
77070 106.273
77080 106.289
77090 106.282
77100 106.288
77110 106.302
77120 106.337
77130 106.376
77140 106.369
77150 106.379
77160 106.445
77170 106.483
77180 106.481
77190 106.498
77200 106.557
77210 106.602
77220 106.605
77230 106.599
77240 106.587
77250 106.546
77260 106.527
77270 106.535
77280 106.544
77290 106.551
77300 106.566
77310 106.578
77320 106.584
77330 106.588
77340 106.555
77350 106.532
77360 106.536
77370 106.563
77380 106.561
77390 106.528
77400 106.525
77410 106.538
77420 106.551
77430 106.55
77440 106.507
77450 106.455
77460 106.43
77470 106.416
77480 106.399
77490 106.385
77500 106.384
77510 106.368
77520 106.353
77530 106.351
77540 106.35
77550 106.322
77560 106.296
77570 106.32
77580 106.374
77590 106.428
77600 106.476
77610 106.514
77620 106.554
77630 106.602
77640 106.655
77650 106.714
77660 106.752
77670 106.753
77680 106.766
77690 106.787
77700 106.802
77710 106.827
77720 106.885
77730 106.948
77740 107.007
77750 107.105
77760 107.198
77770 107.215
77780 107.193
77790 107.187
77800 107.246
77810 107.312
77820 107.34
77830 107.338
77840 107.321
77850 107.311
77860 107.298
77870 107.278
77880 107.26
77890 107.238
77900 107.198
77910 107.189
77920 107.227
77930 107.259
77940 107.259
77950 107.243
77960 107.256
77970 107.265
77980 107.232
77990 107.199
78000 107.179
78010 107.141
78020 107.124
78030 107.148
78040 107.162
78050 107.15
78060 107.132
78070 107.138
78080 107.159
78090 107.171
78100 107.16
78110 107.149
78120 107.174
78130 107.229
78140 107.293
78150 107.341
78160 107.371
78170 107.406
78180 107.442
78190 107.455
78200 107.476
78210 107.507
78220 107.539
78230 107.591
78240 107.659
78250 107.74
78260 107.786
78270 107.775
78280 107.753
78290 107.771
78300 107.803
78310 107.833
78320 107.832
78330 107.808
78340 107.82
78350 107.898
78360 107.997
78370 108.047
78380 108.057
78390 108.079
78400 108.095
78410 108.104
78420 108.104
78430 108.104
78440 108.095
78450 108.088
78460 108.108
78470 108.116
78480 108.086
78490 108.079
78500 108.091
78510 108.083
78520 108.072
78530 108.084
78540 108.125
78550 108.138
78560 108.108
78570 108.068
78580 108.056
78590 108.068
78600 108.058
78610 108.032
78620 108.014
78630 108.023
78640 108.041
78650 108.046
78660 108.071
78670 108.107
78680 108.125
78690 108.136
78700 108.16
78710 108.163
78720 108.158
78730 108.178
78740 108.19
78750 108.185
78760 108.179
78770 108.177
78780 108.19
78790 108.224
78800 108.273
78810 108.309
78820 108.346
78830 108.363
78840 108.346
78850 108.351
78860 108.402
78870 108.44
78880 108.456
78890 108.478
78900 108.485
78910 108.471
78920 108.488
78930 108.512
78940 108.501
78950 108.471
78960 108.452
78970 108.471
78980 108.539
78990 108.598
79000 108.627
79010 108.622
79020 108.6
79030 108.566
79040 108.57
79050 108.587
79060 108.606
79070 108.635
79080 108.677
79090 108.704
79100 108.693
79110 108.676
79120 108.682
79130 108.697
79140 108.702
79150 108.687
79160 108.639
79170 108.586
79180 108.568
79190 108.562
79200 108.57
79210 108.587
79220 108.586
79230 108.572
79240 108.555
79250 108.569
79260 108.619
79270 108.664
79280 108.674
79290 108.627
79300 108.594
79310 108.587
79320 108.621
79330 108.674
79340 108.712
79350 108.736
79360 108.754
79370 108.769
79380 108.799
79390 108.844
79400 108.846
79410 108.835
79420 108.829
79430 108.81
79440 108.783
79450 108.778
79460 108.815
79470 108.852
79480 108.83
79490 108.785
79500 108.771
79510 108.791
79520 108.809
79530 108.789
79540 108.747
79550 108.711
79560 108.725
79570 108.738
79580 108.715
79590 108.704
79600 108.744
79610 108.78
79620 108.765
79630 108.763
79640 108.791
79650 108.812
79660 108.835
79670 108.869
79680 108.942
79690 108.998
79700 108.981
79710 108.97
79720 108.995
79730 109.005
79740 108.999
79750 109.016
79760 109.062
79770 109.062
79780 109.036
79790 109.04
79800 109.048
79810 109.027
79820 109.016
79830 109.016
79840 109.053
79850 109.111
79860 109.137
79870 109.147
79880 109.174
79890 109.182
79900 109.164
79910 109.153
79920 109.163
79930 109.186
79940 109.224
79950 109.302
79960 109.394
79970 109.43
79980 109.419
79990 109.441
80000 109.506
80010 109.551
80020 109.526
80030 109.478
80040 109.451
80050 109.453
80060 109.43
80070 109.406
80080 109.444
80090 109.506
80100 109.525
80110 109.479
80120 109.452
80130 109.475
80140 109.531
80150 109.566
80160 109.556
80170 109.508
80180 109.494
80190 109.543
80200 109.605
80210 109.664
80220 109.708
80230 109.718
80240 109.69
80250 109.655
80260 109.633
80270 109.634
80280 109.627
80290 109.584
80300 109.57
80310 109.621
80320 109.67
80330 109.652
80340 109.655
80350 109.7
80360 109.723
80370 109.719
80380 109.732
80390 109.778
80400 109.834
80410 109.885
80420 109.917
80430 109.932
80440 109.956
80450 110.007
80460 110.089
80470 110.157
80480 110.21
80490 110.265
80500 110.295
80510 110.295
80520 110.287
80530 110.295
80540 110.325
80550 110.337
80560 110.324
80570 110.342
80580 110.392
80590 110.416
80600 110.44
80610 110.451
80620 110.46
80630 110.473
80640 110.501
80650 110.489
80660 110.463
80670 110.471
80680 110.528
80690 110.584
80700 110.603
80710 110.655
80720 110.73
80730 110.797
80740 110.841
80750 110.89
80760 110.94
80770 110.978
80780 111.011
80790 111.058
80800 111.091
80810 111.093
80820 111.09
80830 111.151
80840 111.218
80850 111.233
80860 111.249
80870 111.312
80880 111.345
80890 111.352
80900 111.407
80910 111.491
80920 111.579
80930 111.638
80940 111.689
80950 111.76
80960 111.813
80970 111.828
80980 111.852
80990 111.898
81000 111.927
81010 111.914
81020 111.869
81030 111.844
81040 111.873
81050 111.958
81060 112.025
81070 112.033
81080 112.037
81090 112.057
81100 112.062
81110 112.054
81120 112.062
81130 112.089
81140 112.116
81150 112.135
81160 112.146
81170 112.146
81180 112.154
81190 112.179
81200 112.225
81210 112.299
81220 112.328
81230 112.344
81240 112.388
81250 112.403
81260 112.37
81270 112.337
81280 112.334
81290 112.308
81300 112.271
81310 112.261
81320 112.273
81330 112.279
81340 112.264
81350 112.259
81360 112.29
81370 112.321
81380 112.342
81390 112.376
81400 112.428
81410 112.456
81420 112.432
81430 112.413
81440 112.458
81450 112.504
81460 112.514
81470 112.53
81480 112.58
81490 112.626
81500 112.651
81510 112.675
81520 112.695
81530 112.703
81540 112.733
81550 112.746
81560 112.713
81570 112.68
81580 112.666
81590 112.664
81600 112.652
81610 112.638
81620 112.591
81630 112.518
81640 112.513
81650 112.591
81660 112.632
81670 112.601
81680 112.571
81690 112.567
81700 112.577
81710 112.61
81720 112.659
81730 112.689
81740 112.706
81750 112.773
81760 112.829
81770 112.823
81780 112.815
81790 112.823
81800 112.805
81810 112.761
81820 112.742
81830 112.748
81840 112.767
81850 112.803
81860 112.818
81870 112.806
81880 112.804
81890 112.852
81900 112.875
81910 112.845
81920 112.832
81930 112.861
81940 112.862
81950 112.804
81960 112.782
81970 112.792
81980 112.786
81990 112.774
82000 112.772
82010 112.797
82020 112.812
82030 112.837
82040 112.834
82050 112.834
82060 112.831
82070 112.831
82080 112.828
82090 112.821
82100 112.847
82110 112.877
82120 112.859
82130 112.864
82140 112.94
82150 113.034
82160 113.068
82170 113.081
82180 113.14
82190 113.207
82200 113.271
82210 113.371
82220 113.468
82230 113.502
82240 113.502
82250 113.523
82260 113.567
82270 113.593
82280 113.586
82290 113.6
82300 113.629
82310 113.649
82320 113.694
82330 113.762
82340 113.815
82350 113.829
82360 113.856
82370 113.897
82380 113.872
82390 113.823
82400 113.834
82410 113.849
82420 113.84
82430 113.812
82440 113.795
82450 113.819
82460 113.839
82470 113.861
82480 113.87
82490 113.855
82500 113.827
82510 113.844
82520 113.891
82530 113.924
82540 113.923
82550 113.892
82560 113.868
82570 113.885
82580 113.941
82590 113.973
82600 113.97
82610 113.97
82620 113.986
82630 113.99
82640 113.978
82650 113.97
82660 114.005
82670 114.057
82680 114.071
82690 114.014
82700 113.954
82710 113.939
82720 113.931
82730 113.927
82740 113.956
82750 114.024
82760 114.076
82770 114.058
82780 114.03
82790 114.038
82800 114.054
82810 114.099
82820 114.161
82830 114.24
82840 114.28
82850 114.241
82860 114.212
82870 114.216
82880 114.211
82890 114.225
82900 114.246
82910 114.246
82920 114.25
82930 114.272
82940 114.321
82950 114.335
82960 114.297
82970 114.272
82980 114.289
82990 114.286
83000 114.23
83010 114.186
83020 114.194
83030 114.231
83040 114.244
83050 114.239
83060 114.185
83070 114.123
83080 114.096
83090 114.099
83100 114.061
83110 114.038
83120 114.059
83130 114.053
83140 114.014
83150 114.017
83160 114.072
83170 114.093
83180 114.06
83190 114.05
83200 114.101
83210 114.142
83220 114.152
83230 114.175
83240 114.189
83250 114.161
83260 114.125
83270 114.099
83280 114.055
83290 114.001
83300 113.958
83310 113.959
83320 113.991
83330 114.042
83340 114.077
83350 114.065
83360 114.053
83370 114.097
83380 114.147
83390 114.147
83400 114.15
83410 114.18
83420 114.188
83430 114.196
83440 114.235
83450 114.247
83460 114.235
83470 114.251
83480 114.287
83490 114.327
83500 114.386
83510 114.426
83520 114.422
83530 114.41
83540 114.429
83550 114.442
83560 114.422
83570 114.407
83580 114.427
83590 114.454
83600 114.431
83610 114.386
83620 114.391
83630 114.431
83640 114.443
83650 114.431
83660 114.45
83670 114.525
83680 114.576
83690 114.572
83700 114.531
83710 114.515
83720 114.547
83730 114.566
83740 114.553
83750 114.531
83760 114.498
83770 114.496
83780 114.525
83790 114.536
83800 114.524
83810 114.509
83820 114.487
83830 114.5
83840 114.565
83850 114.617
83860 114.644
83870 114.659
83880 114.655
83890 114.634
83900 114.613
83910 114.64
83920 114.684
83930 114.714
83940 114.742
83950 114.765
83960 114.738
83970 114.698
83980 114.733
83990 114.821
84000 114.864
84010 114.83
84020 114.793
84030 114.791
84040 114.825
84050 114.882
84060 114.915
84070 114.885
84080 114.849
84090 114.844
84100 114.85
84110 114.873
84120 114.932
84130 114.955
84140 114.96
84150 114.99
84160 115.026
84170 115.029
84180 114.992
84190 114.977
84200 115.014
84210 115.07
84220 115.083
84230 115.098
84240 115.159
84250 115.217
84260 115.248
84270 115.28
84280 115.314
84290 115.339
84300 115.37
84310 115.426
84320 115.483
84330 115.5
84340 115.49
84350 115.496
84360 115.526
84370 115.562
84380 115.565
84390 115.566
84400 115.597
84410 115.631
84420 115.663
84430 115.708
84440 115.75
84450 115.818
84460 115.867
84470 115.865
84480 115.85
84490 115.847
84500 115.851
84510 115.848
84520 115.842
84530 115.871
84540 115.903
84550 115.939
84560 115.994
84570 116.04
84580 116.061
84590 116.102
84600 116.173
84610 116.241
84620 116.275
84630 116.277
84640 116.284
84650 116.321
84660 116.377
84670 116.404
84680 116.384
84690 116.381
84700 116.425
84710 116.487
84720 116.492
84730 116.486
84740 116.493
84750 116.498
84760 116.507
84770 116.495
84780 116.493
84790 116.525
84800 116.577
84810 116.62
84820 116.644
84830 116.635
84840 116.623
84850 116.638
84860 116.641
84870 116.61
84880 116.623
84890 116.729
84900 116.833
84910 116.883
84920 116.884
84930 116.891
84940 116.916
84950 116.968
84960 117.039
84970 117.098
84980 117.14
84990 117.177
85000 117.242
85010 117.298
85020 117.336
85030 117.391
85040 117.449
85050 117.487
85060 117.542
85070 117.618
85080 117.668
85090 117.693
85100 117.729
85110 117.763
85120 117.754
85130 117.764
85140 117.808
85150 117.866
85160 117.878
85170 117.863
85180 117.879
85190 117.904
85200 117.879
85210 117.841
85220 117.809
85230 117.766
85240 117.763
85250 117.756
85260 117.741
85270 117.758
85280 117.783
85290 117.788
85300 117.774
85310 117.727
85320 117.703
85330 117.739
85340 117.779
85350 117.808
85360 117.818
85370 117.813
85380 117.795
85390 117.819
85400 117.87
85410 117.881
85420 117.868
85430 117.886
85440 117.901
85450 117.899
85460 117.905
85470 117.916
85480 117.892
85490 117.879
85500 117.905
85510 117.935
85520 117.89
85530 117.825
85540 117.827
85550 117.912
85560 117.969
85570 117.987
85580 118.036
85590 118.095
85600 118.138
85610 118.16
85620 118.178
85630 118.189
85640 118.176
85650 118.176
85660 118.23
85670 118.283
85680 118.275
85690 118.229
85700 118.261
85710 118.353
85720 118.363
85730 118.311
85740 118.342
85750 118.453
85760 118.485
85770 118.462
85780 118.483
85790 118.543
85800 118.551
85810 118.552
85820 118.584
85830 118.604
85840 118.601
85850 118.659
85860 118.747
85870 118.805
85880 118.834
85890 118.882
85900 118.897
85910 118.877
85920 118.928
85930 118.985
85940 118.95
85950 118.903
85960 118.898
85970 118.876
85980 118.826
85990 118.784
86000 118.756
86010 118.756
86020 118.783
86030 118.809
86040 118.804
86050 118.807
86060 118.84
86070 118.883
86080 118.877
86090 118.87
86100 118.887
86110 118.9
86120 118.899
86130 118.922
86140 118.97
86150 119.014
86160 119.016
86170 118.986
86180 119.003
86190 119.034
86200 119.041
86210 119.036
86220 119.057
86230 119.109
86240 119.135
86250 119.11
86260 119.052
86270 118.994
86280 118.961
86290 118.953
86300 118.953
86310 118.948
86320 118.95
86330 118.941
86340 118.935
86350 118.96
86360 119.01
86370 119.047
86380 119.096
86390 119.131
86400 119.129
86410 119.143
86420 119.179
86430 119.181
86440 119.147
86450 119.147
86460 119.193
86470 119.234
86480 119.272
86490 119.319
86500 119.377
86510 119.452
86520 119.507
86530 119.53
86540 119.552
86550 119.562
86560 119.545
86570 119.506
86580 119.463
86590 119.425
86600 119.395
86610 119.376
86620 119.396
86630 119.455
86640 119.54
86650 119.605
86660 119.649
86670 119.715
86680 119.777
86690 119.806
86700 119.825
86710 119.864
86720 119.941
86730 120
86740 120.029
86750 120.057
86760 120.106
86770 120.14
86780 120.154
86790 120.183
86800 120.226
86810 120.289
86820 120.317
86830 120.338
86840 120.382
86850 120.408
86860 120.395
86870 120.373
86880 120.369
86890 120.422
86900 120.493
86910 120.528
86920 120.515
86930 120.489
86940 120.495
86950 120.532
86960 120.544
86970 120.509
86980 120.464
86990 120.496
87000 120.56
87010 120.587
87020 120.568
87030 120.561
87040 120.582
87050 120.626
87060 120.646
87070 120.625
87080 120.616
87090 120.632
87100 120.673
87110 120.705
87120 120.692
87130 120.659
87140 120.629
87150 120.631
87160 120.638
87170 120.658
87180 120.704
87190 120.741
87200 120.779
87210 120.804
87220 120.836
87230 120.885
87240 120.927
87250 120.953
87260 120.99
87270 121.041
87280 121.124
87290 121.194
87300 121.267
87310 121.349
87320 121.388
87330 121.411
87340 121.42
87350 121.426
87360 121.423
87370 121.408
87380 121.389
87390 121.373
87400 121.4
87410 121.452
87420 121.486
87430 121.522
87440 121.553
87450 121.586
87460 121.593
87470 121.599
87480 121.587
87490 121.539
87500 121.476
87510 121.454
87520 121.483
87530 121.523
87540 121.568
87550 121.642
87560 121.69
87570 121.68
87580 121.709
87590 121.79
87600 121.866
87610 121.915
87620 121.939
87630 121.928
87640 121.902
87650 121.916
87660 121.977
87670 122.002
87680 122
87690 122.048
87700 122.129
87710 122.195
87720 122.244
87730 122.318
87740 122.384
87750 122.416
87760 122.44
87770 122.449
87780 122.434
87790 122.477
87800 122.546
87810 122.598
87820 122.603
87830 122.55
87840 122.532
87850 122.577
87860 122.644
87870 122.64
87880 122.578
87890 122.548
87900 122.54
87910 122.499
87920 122.417
87930 122.369
87940 122.341
87950 122.308
87960 122.287
87970 122.284
87980 122.309
87990 122.343
88000 122.358
88010 122.367
88020 122.378
88030 122.379
88040 122.396
88050 122.412
88060 122.388
88070 122.344
88080 122.338
88090 122.38
88100 122.397
88110 122.366
88120 122.357
88130 122.375
88140 122.408
88150 122.463
88160 122.529
88170 122.565
88180 122.554
88190 122.498
88200 122.488
88210 122.53
88220 122.541
88230 122.504
88240 122.48
88250 122.518
88260 122.549
88270 122.557
88280 122.596
88290 122.658
88300 122.693
88310 122.715
88320 122.755
88330 122.827
88340 122.859
88350 122.848
88360 122.824
88370 122.825
88380 122.854
88390 122.875
88400 122.886
88410 122.886
88420 122.865
88430 122.843
88440 122.841
88450 122.839
88460 122.846
88470 122.883
88480 122.933
88490 122.974
88500 123.005
88510 123.04
88520 123.08
88530 123.106
88540 123.101
88550 123.081
88560 123.059
88570 123.047
88580 123.065
88590 123.129
88600 123.185
88610 123.182
88620 123.166
88630 123.214
88640 123.308
88650 123.365
88660 123.375
88670 123.379
88680 123.417
88690 123.475
88700 123.544
88710 123.618
88720 123.683
88730 123.734
88740 123.776
88750 123.784
88760 123.789
88770 123.792
88780 123.796
88790 123.783
88800 123.784
88810 123.831
88820 123.859
88830 123.833
88840 123.8
88850 123.821
88860 123.845
88870 123.818
88880 123.791
88890 123.79
88900 123.784
88910 123.768
88920 123.769
88930 123.806
88940 123.852
88950 123.899
88960 123.918
88970 123.919
88980 123.975
88990 124.049
89000 124.053
89010 124.034
89020 124.034
89030 124.049
89040 124.049
89050 124.047
89060 124.033
89070 123.999
89080 123.977
89090 123.959
89100 123.961
89110 123.977
89120 123.978
89130 123.934
89140 123.891
89150 123.918
89160 123.945
89170 123.947
89180 123.961
89190 123.973
89200 123.951
89210 123.938
89220 123.981
89230 124.014
89240 123.975
89250 123.921
89260 123.902
89270 123.883
89280 123.885
89290 123.928
89300 123.994
89310 124.034
89320 124.067
89330 124.109
89340 124.177
89350 124.233
89360 124.263
89370 124.243
89380 124.218
89390 124.256
89400 124.338
89410 124.365
89420 124.365
89430 124.403
89440 124.493
89450 124.594
89460 124.649
89470 124.66
89480 124.661
89490 124.669
89500 124.627
89510 124.548
89520 124.514
89530 124.519
89540 124.485
89550 124.423
89560 124.418
89570 124.484
89580 124.533
89590 124.548
89600 124.547
89610 124.527
89620 124.543
89630 124.558
89640 124.542
89650 124.555
89660 124.579
89670 124.568
89680 124.573
89690 124.633
89700 124.703
89710 124.745
89720 124.769
89730 124.808
89740 124.828
89750 124.831
89760 124.836
89770 124.873
89780 124.893
89790 124.866
89800 124.821
89810 124.823
89820 124.883
89830 124.953
89840 124.978
89850 124.976
89860 124.998
89870 125.015
89880 124.995
89890 124.991
89900 124.996
89910 124.981
89920 124.964
89930 124.988
89940 125.009
89950 125.001
89960 124.99
89970 125.021
89980 125.07
89990 125.105
90000 125.111
90010 125.095
90020 125.095
90030 125.101
90040 125.099
90050 125.076
90060 125.058
90070 125.032
90080 124.976
90090 124.949
90100 124.987
90110 125.013
90120 124.997
90130 124.949
90140 124.948
90150 124.998
90160 125.058
90170 125.111
90180 125.149
90190 125.189
90200 125.241
90210 125.3
90220 125.299
90230 125.271
90240 125.285
90250 125.356
90260 125.403
90270 125.432
90280 125.485
90290 125.577
90300 125.66
90310 125.721
90320 125.775
90330 125.82
90340 125.844
90350 125.89
90360 125.957
90370 125.974
90380 125.922
90390 125.903
90400 125.946
90410 125.942
90420 125.867
90430 125.829
90440 125.874
90450 125.901
90460 125.856
90470 125.846
90480 125.901
90490 125.944
90500 125.953
90510 125.974
90520 125.998
90530 126.026
90540 126.044
90550 126.055
90560 126.066
90570 126.067
90580 126.054
90590 126.039
90600 126.006
90610 125.991
90620 126.006
90630 126.032
90640 126.069
90650 126.101
90660 126.107
90670 126.09
90680 126.072
90690 126.057
90700 126.023
90710 125.972
90720 125.947
90730 125.984
90740 126.044
90750 126.076
90760 126.08
90770 126.104
90780 126.129
90790 126.142
90800 126.121
90810 126.102
90820 126.11
90830 126.114
90840 126.119
90850 126.16
90860 126.178
90870 126.168
90880 126.155
90890 126.122
90900 126.115
90910 126.13
90920 126.126
90930 126.1
90940 126.092
90950 126.116
90960 126.129
90970 126.115
90980 126.118
90990 126.142
91000 126.158
91010 126.139
91020 126.093
91030 126.053
91040 126.044
91050 126.045
91060 126.052
91070 126.063
91080 126.094
91090 126.115
91100 126.11
91110 126.149
91120 126.209
91130 126.217
91140 126.18
91150 126.146
91160 126.13
91170 126.094
91180 126.064
91190 126.069
91200 126.087
91210 126.106
91220 126.126
91230 126.147
91240 126.155
91250 126.183
91260 126.238
91270 126.281
91280 126.288
91290 126.267
91300 126.262
91310 126.263
91320 126.271
91330 126.308
91340 126.37
91350 126.38
91360 126.391
91370 126.436
91380 126.466
91390 126.48
91400 126.478
91410 126.473
91420 126.495
91430 126.494
91440 126.474
91450 126.461
91460 126.491
91470 126.539
91480 126.574
91490 126.599
91500 126.628
91510 126.647
91520 126.663
91530 126.694
91540 126.741
91550 126.769
91560 126.782
91570 126.824
91580 126.86
91590 126.87
91600 126.892
91610 126.93
91620 126.937
91630 126.918
91640 126.925
91650 126.991
91660 127.055
91670 127.062
91680 127.032
91690 127
91700 127.015
91710 127.053
91720 127.076
91730 127.059
91740 127.027
91750 127.028
91760 127.07
91770 127.105
91780 127.091
91790 127.073
91800 127.078
91810 127.083
91820 127.085
91830 127.09
91840 127.106
91850 127.138
91860 127.165
91870 127.173
91880 127.166
91890 127.161
91900 127.177
91910 127.218
91920 127.218
91930 127.175
91940 127.134
91950 127.121
91960 127.139
91970 127.169
91980 127.216
91990 127.26
92000 127.3
92010 127.33
92020 127.378
92030 127.465
92040 127.563
92050 127.621
92060 127.643
92070 127.669
92080 127.695
92090 127.703
92100 127.71
92110 127.712
92120 127.691
92130 127.663
92140 127.64
92150 127.613
92160 127.585
92170 127.601
92180 127.657
92190 127.687
92200 127.67
92210 127.645
92220 127.64
92230 127.653
92240 127.67
92250 127.674
92260 127.712
92270 127.781
92280 127.825
92290 127.852
92300 127.87
92310 127.876
92320 127.877
92330 127.906
92340 127.968
92350 128.035
92360 128.044
92370 128.018
92380 128.051
92390 128.154
92400 128.222
92410 128.24
92420 128.26
92430 128.302
92440 128.348
92450 128.386
92460 128.421
92470 128.4
92480 128.364
92490 128.385
92500 128.466
92510 128.492
92520 128.482
92530 128.504
92540 128.573
92550 128.599
92560 128.575
92570 128.569
92580 128.549
92590 128.484
92600 128.465
92610 128.518
92620 128.544
92630 128.479
92640 128.405
92650 128.368
92660 128.324
92670 128.249
92680 128.207
92690 128.205
92700 128.203
92710 128.23
92720 128.293
92730 128.346
92740 128.371
92750 128.394
92760 128.458
92770 128.542
92780 128.578
92790 128.6
92800 128.63
92810 128.664
92820 128.7
92830 128.744
92840 128.793
92850 128.827
92860 128.827
92870 128.81
92880 128.816
92890 128.813
92900 128.785
92910 128.768
92920 128.764
92930 128.756
92940 128.754
92950 128.749
92960 128.716
92970 128.663
92980 128.632
92990 128.64
93000 128.617
93010 128.601
93020 128.641
93030 128.647
93040 128.625
93050 128.661
93060 128.708
93070 128.697
93080 128.693
93090 128.75
93100 128.816
93110 128.862
93120 128.871
93130 128.84
93140 128.841
93150 128.882
93160 128.916
93170 128.917
93180 128.962
93190 129.062
93200 129.127
93210 129.156
93220 129.194
93230 129.214
93240 129.216
93250 129.221
93260 129.197
93270 129.164
93280 129.168
93290 129.149
93300 129.109
93310 129.074
93320 129.056
93330 129.038
93340 129.037
93350 129.077
93360 129.146
93370 129.207
93380 129.221
93390 129.228
93400 129.261
93410 129.328
93420 129.378
93430 129.405
93440 129.437
93450 129.49
93460 129.502
93470 129.47
93480 129.483
93490 129.562
93500 129.644
93510 129.683
93520 129.678
93530 129.697
93540 129.729
93550 129.742
93560 129.739
93570 129.709
93580 129.715
93590 129.787
93600 129.866
93610 129.912
93620 129.935
93630 129.947
93640 129.931
93650 129.926
93660 129.952
93670 129.959
93680 129.894
93690 129.828
93700 129.829
93710 129.876
93720 129.894
93730 129.866
93740 129.879
93750 129.909
93760 129.89
93770 129.882
93780 129.909
93790 129.957
93800 129.964
93810 129.934
93820 129.922
93830 129.949
93840 129.983
93850 130.018
93860 130.055
93870 130.104
93880 130.139
93890 130.175
93900 130.227
93910 130.267
93920 130.281
93930 130.303
93940 130.324
93950 130.332
93960 130.381
93970 130.463
93980 130.512
93990 130.53
94000 130.566
94010 130.571
94020 130.547
94030 130.533
94040 130.538
94050 130.532
94060 130.5
94070 130.472
94080 130.432
94090 130.378
94100 130.343
94110 130.36
94120 130.419
94130 130.446
94140 130.408
94150 130.389
94160 130.448
94170 130.529
94180 130.559
94190 130.537
94200 130.486
94210 130.441
94220 130.418
94230 130.455
94240 130.494
94250 130.481
94260 130.472
94270 130.502
94280 130.546
94290 130.568
94300 130.596
94310 130.628
94320 130.621
94330 130.592
94340 130.589
94350 130.619
94360 130.638
94370 130.604
94380 130.573
94390 130.574
94400 130.573
94410 130.551
94420 130.504
94430 130.458
94440 130.434
94450 130.403
94460 130.391
94470 130.413
94480 130.423
94490 130.445
94500 130.492
94510 130.53
94520 130.553
94530 130.593
94540 130.661
94550 130.719
94560 130.761
94570 130.82
94580 130.898
94590 130.927
94600 130.916
94610 130.911
94620 130.916
94630 130.908
94640 130.895
94650 130.895
94660 130.927
94670 130.957
94680 130.988
94690 130.996
94700 130.99
94710 130.975
94720 130.976
94730 130.982
94740 130.974
94750 130.969
94760 130.982
94770 131.003
94780 130.985
94790 130.948
94800 130.954
94810 130.992
94820 131
94830 130.969
94840 130.938
94850 130.959
94860 131.007
94870 131.026
94880 131.018
94890 131.039
94900 131.076
94910 131.092
94920 131.115
94930 131.161
94940 131.225
94950 131.277
94960 131.325
94970 131.366
94980 131.353
94990 131.307
95000 131.294
95010 131.32
95020 131.353
95030 131.395
95040 131.424
95050 131.423
95060 131.413
95070 131.411
95080 131.419
95090 131.453
95100 131.506
95110 131.53
95120 131.539
95130 131.559
95140 131.596
95150 131.646
95160 131.661
95170 131.688
95180 131.769
95190 131.846
95200 131.866
95210 131.893
95220 131.956
95230 132.004
95240 132.036
95250 132.035
95260 132.006
95270 131.947
95280 131.898
95290 131.908
95300 131.952
95310 131.991
95320 132.009
95330 131.997
95340 131.977
95350 131.975
95360 131.998
95370 132.027
95380 132.063
95390 132.058
95400 132.012
95410 131.963
95420 131.958
95430 131.985
95440 132.005
95450 132.004
95460 132.007
95470 132.027
95480 132.065
95490 132.128
95500 132.226
95510 132.286
95520 132.273
95530 132.263
95540 132.275
95550 132.245
95560 132.221
95570 132.232
95580 132.26
95590 132.264
95600 132.309
95610 132.408
95620 132.466
95630 132.462
95640 132.45
95650 132.447
95660 132.435
95670 132.488
95680 132.57
95690 132.567
95700 132.513
95710 132.485
95720 132.506
95730 132.531
95740 132.553
95750 132.582
95760 132.576
95770 132.533
95780 132.516
95790 132.537
95800 132.6
95810 132.633
95820 132.622
95830 132.633
95840 132.668
95850 132.674
95860 132.662
95870 132.696
95880 132.771
95890 132.83
95900 132.861
95910 132.921
95920 133.002
95930 133.093
95940 133.142
95950 133.169
95960 133.187
95970 133.19
95980 133.178
95990 133.174
96000 133.144
96010 133.103
96020 133.109
96030 133.11
96040 133.132
96050 133.152
96060 133.154
96070 133.132
96080 133.123
96090 133.165
96100 133.237
96110 133.241
96120 133.171
96130 133.149
96140 133.181
96150 133.227
96160 133.284
96170 133.351
96180 133.416
96190 133.451
96200 133.478
96210 133.532
96220 133.574
96230 133.608
96240 133.644
96250 133.664
96260 133.68
96270 133.678
96280 133.671
96290 133.691
96300 133.698
96310 133.662
96320 133.665
96330 133.709
96340 133.732
96350 133.687
96360 133.643
96370 133.665
96380 133.718
96390 133.729
96400 133.705
96410 133.7
96420 133.718
96430 133.724
96440 133.712
96450 133.709
96460 133.713
96470 133.704
96480 133.72
96490 133.742
96500 133.774
96510 133.808
96520 133.832
96530 133.846
96540 133.835
96550 133.794
96560 133.768
96570 133.768
96580 133.775
96590 133.736
96600 133.704
96610 133.684
96620 133.668
96630 133.683
96640 133.719
96650 133.748
96660 133.764
96670 133.772
96680 133.796
96690 133.799
96700 133.801
96710 133.832
96720 133.86
96730 133.848
96740 133.824
96750 133.829
96760 133.843
96770 133.85
96780 133.866
96790 133.851
96800 133.82
96810 133.785
96820 133.785
96830 133.777
96840 133.737
96850 133.716
96860 133.719
96870 133.717
96880 133.69
96890 133.66
96900 133.631
96910 133.597
96920 133.55
96930 133.536
96940 133.555
96950 133.559
96960 133.564
96970 133.566
96980 133.561
96990 133.566
97000 133.588
97010 133.629
97020 133.657
97030 133.704
97040 133.752
97050 133.795
97060 133.822
97070 133.822
97080 133.842
97090 133.855
97100 133.824
97110 133.787
97120 133.792
97130 133.824
97140 133.85
97150 133.835
97160 133.778
97170 133.772
97180 133.836
97190 133.866
97200 133.81
97210 133.759
97220 133.744
97230 133.73
97240 133.704
97250 133.676
97260 133.667
97270 133.668
97280 133.646
97290 133.623
97300 133.636
97310 133.645
97320 133.622
97330 133.621
97340 133.704
97350 133.773
97360 133.769
97370 133.728
97380 133.738
97390 133.793
97400 133.823
97410 133.802
97420 133.783
97430 133.774
97440 133.755
97450 133.715
97460 133.655
97470 133.615
97480 133.588
97490 133.569
97500 133.582
97510 133.637
97520 133.698
97530 133.734
97540 133.732
97550 133.738
97560 133.788
97570 133.853
97580 133.873
97590 133.859
97600 133.851
97610 133.874
97620 133.901
97630 133.935
97640 133.953
97650 133.989
97660 134.077
97670 134.177
97680 134.244
97690 134.276
97700 134.284
97710 134.301
97720 134.348
97730 134.378
97740 134.377
97750 134.4
97760 134.445
97770 134.471
97780 134.496
97790 134.544
97800 134.55
97810 134.525
97820 134.586
97830 134.685
97840 134.7
97850 134.655
97860 134.653
97870 134.659
97880 134.61
97890 134.569
97900 134.562
97910 134.568
97920 134.594
97930 134.657
97940 134.699
97950 134.704
97960 134.692
97970 134.734
97980 134.821
97990 134.834
98000 134.779
98010 134.757
98020 134.751
98030 134.724
98040 134.728
98050 134.765
98060 134.78
98070 134.74
98080 134.684
98090 134.662
98100 134.66
98110 134.665
98120 134.645
98130 134.624
98140 134.607
98150 134.606
98160 134.636
98170 134.677
98180 134.709
98190 134.759
98200 134.799
98210 134.781
98220 134.745
98230 134.762
98240 134.771
98250 134.735
98260 134.692
98270 134.698
98280 134.724
98290 134.709
98300 134.695
98310 134.723
98320 134.748
98330 134.722
98340 134.729
98350 134.758
98360 134.789
98370 134.859
98380 134.944
98390 135
98400 135.015
98410 134.995
98420 134.977
98430 134.963
98440 134.964
98450 134.957
98460 134.941
98470 134.96
98480 134.968
98490 134.954
98500 134.948
98510 134.969
98520 135.012
98530 135.061
98540 135.084
98550 135.091
98560 135.126
98570 135.187
98580 135.195
98590 135.16
98600 135.165
98610 135.231
98620 135.277
98630 135.29
98640 135.285
98650 135.285
98660 135.277
98670 135.255
98680 135.267
98690 135.29
98700 135.272
98710 135.215
98720 135.174
98730 135.128
98740 135.088
98750 135.102
98760 135.132
98770 135.118
98780 135.084
98790 135.044
98800 134.992
98810 134.94
98820 134.955
98830 135.003
98840 135.013
98850 135.036
98860 135.111
98870 135.198
98880 135.264
98890 135.296
98900 135.325
98910 135.354
98920 135.369
98930 135.432
98940 135.57
98950 135.675
98960 135.709
98970 135.749
98980 135.845
98990 135.935
99000 135.968
99010 135.965
99020 135.967
99030 136.002
99040 136.065
99050 136.081
99060 136.078
99070 136.114
99080 136.17
99090 136.218
99100 136.276
99110 136.324
99120 136.343
99130 136.348
99140 136.41
99150 136.531
99160 136.626
99170 136.665
99180 136.675
99190 136.705
99200 136.75
99210 136.773
99220 136.797
99230 136.832
99240 136.847
99250 136.818
99260 136.814
99270 136.866
99280 136.917
99290 136.913
99300 136.924
99310 136.957
99320 136.992
99330 137.032
99340 137.07
99350 137.076
99360 137.061
99370 137.07
99380 137.129
99390 137.178
99400 137.187
99410 137.155
99420 137.109
99430 137.083
99440 137.077
99450 137.072
99460 137.058
99470 137.054
99480 137.059
99490 137.046
99500 137.027
99510 137.029
99520 137.079
99530 137.147
99540 137.194
99550 137.205
99560 137.198
99570 137.197
99580 137.2
99590 137.218
99600 137.239
99610 137.231
99620 137.203
99630 137.226
99640 137.311
99650 137.368
99660 137.365
99670 137.37
99680 137.407
99690 137.435
99700 137.416
99710 137.412
99720 137.44
99730 137.44
99740 137.448
99750 137.487
99760 137.533
99770 137.563
99780 137.605
99790 137.662
99800 137.737
99810 137.81
99820 137.87
99830 137.902
99840 137.923
99850 137.939
99860 137.994
99870 138.069
99880 138.124
99890 138.175
99900 138.215
99910 138.261
99920 138.304
99930 138.336
99940 138.393
99950 138.479
99960 138.524
99970 138.534
99980 138.571
99990 138.651
100000 138.725
100010 138.738
100020 138.741
100030 138.769
100040 138.766
100050 138.746
100060 138.8
100070 138.858
100080 138.852
100090 138.825
100100 138.819
100110 138.865
100120 138.964
100130 139.036
100140 139.049
100150 139.064
100160 139.109
100170 139.163
100180 139.187
100190 139.2
100200 139.225
100210 139.272
100220 139.344
100230 139.405
100240 139.464
100250 139.517
100260 139.565
100270 139.574
100280 139.557
100290 139.554
100300 139.604
100310 139.649
100320 139.651
100330 139.616
100340 139.575
100350 139.573
100360 139.592
100370 139.563
100380 139.484
100390 139.405
100400 139.413
100410 139.46
100420 139.445
100430 139.393
100440 139.42
100450 139.472
100460 139.457
100470 139.416
100480 139.459
100490 139.568
100500 139.599
100510 139.574
100520 139.599
100530 139.671
100540 139.698
100550 139.659
100560 139.635
100570 139.657
100580 139.714
100590 139.77
100600 139.787
100610 139.806
100620 139.834
100630 139.851
100640 139.836
100650 139.828
100660 139.811
100670 139.798
100680 139.818
100690 139.81
100700 139.752
100710 139.714
100720 139.706
100730 139.713
100740 139.734
100750 139.801
100760 139.846
100770 139.835
100780 139.816
100790 139.835
100800 139.847
100810 139.85
100820 139.899
100830 139.932
100840 139.874
100850 139.819
100860 139.844
100870 139.897
100880 139.899
100890 139.9
100900 139.942
100910 139.936
100920 139.913
100930 139.929
100940 139.941
100950 139.908
100960 139.898
100970 139.937
100980 139.973
100990 140
101000 140.044
101010 140.126
101020 140.198
101030 140.262
101040 140.296
101050 140.316
101060 140.311
101070 140.31
101080 140.361
101090 140.45
101100 140.514
101110 140.545
101120 140.55
101130 140.517
101140 140.445
101150 140.384
101160 140.379
101170 140.411
101180 140.401
101190 140.338
101200 140.278
101210 140.267
101220 140.297
101230 140.37
101240 140.418
101250 140.421
101260 140.459
101270 140.483
101280 140.497
101290 140.493
101300 140.523
101310 140.595
101320 140.638
101330 140.612
101340 140.571
101350 140.638
101360 140.743
101370 140.802
101380 140.848
101390 140.903
101400 140.962
101410 141.012
101420 141.028
101430 141.041
101440 141.084
101450 141.137
101460 141.155
101470 141.161
101480 141.2
101490 141.215
101500 141.224
101510 141.266
101520 141.311
101530 141.331
101540 141.352
101550 141.391
101560 141.43
101570 141.428
101580 141.433
101590 141.472
101600 141.519
101610 141.51
101620 141.469
101630 141.472
101640 141.5
101650 141.499
101660 141.459
101670 141.436
101680 141.46
101690 141.469
101700 141.423
101710 141.382
101720 141.351
101730 141.325
101740 141.341
101750 141.388
101760 141.414
101770 141.437
101780 141.453
101790 141.457
101800 141.471
101810 141.499
101820 141.531
101830 141.51
101840 141.433
101850 141.367
101860 141.344
101870 141.367
101880 141.372
101890 141.374
101900 141.409
101910 141.442
101920 141.43
101930 141.449
101940 141.517
101950 141.568
101960 141.582
101970 141.606
101980 141.674
101990 141.751
102000 141.82
102010 141.853
102020 141.857
102030 141.885
102040 141.952
102050 141.985
102060 142.02
102070 142.12
102080 142.224
102090 142.244
102100 142.234
102110 142.29
102120 142.373
102130 142.41
102140 142.464
102150 142.532
102160 142.534
102170 142.483
102180 142.452
102190 142.528
102200 142.627
102210 142.647
102220 142.612
102230 142.6
102240 142.657
102250 142.739
102260 142.776
102270 142.769
102280 142.766
102290 142.765
102300 142.769
102310 142.753
102320 142.751
102330 142.774
102340 142.787
102350 142.782
102360 142.798
102370 142.866
102380 142.945
102390 142.963
102400 142.937
102410 142.931
102420 142.941
102430 142.94
102440 142.929
102450 142.926
102460 142.953
102470 142.983
102480 142.992
102490 142.999
102500 143.079
102510 143.157
102520 143.15
102530 143.132
102540 143.161
102550 143.196
102560 143.219
102570 143.239
102580 143.244
102590 143.252
102600 143.273
102610 143.286
102620 143.304
102630 143.361
102640 143.407
102650 143.428
102660 143.443
102670 143.443
102680 143.43
102690 143.456
102700 143.517
102710 143.546
102720 143.543
102730 143.549
102740 143.581
102750 143.615
102760 143.659
102770 143.679
102780 143.675
102790 143.726
102800 143.79
102810 143.824
102820 143.878
102830 143.96
102840 144.029
102850 144.043
102860 144.021
102870 144.038
102880 144.084
102890 144.137
102900 144.198
102910 144.223
102920 144.232
102930 144.304
102940 144.416
102950 144.486
102960 144.49
102970 144.522
102980 144.564
102990 144.588
103000 144.584
103010 144.59
103020 144.633
103030 144.669
103040 144.645
103050 144.599
103060 144.584
103070 144.6
103080 144.578
103090 144.554
103100 144.564
103110 144.589
103120 144.537
103130 144.475
103140 144.464
103150 144.498
103160 144.544
103170 144.563
103180 144.576
103190 144.594
103200 144.629
103210 144.694
103220 144.759
103230 144.796
103240 144.76
103250 144.731
103260 144.764
103270 144.788
103280 144.784
103290 144.821
103300 144.887
103310 144.911
103320 144.898
103330 144.913
103340 144.974
103350 145.02
103360 145.009
103370 144.976
103380 144.964
103390 144.964
103400 144.992
103410 145.035
103420 145.012
103430 144.965
103440 144.999
103450 145.068
103460 145.091
103470 145.053
103480 145.022
103490 145.004
103500 145.024
103510 145.072
103520 145.109
103530 145.117
103540 145.119
103550 145.11
103560 145.083
103570 145.083
103580 145.119
103590 145.173
103600 145.242
103610 145.241
103620 145.184
103630 145.175
103640 145.197
103650 145.194
103660 145.187
103670 145.184
103680 145.148
103690 145.081
103700 145.013
103710 144.977
103720 144.97
103730 144.953
103740 144.933
103750 144.939
103760 144.939
103770 144.913
103780 144.902
103790 144.9
103800 144.862
103810 144.81
103820 144.804
103830 144.826
103840 144.828
103850 144.784
103860 144.765
103870 144.762
103880 144.767
103890 144.782
103900 144.79
103910 144.766
103920 144.721
103930 144.659
103940 144.603
103950 144.587
103960 144.631
103970 144.678
103980 144.674
103990 144.631
104000 144.586
104010 144.565
104020 144.605
104030 144.689
104040 144.726
104050 144.711
104060 144.709
104070 144.736
104080 144.775
104090 144.809
104100 144.822
104110 144.821
104120 144.854
104130 144.909
104140 144.921
104150 144.928
104160 144.965
104170 144.998
104180 145.029
104190 145.12
104200 145.232
104210 145.262
104220 145.226
104230 145.221
104240 145.259
104250 145.275
104260 145.27
104270 145.273
104280 145.257
104290 145.257
104300 145.292
104310 145.339
104320 145.348
104330 145.328
104340 145.325
104350 145.346
104360 145.324
104370 145.24
104380 145.198
104390 145.243
104400 145.253
104410 145.228
104420 145.23
104430 145.288
104440 145.334
104450 145.317
104460 145.3
104470 145.339
104480 145.419
104490 145.437
104500 145.402
104510 145.383
104520 145.409
104530 145.432
104540 145.417
104550 145.393
104560 145.387
104570 145.384
104580 145.384
104590 145.408
104600 145.407
104610 145.399
104620 145.431
104630 145.491
104640 145.507
104650 145.482
104660 145.455
104670 145.467
104680 145.496
104690 145.512
104700 145.517
104710 145.469
104720 145.389
104730 145.356
104740 145.382
104750 145.394
104760 145.41
104770 145.468
104780 145.55
104790 145.618
104800 145.694
104810 145.781
104820 145.832
104830 145.869
104840 145.915
104850 145.961
104860 145.962
104870 145.913
104880 145.899
104890 145.958
104900 145.992
104910 146.023
104920 146.065
104930 146.102
104940 146.131
104950 146.171
104960 146.198
104970 146.199
104980 146.198
104990 146.222
105000 146.277
105010 146.32
105020 146.286
105030 146.233
105040 146.228
105050 146.228
105060 146.226
105070 146.207
105080 146.193
105090 146.197
105100 146.174
105110 146.138
105120 146.135
105130 146.129
105140 146.127
105150 146.172
105160 146.229
105170 146.256
105180 146.206
105190 146.152
105200 146.181
105210 146.211
105220 146.198
105230 146.218
105240 146.25
105250 146.264
105260 146.233
105270 146.199
105280 146.188
105290 146.184
105300 146.18
105310 146.204
105320 146.209
105330 146.142
105340 146.052
105350 146.068
105360 146.162
105370 146.235
105380 146.288
105390 146.357
105400 146.402
105410 146.386
105420 146.34
105430 146.32
105440 146.266
105450 146.202
105460 146.207
105470 146.257
105480 146.286
105490 146.278
105500 146.314
105510 146.378
105520 146.405
105530 146.416
105540 146.421
105550 146.421
105560 146.401
105570 146.379
105580 146.401
105590 146.456
105600 146.493
105610 146.47
105620 146.473
105630 146.556
105640 146.641
105650 146.618
105660 146.525
105670 146.502
105680 146.507
105690 146.501
105700 146.464
105710 146.42
105720 146.437
105730 146.472
105740 146.503
105750 146.509
105760 146.477
105770 146.459
105780 146.491
105790 146.528
105800 146.53
105810 146.525
105820 146.565
105830 146.624
105840 146.695
105850 146.785
105860 146.829
105870 146.807
105880 146.775
105890 146.766
105900 146.76
105910 146.736
105920 146.698
105930 146.701
105940 146.739
105950 146.784
105960 146.82
105970 146.817
105980 146.845
105990 146.874
106000 146.881
106010 146.925
106020 146.98
106030 146.993
106040 146.986
106050 147.019
106060 147.035
106070 147.033
106080 147.061
106090 147.14
106100 147.192
106110 147.218
106120 147.245
106130 147.268
106140 147.264
106150 147.263
106160 147.307
106170 147.369
106180 147.403
106190 147.381
106200 147.344
106210 147.362
106220 147.398
106230 147.431
106240 147.454
106250 147.493
106260 147.49
106270 147.473
106280 147.496
106290 147.54
106300 147.522
106310 147.471
106320 147.477
106330 147.567
106340 147.64
106350 147.639
106360 147.643
106370 147.731
106380 147.804
106390 147.792
106400 147.747
106410 147.777
106420 147.816
106430 147.8
106440 147.765
106450 147.76
106460 147.775
106470 147.782
106480 147.766
106490 147.768
106500 147.812
106510 147.85
106520 147.869
106530 147.88
106540 147.892
106550 147.905
106560 147.917
106570 147.941
106580 147.975
106590 147.988
106600 147.982
106610 148.022
106620 148.079
106630 148.097
106640 148.12
106650 148.195
106660 148.252
106670 148.248
106680 148.235
106690 148.267
106700 148.278
106710 148.247
106720 148.209
106730 148.232
106740 148.258
106750 148.257
106760 148.264
106770 148.32
106780 148.392
106790 148.452
106800 148.485
106810 148.516
106820 148.549
106830 148.572
106840 148.61
106850 148.687
106860 148.746
106870 148.743
106880 148.746
106890 148.79
106900 148.837
106910 148.856
106920 148.913
106930 149.02
106940 149.108
106950 149.126
106960 149.166
106970 149.248
106980 149.331
106990 149.396
107000 149.463
107010 149.5
107020 149.507
107030 149.5
107040 149.467
107050 149.439
107060 149.425
107070 149.436
107080 149.452
107090 149.434
107100 149.38
107110 149.373
107120 149.401
107130 149.392
107140 149.347
107150 149.316
107160 149.309
107170 149.307
107180 149.288
107190 149.234
107200 149.206
107210 149.258
107220 149.353
107230 149.394
107240 149.373
107250 149.363
107260 149.411
107270 149.468
107280 149.515
107290 149.545
107300 149.568
107310 149.607
107320 149.65
107330 149.659
107340 149.656
107350 149.709
107360 149.814
107370 149.901
107380 149.98
107390 150.051
107400 150.118
107410 150.157
107420 150.154
107430 150.163
107440 150.22
107450 150.253
107460 150.247
107470 150.259
107480 150.254
107490 150.217
107500 150.19
107510 150.213
107520 150.292
107530 150.384
107540 150.453
107550 150.487
107560 150.524
107570 150.582
107580 150.628
107590 150.619
107600 150.611
107610 150.634
107620 150.63
107630 150.611
107640 150.621
107650 150.642
107660 150.642
107670 150.652
107680 150.648
107690 150.609
107700 150.6
107710 150.657
107720 150.694
107730 150.672
107740 150.666
107750 150.693
107760 150.709
107770 150.715
107780 150.716
107790 150.753
107800 150.798
107810 150.843
107820 150.877
107830 150.883
107840 150.912
107850 150.945
107860 150.937
107870 150.91
107880 150.934
107890 150.954
107900 150.949
107910 150.973
107920 151.027
107930 151.052
107940 151.054
107950 151.072
107960 151.082
107970 151.06
107980 151.068
107990 151.089
108000 151.109
108010 151.123
108020 151.128
108030 151.127
108040 151.093
108050 151.053
108060 151.034
108070 151
108080 150.937
108090 150.878
108100 150.868
108110 150.917
108120 150.989
108130 151.029
108140 151.046
108150 151.065
108160 151.068
108170 151.056
108180 151.057
108190 151.073
108200 151.096
108210 151.13
108220 151.201
108230 151.217
108240 151.201
108250 151.238
108260 151.321
108270 151.372
108280 151.344
108290 151.296
108300 151.312
108310 151.401
108320 151.476
108330 151.503
108340 151.509
108350 151.49
108360 151.452
108370 151.396
108380 151.364
108390 151.373
108400 151.366
108410 151.328
108420 151.328
108430 151.36
108440 151.405
108450 151.46
108460 151.529
108470 151.624
108480 151.694
108490 151.671
108500 151.625
108510 151.622
108520 151.673
108530 151.704
108540 151.7
108550 151.69
108560 151.693
108570 151.727
108580 151.737
108590 151.753
108600 151.771
108610 151.799
108620 151.816
108630 151.819
108640 151.832
108650 151.837
108660 151.847
108670 151.836
108680 151.825
108690 151.818
108700 151.81
108710 151.813
108720 151.791
108730 151.778
108740 151.805
108750 151.826
108760 151.805
108770 151.771
108780 151.736
108790 151.72
108800 151.746
108810 151.742
108820 151.738
108830 151.778
108840 151.843
108850 151.881
108860 151.898
108870 151.931
108880 151.991
108890 152.025
108900 152.031
108910 152.03
108920 152.02
108930 152.016
108940 152.029
108950 152.061
108960 152.073
108970 152.082
108980 152.087
108990 152.126
109000 152.133
109010 152.096
109020 152.063
109030 152.061
109040 152.078
109050 152.085
109060 152.069
109070 152.018
109080 151.97
109090 151.938
109100 151.899
109110 151.895
109120 151.921
109130 151.95
109140 151.938
109150 151.904
109160 151.864
109170 151.831
109180 151.79
109190 151.776
109200 151.792
109210 151.85
109220 151.911
109230 151.91
109240 151.9
109250 151.949
109260 152.003
109270 152.023
109280 152.037
109290 152.003
109300 151.944
109310 151.942
109320 151.998
109330 152.054
109340 152.062
109350 152.066
109360 152.077
109370 152.111
109380 152.11
109390 152.048
109400 151.997
109410 151.995
109420 152.022
109430 152.038
109440 152.056
109450 152.038
109460 151.969
109470 151.915
109480 151.926
109490 151.942
109500 151.925
109510 151.9
109520 151.895
109530 151.906
109540 151.917
109550 151.921
109560 151.928
109570 151.944
109580 151.951
109590 151.958
109600 151.97
109610 151.998
109620 152.02
109630 152.036
109640 152.067
109650 152.089
109660 152.114
109670 152.208
109680 152.289
109690 152.244
109700 152.189
109710 152.23
109720 152.273
109730 152.238
109740 152.223
109750 152.28
109760 152.337
109770 152.364
109780 152.408
109790 152.478
109800 152.517
109810 152.512
109820 152.511
109830 152.499
109840 152.51
109850 152.533
109860 152.522
109870 152.521
109880 152.58
109890 152.646
109900 152.657
109910 152.662
109920 152.673
109930 152.654
109940 152.622
109950 152.585
109960 152.549
109970 152.505
109980 152.508
109990 152.534
110000 152.49
110010 152.41
110020 152.41
110030 152.447
110040 152.514
110050 152.559
110060 152.554
110070 152.504
110080 152.484
110090 152.511
110100 152.557
110110 152.602
110120 152.696
110130 152.806
110140 152.848
110150 152.842
110160 152.874
110170 152.965
110180 153.02
110190 153.03
110200 153.061
110210 153.112
110220 153.146
110230 153.184
110240 153.221
110250 153.203
110260 153.134
110270 153.102
110280 153.154
110290 153.202
110300 153.215
110310 153.268
110320 153.33
110330 153.396
110340 153.431
110350 153.449
110360 153.453
110370 153.434
110380 153.435
110390 153.439
110400 153.435
110410 153.43
110420 153.436
110430 153.473
110440 153.501
110450 153.52
110460 153.543
110470 153.582
110480 153.645
110490 153.689
110500 153.727
110510 153.765
110520 153.803
110530 153.833
110540 153.84
110550 153.871
110560 153.901
110570 153.9
110580 153.876
110590 153.83
110600 153.778
110610 153.766
110620 153.808
110630 153.862
110640 153.919
110650 153.938
110660 153.99
110670 154.071
110680 154.136
110690 154.182
110700 154.186
110710 154.175
110720 154.19
110730 154.249
110740 154.318
110750 154.366
110760 154.4
110770 154.401
110780 154.37
110790 154.332
110800 154.304
110810 154.333
110820 154.387
110830 154.425
110840 154.397
110850 154.38
110860 154.406
110870 154.414
110880 154.418
110890 154.442
110900 154.476
110910 154.495
110920 154.543
110930 154.613
110940 154.623
110950 154.632
110960 154.677
110970 154.706
110980 154.708
110990 154.698
111000 154.721
111010 154.764
111020 154.814
111030 154.848
111040 154.847
111050 154.829
111060 154.824
111070 154.833
111080 154.847
111090 154.83
111100 154.784
111110 154.76
111120 154.751
111130 154.742
111140 154.732
111150 154.704
111160 154.679
111170 154.709
111180 154.751
111190 154.757
111200 154.729
111210 154.692
111220 154.667
111230 154.657
111240 154.659
111250 154.654
111260 154.655
111270 154.684
111280 154.752
111290 154.824
111300 154.883
111310 154.904
111320 154.916
111330 154.931
111340 154.904
111350 154.891
111360 154.936
111370 154.995
111380 154.982
111390 154.927
111400 154.92
111410 154.928
111420 154.911
111430 154.903
111440 155.003
111450 155.114
111460 155.135
111470 155.149
111480 155.189
111490 155.219
111500 155.221
111510 155.255
111520 155.3
111530 155.274
111540 155.214
111550 155.198
111560 155.221
111570 155.257
111580 155.275
111590 155.298
111600 155.345
111610 155.39
111620 155.399
111630 155.34
111640 155.302
111650 155.339
111660 155.379
111670 155.403
111680 155.44
111690 155.506
111700 155.569
111710 155.628
111720 155.691
111730 155.752
111740 155.805
111750 155.854
111760 155.889
111770 155.918
111780 155.934
111790 155.922
111800 155.944
111810 155.971
111820 155.949
111830 155.891
111840 155.901
111850 155.93
111860 155.884
111870 155.86
111880 155.894
111890 155.863
111900 155.803
111910 155.828
111920 155.899
111930 155.89
111940 155.817
111950 155.792
111960 155.803
111970 155.748
111980 155.657
111990 155.632
112000 155.676
112010 155.722
112020 155.722
112030 155.758
112040 155.868
112050 155.933
112060 155.934
112070 155.946
112080 156.037
112090 156.171
112100 156.229
112110 156.234
112120 156.275
112130 156.314
112140 156.315
112150 156.308
112160 156.315
112170 156.307
112180 156.291
112190 156.293
112200 156.319
112210 156.372
112220 156.456
112230 156.533
112240 156.568
112250 156.584
112260 156.611
112270 156.666
112280 156.737
112290 156.763
112300 156.721
112310 156.678
112320 156.692
112330 156.731
112340 156.697
112350 156.663
112360 156.709
112370 156.82
112380 156.864
112390 156.813
112400 156.806
112410 156.866
112420 156.931
112430 156.938
112440 156.917
112450 156.917
112460 156.93
112470 156.915
112480 156.881
112490 156.889
112500 156.9
112510 156.88
112520 156.84
112530 156.764
112540 156.713
112550 156.75
112560 156.835
112570 156.89
112580 156.854
112590 156.795
112600 156.795
112610 156.841
112620 156.852
112630 156.8
112640 156.748
112650 156.755
112660 156.81
112670 156.835
112680 156.802
112690 156.746
112700 156.764
112710 156.849
112720 156.884
112730 156.906
112740 156.97
112750 157.006
112760 156.982
112770 156.939
112780 156.929
112790 156.944
112800 156.945
112810 156.924
112820 156.872
112830 156.82
112840 156.776
112850 156.763
112860 156.793
112870 156.822
112880 156.852
112890 156.872
112900 156.866
112910 156.859
112920 156.875
112930 156.904
112940 156.876
112950 156.847
112960 156.842
112970 156.825
112980 156.797
112990 156.803
113000 156.852
113010 156.866
113020 156.845
113030 156.848
113040 156.864
113050 156.892
113060 156.944
113070 157.034
113080 157.073
113090 157.022
113100 156.967
113110 156.957
113120 156.974
113130 156.972
113140 157
113150 157.007
113160 156.989
113170 157
113180 157.023
113190 157.024
113200 157.002
113210 156.995
113220 157.017
113230 156.995
113240 156.932
113250 156.892
113260 156.863
113270 156.828
113280 156.791
113290 156.749
113300 156.727
113310 156.758
113320 156.787
113330 156.78
113340 156.82
113350 156.876
113360 156.856
113370 156.828
113380 156.841
113390 156.848
113400 156.823
113410 156.846
113420 156.882
113430 156.844
113440 156.816
113450 156.869
113460 156.943
113470 156.989
113480 157.008
113490 157.017
113500 156.985
113510 156.939
113520 156.899
113530 156.883
113540 156.886
113550 156.861
113560 156.821
113570 156.799
113580 156.829
113590 156.899
113600 156.928
113610 156.881
113620 156.847
113630 156.839
113640 156.847
113650 156.821
113660 156.794
113670 156.802
113680 156.788
113690 156.756
113700 156.734
113710 156.688
113720 156.629
113730 156.618
113740 156.633
113750 156.644
113760 156.607
113770 156.591
113780 156.629
113790 156.673
113800 156.702
113810 156.717
113820 156.708
113830 156.644
113840 156.628
113850 156.672
113860 156.674
113870 156.678
113880 156.753
113890 156.785
113900 156.741
113910 156.697
113920 156.696
113930 156.696
113940 156.695
113950 156.693
113960 156.644
113970 156.585
113980 156.569
113990 156.62
114000 156.704
114010 156.754
114020 156.75
114030 156.753
114040 156.765
114050 156.768
114060 156.775
114070 156.813
114080 156.859
114090 156.861
114100 156.871
114110 156.917
114120 156.94
114130 156.879
114140 156.792
114150 156.803
114160 156.862
114170 156.878
114180 156.858
114190 156.868
114200 156.848
114210 156.805
114220 156.838
114230 156.904
114240 156.913
114250 156.866
114260 156.87
114270 156.953
114280 157.005
114290 157.023
114300 157.064
114310 157.112
114320 157.146
114330 157.152
114340 157.142
114350 157.132
114360 157.112
114370 157.077
114380 157.056
114390 157.056
114400 157.044
114410 157.048
114420 157.083
114430 157.101
114440 157.078
114450 157.05
114460 157.066
114470 157.084
114480 157.053
114490 157.018
114500 156.986
114510 156.928
114520 156.875
114530 156.883
114540 156.899
114550 156.864
114560 156.802
114570 156.789
114580 156.805
114590 156.811
114600 156.804
114610 156.764
114620 156.727
114630 156.71
114640 156.742
114650 156.757
114660 156.752
114670 156.751
114680 156.776
114690 156.803
114700 156.832
114710 156.872
114720 156.888
114730 156.888
114740 156.896
114750 156.877
114760 156.804
114770 156.763
114780 156.8
114790 156.88
114800 156.945
114810 156.968
114820 156.97
114830 157.004
114840 157.069
114850 157.126
114860 157.157
114870 157.18
114880 157.207
114890 157.291
114900 157.357
114910 157.359
114920 157.367
114930 157.395
114940 157.419
114950 157.421
114960 157.387
114970 157.358
114980 157.365
114990 157.401
115000 157.434
115010 157.441
115020 157.415
115030 157.407
115040 157.431
115050 157.453
115060 157.47
115070 157.5
115080 157.525
115090 157.499
115100 157.485
115110 157.502
115120 157.476
115130 157.423
115140 157.386
115150 157.347
115160 157.285
115170 157.255
115180 157.25
115190 157.21
115200 157.176
115210 157.168
115220 157.132
115230 157.076
115240 157.062
115250 157.1
115260 157.135
115270 157.135
115280 157.109
115290 157.09
115300 157.097
115310 157.134
115320 157.147
115330 157.125
115340 157.093
115350 157.087
115360 157.098
115370 157.113
115380 157.115
115390 157.128
115400 157.155
115410 157.174
115420 157.171
115430 157.194
115440 157.217
115450 157.193
115460 157.171
115470 157.204
115480 157.241
115490 157.271
115500 157.315
115510 157.332
115520 157.354
115530 157.381
115540 157.346
115550 157.279
115560 157.258
115570 157.286
115580 157.301
115590 157.292
115600 157.249
115610 157.246
115620 157.293
115630 157.351
115640 157.383
115650 157.376
115660 157.388
115670 157.412
115680 157.433
115690 157.415
115700 157.379
115710 157.366
115720 157.367
115730 157.375
115740 157.379
115750 157.362
115760 157.334
115770 157.32
115780 157.334
115790 157.337
115800 157.31
115810 157.274
115820 157.273
115830 157.319
115840 157.364
115850 157.341
115860 157.303
115870 157.294
115880 157.292
115890 157.325
115900 157.358
115910 157.365
115920 157.4
115930 157.423
115940 157.421
115950 157.463
115960 157.503
115970 157.511
115980 157.527
115990 157.569
116000 157.666
116010 157.782
116020 157.88
116030 157.946
116040 157.965
116050 157.978
116060 158.039
116070 158.111
116080 158.161
116090 158.224
116100 158.296
116110 158.31
116120 158.283
116130 158.27
116140 158.301
116150 158.312
116160 158.274
116170 158.252
116180 158.262
116190 158.275
116200 158.311
116210 158.351
116220 158.364
116230 158.348
116240 158.329
116250 158.294
116260 158.254
116270 158.262
116280 158.296
116290 158.308
116300 158.273
116310 158.219
116320 158.203
116330 158.185
116340 158.182
116350 158.221
116360 158.307
116370 158.359
116380 158.386
116390 158.394
116400 158.401
116410 158.424
116420 158.436
116430 158.418
116440 158.405
116450 158.418
116460 158.427
116470 158.4
116480 158.342
116490 158.324
116500 158.338
116510 158.309
116520 158.234
116530 158.202
116540 158.223
116550 158.277
116560 158.319
116570 158.348
116580 158.407
116590 158.462
116600 158.517
116610 158.553
116620 158.58
116630 158.563
116640 158.544
116650 158.572
116660 158.6
116670 158.589
116680 158.596
116690 158.63
116700 158.668
116710 158.712
116720 158.755
116730 158.805
116740 158.846
116750 158.849
116760 158.852
116770 158.904
116780 158.977
116790 158.991
116800 158.96
116810 158.969
116820 159.011
116830 159.053
116840 159.07
116850 159.076
116860 159.113
116870 159.123
116880 159.112
116890 159.09
116900 159.093
116910 159.109
116920 159.172
116930 159.24
116940 159.277
116950 159.297
116960 159.329
116970 159.386
116980 159.426
116990 159.507
117000 159.612
117010 159.685
117020 159.708
117030 159.748
117040 159.804
117050 159.826
117060 159.837
117070 159.873
117080 159.912
117090 159.94
117100 159.949
117110 159.958
117120 159.935
117130 159.936
117140 159.985
117150 160.041
117160 160.104
117170 160.163
117180 160.181
117190 160.205
117200 160.248
117210 160.271
117220 160.297
117230 160.333
117240 160.371
117250 160.406
117260 160.439
117270 160.474
117280 160.516
117290 160.557
117300 160.611
117310 160.667
117320 160.691
117330 160.697
117340 160.729
117350 160.775
117360 160.79
117370 160.759
117380 160.774
117390 160.814
117400 160.82
117410 160.807
117420 160.81
117430 160.812
117440 160.81
117450 160.814
117460 160.863
117470 160.922
117480 160.925
117490 160.904
117500 160.853
117510 160.832
117520 160.856
117530 160.882
117540 160.876
117550 160.804
117560 160.706
117570 160.675
117580 160.673
117590 160.651
117600 160.609
117610 160.557
117620 160.51
117630 160.469
117640 160.461
117650 160.527
117660 160.581
117670 160.555
117680 160.513
117690 160.49
117700 160.48
117710 160.485
117720 160.497
117730 160.489
117740 160.493
117750 160.512
117760 160.55
117770 160.596
117780 160.641
117790 160.676
117800 160.709
117810 160.775
117820 160.853
117830 160.893
117840 160.918
117850 160.961
117860 161.025
117870 161.103
117880 161.161
117890 161.235
117900 161.287
117910 161.308
117920 161.336
117930 161.353
117940 161.38
117950 161.4
117960 161.4
117970 161.447
117980 161.505
117990 161.507
118000 161.507
118010 161.535
118020 161.536
118030 161.507
118040 161.549
118050 161.638
118060 161.671
118070 161.626
118080 161.589
118090 161.622
118100 161.697
118110 161.715
118120 161.68
118130 161.662
118140 161.68
118150 161.719
118160 161.738
118170 161.737
118180 161.768
118190 161.815
118200 161.872
118210 161.94
118220 162.006
118230 162.05
118240 162.098
118250 162.15
118260 162.155
118270 162.16
118280 162.172
118290 162.203
118300 162.227
118310 162.244
118320 162.261
118330 162.266
118340 162.283
118350 162.31
118360 162.314
118370 162.325
118380 162.369
118390 162.422
118400 162.459
118410 162.477
118420 162.516
118430 162.567
118440 162.599
118450 162.581
118460 162.567
118470 162.575
118480 162.605
118490 162.665
118500 162.668
118510 162.656
118520 162.663
118530 162.705
118540 162.746
118550 162.786
118560 162.843
118570 162.889
118580 162.878
118590 162.87
118600 162.889
118610 162.916
118620 162.904
118630 162.841
118640 162.806
118650 162.812
118660 162.824
118670 162.819
118680 162.831
118690 162.81
118700 162.752
118710 162.733
118720 162.75
118730 162.758
118740 162.746
118750 162.728
118760 162.715
118770 162.703
118780 162.716
118790 162.775
118800 162.793
118810 162.73
118820 162.649
118830 162.599
118840 162.585
118850 162.599
118860 162.605
118870 162.562
118880 162.543
118890 162.555
118900 162.589
118910 162.644
118920 162.674
118930 162.685
118940 162.723
118950 162.785
118960 162.791
118970 162.769
118980 162.802
118990 162.841
119000 162.885
119010 162.923
119020 162.943
119030 162.957
119040 162.967
119050 162.948
119060 162.945
119070 163.013
119080 163.075
119090 163.07
119100 163.032
119110 163.063
119120 163.134
119130 163.176
119140 163.213
119150 163.268
119160 163.317
119170 163.369
119180 163.456
119190 163.515
119200 163.504
119210 163.496
119220 163.515
119230 163.544
119240 163.58
119250 163.594
119260 163.569
119270 163.515
119280 163.481
119290 163.527
119300 163.595
119310 163.569
119320 163.489
119330 163.451
119340 163.505
119350 163.561
119360 163.545
119370 163.497
119380 163.441
119390 163.463
119400 163.531
119410 163.547
119420 163.541
119430 163.564
119440 163.564
119450 163.53
119460 163.505
119470 163.562
119480 163.619
119490 163.654
119500 163.656
119510 163.631
119520 163.601
119530 163.631
119540 163.68
119550 163.66
119560 163.611
119570 163.573
119580 163.514
119590 163.467
119600 163.48
119610 163.577
119620 163.672
119630 163.726
119640 163.797
119650 163.878
119660 163.903
119670 163.89
119680 163.881
119690 163.865
119700 163.829
119710 163.804
119720 163.786
119730 163.797
119740 163.854
119750 163.907
119760 163.941
119770 163.956
119780 163.975
119790 164.03
119800 164.104
119810 164.142
119820 164.141
119830 164.182
119840 164.208
119850 164.163
119860 164.087
119870 164.057
119880 164.058
119890 164.057
119900 164.026
119910 164.005
119920 163.982
119930 163.951
119940 163.963
119950 163.975
119960 163.978
119970 163.964
119980 163.928
119990 163.885
120000 163.881
120010 163.882
120020 163.848
120030 163.825
120040 163.847
120050 163.85
120060 163.831
120070 163.861
120080 163.914
120090 163.946
120100 163.923
120110 163.888
120120 163.88
120130 163.871
120140 163.811
120150 163.728
120160 163.69
120170 163.719
120180 163.746
120190 163.717
120200 163.635
120210 163.604
120220 163.638
120230 163.71
120240 163.732
120250 163.703
120260 163.675
120270 163.661
120280 163.647
120290 163.629
120300 163.611
120310 163.607
120320 163.615
120330 163.614
120340 163.603
120350 163.613
120360 163.617
120370 163.622
120380 163.655
120390 163.664
120400 163.616
120410 163.596
120420 163.63
120430 163.605
120440 163.54
120450 163.497
120460 163.542
120470 163.592
120480 163.62
120490 163.623
120500 163.613
120510 163.603
120520 163.587
120530 163.592
120540 163.603
120550 163.598
120560 163.558
120570 163.559
120580 163.627
120590 163.636
120600 163.588
120610 163.617
120620 163.73
120630 163.819
120640 163.849
120650 163.864
120660 163.902
120670 163.92
120680 163.895
120690 163.906
120700 163.965
120710 164.04
120720 164.1
120730 164.114
120740 164.137
120750 164.169
120760 164.204
120770 164.228
120780 164.261
120790 164.333
120800 164.397
120810 164.412
120820 164.428
120830 164.487
120840 164.54
120850 164.542
120860 164.529
120870 164.564
120880 164.632
120890 164.665
120900 164.657
120910 164.618
120920 164.603
120930 164.67
120940 164.796
120950 164.868
120960 164.881
120970 164.902
120980 164.962
120990 165.007
121000 165.019
121010 165.038
121020 165.038
121030 165.035
121040 165.043
121050 165.088
121060 165.146
121070 165.155
121080 165.136
121090 165.159
121100 165.171
121110 165.14
121120 165.127
121130 165.135
121140 165.124
121150 165.069
121160 165.01
121170 165.029
121180 165.076
121190 165.094
121200 165.103
121210 165.111
121220 165.11
121230 165.116
121240 165.149
121250 165.203
121260 165.224
121270 165.22
121280 165.217
121290 165.216
121300 165.264
121310 165.335
121320 165.347
121330 165.312
121340 165.337
121350 165.406
121360 165.444
121370 165.441
121380 165.46
121390 165.481
121400 165.476
121410 165.475
121420 165.493
121430 165.499
121440 165.46
121450 165.44
121460 165.477
121470 165.495
121480 165.467
121490 165.44
121500 165.443
121510 165.482
121520 165.526
121530 165.514
121540 165.499
121550 165.523
121560 165.553
121570 165.558
121580 165.538
121590 165.502
121600 165.485
121610 165.523
121620 165.573
121630 165.599
121640 165.615
121650 165.639
121660 165.651
121670 165.648
121680 165.677
121690 165.724
121700 165.695
121710 165.625
121720 165.622
121730 165.709
121740 165.779
121750 165.795
121760 165.803
121770 165.802
121780 165.762
121790 165.752
121800 165.79
121810 165.784
121820 165.752
121830 165.787
121840 165.803
121850 165.764
121860 165.773
121870 165.879
121880 165.945
121890 165.933
121900 165.935
121910 165.983
121920 166.041
121930 166.088
121940 166.074
121950 166.027
121960 165.988
121970 165.976
121980 165.99
121990 166.032
122000 166.079
122010 166.095
122020 166.091
122030 166.123
122040 166.174
122050 166.221
122060 166.277
122070 166.272
122080 166.219
122090 166.192
122100 166.227
122110 166.262
122120 166.276
122130 166.308
122140 166.35
122150 166.377
122160 166.4
122170 166.397
122180 166.393
122190 166.39
122200 166.389
122210 166.363
122220 166.322
122230 166.307
122240 166.326
122250 166.318
122260 166.277
122270 166.273
122280 166.286
122290 166.29
122300 166.306
122310 166.272
122320 166.198
122330 166.162
122340 166.196
122350 166.229
122360 166.248
122370 166.227
122380 166.186
122390 166.158
122400 166.183
122410 166.2
122420 166.186
122430 166.157
122440 166.168
122450 166.194
122460 166.172
122470 166.157
122480 166.206
122490 166.224
122500 166.174
122510 166.139
122520 166.146
122530 166.134
122540 166.092
122550 166.05
122560 166.011
122570 165.985
122580 165.971
122590 165.988
122600 166
122610 165.99
122620 166.008
122630 166.051
122640 166.141
122650 166.219
122660 166.21
122670 166.161
122680 166.166
122690 166.204
122700 166.192
122710 166.19
122720 166.201
122730 166.199
122740 166.199
122750 166.22
122760 166.219
122770 166.189
122780 166.199
122790 166.251
122800 166.291
122810 166.308
122820 166.31
122830 166.306
122840 166.295
122850 166.301
122860 166.339
122870 166.375
122880 166.381
122890 166.365
122900 166.336
122910 166.317
122920 166.285
122930 166.259
122940 166.264
122950 166.265
122960 166.22
122970 166.175
122980 166.187
122990 166.232
123000 166.233
123010 166.21
123020 166.218
123030 166.274
123040 166.276
123050 166.204
123060 166.156
123070 166.208
123080 166.255
123090 166.252
123100 166.278
123110 166.362
123120 166.449
123130 166.502
123140 166.507
123150 166.521
123160 166.59
123170 166.652
123180 166.679
123190 166.687
123200 166.721
123210 166.805
123220 166.879
123230 166.925
123240 166.976
123250 167.017
123260 167.043
123270 167.038
123280 167.062
123290 167.122
123300 167.164
123310 167.139
123320 167.114
123330 167.091
123340 167.078
123350 167.065
123360 167.056
123370 167.064
123380 167.089
123390 167.137
123400 167.185
123410 167.215
123420 167.262
123430 167.293
123440 167.274
123450 167.267
123460 167.323
123470 167.4
123480 167.431
123490 167.468
123500 167.484
123510 167.45
123520 167.406
123530 167.383
123540 167.4
123550 167.42
123560 167.432
123570 167.491
123580 167.548
123590 167.559
123600 167.555
123610 167.575
123620 167.598
123630 167.619
123640 167.647
123650 167.679
123660 167.677
123670 167.683
123680 167.709
123690 167.741
123700 167.772
123710 167.791
123720 167.8
123730 167.796
123740 167.76
123750 167.723
123760 167.727
123770 167.789
123780 167.85
123790 167.875
123800 167.884
123810 167.9
123820 167.935
123830 167.992
123840 168.037
123850 168.05
123860 168.054
123870 168.055
123880 168.033
123890 168.011
123900 168.027
123910 168.056
123920 168.026
123930 167.995
123940 168.007
123950 168.013
123960 168.024
123970 168.067
123980 168.124
123990 168.174
124000 168.192
124010 168.189
124020 168.203
124030 168.25
124040 168.286
124050 168.275
124060 168.273
124070 168.271
124080 168.244
124090 168.199
124100 168.144
124110 168.108
124120 168.067
124130 168.023
124140 168.014
124150 168.046
124160 168.085
124170 168.118
124180 168.157
124190 168.22
124200 168.278
124210 168.28
124220 168.257
124230 168.306
124240 168.401
124250 168.403
124260 168.324
124270 168.297
124280 168.367
124290 168.461
124300 168.528
124310 168.573
124320 168.595
124330 168.575
124340 168.54
124350 168.562
124360 168.621
124370 168.667
124380 168.647
124390 168.583
124400 168.527
124410 168.475
124420 168.473
124430 168.487
124440 168.492
124450 168.493
124460 168.51
124470 168.564
124480 168.661
124490 168.724
124500 168.735
124510 168.727
124520 168.753
124530 168.76
124540 168.776
124550 168.796
124560 168.809
124570 168.815
124580 168.789
124590 168.717
124600 168.696
124610 168.757
124620 168.81
124630 168.808
124640 168.79
124650 168.844
124660 168.921
124670 168.947
124680 168.963
124690 169.017
124700 169.047
124710 169.021
124720 168.986
124730 169.013
124740 169.089
124750 169.113
124760 169.047
124770 168.977
124780 168.953
124790 168.932
124800 168.927
124810 168.955
124820 168.975
124830 169.014
124840 169.069
124850 169.124
124860 169.175
124870 169.245
124880 169.291
124890 169.272
124900 169.271
124910 169.295
124920 169.296
124930 169.258
124940 169.226
124950 169.265
124960 169.304
124970 169.311
124980 169.337
124990 169.392
125000 169.482
125010 169.5
125020 169.45
125030 169.447
125040 169.499
125050 169.519
125060 169.521
125070 169.561
125080 169.585
125090 169.534
125100 169.515
125110 169.595
125120 169.692
125130 169.753
125140 169.776
125150 169.811
125160 169.899
125170 170.014
125180 170.096
125190 170.168
125200 170.221
125210 170.22
125220 170.205
125230 170.24
125240 170.269
125250 170.231
125260 170.19
125270 170.172
125280 170.143
125290 170.124
125300 170.104
125310 170.061
125320 169.992
125330 169.984
125340 169.986
125350 170.001
125360 170.06
125370 170.104
125380 170.138
125390 170.2
125400 170.277
125410 170.324
125420 170.344
125430 170.361
125440 170.401
125450 170.445
125460 170.511
125470 170.562
125480 170.578
125490 170.589
125500 170.638
125510 170.689
125520 170.738
125530 170.771
125540 170.773
125550 170.769
125560 170.832
125570 170.897
125580 170.925
125590 170.924
125600 170.908
125610 170.93
125620 170.978
125630 170.999
125640 170.983
125650 170.99
125660 171.006
125670 171.023
125680 171.021
125690 171.03
125700 171.061
125710 171.096
125720 171.134
125730 171.173
125740 171.208
125750 171.257
125760 171.318
125770 171.352
125780 171.384
125790 171.429
125800 171.448
125810 171.458
125820 171.469
125830 171.493
125840 171.556
125850 171.62
125860 171.666
125870 171.673
125880 171.637
125890 171.626
125900 171.662
125910 171.713
125920 171.798
125930 171.868
125940 171.914
125950 171.945
125960 171.999
125970 172.048
125980 172.059
125990 172.06
126000 172.096
126010 172.147
126020 172.182
126030 172.226
126040 172.261
126050 172.244
126060 172.298
126070 172.387
126080 172.408
126090 172.347
126100 172.268
126110 172.198
126120 172.148
126130 172.147
126140 172.145
126150 172.107
126160 172.091
126170 172.104
126180 172.124
126190 172.108
126200 172.1
126210 172.103
126220 172.121
126230 172.173
126240 172.197
126250 172.187
126260 172.206
126270 172.242
126280 172.259
126290 172.277
126300 172.298
126310 172.316
126320 172.357
126330 172.39
126340 172.38
126350 172.359
126360 172.348
126370 172.338
126380 172.349
126390 172.406
126400 172.472
126410 172.444
126420 172.396
126430 172.412
126440 172.448
126450 172.514
126460 172.586
126470 172.547
126480 172.505
126490 172.525
126500 172.552
126510 172.498
126520 172.414
126530 172.416
126540 172.45
126550 172.472
126560 172.463
126570 172.45
126580 172.41
126590 172.367
126600 172.405
126610 172.474
126620 172.517
126630 172.511
126640 172.492
126650 172.467
126660 172.457
126670 172.498
126680 172.592
126690 172.67
126700 172.69
126710 172.694
126720 172.761
126730 172.874
126740 172.943
126750 172.93
126760 172.942
126770 172.943
126780 172.89
126790 172.849
126800 172.845
126810 172.804
126820 172.714
126830 172.687
126840 172.725
126850 172.753
126860 172.762
126870 172.775
126880 172.77
126890 172.759
126900 172.758
126910 172.737
126920 172.696
126930 172.707
126940 172.788
126950 172.862
126960 172.929
126970 173.035
126980 173.12
126990 173.17
127000 173.207
127010 173.227
127020 173.245
127030 173.266
127040 173.315
127050 173.39
127060 173.457
127070 173.505
127080 173.548
127090 173.593
127100 173.641
127110 173.68
127120 173.689
127130 173.676
127140 173.63
127150 173.576
127160 173.52
127170 173.526
127180 173.539
127190 173.537
127200 173.495
127210 173.466
127220 173.456
127230 173.411
127240 173.384
127250 173.4
127260 173.415
127270 173.408
127280 173.425
127290 173.445
127300 173.427
127310 173.364
127320 173.308
127330 173.293
127340 173.297
127350 173.252
127360 173.164
127370 173.097
127380 173.089
127390 173.083
127400 173.03
127410 172.974
127420 172.968
127430 173.007
127440 173.035
127450 173.051
127460 173.073
127470 173.076
127480 173.04
127490 172.97
127500 172.943
127510 172.979
127520 173.012
127530 173.013
127540 173.026
127550 173.006
127560 172.999
127570 173.026
127580 173.098
127590 173.159
127600 173.2
127610 173.22
127620 173.239
127630 173.225
127640 173.233
127650 173.285
127660 173.33
127670 173.317
127680 173.324
127690 173.396
127700 173.439
127710 173.437
127720 173.435
127730 173.449
127740 173.432
127750 173.412
127760 173.461
127770 173.516
127780 173.528
127790 173.489
127800 173.459
127810 173.466
127820 173.503
127830 173.549
127840 173.575
127850 173.557
127860 173.51
127870 173.467
127880 173.441
127890 173.431
127900 173.446
127910 173.456
127920 173.446
127930 173.439
127940 173.441
127950 173.421
127960 173.381
127970 173.337
127980 173.341
127990 173.399
128000 173.448
128010 173.468
128020 173.49
128030 173.541
128040 173.592
128050 173.642
128060 173.68
128070 173.699
128080 173.717
128090 173.745
128100 173.787
128110 173.811
128120 173.778
128130 173.774
128140 173.837
128150 173.914
128160 173.934
128170 173.955
128180 173.97
128190 173.937
128200 173.884
128210 173.855
128220 173.867
128230 173.892
128240 173.899
128250 173.908
128260 173.98
128270 174.069
128280 174.082
128290 174.047
128300 174.063
128310 174.091
128320 174.066
128330 174.017
128340 174.022
128350 174.043
128360 174.028
128370 174.012
128380 174.032
128390 174.039
128400 174.035
128410 174.082
128420 174.136
128430 174.143
128440 174.123
128450 174.094
128460 174.08
128470 174.096
128480 174.13
128490 174.127
128500 174.096
128510 174.087
128520 174.108
128530 174.101
128540 174.085
128550 174.08
128560 174.062
128570 174.055
128580 174.066
128590 174.037
128600 173.939
128610 173.854
128620 173.792
128630 173.693
128640 173.6
128650 173.596
128660 173.63
128670 173.615
128680 173.601
128690 173.637
128700 173.664
128710 173.62
128720 173.573
128730 173.515
128740 173.488
128750 173.501
128760 173.485
128770 173.444
128780 173.439
128790 173.453
128800 173.458
128810 173.429
128820 173.415
128830 173.41
128840 173.398
128850 173.349
128860 173.294
128870 173.277
128880 173.294
128890 173.281
128900 173.251
128910 173.27
128920 173.344
128930 173.419
128940 173.462
128950 173.51
128960 173.612
128970 173.698
128980 173.69
128990 173.665
129000 173.667
129010 173.673
129020 173.625
129030 173.598
129040 173.633
129050 173.654
129060 173.615
129070 173.596
129080 173.603
129090 173.564
129100 173.532
129110 173.588
129120 173.705
129130 173.796
129140 173.848
129150 173.849
129160 173.795
129170 173.784
129180 173.834
129190 173.838
129200 173.787
129210 173.76
129220 173.779
129230 173.813
129240 173.82
129250 173.807
129260 173.825
129270 173.836
129280 173.835
129290 173.872
129300 173.886
129310 173.837
129320 173.762
129330 173.777
129340 173.862
129350 173.93
129360 173.917
129370 173.853
129380 173.804
129390 173.803
129400 173.806
129410 173.817
129420 173.829
129430 173.846
129440 173.896
129450 173.982
129460 174.04
129470 174.067
129480 174.124
129490 174.209
129500 174.254
129510 174.244
129520 174.236
129530 174.251
129540 174.273
129550 174.299
129560 174.283
129570 174.277
129580 174.313
129590 174.308
129600 174.249
129610 174.215
129620 174.226
129630 174.235
129640 174.241
129650 174.295
129660 174.375
129670 174.456
129680 174.495
129690 174.473
129700 174.424
129710 174.38
129720 174.407
129730 174.473
129740 174.511
129750 174.516
129760 174.525
129770 174.539
129780 174.536
129790 174.504
129800 174.513
129810 174.566
129820 174.581
129830 174.555
129840 174.532
129850 174.546
129860 174.598
129870 174.645
129880 174.679
129890 174.7
129900 174.736
129910 174.762
129920 174.757
129930 174.785
129940 174.83
129950 174.855
129960 174.832
129970 174.829
129980 174.861
129990 174.88
130000 174.863
130010 174.863
130020 174.914
130030 174.972
130040 175.003
130050 175.037
130060 175.098
130070 175.17
130080 175.225
130090 175.262
130100 175.272
130110 175.233
130120 175.167
130130 175.129
130140 175.127
130150 175.11
130160 175.076
130170 175.042
130180 175.046
130190 175.084
130200 175.138
130210 175.172
130220 175.209
130230 175.25
130240 175.277
130250 175.3
130260 175.327
130270 175.318
130280 175.296
130290 175.334
130300 175.377
130310 175.343
130320 175.295
130330 175.323
130340 175.385
130350 175.415
130360 175.404
130370 175.387
130380 175.424
130390 175.502
130400 175.532
130410 175.513
130420 175.509
130430 175.532
130440 175.527
130450 175.465
130460 175.442
130470 175.516
130480 175.557
130490 175.566
130500 175.625
130510 175.696
130520 175.703
130530 175.676
130540 175.702
130550 175.754
130560 175.756
130570 175.75
130580 175.756
130590 175.772
130600 175.793
130610 175.808
130620 175.817
130630 175.86
130640 175.896
130650 175.858
130660 175.848
130670 175.893
130680 175.947
130690 175.969
130700 176.024
130710 176.036
130720 175.985
130730 175.963
130740 175.999
130750 176.012
130760 175.968
130770 175.907
130780 175.878
130790 175.87
130800 175.917
130810 175.982
130820 175.997
130830 176.005
130840 176.061
130850 176.141
130860 176.194
130870 176.208
130880 176.225
130890 176.268
130900 176.284
130910 176.268
130920 176.272
130930 176.309
130940 176.326
130950 176.276
130960 176.226
130970 176.205
130980 176.222
130990 176.256
131000 176.263
131010 176.269
131020 176.259
131030 176.239
131040 176.244
131050 176.258
131060 176.278
131070 176.313
131080 176.362
131090 176.392
131100 176.406
131110 176.434
131120 176.46
131130 176.479
131140 176.524
131150 176.549
131160 176.492
131170 176.458
131180 176.501
131190 176.601
131200 176.659
131210 176.649
131220 176.629
131230 176.635
131240 176.64
131250 176.632
131260 176.622
131270 176.655
131280 176.7
131290 176.711
131300 176.657
131310 176.63
131320 176.694
131330 176.779
131340 176.791
131350 176.773
131360 176.791
131370 176.828
131380 176.864
131390 176.877
131400 176.886
131410 176.873
131420 176.856
131430 176.886
131440 176.912
131450 176.934
131460 176.94
131470 176.95
131480 176.954
131490 176.949
131500 176.963
131510 177.014
131520 177.019
131530 176.994
131540 176.995
131550 177.028
131560 177.041
131570 177.086
131580 177.126
131590 177.109
131600 177.042
131610 176.99
131620 176.97
131630 176.984
131640 177.04
131650 177.028
131660 176.981
131670 177.015
131680 177.096
131690 177.128
131700 177.135
131710 177.213
131720 177.286
131730 177.29
131740 177.302
131750 177.338
131760 177.319
131770 177.267
131780 177.263
131790 177.302
131800 177.31
131810 177.276
131820 177.242
131830 177.228
131840 177.231
131850 177.26
131860 177.301
131870 177.328
131880 177.355
131890 177.363
131900 177.37
131910 177.375
131920 177.386
131930 177.404
131940 177.38
131950 177.36
131960 177.368
131970 177.392
131980 177.37
131990 177.327
132000 177.317
132010 177.316
132020 177.326
132030 177.343
132040 177.376
132050 177.437
132060 177.51
132070 177.55
132080 177.555
132090 177.588
132100 177.68
132110 177.773
132120 177.835
132130 177.852
132140 177.885
132150 177.902
132160 177.918
132170 177.966
132180 177.987
132190 177.982
132200 178.02
132210 178.079
132220 178.088
132230 178.066
132240 178.054
132250 178.042
132260 178.071
132270 178.108
132280 178.125
132290 178.137
132300 178.177
132310 178.228
132320 178.231
132330 178.204
132340 178.146
132350 178.08
132360 178.076
132370 178.118
132380 178.12
132390 178.09
132400 178.121
132410 178.194
132420 178.252
132430 178.292
132440 178.343
132450 178.384
132460 178.394
132470 178.414
132480 178.456
132490 178.51
132500 178.52
132510 178.513
132520 178.514
132530 178.504
132540 178.475
132550 178.442
132560 178.427
132570 178.437
132580 178.453
132590 178.504
132600 178.548
132610 178.553
132620 178.551
132630 178.522
132640 178.493
132650 178.484
132660 178.487
132670 178.466
132680 178.43
132690 178.408
132700 178.387
132710 178.353
132720 178.265
132730 178.164
132740 178.134
132750 178.142
132760 178.181
132770 178.225
132780 178.265
132790 178.259
132800 178.187
132810 178.134
132820 178.147
132830 178.15
132840 178.127
132850 178.082
132860 178.044
132870 178.082
132880 178.159
132890 178.205
132900 178.228
132910 178.23
132920 178.205
132930 178.197
132940 178.26
132950 178.362
132960 178.402
132970 178.396
132980 178.435
132990 178.54
133000 178.605
133010 178.617
133020 178.646
133030 178.726
133040 178.8
133050 178.84
133060 178.839
133070 178.838
133080 178.812
133090 178.776
133100 178.786
133110 178.83
133120 178.867
133130 178.884
133140 178.906
133150 178.955
133160 179.013
133170 179.03
133180 179.02
133190 179.042
133200 179.114
133210 179.131
133220 179.123
133230 179.124
133240 179.107
133250 179.08
133260 179.107
133270 179.145
133280 179.132
133290 179.122
133300 179.154
133310 179.199
133320 179.22
133330 179.317
133340 179.425
133350 179.493
133360 179.562
133370 179.638
133380 179.681
133390 179.73
133400 179.778
133410 179.836
133420 179.863
133430 179.888
133440 179.905
133450 179.937
133460 179.979
133470 180.017
133480 180.115
133490 180.198
133500 180.239
133510 180.293
133520 180.386
133530 180.457
133540 180.498
133550 180.549
133560 180.609
133570 180.635
133580 180.607
133590 180.584
133600 180.581
133610 180.578
133620 180.533
133630 180.466
133640 180.448
133650 180.445
133660 180.415
133670 180.364
133680 180.302
133690 180.26
133700 180.243
133710 180.262
133720 180.269
133730 180.185
133740 180.069
133750 180.038
133760 180.036
133770 180.004
133780 180.008
133790 180.07
133800 180.154
133810 180.24
133820 180.296
133830 180.342
133840 180.39
133850 180.433
133860 180.481
133870 180.523
133880 180.559
133890 180.58
133900 180.623
133910 180.704
133920 180.754
133930 180.765
133940 180.759
133950 180.766
133960 180.749
133970 180.686
133980 180.656
133990 180.693
134000 180.747
134010 180.783
134020 180.806
134030 180.779
134040 180.727
134050 180.741
134060 180.815
134070 180.894
134080 180.91
134090 180.883
134100 180.889
134110 180.966
134120 181.088
134130 181.148
134140 181.145
134150 181.158
134160 181.18
134170 181.149
134180 181.121
134190 181.138
134200 181.141
134210 181.1
134220 181.062
134230 181.082
134240 181.086
134250 181.051
134260 180.987
134270 180.947
134280 180.964
134290 181.011
134300 181.045
134310 181.07
134320 181.093
134330 181.129
134340 181.154
134350 181.122
134360 181.086
134370 181.076
134380 181.099
134390 181.141
134400 181.203
134410 181.272
134420 181.327
134430 181.324
134440 181.337
134450 181.455
134460 181.582
134470 181.572
134480 181.496
134490 181.489
134500 181.525
134510 181.531
134520 181.546
134530 181.518
134540 181.438
134550 181.369
134560 181.372
134570 181.378
134580 181.346
134590 181.318
134600 181.328
134610 181.28
134620 181.187
134630 181.166
134640 181.23
134650 181.271
134660 181.293
134670 181.317
134680 181.343
134690 181.376
134700 181.409
134710 181.428
134720 181.405
134730 181.361
134740 181.366
134750 181.374
134760 181.34
134770 181.305
134780 181.317
134790 181.357
134800 181.367
134810 181.369
134820 181.388
134830 181.43
134840 181.475
134850 181.493
134860 181.48
134870 181.456
134880 181.422
134890 181.426
134900 181.48
134910 181.512
134920 181.469
134930 181.436
134940 181.465
134950 181.536
134960 181.56
134970 181.508
134980 181.402
134990 181.316
135000 181.303
135010 181.319
135020 181.309
135030 181.277
135040 181.283
135050 181.324
135060 181.391
135070 181.46
135080 181.48
135090 181.454
135100 181.451
135110 181.476
135120 181.461
135130 181.425
135140 181.443
135150 181.46
135160 181.426
135170 181.439
135180 181.493
135190 181.508
135200 181.519
135210 181.519
135220 181.502
135230 181.519
135240 181.569
135250 181.586
135260 181.534
135270 181.486
135280 181.503
135290 181.554
135300 181.561
135310 181.551
135320 181.604
135330 181.713
135340 181.783
135350 181.803
135360 181.855
135370 181.933
135380 181.982
135390 182.035
135400 182.096
135410 182.112
135420 182.066
135430 182.013
135440 182.015
135450 182.073
135460 182.16
135470 182.201
135480 182.192
135490 182.209
135500 182.257
135510 182.289
135520 182.293
135530 182.371
135540 182.502
135550 182.589
135560 182.647
135570 182.714
135580 182.777
135590 182.806
135600 182.831
135610 182.837
135620 182.763
135630 182.698
135640 182.74
135650 182.82
135660 182.806
135670 182.755
135680 182.758
135690 182.784
135700 182.803
135710 182.84
135720 182.861
135730 182.831
135740 182.772
135750 182.744
135760 182.74
135770 182.748
135780 182.746
135790 182.771
135800 182.819
135810 182.842
135820 182.816
135830 182.803
135840 182.826
135850 182.856
135860 182.849
135870 182.864
135880 182.931
135890 183
135900 183.038
135910 183.061
135920 183.066
135930 183.057
135940 183.06
135950 183.123
135960 183.152
135970 183.102
135980 183.037
135990 183.006
136000 183.022
136010 183.038
136020 183.047
136030 182.991
136040 182.915
136050 182.863
136060 182.86
136070 182.887
136080 182.892
136090 182.854
136100 182.811
136110 182.814
136120 182.856
136130 182.852
136140 182.822
136150 182.823
136160 182.888
136170 182.929
136180 182.898
136190 182.851
136200 182.86
136210 182.897
136220 182.897
136230 182.905
136240 182.944
136250 183.009
136260 183.052
136270 183.069
136280 183.122
136290 183.185
136300 183.215
136310 183.181
136320 183.142
136330 183.114
136340 183.096
136350 183.081
136360 183.096
136370 183.125
136380 183.116
136390 183.099
136400 183.101
136410 183.087
136420 183.078
136430 183.09
136440 183.106
136450 183.089
136460 183.069
136470 183.096
136480 183.121
136490 183.085
136500 183.037
136510 183.073
136520 183.14
136530 183.158
136540 183.15
136550 183.176
136560 183.267
136570 183.347
136580 183.37
136590 183.374
136600 183.407
136610 183.46
136620 183.49
136630 183.497
136640 183.501
136650 183.513
136660 183.537
136670 183.503
136680 183.464
136690 183.48
136700 183.575
136710 183.674
136720 183.697
136730 183.733
136740 183.802
136750 183.851
136760 183.864
136770 183.929
136780 183.985
136790 183.983
136800 183.963
136810 183.976
136820 183.983
136830 183.959
136840 183.928
136850 183.974
136860 184.059
136870 184.063
136880 184.025
136890 184.014
136900 184.002
136910 183.958
136920 183.959
136930 183.995
136940 183.979
136950 183.941
136960 183.978
136970 184.047
136980 184.065
136990 184.058
137000 184.093
137010 184.155
137020 184.201
137030 184.249
137040 184.304
137050 184.319
137060 184.322
137070 184.361
137080 184.41
137090 184.442
137100 184.486
137110 184.522
137120 184.529
137130 184.581
137140 184.667
137150 184.722
137160 184.693
137170 184.624
137180 184.59
137190 184.601
137200 184.622
137210 184.615
137220 184.612
137230 184.611
137240 184.631
137250 184.683
137260 184.744
137270 184.723
137280 184.637
137290 184.61
137300 184.652
137310 184.701
137320 184.725
137330 184.746
137340 184.795
137350 184.874
137360 184.956
137370 184.989
137380 185.02
137390 185.094
137400 185.177
137410 185.214
137420 185.224
137430 185.282
137440 185.328
137450 185.36
137460 185.392
137470 185.429
137480 185.44
137490 185.403
137500 185.39
137510 185.44
137520 185.519
137530 185.6
137540 185.685
137550 185.767
137560 185.803
137570 185.833
137580 185.904
137590 185.969
137600 185.975
137610 185.94
137620 185.879
137630 185.852
137640 185.851
137650 185.823
137660 185.796
137670 185.73
137680 185.604
137690 185.52
137700 185.525
137710 185.537
137720 185.493
137730 185.444
137740 185.485
137750 185.563
137760 185.605
137770 185.587
137780 185.572
137790 185.579
137800 185.613
137810 185.663
137820 185.721
137830 185.745
137840 185.693
137850 185.655
137860 185.674
137870 185.706
137880 185.713
137890 185.66
137900 185.59
137910 185.529
137920 185.503
137930 185.468
137940 185.446
137950 185.459
137960 185.482
137970 185.463
137980 185.462
137990 185.503
138000 185.526
138010 185.506
138020 185.473
138030 185.482
138040 185.555
138050 185.632
138060 185.662
138070 185.649
138080 185.696
138090 185.77
138100 185.776
138110 185.796
138120 185.861
138130 185.929
138140 185.939
138150 185.924
138160 185.921
138170 185.905
138180 185.892
138190 185.909
138200 185.908
138210 185.879
138220 185.891
138230 185.919
138240 185.925
138250 185.938
138260 185.968
138270 186.018
138280 186.072
138290 186.127
138300 186.125
138310 186.045
138320 186.04
138330 186.145
138340 186.239
138350 186.233
138360 186.219
138370 186.296
138380 186.374
138390 186.396
138400 186.411
138410 186.447
138420 186.477
138430 186.549
138440 186.654
138450 186.733
138460 186.742
138470 186.723
138480 186.773
138490 186.878
138500 186.953
138510 186.996
138520 187.05
138530 187.098
138540 187.154
138550 187.23
138560 187.333
138570 187.405
138580 187.471
138590 187.556
138600 187.638
138610 187.708
138620 187.773
138630 187.808
138640 187.811
138650 187.844
138660 187.929
138670 187.998
138680 187.998
138690 187.972
138700 187.992
138710 188.045
138720 188.085
138730 188.18
138740 188.311
138750 188.387
138760 188.376
138770 188.388
138780 188.478
138790 188.523
138800 188.502
138810 188.494
138820 188.559
138830 188.643
138840 188.679
138850 188.712
138860 188.789
138870 188.878
138880 188.958
138890 188.973
138900 188.969
138910 188.978
138920 188.995
138930 189.032
138940 189.056
138950 189.066
138960 189.092
138970 189.118
138980 189.14
138990 189.131
139000 189.175
139010 189.232
139020 189.23
139030 189.204
139040 189.216
139050 189.21
139060 189.142
139070 189.061
139080 189.037
139090 189.044
139100 189.02
139110 188.984
139120 188.995
139130 189.017
139140 188.977
139150 188.93
139160 188.948
139170 188.959
139180 188.96
139190 188.986
139200 189.028
139210 189.074
139220 189.131
139230 189.211
139240 189.296
139250 189.342
139260 189.332
139270 189.29
139280 189.304
139290 189.352
139300 189.371
139310 189.399
139320 189.443
139330 189.461
139340 189.421
139350 189.403
139360 189.45
139370 189.492
139380 189.491
139390 189.492
139400 189.511
139410 189.552
139420 189.651
139430 189.737
139440 189.711
139450 189.644
139460 189.645
139470 189.653
139480 189.602
139490 189.528
139500 189.516
139510 189.51
139520 189.474
139530 189.434
139540 189.455
139550 189.509
139560 189.524
139570 189.533
139580 189.576
139590 189.616
139600 189.597
139610 189.563
139620 189.518
139630 189.427
139640 189.372
139650 189.365
139660 189.343
139670 189.292
139680 189.246
139690 189.269
139700 189.302
139710 189.321
139720 189.351
139730 189.39
139740 189.408
139750 189.383
139760 189.367
139770 189.384
139780 189.406
139790 189.466
139800 189.533
139810 189.558
139820 189.522
139830 189.529
139840 189.608
139850 189.669
139860 189.69
139870 189.684
139880 189.699
139890 189.691
139900 189.639
139910 189.599
139920 189.582
139930 189.531
139940 189.47
139950 189.456
139960 189.47
139970 189.501
139980 189.532
139990 189.567
140000 189.626
140010 189.708
140020 189.774
140030 189.84
140040 189.904
140050 189.923
140060 189.97
140070 190.034
140080 190.038
140090 189.959
140100 189.876
140110 189.809
140120 189.773
140130 189.769
140140 189.74
140150 189.709
140160 189.717
140170 189.73
140180 189.701
140190 189.662
140200 189.686
140210 189.705
140220 189.681
140230 189.613
140240 189.573
140250 189.588
140260 189.595
140270 189.55
140280 189.518
140290 189.523
140300 189.557
140310 189.522
140320 189.446
140330 189.433
140340 189.469
140350 189.452
140360 189.42
140370 189.489
140380 189.601
140390 189.65
140400 189.617
140410 189.586
140420 189.611
140430 189.648
140440 189.706
140450 189.76
140460 189.765
140470 189.795
140480 189.861
140490 189.908
140500 189.913
140510 189.914
140520 189.964
140530 190.01
140540 190.013
140550 190.028
140560 190.081
140570 190.143
140580 190.207
140590 190.289
140600 190.367
140610 190.405
140620 190.411
140630 190.444
140640 190.513
140650 190.585
140660 190.64
140670 190.659
140680 190.664
140690 190.644
140700 190.616
140710 190.694
140720 190.757
140730 190.7
140740 190.674
140750 190.769
140760 190.896
140770 190.977
140780 191.022
140790 191.083
140800 191.195
140810 191.312
140820 191.378
140830 191.419
140840 191.469
140850 191.504
140860 191.507
140870 191.511
140880 191.531
140890 191.579
140900 191.639
140910 191.679
140920 191.672
140930 191.672
140940 191.696
140950 191.716
140960 191.75
140970 191.828
140980 191.913
140990 191.995
141000 192.064
141010 192.1
141020 192.121
141030 192.158
141040 192.219
141050 192.271
141060 192.276
141070 192.303
141080 192.343
141090 192.329
141100 192.268
141110 192.264
141120 192.328
141130 192.382
141140 192.397
141150 192.379
141160 192.313
141170 192.235
141180 192.226
141190 192.261
141200 192.308
141210 192.378
141220 192.412
141230 192.37
141240 192.312
141250 192.301
141260 192.31
141270 192.304
141280 192.289
141290 192.299
141300 192.359
141310 192.444
141320 192.468
141330 192.465
141340 192.523
141350 192.59
141360 192.637
141370 192.673
141380 192.672
141390 192.669
141400 192.643
141410 192.643
141420 192.692
141430 192.744
141440 192.742
141450 192.685
141460 192.663
141470 192.7
141480 192.746
141490 192.736
141500 192.747
141510 192.806
141520 192.858
141530 192.888
141540 192.936
141550 192.99
141560 193.03
141570 193.073
141580 193.086
141590 193.065
141600 193.06
141610 193.108
141620 193.125
141630 193.064
141640 193.01
141650 192.977
141660 192.941
141670 192.91
141680 192.925
141690 192.951
141700 192.941
141710 192.917
141720 192.898
141730 192.858
141740 192.874
141750 192.94
141760 192.928
141770 192.859
141780 192.834
141790 192.832
141800 192.833
141810 192.861
141820 192.884
141830 192.925
141840 192.943
141850 192.928
141860 192.92
141870 192.915
141880 192.881
141890 192.858
141900 192.843
141910 192.808
141920 192.77
141930 192.703
141940 192.617
141950 192.573
141960 192.62
141970 192.712
141980 192.737
141990 192.717
142000 192.732
142010 192.798
142020 192.838
142030 192.853
142040 192.851
142050 192.84
142060 192.825
142070 192.846
142080 192.859
142090 192.833
142100 192.855
142110 192.944
142120 193.022
142130 193.026
142140 193.03
142150 193.115
142160 193.189
142170 193.172
142180 193.155
142190 193.185
142200 193.23
142210 193.237
142220 193.207
142230 193.182
142240 193.168
142250 193.151
142260 193.151
142270 193.177
142280 193.176
142290 193.139
142300 193.142
142310 193.19
142320 193.184
142330 193.1
142340 192.988
142350 192.925
142360 192.893
142370 192.856
142380 192.836
142390 192.807
142400 192.762
142410 192.742
142420 192.671
142430 192.571
142440 192.561
142450 192.615
142460 192.598
142470 192.565
142480 192.596
142490 192.626
142500 192.614
142510 192.602
142520 192.586
142530 192.594
142540 192.639
142550 192.704
142560 192.764
142570 192.8
142580 192.82
142590 192.805
142600 192.756
142610 192.737
142620 192.779
142630 192.793
142640 192.764
142650 192.728
142660 192.71
142670 192.718
142680 192.72
142690 192.698
142700 192.697
142710 192.71
142720 192.743
142730 192.755
142740 192.759
142750 192.801
142760 192.861
142770 192.909
142780 192.936
142790 192.919
142800 192.888
142810 192.89
142820 192.954
142830 193.056
142840 193.094
142850 193.075
142860 193.081
142870 193.06
142880 193.032
142890 193.026
142900 192.989
142910 192.922
142920 192.908
142930 192.941
142940 192.932
142950 192.908
142960 192.952
142970 193.017
142980 193.027
142990 192.987
143000 192.947
143010 192.921
143020 192.92
143030 192.929
143040 192.961
143050 192.951
143060 192.946
143070 192.981
143080 193.059
143090 193.133
143100 193.194
143110 193.187
143120 193.171
143130 193.223
143140 193.276
143150 193.29
143160 193.316
143170 193.336
143180 193.321
143190 193.305
143200 193.328
143210 193.382
143220 193.416
143230 193.436
143240 193.496
143250 193.567
143260 193.595
143270 193.598
143280 193.615
143290 193.659
143300 193.73
143310 193.778
143320 193.789
143330 193.798
143340 193.811
143350 193.824
143360 193.805
143370 193.802
143380 193.808
143390 193.823
143400 193.833
143410 193.835
143420 193.833
143430 193.835
143440 193.836
143450 193.84
143460 193.849
143470 193.867
143480 193.856
143490 193.833
143500 193.805
143510 193.773
143520 193.777
143530 193.861
143540 193.935
143550 193.943
143560 193.964
143570 194.002
143580 194.01
143590 194.013
143600 193.991
143610 193.953
143620 193.954
143630 193.994
143640 194.03
143650 194.022
143660 194.007
143670 194.041
143680 194.116
143690 194.203
143700 194.252
143710 194.261
143720 194.292
143730 194.338
143740 194.418
143750 194.512
143760 194.57
143770 194.593
143780 194.634
143790 194.666
143800 194.677
143810 194.729
143820 194.752
143830 194.732
143840 194.746
143850 194.798
143860 194.818
143870 194.817
143880 194.841
143890 194.841
143900 194.766
143910 194.74
143920 194.738
143930 194.717
143940 194.724
143950 194.736
143960 194.671
143970 194.547
143980 194.458
143990 194.434
144000 194.416
144010 194.389
144020 194.37
144030 194.331
144040 194.239
144050 194.208
144060 194.251
144070 194.29
144080 194.282
144090 194.293
144100 194.346
144110 194.36
144120 194.318
144130 194.331
144140 194.436
144150 194.554
144160 194.567
144170 194.547
144180 194.574
144190 194.644
144200 194.675
144210 194.681
144220 194.714
144230 194.756
144240 194.772
144250 194.79
144260 194.83
144270 194.891
144280 194.957
144290 195.005
144300 195.034
144310 195.058
144320 195.065
144330 195.051
144340 195.065
144350 195.123
144360 195.193
144370 195.222
144380 195.225
144390 195.245
144400 195.289
144410 195.339
144420 195.408
144430 195.488
144440 195.555
144450 195.578
144460 195.541
144470 195.51
144480 195.525
144490 195.55
144500 195.531
144510 195.513
144520 195.525
144530 195.55
144540 195.555
144550 195.557
144560 195.565
144570 195.603
144580 195.644
144590 195.634
144600 195.61
144610 195.653
144620 195.747
144630 195.804
144640 195.803
144650 195.793
144660 195.824
144670 195.884
144680 195.914
144690 195.92
144700 195.917
144710 195.932
144720 195.945
144730 195.979
144740 196.038
144750 196.066
144760 196.065
144770 196.076
144780 196.14
144790 196.165
144800 196.152
144810 196.196
144820 196.252
144830 196.248
144840 196.211
144850 196.304
144860 196.435
144870 196.47
144880 196.453
144890 196.466
144900 196.52
144910 196.592
144920 196.702
144930 196.806
144940 196.886
144950 196.912
144960 196.933
144970 196.991
144980 197.063
144990 197.107
145000 197.091
145010 197.091
145020 197.147
145030 197.175
145040 197.207
145050 197.273
145060 197.331
145070 197.385
145080 197.415
145090 197.402
145100 197.385
145110 197.404
145120 197.416
145130 197.387
145140 197.374
145150 197.429
145160 197.485
145170 197.442
145180 197.427
145190 197.507
145200 197.592
145210 197.639
145220 197.604
145230 197.522
145240 197.472
145250 197.472
145260 197.477
145270 197.412
145280 197.334
145290 197.267
145300 197.194
145310 197.143
145320 197.178
145330 197.232
145340 197.189
145350 197.102
145360 197.096
145370 197.149
145380 197.184
145390 197.161
145400 197.151
145410 197.175
145420 197.165
145430 197.105
145440 197.106
145450 197.152
145460 197.144
145470 197.131
145480 197.152
145490 197.177
145500 197.179
145510 197.185
145520 197.194
145530 197.186
145540 197.176
145550 197.183
145560 197.163
145570 197.139
145580 197.096
145590 197.077
145600 197.078
145610 197.103
145620 197.128
145630 197.161
145640 197.162
145650 197.161
145660 197.163
145670 197.161
145680 197.201
145690 197.281
145700 197.35
145710 197.395
145720 197.447
145730 197.505
145740 197.562
145750 197.645
145760 197.726
145770 197.742
145780 197.706
145790 197.7
145800 197.72
145810 197.71
145820 197.642
145830 197.605
145840 197.591
145850 197.62
145860 197.688
145870 197.738
145880 197.768
145890 197.818
145900 197.879
145910 197.926
145920 197.97
145930 198.025
145940 198.052
145950 198.038
145960 198.035
145970 198.078
145980 198.106
145990 198.079
146000 198.093
146010 198.156
146020 198.207
146030 198.184
146040 198.183
146050 198.247
146060 198.294
146070 198.308
146080 198.32
146090 198.353
146100 198.375
146110 198.372
146120 198.361
146130 198.354
146140 198.388
146150 198.446
146160 198.494
146170 198.493
146180 198.45
146190 198.428
146200 198.463
146210 198.551
146220 198.632
146230 198.664
146240 198.677
146250 198.703
146260 198.782
146270 198.868
146280 198.879
146290 198.842
146300 198.808
146310 198.783
146320 198.801
146330 198.853
146340 198.874
146350 198.86
146360 198.881
146370 198.927
146380 198.977
146390 199.001
146400 199.02
146410 199.044
146420 199.034
146430 199.017
146440 199.078
146450 199.126
146460 199.123
146470 199.098
146480 199.102
146490 199.181
146500 199.27
146510 199.268
146520 199.21
146530 199.177
146540 199.157
146550 199.114
146560 199.095
146570 199.123
146580 199.145
146590 199.088
146600 199.007
146610 199.025
146620 199.125
146630 199.189
146640 199.231
146650 199.291
146660 199.327
146670 199.322
146680 199.35
146690 199.44
146700 199.51
146710 199.547
146720 199.615
146730 199.696
146740 199.756
146750 199.79
146760 199.819
146770 199.837
146780 199.837
146790 199.858
146800 199.891
146810 199.905
146820 199.925
146830 199.967
146840 199.966
146850 199.952
146860 199.988
146870 200.031
146880 200.106
146890 200.186
146900 200.167
146910 200.062
146920 200.026
146930 200.092
146940 200.167
146950 200.167
146960 200.135
146970 200.167
146980 200.234
146990 200.278
147000 200.28
147010 200.286
147020 200.283
147030 200.307
147040 200.359
147050 200.415
147060 200.422
147070 200.44
147080 200.409
147090 200.333
147100 200.338
147110 200.407
147120 200.434
147130 200.398
147140 200.345
147150 200.34
147160 200.355
147170 200.334
147180 200.304
147190 200.324
147200 200.348
147210 200.354
147220 200.341
147230 200.323
147240 200.279
147250 200.255
147260 200.334
147270 200.409
147280 200.419
147290 200.419
147300 200.448
147310 200.46
147320 200.446
147330 200.403
147340 200.406
147350 200.426
147360 200.441
147370 200.47
147380 200.459
147390 200.412
147400 200.415
147410 200.462
147420 200.507
147430 200.539
147440 200.526
147450 200.497
147460 200.508
147470 200.579
147480 200.622
147490 200.65
147500 200.652
147510 200.693
147520 200.746
147530 200.795
147540 200.809
147550 200.742
147560 200.646
147570 200.658
147580 200.753
147590 200.772
147600 200.747
147610 200.762
147620 200.759
147630 200.702
147640 200.705
147650 200.783
147660 200.816
147670 200.79
147680 200.806
147690 200.911
147700 201.004
147710 201.042
147720 201.056
147730 201.122
147740 201.194
147750 201.209
147760 201.202
147770 201.248
147780 201.309
147790 201.325
147800 201.329
147810 201.366
147820 201.405
147830 201.4
147840 201.364
147850 201.333
147860 201.325
147870 201.364
147880 201.398
147890 201.418
147900 201.401
147910 201.352
147920 201.342
147930 201.388
147940 201.437
147950 201.458
147960 201.469
147970 201.482
147980 201.521
147990 201.579
148000 201.627
148010 201.634
148020 201.591
148030 201.551
148040 201.556
148050 201.565
148060 201.554
148070 201.555
148080 201.638
148090 201.708
148100 201.702
148110 201.645
148120 201.645
148130 201.696
148140 201.702
148150 201.67
148160 201.671
148170 201.699
148180 201.701
148190 201.734
148200 201.784
148210 201.759
148220 201.702
148230 201.69
148240 201.683
148250 201.653
148260 201.655
148270 201.649
148280 201.627
148290 201.634
148300 201.666
148310 201.655
148320 201.638
148330 201.667
148340 201.698
148350 201.713
148360 201.755
148370 201.804
148380 201.816
148390 201.816
148400 201.863
148410 201.904
148420 201.888
148430 201.88
148440 201.902
148450 201.937
148460 201.946
148470 201.956
148480 201.965
148490 201.951
148500 201.902
148510 201.866
148520 201.908
148530 201.997
148540 202.087
148550 202.078
148560 202.014
148570 202.027
148580 202.089
148590 202.123
148600 202.116
148610 202.11
148620 202.119
148630 202.107
148640 202.024
148650 201.941
148660 201.927
148670 201.974
148680 202.019
148690 201.99
148700 201.907
148710 201.877
148720 201.89
148730 201.88
148740 201.863
148750 201.872
148760 201.887
148770 201.94
148780 201.986
148790 201.953
148800 201.895
148810 201.9
148820 201.937
148830 201.954
148840 201.987
148850 202.026
148860 202.061
148870 202.108
148880 202.169
148890 202.244
148900 202.314
148910 202.355
148920 202.411
148930 202.478
148940 202.539
148950 202.594
148960 202.666
148970 202.745
148980 202.807
148990 202.857
149000 202.873
149010 202.877
149020 202.907
149030 202.927
149040 202.907
149050 202.876
149060 202.837
149070 202.784
149080 202.717
149090 202.698
149100 202.767
149110 202.815
149120 202.787
149130 202.745
149140 202.763
149150 202.828
149160 202.89
149170 202.954
149180 202.989
149190 202.98
149200 203.02
149210 203.108
149220 203.148
149230 203.126
149240 203.108
149250 203.173
149260 203.257
149270 203.276
149280 203.304
149290 203.369
149300 203.412
149310 203.436
149320 203.505
149330 203.583
149340 203.567
149350 203.503
149360 203.508
149370 203.544
149380 203.576
149390 203.588
149400 203.562
149410 203.504
149420 203.5
149430 203.539
149440 203.559
149450 203.563
149460 203.576
149470 203.573
149480 203.539
149490 203.514
149500 203.521
149510 203.551
149520 203.576
149530 203.588
149540 203.606
149550 203.662
149560 203.733
149570 203.81
149580 203.882
149590 203.965
149600 204.075
149610 204.169
149620 204.215
149630 204.274
149640 204.375
149650 204.467
149660 204.545
149670 204.616
149680 204.692
149690 204.746
149700 204.773
149710 204.813
149720 204.915
149730 205.016
149740 205.06
149750 205.093
149760 205.136
149770 205.148
149780 205.086
149790 205.031
149800 205.058
149810 205.095
149820 205.072
149830 205.041
149840 205.107
149850 205.183
149860 205.17
149870 205.125
149880 205.119
149890 205.118
149900 205.084
149910 205.071
149920 205.104
149930 205.129
149940 205.105
149950 205.112
149960 205.164
149970 205.157
149980 205.095
149990 205.06
150000 205.049
150010 205.035
150020 205.06
150030 205.122
150040 205.141
150050 205.061
150060 204.996
150070 205.003
150080 205.02
150090 205.042
150100 205.033
150110 205.034
150120 205.059
150130 205.064
150140 205.041
150150 205.023
150160 204.993
150170 204.959
150180 204.96
150190 205.011
150200 205.114
150210 205.208
150220 205.285
150230 205.341
150240 205.38
150250 205.389
150260 205.417
150270 205.462
150280 205.499
150290 205.512
150300 205.565
150310 205.687
150320 205.762
150330 205.805
150340 205.855
150350 205.921
150360 205.933
150370 205.892
150380 205.886
150390 205.939
150400 205.983
150410 205.998
150420 206.039
150430 206.083
150440 206.101
150450 206.144
150460 206.262
150470 206.353
150480 206.353
150490 206.362
150500 206.447
150510 206.554
150520 206.588
150530 206.605
150540 206.615
150550 206.586
150560 206.575
150570 206.592
150580 206.581
150590 206.514
150600 206.433
150610 206.396
150620 206.393
150630 206.429
150640 206.445
150650 206.451
150660 206.44
150670 206.47
150680 206.526
150690 206.533
150700 206.542
150710 206.572
150720 206.616
150730 206.673
150740 206.754
150750 206.796
150760 206.77
150770 206.753
150780 206.773
150790 206.85
150800 206.99
150810 207.088
150820 207.111
150830 207.128
150840 207.185
150850 207.233
150860 207.226
150870 207.179
150880 207.167
150890 207.217
150900 207.228
150910 207.193
150920 207.133
150930 207.061
150940 207.014
150950 207
150960 206.975
150970 206.911
150980 206.81
150990 206.749
151000 206.774
151010 206.808
151020 206.803
151030 206.785
151040 206.79
151050 206.827
151060 206.822
151070 206.787
151080 206.75
151090 206.744
151100 206.762
151110 206.778
151120 206.789
151130 206.763
151140 206.745
151150 206.72
151160 206.713
151170 206.716
151180 206.689
151190 206.666
151200 206.649
151210 206.613
151220 206.583
151230 206.604
151240 206.654
151250 206.68
151260 206.671
151270 206.648
151280 206.645
151290 206.664
151300 206.726
151310 206.774
151320 206.793
151330 206.827
151340 206.871
151350 206.857
151360 206.823
151370 206.877
151380 206.974
151390 206.983
151400 206.9
151410 206.894
151420 207.003
151430 207.116
151440 207.158
151450 207.194
151460 207.237
151470 207.246
151480 207.251
151490 207.313
151500 207.402
151510 207.44
151520 207.49
151530 207.58
151540 207.567
151550 207.468
151560 207.438
151570 207.496
151580 207.535
151590 207.523
151600 207.52
151610 207.547
151620 207.561
151630 207.532
151640 207.515
151650 207.571
151660 207.648
151670 207.62
151680 207.561
151690 207.55
151700 207.545
151710 207.58
151720 207.627
151730 207.652
151740 207.667
151750 207.693
151760 207.707
151770 207.688
151780 207.615
151790 207.589
151800 207.607
151810 207.57
151820 207.532
151830 207.541
151840 207.597
151850 207.642
151860 207.647
151870 207.639
151880 207.702
151890 207.842
151900 207.911
151910 207.895
151920 207.914
151930 208.011
151940 208.069
151950 208.055
151960 208.058
151970 208.111
151980 208.168
151990 208.201
152000 208.214
152010 208.201
152020 208.161
152030 208.152
152040 208.187
152050 208.184
152060 208.146
152070 208.133
152080 208.188
152090 208.228
152100 208.247
152110 208.337
152120 208.448
152130 208.46
152140 208.438
152150 208.481
152160 208.53
152170 208.539
152180 208.548
152190 208.594
152200 208.666
152210 208.704
152220 208.685
152230 208.607
152240 208.55
152250 208.536
152260 208.493
152270 208.435
152280 208.424
152290 208.501
152300 208.573
152310 208.582
152320 208.608
152330 208.667
152340 208.707
152350 208.743
152360 208.828
152370 208.895
152380 208.897
152390 208.875
152400 208.885
152410 208.865
152420 208.823
152430 208.799
152440 208.777
152450 208.74
152460 208.729
152470 208.784
152480 208.888
152490 208.924
152500 208.919
152510 208.904
152520 208.892
152530 208.915
152540 208.969
152550 208.96
152560 208.85
152570 208.795
152580 208.819
152590 208.861
152600 208.891
152610 208.92
152620 208.878
152630 208.829
152640 208.809
152650 208.804
152660 208.796
152670 208.781
152680 208.777
152690 208.82
152700 208.868
152710 208.861
152720 208.887
152730 208.976
152740 209.007
152750 208.962
152760 208.926
152770 208.883
152780 208.918
152790 208.994
152800 209.006
152810 208.991
152820 209.049
152830 209.101
152840 209.08
152850 209.077
152860 209.116
152870 209.124
152880 209.095
152890 209.122
152900 209.159
152910 209.182
152920 209.212
152930 209.264
152940 209.31
152950 209.357
152960 209.404
152970 209.428
152980 209.396
152990 209.351
153000 209.343
153010 209.34
153020 209.305
153030 209.257
153040 209.25
153050 209.307
153060 209.361
153070 209.33
153080 209.296
153090 209.32
153100 209.345
153110 209.342
153120 209.32
153130 209.262
153140 209.202
153150 209.205
153160 209.247
153170 209.274
153180 209.264
153190 209.248
153200 209.188
153210 209.133
153220 209.146
153230 209.212
153240 209.238
153250 209.24
153260 209.291
153270 209.39
153280 209.486
153290 209.569
153300 209.618
153310 209.658
153320 209.759
153330 209.869
153340 209.87
153350 209.841
153360 209.865
153370 209.947
153380 209.968
153390 209.925
153400 209.909
153410 209.95
153420 209.963
153430 209.931
153440 209.907
153450 209.947
153460 210.03
153470 210.119
153480 210.146
153490 210.144
153500 210.154
153510 210.152
153520 210.145
153530 210.178
153540 210.187
153550 210.122
153560 210.028
153570 209.935
153580 209.895
153590 209.894
153600 209.893
153610 209.866
153620 209.813
153630 209.812
153640 209.841
153650 209.864
153660 209.85
153670 209.859
153680 209.887
153690 209.878
153700 209.874
153710 209.906
153720 209.913
153730 209.888
153740 209.889
153750 209.968
153760 210.103
153770 210.222
153780 210.247
153790 210.179
153800 210.161
153810 210.215
153820 210.238
153830 210.208
153840 210.172
153850 210.135
153860 210.077
153870 210.07
153880 210.132
153890 210.136
153900 210.054
153910 210.036
153920 210.145
153930 210.206
153940 210.15
153950 210.138
153960 210.2
153970 210.203
153980 210.153
153990 210.143
154000 210.168
154010 210.145
154020 210.123
154030 210.129
154040 210.152
154050 210.222
154060 210.327
154070 210.301
154080 210.214
154090 210.224
154100 210.3
154110 210.32
154120 210.305
154130 210.294
154140 210.281
154150 210.235
154160 210.224
154170 210.268
154180 210.306
154190 210.371
154200 210.479
154210 210.536
154220 210.503
154230 210.44
154240 210.443
154250 210.506
154260 210.554
154270 210.533
154280 210.459
154290 210.417
154300 210.419
154310 210.451
154320 210.485
154330 210.524
154340 210.575
154350 210.667
154360 210.722
154370 210.686
154380 210.643
154390 210.656
154400 210.646
154410 210.582
154420 210.575
154430 210.624
154440 210.634
154450 210.58
154460 210.536
154470 210.52
154480 210.52
154490 210.571
154500 210.65
154510 210.683
154520 210.707
154530 210.78
154540 210.85
154550 210.869
154560 210.876
154570 210.914
154580 210.939
154590 210.893
154600 210.902
154610 211.004
154620 211.039
154630 211.004
154640 210.975
154650 210.944
154660 210.884
154670 210.88
154680 210.941
154690 210.965
154700 210.949
154710 210.989
154720 211.105
154730 211.222
154740 211.263
154750 211.28
154760 211.319
154770 211.384
154780 211.414
154790 211.475
154800 211.567
154810 211.642
154820 211.687
154830 211.774
154840 211.877
154850 211.926
154860 211.967
154870 212.031
154880 212.093
154890 212.114
154900 212.155
154910 212.248
154920 212.314
154930 212.313
154940 212.351
154950 212.433
154960 212.491
154970 212.538
154980 212.584
154990 212.637
155000 212.673
155010 212.709
155020 212.742
155030 212.769
155040 212.769
155050 212.801
155060 212.859
155070 212.876
155080 212.888
155090 212.937
155100 212.95
155110 212.89
155120 212.834
155130 212.818
155140 212.838
155150 212.813
155160 212.734
155170 212.696
155180 212.735
155190 212.803
155200 212.851
155210 212.872
155220 212.854
155230 212.811
155240 212.798
155250 212.815
155260 212.774
155270 212.687
155280 212.644
155290 212.667
155300 212.677
155310 212.657
155320 212.705
155330 212.807
155340 212.868
155350 212.859
155360 212.829
155370 212.83
155380 212.857
155390 212.905
155400 212.955
155410 212.978
155420 212.989
155430 212.98
155440 212.963
155450 212.952
155460 212.935
155470 212.93
155480 212.978
155490 213.031
155500 213.057
155510 213.099
155520 213.193
155530 213.293
155540 213.367
155550 213.413
155560 213.417
155570 213.398
155580 213.378
155590 213.376
155600 213.394
155610 213.437
155620 213.498
155630 213.517
155640 213.513
155650 213.536
155660 213.599
155670 213.656
155680 213.703
155690 213.722
155700 213.68
155710 213.605
155720 213.585
155730 213.614
155740 213.627
155750 213.603
155760 213.578
155770 213.596
155780 213.636
155790 213.643
155800 213.638
155810 213.649
155820 213.655
155830 213.652
155840 213.685
155850 213.737
155860 213.772
155870 213.775
155880 213.792
155890 213.809
155900 213.803
155910 213.8
155920 213.796
155930 213.847
155940 213.934
155950 214.006
155960 214.063
155970 214.108
155980 214.181
155990 214.312
156000 214.423
156010 214.462
156020 214.488
156030 214.536
156040 214.6
156050 214.601
156060 214.587
156070 214.64
156080 214.71
156090 214.746
156100 214.745
156110 214.767
156120 214.8
156130 214.86
156140 214.983
156150 215.103
156160 215.163
156170 215.2
156180 215.237
156190 215.298
156200 215.346
156210 215.343
156220 215.293
156230 215.256
156240 215.274
156250 215.296
156260 215.296
156270 215.32
156280 215.32
156290 215.247
156300 215.185
156310 215.236
156320 215.308
156330 215.308
156340 215.316
156350 215.355
156360 215.367
156370 215.332
156380 215.303
156390 215.306
156400 215.318
156410 215.33
156420 215.305
156430 215.259
156440 215.221
156450 215.221
156460 215.228
156470 215.234
156480 215.263
156490 215.341
156500 215.446
156510 215.492
156520 215.495
156530 215.501
156540 215.505
156550 215.499
156560 215.49
156570 215.441
156580 215.394
156590 215.376
156600 215.374
156610 215.382
156620 215.402
156630 215.391
156640 215.387
156650 215.429
156660 215.471
156670 215.447
156680 215.39
156690 215.336
156700 215.348
156710 215.381
156720 215.345
156730 215.263
156740 215.247
156750 215.33
156760 215.406
156770 215.444
156780 215.46
156790 215.5
156800 215.517
156810 215.522
156820 215.558
156830 215.601
156840 215.577
156850 215.515
156860 215.532
156870 215.588
156880 215.596
156890 215.594
156900 215.636
156910 215.699
156920 215.733
156930 215.777
156940 215.843
156950 215.905
156960 215.912
156970 215.909
156980 215.936
156990 215.971
157000 215.985
157010 215.954
157020 215.898
157030 215.916
157040 216.002
157050 216.037
157060 216.038
157070 216.043
157080 216.039
157090 216.044
157100 216.083
157110 216.095
157120 216.001
157130 215.922
157140 215.928
157150 215.917
157160 215.865
157170 215.884
157180 215.948
157190 215.936
157200 215.918
157210 215.997
157220 216.134
157230 216.214
157240 216.255
157250 216.311
157260 216.405
157270 216.489
157280 216.543
157290 216.6
157300 216.629
157310 216.62
157320 216.609
157330 216.628
157340 216.636
157350 216.687
157360 216.815
157370 216.892
157380 216.871
157390 216.831
157400 216.827
157410 216.839
157420 216.831
157430 216.821
157440 216.832
157450 216.844
157460 216.821
157470 216.804
157480 216.861
157490 216.929
157500 216.981
157510 217.045
157520 217.081
157530 217.076
157540 217.117
157550 217.19
157560 217.257
157570 217.282
157580 217.262
157590 217.294
157600 217.337
157610 217.353
157620 217.387
157630 217.435
157640 217.488
157650 217.581
157660 217.67
157670 217.706
157680 217.733
157690 217.751
157700 217.779
157710 217.81
157720 217.872
157730 217.895
157740 217.878
157750 217.884
157760 217.946
157770 218.044
157780 218.099
157790 218.083
157800 218.064
157810 218.117
157820 218.184
157830 218.175
157840 218.105
157850 218.106
157860 218.152
157870 218.2
157880 218.244
157890 218.281
157900 218.297
157910 218.32
157920 218.346
157930 218.341
157940 218.381
157950 218.427
157960 218.434
157970 218.412
157980 218.419
157990 218.412
158000 218.399
158010 218.434
158020 218.546
158030 218.639
158040 218.654
158050 218.655
158060 218.711
158070 218.78
158080 218.865
158090 218.963
158100 219.039
158110 219.065
158120 219.038
158130 219.002
158140 218.984
158150 219.009
158160 219.008
158170 218.964
158180 218.929
158190 218.943
158200 219.006
158210 219.035
158220 219.065
158230 219.129
158240 219.17
158250 219.158
158260 219.131
158270 219.172
158280 219.267
158290 219.318
158300 219.329
158310 219.392
158320 219.511
158330 219.598
158340 219.635
158350 219.657
158360 219.647
158370 219.624
158380 219.601
158390 219.615
158400 219.672
158410 219.719
158420 219.782
158430 219.893
158440 219.986
158450 220.016
158460 220.048
158470 220.12
158480 220.179
158490 220.206
158500 220.225
158510 220.241
158520 220.26
158530 220.275
158540 220.266
158550 220.246
158560 220.267
158570 220.302
158580 220.298
158590 220.242
158600 220.219
158610 220.295
158620 220.418
158630 220.491
158640 220.492
158650 220.448
158660 220.424
158670 220.408
158680 220.392
158690 220.365
158700 220.351
158710 220.363
158720 220.379
158730 220.4
158740 220.447
158750 220.481
158760 220.503
158770 220.555
158780 220.566
158790 220.531
158800 220.528
158810 220.588
158820 220.644
158830 220.681
158840 220.722
158850 220.726
158860 220.76
158870 220.853
158880 220.923
158890 220.873
158900 220.728
158910 220.667
158920 220.688
158930 220.657
158940 220.57
158950 220.53
158960 220.517
158970 220.473
158980 220.458
158990 220.484
159000 220.501
159010 220.503
159020 220.498
159030 220.491
159040 220.505
159050 220.545
159060 220.577
159070 220.564
159080 220.559
159090 220.596
159100 220.635
159110 220.609
159120 220.566
159130 220.563
159140 220.555
159150 220.529
159160 220.515
159170 220.503
159180 220.478
159190 220.437
159200 220.353
159210 220.272
159220 220.289
159230 220.332
159240 220.306
159250 220.263
159260 220.234
159270 220.224
159280 220.198
159290 220.198
159300 220.233
159310 220.247
159320 220.225
159330 220.201
159340 220.187
159350 220.186
159360 220.145
159370 220.079
159380 220.014
159390 219.998
159400 220.003
159410 220.015
159420 220.086
159430 220.166
159440 220.167
159450 220.137
159460 220.137
159470 220.202
159480 220.305
159490 220.383
159500 220.39
159510 220.323
159520 220.282
159530 220.332
159540 220.438
159550 220.509
159560 220.557
159570 220.597
159580 220.627
159590 220.631
159600 220.628
159610 220.647
159620 220.689
159630 220.68
159640 220.656
159650 220.675
159660 220.713
159670 220.738
159680 220.725
159690 220.693
159700 220.675
159710 220.667
159720 220.655
159730 220.635
159740 220.608
159750 220.582
159760 220.577
159770 220.602
159780 220.66
159790 220.736
159800 220.781
159810 220.791
159820 220.843
159830 220.936
159840 220.999
159850 221.055
159860 221.137
159870 221.211
159880 221.248
159890 221.331
159900 221.453
159910 221.484
159920 221.433
159930 221.418
159940 221.498
159950 221.553
159960 221.51
159970 221.46
159980 221.473
159990 221.495
160000 221.462
160010 221.412
160020 221.466
160030 221.552
160040 221.569
160050 221.493
160060 221.435
160070 221.45
160080 221.502
160090 221.571
160100 221.616
160110 221.645
160120 221.668
160130 221.678
160140 221.675
160150 221.706
160160 221.752
160170 221.781
160180 221.826
160190 221.839
160200 221.812
160210 221.814
160220 221.834
160230 221.831
160240 221.818
160250 221.797
160260 221.775
160270 221.75
160280 221.727
160290 221.729
160300 221.724
160310 221.661
160320 221.61
160330 221.618
160340 221.636
160350 221.671
160360 221.683
160370 221.679
160380 221.692
160390 221.748
160400 221.788
160410 221.823
160420 221.892
160430 221.946
160440 221.97
160450 221.992
160460 222.028
160470 222.015
160480 221.957
160490 221.883
160500 221.849
160510 221.853
160520 221.874
160530 221.897
160540 221.928
160550 221.982
160560 222.042
160570 222.055
160580 222.026
160590 222.029
160600 222.07
160610 222.067
160620 222.058
160630 222.113
160640 222.251
160650 222.379
160660 222.416
160670 222.433
160680 222.479
160690 222.526
160700 222.583
160710 222.634
160720 222.67
160730 222.656
160740 222.643
160750 222.659
160760 222.645
160770 222.624
160780 222.652
160790 222.688
160800 222.694
160810 222.71
160820 222.697
160830 222.669
160840 222.674
160850 222.715
160860 222.726
160870 222.711
160880 222.722
160890 222.745
160900 222.78
160910 222.834
160920 222.907
160930 222.96
160940 222.975
160950 222.999
160960 223.069
160970 223.109
160980 223.099
160990 223.12
161000 223.126
161010 223.087
161020 223.056
161030 223.03
161040 223.034
161050 223.069
161060 223.07
161070 223.034
161080 222.997
161090 223.011
161100 223.097
161110 223.149
161120 223.173
161130 223.205
161140 223.25
161150 223.257
161160 223.212
161170 223.207
161180 223.273
161190 223.318
161200 223.326
161210 223.304
161220 223.308
161230 223.362
161240 223.425
161250 223.508
161260 223.564
161270 223.553
161280 223.537
161290 223.589
161300 223.663
161310 223.709
161320 223.73
161330 223.728
161340 223.735
161350 223.8
161360 223.849
161370 223.846
161380 223.824
161390 223.848
161400 223.892
161410 223.892
161420 223.899
161430 223.931
161440 223.94
161450 223.923
161460 223.966
161470 224.037
161480 224.057
161490 224.032
161500 224.02
161510 224.015
161520 224.018
161530 224.026
161540 224.064
161550 224.124
161560 224.169
161570 224.203
161580 224.219
161590 224.221
161600 224.25
161610 224.324
161620 224.322
161630 224.286
161640 224.278
161650 224.318
161660 224.367
161670 224.383
161680 224.361
161690 224.379
161700 224.495
161710 224.533
161720 224.462
161730 224.422
161740 224.483
161750 224.523
161760 224.474
161770 224.435
161780 224.444
161790 224.437
161800 224.409
161810 224.395
161820 224.41
161830 224.357
161840 224.248
161850 224.187
161860 224.203
161870 224.242
161880 224.271
161890 224.281
161900 224.271
161910 224.285
161920 224.343
161930 224.403
161940 224.379
161950 224.303
161960 224.307
161970 224.361
161980 224.379
161990 224.362
162000 224.383
162010 224.42
162020 224.455
162030 224.483
162040 224.501
162050 224.526
162060 224.581
162070 224.658
162080 224.715
162090 224.743
162100 224.778
162110 224.83
162120 224.848
162130 224.861
162140 224.919
162150 224.976
162160 224.969
162170 225.015
162180 225.109
162190 225.178
162200 225.209
162210 225.259
162220 225.344
162230 225.381
162240 225.392
162250 225.437
162260 225.499
162270 225.579
162280 225.647
162290 225.678
162300 225.729
162310 225.785
162320 225.819
162330 225.835
162340 225.839
162350 225.815
162360 225.792
162370 225.799
162380 225.857
162390 225.907
162400 225.91
162410 225.856
162420 225.819
162430 225.802
162440 225.804
162450 225.825
162460 225.816
162470 225.814
162480 225.839
162490 225.835
162500 225.828
162510 225.86
162520 225.86
162530 225.819
162540 225.77
162550 225.762
162560 225.793
162570 225.776
162580 225.697
162590 225.666
162600 225.711
162610 225.733
162620 225.69
162630 225.649
162640 225.66
162650 225.666
162660 225.618
162670 225.607
162680 225.632
162690 225.602
162700 225.554
162710 225.53
162720 225.473
162730 225.406
162740 225.397
162750 225.428
162760 225.479
162770 225.522
162780 225.539
162790 225.541
162800 225.572
162810 225.675
162820 225.767
162830 225.77
162840 225.731
162850 225.75
162860 225.79
162870 225.802
162880 225.799
162890 225.794
162900 225.769
162910 225.756
162920 225.774
162930 225.817
162940 225.9
162950 225.987
162960 226.038
162970 226.048
162980 226.032
162990 226.004
163000 225.987
163010 225.983
163020 225.995
163030 225.976
163040 225.941
163050 225.916
163060 225.909
163070 225.925
163080 225.927
163090 225.93
163100 225.957
163110 225.996
163120 226.035
163130 226.031
163140 225.995
163150 225.987
163160 226.069
163170 226.125
163180 226.087
163190 226.091
163200 226.182
163210 226.266
163220 226.266
163230 226.232
163240 226.182
163250 226.165
163260 226.206
163270 226.214
163280 226.179
163290 226.178
163300 226.211
163310 226.242
163320 226.279
163330 226.305
163340 226.316
163350 226.31
163360 226.306
163370 226.277
163380 226.212
163390 226.149
163400 226.145
163410 226.157
163420 226.152
163430 226.17
163440 226.193
163450 226.184
163460 226.165
163470 226.187
163480 226.198
163490 226.162
163500 226.155
163510 226.167
163520 226.19
163530 226.209
163540 226.233
163550 226.242
163560 226.224
163570 226.205
163580 226.238
163590 226.294
163600 226.306
163610 226.295
163620 226.326
163630 226.361
163640 226.33
163650 226.323
163660 226.355
163670 226.358
163680 226.318
163690 226.283
163700 226.321
163710 226.344
163720 226.291
163730 226.245
163740 226.28
163750 226.339
163760 226.339
163770 226.303
163780 226.318
163790 226.381
163800 226.456
163810 226.514
163820 226.545
163830 226.557
163840 226.57
163850 226.622
163860 226.639
163870 226.633
163880 226.687
163890 226.748
163900 226.792
163910 226.865
163920 226.893
163930 226.832
163940 226.777
163950 226.831
163960 226.851
163970 226.779
163980 226.74
163990 226.825
164000 226.909
164010 226.928
164020 226.961
164030 227.051
164040 227.102
164050 227.09
164060 227.049
164070 227.06
164080 227.054
164090 227.075
164100 227.126
164110 227.108
164120 227.047
164130 227.041
164140 227.066
164150 227.089
164160 227.106
164170 227.111
164180 227.101
164190 227.094
164200 227.082
164210 227.105
164220 227.118
164230 227.111
164240 227.126
164250 227.158
164260 227.181
164270 227.216
164280 227.255
164290 227.254
164300 227.232
164310 227.2
164320 227.174
164330 227.166
164340 227.166
164350 227.136
164360 227.098
164370 227.104
164380 227.132
164390 227.097
164400 227.069
164410 227.106
164420 227.129
164430 227.106
164440 227.115
164450 227.155
164460 227.166
164470 227.139
164480 227.125
164490 227.168
164500 227.211
164510 227.237
164520 227.256
164530 227.268
164540 227.302
164550 227.34
164560 227.329
164570 227.315
164580 227.327
164590 227.329
164600 227.324
164610 227.356
164620 227.413
164630 227.454
164640 227.475
164650 227.478
164660 227.496
164670 227.52
164680 227.505
164690 227.488
164700 227.454
164710 227.42
164720 227.405
164730 227.458
164740 227.523
164750 227.512
164760 227.523
164770 227.585
164780 227.622
164790 227.619
164800 227.637
164810 227.695
164820 227.694
164830 227.666
164840 227.659
164850 227.667
164860 227.674
164870 227.674
164880 227.69
164890 227.746
164900 227.791
164910 227.811
164920 227.812
164930 227.795
164940 227.8
164950 227.869
164960 227.962
164970 228.038
164980 228.067
164990 228.094
165000 228.096
165010 228.074
165020 228.108
165030 228.19
165040 228.212
165050 228.182
165060 228.153
165070 228.15
165080 228.174
165090 228.242
165100 228.301
165110 228.347
165120 228.417
165130 228.481
165140 228.494
165150 228.473
165160 228.462
165170 228.48
165180 228.496
165190 228.527
165200 228.579
165210 228.644
165220 228.721
165230 228.777
165240 228.816
165250 228.846
165260 228.848
165270 228.836
165280 228.803
165290 228.776
165300 228.763
165310 228.775
165320 228.756
165330 228.738
165340 228.717
165350 228.666
165360 228.605
165370 228.597
165380 228.63
165390 228.618
165400 228.604
165410 228.641
165420 228.687
165430 228.688
165440 228.7
165450 228.77
165460 228.875
165470 228.92
165480 228.898
165490 228.904
165500 228.899
165510 228.844
165520 228.793
165530 228.798
165540 228.793
165550 228.742
165560 228.731
165570 228.798
165580 228.859
165590 228.886
165600 228.913
165610 228.964
165620 228.998
165630 229.016
165640 229.033
165650 229.063
165660 229.053
165670 229.043
165680 229.082
165690 229.095
165700 229.062
165710 229.043
165720 229.07
165730 229.115
165740 229.139
165750 229.166
165760 229.165
165770 229.136
165780 229.139
165790 229.19
165800 229.221
165810 229.221
165820 229.232
165830 229.298
165840 229.405
165850 229.439
165860 229.386
165870 229.338
165880 229.373
165890 229.386
165900 229.342
165910 229.322
165920 229.376
165930 229.385
165940 229.32
165950 229.269
165960 229.27
165970 229.268
165980 229.22
165990 229.156
166000 229.107
166010 229.08
166020 229.075
166030 229.074
166040 229.102
166050 229.117
166060 229.126
166070 229.153
166080 229.145
166090 229.144
166100 229.179
166110 229.212
166120 229.193
166130 229.12
166140 229.041
166150 228.962
166160 228.925
166170 228.913
166180 228.911
166190 228.885
166200 228.903
166210 228.966
166220 229.005
166230 229.007
166240 229.037
166250 229.067
166260 229.087
166270 229.125
166280 229.247
166290 229.413
166300 229.513
166310 229.568
166320 229.658
166330 229.771
166340 229.84
166350 229.886
166360 229.948
166370 229.989
166380 229.973
166390 229.972
166400 229.971
166410 229.909
166420 229.867
166430 229.901
166440 229.938
166450 229.93
166460 229.921
166470 229.991
166480 230.079
166490 230.093
166500 230.046
166510 230.013
166520 230.027
166530 230.04
166540 230.051
166550 230.081
166560 230.126
166570 230.142
166580 230.142
166590 230.119
166600 230.067
166610 230.051
166620 230.06
166630 230.087
166640 230.092
166650 230.071
166660 230.077
166670 230.082
166680 230.047
166690 229.992
166700 229.963
166710 230.003
166720 230.029
166730 230.056
166740 230.074
166750 230.056
166760 230.058
166770 230.151
166780 230.214
166790 230.198
166800 230.149
166810 230.15
166820 230.169
166830 230.181
166840 230.232
166850 230.324
166860 230.395
166870 230.421
166880 230.477
166890 230.588
166900 230.668
166910 230.667
166920 230.684
166930 230.767
166940 230.867
166950 230.894
166960 230.897
166970 230.939
166980 231.052
166990 231.114
167000 231.103
167010 231.118
167020 231.129
167030 231.125
167040 231.134
167050 231.164
167060 231.174
167070 231.169
167080 231.14
167090 231.109
167100 231.102
167110 231.119
167120 231.144
167130 231.153
167140 231.183
167150 231.242
167160 231.292
167170 231.335
167180 231.399
167190 231.45
167200 231.48
167210 231.497
167220 231.559
167230 231.654
167240 231.722
167250 231.733
167260 231.766
167270 231.841
167280 231.927
167290 231.971
167300 231.971
167310 231.989
167320 232.063
167330 232.126
167340 232.132
167350 232.085
167360 232.085
167370 232.167
167380 232.236
167390 232.24
167400 232.206
167410 232.193
167420 232.216
167430 232.209
167440 232.222
167450 232.254
167460 232.222
167470 232.176
167480 232.199
167490 232.281
167500 232.369
167510 232.39
167520 232.354
167530 232.327
167540 232.376
167550 232.456
167560 232.491
167570 232.522
167580 232.588
167590 232.587
167600 232.543
167610 232.535
167620 232.567
167630 232.589
167640 232.593
167650 232.602
167660 232.548
167670 232.468
167680 232.431
167690 232.437
167700 232.44
167710 232.445
167720 232.497
167730 232.565
167740 232.611
167750 232.617
167760 232.62
167770 232.674
167780 232.732
167790 232.738
167800 232.746
167810 232.808
167820 232.854
167830 232.853
167840 232.826
167850 232.804
167860 232.825
167870 232.863
167880 232.839
167890 232.786
167900 232.772
167910 232.807
167920 232.808
167930 232.774
167940 232.756
167950 232.748
167960 232.739
167970 232.74
167980 232.735
167990 232.73
168000 232.747
168010 232.804
168020 232.838
168030 232.811
168040 232.769
168050 232.746
168060 232.775
168070 232.793
168080 232.842
168090 232.862
168100 232.852
168110 232.871
168120 232.902
168130 232.921
168140 232.928
168150 232.907
168160 232.902
168170 232.957
168180 233.01
168190 233.023
168200 233.026
168210 233.102
168220 233.169
168230 233.132
168240 233.07
168250 233.088
168260 233.15
168270 233.139
168280 233.098
168290 233.09
168300 233.124
168310 233.177
168320 233.222
168330 233.25
168340 233.266
168350 233.327
168360 233.342
168370 233.309
168380 233.327
168390 233.368
168400 233.335
168410 233.224
168420 233.153
168430 233.165
168440 233.197
168450 233.248
168460 233.236
168470 233.198
168480 233.202
168490 233.217
168500 233.216
168510 233.214
168520 233.213
168530 233.168
168540 233.096
168550 233.067
168560 233.065
168570 233.037
168580 233.026
168590 233.027
168600 233.024
168610 233.044
168620 233.118
168630 233.167
168640 233.141
168650 233.027
168660 232.953
168670 232.953
168680 232.986
168690 233.015
168700 233.012
168710 233.012
168720 233.016
168730 233.051
168740 233.102
168750 233.175
168760 233.256
168770 233.298
168780 233.288
168790 233.282
168800 233.352
168810 233.433
168820 233.459
168830 233.432
168840 233.432
168850 233.461
168860 233.521
168870 233.595
168880 233.668
168890 233.717
168900 233.759
168910 233.86
168920 233.991
168930 234.076
168940 234.079
168950 234.07
168960 234.099
168970 234.093
168980 234.043
168990 234.04
169000 234.042
169010 234.01
169020 233.974
169030 233.975
169040 234.016
169050 233.989
169060 233.94
169070 233.955
169080 233.964
169090 233.927
169100 233.902
169110 233.94
169120 234.008
169130 234.085
169140 234.142
169150 234.165
169160 234.207
169170 234.278
169180 234.31
169190 234.343
169200 234.381
169210 234.415
169220 234.421
169230 234.405
169240 234.409
169250 234.444
169260 234.505
169270 234.499
169280 234.434
169290 234.342
169300 234.336
169310 234.44
169320 234.488
169330 234.452
169340 234.452
169350 234.474
169360 234.4
169370 234.315
169380 234.345
169390 234.344
169400 234.238
169410 234.164
169420 234.18
169430 234.25
169440 234.317
169450 234.355
169460 234.371
169470 234.359
169480 234.415
169490 234.542
169500 234.595
169510 234.57
169520 234.563
169530 234.626
169540 234.626
169550 234.57
169560 234.568
169570 234.618
169580 234.691
169590 234.712
169600 234.71
169610 234.752
169620 234.808
169630 234.822
169640 234.801
169650 234.77
169660 234.8
169670 234.837
169680 234.852
169690 234.854
169700 234.867
169710 234.902
169720 234.919
169730 234.891
169740 234.884
169750 234.898
169760 234.878
169770 234.786
169780 234.704
169790 234.722
169800 234.79
169810 234.822
169820 234.828
169830 234.859
169840 234.873
169850 234.825
169860 234.786
169870 234.738
169880 234.664
169890 234.534
169900 234.465
169910 234.451
169920 234.419
169930 234.388
169940 234.406
169950 234.452
169960 234.429
169970 234.418
169980 234.498
169990 234.588
170000 234.612
170010 234.647
170020 234.756
170030 234.882
170040 234.976
170050 235.043
170060 235.082
170070 235.125
170080 235.165
170090 235.199
170100 235.223
170110 235.252
170120 235.275
170130 235.309
170140 235.364
170150 235.411
170160 235.384
170170 235.347
170180 235.345
170190 235.362
170200 235.372
170210 235.384
170220 235.419
170230 235.471
170240 235.505
170250 235.534
170260 235.555
170270 235.565
170280 235.583
170290 235.578
170300 235.53
170310 235.464
170320 235.429
170330 235.434
170340 235.444
170350 235.446
170360 235.451
170370 235.453
170380 235.484
170390 235.537
170400 235.601
170410 235.642
170420 235.659
170430 235.706
170440 235.759
170450 235.733
170460 235.675
170470 235.702
170480 235.793
170490 235.842
170500 235.835
170510 235.84
170520 235.888
170530 235.882
170540 235.846
170550 235.859
170560 235.884
170570 235.863
170580 235.846
170590 235.879
170600 235.955
170610 236.018
170620 236.068
170630 236.094
170640 236.072
170650 236.053
170660 236.071
170670 236.154
170680 236.242
170690 236.253
170700 236.186
170710 236.098
170720 236.134
170730 236.263
170740 236.327
170750 236.293
170760 236.272
170770 236.357
170780 236.445
170790 236.486
170800 236.513
170810 236.491
170820 236.43
170830 236.405
170840 236.411
170850 236.42
170860 236.411
170870 236.416
170880 236.418
170890 236.403
170900 236.399
170910 236.457
170920 236.459
170930 236.463
170940 236.492
170950 236.52
170960 236.539
170970 236.556
170980 236.585
170990 236.575
171000 236.519
171010 236.541
171020 236.649
171030 236.745
171040 236.766
171050 236.793
171060 236.903
171070 237.008
171080 237.084
171090 237.187
171100 237.301
171110 237.357
171120 237.383
171130 237.42
171140 237.465
171150 237.459
171160 237.46
171170 237.497
171180 237.51
171190 237.506
171200 237.476
171210 237.437
171220 237.396
171230 237.352
171240 237.355
171250 237.369
171260 237.291
171270 237.211
171280 237.161
171290 237.163
171300 237.233
171310 237.317
171320 237.351
171330 237.313
171340 237.301
171350 237.37
171360 237.43
171370 237.444
171380 237.378
171390 237.28
171400 237.272
171410 237.37
171420 237.448
171430 237.473
171440 237.526
171450 237.602
171460 237.618
171470 237.588
171480 237.587
171490 237.588
171500 237.552
171510 237.523
171520 237.537
171530 237.551
171540 237.531
171550 237.504
171560 237.499
171570 237.465
171580 237.44
171590 237.453
171600 237.466
171610 237.473
171620 237.5
171630 237.547
171640 237.558
171650 237.55
171660 237.517
171670 237.494
171680 237.514
171690 237.517
171700 237.509
171710 237.555
171720 237.589
171730 237.606
171740 237.658
171750 237.689
171760 237.671
171770 237.678
171780 237.662
171790 237.591
171800 237.53
171810 237.525
171820 237.553
171830 237.523
171840 237.515
171850 237.602
171860 237.678
171870 237.709
171880 237.751
171890 237.799
171900 237.8
171910 237.765
171920 237.797
171930 237.872
171940 237.857
171950 237.809
171960 237.843
171970 237.91
171980 237.98
171990 238.108
172000 238.247
172010 238.282
172020 238.271
172030 238.342
172040 238.443
172050 238.466
172060 238.433
172070 238.445
172080 238.499
172090 238.5
172100 238.454
172110 238.446
172120 238.502
172130 238.543
172140 238.567
172150 238.626
172160 238.684
172170 238.715
172180 238.699
172190 238.65
172200 238.614
172210 238.607
172220 238.591
172230 238.578
172240 238.607
172250 238.643
172260 238.656
172270 238.671
172280 238.713
172290 238.757
172300 238.734
172310 238.691
172320 238.681
172330 238.714
172340 238.755
172350 238.752
172360 238.678
172370 238.598
172380 238.572
172390 238.617
172400 238.645
172410 238.594
172420 238.531
172430 238.514
172440 238.472
172450 238.418
172460 238.389
172470 238.398
172480 238.458
172490 238.499
172500 238.516
172510 238.557
172520 238.606
172530 238.635
172540 238.68
172550 238.73
172560 238.738
172570 238.755
172580 238.828
172590 238.895
172600 238.944
172610 239.002
172620 239.084
172630 239.149
172640 239.191
172650 239.251
172660 239.364
172670 239.466
172680 239.46
172690 239.405
172700 239.407
172710 239.407
172720 239.364
172730 239.352
172740 239.415
172750 239.449
172760 239.417
172770 239.387
172780 239.373
172790 239.332
172800 239.316
172810 239.343
172820 239.379
172830 239.431
172840 239.457
172850 239.446
172860 239.499
172870 239.612
172880 239.679
172890 239.696
172900 239.734
172910 239.777
172920 239.776
172930 239.775
172940 239.823
172950 239.859
172960 239.865
172970 239.863
172980 239.857
172990 239.899
173000 239.955
173010 240.017
173020 240.05
173030 240.071
173040 240.101
173050 240.142
173060 240.122
173070 240.083
173080 240.101
173090 240.157
173100 240.206
173110 240.233
173120 240.238
173130 240.215
173140 240.226
173150 240.331
173160 240.444
173170 240.439
173180 240.377
173190 240.35
173200 240.362
173210 240.406
173220 240.446
173230 240.431
173240 240.402
173250 240.447
173260 240.506
173270 240.555
173280 240.584
173290 240.619
173300 240.617
173310 240.626
173320 240.673
173330 240.649
173340 240.582
173350 240.572
173360 240.604
173370 240.6
173380 240.609
173390 240.638
173400 240.636
173410 240.651
173420 240.702
173430 240.742
173440 240.723
173450 240.681
173460 240.692
173470 240.696
173480 240.629
173490 240.557
173500 240.514
173510 240.494
173520 240.513
173530 240.564
173540 240.609
173550 240.68
173560 240.8
173570 240.899
173580 240.964
173590 241.026
173600 241.07
173610 241.084
173620 241.07
173630 241.054
173640 241.057
173650 241.081
173660 241.142
173670 241.224
173680 241.255
173690 241.271
173700 241.254
173710 241.224
173720 241.259
173730 241.304
173740 241.225
173750 241.074
173760 240.994
173770 241.001
173780 241.013
173790 240.997
173800 240.971
173810 240.962
173820 240.986
173830 241.024
173840 240.996
173850 240.97
173860 240.981
173870 241.02
173880 241.05
173890 241.084
173900 241.092
173910 241.054
173920 241.005
173930 241.006
173940 241
173950 240.915
173960 240.838
173970 240.872
173980 240.895
173990 240.84
174000 240.781
174010 240.781
174020 240.79
174030 240.782
174040 240.785
174050 240.806
174060 240.811
174070 240.781
174080 240.735
174090 240.72
174100 240.752
174110 240.739
174120 240.737
174130 240.764
174140 240.762
174150 240.691
174160 240.642
174170 240.696
174180 240.801
174190 240.855
174200 240.819
174210 240.818
174220 240.847
174230 240.844
174240 240.853
174250 240.854
174260 240.793
174270 240.728
174280 240.689
174290 240.683
174300 240.676
174310 240.64
174320 240.637
174330 240.656
174340 240.63
174350 240.626
174360 240.66
174370 240.665
174380 240.654
174390 240.657
174400 240.66
174410 240.646
174420 240.606
174430 240.594
174440 240.585
174450 240.545
174460 240.502
174470 240.475
174480 240.463
174490 240.526
174500 240.64
174510 240.71
174520 240.695
174530 240.6
174540 240.548
174550 240.561
174560 240.553
174570 240.531
174580 240.549
174590 240.561
174600 240.525
174610 240.52
174620 240.559
174630 240.616
174640 240.678
174650 240.742
174660 240.739
174670 240.72
174680 240.743
174690 240.812
174700 240.872
174710 240.882
174720 240.901
174730 241.012
174740 241.145
174750 241.219
174760 241.299
174770 241.436
174780 241.533
174790 241.567
174800 241.626
174810 241.705
174820 241.745
174830 241.786
174840 241.81
174850 241.833
174860 241.867
174870 241.87
174880 241.868
174890 241.935
174900 241.981
174910 242.013
174920 241.991
174930 241.902
174940 241.848
174950 241.86
174960 241.876
174970 241.844
174980 241.84
174990 241.895
175000 241.892
175010 241.832
175020 241.83
175030 241.873
175040 241.881
175050 241.852
175060 241.9
175070 241.993
175080 242.01
175090 241.922
175100 241.825
175110 241.798
175120 241.795
175130 241.742
175140 241.705
175150 241.742
175160 241.808
175170 241.825
175180 241.817
175190 241.85
175200 241.865
175210 241.833
175220 241.829
175230 241.907
175240 241.996
175250 242.025
175260 242.033
175270 242.077
175280 242.084
175290 242.03
175300 241.985
175310 241.984
175320 242.032
175330 242.071
175340 242.093
175350 242.133
175360 242.213
175370 242.298
175380 242.333
175390 242.292
175400 242.274
175410 242.325
175420 242.374
175430 242.335
175440 242.294
175450 242.323
175460 242.367
175470 242.359
175480 242.4
175490 242.56
175500 242.694
175510 242.712
175520 242.697
175530 242.757
175540 242.847
175550 242.899
175560 242.924
175570 242.97
175580 243.021
175590 243.074
175600 243.14
175610 243.189
175620 243.195
175630 243.201
175640 243.236
175650 243.283
175660 243.343
175670 243.412
175680 243.437
175690 243.397
175700 243.401
175710 243.457
175720 243.48
175730 243.476
175740 243.501
175750 243.511
175760 243.527
175770 243.54
175780 243.595
175790 243.651
175800 243.701
175810 243.722
175820 243.748
175830 243.763
175840 243.752
175850 243.696
175860 243.641
175870 243.581
175880 243.505
175890 243.46
175900 243.467
175910 243.477
175920 243.492
175930 243.511
175940 243.534
175950 243.567
175960 243.604
175970 243.643
175980 243.678
175990 243.7
176000 243.644
176010 243.59
176020 243.575
176030 243.585
176040 243.581
176050 243.58
176060 243.577
176070 243.555
176080 243.536
176090 243.54
176100 243.563
176110 243.585
176120 243.61
176130 243.623
176140 243.604
176150 243.583
176160 243.608
176170 243.647
176180 243.63
176190 243.603
176200 243.609
176210 243.634
176220 243.662
176230 243.695
176240 243.716
176250 243.73
176260 243.737
176270 243.787
176280 243.849
176290 243.935
176300 243.984
176310 243.977
176320 244.011
176330 244.095
176340 244.187
176350 244.229
176360 244.254
176370 244.296
176380 244.327
176390 244.293
176400 244.276
176410 244.278
176420 244.3
176430 244.303
176440 244.291
176450 244.284
176460 244.322
176470 244.375
176480 244.371
176490 244.321
176500 244.316
176510 244.382
176520 244.436
176530 244.426
176540 244.393
176550 244.396
176560 244.426
176570 244.451
176580 244.464
176590 244.482
176600 244.578
176610 244.738
176620 244.872
176630 244.924
176640 244.96
176650 245.023
176660 245.07
176670 245.151
176680 245.262
176690 245.326
176700 245.3
176710 245.255
176720 245.231
176730 245.211
176740 245.243
176750 245.247
176760 245.21
176770 245.179
176780 245.199
176790 245.193
176800 245.152
176810 245.141
176820 245.163
176830 245.171
176840 245.179
176850 245.221
176860 245.297
176870 245.39
176880 245.468
176890 245.454
176900 245.419
176910 245.409
176920 245.355
176930 245.263
176940 245.168
176950 245.115
176960 245.112
176970 245.111
176980 245.096
176990 245.149
177000 245.25
177010 245.292
177020 245.212
177030 245.131
177040 245.137
177050 245.149
177060 245.121
177070 245.079
177080 245.058
177090 245.039
177100 244.987
177110 244.918
177120 244.927
177130 244.972
177140 245.005
177150 245.029
177160 245.016
177170 244.979
177180 245.017
177190 245.105
177200 245.128
177210 245.104
177220 245.134
177230 245.186
177240 245.231
177250 245.275
177260 245.351
177270 245.446
177280 245.507
177290 245.544
177300 245.601
177310 245.685
177320 245.753
177330 245.805
177340 245.819
177350 245.753
177360 245.703
177370 245.733
177380 245.756
177390 245.731
177400 245.705
177410 245.74
177420 245.79
177430 245.81
177440 245.825
177450 245.833
177460 245.829
177470 245.776
177480 245.727
177490 245.703
177500 245.681
177510 245.632
177520 245.6
177530 245.637
177540 245.704
177550 245.771
177560 245.875
177570 245.95
177580 245.961
177590 245.973
177600 246.077
177610 246.165
177620 246.174
177630 246.16
177640 246.17
177650 246.177
177660 246.143
177670 246.104
177680 246.1
177690 246.111
177700 246.162
177710 246.244
177720 246.289
177730 246.262
177740 246.236
177750 246.248
177760 246.27
177770 246.249
177780 246.182
177790 246.117
177800 246.106
177810 246.148
177820 246.177
177830 246.179
177840 246.178
177850 246.202
177860 246.21
177870 246.232
177880 246.258
177890 246.279
177900 246.312
177910 246.315
177920 246.341
177930 246.409
177940 246.451
177950 246.45
177960 246.48
177970 246.535
177980 246.535
177990 246.473
178000 246.429
178010 246.399
178020 246.351
178030 246.292
178040 246.287
178050 246.342
178060 246.373
178070 246.37
178080 246.351
178090 246.36
178100 246.396
178110 246.386
178120 246.367
178130 246.366
178140 246.367
178150 246.353
178160 246.33
178170 246.268
178180 246.247
178190 246.292
178200 246.329
178210 246.313
178220 246.274
178230 246.295
178240 246.354
178250 246.4
178260 246.39
178270 246.365
178280 246.368
178290 246.331
178300 246.302
178310 246.341
178320 246.37
178330 246.329
178340 246.282
178350 246.344
178360 246.463
178370 246.51
178380 246.48
178390 246.492
178400 246.551
178410 246.608
178420 246.664
178430 246.709
178440 246.713
178450 246.703
178460 246.717
178470 246.735
178480 246.749
178490 246.819
178500 246.952
178510 247.073
178520 247.155
178530 247.205
178540 247.264
178550 247.337
178560 247.416
178570 247.462
178580 247.455
178590 247.448
178600 247.461
178610 247.484
178620 247.478
178630 247.518
178640 247.585
178650 247.596
178660 247.586
178670 247.584
178680 247.63
178690 247.659
178700 247.707
178710 247.74
178720 247.716
178730 247.709
178740 247.738
178750 247.725
178760 247.661
178770 247.655
178780 247.71
178790 247.775
178800 247.838
178810 247.885
178820 247.904
178830 247.932
178840 247.956
178850 248.006
178860 248.024
178870 247.994
178880 247.963
178890 247.905
178900 247.886
178910 247.923
178920 247.982
178930 247.99
178940 247.946
178950 247.957
178960 248.01
178970 248.055
178980 248.034
178990 248.043
179000 248.132
179010 248.157
179020 248.108
179030 248.092
179040 248.111
179050 248.116
179060 248.09
179070 248.08
179080 248.075
179090 248.07
179100 248.126
179110 248.204
179120 248.26
179130 248.337
179140 248.433
179150 248.507
179160 248.551
179170 248.577
179180 248.595
179190 248.56
179200 248.548
179210 248.613
179220 248.69
179230 248.738
179240 248.791
179250 248.831
179260 248.835
179270 248.88
179280 249.021
179290 249.107
179300 249.084
179310 249.08
179320 249.116
179330 249.152
179340 249.179
179350 249.178
179360 249.166
179370 249.153
179380 249.13
179390 249.17
179400 249.269
179410 249.354
179420 249.35
179430 249.34
179440 249.338
179450 249.274
179460 249.224
179470 249.2
179480 249.215
179490 249.278
179500 249.358
179510 249.383
179520 249.357
179530 249.365
179540 249.371
179550 249.325
179560 249.233
179570 249.229
179580 249.239
179590 249.169
179600 249.102
179610 249.125
179620 249.182
179630 249.215
179640 249.239
179650 249.296
179660 249.345
179670 249.336
179680 249.286
179690 249.272
179700 249.35
179710 249.397
179720 249.377
179730 249.39
179740 249.447
179750 249.478
179760 249.477
179770 249.495
179780 249.49
179790 249.463
179800 249.486
179810 249.53
179820 249.507
179830 249.45
179840 249.448
179850 249.53
179860 249.586
179870 249.598
179880 249.598
179890 249.62
179900 249.658
179910 249.679
179920 249.639
179930 249.58
179940 249.511
179950 249.449
179960 249.381
179970 249.314
179980 249.295
179990 249.345
180000 249.374
180010 249.329
180020 249.299
180030 249.318
180040 249.334
180050 249.325
180060 249.353
180070 249.39
180080 249.35
180090 249.269
180100 249.256
180110 249.311
180120 249.356
180130 249.381
180140 249.41
180150 249.434
180160 249.454
180170 249.503
180180 249.599
180190 249.678
180200 249.719
180210 249.747
180220 249.823
180230 249.894
180240 249.941
180250 249.984
180260 250.061
180270 250.16
180280 250.238
180290 250.292
180300 250.333
180310 250.383
180320 250.465
180330 250.5
180340 250.468
180350 250.459
180360 250.551
180370 250.702
180380 250.791
180390 250.783
180400 250.749
180410 250.716
180420 250.713
180430 250.724
180440 250.721
180450 250.741
180460 250.722
180470 250.64
180480 250.586
180490 250.642
180500 250.732
180510 250.73
180520 250.674
180530 250.663
180540 250.709
180550 250.785
180560 250.858
180570 250.875
180580 250.901
180590 250.936
180600 250.97
180610 251.063
180620 251.162
180630 251.199
180640 251.221
180650 251.254
180660 251.317
180670 251.426
180680 251.484
180690 251.453
180700 251.373
180710 251.326
180720 251.311
180730 251.366
180740 251.439
180750 251.419
180760 251.359
180770 251.369
180780 251.437
180790 251.496
180800 251.549
180810 251.593
180820 251.58
180830 251.522
180840 251.534
180850 251.592
180860 251.591
180870 251.553
180880 251.572
180890 251.597
180900 251.533
180910 251.517
180920 251.597
180930 251.639
180940 251.62
180950 251.569
180960 251.566
180970 251.645
180980 251.785
180990 251.875
181000 251.875
181010 251.892
181020 251.92
181030 251.918
181040 251.873
181050 251.865
181060 251.897
181070 251.911
181080 251.937
181090 251.994
181100 252.031
181110 252.018
181120 252.035
181130 252.12
181140 252.205
181150 252.287
181160 252.392
181170 252.46
181180 252.501
181190 252.513
181200 252.516
181210 252.492
181220 252.458
181230 252.466
181240 252.5
181250 252.542
181260 252.543
181270 252.559
181280 252.623
181290 252.654
181300 252.654
181310 252.638
181320 252.61
181330 252.558
181340 252.505
181350 252.429
181360 252.329
181370 252.252
181380 252.24
181390 252.223
181400 252.171
181410 252.147
181420 252.143
181430 252.158
181440 252.188
181450 252.193
181460 252.221
181470 252.271
181480 252.311
181490 252.299
181500 252.265
181510 252.303
181520 252.375
181530 252.37
181540 252.35
181550 252.389
181560 252.436
181570 252.51
181580 252.611
181590 252.675
181600 252.665
181610 252.618
181620 252.619
181630 252.696
181640 252.772
181650 252.763
181660 252.764
181670 252.817
181680 252.86
181690 252.888
181700 252.962
181710 253.054
181720 253.078
181730 253.112
181740 253.205
181750 253.276
181760 253.264
181770 253.24
181780 253.238
181790 253.225
181800 253.219
181810 253.257
181820 253.295
181830 253.307
181840 253.295
181850 253.245
181860 253.21
181870 253.223
181880 253.232
181890 253.234
181900 253.272
181910 253.29
181920 253.212
181930 253.101
181940 253.079
181950 253.092
181960 253.054
181970 252.968
181980 252.915
181990 252.913
182000 252.91
182010 252.934
182020 252.99
182030 253.025
182040 253.012
182050 253.001
182060 253.004
182070 253.026
182080 253.041
182090 253.055
182100 253.092
182110 253.119
182120 253.087
182130 253.075
182140 253.111
182150 253.114
182160 253.02
182170 252.964
182180 252.983
182190 252.963
182200 252.918
182210 252.858
182220 252.809
182230 252.808
182240 252.836
182250 252.882
182260 252.849
182270 252.789
182280 252.798
182290 252.858
182300 252.864
182310 252.873
182320 252.888
182330 252.843
182340 252.769
182350 252.743
182360 252.751
182370 252.719
182380 252.686
182390 252.699
182400 252.741
182410 252.795
182420 252.794
182430 252.731
182440 252.636
182450 252.599
182460 252.599
182470 252.592
182480 252.538
182490 252.48
182500 252.49
182510 252.52
182520 252.533
182530 252.566
182540 252.63
182550 252.676
182560 252.718
182570 252.791
182580 252.844
182590 252.838
182600 252.853
182610 252.928
182620 253.005
182630 253.048
182640 253.065
182650 253.073
182660 253.077
182670 253.063
182680 253.022
182690 253.001
182700 253.067
182710 253.134
182720 253.165
182730 253.191
182740 253.214
182750 253.267
182760 253.361
182770 253.399
182780 253.358
182790 253.329
182800 253.405
182810 253.48
182820 253.502
182830 253.5
182840 253.482
182850 253.476
182860 253.521
182870 253.589
182880 253.678
182890 253.762
182900 253.803
182910 253.822
182920 253.845
182930 253.937
182940 254.063
182950 254.111
182960 254.082
182970 254.058
182980 254.097
182990 254.134
183000 254.164
183010 254.19
183020 254.18
183030 254.109
183040 254.035
183050 254.028
183060 254.032
183070 254.011
183080 254.022
183090 254.075
183100 254.074
183110 253.963
183120 253.871
183130 253.891
183140 253.926
183150 253.91
183160 253.936
183170 254.002
183180 254.051
183190 254.096
183200 254.163
183210 254.243
183220 254.323
183230 254.421
183240 254.493
183250 254.5
183260 254.553
183270 254.657
183280 254.74
183290 254.752
183300 254.709
183310 254.737
183320 254.813
183330 254.847
183340 254.815
183350 254.776
183360 254.73
183370 254.72
183380 254.787
183390 254.91
183400 254.957
183410 254.939
183420 254.958
183430 254.998
183440 255.01
183450 254.997
183460 254.986
183470 254.988
183480 255.008
183490 255.009
183500 255.01
183510 254.98
183520 254.891
183530 254.792
183540 254.744
183550 254.75
183560 254.787
183570 254.805
183580 254.753
183590 254.709
183600 254.778
183610 254.891
183620 254.864
183630 254.771
183640 254.756
183650 254.816
183660 254.874
183670 254.905
183680 254.934
183690 254.981
183700 255.002
183710 255.023
183720 255.039
183730 255.028
183740 255.066
183750 255.147
183760 255.143
183770 255.052
183780 255.048
183790 255.152
183800 255.239
183810 255.285
183820 255.337
183830 255.368
183840 255.423
183850 255.501
183860 255.558
183870 255.593
183880 255.599
183890 255.589
183900 255.598
183910 255.595
183920 255.586
183930 255.613
183940 255.691
183950 255.755
183960 255.752
183970 255.725
183980 255.731
183990 255.754
184000 255.745
184010 255.715
184020 255.682
184030 255.616
184040 255.564
184050 255.57
184060 255.606
184070 255.593
184080 255.512
184090 255.413
184100 255.379
184110 255.412
184120 255.446
184130 255.437
184140 255.389
184150 255.357
184160 255.347
184170 255.331
184180 255.324
184190 255.338
184200 255.333
184210 255.363
184220 255.387
184230 255.341
184240 255.337
184250 255.416
184260 255.462
184270 255.401
184280 255.331
184290 255.317
184300 255.341
184310 255.398
184320 255.424
184330 255.415
184340 255.422
184350 255.481
184360 255.523
184370 255.561
184380 255.603
184390 255.644
184400 255.653
184410 255.608
184420 255.541
184430 255.511
184440 255.502
184450 255.554
184460 255.638
184470 255.678
184480 255.69
184490 255.768
184500 255.856
184510 255.855
184520 255.853
184530 255.933
184540 256.026
184550 256.009
184560 255.957
184570 255.961
184580 255.988
184590 256.018
184600 256.06
184610 256.063
184620 256.025
184630 255.997
184640 256
184650 256.035
184660 256.101
184670 256.188
184680 256.267
184690 256.297
184700 256.33
184710 256.391
184720 256.417
184730 256.377
184740 256.313
184750 256.288
184760 256.281
184770 256.287
184780 256.311
184790 256.328
184800 256.298
184810 256.22
184820 256.212
184830 256.266
184840 256.283
184850 256.216
184860 256.215
184870 256.325
184880 256.396
184890 256.359
184900 256.365
184910 256.431
184920 256.491
184930 256.536
184940 256.582
184950 256.612
184960 256.559
184970 256.464
184980 256.456
184990 256.484
185000 256.454
185010 256.46
185020 256.58
185030 256.659
185040 256.573
185050 256.502
185060 256.526
185070 256.54
185080 256.507
185090 256.498
185100 256.526
185110 256.476
185120 256.423
185130 256.506
185140 256.582
185150 256.526
185160 256.449
185170 256.474
185180 256.519
185190 256.525
185200 256.522
185210 256.531
185220 256.587
185230 256.659
185240 256.706
185250 256.77
185260 256.849
185270 256.953
185280 257.042
185290 257.099
185300 257.141
185310 257.184
185320 257.241
185330 257.254
185340 257.239
185350 257.269
185360 257.287
185370 257.251
185380 257.197
185390 257.155
185400 257.135
185410 257.15
185420 257.201
185430 257.227
185440 257.212
185450 257.166
185460 257.105
185470 257.071
185480 257.079
185490 257.132
185500 257.143
185510 257.094
185520 257.067
185530 257.099
185540 257.14
185550 257.194
185560 257.245
185570 257.251
185580 257.242
185590 257.251
185600 257.223
185610 257.177
185620 257.211
185630 257.245
185640 257.19
185650 257.078
185660 256.994
185670 256.988
185680 257.001
185690 256.989
185700 256.995
185710 257.058
185720 257.092
185730 257.068
185740 257.013
185750 256.965
185760 256.966
185770 257.019
185780 257.069
185790 257.088
185800 257.1
185810 257.195
185820 257.315
185830 257.347
185840 257.289
185850 257.257
185860 257.319
185870 257.424
185880 257.485
185890 257.498
185900 257.504
185910 257.479
185920 257.413
185930 257.422
185940 257.464
185950 257.514
185960 257.559
185970 257.616
185980 257.677
185990 257.722
186000 257.776
186010 257.871
186020 257.93
186030 257.944
186040 257.966
186050 257.977
186060 257.992
186070 257.996
186080 257.942
186090 257.879
186100 257.864
186110 257.851
186120 257.826
186130 257.867
186140 257.969
186150 257.998
186160 257.957
186170 257.983
186180 258.054
186190 258.06
186200 258.008
186210 257.975
186220 258.005
186230 258.03
186240 258.071
186250 258.133
186260 258.16
186270 258.18
186280 258.236
186290 258.276
186300 258.28
186310 258.264
186320 258.247
186330 258.221
186340 258.189
186350 258.198
186360 258.237
186370 258.298
186380 258.336
186390 258.333
186400 258.333
186410 258.363
186420 258.391
186430 258.341
186440 258.246
186450 258.209
186460 258.234
186470 258.234
186480 258.22
186490 258.238
186500 258.289
186510 258.298
186520 258.274
186530 258.31
186540 258.377
186550 258.384
186560 258.356
186570 258.371
186580 258.404
186590 258.404
186600 258.426
186610 258.481
186620 258.502
186630 258.419
186640 258.352
186650 258.405
186660 258.442
186670 258.43
186680 258.489
186690 258.602
186700 258.591
186710 258.467
186720 258.424
186730 258.499
186740 258.553
186750 258.516
186760 258.511
186770 258.516
186780 258.488
186790 258.499
186800 258.544
186810 258.584
186820 258.625
186830 258.707
186840 258.768
186850 258.769
186860 258.746
186870 258.725
186880 258.723
186890 258.749
186900 258.751
186910 258.733
186920 258.696
186930 258.689
186940 258.731
186950 258.804
186960 258.868
186970 258.945
186980 259.027
186990 259.058
187000 259.009
187010 258.957
187020 258.962
187030 259.022
187040 259.084
187050 259.11
187060 259.105
187070 259.09
187080 259.1
187090 259.131
187100 259.192
187110 259.274
187120 259.309
187130 259.323
187140 259.273
187150 259.23
187160 259.219
187170 259.253
187180 259.29
187190 259.314
187200 259.376
187210 259.447
187220 259.469
187230 259.492
187240 259.552
187250 259.641
187260 259.696
187270 259.69
187280 259.702
187290 259.75
187300 259.803
187310 259.874
187320 259.949
187330 260.006
187340 259.999
187350 259.991
187360 260.011
187370 260.02
187380 260.004
187390 259.98
187400 259.976
187410 259.995
187420 259.981
187430 259.934
187440 259.945
187450 259.993
187460 260.016
187470 259.999
187480 259.947
187490 259.932
187500 259.926
187510 259.929
187520 259.919
187530 259.912
187540 259.883
187550 259.855
187560 259.905
187570 260.021
187580 260.076
187590 260.066
187600 260.081
187610 260.13
187620 260.146
187630 260.133
187640 260.116
187650 260.146
187660 260.198
187670 260.234
187680 260.222
187690 260.166
187700 260.16
187710 260.186
187720 260.135
187730 259.994
187740 259.915
187750 259.934
187760 259.965
187770 259.946
187780 259.881
187790 259.831
187800 259.794
187810 259.769
187820 259.821
187830 259.909
187840 259.955
187850 259.957
187860 259.99
187870 260.051
187880 260.113
187890 260.181
187900 260.257
187910 260.269
187920 260.197
187930 260.148
187940 260.182
187950 260.242
187960 260.224
187970 260.181
187980 260.209
187990 260.316
188000 260.423
188010 260.459
188020 260.438
188030 260.44
188040 260.493
188050 260.505
188060 260.475
188070 260.449
188080 260.444
188090 260.41
188100 260.398
188110 260.466
188120 260.588
188130 260.672
188140 260.644
188150 260.635
188160 260.677
188170 260.707
188180 260.692
188190 260.638
188200 260.581
188210 260.562
188220 260.546
188230 260.538
188240 260.563
188250 260.557
188260 260.529
188270 260.512
188280 260.501
188290 260.438
188300 260.425
188310 260.523
188320 260.67
188330 260.742
188340 260.77
188350 260.818
188360 260.87
188370 260.88
188380 260.896
188390 260.93
188400 260.9
188410 260.819
188420 260.786
188430 260.802
188440 260.789
188450 260.743
188460 260.734
188470 260.771
188480 260.771
188490 260.746
188500 260.735
188510 260.693
188520 260.623
188530 260.575
188540 260.507
188550 260.426
188560 260.342
188570 260.277
188580 260.244
188590 260.241
188600 260.225
188610 260.261
188620 260.31
188630 260.344
188640 260.414
188650 260.53
188660 260.629
188670 260.678
188680 260.737
188690 260.84
188700 260.898
188710 260.922
188720 261
188730 261.108
188740 261.158
188750 261.187
188760 261.268
188770 261.347
188780 261.391
188790 261.435
188800 261.466
188810 261.53
188820 261.598
188830 261.588
188840 261.54
188850 261.527
188860 261.594
188870 261.669
188880 261.685
188890 261.628
188900 261.616
188910 261.634
188920 261.626
188930 261.638
188940 261.748
188950 261.896
188960 261.959
188970 261.897
188980 261.812
188990 261.814
189000 261.845
189010 261.842
189020 261.83
189030 261.855
189040 261.813
189050 261.668
189060 261.631
189070 261.738
189080 261.801
189090 261.745
189100 261.709
189110 261.731
189120 261.755
189130 261.768
189140 261.793
189150 261.787
189160 261.784
189170 261.816
189180 261.884
189190 261.911
189200 261.932
189210 261.99
189220 261.991
189230 261.942
189240 261.945
189250 261.984
189260 262.047
189270 262.156
189280 262.27
189290 262.342
189300 262.425
189310 262.512
189320 262.538
189330 262.523
189340 262.584
189350 262.712
189360 262.755
189370 262.693
189380 262.653
189390 262.684
189400 262.719
189410 262.771
189420 262.846
189430 262.918
189440 263.002
189450 263.146
189460 263.263
189470 263.274
189480 263.283
189490 263.339
189500 263.36
189510 263.324
189520 263.261
189530 263.219
189540 263.185
189550 263.233
189560 263.333
189570 263.367
189580 263.322
189590 263.29
189600 263.306
189610 263.343
189620 263.357
189630 263.399
189640 263.455
189650 263.473
189660 263.515
189670 263.612
189680 263.682
189690 263.745
189700 263.816
189710 263.854
189720 263.869
189730 263.932
189740 264.02
189750 264.056
189760 264.112
189770 264.198
189780 264.219
