# Time-averaged data for fix msdw
# TimeStep c_mw[4]
0 2.79059e-11
10 0.027462
20 0.0817043
30 0.123582
40 0.148242
50 0.169396
60 0.194104
70 0.223822
80 0.255946
90 0.289649
100 0.323082
110 0.354739
120 0.383835
130 0.412612
140 0.444312
150 0.475039
160 0.505869
170 0.539947
180 0.573146
190 0.603824
200 0.63147
210 0.657683
220 0.684165
230 0.709581
240 0.735024
250 0.760844
260 0.787094
270 0.813246
280 0.838894
290 0.861998
300 0.880499
310 0.898299
320 0.919081
330 0.940928
340 0.960316
350 0.972636
360 0.989863
370 1.01265
380 1.03445
390 1.05325
400 1.07195
410 1.0906
420 1.10627
430 1.12196
440 1.14163
450 1.15998
460 1.17365
470 1.18648
480 1.20286
490 1.22324
500 1.24024
510 1.25626
520 1.27063
530 1.28683
540 1.30544
550 1.32298
560 1.33833
570 1.35723
580 1.37838
590 1.39732
600 1.4122
610 1.4236
620 1.43755
630 1.45803
640 1.48129
650 1.50223
660 1.51915
670 1.53619
680 1.55775
690 1.57756
700 1.59464
710 1.60502
720 1.61142
730 1.62499
740 1.64587
750 1.66562
760 1.68563
770 1.70451
780 1.7195
790 1.73395
800 1.74522
810 1.75442
820 1.76128
830 1.76425
840 1.77091
850 1.78362
860 1.79807
870 1.80889
880 1.81815
890 1.83293
900 1.852
910 1.86864
920 1.88032
930 1.88994
940 1.90291
950 1.91852
960 1.93372
970 1.94823
980 1.95753
990 1.96475
1000 1.97298
1010 1.98105
1020 1.99122
1030 2.00092
1040 2.01238
1050 2.02427
1060 2.03473
1070 2.04575
1080 2.0613
1090 2.07896
1100 2.09636
1110 2.1095
1120 2.11883
1130 2.12746
1140 2.13554
1150 2.14458
1160 2.16036
1170 2.18502
1180 2.20196
1190 2.21213
1200 2.2203
1210 2.23075
1220 2.24381
1230 2.25744
1240 2.27079
1250 2.28226
1260 2.29141
1270 2.30708
1280 2.32652
1290 2.33907
1300 2.34711
1310 2.35743
1320 2.37103
1330 2.38741
1340 2.40229
1350 2.41719
1360 2.4312
1370 2.4458
1380 2.45942
1390 2.46838
1400 2.47735
1410 2.49293
1420 2.51157
1430 2.53093
1440 2.5467
1450 2.55528
1460 2.56117
1470 2.57077
1480 2.58788
1490 2.60878
1500 2.62767
1510 2.64133
1520 2.64894
1530 2.65402
1540 2.6634
1550 2.67742
1560 2.69187
1570 2.70626
1580 2.72703
1590 2.74277
1600 2.75186
1610 2.76298
1620 2.77603
1630 2.78712
1640 2.79778
1650 2.81012
1660 2.82134
1670 2.82825
1680 2.83204
1690 2.84192
1700 2.86525
1710 2.89169
1720 2.90264
1730 2.90695
1740 2.91895
1750 2.92929
1760 2.93887
1770 2.96125
1780 2.98737
1790 3.00005
1800 3.00796
1810 3.02053
1820 3.03372
1830 3.04724
1840 3.06222
1850 3.07861
1860 3.09518
1870 3.10271
1880 3.10716
1890 3.11751
1900 3.13539
1910 3.15285
1920 3.16721
1930 3.17952
1940 3.1892
1950 3.20042
1960 3.21716
1970 3.23409
1980 3.24506
1990 3.25892
2000 3.27879
2010 3.29464
2020 3.30169
2030 3.30734
2040 3.31653
2050 3.33146
2060 3.34927
2070 3.36557
2080 3.37518
2090 3.38231
2100 3.39125
2110 3.41145
2120 3.43363
2130 3.4471
2140 3.45264
2150 3.45921
2160 3.46934
2170 3.47942
2180 3.48794
2190 3.49987
2200 3.51888
2210 3.53435
2220 3.54052
2230 3.54512
2240 3.55099
2250 3.56172
2260 3.58491
2270 3.61178
2280 3.62575
2290 3.63714
2300 3.65806
2310 3.67893
2320 3.69237
2330 3.70377
2340 3.72026
2350 3.73785
2360 3.7545
2370 3.77092
2380 3.78235
2390 3.79314
2400 3.81212
2410 3.83383
2420 3.84618
2430 3.84975
2440 3.85927
2450 3.87343
2460 3.88924
2470 3.90619
2480 3.92517
2490 3.94168
2500 3.95116
2510 3.96468
2520 3.97796
2530 3.98714
2540 4.00186
2550 4.02082
2560 4.0325
2570 4.03142
2580 4.0349
2590 4.05437
2600 4.07724
2610 4.08644
2620 4.08845
2630 4.09379
2640 4.10685
2650 4.12614
2660 4.14046
2670 4.15154
2680 4.16229
2690 4.1708
2700 4.18204
2710 4.19583
2720 4.21052
2730 4.22929
2740 4.24966
2750 4.26888
2760 4.28563
2770 4.29499
2780 4.29904
2790 4.31592
2800 4.33764
2810 4.35798
2820 4.37347
2830 4.38704
2840 4.39776
2850 4.41307
2860 4.43433
2870 4.45483
2880 4.47318
2890 4.48758
2900 4.49139
2910 4.48996
2920 4.49451
2930 4.50801
2940 4.52797
2950 4.54612
2960 4.55906
2970 4.57399
2980 4.5944
2990 4.60794
3000 4.61858
3010 4.62723
3020 4.63408
3030 4.63984
3040 4.647
3050 4.65949
3060 4.67657
3070 4.69458
3080 4.70525
3090 4.71198
3100 4.7201
3110 4.73382
3120 4.75403
3130 4.77017
3140 4.77997
3150 4.78459
3160 4.79751
3170 4.81221
3180 4.8174
3190 4.8226
3200 4.83768
3210 4.85555
3220 4.87432
3230 4.89114
3240 4.90405
3250 4.91907
3260 4.93485
3270 4.94188
3280 4.94281
3290 4.94896
3300 4.96081
3310 4.97442
3320 4.99051
3330 5.00212
3340 5.00644
3350 5.00836
3360 5.00866
3370 5.00789
3380 5.00787
3390 5.01188
3400 5.01962
3410 5.01757
3420 5.01623
3430 5.02017
3440 5.03083
3450 5.04766
3460 5.05939
3470 5.05787
3480 5.06192
3490 5.07357
3500 5.08873
3510 5.10041
3520 5.11593
3530 5.13113
3540 5.14588
3550 5.16777
3560 5.1856
3570 5.19453
3580 5.20245
3590 5.20999
3600 5.22053
3610 5.24052
3620 5.25799
3630 5.26373
3640 5.26964
3650 5.28642
3660 5.30316
3670 5.31785
3680 5.33734
3690 5.36107
3700 5.39042
3710 5.41775
3720 5.43539
3730 5.44486
3740 5.45459
3750 5.4669
3760 5.47612
3770 5.49533
3780 5.51557
3790 5.52381
3800 5.52957
3810 5.54423
3820 5.55871
3830 5.56584
3840 5.57495
3850 5.59235
3860 5.6138
3870 5.62806
3880 5.63436
3890 5.64329
3900 5.65112
3910 5.65347
3920 5.65586
3930 5.65805
3940 5.66071
3950 5.66422
3960 5.67035
3970 5.68415
3980 5.6985
3990 5.70643
4000 5.71366
4010 5.72146
4020 5.73327
4030 5.74479
4040 5.75823
4050 5.76697
4060 5.77424
4070 5.78731
4080 5.79608
4090 5.79349
4100 5.79641
4110 5.81599
4120 5.84428
4130 5.86521
4140 5.87368
4150 5.87604
4160 5.88771
4170 5.90606
4180 5.92425
4190 5.94347
4200 5.96101
4210 5.97057
4220 5.97097
4230 5.9758
4240 5.98997
4250 6.01043
4260 6.03345
4270 6.05529
4280 6.06161
4290 6.0681
4300 6.08478
4310 6.10496
4320 6.12025
4330 6.12321
4340 6.13028
4350 6.14957
4360 6.16731
4370 6.1783
4380 6.18896
4390 6.20199
4400 6.21759
4410 6.23056
4420 6.24347
4430 6.26332
4440 6.29519
4450 6.32674
4460 6.34766
4470 6.36771
4480 6.38893
4490 6.41328
4500 6.44395
4510 6.46975
4520 6.48394
4530 6.4935
4540 6.50947
4550 6.52409
4560 6.53152
4570 6.53718
4580 6.54815
4590 6.55973
4600 6.57574
4610 6.59378
4620 6.61234
4630 6.62085
4640 6.62719
4650 6.64234
4660 6.66457
4670 6.68087
4680 6.69417
4690 6.70866
4700 6.71555
4710 6.72091
4720 6.73602
4730 6.75656
4740 6.76662
4750 6.77674
4760 6.80156
4770 6.82551
4780 6.84375
4790 6.85511
4800 6.86455
4810 6.87981
4820 6.88999
4830 6.89997
4840 6.91186
4850 6.92011
4860 6.92794
4870 6.94559
4880 6.96605
4890 6.98562
4900 6.99987
4910 7.0075
4920 7.01562
4930 7.02922
4940 7.04246
4950 7.0463
4960 7.05024
4970 7.0691
4980 7.09367
4990 7.10642
5000 7.11768
5010 7.13769
5020 7.15727
5030 7.17447
5040 7.18859
5050 7.19824
5060 7.21535
5070 7.2455
5080 7.27154
5090 7.28468
5100 7.29634
5110 7.31649
5120 7.32692
5130 7.3266
5140 7.3292
5150 7.34136
5160 7.36241
5170 7.38318
5180 7.40621
5190 7.43668
5200 7.45589
5210 7.46956
5220 7.48817
5230 7.50853
5240 7.5241
5250 7.54402
5260 7.5609
5270 7.57407
5280 7.58845
5290 7.60358
5300 7.62308
5310 7.64798
5320 7.66838
5330 7.67591
5340 7.68301
5350 7.70324
5360 7.72409
5370 7.73125
5380 7.73167
5390 7.73926
5400 7.75625
5410 7.77146
5420 7.78529
5430 7.79573
5440 7.80731
5450 7.82001
5460 7.83836
5470 7.85993
5480 7.87688
5490 7.89269
5500 7.91376
5510 7.94055
5520 7.9618
5530 7.97905
5540 7.9989
5550 8.01682
5560 8.03297
5570 8.05106
5580 8.06989
5590 8.0774
5600 8.07683
5610 8.08764
5620 8.10975
5630 8.12473
5640 8.12561
5650 8.12656
5660 8.1326
5670 8.13931
5680 8.14734
5690 8.1603
5700 8.17443
5710 8.1852
5720 8.18976
5730 8.19758
5740 8.21727
5750 8.24184
5760 8.2561
5770 8.25739
5780 8.26026
5790 8.26848
5800 8.28554
5810 8.30622
5820 8.32255
5830 8.32609
5840 8.32675
5850 8.3493
5860 8.38214
5870 8.39808
5880 8.40136
5890 8.40859
5900 8.4176
5910 8.41435
5920 8.41657
5930 8.42912
5940 8.44379
5950 8.45709
5960 8.4728
5970 8.48665
5980 8.49643
5990 8.51141
6000 8.53103
6010 8.54798
6020 8.55877
6030 8.56664
6040 8.57706
6050 8.58815
6060 8.59123
6070 8.59052
6080 8.59572
6090 8.6068
6100 8.61786
6110 8.62876
6120 8.6438
6130 8.65193
6140 8.65352
6150 8.65519
6160 8.65676
6170 8.664
6180 8.66984
6190 8.67372
6200 8.68096
6210 8.68267
6220 8.68322
6230 8.69064
6240 8.7
6250 8.70638
6260 8.70415
6270 8.70021
6280 8.70933
6290 8.73479
6300 8.75905
6310 8.76966
6320 8.77468
6330 8.78183
6340 8.79812
6350 8.81708
6360 8.83262
6370 8.8434
6380 8.84376
6390 8.84326
6400 8.84818
6410 8.86224
6420 8.88224
6430 8.89406
6440 8.89769
6450 8.90521
6460 8.92025
6470 8.94041
6480 8.95414
6490 8.96566
6500 8.98583
6510 9.01638
6520 9.03943
6530 9.05326
6540 9.07303
6550 9.09269
6560 9.11282
6570 9.13704
6580 9.16117
6590 9.17975
6600 9.19701
6610 9.21042
6620 9.22741
6630 9.24916
6640 9.27449
6650 9.28581
6660 9.29017
6670 9.3061
6680 9.32822
6690 9.34809
6700 9.35708
6710 9.36526
6720 9.38793
6730 9.40924
6740 9.41376
6750 9.40424
6760 9.40742
6770 9.4224
6780 9.43335
6790 9.44445
6800 9.45473
6810 9.46132
6820 9.46107
6830 9.46998
6840 9.48521
6850 9.49314
6860 9.5008
6870 9.52074
6880 9.53877
6890 9.54328
6900 9.54846
6910 9.56567
6920 9.58048
6930 9.58927
6940 9.59447
6950 9.60472
6960 9.62465
6970 9.64202
6980 9.65219
6990 9.66126
7000 9.67599
7010 9.68756
7020 9.69371
7030 9.70622
7040 9.72496
7050 9.74293
7060 9.75286
7070 9.76811
7080 9.78722
7090 9.80442
7100 9.81253
7110 9.81525
7120 9.82011
7130 9.82556
7140 9.82027
7150 9.81667
7160 9.82222
7170 9.83545
7180 9.84454
7190 9.8424
7200 9.85344
7210 9.87628
7220 9.89248
7230 9.90003
7240 9.90657
7250 9.92379
7260 9.94815
7270 9.96349
7280 9.96841
7290 9.97454
7300 9.98967
7310 10.0117
7320 10.0293
7330 10.0392
7340 10.0461
7350 10.0591
7360 10.085
7370 10.1095
7380 10.1194
7390 10.1275
7400 10.1404
7410 10.1571
7420 10.1796
7430 10.2073
7440 10.2259
7450 10.2328
7460 10.2433
7470 10.2629
7480 10.2756
7490 10.2782
7500 10.2875
7510 10.2978
7520 10.2989
7530 10.3069
7540 10.3239
7550 10.3445
7560 10.3622
7570 10.3701
7580 10.3771
7590 10.3953
7600 10.403
7610 10.3985
7620 10.4096
7630 10.4335
7640 10.4532
7650 10.4583
7660 10.4605
7670 10.4705
7680 10.4817
7690 10.4856
7700 10.4948
7710 10.5071
7720 10.5148
7730 10.5192
7740 10.5308
7750 10.5402
7760 10.5521
7770 10.5679
7780 10.5703
7790 10.5739
7800 10.5823
7810 10.5843
7820 10.584
7830 10.5901
7840 10.6078
7850 10.6304
7860 10.6478
7870 10.6609
7880 10.6719
7890 10.6843
7900 10.7028
7910 10.7176
7920 10.724
7930 10.7277
7940 10.7366
7950 10.7542
7960 10.7678
7970 10.7759
7980 10.7833
7990 10.7935
8000 10.7968
8010 10.7953
8020 10.7944
8030 10.802
8040 10.8052
8050 10.7941
8060 10.7882
8070 10.7929
8080 10.7988
8090 10.8036
8100 10.8146
8110 10.8327
8120 10.8484
8130 10.8508
8140 10.8472
8150 10.8564
8160 10.8699
8170 10.8747
8180 10.8749
8190 10.8851
8200 10.895
8210 10.8976
8220 10.8969
8230 10.8957
8240 10.9007
8250 10.9025
8260 10.8989
8270 10.9005
8280 10.9147
8290 10.9284
8300 10.932
8310 10.9282
8320 10.9304
8330 10.9437
8340 10.9654
8350 10.9838
8360 10.9951
8370 11.0142
8380 11.0373
8390 11.0474
8400 11.0513
8410 11.0582
8420 11.0693
8430 11.0777
8440 11.089
8450 11.1048
8460 11.1204
8470 11.1301
8480 11.1316
8490 11.13
8500 11.1331
8510 11.1346
8520 11.1289
8530 11.1237
8540 11.1327
8550 11.1491
8560 11.1611
8570 11.1771
8580 11.1906
8590 11.2007
8600 11.206
8610 11.2102
8620 11.2209
8630 11.2247
8640 11.2207
8650 11.2205
8660 11.2241
8670 11.2311
8680 11.2492
8690 11.2742
8700 11.2816
8710 11.2801
8720 11.2922
8730 11.3232
8740 11.3517
8750 11.3693
8760 11.3792
8770 11.3897
8780 11.4094
8790 11.432
8800 11.4546
8810 11.4744
8820 11.4891
8830 11.5036
8840 11.5172
8850 11.5255
8860 11.5206
8870 11.5211
8880 11.5407
8890 11.5643
8900 11.5852
8910 11.5955
8920 11.6029
8930 11.6212
8940 11.6502
8950 11.6741
8960 11.6897
8970 11.7136
8980 11.7382
8990 11.7533
9000 11.7622
9010 11.783
9020 11.8016
9030 11.8133
9040 11.8292
9050 11.849
9060 11.8588
9070 11.8721
9080 11.8924
9090 11.9123
9100 11.9326
9110 11.9551
9120 11.9818
9130 11.999
9140 11.9997
9150 12.0015
9160 12.0081
9170 12.0187
9180 12.0239
9190 12.022
9200 12.0323
9210 12.0513
9220 12.0627
9230 12.0608
9240 12.0571
9250 12.0607
9260 12.0697
9270 12.0734
9280 12.0732
9290 12.0717
9300 12.0723
9310 12.0737
9320 12.0825
9330 12.098
9340 12.1176
9350 12.1316
9360 12.1497
9370 12.1754
9380 12.1982
9390 12.2142
9400 12.2234
9410 12.2361
9420 12.2501
9430 12.2618
9440 12.2725
9450 12.285
9460 12.297
9470 12.3062
9480 12.3181
9490 12.3274
9500 12.337
9510 12.3507
9520 12.365
9530 12.3829
9540 12.4065
9550 12.4191
9560 12.4246
9570 12.4317
9580 12.4405
9590 12.4443
9600 12.447
9610 12.4627
9620 12.4827
9630 12.4908
9640 12.4915
9650 12.4945
9660 12.4978
9670 12.5026
9680 12.5106
9690 12.5179
9700 12.5311
9710 12.5402
9720 12.5518
9730 12.5651
9740 12.5731
9750 12.5874
9760 12.6067
9770 12.6216
9780 12.6372
9790 12.6636
9800 12.6946
9810 12.7079
9820 12.7153
9830 12.7218
9840 12.7277
9850 12.7384
9860 12.7506
9870 12.7612
9880 12.7537
9890 12.735
9900 12.7232
9910 12.7269
9920 12.7383
9930 12.7466
9940 12.7514
9950 12.7568
9960 12.7602
9970 12.7616
9980 12.7669
9990 12.7771
10000 12.7804
10010 12.7793
10020 12.7834
10030 12.8044
10040 12.8163
10050 12.8175
10060 12.8221
10070 12.8249
10080 12.8242
10090 12.8255
10100 12.8342
10110 12.8458
10120 12.8546
10130 12.8666
10140 12.8785
10150 12.8907
10160 12.9022
10170 12.9127
10180 12.9224
10190 12.9335
10200 12.9571
10210 12.9787
10220 12.997
10230 13.0178
10240 13.0393
10250 13.0677
10260 13.0933
10270 13.0976
10280 13.0892
10290 13.0916
10300 13.1019
10310 13.1101
10320 13.1101
10330 13.1078
10340 13.1141
10350 13.1228
10360 13.1255
10370 13.1301
10380 13.1383
10390 13.153
10400 13.1722
10410 13.1952
10420 13.2192
10430 13.2317
10440 13.2386
10450 13.2528
10460 13.2688
10470 13.2761
10480 13.2774
10490 13.2757
10500 13.2852
10510 13.2944
10520 13.2986
10530 13.292
10540 13.2907
10550 13.3065
10560 13.3211
10570 13.3248
10580 13.3257
10590 13.3294
10600 13.3344
10610 13.3353
10620 13.3388
10630 13.339
10640 13.3371
10650 13.3278
10660 13.3074
10670 13.2969
10680 13.3094
10690 13.323
10700 13.3271
10710 13.33
10720 13.329
10730 13.3334
10740 13.3458
10750 13.3562
10760 13.3626
10770 13.3771
10780 13.3998
10790 13.4147
10800 13.4196
10810 13.4406
10820 13.4761
10830 13.5028
10840 13.5128
10850 13.5205
10860 13.5361
10870 13.5563
10880 13.5787
10890 13.5936
10900 13.6029
10910 13.6103
10920 13.6217
10930 13.6412
10940 13.665
10950 13.681
10960 13.6983
10970 13.7247
10980 13.7498
10990 13.7686
11000 13.7976
11010 13.8314
11020 13.8559
11030 13.8628
11040 13.8639
11050 13.8803
11060 13.9044
11070 13.9232
11080 13.9405
11090 13.9631
11100 13.9952
11110 14.0433
11120 14.0911
11130 14.1148
11140 14.1265
11150 14.1447
11160 14.1703
11170 14.1928
11180 14.206
11190 14.2192
11200 14.2422
11210 14.2715
11220 14.2839
11230 14.2726
11240 14.2804
11250 14.3139
11260 14.333
11270 14.3235
11280 14.3222
11290 14.3367
11300 14.3474
11310 14.3431
11320 14.3479
11330 14.3669
11340 14.3786
11350 14.3675
11360 14.3545
11370 14.3661
11380 14.3876
11390 14.3927
11400 14.3898
11410 14.406
11420 14.4319
11430 14.4497
11440 14.4671
11450 14.4807
11460 14.5023
11470 14.5272
11480 14.5456
11490 14.5511
11500 14.5577
11510 14.5712
11520 14.583
11530 14.6095
11540 14.6383
11550 14.6592
11560 14.6705
11570 14.6783
11580 14.6787
11590 14.6745
11600 14.6782
11610 14.6824
11620 14.6874
11630 14.7022
11640 14.7275
11650 14.7509
11660 14.7669
11670 14.7802
11680 14.8086
11690 14.8406
11700 14.8569
11710 14.8491
11720 14.8472
11730 14.8658
11740 14.8823
11750 14.8771
11760 14.8664
11770 14.869
11780 14.8804
11790 14.8953
11800 14.9095
11810 14.9273
11820 14.9493
11830 14.9652
11840 14.9834
11850 15.0039
11860 15.0107
11870 15.017
11880 15.0322
11890 15.0583
11900 15.0875
11910 15.1115
11920 15.1254
11930 15.14
11940 15.152
11950 15.1637
11960 15.1939
11970 15.2446
11980 15.2839
11990 15.2871
12000 15.2805
12010 15.2908
12020 15.307
12030 15.3092
12040 15.3076
12050 15.3176
12060 15.3309
12070 15.3442
12080 15.3632
12090 15.3777
12100 15.3838
12110 15.3885
12120 15.3963
12130 15.401
12140 15.3956
12150 15.4044
12160 15.4248
12170 15.4366
12180 15.4384
12190 15.4459
12200 15.4666
12210 15.4898
12220 15.5038
12230 15.5056
12240 15.5165
12250 15.545
12260 15.5773
12270 15.6011
12280 15.6222
12290 15.652
12300 15.686
12310 15.708
12320 15.7262
12330 15.7474
12340 15.7724
12350 15.8028
12360 15.8255
12370 15.8414
12380 15.8578
12390 15.8717
12400 15.8886
12410 15.911
12420 15.9427
12430 15.9722
12440 15.9899
12450 16.0034
12460 16.0143
12470 16.0299
12480 16.0491
12490 16.0637
12500 16.0716
12510 16.0778
12520 16.0994
12530 16.1171
12540 16.1138
12550 16.1158
12560 16.1389
12570 16.1659
12580 16.1729
12590 16.1685
12600 16.1758
12610 16.204
12620 16.2341
12630 16.2382
12640 16.2256
12650 16.2161
12660 16.226
12670 16.2497
12680 16.2609
12690 16.256
12700 16.2644
12710 16.2968
12720 16.3174
12730 16.321
12740 16.3289
12750 16.3524
12760 16.3774
12770 16.3821
12780 16.3643
12790 16.3461
12800 16.3536
12810 16.3763
12820 16.372
12830 16.3518
12840 16.3589
12850 16.381
12860 16.3808
12870 16.3661
12880 16.3762
12890 16.4007
12900 16.4135
12910 16.4259
12920 16.4513
12930 16.4818
12940 16.505
12950 16.5138
12960 16.5096
12970 16.5137
12980 16.532
12990 16.5543
13000 16.5694
13010 16.5694
13020 16.5681
13030 16.5799
13040 16.5884
13050 16.5797
13060 16.5782
13070 16.5875
13080 16.5939
13090 16.5875
13100 16.5909
13110 16.5955
13120 16.5926
13130 16.5943
13140 16.6067
13150 16.6278
13160 16.6497
13170 16.6649
13180 16.6788
13190 16.6859
13200 16.6929
13210 16.7029
13220 16.7223
13230 16.7366
13240 16.7354
13250 16.7204
13260 16.707
13270 16.7175
13280 16.7376
13290 16.7405
13300 16.7393
13310 16.7459
13320 16.7543
13330 16.754
13340 16.7541
13350 16.7781
13360 16.814
13370 16.822
13380 16.8127
13390 16.815
13400 16.8225
13410 16.8372
13420 16.861
13430 16.8811
13440 16.883
13450 16.8668
13460 16.8588
13470 16.8688
13480 16.8849
13490 16.889
13500 16.8853
13510 16.88
13520 16.8832
13530 16.895
13540 16.8927
13550 16.8836
13560 16.8764
13570 16.8838
13580 16.9043
13590 16.912
13600 16.9197
13610 16.9339
13620 16.9515
13630 16.9672
13640 16.9852
13650 16.9991
13660 16.9973
13670 17.0106
13680 17.0466
13690 17.0861
13700 17.1037
13710 17.0877
13720 17.0724
13730 17.0857
13740 17.1176
13750 17.1479
13760 17.1684
13770 17.1902
13780 17.2113
13790 17.2293
13800 17.2441
13810 17.2642
13820 17.2761
13830 17.2775
13840 17.2959
13850 17.3274
13860 17.363
13870 17.3879
13880 17.3992
13890 17.4138
13900 17.4426
13910 17.4702
13920 17.5009
13930 17.5282
13940 17.5301
13950 17.5175
13960 17.5321
13970 17.5589
13980 17.5631
13990 17.5506
14000 17.5554
14010 17.5885
14020 17.6131
14030 17.6216
14040 17.6332
14050 17.656
14060 17.6812
14070 17.6951
14080 17.7001
14090 17.7054
14100 17.7148
14110 17.7242
14120 17.7303
14130 17.7365
14140 17.7411
14150 17.7467
14160 17.7521
14170 17.7608
14180 17.771
14190 17.7771
14200 17.7785
14210 17.7786
14220 17.7781
14230 17.7867
14240 17.8104
14250 17.8332
14260 17.8583
14270 17.8953
14280 17.9095
14290 17.9035
14300 17.909
14310 17.9306
14320 17.9478
14330 17.9671
14340 17.9902
14350 17.9999
14360 17.996
14370 18.0069
14380 18.0402
14390 18.0759
14400 18.1125
14410 18.1476
14420 18.1874
14430 18.2268
14440 18.2445
14450 18.2461
14460 18.2592
14470 18.2839
14480 18.295
14490 18.289
14500 18.2996
14510 18.3236
14520 18.3442
14530 18.3638
14540 18.3824
14550 18.3964
14560 18.4063
14570 18.4189
14580 18.4462
14590 18.4711
14600 18.4861
14610 18.5097
14620 18.539
14630 18.571
14640 18.6041
14650 18.6232
14660 18.6371
14670 18.6507
14680 18.6578
14690 18.6562
14700 18.6608
14710 18.6793
14720 18.7089
14730 18.7436
14740 18.7614
14750 18.7628
14760 18.7672
14770 18.7845
14780 18.8091
14790 18.8398
14800 18.8742
14810 18.8988
14820 18.9233
14830 18.9549
14840 18.9847
14850 19.0013
14860 19.0112
14870 19.0295
14880 19.0518
14890 19.0726
14900 19.0947
14910 19.1125
14920 19.1142
14930 19.1224
14940 19.1495
14950 19.1753
14960 19.1862
14970 19.2008
14980 19.2266
14990 19.2406
15000 19.2477
15010 19.2665
15020 19.2831
15030 19.2763
15040 19.2648
15050 19.27
15060 19.2799
15070 19.2728
15080 19.2687
15090 19.279
15100 19.2928
15110 19.3104
15120 19.3168
15130 19.3102
15140 19.3047
15150 19.3107
15160 19.3201
15170 19.3247
15180 19.3189
15190 19.3199
15200 19.3356
15210 19.3513
15220 19.3575
15230 19.3704
15240 19.3807
15250 19.3901
15260 19.4044
15270 19.4261
15280 19.4426
15290 19.445
15300 19.4391
15310 19.4427
15320 19.4631
15330 19.4989
15340 19.5352
15350 19.5474
15360 19.5404
15370 19.5373
15380 19.5616
15390 19.5885
15400 19.5941
15410 19.6031
15420 19.6221
15430 19.6412
15440 19.6577
15450 19.6636
15460 19.668
15470 19.6824
15480 19.702
15490 19.7126
15500 19.7228
15510 19.7347
15520 19.7372
15530 19.7459
15540 19.7605
15550 19.7843
15560 19.7964
15570 19.8033
15580 19.8118
15590 19.8296
15600 19.8573
15610 19.8888
15620 19.9044
15630 19.9144
15640 19.9424
15650 19.9787
15660 19.9996
15670 20.0138
15680 20.0345
15690 20.0436
15700 20.0362
15710 20.0284
15720 20.0421
15730 20.0691
15740 20.0797
15750 20.0771
15760 20.0831
15770 20.1023
15780 20.1404
15790 20.1734
15800 20.1783
15810 20.1758
15820 20.1894
15830 20.2035
15840 20.1949
15850 20.1909
15860 20.2039
15870 20.2198
15880 20.2371
15890 20.2454
15900 20.2471
15910 20.2431
15920 20.2407
15930 20.2429
15940 20.2444
15950 20.253
15960 20.2749
15970 20.2833
15980 20.2886
15990 20.3023
16000 20.3252
16010 20.3416
16020 20.3546
16030 20.3551
16040 20.3654
16050 20.3866
16060 20.4064
16070 20.413
16080 20.4134
16090 20.408
16100 20.4169
16110 20.4413
16120 20.454
16130 20.4464
16140 20.4389
16150 20.455
16160 20.4755
16170 20.4829
16180 20.4759
16190 20.4673
16200 20.4557
16210 20.4261
16220 20.4013
16230 20.4099
16240 20.4355
16250 20.438
16260 20.4329
16270 20.434
16280 20.4309
16290 20.4154
16300 20.3981
16310 20.3961
16320 20.414
16330 20.4345
16340 20.4519
16350 20.4584
16360 20.4669
16370 20.494
16380 20.5232
16390 20.5481
16400 20.582
16410 20.6149
16420 20.6258
16430 20.6244
16440 20.6391
16450 20.6743
16460 20.7144
16470 20.7431
16480 20.77
16490 20.7944
16500 20.8124
16510 20.8387
16520 20.8719
16530 20.8877
16540 20.8963
16550 20.9215
16560 20.9424
16570 20.9366
16580 20.9402
16590 20.951
16600 20.9488
16610 20.9498
16620 20.9582
16630 20.9533
16640 20.9555
16650 20.9686
16660 20.979
16670 20.9768
16680 20.9829
16690 21.008
16700 21.0284
16710 21.0245
16720 21.0281
16730 21.0579
16740 21.084
16750 21.077
16760 21.0654
16770 21.0753
16780 21.0941
16790 21.0972
16800 21.1204
16810 21.1514
16820 21.1586
16830 21.1679
16840 21.1878
16850 21.1924
16860 21.1929
16870 21.2053
16880 21.212
16890 21.1998
16900 21.1979
16910 21.207
16920 21.2008
16930 21.1826
16940 21.1802
16950 21.1882
16960 21.1837
16970 21.1688
16980 21.1752
16990 21.1939
17000 21.1946
17010 21.1986
17020 21.2236
17030 21.2468
17040 21.2548
17050 21.2696
17060 21.3078
17070 21.3386
17080 21.347
17090 21.3421
17100 21.3234
17110 21.3034
17120 21.2986
17130 21.3052
17140 21.3158
17150 21.3238
17160 21.3244
17170 21.3325
17180 21.3272
17190 21.3032
17200 21.3011
17210 21.3242
17220 21.3378
17230 21.3351
17240 21.3315
17250 21.3414
17260 21.3689
17270 21.3956
17280 21.4102
17290 21.4242
17300 21.4452
17310 21.4735
17320 21.4982
17330 21.5268
17340 21.5524
17350 21.5671
17360 21.5701
17370 21.5687
17380 21.5758
17390 21.604
17400 21.6278
17410 21.6305
17420 21.6271
17430 21.647
17440 21.6871
17450 21.7176
17460 21.7283
17470 21.7437
17480 21.7651
17490 21.781
17500 21.788
17510 21.8108
17520 21.8404
17530 21.8529
17540 21.8425
17550 21.8337
17560 21.845
17570 21.856
17580 21.8644
17590 21.8963
17600 21.9394
17610 21.9705
17620 22.0018
17630 22.0377
17640 22.0644
17650 22.0752
17660 22.0818
17670 22.098
17680 22.1086
17690 22.1068
17700 22.0997
17710 22.1047
17720 22.1272
17730 22.1436
17740 22.1512
17750 22.1676
17760 22.188
17770 22.1904
17780 22.173
17790 22.174
17800 22.1898
17810 22.187
17820 22.178
17830 22.1828
17840 22.2032
17850 22.2163
17860 22.2196
17870 22.2428
17880 22.2876
17890 22.3295
17900 22.3479
17910 22.3555
17920 22.3889
17930 22.4373
17940 22.4614
17950 22.4745
17960 22.496
17970 22.5198
17980 22.5429
17990 22.5582
18000 22.5563
18010 22.539
18020 22.5312
18030 22.5366
18040 22.5507
18050 22.564
18060 22.572
18070 22.5912
18080 22.6143
18090 22.6288
18100 22.6396
18110 22.6484
18120 22.6682
18130 22.6947
18140 22.7113
18150 22.718
18160 22.7338
18170 22.7596
18180 22.7825
18190 22.7874
18200 22.7733
18210 22.7637
18220 22.768
18230 22.7869
18240 22.8172
18250 22.8323
18260 22.8258
18270 22.8183
18280 22.8189
18290 22.8262
18300 22.8478
18310 22.8677
18320 22.859
18330 22.8446
18340 22.852
18350 22.8861
18360 22.9156
18370 22.9128
18380 22.9082
18390 22.9171
18400 22.9288
18410 22.9492
18420 22.9781
18430 23.0235
18440 23.0742
18450 23.0982
18460 23.0972
18470 23.0967
18480 23.1074
18490 23.1102
18500 23.0934
18510 23.0845
18520 23.0854
18530 23.0899
18540 23.1015
18550 23.1108
18560 23.13
18570 23.1446
18580 23.1634
18590 23.1883
18600 23.2103
18610 23.2275
18620 23.2418
18630 23.253
18640 23.26
18650 23.2719
18660 23.292
18670 23.3218
18680 23.3473
18690 23.3619
18700 23.36
18710 23.366
18720 23.3833
18730 23.399
18740 23.402
18750 23.3946
18760 23.3802
18770 23.3602
18780 23.3508
18790 23.3635
18800 23.3752
18810 23.3769
18820 23.3664
18830 23.3379
18840 23.3231
18850 23.3138
18860 23.295
18870 23.2749
18880 23.2773
18890 23.3063
18900 23.325
18910 23.3348
18920 23.3304
18930 23.3206
18940 23.3224
18950 23.3207
18960 23.3196
18970 23.3322
18980 23.3548
18990 23.3871
19000 23.4189
19010 23.4312
19020 23.4493
19030 23.4795
19040 23.4942
19050 23.5029
19060 23.5298
19070 23.5533
19080 23.5564
19090 23.5556
19100 23.5726
19110 23.6081
19120 23.6391
19130 23.6498
19140 23.6486
19150 23.6406
19160 23.6426
19170 23.6515
19180 23.673
19190 23.7
19200 23.7191
19210 23.7266
19220 23.7435
19230 23.7675
19240 23.7878
19250 23.8037
19260 23.8076
19270 23.8061
19280 23.8078
19290 23.8107
19300 23.8036
19310 23.8021
19320 23.817
19330 23.8299
19340 23.8249
19350 23.8262
19360 23.8538
19370 23.888
19380 23.8895
19390 23.8727
19400 23.8733
19410 23.8808
19420 23.8829
19430 23.8975
19440 23.9309
19450 23.9575
19460 23.958
19470 23.9606
19480 23.9758
19490 23.9826
19500 23.9802
19510 23.9968
19520 24.0302
19530 24.0357
19540 24.0155
19550 24.0074
19560 24.0104
19570 24.0098
19580 24.0059
19590 24.016
19600 24.0407
19610 24.0619
19620 24.0752
19630 24.0934
19640 24.1084
19650 24.1205
19660 24.1387
19670 24.1673
19680 24.186
19690 24.1836
19700 24.1826
19710 24.1966
19720 24.2184
19730 24.2278
19740 24.2498
19750 24.2915
19760 24.302
19770 24.2846
19780 24.2903
19790 24.3162
19800 24.3264
19810 24.3327
19820 24.3359
19830 24.3336
19840 24.3363
19850 24.3656
19860 24.4102
19870 24.4436
19880 24.4645
19890 24.4906
19900 24.5273
19910 24.561
19920 24.5755
19930 24.59
19940 24.6022
19950 24.6351
19960 24.6894
19970 24.7262
19980 24.7312
19990 24.7268
20000 24.7266
20010 24.7323
20020 24.7431
20030 24.7619
20040 24.7744
20050 24.7756
20060 24.7596
20070 24.7372
20080 24.7354
20090 24.7465
20100 24.7474
20110 24.735
20120 24.7256
20130 24.7278
20140 24.7274
20150 24.7188
20160 24.732
20170 24.7564
20180 24.7645
20190 24.7509
20200 24.7444
20210 24.7722
20220 24.7959
20230 24.8073
20240 24.8456
20250 24.8802
20260 24.8859
20270 24.8792
20280 24.8795
20290 24.8819
20300 24.8733
20310 24.869
20320 24.8828
20330 24.9022
20340 24.9055
20350 24.8803
20360 24.8419
20370 24.837
20380 24.8564
20390 24.8562
20400 24.843
20410 24.852
20420 24.8883
20430 24.9205
20440 24.9507
20450 24.988
20460 24.9938
20470 24.9796
20480 24.9773
20490 25.0097
20500 25.0542
20510 25.085
20520 25.099
20530 25.1059
20540 25.1082
20550 25.1026
20560 25.1166
20570 25.1428
20580 25.1622
20590 25.1678
20600 25.1689
20610 25.1931
20620 25.217
20630 25.2326
20640 25.2434
20650 25.2443
20660 25.2417
20670 25.2617
20680 25.2849
20690 25.2856
20700 25.2775
20710 25.2806
20720 25.2741
20730 25.2579
20740 25.2655
20750 25.2912
20760 25.3075
20770 25.3168
20780 25.3386
20790 25.3703
20800 25.4012
20810 25.428
20820 25.4348
20830 25.4409
20840 25.4668
20850 25.4903
20860 25.4905
20870 25.4884
20880 25.505
20890 25.5251
20900 25.5269
20910 25.5223
20920 25.5264
20930 25.5437
20940 25.5715
20950 25.5953
20960 25.6131
20970 25.6232
20980 25.6341
20990 25.6433
21000 25.636
21010 25.6428
21020 25.6606
21030 25.673
21040 25.6818
21050 25.7094
21060 25.7218
21070 25.7114
21080 25.7204
21090 25.7557
21100 25.7668
21110 25.7555
21120 25.7458
21130 25.7527
21140 25.7469
21150 25.724
21160 25.7217
21170 25.7492
21180 25.7662
21190 25.7516
21200 25.7419
21210 25.7556
21220 25.7659
21230 25.7658
21240 25.7694
21250 25.7667
21260 25.7479
21270 25.7334
21280 25.7381
21290 25.7433
21300 25.7469
21310 25.7522
21320 25.7549
21330 25.771
21340 25.8061
21350 25.816
21360 25.8008
21370 25.7851
21380 25.7807
21390 25.796
21400 25.8288
21410 25.8461
21420 25.8376
21430 25.8372
21440 25.8637
21450 25.8876
21460 25.9115
21470 25.9333
21480 25.9508
21490 25.9852
21500 26.0245
21510 26.0454
21520 26.0546
21530 26.0617
21540 26.0847
21550 26.1111
21560 26.1322
21570 26.1459
21580 26.1535
21590 26.1697
21600 26.174
21610 26.174
21620 26.1923
21630 26.2082
21640 26.2069
21650 26.2098
21660 26.2427
21670 26.2883
21680 26.3284
21690 26.3542
21700 26.3764
21710 26.3921
21720 26.3991
21730 26.42
21740 26.457
21750 26.4893
21760 26.4977
21770 26.5151
21780 26.5462
21790 26.575
21800 26.5976
21810 26.6078
21820 26.6034
21830 26.6138
21840 26.6241
21850 26.6326
21860 26.6558
21870 26.6844
21880 26.7098
21890 26.7395
21900 26.7608
21910 26.7688
21920 26.7633
21930 26.7468
21940 26.7342
21950 26.7422
21960 26.7516
21970 26.7374
21980 26.7239
21990 26.7382
22000 26.766
22010 26.7833
22020 26.7934
22030 26.8274
22040 26.8688
22050 26.8762
22060 26.871
22070 26.8643
22080 26.8529
22090 26.845
22100 26.8462
22110 26.8399
22120 26.8102
22130 26.7984
22140 26.8024
22150 26.8046
22160 26.8157
22170 26.8174
22180 26.8162
22190 26.8314
22200 26.8414
22210 26.8432
22220 26.8461
22230 26.8574
22240 26.8714
22250 26.8732
22260 26.8816
22270 26.9014
22280 26.9174
22290 26.9336
22300 26.9594
22310 26.9904
22320 27.0138
22330 27.0273
22340 27.0348
22350 27.0398
22360 27.0347
22370 27.0247
22380 27.0143
22390 27.0169
22400 27.0303
22410 27.0438
22420 27.0321
22430 27.0102
22440 26.9963
22450 26.9984
22460 27.0098
22470 27.0214
22480 27.0347
22490 27.032
22500 27.0271
22510 27.0331
22520 27.0487
22530 27.0715
22540 27.0944
22550 27.1051
22560 27.0976
22570 27.0814
22580 27.0905
22590 27.1343
22600 27.1668
22610 27.1704
22620 27.1802
22630 27.2218
22640 27.261
22650 27.2744
22660 27.2878
22670 27.3071
22680 27.313
22690 27.3277
22700 27.3548
22710 27.3647
22720 27.3661
22730 27.3765
22740 27.3862
22750 27.396
22760 27.4089
22770 27.4157
22780 27.4251
22790 27.4432
22800 27.4773
22810 27.5085
22820 27.5252
22830 27.5359
22840 27.5635
22850 27.5912
22860 27.6026
22870 27.5996
22880 27.6186
22890 27.6507
22900 27.6708
22910 27.6891
22920 27.6953
22930 27.6858
22940 27.6823
22950 27.7113
22960 27.7294
22970 27.7176
22980 27.7008
22990 27.7032
23000 27.7112
23010 27.7071
23020 27.6877
23030 27.6642
23040 27.6705
23050 27.6915
23060 27.6985
23070 27.7103
23080 27.7236
23090 27.7247
23100 27.7255
23110 27.7286
23120 27.7293
23130 27.7225
23140 27.7135
23150 27.7121
23160 27.7159
23170 27.7274
23180 27.7216
23190 27.7108
23200 27.73
23210 27.7672
23220 27.7868
23230 27.7808
23240 27.7774
23250 27.7765
23260 27.7669
23270 27.7478
23280 27.7417
23290 27.746
23300 27.7474
23310 27.7394
23320 27.7236
23330 27.7081
23340 27.7098
23350 27.7185
23360 27.7147
23370 27.6944
23380 27.6742
23390 27.6706
23400 27.6755
23410 27.6869
23420 27.7098
23430 27.7264
23440 27.7283
23450 27.7206
23460 27.7177
23470 27.724
23480 27.7367
23490 27.7457
23500 27.7523
23510 27.7546
23520 27.766
23530 27.7693
23540 27.7705
23550 27.7917
23560 27.8125
23570 27.8113
23580 27.8076
23590 27.8142
23600 27.8254
23610 27.8348
23620 27.8336
23630 27.8197
23640 27.8088
23650 27.7994
23660 27.7939
23670 27.7954
23680 27.7928
23690 27.7867
23700 27.7596
23710 27.7313
23720 27.7344
23730 27.7512
23740 27.7606
23750 27.7735
23760 27.7993
23770 27.8232
23780 27.8262
23790 27.8147
23800 27.8011
23810 27.8113
23820 27.8374
23830 27.863
23840 27.8833
23850 27.9013
23860 27.9206
23870 27.9342
23880 27.9385
23890 27.9254
23900 27.9191
23910 27.917
23920 27.9092
23930 27.9232
23940 27.9506
23950 27.967
23960 27.9824
23970 28.0121
23980 28.0135
23990 27.9875
24000 27.9949
24010 28.0182
24020 28.0144
24030 28.005
24040 28.0186
24050 28.0291
24060 28.0276
24070 28.0551
24080 28.1062
24090 28.1252
24100 28.1108
24110 28.1217
24120 28.1617
24130 28.1975
24140 28.2172
24150 28.2388
24160 28.2694
24170 28.2987
24180 28.3056
24190 28.291
24200 28.2916
24210 28.3255
24220 28.365
24230 28.3882
24240 28.406
24250 28.4273
24260 28.4338
24270 28.4331
24280 28.449
24290 28.4509
24300 28.4344
24310 28.4232
24320 28.4229
24330 28.4247
24340 28.4259
24350 28.4315
24360 28.432
24370 28.4421
24380 28.4716
24390 28.5004
24400 28.5101
24410 28.5126
24420 28.5371
24430 28.5681
24440 28.5821
24450 28.5902
24460 28.6028
24470 28.6041
24480 28.5866
24490 28.5758
24500 28.5884
24510 28.6077
24520 28.6203
24530 28.6454
24540 28.6842
24550 28.7018
24560 28.6847
24570 28.6665
24580 28.6724
24590 28.6784
24600 28.6933
24610 28.7129
24620 28.7269
24630 28.7287
24640 28.7449
24650 28.7612
24660 28.7704
24670 28.7849
24680 28.8088
24690 28.8139
24700 28.8178
24710 28.8546
24720 28.8865
24730 28.8942
24740 28.9007
24750 28.9106
24760 28.9148
24770 28.922
24780 28.9249
24790 28.9277
24800 28.9397
24810 28.9557
24820 28.9541
24830 28.9408
24840 28.9403
24850 28.9687
24860 29.0035
24870 29.0043
24880 28.9976
24890 29.0095
24900 29.0165
24910 29.0121
24920 29.0352
24930 29.0605
24940 29.0597
24950 29.0563
24960 29.0687
24970 29.0888
24980 29.1115
24990 29.1241
25000 29.142
25010 29.1706
25020 29.1931
25030 29.2001
25040 29.2136
25050 29.2401
25060 29.2716
25070 29.2907
25080 29.3084
25090 29.3371
25100 29.3836
25110 29.4222
25120 29.448
25130 29.4738
25140 29.4982
25150 29.5148
25160 29.544
25170 29.5846
25180 29.6232
25190 29.6684
25200 29.6968
25210 29.7171
25220 29.7422
25230 29.7623
25240 29.7775
25250 29.7927
25260 29.8079
25270 29.8271
25280 29.8326
25290 29.8382
25300 29.8708
25310 29.9133
25320 29.9454
25330 29.9699
25340 29.9988
25350 30.029
25360 30.0556
25370 30.0676
25380 30.0737
25390 30.0932
25400 30.118
25410 30.1465
25420 30.1635
25430 30.1658
25440 30.1836
25450 30.2081
25460 30.2228
25470 30.2141
25480 30.2104
25490 30.2342
25500 30.2611
25510 30.2731
25520 30.2882
25530 30.3281
25540 30.3638
25550 30.3815
25560 30.3607
25570 30.3388
25580 30.3441
25590 30.3516
25600 30.3283
25610 30.3116
25620 30.3243
25630 30.3478
25640 30.368
25650 30.4015
25660 30.437
25670 30.4586
25680 30.4454
25690 30.4255
25700 30.4258
25710 30.4334
25720 30.4264
25730 30.4153
25740 30.4173
25750 30.4253
25760 30.4261
25770 30.4326
25780 30.4399
25790 30.4294
25800 30.4141
25810 30.4275
25820 30.464
25830 30.4887
25840 30.4996
25850 30.5184
25860 30.5483
25870 30.5765
25880 30.5799
25890 30.5733
25900 30.5727
25910 30.5671
25920 30.5621
25930 30.5493
25940 30.5443
25950 30.5563
25960 30.5608
25970 30.5408
25980 30.5438
25990 30.5806
26000 30.5887
26010 30.5813
26020 30.5918
26030 30.5976
26040 30.5892
26050 30.582
26060 30.5844
26070 30.5946
26080 30.5967
26090 30.6011
26100 30.6189
26110 30.6144
26120 30.5914
26130 30.6132
26140 30.6469
26150 30.6444
26160 30.6371
26170 30.66
26180 30.6812
26190 30.6735
26200 30.6568
26210 30.6467
26220 30.6453
26230 30.6526
26240 30.6665
26250 30.6796
26260 30.6818
26270 30.6905
26280 30.7195
26290 30.7279
26300 30.7324
26310 30.7663
26320 30.8035
26330 30.8301
26340 30.8616
26350 30.8937
26360 30.8923
26370 30.8803
26380 30.891
26390 30.9055
26400 30.9195
26410 30.9439
26420 30.9746
26430 31.0127
26440 31.0441
26450 31.0569
26460 31.066
26470 31.0788
26480 31.0867
26490 31.0777
26500 31.0729
26510 31.0849
26520 31.1011
26530 31.1132
26540 31.1237
26550 31.1428
26560 31.1667
26570 31.1811
26580 31.1844
26590 31.1801
26600 31.1901
26610 31.2243
26620 31.2687
26630 31.2977
26640 31.2995
26650 31.3088
26660 31.32
26670 31.3194
26680 31.2955
26690 31.2628
26700 31.2567
26710 31.2781
26720 31.2905
26730 31.2853
26740 31.2613
26750 31.2401
26760 31.2186
26770 31.2008
26780 31.2007
26790 31.2289
26800 31.2427
26810 31.2327
26820 31.2418
26830 31.2763
26840 31.3061
26850 31.3216
26860 31.3308
26870 31.3391
26880 31.3472
26890 31.3415
26900 31.3367
26910 31.3424
26920 31.364
26930 31.3845
26940 31.3959
26950 31.4061
26960 31.4227
26970 31.4461
26980 31.475
26990 31.4949
27000 31.5032
27010 31.518
27020 31.5622
27030 31.6068
27040 31.6264
27050 31.6419
27060 31.6745
27070 31.7009
27080 31.7209
27090 31.764
27100 31.8125
27110 31.8382
27120 31.853
27130 31.8736
27140 31.8776
27150 31.8537
27160 31.8336
27170 31.8273
27180 31.8159
27190 31.796
27200 31.7677
27210 31.7467
27220 31.7285
27230 31.7319
27240 31.7664
27250 31.7915
27260 31.7954
27270 31.8069
27280 31.8186
27290 31.8162
27300 31.8207
27310 31.819
27320 31.8086
27330 31.8211
27340 31.8666
27350 31.8799
27360 31.8469
27370 31.81
27380 31.8118
27390 31.8277
27400 31.8362
27410 31.8426
27420 31.8682
27430 31.8918
27440 31.9029
27450 31.9146
27460 31.9346
27470 31.9412
27480 31.952
27490 31.9722
27500 31.9805
27510 31.9806
27520 31.9872
27530 32.0038
27540 32.0272
27550 32.0355
27560 32.0321
27570 32.0284
27580 32.0171
27590 32
27600 32.0016
27610 32.0196
27620 32.0367
27630 32.044
27640 32.052
27650 32.0798
27660 32.1024
27670 32.1178
27680 32.1333
27690 32.154
27700 32.1833
27710 32.2032
27720 32.2126
27730 32.2176
27740 32.2312
27750 32.2527
27760 32.2615
27770 32.2521
27780 32.2658
27790 32.2996
27800 32.3162
27810 32.3156
27820 32.3177
27830 32.3309
27840 32.3411
27850 32.3408
27860 32.3373
27870 32.3421
27880 32.3582
27890 32.3697
27900 32.3739
27910 32.3622
27920 32.3594
27930 32.3869
27940 32.4118
27950 32.4242
27960 32.4409
27970 32.4733
27980 32.4971
27990 32.5028
28000 32.5196
28010 32.552
28020 32.5822
28030 32.6039
28040 32.6223
28050 32.6398
28060 32.6572
28070 32.6857
28080 32.7181
28090 32.7375
28100 32.7649
28110 32.8084
28120 32.8574
28130 32.8787
28140 32.8893
28150 32.8999
28160 32.9039
28170 32.9195
28180 32.939
28190 32.9595
28200 32.9763
28210 32.9893
28220 33.0068
28230 33.0325
28240 33.0655
28250 33.11
28260 33.1428
28270 33.1532
28280 33.1375
28290 33.106
28300 33.0893
28310 33.0881
28320 33.0845
28330 33.0981
28340 33.1407
28350 33.1883
28360 33.2182
28370 33.2444
28380 33.2719
28390 33.2926
28400 33.3002
28410 33.3223
28420 33.3477
28430 33.3706
28440 33.4078
28450 33.443
28460 33.4714
28470 33.4939
28480 33.5069
28490 33.5162
28500 33.518
28510 33.5065
28520 33.5205
28530 33.5581
28540 33.569
28550 33.5547
28560 33.5581
28570 33.5793
28580 33.5954
28590 33.605
28600 33.6236
28610 33.6395
28620 33.6608
28630 33.6845
28640 33.693
28650 33.7008
28660 33.7137
28670 33.7336
28680 33.7551
28690 33.7982
28700 33.8581
28710 33.8985
28720 33.9135
28730 33.9144
28740 33.9405
28750 33.9747
28760 33.9719
28770 33.9526
28780 33.9621
28790 33.9928
28800 34.0167
28810 34.0284
28820 34.0283
28830 34.022
28840 34.0364
28850 34.0743
28860 34.0961
28870 34.0813
28880 34.0847
28890 34.1061
28900 34.118
28910 34.1142
28920 34.1082
28930 34.1135
28940 34.1315
28950 34.156
28960 34.183
28970 34.2087
28980 34.2212
28990 34.2365
29000 34.2473
29010 34.2434
29020 34.2443
29030 34.2562
29040 34.2733
29050 34.2849
29060 34.297
29070 34.2925
29080 34.2789
29090 34.2798
29100 34.2781
29110 34.267
29120 34.2831
29130 34.2986
29140 34.2951
29150 34.3095
29160 34.352
29170 34.3909
29180 34.4189
29190 34.4376
29200 34.4602
29210 34.4927
29220 34.5317
29230 34.5444
29240 34.5291
29250 34.5307
29260 34.5516
29270 34.5656
29280 34.5596
29290 34.531
29300 34.5087
29310 34.5099
29320 34.5269
29330 34.5481
29340 34.5583
29350 34.5438
29360 34.5386
29370 34.5647
29380 34.6161
29390 34.6434
29400 34.6301
29410 34.6215
29420 34.6334
29430 34.6418
29440 34.6399
29450 34.6492
29460 34.6474
29470 34.6325
29480 34.6303
29490 34.6421
29500 34.6454
29510 34.6444
29520 34.6638
29530 34.6872
29540 34.696
29550 34.7058
29560 34.721
29570 34.7296
29580 34.7401
29590 34.7493
29600 34.7379
29610 34.7416
29620 34.7536
29630 34.7614
29640 34.7744
29650 34.7964
29660 34.8082
29670 34.8163
29680 34.8361
29690 34.8652
29700 34.879
29710 34.8896
29720 34.9075
29730 34.909
29740 34.9028
29750 34.918
29760 34.942
29770 34.9517
29780 34.9502
29790 34.9422
29800 34.925
29810 34.9214
29820 34.9254
29830 34.9378
29840 34.9552
29850 34.9701
29860 34.9779
29870 34.9961
29880 35.017
29890 35.0194
29900 34.9939
29910 34.9954
29920 35.0296
29930 35.0561
29940 35.0639
29950 35.0769
29960 35.0907
29970 35.1003
29980 35.1118
29990 35.1311
30000 35.1322
30010 35.1156
30020 35.107
30030 35.1128
30040 35.1224
30050 35.1282
30060 35.1356
30070 35.151
30080 35.1605
30090 35.1409
30100 35.1375
30110 35.181
30120 35.2185
30130 35.2361
30140 35.2669
30150 35.3166
30160 35.3445
30170 35.3559
30180 35.3778
30190 35.4109
30200 35.4318
30210 35.4439
30220 35.4529
30230 35.4588
30240 35.4654
30250 35.478
30260 35.5006
30270 35.516
30280 35.5194
30290 35.5107
30300 35.505
30310 35.493
30320 35.4727
30330 35.4687
30340 35.4773
30350 35.4968
30360 35.5355
30370 35.5585
30380 35.5279
30390 35.5023
30400 35.5359
30410 35.5796
30420 35.5816
30430 35.5755
30440 35.5913
30450 35.6101
30460 35.6106
30470 35.6114
30480 35.6369
30490 35.6828
30500 35.7029
30510 35.703
30520 35.706
30530 35.716
30540 35.7134
30550 35.7182
30560 35.7536
30570 35.7746
30580 35.7754
30590 35.7867
30600 35.8012
30610 35.8188
30620 35.8317
30630 35.8519
30640 35.8651
30650 35.8615
30660 35.858
30670 35.8617
30680 35.86
30690 35.8717
30700 35.8831
30710 35.8808
30720 35.8811
30730 35.8921
30740 35.9027
30750 35.9208
30760 35.9532
30770 35.9773
30780 35.971
30790 35.9751
30800 35.986
30810 35.9964
30820 36.0303
30830 36.0617
30840 36.072
30850 36.1044
30860 36.1412
30870 36.1408
30880 36.1387
30890 36.1539
30900 36.1854
30910 36.2087
30920 36.204
30930 36.2
30940 36.2323
30950 36.2797
30960 36.3189
30970 36.3555
30980 36.3714
30990 36.3727
31000 36.41
31010 36.463
31020 36.4671
31030 36.4717
31040 36.5213
31050 36.5675
31060 36.5648
31070 36.5536
31080 36.5708
31090 36.6128
31100 36.6638
31110 36.6973
31120 36.7191
31130 36.7444
31140 36.7638
31150 36.7842
31160 36.8148
31170 36.8338
31180 36.841
31190 36.8373
31200 36.8404
31210 36.836
31220 36.826
31230 36.8505
31240 36.8985
31250 36.9136
31260 36.8984
31270 36.8926
31280 36.9035
31290 36.9047
31300 36.9104
31310 36.9344
31320 36.9497
31330 36.9375
31340 36.9146
31350 36.9062
31360 36.9428
31370 37.003
31380 37.0317
31390 37.0271
31400 37.0416
31410 37.0749
31420 37.0846
31430 37.0656
31440 37.0755
31450 37.0898
31460 37.0726
31470 37.0782
31480 37.1306
31490 37.1607
31500 37.1524
31510 37.1672
31520 37.211
31530 37.2272
31540 37.2063
31550 37.1814
31560 37.1938
31570 37.2234
31580 37.2273
31590 37.2224
31600 37.238
31610 37.2646
31620 37.2822
31630 37.3043
31640 37.3348
31650 37.3635
31660 37.3547
31670 37.3438
31680 37.3672
31690 37.4024
31700 37.4094
31710 37.4002
31720 37.3775
31730 37.3689
31740 37.3671
31750 37.3505
31760 37.3604
31770 37.3897
31780 37.3986
31790 37.3951
31800 37.3867
31810 37.3944
31820 37.4135
31830 37.4297
31840 37.434
31850 37.4357
31860 37.4451
31870 37.4648
31880 37.491
31890 37.5175
31900 37.5359
31910 37.5425
31920 37.573
31930 37.6244
31940 37.6678
31950 37.6928
31960 37.7198
31970 37.7586
31980 37.7638
31990 37.7477
32000 37.7523
32010 37.765
32020 37.7935
32030 37.8197
32040 37.8174
32050 37.8059
32060 37.8227
32070 37.8488
32080 37.8574
32090 37.8546
32100 37.8641
32110 37.8766
32120 37.8937
32130 37.9075
32140 37.9017
32150 37.8816
32160 37.8794
32170 37.8832
32180 37.8673
32190 37.8519
32200 37.8608
32210 37.8873
32220 37.8995
32230 37.8826
32240 37.8715
32250 37.8774
32260 37.8746
32270 37.8602
32280 37.8739
32290 37.9038
32300 37.9253
32310 37.9242
32320 37.9181
32330 37.9188
32340 37.9246
32350 37.9316
32360 37.9362
32370 37.9325
32380 37.9275
32390 37.9489
32400 37.9857
32410 37.9888
32420 37.9619
32430 37.9289
32440 37.9169
32450 37.9393
32460 37.9526
32470 37.939
32480 37.9243
32490 37.9328
32500 37.9538
32510 37.9808
32520 38.0118
32530 38.0236
32540 38.017
32550 38.0252
32560 38.0516
32570 38.0726
32580 38.0759
32590 38.0673
32600 38.0524
32610 38.0385
32620 38.0333
32630 38.0397
32640 38.0541
32650 38.0661
32660 38.0811
32670 38.1001
32680 38.1204
32690 38.1469
32700 38.1623
32710 38.1598
32720 38.1534
32730 38.1592
32740 38.1903
32750 38.23
32760 38.2347
32770 38.2183
32780 38.2285
32790 38.2641
32800 38.2904
32810 38.2993
32820 38.3266
32830 38.3544
32840 38.3491
32850 38.3459
32860 38.3865
32870 38.4301
32880 38.4336
32890 38.4371
32900 38.446
32910 38.4599
32920 38.47
32930 38.4636
32940 38.4676
32950 38.4881
32960 38.5042
32970 38.5025
32980 38.5143
32990 38.5493
33000 38.5687
33010 38.5824
33020 38.5958
33030 38.6088
33040 38.6226
33050 38.65
33060 38.6602
33070 38.6652
33080 38.6798
33090 38.6977
33100 38.7077
33110 38.725
33120 38.7639
33130 38.809
33140 38.8358
33150 38.8412
33160 38.8648
33170 38.9263
33180 38.9701
33190 38.9785
33200 38.9977
33210 39.0285
33220 39.0337
33230 39.0301
33240 39.0292
33250 39.0363
33260 39.0612
33270 39.0816
33280 39.088
33290 39.1081
33300 39.144
33310 39.1683
33320 39.1656
33330 39.1662
33340 39.1705
33350 39.1695
33360 39.1801
33370 39.1964
33380 39.2021
33390 39.2123
33400 39.2305
33410 39.2366
33420 39.2493
33430 39.2852
33440 39.3197
33450 39.3386
33460 39.3639
33470 39.3872
33480 39.4085
33490 39.4424
33500 39.4651
33510 39.4635
33520 39.4651
33530 39.4912
33540 39.517
33550 39.5385
33560 39.5533
33570 39.5549
33580 39.5674
33590 39.603
33600 39.6322
33610 39.6472
33620 39.6785
33630 39.7095
33640 39.7167
33650 39.7246
33660 39.7598
33670 39.7844
33680 39.7888
33690 39.8097
33700 39.8195
33710 39.808
33720 39.8034
33730 39.8163
33740 39.8431
33750 39.867
33760 39.8642
33770 39.8558
33780 39.8689
33790 39.8962
33800 39.9181
33810 39.9414
33820 39.9561
33830 39.9592
33840 39.9701
33850 39.9748
33860 39.9757
33870 39.9919
33880 40.0303
33890 40.0717
33900 40.0869
33910 40.0789
33920 40.0628
33930 40.0586
33940 40.0675
33950 40.0708
33960 40.0568
33970 40.043
33980 40.0423
33990 40.0411
34000 40.0396
34010 40.04
34020 40.0411
34030 40.0378
34040 40.018
34050 39.9999
34060 39.9949
34070 40.0016
34080 40.0074
34090 40.0083
34100 40.0083
34110 39.9961
34120 39.9916
34130 39.9993
34140 40.0017
34150 40.0007
34160 39.9997
34170 39.9878
34180 39.9636
34190 39.9468
34200 39.9434
34210 39.9406
34220 39.927
34230 39.9141
34240 39.9137
34250 39.9165
34260 39.9065
34270 39.893
34280 39.8709
34290 39.8561
34300 39.8493
34310 39.8346
34320 39.8169
34330 39.7921
34340 39.7554
34350 39.7056
34360 39.6778
34370 39.6877
34380 39.7
34390 39.6983
34400 39.7056
34410 39.7338
34420 39.7537
34430 39.7348
34440 39.7204
34450 39.7297
34460 39.7478
34470 39.7662
34480 39.778
34490 39.7859
34500 39.8078
34510 39.8199
34520 39.8124
34530 39.8283
34540 39.8687
34550 39.8934
34560 39.8961
34570 39.9032
34580 39.9322
34590 39.9434
34600 39.9237
34610 39.9083
34620 39.9274
34630 39.9393
34640 39.9146
34650 39.8906
34660 39.9191
34670 39.9542
34680 39.9594
34690 39.9577
34700 39.9857
34710 40.0261
34720 40.0191
34730 39.9939
34740 40.0017
34750 40.0145
34760 39.9957
34770 39.9798
34780 40.0005
34790 40.0365
34800 40.0622
34810 40.0639
34820 40.0631
34830 40.0628
34840 40.0746
34850 40.0974
34860 40.1216
34870 40.1306
34880 40.1305
34890 40.1475
34900 40.1928
34910 40.2259
34920 40.2239
34930 40.2104
34940 40.2502
34950 40.2982
34960 40.2982
34970 40.2915
34980 40.3093
34990 40.3435
35000 40.3592
35010 40.3425
35020 40.3344
35030 40.3544
35040 40.3698
35050 40.3782
35060 40.3894
35070 40.4132
35080 40.452
35090 40.4829
35100 40.4893
35110 40.504
35120 40.5472
35130 40.5892
35140 40.6278
35150 40.6623
35160 40.6908
35170 40.7301
35180 40.778
35190 40.8034
35200 40.8177
35210 40.8495
35220 40.9023
35230 40.9349
35240 40.9355
35250 40.9377
35260 40.958
35270 40.9916
35280 41.0275
35290 41.0677
35300 41.0985
35310 41.1058
35320 41.1013
35330 41.0937
35340 41.0955
35350 41.1007
35360 41.1071
35370 41.1264
35380 41.1463
35390 41.1406
35400 41.1328
35410 41.1387
35420 41.1328
35430 41.1307
35440 41.1547
35450 41.1695
35460 41.1627
35470 41.1843
35480 41.23
35490 41.2493
35500 41.2563
35510 41.2818
35520 41.3249
35530 41.3577
35540 41.3974
35550 41.441
35560 41.4547
35570 41.4551
35580 41.4504
35590 41.4442
35600 41.4508
35610 41.4816
35620 41.5323
35630 41.5762
35640 41.6025
35650 41.6167
35660 41.6416
35670 41.673
35680 41.6953
35690 41.7135
35700 41.7221
35710 41.7226
35720 41.735
35730 41.7384
35740 41.7276
35750 41.7253
35760 41.7141
35770 41.6995
35780 41.6806
35790 41.6721
35800 41.6716
35810 41.6798
35820 41.694
35830 41.7254
35840 41.7496
35850 41.7631
35860 41.7705
35870 41.7874
35880 41.8252
35890 41.8599
35900 41.8715
35910 41.8884
35920 41.9107
35930 41.9337
35940 41.9266
35950 41.9266
35960 41.9567
35970 41.977
35980 41.9685
35990 41.9478
36000 41.9385
36010 41.9387
36020 41.9511
36030 41.9739
36040 41.9982
36050 42.0078
36060 42.0072
36070 41.9858
36080 41.968
36090 41.9843
36100 42.0143
36110 42.0483
36120 42.0668
36130 42.0722
36140 42.066
36150 42.081
36160 42.1288
36170 42.1694
36180 42.1717
36190 42.1831
36200 42.2234
36210 42.2673
36220 42.2626
36230 42.251
36240 42.2724
36250 42.288
36260 42.2847
36270 42.2941
36280 42.3257
36290 42.3467
36300 42.3576
36310 42.3876
36320 42.4379
36330 42.4895
36340 42.5246
36350 42.5452
36360 42.5721
36370 42.6003
36380 42.6024
36390 42.5992
36400 42.6267
36410 42.6799
36420 42.7123
36430 42.7201
36440 42.7422
36450 42.7915
36460 42.8232
36470 42.8186
36480 42.8297
36490 42.8687
36500 42.9054
36510 42.9204
36520 42.9501
36530 43.0122
36540 43.0672
36550 43.0978
36560 43.1097
36570 43.1441
36580 43.1968
36590 43.2179
36600 43.2371
36610 43.2806
36620 43.3172
36630 43.3287
36640 43.3366
36650 43.362
36660 43.4186
36670 43.4602
36680 43.4648
36690 43.4884
36700 43.5375
36710 43.5784
36720 43.6031
36730 43.6179
36740 43.6383
36750 43.6811
36760 43.7042
36770 43.702
36780 43.7247
36790 43.747
36800 43.7505
36810 43.7593
36820 43.7899
36830 43.7979
36840 43.7716
36850 43.7618
36860 43.7846
36870 43.8069
36880 43.8328
36890 43.8619
36900 43.8919
36910 43.9018
36920 43.9018
36930 43.902
36940 43.907
36950 43.9176
36960 43.922
36970 43.9394
36980 43.9801
36990 44.0145
37000 44.0206
37010 44.0158
37020 44.0367
37030 44.0799
37040 44.1121
37050 44.1064
37060 44.1025
37070 44.1339
37080 44.1545
37090 44.1611
37100 44.192
37110 44.2223
37120 44.223
37130 44.2014
37140 44.1949
37150 44.198
37160 44.2093
37170 44.2265
37180 44.2371
37190 44.2255
37200 44.2071
37210 44.1937
37220 44.1922
37230 44.1771
37240 44.149
37250 44.1489
37260 44.1696
37270 44.1678
37280 44.1538
37290 44.1601
37300 44.1805
37310 44.1968
37320 44.2266
37330 44.2702
37340 44.306
37350 44.3158
37360 44.3127
37370 44.3085
37380 44.3056
37390 44.3064
37400 44.2973
37410 44.3121
37420 44.3682
37430 44.4153
37440 44.4285
37450 44.4228
37460 44.4204
37470 44.4264
37480 44.4162
37490 44.3898
37500 44.3819
37510 44.3922
37520 44.4148
37530 44.4345
37540 44.4313
37550 44.4115
37560 44.3905
37570 44.3914
37580 44.4222
37590 44.4778
37600 44.5091
37610 44.5025
37620 44.5076
37630 44.531
37640 44.5421
37650 44.5526
37660 44.5878
37670 44.6464
37680 44.6937
37690 44.7103
37700 44.733
37710 44.7407
37720 44.7339
37730 44.7192
37740 44.7044
37750 44.6906
37760 44.6789
37770 44.6869
37780 44.6995
37790 44.6952
37800 44.6755
37810 44.6582
37820 44.6632
37830 44.682
37840 44.6938
37850 44.6976
37860 44.6997
37870 44.7162
37880 44.7458
37890 44.7667
37900 44.7753
37910 44.8026
37920 44.8441
37930 44.8741
37940 44.8926
37950 44.8954
37960 44.8822
37970 44.8653
37980 44.8507
37990 44.8492
38000 44.8568
38010 44.8444
38020 44.8555
38030 44.8862
38040 44.9055
38050 44.8949
38060 44.8789
38070 44.8789
38080 44.8984
38090 44.9054
38100 44.9035
38110 44.9217
38120 44.9599
38130 44.9868
38140 44.9836
38150 44.9586
38160 44.9617
38170 44.9787
38180 44.9693
38190 44.9607
38200 44.9787
38210 45.0089
38220 45.0225
38230 45.0121
38240 44.9975
38250 44.9768
38260 44.9559
38270 44.9452
38280 44.9367
38290 44.9519
38300 44.993
38310 45.0045
38320 44.9661
38330 44.9298
38340 44.9293
38350 44.9547
38360 44.9641
38370 44.9576
38380 44.9591
38390 44.9673
38400 44.9604
38410 44.9384
38420 44.9331
38430 44.9597
38440 44.9775
38450 44.9554
38460 44.9442
38470 44.9531
38480 44.9668
38490 44.9963
38500 45.0208
38510 45.0453
38520 45.0609
38530 45.0744
38540 45.092
38550 45.1111
38560 45.1417
38570 45.1858
38580 45.2308
38590 45.2782
38600 45.3147
38610 45.3332
38620 45.3363
38630 45.3397
38640 45.3307
38650 45.3213
38660 45.3107
38670 45.3067
38680 45.3288
38690 45.353
38700 45.3658
38710 45.3472
38720 45.3306
38730 45.3366
38740 45.3548
38750 45.3937
38760 45.417
38770 45.4212
38780 45.4153
38790 45.4097
38800 45.4107
38810 45.414
38820 45.4399
38830 45.4762
38840 45.4966
38850 45.5068
38860 45.5188
38870 45.5319
38880 45.5453
38890 45.5361
38900 45.5204
38910 45.5157
38920 45.5412
38930 45.5587
38940 45.5793
38950 45.6189
38960 45.6584
38970 45.6859
38980 45.7046
38990 45.7277
39000 45.754
39010 45.7725
39020 45.7624
39030 45.7562
39040 45.77
39050 45.8051
39060 45.8262
39070 45.8427
39080 45.8626
39090 45.8843
39100 45.9145
39110 45.9547
39120 46.0088
39130 46.0659
39140 46.1148
39150 46.1572
39160 46.1866
39170 46.1812
39180 46.1914
39190 46.2227
39200 46.2428
39210 46.2479
39220 46.2768
39230 46.2853
39240 46.2794
39250 46.3137
39260 46.3433
39270 46.331
39280 46.3273
39290 46.3346
39300 46.3141
39310 46.2809
39320 46.2714
39330 46.2936
39340 46.3123
39350 46.3164
39360 46.3079
39370 46.2999
39380 46.3011
39390 46.298
39400 46.2719
39410 46.2537
39420 46.2557
39430 46.2471
39440 46.2461
39450 46.2586
39460 46.2392
39470 46.1937
39480 46.1666
39490 46.1811
39500 46.2119
39510 46.2204
39520 46.2108
39530 46.2143
39540 46.2556
39550 46.2821
39560 46.2725
39570 46.2929
39580 46.3452
39590 46.3714
39600 46.3716
39610 46.3741
39620 46.3877
39630 46.3975
39640 46.3984
39650 46.3895
39660 46.386
39670 46.406
39680 46.4548
39690 46.4901
39700 46.4978
39710 46.5079
39720 46.5498
39730 46.5872
39740 46.603
39750 46.6299
39760 46.668
39770 46.6854
39780 46.6853
39790 46.6978
39800 46.7019
39810 46.7279
39820 46.7759
39830 46.8227
39840 46.8429
39850 46.8476
39860 46.8613
39870 46.8903
39880 46.9454
39890 46.9792
39900 46.9659
39910 46.957
39920 46.9927
39930 47.0306
39940 47.0136
39950 46.9942
39960 47.0227
39970 47.0565
39980 47.0549
39990 47.0546
40000 47.0773
40010 47.0976
40020 47.1017
40030 47.1059
40040 47.1228
40050 47.1364
40060 47.1536
40070 47.1845
40080 47.2095
40090 47.2232
40100 47.2326
40110 47.2443
40120 47.2536
40130 47.2565
40140 47.2923
40150 47.3519
40160 47.3764
40170 47.3609
40180 47.3378
40190 47.3274
40200 47.3416
40210 47.3799
40220 47.413
40230 47.4322
40240 47.4544
40250 47.4719
40260 47.4918
40270 47.5149
40280 47.5244
40290 47.5097
40300 47.4945
40310 47.4976
40320 47.5171
40330 47.5214
40340 47.5038
40350 47.4888
40360 47.4942
40370 47.5075
40380 47.528
40390 47.5226
40400 47.502
40410 47.501
40420 47.5208
40430 47.5431
40440 47.5684
40450 47.5878
40460 47.5865
40470 47.5711
40480 47.5711
40490 47.5777
40500 47.564
40510 47.5359
40520 47.5258
40530 47.5039
40540 47.4751
40550 47.4631
40560 47.4688
40570 47.467
40580 47.4396
40590 47.4081
40600 47.3643
40610 47.308
40620 47.2745
40630 47.2664
40640 47.2486
40650 47.2211
40660 47.1939
40670 47.1633
40680 47.1453
40690 47.161
40700 47.1849
40710 47.1883
40720 47.1719
40730 47.1793
40740 47.2046
40750 47.2236
40760 47.2297
40770 47.2377
40780 47.255
40790 47.2708
40800 47.2967
40810 47.3333
40820 47.35
40830 47.3457
40840 47.353
40850 47.3526
40860 47.3596
40870 47.3677
40880 47.3698
40890 47.392
40900 47.4136
40910 47.4009
40920 47.3604
40930 47.3519
40940 47.3687
40950 47.3708
40960 47.3615
40970 47.3578
40980 47.3688
40990 47.3973
41000 47.4117
41010 47.4144
41020 47.4237
41030 47.4475
41040 47.447
41050 47.4248
41060 47.4248
41070 47.44
41080 47.4646
41090 47.501
41100 47.5314
41110 47.5239
41120 47.4811
41130 47.443
41140 47.4536
41150 47.4798
41160 47.4847
41170 47.4869
41180 47.4966
41190 47.506
41200 47.5111
41210 47.5306
41220 47.5346
41230 47.5143
41240 47.4839
41250 47.4648
41260 47.4604
41270 47.4461
41280 47.4201
41290 47.4179
41300 47.4177
41310 47.39
41320 47.3704
41330 47.3945
41340 47.4489
41350 47.4774
41360 47.4778
41370 47.4837
41380 47.5047
41390 47.5204
41400 47.5371
41410 47.5646
41420 47.5948
41430 47.6119
41440 47.627
41450 47.6375
41460 47.6411
41470 47.6439
41480 47.6332
41490 47.6325
41500 47.6435
41510 47.656
41520 47.6472
41530 47.634
41540 47.6301
41550 47.6164
41560 47.5941
41570 47.5843
41580 47.5909
41590 47.6019
41600 47.6072
41610 47.6009
41620 47.5841
41630 47.5985
41640 47.6419
41650 47.6663
41660 47.6562
41670 47.6451
41680 47.6239
41690 47.6121
41700 47.6372
41710 47.6863
41720 47.7261
41730 47.7515
41740 47.7752
41750 47.8023
41760 47.8251
41770 47.8401
41780 47.8356
41790 47.8296
41800 47.8261
41810 47.8144
41820 47.8177
41830 47.854
41840 47.8862
41850 47.8962
41860 47.9209
41870 47.9741
41880 48.0108
41890 48.0135
41900 48.003
41910 48.0117
41920 48.0198
41930 48.0222
41940 48.0437
41950 48.072
41960 48.0699
41970 48.0599
41980 48.0935
41990 48.1252
42000 48.1368
42010 48.1525
42020 48.1838
42030 48.2115
42040 48.2171
42050 48.2259
42060 48.255
42070 48.2868
42080 48.3109
42090 48.3163
42100 48.3151
42110 48.3273
42120 48.3537
42130 48.3631
42140 48.3599
42150 48.3666
42160 48.3681
42170 48.3625
42180 48.3564
42190 48.3588
42200 48.3758
42210 48.3901
42220 48.3899
42230 48.3908
42240 48.3976
42250 48.3902
42260 48.3706
42270 48.3419
42280 48.3362
42290 48.3596
42300 48.3739
42310 48.3703
42320 48.3605
42330 48.3392
42340 48.3257
42350 48.3256
42360 48.3213
42370 48.326
42380 48.3432
42390 48.3426
42400 48.3242
42410 48.3186
42420 48.3111
42430 48.2959
42440 48.3206
42450 48.3703
42460 48.3732
42470 48.3277
42480 48.2932
42490 48.2989
42500 48.3259
42510 48.3696
42520 48.3985
42530 48.3997
42540 48.4061
42550 48.4272
42560 48.44
42570 48.4363
42580 48.4327
42590 48.4401
42600 48.4711
42610 48.5039
42620 48.5307
42630 48.5655
42640 48.613
42650 48.6428
42660 48.6734
42670 48.7
42680 48.7245
42690 48.7566
42700 48.7888
42710 48.7989
42720 48.7876
42730 48.7735
42740 48.7786
42750 48.7775
42760 48.7862
42770 48.8109
42780 48.8429
42790 48.8378
42800 48.808
42810 48.7874
42820 48.7797
42830 48.7379
42840 48.7213
42850 48.7454
42860 48.7549
42870 48.7438
42880 48.7749
42890 48.8083
42900 48.8081
42910 48.7989
42920 48.8107
42930 48.833
42940 48.8516
42950 48.8563
42960 48.8487
42970 48.8641
42980 48.9008
42990 48.9316
43000 48.9563
43010 48.9444
43020 48.9146
43030 48.9165
43040 48.9275
43050 48.9352
43060 48.9556
43070 48.9891
43080 49.0195
43090 49.0535
43100 49.0941
43110 49.1282
43120 49.1418
43130 49.1477
43140 49.1837
43150 49.2401
43160 49.277
43170 49.2819
43180 49.2912
43190 49.3167
43200 49.3175
43210 49.3163
43220 49.3583
43230 49.4098
43240 49.4386
43250 49.4485
43260 49.4485
43270 49.4395
43280 49.4463
43290 49.4664
43300 49.4908
43310 49.5282
43320 49.5729
43330 49.5744
43340 49.5568
43350 49.5435
43360 49.5335
43370 49.5439
43380 49.5484
43390 49.5355
43400 49.5394
43410 49.5446
43420 49.5306
43430 49.5222
43440 49.5361
43450 49.5689
43460 49.6133
43470 49.6652
43480 49.6891
43490 49.6767
43500 49.675
43510 49.6949
43520 49.6931
43530 49.6939
43540 49.6971
43550 49.6775
43560 49.652
43570 49.6465
43580 49.6478
43590 49.6585
43600 49.6726
43610 49.6805
43620 49.6952
43630 49.7329
43640 49.758
43650 49.7628
43660 49.7861
43670 49.8045
43680 49.8094
43690 49.8184
43700 49.832
43710 49.849
43720 49.877
43730 49.8904
43740 49.8773
43750 49.8788
43760 49.9066
43770 49.9297
43780 49.9448
43790 49.956
43800 49.9861
43810 50.0173
43820 50.0194
43830 50.0212
43840 50.0496
43850 50.0827
43860 50.0774
43870 50.0569
43880 50.0641
43890 50.0761
43900 50.0642
43910 50.0667
43920 50.0787
43930 50.0665
43940 50.0697
43950 50.0996
43960 50.1316
43970 50.1462
43980 50.1604
43990 50.1904
44000 50.2267
44010 50.2458
44020 50.2461
44030 50.2667
44040 50.3246
44050 50.3803
44060 50.3999
44070 50.3877
44080 50.382
44090 50.3956
44100 50.4038
44110 50.4064
44120 50.4111
44130 50.4372
44140 50.4438
44150 50.4169
44160 50.4075
44170 50.43
44180 50.434
44190 50.4198
44200 50.4146
44210 50.4282
44220 50.4408
44230 50.4357
44240 50.4345
44250 50.4448
44260 50.4694
44270 50.4943
44280 50.4875
44290 50.4656
44300 50.4617
44310 50.4605
44320 50.4497
44330 50.4533
44340 50.4649
44350 50.4721
44360 50.5031
44370 50.5452
44380 50.556
44390 50.55
44400 50.5494
44410 50.5724
44420 50.5993
44430 50.6186
44440 50.6377
44450 50.6683
44460 50.7246
44470 50.8068
44480 50.8596
44490 50.9035
44500 50.9413
44510 50.9644
44520 50.9913
44530 51.0134
44540 51.0112
44550 50.9902
44560 50.9975
44570 51.0344
44580 51.0663
44590 51.0683
44600 51.0769
44610 51.1047
44620 51.1256
44630 51.1464
44640 51.1825
44650 51.2064
44660 51.2253
44670 51.2472
44680 51.2667
44690 51.2517
44700 51.2184
44710 51.2361
44720 51.2744
44730 51.2805
44740 51.2764
44750 51.2986
44760 51.3067
44770 51.2677
44780 51.2522
44790 51.2969
44800 51.3314
44810 51.3161
44820 51.2765
44830 51.2625
44840 51.2578
44850 51.2455
44860 51.2558
44870 51.2934
44880 51.3181
44890 51.3045
44900 51.279
44910 51.2816
44920 51.2889
44930 51.2847
44940 51.2706
44950 51.255
44960 51.2453
44970 51.2456
44980 51.2376
44990 51.2162
45000 51.2026
45010 51.2075
45020 51.2207
45030 51.2181
45040 51.2189
45050 51.2385
45060 51.2712
45070 51.2882
45080 51.2752
45090 51.2793
45100 51.3092
45110 51.3499
45120 51.3709
45130 51.3679
45140 51.3727
45150 51.3797
45160 51.3654
45170 51.368
45180 51.3962
45190 51.4144
45200 51.4317
45210 51.4641
45220 51.48
45230 51.478
45240 51.4724
45250 51.4776
45260 51.4655
45270 51.4463
45280 51.4448
45290 51.4421
45300 51.441
45310 51.4501
45320 51.4689
45330 51.4772
45340 51.4658
45350 51.4458
45360 51.4253
45370 51.4188
45380 51.4249
45390 51.4385
45400 51.4224
45410 51.3927
45420 51.3787
45430 51.3828
45440 51.3833
45450 51.371
45460 51.3483
45470 51.3372
45480 51.3509
45490 51.3591
45500 51.3465
45510 51.3543
45520 51.3915
45530 51.4246
45540 51.4427
45550 51.4678
45560 51.4833
45570 51.5038
45580 51.5373
45590 51.5551
45600 51.5649
45610 51.5877
45620 51.5997
45630 51.5998
45640 51.5904
45650 51.5764
45660 51.5589
45670 51.5455
45680 51.5362
45690 51.536
45700 51.5337
45710 51.532
45720 51.5323
45730 51.5223
45740 51.5132
45750 51.5148
45760 51.5103
45770 51.5051
45780 51.5237
45790 51.5525
45800 51.5336
45810 51.4591
45820 51.4174
45830 51.4089
45840 51.3871
45850 51.3867
45860 51.4279
45870 51.4765
45880 51.4913
45890 51.4812
45900 51.4681
45910 51.4635
45920 51.4571
45930 51.4412
45940 51.4415
45950 51.4685
45960 51.4772
45970 51.4818
45980 51.5247
45990 51.5761
46000 51.5896
46010 51.5889
46020 51.6148
46030 51.6601
46040 51.6653
46050 51.6249
46060 51.6039
46070 51.6171
46080 51.6449
46090 51.6507
46100 51.6606
46110 51.6708
46120 51.6716
46130 51.6661
46140 51.6575
46150 51.6619
46160 51.6847
46170 51.7099
46180 51.7369
46190 51.7789
46200 51.8181
46210 51.8371
46220 51.8355
46230 51.84
46240 51.8543
46250 51.8737
46260 51.8906
46270 51.9011
46280 51.9009
46290 51.8972
46300 51.9387
46310 52.0262
46320 52.085
46330 52.0879
46340 52.092
46350 52.097
46360 52.0945
46370 52.107
46380 52.141
46390 52.163
46400 52.1585
46410 52.1536
46420 52.1585
46430 52.1832
46440 52.1911
46450 52.1694
46460 52.1596
46470 52.1684
46480 52.1775
46490 52.1851
46500 52.2043
46510 52.1973
46520 52.1538
46530 52.1298
46540 52.1418
46550 52.1535
46560 52.1435
46570 52.1265
46580 52.1099
46590 52.0986
46600 52.104
46610 52.1164
46620 52.1101
46630 52.1111
46640 52.1266
46650 52.1244
46660 52.1254
46670 52.1453
46680 52.1491
46690 52.1518
46700 52.1613
46710 52.1633
46720 52.1583
46730 52.1575
46740 52.1783
46750 52.2006
46760 52.2207
46770 52.2342
46780 52.2477
46790 52.2726
46800 52.2907
46810 52.2974
46820 52.3109
46830 52.3378
46840 52.3637
46850 52.3772
46860 52.3688
46870 52.3556
46880 52.3744
46890 52.4075
46900 52.4268
46910 52.4462
46920 52.4838
46930 52.545
46940 52.5911
46950 52.6049
46960 52.6275
46970 52.673
46980 52.7105
46990 52.7337
47000 52.7249
47010 52.7039
47020 52.6897
47030 52.6914
47040 52.6989
47050 52.7193
47060 52.7512
47070 52.7811
47080 52.7971
47090 52.8174
47100 52.8677
47110 52.9134
47120 52.9369
47130 52.9554
47140 53.0036
47150 53.0409
47160 53.0483
47170 53.0689
47180 53.1339
47190 53.1798
47200 53.206
47210 53.2401
47220 53.2438
47230 53.2192
47240 53.2054
47250 53.2198
47260 53.2542
47270 53.2744
47280 53.277
47290 53.298
47300 53.3518
47310 53.4042
47320 53.4493
47330 53.4825
47340 53.498
47350 53.5046
47360 53.5175
47370 53.5204
47380 53.5014
47390 53.491
47400 53.5311
47410 53.5826
47420 53.5872
47430 53.5629
47440 53.5867
47450 53.6431
47460 53.6508
47470 53.6339
47480 53.6569
47490 53.7036
47500 53.7222
47510 53.7329
47520 53.7433
47530 53.7299
47540 53.712
47550 53.715
47560 53.7229
47570 53.7097
47580 53.6979
47590 53.7032
47600 53.6918
47610 53.6598
47620 53.6213
47630 53.592
47640 53.5713
47650 53.5473
47660 53.5357
47670 53.5191
47680 53.4945
47690 53.4723
47700 53.4787
47710 53.5049
47720 53.4954
47730 53.4669
47740 53.4801
47750 53.5213
47760 53.54
47770 53.5405
47780 53.5393
47790 53.5357
47800 53.5414
47810 53.5641
47820 53.6159
47830 53.6713
47840 53.6847
47850 53.6942
47860 53.7547
47870 53.8151
47880 53.8406
47890 53.8588
47900 53.9064
47910 53.9767
47920 54.035
47930 54.074
47940 54.1001
47950 54.1121
47960 54.1247
47970 54.1381
47980 54.1299
47990 54.1177
48000 54.143
48010 54.1997
48020 54.2294
48030 54.2106
48040 54.1696
48050 54.1802
48060 54.2419
48070 54.2957
48080 54.3107
48090 54.3094
48100 54.3247
48110 54.3552
48120 54.3657
48130 54.3878
48140 54.4408
48150 54.4741
48160 54.4961
48170 54.5253
48180 54.5658
48190 54.6125
48200 54.6392
48210 54.6285
48220 54.6305
48230 54.6633
48240 54.6844
48250 54.6826
48260 54.7146
48270 54.7855
48280 54.8107
48290 54.7686
48300 54.7506
48310 54.7828
48320 54.8114
48330 54.8211
48340 54.8245
48350 54.8469
48360 54.8566
48370 54.865
48380 54.8664
48390 54.8779
48400 54.9036
48410 54.9027
48420 54.8769
48430 54.8629
48440 54.8826
48450 54.8904
48460 54.9007
48470 54.9235
48480 54.9502
48490 54.9894
48500 55.0068
48510 55.0111
48520 55.0349
48530 55.0728
48540 55.0943
48550 55.0847
48560 55.0714
48570 55.0914
48580 55.1333
48590 55.1662
48600 55.1848
48610 55.1964
48620 55.2312
48630 55.2918
48640 55.3391
48650 55.3535
48660 55.362
48670 55.3881
48680 55.4144
48690 55.3891
48700 55.3611
48710 55.3743
48720 55.3889
48730 55.3822
48740 55.3868
48750 55.4126
48760 55.4345
48770 55.4459
48780 55.4564
48790 55.454
48800 55.443
48810 55.4318
48820 55.4319
48830 55.4786
48840 55.5461
48850 55.5877
48860 55.5932
48870 55.5801
48880 55.5579
48890 55.5564
48900 55.5752
48910 55.6054
48920 55.6192
48930 55.6116
48940 55.5951
48950 55.5727
48960 55.5627
48970 55.5712
48980 55.5716
48990 55.538
49000 55.4989
49010 55.468
49020 55.4628
49030 55.465
49040 55.4378
49050 55.3959
49060 55.3521
49070 55.3191
49080 55.3076
49090 55.3064
49100 55.293
49110 55.2604
49120 55.2526
49130 55.242
49140 55.1974
49150 55.1653
49160 55.1636
49170 55.1798
49180 55.1837
49190 55.1967
49200 55.2183
49210 55.2303
49220 55.2452
49230 55.2589
49240 55.2684
49250 55.2763
49260 55.2857
49270 55.2806
49280 55.2843
49290 55.2866
49300 55.2812
49310 55.2801
49320 55.2909
49330 55.3038
49340 55.3238
49350 55.3282
49360 55.317
49370 55.3281
49380 55.3855
49390 55.4312
49400 55.4557
49410 55.4875
49420 55.5322
49430 55.5521
49440 55.5438
49450 55.5348
49460 55.5586
49470 55.5996
49480 55.632
49490 55.6519
49500 55.6725
49510 55.6929
49520 55.7187
49530 55.7387
49540 55.7332
49550 55.7365
49560 55.7601
49570 55.7697
49580 55.7416
49590 55.6997
49600 55.6863
49610 55.7186
49620 55.7507
49630 55.7466
49640 55.7447
49650 55.7717
49660 55.8085
49670 55.8329
49680 55.8557
49690 55.8962
49700 55.9203
49710 55.9199
49720 55.9009
49730 55.9012
49740 55.9344
49750 56.0045
49760 56.0852
49770 56.1226
49780 56.1203
49790 56.1163
49800 56.1538
49810 56.2123
49820 56.2651
49830 56.3046
49840 56.3335
49850 56.3593
49860 56.3664
49870 56.3932
49880 56.4583
49890 56.5127
49900 56.5397
49910 56.5552
49920 56.5833
49930 56.6272
49940 56.6772
49950 56.7123
49960 56.7143
49970 56.7296
49980 56.7586
49990 56.7555
50000 56.7409
50010 56.7422
50020 56.7488
50030 56.7392
50040 56.7571
50050 56.7776
50060 56.7815
50070 56.7842
50080 56.8101
50090 56.8549
50100 56.897
50110 56.9224
50120 56.9363
50130 56.955
50140 56.9908
50150 57.0233
50160 57.0481
50170 57.0916
50180 57.1499
50190 57.1899
50200 57.2177
50210 57.2251
50220 57.2472
50230 57.2874
50240 57.312
50250 57.289
50260 57.2595
50270 57.288
50280 57.3393
50290 57.3436
50300 57.3473
50310 57.369
50320 57.3786
50330 57.3889
50340 57.4027
50350 57.4103
50360 57.4356
50370 57.4762
50380 57.4876
50390 57.4829
50400 57.4999
50410 57.5346
50420 57.5518
50430 57.5599
50440 57.5751
50450 57.5918
50460 57.5908
50470 57.5786
50480 57.5698
50490 57.5715
50500 57.569
50510 57.5543
50520 57.563
50530 57.5786
50540 57.5675
50550 57.5664
50560 57.5916
50570 57.6137
50580 57.6222
50590 57.6368
50600 57.6397
50610 57.63
50620 57.6201
50630 57.619
50640 57.627
50650 57.6265
50660 57.6217
50670 57.6408
50680 57.6704
50690 57.6653
50700 57.665
50710 57.6705
50720 57.656
50730 57.6357
50740 57.6443
50750 57.6572
50760 57.6578
50770 57.6669
50780 57.6941
50790 57.7268
50800 57.761
50810 57.7711
50820 57.7747
50830 57.7882
50840 57.7925
50850 57.7901
50860 57.7969
50870 57.8013
50880 57.7969
50890 57.8002
50900 57.7917
50910 57.7605
50920 57.7406
50930 57.7434
50940 57.7422
50950 57.7261
50960 57.7248
50970 57.7431
50980 57.7492
50990 57.7342
51000 57.7091
51010 57.6964
51020 57.699
51030 57.7155
51040 57.7305
51050 57.7218
51060 57.714
51070 57.73
51080 57.7249
51090 57.7097
51100 57.7403
51110 57.7776
51120 57.7874
51130 57.8026
51140 57.8387
51150 57.8403
51160 57.8223
51170 57.8282
51180 57.8433
51190 57.8221
51200 57.7734
51210 57.7414
51220 57.7286
51230 57.7224
51240 57.6919
51250 57.6349
51260 57.6198
51270 57.6579
51280 57.6955
51290 57.7101
51300 57.7063
51310 57.705
51320 57.7213
51330 57.7549
51340 57.7699
51350 57.7664
51360 57.7914
51370 57.8349
51380 57.8458
51390 57.8381
51400 57.8697
51410 57.9086
51420 57.9457
51430 57.9813
51440 57.9895
51450 57.9756
51460 57.9953
51470 58.0366
51480 58.067
51490 58.0818
51500 58.0957
51510 58.09
51520 58.0912
51530 58.1105
51540 58.1192
51550 58.1413
51560 58.1681
51570 58.1647
51580 58.1648
51590 58.2048
51600 58.2434
51610 58.2419
51620 58.2347
51630 58.2519
51640 58.2689
51650 58.2821
51660 58.285
51670 58.2861
51680 58.2979
51690 58.3008
51700 58.2833
51710 58.2796
51720 58.3028
51730 58.3295
51740 58.3314
51750 58.3369
51760 58.3361
51770 58.3263
51780 58.3469
51790 58.3688
51800 58.3606
51810 58.3302
51820 58.3171
51830 58.3343
51840 58.3503
51850 58.3628
51860 58.3813
51870 58.3989
51880 58.4054
51890 58.3917
51900 58.3577
51910 58.3216
51920 58.3215
51930 58.3168
51940 58.2668
51950 58.2125
51960 58.1994
51970 58.2042
51980 58.198
51990 58.2226
52000 58.276
52010 58.2835
52020 58.2734
52030 58.28
52040 58.2991
52050 58.3113
52060 58.3018
52070 58.2919
52080 58.2885
52090 58.2946
52100 58.3056
52110 58.3079
52120 58.3001
52130 58.2948
52140 58.2861
52150 58.2822
52160 58.2897
52170 58.3064
52180 58.3322
52190 58.3575
52200 58.3613
52210 58.3677
52220 58.3848
52230 58.3967
52240 58.39
52250 58.3916
52260 58.4241
52270 58.4459
52280 58.4427
52290 58.4547
52300 58.4751
52310 58.4975
52320 58.5389
52330 58.5663
52340 58.5992
52350 58.6273
52360 58.6365
52370 58.6434
52380 58.6589
52390 58.6793
52400 58.7058
52410 58.7346
52420 58.7549
52430 58.7746
52440 58.7913
52450 58.8063
52460 58.8168
52470 58.8249
52480 58.847
52490 58.8725
52500 58.8971
52510 58.9188
52520 58.932
52530 58.93
52540 58.9164
52550 58.9253
52560 58.9561
52570 58.9835
52580 58.9913
52590 58.9951
52600 59.0161
52610 59.0649
52620 59.1205
52630 59.1295
52640 59.1243
52650 59.1433
52660 59.1727
52670 59.1844
52680 59.1784
52690 59.1872
52700 59.1999
52710 59.2063
52720 59.2169
52730 59.245
52740 59.2574
52750 59.2418
52760 59.2527
52770 59.2818
52780 59.2897
52790 59.2875
52800 59.3277
52810 59.3486
52820 59.336
52830 59.3371
52840 59.3702
52850 59.3875
52860 59.3859
52870 59.3804
52880 59.3583
52890 59.3521
52900 59.3587
52910 59.3481
52920 59.2993
52930 59.2662
52940 59.2935
52950 59.3426
52960 59.3457
52970 59.3337
52980 59.3621
52990 59.4046
53000 59.4209
53010 59.4317
53020 59.4422
53030 59.4621
53040 59.484
53050 59.5118
53060 59.5389
53070 59.5444
53080 59.5338
53090 59.5338
53100 59.5521
53110 59.5821
53120 59.5964
53130 59.5965
53140 59.6096
53150 59.6327
53160 59.6515
53170 59.6862
53180 59.7215
53190 59.763
53200 59.804
53210 59.8219
53220 59.8365
53230 59.8473
53240 59.8631
53250 59.8748
53260 59.8733
53270 59.8703
53280 59.8791
53290 59.8816
53300 59.8785
53310 59.8821
53320 59.8898
53330 59.9115
53340 59.9163
53350 59.8964
53360 59.8668
53370 59.8311
53380 59.8075
53390 59.8074
53400 59.8231
53410 59.8061
53420 59.7885
53430 59.8048
53440 59.8139
53450 59.7917
53460 59.7705
53470 59.7848
53480 59.7951
53490 59.8121
53500 59.8481
53510 59.8675
53520 59.8814
53530 59.9037
53540 59.9154
53550 59.9141
53560 59.9134
53570 59.9038
53580 59.8763
53590 59.8791
53600 59.92
53610 59.9427
53620 59.9293
53630 59.9339
53640 59.9792
53650 60.0112
53660 60.0044
53670 59.9832
53680 59.9708
53690 59.9878
53700 60.0321
53710 60.0751
53720 60.0729
53730 60.059
53740 60.0586
53750 60.0865
53760 60.1406
53770 60.181
53780 60.211
53790 60.2351
53800 60.2494
53810 60.2725
53820 60.3128
53830 60.3588
53840 60.3814
53850 60.3732
53860 60.378
53870 60.3981
53880 60.4279
53890 60.4645
53900 60.5011
53910 60.5154
53920 60.5212
53930 60.5211
53940 60.5068
53950 60.4986
53960 60.4986
53970 60.5058
53980 60.5158
53990 60.5401
54000 60.5544
54010 60.5607
54020 60.5789
54030 60.6148
54040 60.635
54050 60.642
54060 60.6558
54070 60.6755
54080 60.6893
54090 60.6974
54100 60.7039
54110 60.7054
54120 60.6987
54130 60.6755
54140 60.6459
54150 60.6243
54160 60.6101
54170 60.5938
54180 60.581
54190 60.5606
54200 60.5627
54210 60.5958
54220 60.6432
54230 60.6813
54240 60.6839
54250 60.6795
54260 60.6954
54270 60.7241
54280 60.7174
54290 60.6851
54300 60.683
54310 60.707
54320 60.7317
54330 60.7511
54340 60.7553
54350 60.7261
54360 60.7026
54370 60.6935
54380 60.6715
54390 60.6466
54400 60.6339
54410 60.6499
54420 60.698
54430 60.7314
54440 60.7218
54450 60.7042
54460 60.7179
54470 60.7382
54480 60.7607
54490 60.7743
54500 60.7451
54510 60.7179
54520 60.741
54530 60.7814
54540 60.7922
54550 60.779
54560 60.7922
54570 60.8339
54580 60.8488
54590 60.8551
54600 60.872
54610 60.8805
54620 60.8658
54630 60.8292
54640 60.8053
54650 60.7964
54660 60.7918
54670 60.79
54680 60.7726
54690 60.734
54700 60.7077
54710 60.6791
54720 60.6473
54730 60.6531
54740 60.675
54750 60.6631
54760 60.6546
54770 60.6764
54780 60.6718
54790 60.6325
54800 60.623
54810 60.6328
54820 60.6286
54830 60.6578
54840 60.7089
54850 60.7315
54860 60.7488
54870 60.7779
54880 60.8067
54890 60.8046
54900 60.8003
54910 60.8244
54920 60.8668
54930 60.8906
54940 60.9058
54950 60.94
54960 60.9752
54970 60.9756
54980 60.9772
54990 60.9799
55000 60.9871
55010 61.0084
55020 61.0413
55030 61.0355
55040 61.021
55050 61.0343
55060 61.024
55070 61.001
55080 60.9974
55090 61.0063
55100 60.9903
55110 60.9754
55120 60.9734
55130 60.9568
55140 60.9334
55150 60.916
55160 60.9072
55170 60.9119
55180 60.9172
55190 60.9114
55200 60.9036
55210 60.9186
55220 60.9532
55230 61.0058
55240 61.0643
55250 61.118
55260 61.1552
55270 61.1876
55280 61.1977
55290 61.1978
55300 61.2254
55310 61.2571
55320 61.2496
55330 61.2492
55340 61.2839
55350 61.3082
55360 61.2965
55370 61.2848
55380 61.283
55390 61.2876
55400 61.2833
55410 61.2427
55420 61.2141
55430 61.204
55440 61.1709
55450 61.1306
55460 61.1168
55470 61.1077
55480 61.0852
55490 61.0983
55500 61.1367
55510 61.159
55520 61.1615
55530 61.1745
55540 61.1903
55550 61.2085
55560 61.219
55570 61.2123
55580 61.1923
55590 61.2014
55600 61.2296
55610 61.2168
55620 61.1557
55630 61.0976
55640 61.0739
55650 61.0707
55660 61.0774
55670 61.0785
55680 61.0522
55690 61.032
55700 61.0299
55710 61.0413
55720 61.059
55730 61.0854
55740 61.1156
55750 61.1356
55760 61.1417
55770 61.1571
55780 61.1815
55790 61.1974
55800 61.1875
55810 61.1721
55820 61.1814
55830 61.1923
55840 61.1637
55850 61.1024
55860 61.0808
55870 61.1248
55880 61.1434
55890 61.0966
55900 61.0684
55910 61.0897
55920 61.1049
55930 61.1049
55940 61.1365
55950 61.1578
55960 61.1641
55970 61.1957
55980 61.2344
55990 61.2502
56000 61.2519
56010 61.2591
56020 61.2747
56030 61.2777
56040 61.3043
56050 61.3316
56060 61.3164
56070 61.2926
56080 61.2727
56090 61.2763
56100 61.2979
56110 61.3274
56120 61.3498
56130 61.3569
56140 61.3558
56150 61.3572
56160 61.3481
56170 61.352
56180 61.3791
56190 61.3856
56200 61.3633
56210 61.3952
56220 61.4662
56230 61.4951
56240 61.4915
56250 61.4965
56260 61.5054
56270 61.528
56280 61.5343
56290 61.5331
56300 61.5096
56310 61.4774
56320 61.4658
56330 61.4571
56340 61.4367
56350 61.4142
56360 61.408
56370 61.4157
56380 61.4042
56390 61.3771
56400 61.3492
56410 61.3673
56420 61.4228
56430 61.4499
56440 61.4416
56450 61.4052
56460 61.3571
56470 61.2975
56480 61.2891
56490 61.3266
56500 61.3511
56510 61.3344
56520 61.3222
56530 61.3332
56540 61.356
56550 61.3763
56560 61.3832
56570 61.3647
56580 61.3324
56590 61.3283
56600 61.3516
56610 61.3791
56620 61.39
56630 61.3979
56640 61.4011
56650 61.3794
56660 61.3714
56670 61.4236
56680 61.4833
56690 61.485
56700 61.4491
56710 61.4803
56720 61.5247
56730 61.5087
56740 61.4894
56750 61.5082
56760 61.5286
56770 61.5382
56780 61.5523
56790 61.544
56800 61.5222
56810 61.5312
56820 61.5624
56830 61.5986
56840 61.646
56850 61.6931
56860 61.7227
56870 61.7254
56880 61.7325
56890 61.7737
56900 61.8283
56910 61.8451
56920 61.8289
56930 61.8332
56940 61.8675
56950 61.9028
56960 61.927
56970 61.9449
56980 61.9528
56990 61.9616
57000 61.9821
57010 61.9803
57020 61.9687
57030 61.9945
57040 62.0187
57050 62.0191
57060 62.0211
57070 62.0617
57080 62.1169
57090 62.1402
57100 62.1502
57110 62.1553
57120 62.1419
57130 62.1199
57140 62.1191
57150 62.128
57160 62.1167
57170 62.1038
57180 62.1125
57190 62.1273
57200 62.1412
57210 62.1513
57220 62.1657
57230 62.1631
57240 62.1341
57250 62.104
57260 62.106
57270 62.1358
57280 62.1233
57290 62.0887
57300 62.0809
57310 62.108
57320 62.1442
57330 62.168
57340 62.1682
57350 62.171
57360 62.2197
57370 62.2451
57380 62.242
57390 62.2529
57400 62.2598
57410 62.253
57420 62.2622
57430 62.2993
57440 62.3312
57450 62.3452
57460 62.3582
57470 62.3673
57480 62.3965
57490 62.4387
57500 62.4761
57510 62.4876
57520 62.4993
57530 62.5104
57540 62.5354
57550 62.56
57560 62.5741
57570 62.5907
57580 62.6138
57590 62.6227
57600 62.6081
57610 62.5918
57620 62.6068
57630 62.6375
57640 62.6455
57650 62.6406
57660 62.6571
57670 62.6945
57680 62.7231
57690 62.7178
57700 62.7059
57710 62.7107
57720 62.7455
57730 62.7928
57740 62.8078
57750 62.8032
57760 62.8285
57770 62.8568
57780 62.8444
57790 62.8239
57800 62.8337
57810 62.8488
57820 62.8704
57830 62.8802
57840 62.8674
57850 62.8765
57860 62.9006
57870 62.9133
57880 62.9163
57890 62.9133
57900 62.9196
57910 62.9265
57920 62.918
57930 62.909
57940 62.9164
57950 62.9072
57960 62.9024
57970 62.9263
57980 62.9484
57990 62.956
58000 62.9726
58010 62.9983
58020 63.0144
58030 63.0058
58040 62.9944
58050 62.9997
58060 63.0047
58070 63.006
58080 63.0062
58090 63.0144
58100 63.0461
58110 63.096
58120 63.1475
58130 63.2053
58140 63.2538
58150 63.2812
58160 63.3092
58170 63.3462
58180 63.3867
58190 63.4225
58200 63.4736
58210 63.4837
58220 63.4683
58230 63.4782
58240 63.4944
58250 63.4989
58260 63.5378
58270 63.5908
58280 63.5912
58290 63.5775
58300 63.599
58310 63.6585
58320 63.6872
58330 63.6864
58340 63.7052
58350 63.7508
58360 63.7769
58370 63.7972
58380 63.8255
58390 63.8308
58400 63.7991
58410 63.7732
58420 63.7877
58430 63.8232
58440 63.8628
58450 63.888
58460 63.8768
58470 63.8582
58480 63.8393
58490 63.8357
58500 63.8184
58510 63.8066
58520 63.8292
58530 63.8497
58540 63.8407
58550 63.8321
58560 63.8533
58570 63.8741
58580 63.8577
58590 63.8205
58600 63.8044
58610 63.8001
58620 63.7882
58630 63.7852
58640 63.7864
58650 63.7931
58660 63.8095
58670 63.8513
58680 63.8705
58690 63.8591
58700 63.847
58710 63.8392
58720 63.8541
58730 63.8967
58740 63.9401
58750 63.9533
58760 63.9688
58770 64.0283
58780 64.0902
58790 64.1171
58800 64.1369
58810 64.1558
58820 64.1655
58830 64.1988
58840 64.229
58850 64.2308
58860 64.2539
58870 64.3067
58880 64.3559
58890 64.3532
58900 64.304
58910 64.2754
58920 64.3119
58930 64.3479
58940 64.3496
58950 64.3392
58960 64.3557
58970 64.3741
58980 64.346
58990 64.2971
59000 64.2941
59010 64.3268
59020 64.3354
59030 64.3267
59040 64.3427
59050 64.3881
59060 64.4091
59070 64.4062
59080 64.4194
59090 64.4466
59100 64.4482
59110 64.4248
59120 64.3936
59130 64.3732
59140 64.3649
59150 64.3497
59160 64.344
59170 64.3803
59180 64.4399
59190 64.4777
59200 64.5129
59210 64.5558
59220 64.5785
59230 64.6052
59240 64.6116
59250 64.5769
59260 64.5452
59270 64.5323
59280 64.5017
59290 64.486
59300 64.4844
59310 64.4837
59320 64.4951
59330 64.5271
59340 64.5453
59350 64.5519
59360 64.5877
59370 64.6152
59380 64.6132
59390 64.6263
59400 64.6597
59410 64.6683
59420 64.666
59430 64.6951
59440 64.7278
59450 64.7589
59460 64.7916
59470 64.826
59480 64.858
59490 64.8951
59500 64.9326
59510 64.9362
59520 64.9305
59530 64.9406
59540 64.9698
59550 65.0034
59560 65.038
59570 65.0557
59580 65.0327
59590 65.0174
59600 65.071
59610 65.1439
59620 65.1734
59630 65.2064
59640 65.2571
59650 65.2837
59660 65.2912
59670 65.3288
59680 65.3817
59690 65.4466
59700 65.4919
59710 65.5156
59720 65.5356
59730 65.5779
59740 65.6304
59750 65.6574
59760 65.6669
59770 65.66
59780 65.6334
59790 65.6534
59800 65.6885
59810 65.7047
59820 65.7035
59830 65.6943
59840 65.6761
59850 65.6633
59860 65.7017
59870 65.7734
59880 65.8195
59890 65.8397
59900 65.8578
59910 65.8773
59920 65.9052
59930 65.9313
59940 65.9565
59950 65.9766
59960 65.9981
59970 66.0262
59980 66.0484
59990 66.0728
60000 66.0673
60010 66.0414
60020 66.0073
60030 65.9716
60040 65.9337
60050 65.9073
60060 65.8759
60070 65.8284
60080 65.806
60090 65.8019
60100 65.7735
60110 65.7266
60120 65.6938
60130 65.6964
60140 65.7095
60150 65.7134
60160 65.7047
60170 65.7128
60180 65.7358
60190 65.7369
60200 65.7145
60210 65.7257
60220 65.7691
60230 65.783
60240 65.7715
60250 65.7533
60260 65.734
60270 65.7088
60280 65.7016
60290 65.7019
60300 65.6876
60310 65.6808
60320 65.6966
60330 65.7175
60340 65.7113
60350 65.6825
60360 65.6819
60370 65.7069
60380 65.706
60390 65.691
60400 65.7109
60410 65.7454
60420 65.7561
60430 65.7546
60440 65.7286
60450 65.6668
60460 65.6277
60470 65.6374
60480 65.6712
60490 65.7134
60500 65.7543
60510 65.7573
60520 65.744
60530 65.7344
60540 65.7309
60550 65.7597
60560 65.812
60570 65.8402
60580 65.8454
60590 65.873
60600 65.8893
60610 65.8869
60620 65.8947
60630 65.9204
60640 65.9389
60650 65.945
60660 65.9385
60670 65.928
60680 65.9106
60690 65.8674
60700 65.8189
60710 65.8029
60720 65.7984
60730 65.7768
60740 65.737
60750 65.7221
60760 65.736
60770 65.7382
60780 65.7384
60790 65.7254
60800 65.6819
60810 65.6382
60820 65.6388
60830 65.6609
60840 65.7144
60850 65.7809
60860 65.8173
60870 65.8417
60880 65.8951
60890 65.9474
60900 65.9755
60910 65.9964
60920 66.0477
60930 66.122
60940 66.1777
60950 66.1968
60960 66.2057
60970 66.2022
60980 66.1968
60990 66.213
61000 66.2461
61010 66.2594
61020 66.2561
61030 66.2765
61040 66.3109
61050 66.3253
61060 66.3387
61070 66.3645
61080 66.4042
61090 66.4305
61100 66.4199
61110 66.4033
61120 66.3991
61130 66.407
61140 66.4182
61150 66.4271
61160 66.4634
61170 66.5182
61180 66.5576
61190 66.5678
61200 66.5602
61210 66.5504
61220 66.5436
61230 66.5546
61240 66.5886
61250 66.6097
61260 66.5818
61270 66.5607
61280 66.5884
61290 66.6382
61300 66.6515
61310 66.6894
61320 66.754
61330 66.7663
61340 66.7349
61350 66.725
61360 66.7523
61370 66.7759
61380 66.771
61390 66.7474
61400 66.7746
61410 66.834
61420 66.8708
61430 66.8888
61440 66.8918
61450 66.9009
61460 66.9497
61470 66.9992
61480 67.0526
61490 67.1014
61500 67.1117
61510 67.0798
61520 67.078
61530 67.1056
61540 67.1098
61550 67.0869
61560 67.0611
61570 67.055
61580 67.0907
61590 67.1459
61600 67.1556
61610 67.131
61620 67.1499
61630 67.1854
61640 67.2112
61650 67.2182
61660 67.2329
61670 67.2478
61680 67.2385
61690 67.2505
61700 67.2982
61710 67.3441
61720 67.3488
61730 67.3377
61740 67.3167
61750 67.3001
61760 67.3378
61770 67.3884
61780 67.4053
61790 67.4035
61800 67.4015
61810 67.4055
61820 67.4327
61830 67.4547
61840 67.4647
61850 67.4883
61860 67.5053
61870 67.5219
61880 67.5359
61890 67.5224
61900 67.4851
61910 67.466
61920 67.4835
61930 67.5194
61940 67.5339
61950 67.5218
61960 67.4917
61970 67.4524
61980 67.4298
61990 67.4237
62000 67.4539
62010 67.4968
62020 67.5251
62030 67.5455
62040 67.5642
62050 67.5643
62060 67.5704
62070 67.5799
62080 67.6084
62090 67.6386
62100 67.6475
62110 67.6477
62120 67.6364
62130 67.627
62140 67.6099
62150 67.6098
62160 67.6283
62170 67.6635
62180 67.6869
62190 67.6961
62200 67.7098
62210 67.7468
62220 67.8113
62230 67.8881
62240 67.9404
62250 67.9598
62260 67.9558
62270 67.9743
62280 68.0119
62290 68.0229
62300 68.015
62310 68.0317
62320 68.0473
62330 68.073
62340 68.128
62350 68.1504
62360 68.1619
62370 68.1928
62380 68.2084
62390 68.2197
62400 68.2442
62410 68.2504
62420 68.2355
62430 68.243
62440 68.2948
62450 68.3433
62460 68.3538
62470 68.3718
62480 68.4394
62490 68.512
62500 68.522
62510 68.5099
62520 68.5441
62530 68.6016
62540 68.6755
62550 68.7363
62560 68.7741
62570 68.8053
62580 68.8269
62590 68.8395
62600 68.8642
62610 68.8844
62620 68.8563
62630 68.815
62640 68.8071
62650 68.8287
62660 68.8248
62670 68.8212
62680 68.8358
62690 68.8485
62700 68.8682
62710 68.9152
62720 68.9515
62730 68.9667
62740 68.9786
62750 69.0022
62760 69.0343
62770 69.0665
62780 69.1077
62790 69.1343
62800 69.1635
62810 69.1774
62820 69.1513
62830 69.1263
62840 69.138
62850 69.1844
62860 69.2151
62870 69.2351
62880 69.256
62890 69.2807
62900 69.2917
62910 69.3083
62920 69.344
62930 69.3916
62940 69.4398
62950 69.4798
62960 69.4978
62970 69.5088
62980 69.5248
62990 69.548
63000 69.5563
63010 69.58
63020 69.602
63030 69.6167
63040 69.6375
63050 69.6553
63060 69.6664
63070 69.6967
63080 69.7427
63090 69.7864
63100 69.8238
63110 69.8851
63120 69.9282
63130 69.9414
63140 69.9544
63150 69.9877
63160 70.0278
63170 70.0485
63180 70.0718
63190 70.1183
63200 70.1703
63210 70.1814
63220 70.1796
63230 70.1907
63240 70.1907
63250 70.1681
63260 70.1551
63270 70.1791
63280 70.2066
63290 70.2073
63300 70.2119
63310 70.2586
63320 70.2942
63330 70.2816
63340 70.2565
63350 70.2591
63360 70.3031
63370 70.3473
63380 70.3636
63390 70.3642
63400 70.3782
63410 70.3934
63420 70.405
63430 70.4001
63440 70.3651
63450 70.3378
63460 70.3733
63470 70.4175
63480 70.4084
63490 70.3843
63500 70.3733
63510 70.3645
63520 70.3667
63530 70.3782
63540 70.3873
63550 70.4011
63560 70.4024
63570 70.3869
63580 70.3981
63590 70.4547
63600 70.4858
63610 70.4785
63620 70.4788
63630 70.4954
63640 70.508
63650 70.5376
63660 70.5764
63670 70.5931
63680 70.6084
63690 70.62
63700 70.6226
63710 70.6295
63720 70.6514
63730 70.6482
63740 70.6162
63750 70.5982
63760 70.5979
63770 70.5931
63780 70.5891
63790 70.6136
63800 70.6305
63810 70.5847
63820 70.568
63830 70.617
63840 70.6481
63850 70.6578
63860 70.6842
63870 70.71
63880 70.7176
63890 70.7362
63900 70.7868
63910 70.8425
63920 70.8578
63930 70.8685
63940 70.9076
63950 70.9557
63960 71.0032
63970 71.0436
63980 71.0562
63990 71.0757
64000 71.1178
64010 71.1373
64020 71.1323
64030 71.1551
64040 71.1953
64050 71.2148
64060 71.2059
64070 71.188
64080 71.161
64090 71.1389
64100 71.1301
64110 71.1183
64120 71.097
64130 71.0956
64140 71.1363
64150 71.1758
64160 71.2096
64170 71.2524
64180 71.2775
64190 71.275
64200 71.2802
64210 71.3046
64220 71.3263
64230 71.3503
64240 71.3954
64250 71.4365
64260 71.432
64270 71.405
64280 71.4112
64290 71.4395
64300 71.4439
64310 71.4038
64320 71.364
64330 71.3964
64340 71.4548
64350 71.4647
64360 71.4378
64370 71.41
64380 71.415
64390 71.4629
64400 71.4947
64410 71.5006
64420 71.5035
64430 71.5113
64440 71.521
64450 71.5449
64460 71.5686
64470 71.5533
64480 71.5211
64490 71.5369
64500 71.596
64510 71.6307
64520 71.6435
64530 71.697
64540 71.7351
64550 71.7746
64560 71.8356
64570 71.8862
64580 71.9066
64590 71.8685
64600 71.8288
64610 71.8254
64620 71.8117
64630 71.7845
64640 71.7953
64650 71.8293
64660 71.8395
64670 71.8448
64680 71.8788
64690 71.9205
64700 71.9466
64710 71.9595
64720 71.9846
64730 72.0011
64740 71.9932
64750 71.9844
64760 71.9951
64770 72.0158
64780 72.0286
64790 72.0494
64800 72.0842
64810 72.1065
64820 72.0978
64830 72.1093
64840 72.1389
64850 72.1528
64860 72.1522
64870 72.1404
64880 72.1355
64890 72.1347
64900 72.1434
64910 72.1632
64920 72.1929
64930 72.2222
64940 72.2179
64950 72.2166
64960 72.2255
64970 72.2487
64980 72.2802
64990 72.2753
65000 72.2525
65010 72.2884
65020 72.3544
65030 72.3789
65040 72.4053
65050 72.447
65060 72.4657
65070 72.4795
65080 72.5189
65090 72.5577
65100 72.58
65110 72.5895
65120 72.5988
65130 72.6022
65140 72.6055
65150 72.6075
65160 72.6093
65170 72.6233
65180 72.6417
65190 72.6309
65200 72.6058
65210 72.6229
65220 72.6657
65230 72.699
65240 72.7115
65250 72.6893
65260 72.6604
65270 72.6651
65280 72.6703
65290 72.6565
65300 72.667
65310 72.6781
65320 72.6836
65330 72.6971
65340 72.7228
65350 72.7576
65360 72.7596
65370 72.7241
65380 72.7109
65390 72.7278
65400 72.7373
65410 72.7391
65420 72.7287
65430 72.6964
65440 72.6707
65450 72.6839
65460 72.7004
65470 72.7054
65480 72.7112
65490 72.711
65500 72.6892
65510 72.6566
65520 72.6207
65530 72.6156
65540 72.6029
65550 72.5812
65560 72.5863
65570 72.6233
65580 72.6477
65590 72.6485
65600 72.6456
65610 72.6354
65620 72.6193
65630 72.5846
65640 72.5628
65650 72.5575
65660 72.5436
65670 72.5287
65680 72.5611
65690 72.6271
65700 72.6527
65710 72.635
65720 72.6266
65730 72.6412
65740 72.6404
65750 72.6315
65760 72.6229
65770 72.6009
65780 72.6045
65790 72.6514
65800 72.7105
65810 72.7314
65820 72.7045
65830 72.6735
65840 72.677
65850 72.7244
65860 72.7761
65870 72.812
65880 72.8464
65890 72.8636
65900 72.8759
65910 72.8951
65920 72.9245
65930 72.9253
65940 72.9192
65950 72.9188
65960 72.9413
65970 72.9691
65980 72.9675
65990 72.9438
66000 72.9339
66010 72.9348
66020 72.9487
66030 72.9575
66040 72.9375
66050 72.9294
66060 72.9445
66070 72.9511
66080 72.9334
66090 72.9411
66100 72.9763
66110 72.9985
66120 73.0039
66130 72.9996
66140 72.9895
66150 72.9891
66160 72.982
66170 72.963
66180 72.929
66190 72.9306
66200 72.9501
66210 72.9743
66220 73.0031
66230 73.0449
66240 73.0601
66250 73.049
66260 73.0179
66270 72.9957
66280 72.9955
66290 72.9925
66300 72.9542
66310 72.9339
66320 72.9316
66330 72.9213
66340 72.9055
66350 72.8914
66360 72.9026
66370 72.9132
66380 72.9178
66390 72.9157
66400 72.9195
66410 72.9506
66420 72.9807
66430 72.9815
66440 72.9755
66450 72.9682
66460 72.9897
66470 72.9951
66480 72.9978
66490 73.0126
66500 73.0204
66510 73.0275
66520 73.0495
66530 73.0483
66540 73.0403
66550 73.0508
66560 73.0569
66570 73.0519
66580 73.0692
66590 73.091
66600 73.101
66610 73.1193
66620 73.142
66630 73.1467
66640 73.1263
66650 73.1161
66660 73.1115
66670 73.0832
66680 73.0692
66690 73.0491
66700 73.0282
66710 73.0033
66720 72.9987
66730 73.0227
66740 73.0358
66750 73.0029
66760 72.958
66770 72.9685
66780 72.9996
66790 73.0108
66800 72.9992
66810 72.9868
66820 72.9929
66830 73.0039
66840 72.9917
66850 72.97
66860 72.9538
66870 72.9511
66880 72.9499
66890 72.9498
66900 72.9572
66910 72.9643
66920 72.9826
66930 73.0204
66940 73.0282
66950 73.0137
66960 73.0423
66970 73.0776
66980 73.0783
66990 73.0877
67000 73.1278
67010 73.1657
67020 73.1839
67030 73.1579
67040 73.109
67050 73.0952
67060 73.1102
67070 73.1196
67080 73.1303
67090 73.1344
67100 73.1336
67110 73.1466
67120 73.159
67130 73.1694
67140 73.2052
67150 73.234
67160 73.2478
67170 73.2839
67180 73.2972
67190 73.2757
67200 73.2773
67210 73.2939
67220 73.2848
67230 73.2683
67240 73.2413
67250 73.2339
67260 73.2716
67270 73.3072
67280 73.2967
67290 73.277
67300 73.298
67310 73.3244
67320 73.3273
67330 73.2932
67340 73.2596
67350 73.2725
67360 73.2874
67370 73.2735
67380 73.2575
67390 73.2657
67400 73.2847
67410 73.3007
67420 73.3052
67430 73.3048
67440 73.3056
67450 73.3235
67460 73.3327
67470 73.3365
67480 73.3382
67490 73.3234
67500 73.2806
67510 73.2713
67520 73.3103
67530 73.3589
67540 73.3958
67550 73.4297
67560 73.4587
67570 73.5159
67580 73.5885
67590 73.6266
67600 73.6236
67610 73.6567
67620 73.7059
67630 73.6923
67640 73.6554
67650 73.6899
67660 73.7491
67670 73.7515
67680 73.73
67690 73.7546
67700 73.7952
67710 73.8044
67720 73.7988
67730 73.7877
67740 73.7551
67750 73.7431
67760 73.7586
67770 73.7711
67780 73.7759
67790 73.7791
67800 73.7801
67810 73.7965
67820 73.8184
67830 73.8395
67840 73.8684
67850 73.8838
67860 73.8797
67870 73.9148
67880 73.9859
67890 74.0378
67900 74.0784
67910 74.1307
67920 74.1549
67930 74.1646
67940 74.1658
67950 74.1495
67960 74.1359
67970 74.1473
67980 74.1663
67990 74.1777
68000 74.2043
68010 74.2134
68020 74.1704
68030 74.1463
68040 74.1779
68050 74.2095
68060 74.2275
68070 74.2272
68080 74.2515
68090 74.2661
68100 74.2648
68110 74.2595
68120 74.2584
68130 74.2727
68140 74.3057
68150 74.3589
68160 74.4074
68170 74.4218
68180 74.4199
68190 74.4074
68200 74.3809
68210 74.3745
68220 74.3872
68230 74.3968
68240 74.3829
68250 74.3531
68260 74.3403
68270 74.3384
68280 74.3489
68290 74.3666
68300 74.3803
68310 74.4025
68320 74.4189
68330 74.4157
68340 74.4076
68350 74.421
68360 74.4362
68370 74.414
68380 74.3945
68390 74.419
68400 74.4329
68410 74.4433
68420 74.4963
68430 74.5208
68440 74.5102
68450 74.5335
68460 74.5679
68470 74.5688
68480 74.5711
68490 74.5845
68500 74.5852
68510 74.5906
68520 74.6234
68530 74.6434
68540 74.641
68550 74.6445
68560 74.6824
68570 74.7352
68580 74.7788
68590 74.8298
68600 74.8855
68610 74.8887
68620 74.8685
68630 74.8768
68640 74.8876
68650 74.8903
68660 74.8935
68670 74.9042
68680 74.8987
68690 74.8821
68700 74.8637
68710 74.8263
68720 74.7861
68730 74.7911
68740 74.8402
68750 74.8755
68760 74.8866
68770 74.8663
68780 74.8182
68790 74.7807
68800 74.802
68810 74.8536
68820 74.882
68830 74.8749
68840 74.8532
68850 74.822
68860 74.7958
68870 74.8087
68880 74.8563
68890 74.8894
68900 74.9027
68910 74.8794
68920 74.8473
68930 74.8575
68940 74.8813
68950 74.874
68960 74.8355
68970 74.8228
68980 74.8292
68990 74.8353
69000 74.828
69010 74.8228
69020 74.8433
69030 74.8539
69040 74.8603
69050 74.8897
69060 74.921
69070 74.9329
69080 74.9505
69090 74.9577
69100 74.9646
69110 75.0093
69120 75.066
69130 75.0727
69140 75.0372
69150 75.0462
69160 75.1137
69170 75.1406
69180 75.1257
69190 75.1148
69200 75.1383
69210 75.1982
69220 75.2503
69230 75.2787
69240 75.2779
69250 75.2795
69260 75.3332
69270 75.4046
69280 75.4267
69290 75.4233
69300 75.457
69310 75.5245
69320 75.6027
69330 75.6857
69340 75.7992
69350 75.8989
69360 75.9525
69370 75.973
69380 76.0086
69390 76.0548
69400 76.0989
69410 76.12
69420 76.1419
69430 76.1782
69440 76.2104
69450 76.2261
69460 76.2512
69470 76.3027
69480 76.3412
69490 76.3379
69500 76.356
69510 76.4079
69520 76.4135
69530 76.3828
69540 76.3896
69550 76.409
69560 76.3952
69570 76.3957
69580 76.4282
69590 76.4529
69600 76.4625
69610 76.4781
69620 76.4937
69630 76.4711
69640 76.4579
69650 76.4796
69660 76.5105
69670 76.5377
69680 76.5653
69690 76.5774
69700 76.6077
69710 76.6638
69720 76.7063
69730 76.7201
69740 76.7099
69750 76.7089
69760 76.7375
69770 76.7884
69780 76.817
69790 76.8046
69800 76.7905
69810 76.8039
69820 76.8212
69830 76.8461
69840 76.8565
69850 76.854
69860 76.855
69870 76.8507
69880 76.8711
69890 76.8797
69900 76.8544
69910 76.8411
69920 76.8619
69930 76.8906
69940 76.9211
69950 76.9817
69960 77.035
69970 77.0366
69980 77.0169
69990 77.0227
70000 77.0577
70010 77.0728
70020 77.0777
70030 77.0819
70040 77.0841
70050 77.0774
70060 77.0592
70070 77.0578
70080 77.0862
70090 77.108
70100 77.1087
70110 77.1386
70120 77.1804
70130 77.1939
70140 77.1835
70150 77.1804
70160 77.1848
70170 77.1937
70180 77.1833
70190 77.1395
70200 77.1149
70210 77.1342
70220 77.1283
70230 77.1119
70240 77.1502
70250 77.2019
70260 77.1817
70270 77.1551
70280 77.1798
70290 77.233
70300 77.2656
70310 77.2704
70320 77.2339
70330 77.1903
70340 77.1727
70350 77.1581
70360 77.1466
70370 77.1534
70380 77.1754
70390 77.1832
70400 77.1758
70410 77.2052
70420 77.2519
70430 77.2584
70440 77.2594
70450 77.2514
70460 77.2263
70470 77.1925
70480 77.1865
70490 77.2056
70500 77.2195
70510 77.227
70520 77.2664
70530 77.3151
70540 77.3465
70550 77.3897
70560 77.4485
70570 77.4891
70580 77.5224
70590 77.55
70600 77.56
70610 77.5845
70620 77.6186
70630 77.6357
70640 77.6374
70650 77.625
70660 77.623
70670 77.659
70680 77.7071
70690 77.7356
70700 77.7452
70710 77.7719
70720 77.8127
70730 77.8798
70740 77.9453
70750 77.9816
70760 78.0022
70770 78.0098
70780 78.0298
70790 78.0547
70800 78.0608
70810 78.0774
70820 78.1122
70830 78.1123
70840 78.075
70850 78.073
70860 78.0966
70870 78.1054
70880 78.1051
70890 78.0974
70900 78.0991
70910 78.102
70920 78.1148
70930 78.1277
70940 78.1027
70950 78.0669
70960 78.0666
70970 78.0993
70980 78.0985
70990 78.1042
71000 78.1436
71010 78.1563
71020 78.1132
71030 78.0848
71040 78.0869
71050 78.094
71060 78.0822
71070 78.0661
71080 78.0552
71090 78.0595
71100 78.0712
71110 78.082
71120 78.0712
71130 78.075
71140 78.1004
71150 78.1222
71160 78.1273
71170 78.108
71180 78.0591
71190 78.0251
71200 78.0403
71210 78.0533
71220 78.0285
71230 78.0105
71240 78.0187
71250 78.013
71260 77.9921
71270 78.003
71280 78.0093
71290 78.0295
71300 78.0953
71310 78.1525
71320 78.1781
71330 78.191
71340 78.2059
71350 78.2357
71360 78.244
71370 78.2355
71380 78.2489
71390 78.284
71400 78.3332
71410 78.3868
71420 78.4378
71430 78.4826
71440 78.5378
71450 78.5823
71460 78.584
71470 78.5858
71480 78.6398
71490 78.7072
71500 78.7114
71510 78.7044
71520 78.72
71530 78.7371
71540 78.7073
71550 78.6401
71560 78.5824
71570 78.5746
71580 78.6222
71590 78.6587
71600 78.661
71610 78.6543
71620 78.6483
71630 78.6384
71640 78.6515
71650 78.6826
71660 78.6906
71670 78.7238
71680 78.7756
71690 78.773
71700 78.7309
71710 78.7152
71720 78.7239
71730 78.7213
71740 78.7211
71750 78.736
71760 78.7475
71770 78.7521
71780 78.7743
71790 78.8032
71800 78.8161
71810 78.8437
71820 78.8828
71830 78.9059
71840 78.8905
71850 78.8934
71860 78.9083
71870 78.906
71880 78.9094
71890 78.9455
71900 78.9748
71910 78.981
71920 79.0032
71930 79.0066
71940 79.0145
71950 79.0546
71960 79.1036
71970 79.1368
71980 79.1831
71990 79.2365
72000 79.2693
72010 79.2736
72020 79.2503
72030 79.229
72040 79.2357
72050 79.2663
72060 79.2896
72070 79.3196
72080 79.3371
72090 79.3205
72100 79.3068
72110 79.3136
72120 79.3255
72130 79.3528
72140 79.401
72150 79.4311
72160 79.4429
72170 79.4671
72180 79.4927
72190 79.5165
72200 79.5507
72210 79.5888
72220 79.6055
72230 79.6224
72240 79.6658
72250 79.6996
72260 79.6994
72270 79.6828
72280 79.6847
72290 79.6905
72300 79.6838
72310 79.6798
72320 79.6769
72330 79.6781
72340 79.6838
72350 79.6925
72360 79.7028
72370 79.7207
72380 79.7456
72390 79.7602
72400 79.7464
72410 79.7518
72420 79.7924
72430 79.782
72440 79.7383
72450 79.732
72460 79.7549
72470 79.7591
72480 79.7398
72490 79.7463
72500 79.7762
72510 79.8144
72520 79.8285
72530 79.8271
72540 79.8378
72550 79.8511
72560 79.8501
72570 79.8528
72580 79.8628
72590 79.8464
72600 79.8402
72610 79.8574
72620 79.8752
72630 79.8744
72640 79.8564
72650 79.8157
72660 79.7985
72670 79.8177
72680 79.8444
72690 79.8457
72700 79.8367
72710 79.81
72720 79.782
72730 79.8097
72740 79.8557
72750 79.8431
72760 79.8172
72770 79.8223
72780 79.8627
72790 79.8773
72800 79.8653
72810 79.8269
72820 79.7878
72830 79.7745
72840 79.7954
72850 79.8507
72860 79.8717
72870 79.8698
72880 79.8881
72890 79.9175
72900 79.9266
72910 79.9201
72920 79.9325
72930 79.9641
72940 79.9832
72950 79.9948
72960 80.0354
72970 80.0859
72980 80.1293
72990 80.1468
73000 80.1636
73010 80.2062
73020 80.2513
73030 80.2599
73040 80.2278
73050 80.2015
73060 80.2032
73070 80.1963
73080 80.1552
73090 80.1338
73100 80.1407
73110 80.133
73120 80.1376
73130 80.1557
73140 80.1536
73150 80.1496
73160 80.1673
73170 80.192
73180 80.1851
73190 80.159
73200 80.1505
73210 80.1649
73220 80.1802
73230 80.1669
73240 80.1515
73250 80.1489
73260 80.1444
73270 80.1264
73280 80.1233
73290 80.1195
73300 80.0935
73310 80.0821
73320 80.1114
73330 80.1384
73340 80.161
73350 80.1781
73360 80.1643
73370 80.1488
73380 80.1477
73390 80.157
73400 80.2047
73410 80.2749
73420 80.3253
73430 80.3583
73440 80.4057
73450 80.4581
73460 80.4984
73470 80.5148
73480 80.5276
73490 80.5845
73500 80.6688
73510 80.7148
73520 80.7338
73530 80.7474
73540 80.7792
73550 80.7903
73560 80.7828
73570 80.7802
73580 80.7969
73590 80.829
73600 80.8429
73610 80.8642
73620 80.8894
73630 80.9146
73640 80.9533
73650 80.9694
73660 80.968
73670 80.9921
73680 81.0167
73690 80.9774
73700 80.9209
73710 80.9082
73720 80.9239
73730 80.9421
73740 80.9619
73750 80.9882
73760 81.0144
73770 81.0271
73780 81.0427
73790 81.0712
73800 81.0799
73810 81.072
73820 81.0847
73830 81.1258
73840 81.1565
73850 81.1606
73860 81.1706
73870 81.1761
73880 81.1724
73890 81.2046
73900 81.2625
73910 81.2914
73920 81.2909
73930 81.2879
73940 81.288
73950 81.3123
73960 81.3629
73970 81.415
73980 81.4163
73990 81.4164
74000 81.4303
74010 81.4442
74020 81.4893
74030 81.5497
74040 81.5803
74050 81.6065
74060 81.6287
74070 81.668
74080 81.6952
74090 81.6968
74100 81.7261
74110 81.7635
74120 81.7643
74130 81.7741
74140 81.8063
74150 81.8369
74160 81.8478
74170 81.8277
74180 81.8297
74190 81.8616
74200 81.8979
74210 81.935
74220 81.9668
74230 81.9994
74240 82.0312
74250 82.0667
74260 82.0939
74270 82.0882
74280 82.0365
74290 81.9869
74300 81.9815
74310 81.9697
74320 81.8935
74330 81.8139
74340 81.8035
74350 81.8642
74360 81.9136
74370 81.9032
74380 81.8947
74390 81.8867
74400 81.843
74410 81.803
74420 81.7672
74430 81.7158
74440 81.7016
74450 81.7272
74460 81.7077
74470 81.6618
74480 81.6764
74490 81.7456
74500 81.7927
74510 81.8213
74520 81.8556
74530 81.8634
74540 81.8518
74550 81.8697
74560 81.9113
74570 81.9425
74580 81.9493
74590 81.9551
74600 81.9493
74610 81.9243
74620 81.9187
74630 81.9471
74640 81.9813
74650 81.9788
74660 82.0011
74670 82.0541
74680 82.0968
74690 82.1645
74700 82.2384
74710 82.2874
74720 82.3136
74730 82.3456
74740 82.3623
74750 82.3272
74760 82.2804
74770 82.293
74780 82.3614
74790 82.4225
74800 82.4401
74810 82.4367
74820 82.4476
74830 82.4835
74840 82.5306
74850 82.5723
74860 82.6157
74870 82.6411
74880 82.6461
74890 82.6503
74900 82.6787
74910 82.7231
74920 82.7488
74930 82.7323
74940 82.7406
74950 82.7884
74960 82.8164
74970 82.8097
74980 82.8208
74990 82.8586
75000 82.8632
75010 82.8463
75020 82.8585
75030 82.8824
75040 82.899
75050 82.8775
75060 82.8474
75070 82.854
75080 82.8594
75090 82.8252
75100 82.7543
75110 82.7015
75120 82.6759
75130 82.6651
75140 82.6475
75150 82.6077
75160 82.5774
75170 82.58
75180 82.6111
75190 82.6341
75200 82.6652
75210 82.6773
75220 82.6741
75230 82.6601
75240 82.6334
75250 82.6163
75260 82.6258
75270 82.6556
75280 82.6683
75290 82.6419
75300 82.6318
75310 82.6367
75320 82.6401
75330 82.6577
75340 82.684
75350 82.708
75360 82.7355
75370 82.7659
75380 82.7957
75390 82.8563
75400 82.9239
75410 82.9328
75420 82.9146
75430 82.9375
75440 82.9792
75450 83.0139
75460 83.0033
75470 82.975
75480 82.9858
75490 83.0567
75500 83.0818
75510 83.0253
75520 82.9772
75530 82.9851
75540 82.9898
75550 82.9812
75560 82.987
75570 82.9988
75580 83.0003
75590 82.9724
75600 82.9304
75610 82.9243
75620 82.9408
75630 82.9479
75640 82.9268
75650 82.911
75660 82.9021
75670 82.8789
75680 82.8595
75690 82.8942
75700 82.9491
75710 82.9448
75720 82.9105
75730 82.9128
75740 82.9082
75750 82.8572
75760 82.8327
75770 82.8521
75780 82.8791
75790 82.8923
75800 82.9042
75810 82.9268
75820 82.9394
75830 82.9483
75840 82.9547
75850 82.9522
75860 82.9453
75870 82.9605
75880 83.0106
75890 83.0533
75900 83.0931
75910 83.133
75920 83.1644
75930 83.1492
75940 83.1163
75950 83.0916
75960 83.0856
75970 83.0734
75980 83.0419
75990 83.0306
76000 83.0528
76010 83.0716
76020 83.0638
76030 83.0702
76040 83.0838
76050 83.0545
76060 83.0123
76070 82.9951
76080 83.0223
76090 83.0574
76100 83.0811
76110 83.1147
76120 83.1519
76130 83.1743
76140 83.1719
76150 83.1556
76160 83.1408
76170 83.1353
76180 83.1171
76190 83.1285
76200 83.1678
76210 83.2035
76220 83.2266
76230 83.256
76240 83.2859
76250 83.3239
76260 83.3877
76270 83.4597
76280 83.4949
76290 83.5135
76300 83.5194
76310 83.5017
76320 83.4804
76330 83.4654
76340 83.4555
76350 83.4623
76360 83.4962
76370 83.5264
76380 83.5281
76390 83.5192
76400 83.5497
76410 83.5993
76420 83.6133
76430 83.6012
76440 83.6217
76450 83.6481
76460 83.6463
76470 83.6624
76480 83.6652
76490 83.6297
76500 83.6178
76510 83.6428
76520 83.6418
76530 83.6006
76540 83.5871
76550 83.5962
76560 83.6128
76570 83.64
76580 83.6486
76590 83.6257
76600 83.5765
76610 83.5511
76620 83.5584
76630 83.5635
76640 83.5641
76650 83.5623
76660 83.5644
76670 83.5584
76680 83.5578
76690 83.5515
76700 83.5598
76710 83.5919
76720 83.6306
76730 83.6692
76740 83.7081
76750 83.7254
76760 83.7284
76770 83.7316
76780 83.7598
76790 83.8022
76800 83.8596
76810 83.8973
76820 83.8908
76830 83.9172
76840 84.0126
76850 84.1025
76860 84.1525
76870 84.2087
76880 84.2753
76890 84.311
76900 84.308
76910 84.3029
76920 84.3029
76930 84.3086
76940 84.339
76950 84.3612
76960 84.3287
76970 84.3185
76980 84.3614
76990 84.3772
77000 84.3659
77010 84.3929
77020 84.4361
77030 84.4381
77040 84.4282
77050 84.4494
77060 84.4817
77070 84.4942
77080 84.507
77090 84.5023
77100 84.4834
77110 84.4751
77120 84.4918
77130 84.5125
77140 84.5174
77150 84.5197
77160 84.5635
77170 84.5992
77180 84.5952
77190 84.5809
77200 84.5766
77210 84.6192
77220 84.6718
77230 84.6576
77240 84.614
77250 84.5932
77260 84.61
77270 84.6306
77280 84.6233
77290 84.616
77300 84.6298
77310 84.6693
77320 84.6977
77330 84.7104
77340 84.7286
77350 84.7575
77360 84.7891
77370 84.8093
77380 84.8544
77390 84.9289
77400 84.9972
77410 85.0117
77420 84.9986
77430 84.9849
77440 84.9587
77450 84.9561
77460 84.9673
77470 84.934
77480 84.8883
77490 84.8892
77500 84.9155
77510 84.9368
77520 84.9701
77530 84.9892
77540 84.9716
77550 84.9523
77560 84.9785
77570 85.0058
77580 85.0004
77590 85.0035
77600 85.0247
77610 85.0505
77620 85.1053
77630 85.1504
77640 85.1525
77650 85.1397
77660 85.1413
77670 85.151
77680 85.1569
77690 85.1521
77700 85.1384
77710 85.1361
77720 85.1554
77730 85.1518
77740 85.1221
77750 85.121
77760 85.1507
77770 85.1556
77780 85.1438
77790 85.1431
77800 85.1443
77810 85.1489
77820 85.1477
77830 85.1545
77840 85.1518
77850 85.1409
77860 85.1467
77870 85.1696
77880 85.1881
77890 85.2121
77900 85.2318
77910 85.2503
77920 85.2741
77930 85.3229
77940 85.3698
77950 85.3817
77960 85.3765
77970 85.402
77980 85.4408
77990 85.4602
78000 85.4921
78010 85.5096
78020 85.4784
78030 85.4262
78040 85.398
78050 85.4239
78060 85.447
78070 85.4366
78080 85.4115
78090 85.3922
78100 85.3999
78110 85.419
78120 85.4056
78130 85.3686
78140 85.3482
78150 85.3643
78160 85.3774
78170 85.3543
78180 85.3084
78190 85.2964
78200 85.3112
78210 85.2943
78220 85.2421
78230 85.2412
78240 85.2783
78250 85.2769
78260 85.2595
78270 85.2594
78280 85.2807
78290 85.3009
78300 85.3094
78310 85.2974
78320 85.2747
78330 85.2876
78340 85.3082
78350 85.3137
78360 85.3251
78370 85.3401
78380 85.3566
78390 85.3888
78400 85.4412
78410 85.5091
78420 85.5533
78430 85.562
78440 85.5729
78450 85.5686
78460 85.5645
78470 85.5732
78480 85.5554
78490 85.5285
78500 85.5353
78510 85.5316
78520 85.5133
78530 85.5254
78540 85.5124
78550 85.4718
78560 85.4608
78570 85.4623
78580 85.4541
78590 85.4389
78600 85.4516
78610 85.4807
78620 85.5034
78630 85.5023
78640 85.484
78650 85.4668
78660 85.467
78670 85.5016
78680 85.5498
78690 85.5681
78700 85.5627
78710 85.5624
78720 85.5986
78730 85.616
78740 85.5858
78750 85.56
78760 85.5533
78770 85.5504
78780 85.5491
78790 85.5399
78800 85.539
78810 85.5567
78820 85.5704
78830 85.6029
78840 85.6343
78850 85.6562
78860 85.6806
78870 85.7211
78880 85.7751
78890 85.8301
78900 85.8729
78910 85.9126
78920 85.9598
78930 85.9873
78940 85.9866
78950 85.989
78960 85.9769
78970 85.962
78980 85.936
78990 85.9001
79000 85.8741
79010 85.8909
79020 85.9211
79030 85.9038
79040 85.8536
79050 85.8132
79060 85.772
79070 85.7535
79080 85.7579
79090 85.7804
79100 85.8036
79110 85.815
79120 85.8241
79130 85.8554
79140 85.9324
79150 85.9879
79160 86.0139
79170 86.0513
79180 86.1116
79190 86.145
79200 86.1501
79210 86.1501
79220 86.165
79230 86.1799
79240 86.1802
79250 86.1726
79260 86.1603
79270 86.1691
79280 86.1998
79290 86.211
79300 86.2058
79310 86.2466
79320 86.3007
79330 86.3303
79340 86.3591
79350 86.3935
79360 86.4038
79370 86.4149
79380 86.4246
79390 86.4064
79400 86.3835
79410 86.4034
79420 86.4644
79430 86.5117
79440 86.4964
79450 86.4902
79460 86.5427
79470 86.6022
79480 86.6214
79490 86.6208
79500 86.6337
79510 86.6429
79520 86.6432
79530 86.6367
79540 86.612
79550 86.5873
79560 86.5937
79570 86.6156
79580 86.5997
79590 86.6054
79600 86.6887
79610 86.7685
79620 86.7962
79630 86.8022
79640 86.8311
79650 86.8788
79660 86.9195
79670 86.9434
79680 86.9244
79690 86.9258
79700 86.9739
79710 86.9934
79720 86.9714
79730 86.9828
79740 87.0362
79750 87.0649
79760 87.0729
79770 87.1114
79780 87.1453
79790 87.1467
79800 87.1432
79810 87.141
79820 87.1511
79830 87.1942
79840 87.2409
79850 87.2422
79860 87.2027
79870 87.1537
79880 87.1046
79890 87.1239
79900 87.2041
79910 87.2335
79920 87.1744
79930 87.1255
79940 87.1094
79950 87.0901
79960 87.0945
79970 87.1374
79980 87.1912
79990 87.2143
80000 87.186
80010 87.178
80020 87.2113
80030 87.2398
80040 87.2534
80050 87.2771
80060 87.275
80070 87.2559
80080 87.3003
80090 87.3948
80100 87.4623
80110 87.4597
80120 87.4222
80130 87.4342
80140 87.4604
80150 87.4558
80160 87.4567
80170 87.5094
80180 87.5432
80190 87.5009
80200 87.4329
80210 87.4254
80220 87.4505
80230 87.4495
80240 87.4232
80250 87.4037
80260 87.4493
80270 87.4855
80280 87.4583
80290 87.4219
80300 87.4027
80310 87.4006
80320 87.4224
80330 87.4498
80340 87.4784
80350 87.5073
80360 87.5348
80370 87.5571
80380 87.5555
80390 87.5544
80400 87.584
80410 87.6303
80420 87.6519
80430 87.6373
80440 87.6324
80450 87.6505
80460 87.6675
80470 87.6778
80480 87.6945
80490 87.7002
80500 87.7038
80510 87.6842
80520 87.672
80530 87.6973
80540 87.727
80550 87.7287
80560 87.7581
80570 87.8075
80580 87.8172
80590 87.7906
80600 87.8084
80610 87.8587
80620 87.8603
80630 87.8466
80640 87.8619
80650 87.8846
80660 87.8801
80670 87.8565
80680 87.8523
80690 87.8673
80700 87.8582
80710 87.7995
80720 87.791
80730 87.8224
80740 87.8349
80750 87.8585
80760 87.9264
80770 87.9709
80780 87.9585
80790 87.9322
80800 87.9291
80810 87.9214
80820 87.9223
80830 87.9517
80840 87.9689
80850 87.9761
80860 87.9654
80870 87.9611
80880 87.9889
80890 88.0356
80900 88.0906
80910 88.1297
80920 88.1366
80930 88.1309
80940 88.1313
80950 88.1317
80960 88.1313
80970 88.135
80980 88.155
80990 88.16
81000 88.1651
81010 88.1971
81020 88.2325
81030 88.2401
81040 88.2269
81050 88.2098
81060 88.2024
81070 88.2139
81080 88.2284
81090 88.2373
81100 88.2241
81110 88.2135
81120 88.2232
81130 88.234
81140 88.2379
81150 88.2567
81160 88.2663
81170 88.2352
81180 88.2422
81190 88.3029
81200 88.3294
81210 88.3056
81220 88.297
81230 88.3096
81240 88.3402
81250 88.3686
81260 88.3554
81270 88.342
81280 88.3652
81290 88.3824
81300 88.381
81310 88.3842
81320 88.4001
81330 88.4217
81340 88.4673
81350 88.5175
81360 88.5958
81370 88.6825
81380 88.7208
81390 88.7419
81400 88.7927
81410 88.8462
81420 88.8691
81430 88.865
81440 88.8671
81450 88.8525
81460 88.8441
81470 88.8978
81480 88.9555
81490 88.9708
81500 88.9938
81510 89.0322
81520 89.0768
81530 89.0967
81540 89.081
81550 89.0583
81560 89.061
81570 89.0952
81580 89.0861
81590 89.0466
81600 89.0211
81610 89.0365
81620 89.084
81630 89.126
81640 89.1802
81650 89.2427
81660 89.3085
81670 89.3738
81680 89.4061
81690 89.4095
81700 89.4066
81710 89.4312
81720 89.4828
81730 89.5219
81740 89.5389
81750 89.5238
81760 89.5167
81770 89.5355
81780 89.5505
81790 89.5652
81800 89.5831
81810 89.5988
81820 89.588
81830 89.5532
81840 89.5252
81850 89.5076
81860 89.501
81870 89.4897
81880 89.4793
81890 89.4871
81900 89.5185
81910 89.5608
81920 89.5849
81930 89.6047
81940 89.6381
81950 89.6633
81960 89.6513
81970 89.6175
81980 89.5775
81990 89.5593
82000 89.5601
82010 89.5648
82020 89.555
82030 89.5313
82040 89.5413
82050 89.5588
82060 89.5379
82070 89.5127
82080 89.5362
82090 89.5906
82100 89.5962
82110 89.5831
82120 89.6081
82130 89.6422
82140 89.6496
82150 89.6702
82160 89.7116
82170 89.7555
82180 89.7759
82190 89.801
82200 89.8475
82210 89.8903
82220 89.8989
82230 89.9142
82240 89.945
82250 89.9657
82260 89.9874
82270 90.0396
82280 90.105
82290 90.1138
82300 90.0927
82310 90.0792
82320 90.0716
82330 90.0411
82340 89.9966
82350 89.9657
82360 89.9398
82370 89.9173
82380 89.8915
82390 89.876
82400 89.8692
82410 89.8451
82420 89.8273
82430 89.8342
82440 89.8493
82450 89.8509
82460 89.8652
82470 89.8954
82480 89.9134
82490 89.9442
82500 89.9791
82510 89.9994
82520 89.9922
82530 89.9828
82540 89.9954
82550 90.0012
82560 89.9815
82570 89.9821
82580 90.0171
82590 90.0214
82600 90.0057
82610 90.0286
82620 90.0595
82630 90.0655
82640 90.0866
82650 90.1416
82660 90.1528
82670 90.1229
82680 90.1334
82690 90.153
82700 90.1703
82710 90.1926
82720 90.2054
82730 90.1914
82740 90.1962
82750 90.1853
82760 90.1568
82770 90.1294
82780 90.1585
82790 90.1769
82800 90.1742
82810 90.1935
82820 90.2369
82830 90.2582
82840 90.2482
82850 90.2653
82860 90.2812
82870 90.2603
82880 90.2267
82890 90.1956
82900 90.1811
82910 90.1692
82920 90.1478
82930 90.1395
82940 90.1498
82950 90.1736
82960 90.1865
82970 90.2147
82980 90.279
82990 90.336
83000 90.3648
83010 90.3686
83020 90.339
83030 90.3115
83040 90.3186
83050 90.3305
83060 90.3435
83070 90.3835
83080 90.4199
83090 90.4393
83100 90.4642
83110 90.4895
83120 90.4852
83130 90.4635
83140 90.4407
83150 90.3933
83160 90.3442
83170 90.349
83180 90.383
83190 90.403
83200 90.4316
83210 90.4549
83220 90.445
83230 90.4301
83240 90.4309
83250 90.4432
83260 90.4648
83270 90.4613
83280 90.4271
83290 90.4107
83300 90.4382
83310 90.4498
83320 90.4292
83330 90.407
83340 90.3952
83350 90.4024
83360 90.4149
83370 90.4234
83380 90.433
83390 90.4593
83400 90.4768
83410 90.4897
83420 90.5415
83430 90.5954
83440 90.5945
83450 90.5611
83460 90.5248
83470 90.5111
83480 90.5309
83490 90.5647
83500 90.5556
83510 90.5296
83520 90.5478
83530 90.6021
83540 90.6453
83550 90.6577
83560 90.6603
83570 90.6981
83580 90.7356
83590 90.7386
83600 90.7367
83610 90.7487
83620 90.7667
83630 90.7819
83640 90.8023
83650 90.8119
83660 90.8151
83670 90.8163
83680 90.8416
83690 90.8637
83700 90.863
83710 90.8846
83720 90.9215
83730 90.9323
83740 90.9014
83750 90.8664
83760 90.8523
83770 90.8739
83780 90.8931
83790 90.8762
83800 90.8271
83810 90.7757
83820 90.7437
83830 90.7415
83840 90.7462
83850 90.7345
83860 90.6901
83870 90.6491
83880 90.6253
83890 90.6142
83900 90.6225
83910 90.6119
83920 90.5712
83930 90.5154
83940 90.4894
83950 90.5075
83960 90.5492
83970 90.5562
83980 90.5466
83990 90.5518
84000 90.5603
84010 90.5796
84020 90.5999
84030 90.6158
84040 90.6511
84050 90.6658
84060 90.6619
84070 90.6679
84080 90.7022
84090 90.7348
84100 90.7546
84110 90.7661
84120 90.7881
84130 90.7908
84140 90.7855
84150 90.8038
84160 90.8442
84170 90.8865
84180 90.8927
84190 90.8873
84200 90.922
84210 90.9444
84220 90.9269
84230 90.9142
84240 90.9282
84250 90.9485
84260 90.9546
84270 90.9309
84280 90.894
84290 90.9053
84300 90.9441
84310 90.9412
84320 90.8906
84330 90.8648
84340 90.8691
84350 90.8717
84360 90.8878
84370 90.9135
84380 90.8947
84390 90.8505
84400 90.8371
84410 90.8557
84420 90.8703
84430 90.8761
84440 90.8735
84450 90.8505
84460 90.8366
84470 90.8414
84480 90.8529
84490 90.8254
84500 90.78
84510 90.7725
84520 90.8051
84530 90.7997
84540 90.7935
84550 90.7897
84560 90.7845
84570 90.7893
84580 90.7951
84590 90.7913
84600 90.7776
84610 90.7446
84620 90.6939
84630 90.6661
84640 90.6434
84650 90.616
84660 90.5886
84670 90.537
84680 90.4916
84690 90.5051
84700 90.53
84710 90.4987
84720 90.4618
84730 90.4577
84740 90.4734
84750 90.4691
84760 90.4868
84770 90.5499
84780 90.5947
84790 90.6049
84800 90.6102
84810 90.6182
84820 90.6221
84830 90.652
84840 90.7061
84850 90.7676
84860 90.8152
84870 90.8271
84880 90.8091
84890 90.7745
84900 90.7636
84910 90.8043
84920 90.8637
84930 90.902
84940 90.9134
84950 90.9212
84960 90.9659
84970 90.9969
84980 90.9938
84990 91.0045
85000 91.0047
85010 90.982
85020 90.9646
85030 90.9611
85040 90.9579
85050 90.9459
85060 90.9404
85070 90.9338
85080 90.892
85090 90.8467
85100 90.8367
85110 90.8342
85120 90.7914
85130 90.7745
85140 90.8119
85150 90.8369
85160 90.8306
85170 90.8217
85180 90.8331
85190 90.8493
85200 90.835
85210 90.8125
85220 90.8091
85230 90.8189
85240 90.8357
85250 90.8641
85260 90.8821
85270 90.8825
85280 90.8745
85290 90.878
85300 90.8969
85310 90.9305
85320 90.9426
85330 90.941
85340 90.9354
85350 90.9201
85360 90.8792
85370 90.8361
85380 90.8107
85390 90.7919
85400 90.7729
85410 90.8056
85420 90.8677
85430 90.8689
85440 90.8483
85450 90.8331
85460 90.8382
85470 90.8625
85480 90.866
85490 90.8554
85500 90.8845
85510 90.9311
85520 90.9162
85530 90.8774
85540 90.8827
85550 90.9131
85560 90.9394
85570 90.975
85580 91.0198
85590 91.0599
85600 91.0728
85610 91.0766
85620 91.1012
85630 91.127
85640 91.1157
85650 91.1039
85660 91.1245
85670 91.1444
85680 91.1801
85690 91.225
85700 91.2567
85710 91.2951
85720 91.3378
85730 91.3739
85740 91.4113
85750 91.4597
85760 91.4788
85770 91.4898
85780 91.5183
85790 91.544
85800 91.5698
85810 91.6029
85820 91.6614
85830 91.7225
85840 91.7452
85850 91.7326
85860 91.7431
85870 91.7776
85880 91.8008
85890 91.8028
85900 91.8305
85910 91.8955
85920 91.9474
85930 91.9643
85940 91.9544
85950 91.9194
85960 91.8716
85970 91.8652
85980 91.8931
85990 91.9091
86000 91.9158
86010 91.8914
86020 91.841
86030 91.8178
86040 91.8438
86050 91.8779
86060 91.8991
86070 91.9003
86080 91.8654
86090 91.8286
86100 91.8206
86110 91.803
86120 91.7913
86130 91.8081
86140 91.8288
86150 91.824
86160 91.7945
86170 91.7869
86180 91.7982
86190 91.7751
86200 91.7656
86210 91.8194
86220 91.9061
86230 91.9479
86240 91.9593
86250 91.9635
86260 91.9704
86270 91.9985
86280 92.0439
86290 92.0792
86300 92.1057
86310 92.1195
86320 92.1327
86330 92.133
86340 92.1345
86350 92.1649
86360 92.194
86370 92.1837
86380 92.1784
86390 92.2432
86400 92.3472
86410 92.4075
86420 92.4526
86430 92.5065
86440 92.5391
86450 92.5546
86460 92.5896
86470 92.639
86480 92.6809
86490 92.7151
86500 92.7321
86510 92.7541
86520 92.778
86530 92.812
86540 92.8564
86550 92.8578
86560 92.8465
86570 92.8941
86580 92.9491
86590 92.928
86600 92.8973
86610 92.9188
86620 92.9674
86630 92.9723
86640 92.9467
86650 92.9324
86660 92.9523
86670 92.9694
86680 92.9706
86690 92.9748
86700 92.981
86710 92.9731
86720 92.963
86730 92.9648
86740 92.9597
86750 92.9476
86760 92.951
86770 92.9684
86780 92.9774
86790 92.9852
86800 92.9859
86810 92.9813
86820 92.9964
86830 93.0495
86840 93.0933
86850 93.1014
86860 93.1076
86870 93.0901
86880 93.0416
86890 93.0313
86900 93.0432
86910 93.0524
86920 93.0693
86930 93.0979
86940 93.1097
86950 93.0824
86960 93.0696
86970 93.0864
86980 93.0819
86990 93.0546
87000 93.0543
87010 93.0839
87020 93.1015
87030 93.0942
87040 93.067
87050 93.022
87060 92.9989
87070 93.0198
87080 93.0702
87090 93.0992
87100 93.074
87110 93.0292
87120 93.0074
87130 93.0076
87140 92.9886
87150 92.9794
87160 93.0101
87170 93.0486
87180 93.0551
87190 93.0787
87200 93.1518
87210 93.2064
87220 93.1939
87230 93.19
87240 93.2202
87250 93.2377
87260 93.2255
87270 93.2456
87280 93.3029
87290 93.3514
87300 93.3806
87310 93.3822
87320 93.3755
87330 93.3645
87340 93.3497
87350 93.3569
87360 93.3824
87370 93.3729
87380 93.3353
87390 93.319
87400 93.3265
87410 93.3379
87420 93.3382
87430 93.3537
87440 93.3767
87450 93.3606
87460 93.3394
87470 93.3464
87480 93.356
87490 93.3601
87500 93.36
87510 93.3578
87520 93.3495
87530 93.3381
87540 93.3198
87550 93.2946
87560 93.3014
87570 93.3376
87580 93.3695
87590 93.3954
87600 93.4237
87610 93.4612
87620 93.4888
87630 93.4839
87640 93.4584
87650 93.4308
87660 93.4152
87670 93.3946
87680 93.3941
87690 93.4339
87700 93.481
87710 93.5242
87720 93.5619
87730 93.5748
87740 93.5544
87750 93.5392
87760 93.5299
87770 93.5289
87780 93.5386
87790 93.5498
87800 93.573
87810 93.6226
87820 93.6656
87830 93.677
87840 93.6871
87850 93.715
87860 93.7079
87870 93.6702
87880 93.6454
87890 93.6456
87900 93.6333
87910 93.6162
87920 93.642
87930 93.6858
87940 93.7035
87950 93.7034
87960 93.7334
87970 93.7876
87980 93.821
87990 93.8499
88000 93.8502
88010 93.8498
88020 93.8628
88030 93.9023
88040 93.9404
88050 93.9556
88060 93.9689
88070 93.9836
88080 93.9848
88090 94.0005
88100 94.0399
88110 94.053
88120 94.0651
88130 94.0962
88140 94.1313
88150 94.1651
88160 94.1474
88170 94.1084
88180 94.1158
88190 94.1555
88200 94.1774
88210 94.1972
88220 94.2081
88230 94.2528
88240 94.2961
88250 94.3053
88260 94.3022
88270 94.3238
88280 94.3245
88290 94.3073
88300 94.313
88310 94.334
88320 94.3254
88330 94.2967
88340 94.2938
88350 94.3162
88360 94.3225
88370 94.3074
88380 94.3318
88390 94.3749
88400 94.4038
88410 94.4156
88420 94.4073
88430 94.3953
88440 94.3907
88450 94.3825
88460 94.3788
88470 94.394
88480 94.395
88490 94.3745
88500 94.3491
88510 94.3357
88520 94.3513
88530 94.3747
88540 94.3777
88550 94.3653
88560 94.3734
88570 94.4085
88580 94.452
88590 94.4975
88600 94.5522
88610 94.6166
88620 94.6673
88630 94.7135
88640 94.7431
88650 94.7474
88660 94.7579
88670 94.7599
88680 94.7558
88690 94.769
88700 94.7945
88710 94.794
88720 94.7849
88730 94.7979
88740 94.8119
88750 94.8026
88760 94.7904
88770 94.8046
88780 94.8378
88790 94.8762
88800 94.882
88810 94.8765
88820 94.8838
88830 94.8752
88840 94.8529
88850 94.8149
88860 94.8001
88870 94.8459
88880 94.9082
88890 94.9215
88900 94.9061
88910 94.9014
88920 94.8953
88930 94.887
88940 94.8974
88950 94.9329
88960 94.9294
88970 94.8794
88980 94.8299
88990 94.7915
89000 94.79
89010 94.7773
89020 94.7425
89030 94.7489
89040 94.808
89050 94.8432
89060 94.827
89070 94.8157
89080 94.8466
89090 94.8775
89100 94.8861
89110 94.898
89120 94.9224
89130 94.9598
89140 94.9805
89150 94.982
89160 94.9806
89170 94.996
89180 95.0033
89190 95.0067
89200 95.0129
89210 95.0224
89220 95.0198
89230 95.0234
89240 95.0469
89250 95.0736
89260 95.0714
89270 95.0783
89280 95.1021
89290 95.118
89300 95.1226
89310 95.1405
89320 95.1488
89330 95.1732
89340 95.2431
89350 95.3155
89360 95.3456
89370 95.3582
89380 95.3988
89390 95.4649
89400 95.5126
89410 95.5481
89420 95.6432
89430 95.7223
89440 95.7297
89450 95.7176
89460 95.7387
89470 95.7755
89480 95.8217
89490 95.8592
89500 95.8668
89510 95.8969
89520 95.9636
89530 96.0036
89540 96.0514
89550 96.1176
89560 96.1656
89570 96.2152
89580 96.2703
89590 96.2944
89600 96.2568
89610 96.2431
89620 96.2931
89630 96.3223
89640 96.3334
89650 96.3668
89660 96.3966
89670 96.4051
89680 96.4145
89690 96.4487
89700 96.4672
89710 96.4865
89720 96.4969
89730 96.4915
89740 96.4832
89750 96.4726
89760 96.4779
89770 96.5062
89780 96.5124
89790 96.5246
89800 96.5459
89810 96.5538
89820 96.5498
89830 96.5435
89840 96.5324
89850 96.5386
89860 96.5657
89870 96.6014
89880 96.6339
89890 96.639
89900 96.6373
89910 96.6435
89920 96.6774
89930 96.7243
89940 96.7513
89950 96.7647
89960 96.7888
89970 96.8315
89980 96.8613
89990 96.8782
90000 96.9026
90010 96.951
90020 96.9959
90030 97.0051
90040 96.9866
90050 96.9658
90060 96.9695
90070 96.9956
90080 97.0038
90090 96.9785
90100 96.9762
90110 97.0092
90120 97.0493
90130 97.0955
90140 97.1791
90150 97.2442
90160 97.2421
90170 97.2633
90180 97.3054
90190 97.2914
90200 97.2353
90210 97.2254
90220 97.282
90230 97.3446
90240 97.3926
90250 97.4111
90260 97.3899
90270 97.3734
90280 97.3883
90290 97.4026
90300 97.4052
90310 97.4275
90320 97.4414
90330 97.4078
90340 97.3826
90350 97.3643
90360 97.3539
90370 97.3899
90380 97.4467
90390 97.442
90400 97.3984
90410 97.4247
90420 97.5026
90430 97.5402
90440 97.5165
90450 97.4978
90460 97.5012
90470 97.4763
90480 97.4557
90490 97.439
90500 97.47
90510 97.5239
90520 97.551
90530 97.5653
90540 97.5589
90550 97.5276
90560 97.5259
90570 97.5696
90580 97.5912
90590 97.5876
90600 97.5834
90610 97.5777
90620 97.5507
90630 97.5437
90640 97.5773
90650 97.6242
90660 97.6473
90670 97.6701
90680 97.6822
90690 97.6738
90700 97.6842
90710 97.7354
90720 97.8009
90730 97.8065
90740 97.78
90750 97.7501
90760 97.7239
90770 97.7015
90780 97.6656
90790 97.6251
90800 97.6211
90810 97.634
90820 97.6362
90830 97.6458
90840 97.6586
90850 97.673
90860 97.6681
90870 97.6825
90880 97.7177
90890 97.7431
90900 97.7627
90910 97.7841
90920 97.8132
90930 97.8291
90940 97.8247
90950 97.8228
90960 97.8337
90970 97.821
90980 97.7857
90990 97.752
91000 97.7345
91010 97.7367
91020 97.7772
91030 97.8051
91040 97.7945
91050 97.7904
91060 97.8317
91070 97.8764
91080 97.9252
91090 97.9477
91100 97.955
91110 97.9775
91120 98.0013
91130 98.0008
91140 97.9831
91150 97.9712
91160 97.9957
91170 98.0245
91180 98.056
91190 98.0804
91200 98.0799
91210 98.0801
91220 98.0882
91230 98.1108
91240 98.1638
91250 98.2158
91260 98.2336
91270 98.1858
91280 98.1341
91290 98.1514
91300 98.2112
91310 98.2479
91320 98.2749
91330 98.3218
91340 98.406
91350 98.4936
91360 98.5438
91370 98.5638
91380 98.5832
91390 98.5894
91400 98.5873
91410 98.6054
91420 98.6247
91430 98.6205
91440 98.6201
91450 98.628
91460 98.6316
91470 98.6612
91480 98.6996
91490 98.6985
91500 98.6917
91510 98.7186
91520 98.7338
91530 98.7334
91540 98.7555
91550 98.795
91560 98.8198
91570 98.8404
91580 98.9023
91590 98.962
91600 98.9573
91610 98.9512
91620 99.0005
91630 99.0331
91640 99.0245
91650 99.0294
91660 99.0419
91670 99.0238
91680 98.9567
91690 98.9365
91700 98.9662
91710 98.9891
91720 98.987
91730 98.9887
91740 99.0237
91750 99.0648
91760 99.1026
91770 99.1304
91780 99.1749
91790 99.2301
91800 99.2443
91810 99.2341
91820 99.2635
91830 99.3008
91840 99.3326
91850 99.3423
91860 99.3327
91870 99.3115
91880 99.3099
91890 99.3535
91900 99.3707
91910 99.3328
91920 99.3211
91930 99.3427
91940 99.3538
91950 99.3631
91960 99.3696
91970 99.3504
91980 99.3318
91990 99.3369
92000 99.369
92010 99.3611
92020 99.3072
92030 99.3067
92040 99.3436
92050 99.349
92060 99.3651
92070 99.406
92080 99.4504
92090 99.4734
92100 99.4622
92110 99.451
92120 99.4523
92130 99.4725
92140 99.5215
92150 99.5475
92160 99.5802
92170 99.6391
92180 99.7015
92190 99.7313
92200 99.7502
92210 99.7709
92220 99.8057
92230 99.8255
92240 99.8088
92250 99.7935
92260 99.8013
92270 99.8292
92280 99.8772
92290 99.9398
92300 99.9659
92310 99.9692
92320 99.9794
92330 99.9884
92340 100.002
92350 99.9784
92360 99.9534
92370 99.9881
92380 100.018
92390 100.024
92400 100.064
92410 100.114
92420 100.127
92430 100.1
92440 100.07
92450 100.085
92460 100.102
92470 100.092
92480 100.049
92490 100.017
92500 100.005
92510 100.041
92520 100.069
92530 100.069
92540 100.072
92550 100.094
92560 100.132
92570 100.127
92580 100.094
92590 100.06
92600 100.055
92610 100.097
92620 100.155
92630 100.179
92640 100.156
92650 100.17
92660 100.22
92670 100.251
92680 100.265
92690 100.283
92700 100.291
92710 100.318
92720 100.362
92730 100.365
92740 100.311
92750 100.288
92760 100.329
92770 100.376
92780 100.36
92790 100.355
92800 100.396
92810 100.431
92820 100.438
92830 100.445
92840 100.449
92850 100.437
92860 100.432
92870 100.465
92880 100.484
92890 100.47
92900 100.459
92910 100.455
92920 100.473
92930 100.493
92940 100.512
92950 100.529
92960 100.533
92970 100.535
92980 100.539
92990 100.555
93000 100.579
93010 100.575
93020 100.569
93030 100.589
93040 100.626
93050 100.638
93060 100.619
93070 100.614
93080 100.619
93090 100.589
93100 100.561
93110 100.552
93120 100.558
93130 100.584
93140 100.607
93150 100.609
93160 100.623
93170 100.65
93180 100.694
93190 100.733
93200 100.749
93210 100.752
93220 100.755
93230 100.785
93240 100.863
93250 100.933
93260 100.96
93270 100.948
93280 100.939
93290 100.971
93300 101.002
93310 100.995
93320 100.987
93330 100.999
93340 101.017
93350 101.037
93360 101.065
93370 101.063
93380 101.034
93390 101.052
93400 101.099
93410 101.125
93420 101.157
93430 101.194
93440 101.191
93450 101.144
93460 101.107
93470 101.094
93480 101.079
93490 101.065
93500 101.095
93510 101.14
93520 101.142
93530 101.173
93540 101.257
93550 101.338
93560 101.392
93570 101.418
93580 101.43
93590 101.457
93600 101.48
93610 101.474
93620 101.461
93630 101.448
93640 101.446
93650 101.451
93660 101.488
93670 101.53
93680 101.557
93690 101.6
93700 101.646
93710 101.673
93720 101.722
93730 101.789
93740 101.849
93750 101.884
93760 101.932
93770 101.971
93780 101.98
93790 101.982
93800 101.985
93810 101.987
93820 101.98
93830 101.984
93840 102.009
93850 102.028
93860 102.037
93870 102.089
93880 102.186
93890 102.255
93900 102.268
93910 102.274
93920 102.297
93930 102.306
93940 102.294
93950 102.311
93960 102.35
93970 102.337
93980 102.32
93990 102.342
94000 102.362
94010 102.347
94020 102.354
94030 102.39
94040 102.418
94050 102.469
94060 102.559
94070 102.635
94080 102.673
94090 102.712
94100 102.762
94110 102.797
94120 102.811
94130 102.823
94140 102.815
94150 102.837
94160 102.871
94170 102.907
94180 102.913
94190 102.905
94200 102.935
94210 102.965
94220 102.958
94230 102.916
94240 102.902
94250 102.938
94260 102.947
94270 102.914
94280 102.884
94290 102.905
94300 102.949
94310 102.955
94320 102.918
94330 102.929
94340 102.954
94350 102.956
94360 102.972
94370 103.025
94380 103.07
94390 103.08
94400 103.097
94410 103.11
94420 103.103
94430 103.116
94440 103.155
94450 103.181
94460 103.206
94470 103.228
94480 103.23
94490 103.204
94500 103.176
94510 103.185
94520 103.213
94530 103.245
94540 103.251
94550 103.258
94560 103.28
94570 103.306
94580 103.333
94590 103.358
94600 103.355
94610 103.363
94620 103.39
94630 103.39
94640 103.341
94650 103.286
94660 103.273
94670 103.283
94680 103.289
94690 103.318
94700 103.402
94710 103.493
94720 103.514
94730 103.498
94740 103.512
94750 103.529
94760 103.505
94770 103.487
94780 103.464
94790 103.435
94800 103.422
94810 103.458
94820 103.483
94830 103.443
94840 103.424
94850 103.48
94860 103.529
94870 103.548
94880 103.548
94890 103.537
94900 103.556
94910 103.599
94920 103.637
94930 103.656
94940 103.647
94950 103.61
94960 103.597
94970 103.617
94980 103.656
94990 103.662
95000 103.642
95010 103.628
95020 103.612
95030 103.586
95040 103.566
95050 103.578
95060 103.582
95070 103.569
95080 103.579
95090 103.61
95100 103.637
95110 103.673
95120 103.751
95130 103.779
95140 103.733
95150 103.702
95160 103.694
95170 103.657
95180 103.618
95190 103.647
95200 103.687
95210 103.666
95220 103.67
95230 103.714
95240 103.729
95250 103.729
95260 103.735
95270 103.744
95280 103.768
95290 103.802
95300 103.784
95310 103.727
95320 103.681
95330 103.658
95340 103.661
95350 103.667
95360 103.651
95370 103.671
95380 103.698
95390 103.692
95400 103.698
95410 103.756
95420 103.831
95430 103.87
95440 103.877
95450 103.901
95460 103.938
95470 103.951
95480 103.952
95490 103.957
95500 103.978
95510 103.996
95520 103.988
95530 103.985
95540 104.003
95550 104.028
95560 104.055
95570 104.071
95580 104.077
95590 104.111
95600 104.151
95610 104.157
95620 104.128
95630 104.104
95640 104.077
95650 104.057
95660 104.065
95670 104.106
95680 104.131
95690 104.123
95700 104.134
95710 104.158
95720 104.156
95730 104.161
95740 104.19
95750 104.211
95760 104.191
95770 104.177
95780 104.218
95790 104.262
95800 104.313
95810 104.354
95820 104.377
95830 104.381
95840 104.402
95850 104.457
95860 104.494
95870 104.511
95880 104.541
95890 104.55
95900 104.544
95910 104.575
95920 104.605
95930 104.588
95940 104.548
95950 104.532
95960 104.527
95970 104.514
95980 104.481
95990 104.458
96000 104.449
96010 104.445
96020 104.44
96030 104.456
96040 104.469
96050 104.436
96060 104.364
96070 104.331
96080 104.346
96090 104.343
96100 104.347
96110 104.362
96120 104.345
96130 104.289
96140 104.27
96150 104.295
96160 104.316
96170 104.302
96180 104.282
96190 104.263
96200 104.24
96210 104.244
96220 104.273
96230 104.288
96240 104.276
96250 104.287
96260 104.342
96270 104.391
96280 104.364
96290 104.295
96300 104.253
96310 104.284
96320 104.333
96330 104.363
96340 104.396
96350 104.432
96360 104.488
96370 104.519
96380 104.539
96390 104.601
96400 104.689
96410 104.771
96420 104.807
96430 104.812
96440 104.826
96450 104.854
96460 104.882
96470 104.903
96480 104.938
96490 104.959
96500 104.962
96510 104.977
96520 104.956
96530 104.942
96540 104.959
96550 104.973
96560 104.997
96570 105.027
96580 105.045
96590 105.054
96600 105.05
96610 105.035
96620 105.043
96630 105.05
96640 105.065
96650 105.125
96660 105.168
96670 105.19
96680 105.211
96690 105.236
96700 105.232
96710 105.193
96720 105.162
96730 105.168
96740 105.168
96750 105.154
96760 105.17
96770 105.191
96780 105.187
96790 105.163
96800 105.165
96810 105.189
96820 105.207
96830 105.195
96840 105.195
96850 105.213
96860 105.22
96870 105.238
96880 105.264
96890 105.25
96900 105.227
96910 105.258
96920 105.319
96930 105.355
96940 105.398
96950 105.445
96960 105.445
96970 105.425
96980 105.409
96990 105.408
97000 105.418
97010 105.463
97020 105.525
97030 105.576
97040 105.589
97050 105.565
97060 105.55
97070 105.557
97080 105.571
97090 105.603
97100 105.677
97110 105.741
97120 105.749
97130 105.729
97140 105.701
97150 105.696
97160 105.694
97170 105.707
97180 105.746
97190 105.808
97200 105.85
97210 105.855
97220 105.864
97230 105.921
97240 105.986
97250 106.03
97260 106.064
97270 106.08
97280 106.073
97290 106.081
97300 106.114
97310 106.134
97320 106.117
97330 106.099
97340 106.097
97350 106.144
97360 106.217
97370 106.262
97380 106.307
97390 106.366
97400 106.403
97410 106.398
97420 106.397
97430 106.42
97440 106.407
97450 106.372
97460 106.364
97470 106.357
97480 106.332
97490 106.314
97500 106.293
97510 106.267
97520 106.255
97530 106.266
97540 106.28
97550 106.294
97560 106.358
97570 106.435
97580 106.491
97590 106.503
97600 106.486
97610 106.484
97620 106.507
97630 106.487
97640 106.441
97650 106.449
97660 106.457
97670 106.438
97680 106.456
97690 106.468
97700 106.449
97710 106.459
97720 106.497
97730 106.529
97740 106.536
97750 106.521
97760 106.522
97770 106.57
97780 106.624
97790 106.627
97800 106.598
97810 106.591
97820 106.586
97830 106.613
97840 106.652
97850 106.652
97860 106.633
97870 106.653
97880 106.694
97890 106.67
97900 106.628
97910 106.619
97920 106.63
97930 106.667
97940 106.689
97950 106.666
97960 106.63
97970 106.632
97980 106.668
97990 106.693
98000 106.707
98010 106.68
98020 106.628
98030 106.625
98040 106.656
98050 106.633
98060 106.58
98070 106.566
98080 106.564
98090 106.545
98100 106.499
98110 106.466
98120 106.495
98130 106.514
98140 106.474
98150 106.45
98160 106.504
98170 106.572
98180 106.586
98190 106.597
98200 106.646
98210 106.676
98220 106.707
98230 106.77
98240 106.819
98250 106.831
98260 106.847
98270 106.874
98280 106.865
98290 106.842
98300 106.81
98310 106.761
98320 106.744
98330 106.782
98340 106.816
98350 106.804
98360 106.786
98370 106.803
98380 106.843
98390 106.887
98400 106.93
98410 106.983
98420 107.055
98430 107.112
98440 107.113
98450 107.121
98460 107.163
98470 107.177
98480 107.176
98490 107.205
98500 107.216
98510 107.184
98520 107.167
98530 107.212
98540 107.267
98550 107.294
98560 107.28
98570 107.294
98580 107.303
98590 107.289
98600 107.295
98610 107.314
98620 107.319
98630 107.306
98640 107.267
98650 107.207
98660 107.174
98670 107.177
98680 107.166
98690 107.137
98700 107.117
98710 107.097
98720 107.064
98730 107.072
98740 107.173
98750 107.266
98760 107.283
98770 107.309
98780 107.391
98790 107.468
98800 107.465
98810 107.426
98820 107.431
98830 107.473
98840 107.494
98850 107.479
98860 107.479
98870 107.476
98880 107.482
98890 107.519
98900 107.545
98910 107.526
98920 107.502
98930 107.499
98940 107.516
98950 107.531
98960 107.545
98970 107.554
98980 107.553
98990 107.52
99000 107.491
99010 107.491
99020 107.485
99030 107.496
99040 107.514
99050 107.515
99060 107.491
99070 107.497
99080 107.535
99090 107.568
99100 107.583
99110 107.615
99120 107.675
99130 107.714
99140 107.714
99150 107.718
99160 107.737
99170 107.723
99180 107.724
99190 107.735
99200 107.712
99210 107.687
99220 107.699
99230 107.703
99240 107.668
99250 107.62
99260 107.584
99270 107.584
99280 107.621
99290 107.653
99300 107.659
99310 107.657
99320 107.666
99330 107.679
99340 107.712
99350 107.768
99360 107.815
99370 107.866
99380 107.882
99390 107.879
99400 107.894
99410 107.945
99420 107.972
99430 107.978
99440 107.964
99450 107.995
99460 108.051
99470 108.073
99480 108.099
99490 108.145
99500 108.159
99510 108.138
99520 108.139
99530 108.133
99540 108.079
99550 108.019
99560 108.027
99570 108.075
99580 108.089
99590 108.123
99600 108.189
99610 108.212
99620 108.229
99630 108.287
99640 108.335
99650 108.339
99660 108.348
99670 108.401
99680 108.462
99690 108.484
99700 108.52
99710 108.558
99720 108.574
99730 108.564
99740 108.582
99750 108.607
99760 108.598
99770 108.587
99780 108.567
99790 108.564
99800 108.592
99810 108.603
99820 108.566
99830 108.542
99840 108.555
99850 108.581
99860 108.587
99870 108.583
99880 108.571
99890 108.566
99900 108.564
99910 108.572
99920 108.585
99930 108.612
99940 108.636
99950 108.632
99960 108.611
99970 108.612
99980 108.596
99990 108.591
100000 108.593
100010 108.582
100020 108.584
100030 108.637
100040 108.69
100050 108.7
100060 108.702
100070 108.714
100080 108.701
100090 108.671
100100 108.643
100110 108.609
100120 108.574
100130 108.558
100140 108.551
100150 108.531
100160 108.5
100170 108.484
100180 108.472
100190 108.473
100200 108.486
100210 108.479
100220 108.454
100230 108.451
100240 108.469
100250 108.445
100260 108.421
100270 108.454
100280 108.519
100290 108.56
100300 108.555
100310 108.539
100320 108.532
100330 108.54
100340 108.549
100350 108.564
100360 108.605
100370 108.654
100380 108.687
100390 108.694
100400 108.716
100410 108.757
100420 108.747
100430 108.722
100440 108.722
100450 108.737
100460 108.758
100470 108.775
100480 108.782
100490 108.831
100500 108.914
100510 109.003
100520 109.087
100530 109.143
100540 109.174
100550 109.164
100560 109.163
100570 109.162
100580 109.193
100590 109.233
100600 109.262
100610 109.268
100620 109.277
100630 109.34
100640 109.426
100650 109.476
100660 109.441
100670 109.382
100680 109.385
100690 109.421
100700 109.436
100710 109.456
100720 109.52
100730 109.569
100740 109.582
100750 109.582
100760 109.576
100770 109.554
100780 109.506
100790 109.469
100800 109.491
100810 109.541
100820 109.573
100830 109.56
100840 109.563
100850 109.63
100860 109.663
100870 109.626
100880 109.575
100890 109.584
100900 109.643
100910 109.698
100920 109.714
100930 109.742
100940 109.775
100950 109.79
100960 109.815
100970 109.853
100980 109.819
100990 109.761
101000 109.782
101010 109.825
101020 109.854
101030 109.866
101040 109.873
101050 109.911
101060 109.93
101070 109.896
101080 109.881
101090 109.898
101100 109.925
101110 109.927
101120 109.934
101130 109.979
101140 110.031
101150 110.044
101160 109.992
101170 109.95
101180 109.975
101190 110.002
101200 110.008
101210 109.992
101220 109.951
101230 109.916
101240 109.894
101250 109.913
101260 109.938
101270 109.967
101280 110.02
101290 110.086
101300 110.144
101310 110.183
101320 110.194
101330 110.17
101340 110.179
101350 110.218
101360 110.236
101370 110.214
101380 110.191
101390 110.196
101400 110.209
101410 110.223
101420 110.224
101430 110.224
101440 110.253
101450 110.269
101460 110.275
101470 110.293
101480 110.32
101490 110.348
101500 110.378
101510 110.413
101520 110.428
101530 110.412
101540 110.387
101550 110.382
101560 110.404
101570 110.422
101580 110.414
101590 110.409
101600 110.423
101610 110.425
101620 110.431
101630 110.455
101640 110.481
101650 110.503
101660 110.518
101670 110.525
101680 110.562
101690 110.589
101700 110.57
101710 110.548
101720 110.543
101730 110.539
101740 110.59
101750 110.648
101760 110.657
101770 110.676
101780 110.743
101790 110.76
101800 110.711
101810 110.667
101820 110.675
101830 110.695
101840 110.701
101850 110.726
101860 110.769
101870 110.825
101880 110.831
101890 110.804
101900 110.813
101910 110.861
101920 110.868
101930 110.851
101940 110.874
101950 110.905
101960 110.909
101970 110.947
101980 110.987
101990 111.015
102000 111.039
102010 111.124
102020 111.22
102030 111.263
102040 111.295
102050 111.321
102060 111.333
102070 111.339
102080 111.355
102090 111.386
102100 111.406
102110 111.447
102120 111.511
102130 111.511
102140 111.48
102150 111.479
102160 111.519
102170 111.576
102180 111.618
102190 111.644
102200 111.645
102210 111.675
102220 111.752
102230 111.787
102240 111.729
102250 111.667
102260 111.646
102270 111.651
102280 111.664
102290 111.677
102300 111.714
102310 111.758
102320 111.765
102330 111.759
102340 111.755
102350 111.746
102360 111.761
102370 111.757
102380 111.718
102390 111.722
102400 111.751
102410 111.753
102420 111.708
102430 111.668
102440 111.657
102450 111.64
102460 111.651
102470 111.711
102480 111.786
102490 111.821
102500 111.803
102510 111.783
102520 111.795
102530 111.805
102540 111.776
102550 111.761
102560 111.79
102570 111.831
102580 111.875
102590 111.911
102600 111.946
102610 111.969
102620 111.984
102630 112.024
102640 112.066
102650 112.065
102660 112.052
102670 112.078
102680 112.101
102690 112.114
102700 112.13
102710 112.144
102720 112.159
102730 112.187
102740 112.218
102750 112.199
102760 112.151
102770 112.136
102780 112.129
102790 112.14
102800 112.156
102810 112.179
102820 112.2
102830 112.222
102840 112.244
102850 112.26
102860 112.288
102870 112.328
102880 112.351
102890 112.358
102900 112.355
102910 112.331
102920 112.33
102930 112.371
102940 112.413
102950 112.415
102960 112.373
102970 112.345
102980 112.334
102990 112.293
103000 112.297
103010 112.319
103020 112.327
103030 112.321
103040 112.299
103050 112.303
103060 112.323
103070 112.318
103080 112.283
103090 112.299
103100 112.334
103110 112.304
103120 112.28
103130 112.278
103140 112.301
103150 112.322
103160 112.312
103170 112.274
103180 112.27
103190 112.282
103200 112.252
103210 112.216
103220 112.232
103230 112.26
103240 112.24
103250 112.196
103260 112.179
103270 112.21
103280 112.265
103290 112.321
103300 112.36
103310 112.373
103320 112.373
103330 112.391
103340 112.42
103350 112.439
103360 112.472
103370 112.477
103380 112.438
103390 112.404
103400 112.412
103410 112.431
103420 112.48
103430 112.554
103440 112.618
103450 112.61
103460 112.551
103470 112.534
103480 112.55
103490 112.55
103500 112.577
103510 112.635
103520 112.675
103530 112.66
103540 112.656
103550 112.71
103560 112.754
103570 112.733
103580 112.73
103590 112.776
103600 112.838
103610 112.865
103620 112.89
103630 112.947
103640 112.999
103650 112.989
103660 112.966
103670 112.962
103680 112.95
103690 112.932
103700 112.935
103710 112.955
103720 112.973
103730 112.993
103740 112.993
103750 112.976
103760 112.978
103770 113.034
103780 113.072
103790 113.087
103800 113.067
103810 113.018
103820 112.949
103830 112.906
103840 112.895
103850 112.878
103860 112.849
103870 112.806
103880 112.726
103890 112.621
103900 112.563
103910 112.551
103920 112.539
103930 112.52
103940 112.504
103950 112.495
103960 112.482
103970 112.5
103980 112.514
103990 112.521
104000 112.518
104010 112.486
104020 112.46
104030 112.495
104040 112.517
104050 112.499
104060 112.506
104070 112.534
104080 112.511
104090 112.505
104100 112.526
104110 112.548
104120 112.554
104130 112.572
104140 112.629
104150 112.683
104160 112.685
104170 112.67
104180 112.684
104190 112.725
104200 112.747
104210 112.786
104220 112.838
104230 112.86
104240 112.862
104250 112.869
104260 112.914
104270 112.973
104280 113.052
104290 113.13
104300 113.186
104310 113.196
104320 113.192
104330 113.18
104340 113.149
104350 113.116
104360 113.106
104370 113.111
104380 113.114
104390 113.127
104400 113.153
104410 113.179
104420 113.182
104430 113.184
104440 113.204
104450 113.181
104460 113.13
104470 113.111
104480 113.159
104490 113.238
104500 113.288
104510 113.332
104520 113.373
104530 113.394
104540 113.396
104550 113.407
104560 113.423
104570 113.441
104580 113.476
104590 113.499
104600 113.507
104610 113.502
104620 113.513
104630 113.531
104640 113.531
104650 113.543
104660 113.562
104670 113.573
104680 113.555
104690 113.542
104700 113.554
104710 113.565
104720 113.553
104730 113.559
104740 113.592
104750 113.603
104760 113.574
104770 113.551
104780 113.546
104790 113.548
104800 113.544
104810 113.554
104820 113.558
104830 113.52
104840 113.495
104850 113.518
104860 113.539
104870 113.525
104880 113.523
104890 113.528
104900 113.528
104910 113.55
104920 113.564
104930 113.545
104940 113.525
104950 113.514
104960 113.516
104970 113.516
104980 113.523
104990 113.55
105000 113.577
105010 113.6
105020 113.586
105030 113.562
105040 113.598
105050 113.637
105060 113.656
105070 113.683
105080 113.715
105090 113.735
105100 113.781
105110 113.832
105120 113.844
105130 113.86
105140 113.881
105150 113.872
105160 113.822
105170 113.773
105180 113.764
105190 113.788
105200 113.794
105210 113.777
105220 113.772
105230 113.774
105240 113.772
105250 113.793
105260 113.819
105270 113.837
105280 113.866
105290 113.93
105300 113.959
105310 113.927
105320 113.928
105330 113.976
105340 114.022
105350 114.029
105360 114.019
105370 114.03
105380 114.058
105390 114.078
105400 114.088
105410 114.131
105420 114.195
105430 114.217
105440 114.195
105450 114.188
105460 114.241
105470 114.275
105480 114.232
105490 114.217
105500 114.269
105510 114.314
105520 114.296
105530 114.274
105540 114.293
105550 114.311
105560 114.312
105570 114.303
105580 114.26
105590 114.223
105600 114.204
105610 114.213
105620 114.225
105630 114.205
105640 114.176
105650 114.169
105660 114.152
105670 114.137
105680 114.159
105690 114.19
105700 114.18
105710 114.186
105720 114.24
105730 114.304
105740 114.325
105750 114.297
105760 114.309
105770 114.385
105780 114.433
105790 114.434
105800 114.459
105810 114.521
105820 114.585
105830 114.623
105840 114.634
105850 114.648
105860 114.671
105870 114.694
105880 114.712
105890 114.749
105900 114.799
105910 114.831
105920 114.831
105930 114.833
105940 114.841
105950 114.867
105960 114.892
105970 114.879
105980 114.855
105990 114.846
106000 114.831
106010 114.78
106020 114.723
106030 114.712
106040 114.746
106050 114.758
106060 114.739
106070 114.733
106080 114.77
106090 114.821
106100 114.836
106110 114.829
106120 114.81
106130 114.782
106140 114.771
106150 114.815
106160 114.856
106170 114.868
106180 114.911
106190 114.979
106200 114.995
106210 114.952
106220 114.928
106230 114.925
106240 114.925
106250 114.915
106260 114.926
106270 114.979
106280 115.041
106290 115.091
106300 115.145
106310 115.193
106320 115.216
106330 115.221
106340 115.231
106350 115.238
106360 115.223
106370 115.213
106380 115.224
106390 115.215
106400 115.19
106410 115.174
106420 115.151
106430 115.13
106440 115.104
106450 115.085
106460 115.089
106470 115.109
106480 115.15
106490 115.176
106500 115.142
106510 115.08
106520 115.075
106530 115.139
106540 115.184
106550 115.18
106560 115.142
106570 115.132
106580 115.171
106590 115.214
106600 115.197
106610 115.143
106620 115.149
106630 115.185
106640 115.219
106650 115.259
106660 115.277
106670 115.248
106680 115.231
106690 115.258
106700 115.321
106710 115.378
106720 115.415
106730 115.444
106740 115.475
106750 115.491
106760 115.477
106770 115.451
106780 115.444
106790 115.472
106800 115.54
106810 115.592
106820 115.624
106830 115.664
106840 115.751
106850 115.83
106860 115.871
106870 115.874
106880 115.865
106890 115.857
106900 115.868
106910 115.904
106920 115.896
106930 115.881
106940 115.902
106950 115.926
106960 115.916
106970 115.964
106980 116.034
106990 116.033
107000 115.984
107010 115.961
107020 115.954
107030 115.968
107040 115.978
107050 115.939
107060 115.881
107070 115.894
107080 115.961
107090 116.005
107100 116.005
107110 115.991
107120 115.974
107130 115.988
107140 115.997
107150 115.978
107160 115.951
107170 115.971
107180 116.001
107190 115.962
107200 115.914
107210 115.931
107220 115.964
107230 115.988
107240 116.043
107250 116.123
107260 116.166
107270 116.182
107280 116.228
107290 116.291
107300 116.366
107310 116.421
107320 116.458
107330 116.511
107340 116.585
107350 116.61
107360 116.577
107370 116.541
107380 116.544
107390 116.563
107400 116.574
107410 116.608
107420 116.656
107430 116.693
107440 116.674
107450 116.65
107460 116.669
107470 116.713
107480 116.733
107490 116.745
107500 116.778
107510 116.783
107520 116.728
107530 116.672
107540 116.697
107550 116.767
107560 116.787
107570 116.754
107580 116.73
107590 116.732
107600 116.729
107610 116.713
107620 116.688
107630 116.658
107640 116.645
107650 116.671
107660 116.663
107670 116.63
107680 116.61
107690 116.616
107700 116.63
107710 116.654
107720 116.659
107730 116.639
107740 116.627
107750 116.618
107760 116.566
107770 116.509
107780 116.495
107790 116.538
107800 116.587
107810 116.55
107820 116.462
107830 116.405
107840 116.408
107850 116.453
107860 116.532
107870 116.602
107880 116.604
107890 116.567
107900 116.583
107910 116.611
107920 116.565
107930 116.503
107940 116.469
107950 116.417
107960 116.406
107970 116.433
107980 116.417
107990 116.396
108000 116.387
108010 116.354
108020 116.33
108030 116.363
108040 116.377
108050 116.33
108060 116.318
108070 116.353
108080 116.388
108090 116.387
108100 116.401
108110 116.413
108120 116.385
108130 116.348
108140 116.337
108150 116.354
108160 116.38
108170 116.371
108180 116.33
108190 116.307
108200 116.309
108210 116.297
108220 116.259
108230 116.225
108240 116.21
108250 116.194
108260 116.159
108270 116.163
108280 116.174
108290 116.172
108300 116.137
108310 116.103
108320 116.11
108330 116.139
108340 116.159
108350 116.162
108360 116.136
108370 116.109
108380 116.129
108390 116.204
108400 116.25
108410 116.228
108420 116.217
108430 116.246
108440 116.288
108450 116.339
108460 116.395
108470 116.436
108480 116.454
108490 116.47
108500 116.452
108510 116.417
108520 116.416
108530 116.436
108540 116.435
108550 116.44
108560 116.473
108570 116.505
108580 116.516
108590 116.537
108600 116.586
108610 116.629
108620 116.637
108630 116.611
108640 116.597
108650 116.592
108660 116.612
108670 116.66
108680 116.719
108690 116.789
108700 116.891
108710 116.94
108720 116.944
108730 116.997
108740 117.059
108750 117.079
108760 117.112
108770 117.164
108780 117.182
108790 117.194
108800 117.244
108810 117.304
108820 117.3
108830 117.284
108840 117.273
108850 117.255
108860 117.209
108870 117.174
108880 117.196
108890 117.246
108900 117.284
108910 117.293
108920 117.322
108930 117.378
108940 117.401
108950 117.402
108960 117.418
108970 117.426
108980 117.441
108990 117.468
109000 117.472
109010 117.481
109020 117.531
109030 117.546
109040 117.505
109050 117.477
109060 117.474
109070 117.44
109080 117.422
109090 117.464
109100 117.522
109110 117.58
109120 117.604
109130 117.619
109140 117.688
109150 117.772
109160 117.826
109170 117.855
109180 117.866
109190 117.848
109200 117.831
109210 117.882
109220 117.934
109230 117.963
109240 117.986
109250 117.993
109260 118.019
109270 118.079
109280 118.143
109290 118.178
109300 118.184
109310 118.202
109320 118.219
109330 118.228
109340 118.256
109350 118.282
109360 118.289
109370 118.278
109380 118.292
109390 118.333
109400 118.35
109410 118.37
109420 118.447
109430 118.495
109440 118.503
109450 118.515
109460 118.53
109470 118.546
109480 118.586
109490 118.634
109500 118.634
109510 118.627
109520 118.692
109530 118.788
109540 118.855
109550 118.887
109560 118.928
109570 118.974
109580 119.015
109590 119.026
109600 119.014
109610 119.014
109620 119.042
109630 119.094
109640 119.13
109650 119.104
109660 119.053
109670 119.064
109680 119.132
109690 119.184
109700 119.184
109710 119.149
109720 119.143
109730 119.145
109740 119.135
109750 119.129
109760 119.13
109770 119.095
109780 119.023
109790 119.005
109800 119.074
109810 119.126
109820 119.099
109830 119.091
109840 119.146
109850 119.169
109860 119.154
109870 119.156
109880 119.138
109890 119.077
109900 119.025
109910 118.998
109920 118.961
109930 118.929
109940 118.907
109950 118.889
109960 118.9
109970 118.939
109980 118.947
109990 118.929
110000 118.954
110010 118.989
110020 119.001
110030 119.028
110040 119.067
110050 119.09
110060 119.117
110070 119.15
110080 119.138
110090 119.095
110100 119.075
110110 119.1
110120 119.125
110130 119.141
110140 119.179
110150 119.227
110160 119.254
110170 119.271
110180 119.29
110190 119.301
110200 119.319
110210 119.385
110220 119.463
110230 119.512
110240 119.496
110250 119.45
110260 119.434
110270 119.446
110280 119.476
110290 119.508
110300 119.529
110310 119.534
110320 119.542
110330 119.542
110340 119.519
110350 119.479
110360 119.472
110370 119.478
110380 119.503
110390 119.519
110400 119.522
110410 119.547
110420 119.577
110430 119.601
110440 119.611
110450 119.619
110460 119.636
110470 119.699
110480 119.806
110490 119.86
110500 119.877
110510 119.891
110520 119.913
110530 119.932
110540 119.975
110550 119.993
110560 119.966
110570 119.958
110580 119.981
110590 120.017
110600 120.051
110610 120.032
110620 119.968
110630 119.908
110640 119.885
110650 119.863
110660 119.815
110670 119.78
110680 119.776
110690 119.766
110700 119.778
110710 119.851
110720 119.924
110730 119.917
110740 119.892
110750 119.919
110760 119.958
110770 119.97
110780 119.963
110790 119.938
110800 119.93
110810 119.964
110820 120.002
110830 120
110840 119.968
110850 119.925
110860 119.881
110870 119.857
110880 119.824
110890 119.792
110900 119.797
110910 119.816
110920 119.799
110930 119.771
110940 119.78
110950 119.815
110960 119.857
110970 119.901
110980 119.934
110990 119.958
111000 119.975
111010 119.984
111020 120.046
111030 120.084
111040 120.049
111050 120.006
111060 119.998
111070 119.986
111080 119.963
111090 119.941
111100 119.952
111110 119.967
111120 119.957
111130 119.919
111140 119.9
111150 119.884
111160 119.873
111170 119.888
111180 119.91
111190 119.923
111200 119.948
111210 119.97
111220 119.974
111230 119.996
111240 120.073
111250 120.163
111260 120.231
111270 120.311
111280 120.383
111290 120.427
111300 120.469
111310 120.515
111320 120.548
111330 120.597
111340 120.668
111350 120.717
111360 120.76
111370 120.841
111380 120.903
111390 120.901
111400 120.906
111410 120.955
111420 120.994
111430 120.999
111440 121.02
111450 121.054
111460 121.109
111470 121.168
111480 121.202
111490 121.203
111500 121.191
111510 121.192
111520 121.239
111530 121.302
111540 121.355
111550 121.399
111560 121.398
111570 121.391
111580 121.433
111590 121.462
111600 121.431
111610 121.412
111620 121.422
111630 121.431
111640 121.432
111650 121.449
111660 121.464
111670 121.48
111680 121.516
111690 121.541
111700 121.526
111710 121.499
111720 121.47
111730 121.457
111740 121.481
111750 121.503
111760 121.49
111770 121.515
111780 121.561
111790 121.567
111800 121.592
111810 121.637
111820 121.625
111830 121.596
111840 121.611
111850 121.6
111860 121.544
111870 121.551
111880 121.63
111890 121.643
111900 121.58
111910 121.519
111920 121.534
111930 121.616
111940 121.7
111950 121.764
111960 121.823
111970 121.898
111980 121.952
111990 121.969
112000 121.976
112010 122.002
112020 122.032
112030 122.033
112040 122.006
112050 121.964
112060 121.959
112070 121.98
112080 121.973
112090 121.945
112100 121.934
112110 121.898
112120 121.865
112130 121.901
112140 121.984
112150 122.033
112160 122.021
112170 122.032
112180 122.058
112190 122.075
112200 122.072
112210 122.087
112220 122.105
112230 122.107
112240 122.073
112250 122.04
112260 122.031
112270 122.036
112280 122.044
112290 122.033
112300 122.034
112310 122.046
112320 122.077
112330 122.135
112340 122.17
112350 122.14
112360 122.091
112370 122.111
112380 122.139
112390 122.114
112400 122.112
112410 122.185
112420 122.232
112430 122.195
112440 122.156
112450 122.161
112460 122.187
112470 122.221
112480 122.242
112490 122.255
112500 122.256
112510 122.235
112520 122.191
112530 122.198
112540 122.263
112550 122.294
112560 122.258
112570 122.216
112580 122.199
112590 122.17
112600 122.126
112610 122.115
112620 122.129
112630 122.146
112640 122.168
112650 122.206
112660 122.262
112670 122.324
112680 122.354
112690 122.346
112700 122.348
112710 122.356
112720 122.355
112730 122.346
112740 122.35
112750 122.356
112760 122.356
112770 122.373
112780 122.407
112790 122.418
112800 122.44
112810 122.465
112820 122.461
112830 122.44
112840 122.437
112850 122.4
112860 122.35
112870 122.326
112880 122.309
112890 122.284
112900 122.266
112910 122.28
112920 122.343
112930 122.388
112940 122.354
112950 122.335
112960 122.381
112970 122.425
112980 122.429
112990 122.453
113000 122.497
113010 122.518
113020 122.56
113030 122.61
113040 122.618
113050 122.635
113060 122.685
113070 122.739
113080 122.816
113090 122.902
113100 122.941
113110 122.963
113120 122.971
113130 122.905
113140 122.849
113150 122.843
113160 122.818
113170 122.769
113180 122.755
113190 122.768
113200 122.734
113210 122.678
113220 122.627
113230 122.631
113240 122.662
113250 122.664
113260 122.622
113270 122.595
113280 122.593
113290 122.565
113300 122.536
113310 122.531
113320 122.493
113330 122.431
113340 122.449
113350 122.534
113360 122.586
113370 122.615
113380 122.653
113390 122.711
113400 122.766
113410 122.786
113420 122.781
113430 122.796
113440 122.877
113450 122.963
113460 123.013
113470 123.041
113480 123.084
113490 123.108
113500 123.097
113510 123.122
113520 123.21
113530 123.244
113540 123.237
113550 123.251
113560 123.264
113570 123.262
113580 123.262
113590 123.249
113600 123.199
113610 123.176
113620 123.193
113630 123.193
113640 123.146
113650 123.104
113660 123.074
113670 123.075
113680 123.081
113690 123.066
113700 123.047
113710 123.059
113720 123.058
113730 123.058
113740 123.087
113750 123.124
113760 123.14
113770 123.171
113780 123.26
113790 123.33
113800 123.33
113810 123.346
113820 123.418
113830 123.486
113840 123.488
113850 123.438
113860 123.382
113870 123.377
113880 123.385
113890 123.376
113900 123.357
113910 123.392
113920 123.449
113930 123.476
113940 123.48
113950 123.506
113960 123.538
113970 123.507
113980 123.478
113990 123.523
114000 123.566
114010 123.587
114020 123.636
114030 123.694
114040 123.716
114050 123.723
114060 123.75
114070 123.741
114080 123.69
114090 123.684
114100 123.746
114110 123.764
114120 123.742
114130 123.744
114140 123.799
114150 123.836
114160 123.841
114170 123.87
114180 123.922
114190 123.958
114200 123.977
114210 123.986
114220 123.998
114230 124.017
114240 124.008
114250 123.991
114260 123.989
114270 123.979
114280 123.983
114290 123.993
114300 123.973
114310 123.931
114320 123.969
114330 124.063
114340 124.101
114350 124.092
114360 124.089
114370 124.074
114380 124.044
114390 124.024
114400 124.055
114410 124.1
114420 124.103
114430 124.072
114440 124.054
114450 124.084
114460 124.118
114470 124.123
114480 124.142
114490 124.153
114500 124.154
114510 124.179
114520 124.199
114530 124.181
114540 124.128
114550 124.122
114560 124.182
114570 124.193
114580 124.163
114590 124.117
114600 124.097
114610 124.109
114620 124.13
114630 124.135
114640 124.157
114650 124.176
114660 124.133
114670 124.078
114680 124.085
114690 124.103
114700 124.101
114710 124.125
114720 124.146
114730 124.128
114740 124.104
114750 124.11
114760 124.135
114770 124.179
114780 124.179
114790 124.157
114800 124.176
114810 124.206
114820 124.215
114830 124.211
114840 124.239
114850 124.278
114860 124.311
114870 124.332
114880 124.343
114890 124.383
114900 124.44
114910 124.452
114920 124.443
114930 124.45
114940 124.439
114950 124.418
114960 124.434
114970 124.445
114980 124.416
114990 124.355
115000 124.34
115010 124.366
115020 124.375
115030 124.355
115040 124.313
115050 124.278
115060 124.294
115070 124.345
115080 124.389
115090 124.409
115100 124.408
115110 124.391
115120 124.384
115130 124.424
115140 124.492
115150 124.516
115160 124.498
115170 124.453
115180 124.445
115190 124.467
115200 124.465
115210 124.435
115220 124.454
115230 124.492
115240 124.483
115250 124.435
115260 124.394
115270 124.406
115280 124.442
115290 124.455
115300 124.411
115310 124.362
115320 124.363
115330 124.391
115340 124.393
115350 124.351
115360 124.305
115370 124.314
115380 124.381
115390 124.412
115400 124.388
115410 124.365
115420 124.36
115430 124.371
115440 124.384
115450 124.422
115460 124.473
115470 124.52
115480 124.563
115490 124.63
115500 124.663
115510 124.675
115520 124.699
115530 124.726
115540 124.713
115550 124.665
115560 124.657
115570 124.708
115580 124.747
115590 124.751
115600 124.726
115610 124.715
115620 124.758
115630 124.85
115640 124.928
115650 124.92
115660 124.917
115670 124.952
115680 124.973
115690 124.981
115700 125.029
115710 125.123
115720 125.229
115730 125.293
115740 125.322
115750 125.297
115760 125.262
115770 125.295
115780 125.332
115790 125.292
115800 125.248
115810 125.25
115820 125.261
115830 125.282
115840 125.327
115850 125.382
115860 125.422
115870 125.41
115880 125.385
115890 125.426
115900 125.484
115910 125.495
115920 125.486
115930 125.503
115940 125.528
115950 125.541
115960 125.523
115970 125.48
115980 125.477
115990 125.508
116000 125.534
116010 125.55
116020 125.553
116030 125.584
116040 125.606
116050 125.61
116060 125.638
116070 125.674
116080 125.663
116090 125.639
116100 125.59
116110 125.501
116120 125.45
116130 125.425
116140 125.38
116150 125.337
116160 125.285
116170 125.214
116180 125.153
116190 125.115
116200 125.101
116210 125.073
116220 125.029
116230 124.975
116240 124.922
116250 124.919
116260 124.953
116270 124.958
116280 124.902
116290 124.896
116300 124.943
116310 124.998
116320 125.038
116330 125.102
116340 125.189
116350 125.275
116360 125.329
116370 125.34
116380 125.341
116390 125.324
116400 125.257
116410 125.195
116420 125.19
116430 125.231
116440 125.263
116450 125.278
116460 125.263
116470 125.231
116480 125.214
116490 125.21
116500 125.218
116510 125.213
116520 125.191
116530 125.176
116540 125.192
116550 125.229
116560 125.283
116570 125.359
116580 125.439
116590 125.485
116600 125.507
116610 125.574
116620 125.667
116630 125.699
116640 125.709
116650 125.754
116660 125.823
116670 125.817
116680 125.782
116690 125.808
116700 125.841
116710 125.841
116720 125.862
116730 125.913
116740 125.977
116750 126.029
116760 126.088
116770 126.109
116780 126.073
116790 126.036
116800 126.063
116810 126.093
116820 126.105
116830 126.147
116840 126.172
116850 126.137
116860 126.109
116870 126.1
116880 126.06
116890 125.994
116900 125.975
116910 125.984
116920 126.005
116930 126.032
116940 126.079
116950 126.091
116960 126.105
116970 126.149
116980 126.201
116990 126.273
117000 126.339
117010 126.363
117020 126.346
117030 126.366
117040 126.39
117050 126.335
117060 126.259
117070 126.258
117080 126.303
117090 126.335
117100 126.342
117110 126.345
117120 126.376
117130 126.413
117140 126.423
117150 126.44
117160 126.496
117170 126.553
117180 126.561
117190 126.565
117200 126.605
117210 126.649
117220 126.678
117230 126.715
117240 126.721
117250 126.71
117260 126.738
117270 126.753
117280 126.711
117290 126.666
117300 126.652
117310 126.621
117320 126.62
117330 126.611
117340 126.577
117350 126.602
117360 126.664
117370 126.692
117380 126.687
117390 126.655
117400 126.63
117410 126.624
117420 126.606
117430 126.557
117440 126.545
117450 126.583
117460 126.627
117470 126.631
117480 126.609
117490 126.61
117500 126.617
117510 126.567
117520 126.517
117530 126.53
117540 126.575
117550 126.597
117560 126.632
117570 126.654
117580 126.63
117590 126.597
117600 126.587
117610 126.597
117620 126.597
117630 126.559
117640 126.536
117650 126.56
117660 126.581
117670 126.594
117680 126.592
117690 126.597
117700 126.588
117710 126.571
117720 126.561
117730 126.551
117740 126.507
117750 126.486
117760 126.532
117770 126.543
117780 126.532
117790 126.557
117800 126.574
117810 126.573
117820 126.603
117830 126.655
117840 126.676
117850 126.703
117860 126.729
117870 126.714
117880 126.718
117890 126.769
117900 126.777
117910 126.712
117920 126.662
117930 126.633
117940 126.595
117950 126.589
117960 126.593
117970 126.567
117980 126.559
117990 126.612
118000 126.708
118010 126.787
118020 126.868
118030 126.93
118040 126.958
118050 126.969
118060 126.984
118070 127.017
118080 127.031
118090 127.006
118100 126.995
118110 127.029
118120 127.063
118130 127.059
118140 127.035
118150 127.016
118160 127.02
118170 127.027
118180 127.001
118190 126.98
118200 127.003
118210 127.059
118220 127.107
118230 127.131
118240 127.148
118250 127.167
118260 127.174
118270 127.206
118280 127.208
118290 127.197
118300 127.199
118310 127.205
118320 127.221
118330 127.229
118340 127.238
118350 127.259
118360 127.277
118370 127.279
118380 127.273
118390 127.267
118400 127.258
118410 127.265
118420 127.294
118430 127.345
118440 127.364
118450 127.383
118460 127.492
118470 127.593
118480 127.639
118490 127.665
118500 127.742
118510 127.841
118520 127.906
118530 127.966
118540 127.989
118550 127.972
118560 127.985
118570 128.05
118580 128.069
118590 127.994
118600 127.921
118610 127.923
118620 127.984
118630 128.034
118640 128.071
118650 128.097
118660 128.127
118670 128.133
118680 128.123
118690 128.142
118700 128.208
118710 128.256
118720 128.26
118730 128.247
118740 128.277
118750 128.3
118760 128.31
118770 128.321
118780 128.356
118790 128.407
118800 128.446
118810 128.476
118820 128.485
118830 128.508
118840 128.522
118850 128.523
118860 128.549
118870 128.6
118880 128.604
118890 128.606
118900 128.64
118910 128.665
118920 128.644
118930 128.662
118940 128.742
118950 128.807
118960 128.802
118970 128.775
118980 128.761
118990 128.738
119000 128.729
119010 128.78
119020 128.838
119030 128.832
119040 128.821
119050 128.872
119060 128.908
119070 128.925
119080 128.976
119090 129.036
119100 129.042
119110 129.077
119120 129.143
119130 129.193
119140 129.212
119150 129.218
119160 129.258
119170 129.313
119180 129.365
119190 129.396
119200 129.377
119210 129.321
119220 129.313
119230 129.367
119240 129.422
119250 129.435
119260 129.413
119270 129.401
119280 129.412
119290 129.409
119300 129.379
119310 129.356
119320 129.37
119330 129.401
119340 129.431
119350 129.439
119360 129.418
119370 129.392
119380 129.384
119390 129.362
119400 129.332
119410 129.319
119420 129.343
119430 129.394
119440 129.417
119450 129.451
119460 129.472
119470 129.447
119480 129.417
119490 129.439
119500 129.459
119510 129.445
119520 129.42
119530 129.442
119540 129.495
119550 129.547
119560 129.562
119570 129.561
119580 129.596
119590 129.639
119600 129.67
119610 129.694
119620 129.746
119630 129.865
119640 129.986
119650 130.048
119660 130.089
119670 130.109
119680 130.083
119690 130.055
119700 130.077
119710 130.095
119720 130.104
119730 130.115
119740 130.15
119750 130.181
119760 130.192
119770 130.204
119780 130.242
119790 130.273
119800 130.293
119810 130.3
119820 130.301
119830 130.346
119840 130.402
119850 130.4
119860 130.368
119870 130.38
119880 130.431
119890 130.482
119900 130.546
119910 130.58
119920 130.564
119930 130.559
119940 130.624
119950 130.692
119960 130.671
119970 130.624
119980 130.667
119990 130.741
120000 130.771
120010 130.778
120020 130.826
120030 130.924
120040 130.986
120050 131.007
120060 131.048
120070 131.112
120080 131.126
120090 131.111
120100 131.114
120110 131.124
120120 131.137
120130 131.162
120140 131.186
120150 131.21
120160 131.242
120170 131.28
120180 131.322
120190 131.38
120200 131.425
120210 131.444
120220 131.442
120230 131.432
120240 131.388
120250 131.356
120260 131.397
120270 131.461
120280 131.508
120290 131.553
120300 131.638
120310 131.75
120320 131.823
120330 131.846
120340 131.828
120350 131.845
120360 131.906
120370 131.92
120380 131.913
120390 131.939
120400 132.008
120410 132.039
120420 132.029
120430 132.059
120440 132.105
120450 132.091
120460 132.058
120470 132.071
120480 132.108
120490 132.126
120500 132.141
120510 132.163
120520 132.229
120530 132.317
120540 132.331
120550 132.294
120560 132.29
120570 132.339
120580 132.361
120590 132.32
120600 132.27
120610 132.225
120620 132.209
120630 132.241
120640 132.267
120650 132.275
120660 132.308
120670 132.35
120680 132.404
120690 132.437
120700 132.443
120710 132.444
120720 132.486
120730 132.5
120740 132.456
120750 132.486
120760 132.571
120770 132.619
120780 132.59
120790 132.571
120800 132.59
120810 132.571
120820 132.521
120830 132.539
120840 132.594
120850 132.582
120860 132.546
120870 132.541
120880 132.543
120890 132.555
120900 132.545
120910 132.514
120920 132.503
120930 132.52
120940 132.507
120950 132.494
120960 132.487
120970 132.46
120980 132.446
120990 132.456
121000 132.475
121010 132.461
121020 132.42
121030 132.385
121040 132.372
121050 132.37
121060 132.358
121070 132.356
121080 132.349
121090 132.291
121100 132.241
121110 132.236
121120 132.203
121130 132.135
121140 132.078
121150 132.052
121160 132.031
121170 132.008
121180 131.998
121190 131.992
121200 131.991
121210 132.005
121220 132.014
121230 132.065
121240 132.119
121250 132.172
121260 132.235
121270 132.318
121280 132.341
121290 132.336
121300 132.347
121310 132.356
121320 132.336
121330 132.317
121340 132.326
121350 132.338
121360 132.331
121370 132.323
121380 132.344
121390 132.365
121400 132.366
121410 132.381
121420 132.407
121430 132.422
121440 132.423
121450 132.458
121460 132.525
121470 132.602
121480 132.644
121490 132.629
121500 132.624
121510 132.702
121520 132.789
121530 132.822
121540 132.854
121550 132.887
121560 132.894
121570 132.911
121580 132.922
121590 132.912
121600 132.891
121610 132.896
121620 132.91
121630 132.885
121640 132.841
121650 132.84
121660 132.887
121670 132.926
121680 132.978
121690 133.047
121700 133.104
121710 133.147
121720 133.205
121730 133.285
121740 133.323
121750 133.289
121760 133.276
121770 133.313
121780 133.336
121790 133.314
121800 133.305
121810 133.329
121820 133.35
121830 133.361
121840 133.375
121850 133.396
121860 133.403
121870 133.369
121880 133.333
121890 133.306
121900 133.265
121910 133.245
121920 133.301
121930 133.397
121940 133.438
121950 133.4
121960 133.359
121970 133.316
121980 133.301
121990 133.352
122000 133.41
122010 133.434
122020 133.493
122030 133.601
122040 133.702
122050 133.732
122060 133.701
122070 133.685
122080 133.726
122090 133.773
122100 133.802
122110 133.826
122120 133.828
122130 133.826
122140 133.794
122150 133.749
122160 133.72
122170 133.704
122180 133.712
122190 133.752
122200 133.785
122210 133.809
122220 133.854
122230 133.904
122240 133.94
122250 133.979
122260 134.04
122270 134.119
122280 134.165
122290 134.178
122300 134.153
122310 134.142
122320 134.212
122330 134.308
122340 134.33
122350 134.328
122360 134.348
122370 134.383
122380 134.406
122390 134.424
122400 134.444
122410 134.481
122420 134.513
122430 134.529
122440 134.555
122450 134.581
122460 134.601
122470 134.637
122480 134.679
122490 134.703
122500 134.684
122510 134.669
122520 134.694
122530 134.766
122540 134.82
122550 134.826
122560 134.823
122570 134.799
122580 134.759
122590 134.766
122600 134.843
122610 134.944
122620 135.011
122630 135.071
122640 135.121
122650 135.154
122660 135.166
122670 135.16
122680 135.148
122690 135.161
122700 135.217
122710 135.275
122720 135.301
122730 135.325
122740 135.39
122750 135.474
122760 135.535
122770 135.583
122780 135.596
122790 135.613
122800 135.679
122810 135.716
122820 135.744
122830 135.785
122840 135.778
122850 135.729
122860 135.703
122870 135.713
122880 135.708
122890 135.665
122900 135.623
122910 135.583
122920 135.564
122930 135.572
122940 135.561
122950 135.517
122960 135.458
122970 135.404
122980 135.367
122990 135.372
123000 135.381
123010 135.359
123020 135.37
123030 135.428
123040 135.472
123050 135.493
123060 135.516
123070 135.524
123080 135.481
123090 135.401
123100 135.379
123110 135.422
123120 135.489
123130 135.527
123140 135.533
123150 135.517
123160 135.5
123170 135.507
123180 135.548
123190 135.591
123200 135.603
123210 135.59
123220 135.611
123230 135.657
123240 135.675
123250 135.682
123260 135.67
123270 135.668
123280 135.672
123290 135.649
123300 135.634
123310 135.668
123320 135.699
123330 135.715
123340 135.771
123350 135.849
123360 135.856
123370 135.813
123380 135.8
123390 135.811
123400 135.81
123410 135.814
123420 135.821
123430 135.802
123440 135.754
123450 135.731
123460 135.716
123470 135.682
123480 135.665
123490 135.691
123500 135.729
123510 135.734
123520 135.742
123530 135.781
123540 135.814
123550 135.808
123560 135.809
123570 135.842
123580 135.867
123590 135.844
123600 135.849
123610 135.899
123620 135.961
123630 136.007
123640 136.017
123650 135.974
123660 135.961
123670 135.988
123680 136.013
123690 136.004
123700 136.007
123710 135.995
123720 135.971
123730 135.959
123740 136.012
123750 136.081
123760 136.188
123770 136.276
123780 136.329
123790 136.353
123800 136.396
123810 136.457
123820 136.525
123830 136.559
123840 136.557
123850 136.554
123860 136.597
123870 136.645
123880 136.622
123890 136.569
123900 136.574
123910 136.625
123920 136.654
123930 136.64
123940 136.618
123950 136.645
123960 136.715
123970 136.812
123980 136.899
123990 136.948
124000 136.985
124010 137.042
124020 137.101
124030 137.101
124040 137.027
124050 136.994
124060 137.024
124070 137.052
124080 137.062
124090 137.122
124100 137.144
124110 137.099
124120 137.093
124130 137.113
124140 137.083
124150 137.042
124160 137.07
124170 137.102
124180 137.08
124190 137.061
124200 137.094
124210 137.155
124220 137.174
124230 137.158
124240 137.163
124250 137.173
124260 137.161
124270 137.158
124280 137.213
124290 137.263
124300 137.297
124310 137.354
124320 137.402
124330 137.433
124340 137.449
124350 137.473
124360 137.492
124370 137.493
124380 137.459
124390 137.39
124400 137.331
124410 137.34
124420 137.39
124430 137.437
124440 137.446
124450 137.465
124460 137.465
124470 137.463
124480 137.564
124490 137.685
124500 137.708
124510 137.672
124520 137.691
124530 137.753
124540 137.798
124550 137.843
124560 137.883
124570 137.887
124580 137.915
124590 137.98
124600 138.046
124610 138.084
124620 138.115
124630 138.154
124640 138.188
124650 138.204
124660 138.216
124670 138.247
124680 138.253
124690 138.235
124700 138.242
124710 138.246
124720 138.231
124730 138.263
124740 138.327
124750 138.381
124760 138.407
124770 138.42
124780 138.417
124790 138.378
124800 138.316
124810 138.271
124820 138.272
124830 138.307
124840 138.315
124850 138.276
124860 138.26
124870 138.315
124880 138.378
124890 138.369
124900 138.339
124910 138.352
124920 138.37
124930 138.402
124940 138.436
124950 138.444
124960 138.44
124970 138.458
124980 138.473
124990 138.458
125000 138.45
125010 138.449
125020 138.469
125030 138.498
125040 138.521
125050 138.519
125060 138.438
125070 138.338
125080 138.306
125090 138.339
125100 138.36
125110 138.371
125120 138.375
125130 138.377
125140 138.422
125150 138.47
125160 138.454
125170 138.419
125180 138.46
125190 138.521
125200 138.542
125210 138.53
125220 138.525
125230 138.545
125240 138.535
125250 138.513
125260 138.541
125270 138.579
125280 138.592
125290 138.614
125300 138.653
125310 138.691
125320 138.722
125330 138.716
125340 138.673
125350 138.669
125360 138.697
125370 138.725
125380 138.731
125390 138.719
125400 138.729
125410 138.803
125420 138.87
125430 138.891
125440 138.925
125450 138.987
125460 138.998
125470 138.97
125480 138.988
125490 139.007
125500 138.996
125510 139.006
125520 139.013
125530 138.947
125540 138.876
125550 138.85
125560 138.848
125570 138.852
125580 138.855
125590 138.884
125600 138.931
125610 138.951
125620 138.932
125630 138.909
125640 138.902
125650 138.885
125660 138.864
125670 138.895
125680 138.955
125690 138.972
125700 138.965
125710 138.979
125720 139.026
125730 139.109
125740 139.18
125750 139.218
125760 139.234
125770 139.287
125780 139.358
125790 139.39
125800 139.398
125810 139.376
125820 139.351
125830 139.345
125840 139.347
125850 139.332
125860 139.312
125870 139.286
125880 139.278
125890 139.281
125900 139.286
125910 139.312
125920 139.355
125930 139.392
125940 139.437
125950 139.447
125960 139.402
125970 139.342
125980 139.326
125990 139.34
126000 139.326
126010 139.326
126020 139.346
126030 139.365
126040 139.359
126050 139.335
126060 139.307
126070 139.322
126080 139.363
126090 139.391
126100 139.414
126110 139.462
126120 139.496
126130 139.488
126140 139.477
126150 139.5
126160 139.522
126170 139.547
126180 139.552
126190 139.553
126200 139.57
126210 139.576
126220 139.55
126230 139.53
126240 139.551
126250 139.601
126260 139.612
126270 139.633
126280 139.679
126290 139.713
126300 139.704
126310 139.7
126320 139.731
126330 139.737
126340 139.751
126350 139.815
126360 139.9
126370 139.908
126380 139.888
126390 139.942
126400 140.029
126410 140.045
126420 140.034
126430 140.045
126440 140.071
126450 140.094
126460 140.077
126470 140.039
126480 140.037
126490 140.044
126500 140.026
126510 140.02
126520 140.023
126530 140.046
126540 140.081
126550 140.051
126560 140.012
126570 140.039
126580 140.071
126590 140.035
126600 140.029
126610 140.041
126620 139.986
126630 139.918
126640 139.933
126650 139.931
126660 139.851
126670 139.841
126680 139.908
126690 139.946
126700 139.913
126710 139.864
126720 139.874
126730 139.915
126740 139.924
126750 139.916
126760 139.938
126770 139.951
126780 139.943
126790 139.968
126800 140.04
126810 140.082
126820 140.092
126830 140.134
126840 140.216
126850 140.267
126860 140.243
126870 140.212
126880 140.205
126890 140.197
126900 140.196
126910 140.227
126920 140.269
126930 140.291
126940 140.287
126950 140.296
126960 140.311
126970 140.304
126980 140.281
126990 140.257
127000 140.24
127010 140.237
127020 140.218
127030 140.142
127040 140.029
127050 139.953
127060 139.983
127070 140.127
127080 140.2
127090 140.171
127100 140.17
127110 140.206
127120 140.264
127130 140.281
127140 140.245
127150 140.209
127160 140.248
127170 140.293
127180 140.274
127190 140.225
127200 140.204
127210 140.208
127220 140.233
127230 140.292
127240 140.355
127250 140.395
127260 140.437
127270 140.44
127280 140.432
127290 140.451
127300 140.478
127310 140.48
127320 140.513
127330 140.573
127340 140.628
127350 140.64
127360 140.628
127370 140.665
127380 140.724
127390 140.761
127400 140.781
127410 140.822
127420 140.86
127430 140.863
127440 140.884
127450 140.951
127460 140.985
127470 140.959
127480 140.94
127490 140.927
127500 140.886
127510 140.838
127520 140.855
127530 140.91
127540 140.942
127550 140.92
127560 140.918
127570 140.946
127580 140.948
127590 140.93
127600 140.963
127610 141.017
127620 141.025
127630 141.02
127640 141.041
127650 141.03
127660 140.992
127670 141.04
127680 141.1
127690 141.082
127700 141.052
127710 141.065
127720 141.088
127730 141.102
127740 141.131
127750 141.15
127760 141.146
127770 141.176
127780 141.257
127790 141.306
127800 141.344
127810 141.416
127820 141.496
127830 141.52
127840 141.486
127850 141.472
127860 141.534
127870 141.608
127880 141.615
127890 141.594
127900 141.615
127910 141.674
127920 141.73
127930 141.755
127940 141.758
127950 141.774
127960 141.806
127970 141.817
127980 141.806
127990 141.809
128000 141.828
128010 141.815
128020 141.766
128030 141.727
128040 141.74
128050 141.783
128060 141.817
128070 141.858
128080 141.908
128090 141.974
128100 142.049
128110 142.094
128120 142.1
128130 142.113
128140 142.123
128150 142.113
128160 142.1
128170 142.094
128180 142.109
128190 142.162
128200 142.202
128210 142.225
128220 142.271
128230 142.291
128240 142.267
128250 142.266
128260 142.286
128270 142.318
128280 142.398
128290 142.464
128300 142.479
128310 142.496
128320 142.538
128330 142.57
128340 142.59
128350 142.599
128360 142.611
128370 142.667
128380 142.705
128390 142.687
128400 142.672
128410 142.701
128420 142.74
128430 142.73
128440 142.674
128450 142.651
128460 142.698
128470 142.741
128480 142.734
128490 142.729
128500 142.774
128510 142.839
128520 142.895
128530 142.947
128540 142.937
128550 142.92
128560 142.969
128570 143.053
128580 143.093
128590 143.092
128600 143.124
128610 143.153
128620 143.109
128630 143.015
128640 142.99
128650 143.047
128660 143.043
128670 142.969
128680 142.907
128690 142.904
128700 142.941
128710 142.982
128720 142.991
128730 142.985
128740 142.987
128750 143.02
128760 143.075
128770 143.115
128780 143.154
128790 143.191
128800 143.268
128810 143.313
128820 143.301
128830 143.318
128840 143.39
128850 143.49
128860 143.546
128870 143.569
128880 143.559
128890 143.528
128900 143.548
128910 143.589
128920 143.62
128930 143.643
128940 143.635
128950 143.641
128960 143.636
128970 143.622
128980 143.645
128990 143.699
129000 143.71
129010 143.666
129020 143.645
129030 143.662
129040 143.704
129050 143.734
129060 143.729
129070 143.691
129080 143.688
129090 143.746
129100 143.79
129110 143.779
129120 143.748
129130 143.732
129140 143.731
129150 143.729
129160 143.725
129170 143.741
129180 143.736
129190 143.718
129200 143.7
129210 143.684
129220 143.685
129230 143.711
129240 143.769
129250 143.832
129260 143.868
129270 143.853
129280 143.81
129290 143.781
129300 143.777
129310 143.716
129320 143.617
129330 143.585
129340 143.622
129350 143.647
129360 143.595
129370 143.553
129380 143.577
129390 143.617
129400 143.586
129410 143.539
129420 143.569
129430 143.614
129440 143.603
129450 143.624
129460 143.67
129470 143.68
129480 143.672
129490 143.661
129500 143.647
129510 143.655
129520 143.689
129530 143.713
129540 143.729
129550 143.732
129560 143.727
129570 143.703
129580 143.703
129590 143.736
129600 143.769
129610 143.782
129620 143.78
129630 143.778
129640 143.771
129650 143.744
129660 143.739
129670 143.743
129680 143.724
129690 143.679
129700 143.667
129710 143.73
129720 143.863
129730 143.993
129740 144.04
129750 144.076
129760 144.1
129770 144.058
129780 144.019
129790 144.046
129800 144.072
129810 144.073
129820 144.063
129830 144.063
129840 144.069
129850 144.034
129860 143.976
129870 143.953
129880 143.967
129890 143.983
129900 143.989
129910 144.009
129920 144.008
129930 143.965
129940 143.926
129950 143.924
129960 143.924
129970 143.881
129980 143.83
129990 143.846
130000 143.894
130010 143.922
130020 143.947
130030 144.012
130040 144.124
130050 144.177
130060 144.193
130070 144.254
130080 144.332
130090 144.356
130100 144.352
130110 144.345
130120 144.372
130130 144.426
130140 144.454
130150 144.457
130160 144.44
130170 144.455
130180 144.503
130190 144.56
130200 144.567
130210 144.53
130220 144.485
130230 144.461
130240 144.49
130250 144.501
130260 144.466
130270 144.443
130280 144.457
130290 144.45
130300 144.393
130310 144.374
130320 144.421
130330 144.459
130340 144.473
130350 144.493
130360 144.502
130370 144.485
130380 144.472
130390 144.497
130400 144.501
130410 144.472
130420 144.439
130430 144.396
130440 144.39
130450 144.427
130460 144.462
130470 144.453
130480 144.496
130490 144.562
130500 144.564
130510 144.57
130520 144.647
130530 144.694
130540 144.659
130550 144.631
130560 144.655
130570 144.708
130580 144.748
130590 144.787
130600 144.828
130610 144.85
130620 144.887
130630 144.959
130640 144.994
130650 144.991
130660 144.996
130670 145.007
130680 144.993
130690 144.978
130700 144.961
130710 144.951
130720 144.972
130730 144.998
130740 144.997
130750 145.031
130760 145.084
130770 145.084
130780 145.038
130790 145.031
130800 145.042
130810 145.027
130820 145.034
130830 145.09
130840 145.149
130850 145.192
130860 145.227
130870 145.241
130880 145.277
130890 145.335
130900 145.359
130910 145.349
130920 145.358
130930 145.377
130940 145.33
130950 145.311
130960 145.346
130970 145.393
130980 145.426
130990 145.433
131000 145.402
131010 145.363
131020 145.382
131030 145.423
131040 145.46
131050 145.49
131060 145.472
131070 145.432
131080 145.431
131090 145.485
131100 145.528
131110 145.541
131120 145.548
131130 145.572
131140 145.594
131150 145.559
131160 145.513
131170 145.501
131180 145.55
131190 145.597
131200 145.61
131210 145.613
131220 145.655
131230 145.668
131240 145.612
131250 145.569
131260 145.604
131270 145.613
131280 145.548
131290 145.5
131300 145.524
131310 145.566
131320 145.634
131330 145.7
131340 145.711
131350 145.69
131360 145.676
131370 145.682
131380 145.691
131390 145.675
131400 145.675
131410 145.713
131420 145.736
131430 145.755
131440 145.796
131450 145.816
131460 145.823
131470 145.801
131480 145.814
131490 145.853
131500 145.852
131510 145.869
131520 145.915
131530 145.922
131540 145.934
131550 145.986
131560 146
131570 145.98
131580 146.003
131590 146.049
131600 146.056
131610 146.037
131620 146.019
131630 146.016
131640 146.008
131650 145.968
131660 145.951
131670 145.997
131680 146.049
131690 146.037
131700 146.003
131710 146.031
131720 146.088
131730 146.114
131740 146.089
131750 146.095
131760 146.142
131770 146.177
131780 146.19
131790 146.236
131800 146.318
131810 146.402
131820 146.423
131830 146.425
131840 146.495
131850 146.591
131860 146.617
131870 146.591
131880 146.605
131890 146.621
131900 146.665
131910 146.702
131920 146.689
131930 146.642
131940 146.617
131950 146.622
131960 146.611
131970 146.58
131980 146.586
131990 146.603
132000 146.622
132010 146.638
132020 146.631
132030 146.615
132040 146.631
132050 146.71
132060 146.778
132070 146.799
132080 146.77
132090 146.758
132100 146.742
132110 146.722
132120 146.699
132130 146.667
132140 146.651
132150 146.68
132160 146.689
132170 146.633
132180 146.6
132190 146.619
132200 146.631
132210 146.609
132220 146.598
132230 146.671
132240 146.77
132250 146.844
132260 146.896
132270 146.924
132280 146.987
132290 147.083
132300 147.13
132310 147.106
132320 147.119
132330 147.215
132340 147.282
132350 147.279
132360 147.28
132370 147.334
132380 147.39
132390 147.427
132400 147.49
132410 147.587
132420 147.634
132430 147.647
132440 147.688
132450 147.756
132460 147.798
132470 147.798
132480 147.791
132490 147.831
132500 147.908
132510 147.934
132520 147.93
132530 147.979
132540 148.015
132550 147.998
132560 147.956
132570 147.983
132580 148.049
132590 148.07
132600 148.044
132610 148.054
132620 148.087
132630 148.077
132640 148.043
132650 148.027
132660 148.049
132670 148.079
132680 148.068
132690 148.034
132700 148.039
132710 148.038
132720 147.988
132730 147.95
132740 147.985
132750 148.029
132760 148.037
132770 148.044
132780 148.044
132790 148.037
132800 148.037
132810 148.01
132820 147.989
132830 148
132840 148.042
132850 148.083
132860 148.082
132870 148.076
132880 148.121
132890 148.16
132900 148.128
132910 148.067
132920 148.045
132930 148.071
132940 148.112
132950 148.1
132960 148.052
132970 148.022
132980 148.049
132990 148.103
133000 148.109
133010 148.103
133020 148.156
133030 148.215
133040 148.253
133050 148.308
133060 148.38
133070 148.482
133080 148.538
133090 148.533
133100 148.52
133110 148.568
133120 148.657
133130 148.665
133140 148.607
133150 148.594
133160 148.624
133170 148.616
133180 148.586
133190 148.59
133200 148.635
133210 148.647
133220 148.629
133230 148.621
133240 148.643
133250 148.674
133260 148.711
133270 148.734
133280 148.718
133290 148.712
133300 148.747
133310 148.767
133320 148.735
133330 148.736
133340 148.765
133350 148.754
133360 148.759
133370 148.804
133380 148.842
133390 148.87
133400 148.892
133410 148.917
133420 148.936
133430 148.955
133440 148.971
133450 148.978
133460 149.029
133470 149.093
133480 149.073
133490 149.029
133500 149.002
133510 148.957
133520 148.934
133530 148.967
133540 149.033
133550 149.09
133560 149.107
133570 149.054
133580 149.007
133590 149.013
133600 149.043
133610 149.074
133620 149.07
133630 149.042
133640 149.058
133650 149.083
133660 149.076
133670 149.085
133680 149.095
133690 149.096
133700 149.096
133710 149.13
133720 149.185
133730 149.228
133740 149.211
133750 149.168
133760 149.164
133770 149.175
133780 149.139
133790 149.081
133800 149.077
133810 149.082
133820 149.085
133830 149.15
133840 149.224
133850 149.208
133860 149.169
133870 149.221
133880 149.306
133890 149.317
133900 149.275
133910 149.263
133920 149.239
133930 149.223
133940 149.255
133950 149.276
133960 149.276
133970 149.334
133980 149.416
133990 149.41
134000 149.374
134010 149.376
134020 149.377
134030 149.372
134040 149.42
134050 149.459
134060 149.416
134070 149.368
134080 149.388
134090 149.409
134100 149.394
134110 149.354
134120 149.329
134130 149.301
134140 149.291
134150 149.345
134160 149.446
134170 149.521
134180 149.571
134190 149.611
134200 149.666
134210 149.719
134220 149.765
134230 149.803
134240 149.791
134250 149.746
134260 149.726
134270 149.714
134280 149.672
134290 149.635
134300 149.631
134310 149.641
134320 149.627
134330 149.616
134340 149.611
134350 149.582
134360 149.573
134370 149.594
134380 149.626
134390 149.651
134400 149.643
134410 149.612
134420 149.623
134430 149.664
134440 149.722
134450 149.756
134460 149.77
134470 149.725
134480 149.687
134490 149.72
134500 149.767
134510 149.769
134520 149.758
134530 149.759
134540 149.743
134550 149.702
134560 149.656
134570 149.623
134580 149.645
134590 149.694
134600 149.705
134610 149.741
134620 149.825
134630 149.916
134640 149.981
134650 150.013
134660 150.046
134670 150.099
134680 150.155
134690 150.176
134700 150.185
134710 150.23
134720 150.335
134730 150.473
134740 150.561
134750 150.574
134760 150.586
134770 150.629
134780 150.657
134790 150.64
134800 150.632
134810 150.689
134820 150.741
134830 150.732
134840 150.702
134850 150.702
134860 150.737
134870 150.767
134880 150.818
134890 150.864
134900 150.854
134910 150.809
134920 150.793
134930 150.861
134940 150.919
134950 150.908
134960 150.888
134970 150.922
134980 150.937
134990 150.92
135000 150.891
135010 150.866
135020 150.844
135030 150.825
135040 150.827
135050 150.82
135060 150.764
135070 150.697
135080 150.674
135090 150.653
135100 150.602
135110 150.545
135120 150.539
135130 150.57
135140 150.594
135150 150.58
135160 150.567
135170 150.544
135180 150.583
135190 150.658
135200 150.653
135210 150.632
135220 150.644
135230 150.657
135240 150.684
135250 150.701
135260 150.691
135270 150.669
135280 150.681
135290 150.712
135300 150.738
135310 150.774
135320 150.857
135330 150.953
135340 150.97
135350 150.964
135360 151.017
135370 151.073
135380 151.109
135390 151.132
135400 151.122
135410 151.11
135420 151.127
135430 151.126
135440 151.088
135450 151.055
135460 151.023
135470 150.977
135480 150.954
135490 150.944
135500 150.949
135510 150.958
135520 150.952
135530 150.901
135540 150.835
135550 150.821
135560 150.837
135570 150.829
135580 150.823
135590 150.807
135600 150.771
135610 150.758
135620 150.811
135630 150.856
135640 150.833
135650 150.825
135660 150.885
135670 150.973
135680 151.048
135690 151.087
135700 151.125
135710 151.192
135720 151.232
135730 151.257
135740 151.341
135750 151.412
135760 151.422
135770 151.406
135780 151.362
135790 151.307
135800 151.314
135810 151.4
135820 151.468
135830 151.496
135840 151.5
135850 151.458
135860 151.444
135870 151.505
135880 151.508
135890 151.444
135900 151.42
135910 151.432
135920 151.44
135930 151.452
135940 151.518
135950 151.551
135960 151.479
135970 151.393
135980 151.362
135990 151.367
136000 151.364
136010 151.34
136020 151.325
136030 151.322
136040 151.322
136050 151.345
136060 151.384
136070 151.425
136080 151.443
136090 151.467
136100 151.491
136110 151.514
136120 151.556
136130 151.603
136140 151.616
136150 151.576
136160 151.534
136170 151.509
136180 151.529
136190 151.556
136200 151.554
136210 151.564
136220 151.625
136230 151.652
136240 151.594
136250 151.538
136260 151.525
136270 151.504
136280 151.51
136290 151.57
136300 151.613
136310 151.586
136320 151.527
136330 151.5
136340 151.549
136350 151.556
136360 151.517
136370 151.519
136380 151.568
136390 151.62
136400 151.642
136410 151.655
136420 151.671
136430 151.683
136440 151.683
136450 151.677
136460 151.678
136470 151.71
136480 151.767
136490 151.806
136500 151.861
136510 151.936
136520 151.979
136530 151.995
136540 152.022
136550 152.066
136560 152.118
136570 152.191
136580 152.22
136590 152.244
136600 152.294
136610 152.29
136620 152.224
136630 152.216
136640 152.26
136650 152.249
136660 152.188
136670 152.168
136680 152.163
136690 152.14
136700 152.159
136710 152.238
136720 152.304
136730 152.346
136740 152.373
136750 152.363
136760 152.351
136770 152.378
136780 152.411
136790 152.429
136800 152.438
136810 152.469
136820 152.502
136830 152.517
136840 152.551
136850 152.597
136860 152.658
136870 152.728
136880 152.75
136890 152.763
136900 152.821
136910 152.866
136920 152.903
136930 152.956
136940 152.97
136950 152.943
136960 152.909
136970 152.889
136980 152.9
136990 152.95
137000 153.016
137010 153.024
137020 153.011
137030 153.02
137040 152.998
137050 152.957
137060 152.94
137070 152.924
137080 152.918
137090 152.984
137100 153.044
137110 153.077
137120 153.122
137130 153.165
137140 153.175
137150 153.191
137160 153.196
137170 153.169
137180 153.175
137190 153.182
137200 153.159
137210 153.158
137220 153.224
137230 153.312
137240 153.357
137250 153.367
137260 153.362
137270 153.382
137280 153.42
137290 153.427
137300 153.435
137310 153.458
137320 153.478
137330 153.503
137340 153.534
137350 153.545
137360 153.529
137370 153.539
137380 153.563
137390 153.569
137400 153.561
137410 153.586
137420 153.631
137430 153.662
137440 153.7
137450 153.758
137460 153.778
137470 153.757
137480 153.725
137490 153.7
137500 153.676
137510 153.646
137520 153.642
137530 153.635
137540 153.637
137550 153.609
137560 153.56
137570 153.549
137580 153.554
137590 153.55
137600 153.556
137610 153.561
137620 153.574
137630 153.592
137640 153.57
137650 153.531
137660 153.486
137670 153.485
137680 153.548
137690 153.555
137700 153.506
137710 153.499
137720 153.581
137730 153.658
137740 153.658
137750 153.645
137760 153.677
137770 153.701
137780 153.675
137790 153.63
137800 153.602
137810 153.612
137820 153.624
137830 153.641
137840 153.695
137850 153.749
137860 153.743
137870 153.75
137880 153.782
137890 153.756
137900 153.721
137910 153.726
137920 153.756
137930 153.802
137940 153.812
137950 153.769
137960 153.743
137970 153.748
137980 153.77
137990 153.811
138000 153.857
138010 153.873
138020 153.886
138030 153.912
138040 153.906
138050 153.876
138060 153.889
138070 153.893
138080 153.846
138090 153.811
138100 153.836
138110 153.889
138120 153.923
138130 153.914
138140 153.847
138150 153.83
138160 153.872
138170 153.849
138180 153.765
138190 153.744
138200 153.805
138210 153.828
138220 153.842
138230 153.904
138240 153.946
138250 153.93
138260 153.901
138270 153.901
138280 153.888
138290 153.844
138300 153.818
138310 153.834
138320 153.836
138330 153.803
138340 153.817
138350 153.874
138360 153.876
138370 153.805
138380 153.723
138390 153.699
138400 153.719
138410 153.705
138420 153.643
138430 153.579
138440 153.578
138450 153.586
138460 153.588
138470 153.579
138480 153.508
138490 153.444
138500 153.468
138510 153.541
138520 153.582
138530 153.595
138540 153.592
138550 153.61
138560 153.636
138570 153.659
138580 153.687
138590 153.696
138600 153.677
138610 153.68
138620 153.718
138630 153.762
138640 153.787
138650 153.842
138660 153.885
138670 153.894
138680 153.888
138690 153.851
138700 153.846
138710 153.9
138720 153.904
138730 153.877
138740 153.93
138750 153.968
138760 153.911
138770 153.839
138780 153.829
138790 153.818
138800 153.751
138810 153.671
138820 153.609
138830 153.581
138840 153.584
138850 153.561
138860 153.521
138870 153.48
138880 153.451
138890 153.433
138900 153.424
138910 153.401
138920 153.424
138930 153.483
138940 153.501
138950 153.497
138960 153.533
138970 153.568
138980 153.605
138990 153.66
139000 153.677
139010 153.626
139020 153.588
139030 153.626
139040 153.696
139050 153.742
139060 153.76
139070 153.779
139080 153.842
139090 153.935
139100 153.973
139110 153.942
139120 153.935
139130 153.931
139140 153.856
139150 153.797
139160 153.852
139170 153.917
139180 153.876
139190 153.835
139200 153.829
139210 153.762
139220 153.649
139230 153.624
139240 153.695
139250 153.755
139260 153.759
139270 153.734
139280 153.699
139290 153.715
139300 153.774
139310 153.807
139320 153.818
139330 153.837
139340 153.847
139350 153.82
139360 153.812
139370 153.823
139380 153.787
139390 153.723
139400 153.717
139410 153.781
139420 153.815
139430 153.802
139440 153.802
139450 153.825
139460 153.823
139470 153.824
139480 153.832
139490 153.812
139500 153.799
139510 153.77
139520 153.71
139530 153.673
139540 153.688
139550 153.684
139560 153.642
139570 153.626
139580 153.661
139590 153.72
139600 153.762
139610 153.786
139620 153.804
139630 153.826
139640 153.878
139650 153.962
139660 154.039
139670 154.107
139680 154.11
139690 154.08
139700 154.087
139710 154.086
139720 154.067
139730 154.073
139740 154.152
139750 154.243
139760 154.278
139770 154.295
139780 154.342
139790 154.401
139800 154.426
139810 154.453
139820 154.477
139830 154.518
139840 154.584
139850 154.622
139860 154.628
139870 154.635
139880 154.679
139890 154.714
139900 154.734
139910 154.747
139920 154.727
139930 154.686
139940 154.696
139950 154.768
139960 154.799
139970 154.82
139980 154.851
139990 154.866
140000 154.892
140010 154.947
140020 154.935
140030 154.903
140040 154.942
140050 154.993
140060 154.986
140070 154.937
140080 154.899
140090 154.863
140100 154.829
140110 154.815
140120 154.839
140130 154.869
140140 154.873
140150 154.864
140160 154.886
140170 154.917
140180 154.916
140190 154.897
140200 154.916
140210 154.933
140220 154.967
140230 155.038
140240 155.076
140250 155.082
140260 155.119
140270 155.171
140280 155.219
140290 155.282
140300 155.32
140310 155.315
140320 155.297
140330 155.303
140340 155.333
140350 155.333
140360 155.293
140370 155.266
140380 155.266
140390 155.268
140400 155.266
140410 155.3
140420 155.361
140430 155.409
140440 155.436
140450 155.438
140460 155.437
140470 155.485
140480 155.536
140490 155.522
140500 155.505
140510 155.535
140520 155.52
140530 155.448
140540 155.421
140550 155.457
140560 155.487
140570 155.494
140580 155.554
140590 155.642
140600 155.697
140610 155.702
140620 155.681
140630 155.666
140640 155.642
140650 155.614
140660 155.613
140670 155.669
140680 155.739
140690 155.797
140700 155.831
140710 155.868
140720 155.935
140730 155.976
140740 155.993
140750 156.048
140760 156.115
140770 156.128
140780 156.142
140790 156.157
140800 156.146
140810 156.159
140820 156.221
140830 156.29
140840 156.337
140850 156.373
140860 156.403
140870 156.397
140880 156.386
140890 156.418
140900 156.436
140910 156.413
140920 156.389
140930 156.384
140940 156.426
140950 156.475
140960 156.505
140970 156.481
140980 156.451
140990 156.442
141000 156.447
141010 156.438
141020 156.427
141030 156.437
141040 156.439
141050 156.434
141060 156.422
141070 156.387
141080 156.344
141090 156.305
141100 156.29
141110 156.3
141120 156.296
141130 156.297
141140 156.301
141150 156.299
141160 156.284
141170 156.289
141180 156.342
141190 156.378
141200 156.383
141210 156.397
141220 156.42
141230 156.453
141240 156.463
141250 156.441
141260 156.442
141270 156.44
141280 156.421
141290 156.432
141300 156.495
141310 156.543
141320 156.545
141330 156.576
141340 156.637
141350 156.677
141360 156.719
141370 156.776
141380 156.789
141390 156.745
141400 156.71
141410 156.688
141420 156.689
141430 156.716
141440 156.714
141450 156.707
141460 156.731
141470 156.723
141480 156.71
141490 156.75
141500 156.802
141510 156.801
141520 156.808
141530 156.876
141540 156.936
141550 156.962
141560 156.988
141570 156.981
141580 156.907
141590 156.849
141600 156.884
141610 156.925
141620 156.881
141630 156.848
141640 156.832
141650 156.816
141660 156.845
141670 156.909
141680 156.925
141690 156.877
141700 156.89
141710 156.962
141720 157.012
141730 157.012
141740 156.989
141750 156.998
141760 157.051
141770 157.082
141780 157.079
141790 157.102
141800 157.175
141810 157.241
141820 157.244
141830 157.232
141840 157.236
141850 157.208
141860 157.156
141870 157.132
141880 157.139
141890 157.119
141900 157.101
141910 157.105
141920 157.133
141930 157.172
141940 157.228
141950 157.309
141960 157.403
141970 157.496
141980 157.582
141990 157.618
142000 157.642
142010 157.666
142020 157.693
142030 157.655
142040 157.605
142050 157.676
142060 157.8
142070 157.853
142080 157.839
142090 157.863
142100 157.925
142110 157.978
142120 157.981
142130 157.967
142140 157.971
142150 157.973
142160 157.964
142170 157.953
142180 157.933
142190 157.896
142200 157.862
142210 157.883
142220 157.908
142230 157.923
142240 157.955
142250 157.982
142260 157.966
142270 157.941
142280 157.946
142290 157.983
142300 158.007
142310 158.01
142320 158.022
142330 158.055
142340 158.057
142350 158.039
142360 158.057
142370 158.077
142380 158.068
142390 158.051
142400 158.019
142410 158.013
142420 158.021
142430 157.993
142440 157.927
142450 157.856
142460 157.853
142470 157.944
142480 158.026
142490 158.021
142500 157.964
142510 157.908
142520 157.891
142530 157.911
142540 157.956
142550 157.989
142560 158.009
142570 157.978
142580 157.937
142590 157.955
142600 157.985
142610 157.996
142620 158.035
142630 158.055
142640 158.057
142650 158.048
142660 158.075
142670 158.09
142680 158.047
142690 158.022
142700 158.043
142710 158.052
142720 158.07
142730 158.129
142740 158.16
142750 158.16
142760 158.16
142770 158.223
142780 158.286
142790 158.283
142800 158.284
142810 158.364
142820 158.464
142830 158.481
142840 158.445
142850 158.45
142860 158.511
142870 158.56
142880 158.587
142890 158.614
142900 158.655
142910 158.725
142920 158.795
142930 158.852
142940 158.889
142950 158.848
142960 158.802
142970 158.823
142980 158.831
142990 158.765
143000 158.728
143010 158.746
143020 158.782
143030 158.812
143040 158.832
143050 158.848
143060 158.897
143070 158.988
143080 159.087
143090 159.167
143100 159.188
143110 159.156
143120 159.131
143130 159.127
143140 159.111
143150 159.091
143160 159.066
143170 159.054
143180 159.082
143190 159.113
143200 159.126
143210 159.145
143220 159.202
143230 159.219
143240 159.229
143250 159.316
143260 159.395
143270 159.39
143280 159.401
143290 159.491
143300 159.578
143310 159.635
143320 159.69
143330 159.747
143340 159.809
143350 159.86
143360 159.916
143370 159.958
143380 159.927
143390 159.853
143400 159.837
143410 159.855
143420 159.836
143430 159.799
143440 159.783
143450 159.767
143460 159.756
143470 159.757
143480 159.721
