# Time-averaged data for fix msdk
# TimeStep c_mk[4]
0 1.57575e-29
10 0.00234426
20 0.00922686
30 0.0200615
40 0.0340393
50 0.0502421
60 0.0677223
70 0.0861318
80 0.105952
90 0.127596
100 0.150938
110 0.175795
120 0.202095
130 0.22971
140 0.258419
150 0.288034
160 0.318392
170 0.349259
180 0.380411
190 0.411794
200 0.443088
210 0.473571
220 0.502295
230 0.528717
240 0.553076
250 0.575897
260 0.597706
270 0.618939
280 0.639953
290 0.660942
300 0.68153
310 0.70091
320 0.719071
330 0.736425
340 0.753025
350 0.768948
360 0.784493
370 0.799759
380 0.814621
390 0.829551
400 0.845256
410 0.861697
420 0.878422
430 0.895343
440 0.912644
450 0.930286
460 0.948226
470 0.966732
480 0.985362
490 1.00287
500 1.01859
510 1.03345
520 1.04936
530 1.06739
540 1.08715
550 1.10798
560 1.12968
570 1.15235
580 1.17601
590 1.20059
600 1.226
610 1.25213
620 1.27863
630 1.30481
640 1.3302
650 1.35544
660 1.38134
670 1.40749
680 1.43322
690 1.45863
700 1.48365
710 1.50717
720 1.52729
730 1.54343
740 1.55706
750 1.57006
760 1.58329
770 1.59707
780 1.61239
790 1.63029
800 1.64994
810 1.67034
820 1.69208
830 1.71522
840 1.73779
850 1.75791
860 1.77604
870 1.79436
880 1.81411
890 1.83518
900 1.85709
910 1.8794
920 1.90223
930 1.92662
940 1.95251
950 1.97818
960 2.00159
970 2.02241
980 2.04204
990 2.06186
1000 2.08219
1010 2.10267
1020 2.12268
1030 2.14184
1040 2.16029
1050 2.17831
1060 2.196
1070 2.21401
1080 2.23204
1090 2.24804
1100 2.26031
1110 2.26911
1120 2.27642
1130 2.28426
1140 2.29294
1150 2.30146
1160 2.30962
1170 2.31796
1180 2.32629
1190 2.33408
1200 2.34168
1210 2.34961
1220 2.35842
1230 2.36905
1240 2.38226
1250 2.39756
1260 2.41367
1270 2.42996
1280 2.44705
1290 2.46626
1300 2.48756
1310 2.5095
1320 2.53087
1330 2.55155
1340 2.57162
1350 2.59059
1360 2.60866
1370 2.62733
1380 2.64824
1390 2.67168
1400 2.69732
1410 2.72533
1420 2.75588
1430 2.78854
1440 2.82249
1450 2.85694
1460 2.89068
1470 2.9226
1480 2.95194
1490 2.97871
1500 3.00286
1510 3.02385
1520 3.04233
1530 3.05929
1540 3.07451
1550 3.08828
1560 3.10272
1570 3.11972
1580 3.13887
1590 3.15765
1600 3.1726
1610 3.18181
1620 3.18664
1630 3.18958
1640 3.19185
1650 3.19353
1660 3.19508
1670 3.19783
1680 3.20251
1690 3.20949
1700 3.21963
1710 3.23366
1720 3.25014
1730 3.26677
1740 3.28212
1750 3.29522
1760 3.30552
1770 3.31242
1780 3.31594
1790 3.31716
1800 3.31663
1810 3.31419
1820 3.31058
1830 3.30743
1840 3.30575
1850 3.30586
1860 3.30894
1870 3.31605
1880 3.32652
1890 3.33874
1900 3.3523
1910 3.36798
1920 3.38524
1930 3.40303
1940 3.42123
1950 3.43988
1960 3.45869
1970 3.47735
1980 3.49604
1990 3.51636
2000 3.53939
2010 3.5649
2020 3.59261
2030 3.62198
2040 3.65148
2050 3.67908
2060 3.704
2070 3.72619
2080 3.74488
2090 3.75939
2100 3.7698
2110 3.77685
2120 3.78278
2130 3.79058
2140 3.80214
2150 3.81804
2160 3.83736
2170 3.85773
2180 3.87787
2190 3.89775
2200 3.91681
2210 3.9341
2220 3.9496
2230 3.96431
2240 3.97866
2250 3.99205
2260 4.00362
2270 4.01275
2280 4.02012
2290 4.02767
2300 4.03663
2310 4.04671
2320 4.05683
2330 4.06552
2340 4.07218
2350 4.0779
2360 4.08418
2370 4.09104
2380 4.09714
2390 4.10114
2400 4.10226
2410 4.10077
2420 4.09803
2430 4.09509
2440 4.09225
2450 4.08973
2460 4.08816
2470 4.08758
2480 4.08657
2490 4.0834
2500 4.07835
2510 4.07266
2520 4.06756
2530 4.06488
2540 4.06557
2550 4.06909
2560 4.07542
2570 4.0852
2580 4.09863
2590 4.11494
2600 4.13248
2610 4.15064
2620 4.17073
2630 4.19341
2640 4.217
2650 4.23901
2660 4.25762
2670 4.27251
2680 4.28502
2690 4.29648
2700 4.30685
2710 4.31522
2720 4.32084
2730 4.32344
2740 4.32403
2750 4.32403
2760 4.32526
2770 4.33042
2780 4.34181
2790 4.35985
2800 4.3825
2810 4.40637
2820 4.42918
2830 4.45126
2840 4.47338
2850 4.49527
2860 4.51665
2870 4.5378
2880 4.55838
2890 4.57783
2900 4.59558
2910 4.61103
2920 4.62403
2930 4.63633
2940 4.65111
2950 4.66918
2960 4.68786
2970 4.70513
2980 4.72173
2990 4.73843
3000 4.75518
3010 4.77279
3020 4.79183
3030 4.81103
3040 4.82897
3050 4.84613
3060 4.864
3070 4.88362
3080 4.90553
3090 4.92962
3100 4.95489
3110 4.97996
3120 5.00421
3130 5.02816
3140 5.05201
3150 5.0758
3160 5.09936
3170 5.12201
3180 5.14311
3190 5.16396
3200 5.18734
3210 5.21646
3220 5.25169
3230 5.28932
3240 5.32551
3250 5.35939
3260 5.39101
3270 5.41953
3280 5.44496
3290 5.46832
3300 5.48912
3310 5.50534
3320 5.51686
3330 5.52596
3340 5.53528
3350 5.54586
3360 5.55783
3370 5.57129
3380 5.58597
3390 5.59995
3400 5.61105
3410 5.61879
3420 5.62344
3430 5.62525
3440 5.62514
3450 5.62481
3460 5.62511
3470 5.62506
3480 5.6246
3490 5.62638
3500 5.63228
3510 5.64098
3520 5.64981
3530 5.65816
3540 5.66897
3550 5.6851
3560 5.70706
3570 5.7345
3580 5.76665
3590 5.80177
3600 5.83883
3610 5.87807
3620 5.91855
3630 5.95747
3640 5.99186
3650 6.021
3660 6.04588
3670 6.06776
3680 6.08875
3690 6.10999
3700 6.13106
3710 6.15166
3720 6.17262
3730 6.1954
3740 6.22047
3750 6.24638
3760 6.27033
3770 6.29041
3780 6.30698
3790 6.32014
3800 6.3291
3810 6.33547
3820 6.34298
3830 6.3537
3840 6.3672
3850 6.38259
3860 6.39958
3870 6.41848
3880 6.43944
3890 6.46279
3900 6.48801
3910 6.51309
3920 6.53684
3930 6.55936
3940 6.58077
3950 6.60115
3960 6.62142
3970 6.643
3980 6.66705
3990 6.69333
4000 6.71969
4010 6.74464
4020 6.76853
4030 6.79224
4040 6.81636
4050 6.84136
4060 6.86831
4070 6.89826
4080 6.9305
4090 6.96403
4100 6.99799
4110 7.03037
4120 7.05809
4130 7.07852
4140 7.0918
4150 7.1006
4160 7.10675
4170 7.10921
4180 7.10693
4190 7.10215
4200 7.09838
4210 7.09691
4220 7.09735
4230 7.09994
4240 7.1052
4250 7.11229
4260 7.11976
4270 7.12727
4280 7.13479
4290 7.14165
4300 7.14799
4310 7.15506
4320 7.16308
4330 7.17182
4340 7.18148
4350 7.19263
4360 7.20534
4370 7.21885
4380 7.23211
4390 7.24585
4400 7.26203
4410 7.28125
4420 7.30201
4430 7.32325
4440 7.34535
4450 7.36921
4460 7.39424
4470 7.41835
4480 7.43862
4490 7.45311
4500 7.46203
4510 7.46809
4520 7.47543
4530 7.48672
4540 7.50047
4550 7.51465
4560 7.53013
4570 7.54851
4580 7.56999
4590 7.59275
4600 7.61462
4610 7.63549
4620 7.65841
4630 7.68536
4640 7.71343
4650 7.7377
4660 7.75715
4670 7.77518
4680 7.7948
4690 7.81633
4700 7.83969
4710 7.8648
4720 7.89129
4730 7.91888
4740 7.94735
4750 7.97567
4760 8.00239
4770 8.0276
4780 8.05179
4790 8.07456
4800 8.09591
4810 8.11707
4820 8.14
4830 8.16604
4840 8.195
4850 8.22562
4860 8.25599
4870 8.28426
4880 8.30912
4890 8.33086
4900 8.3497
4910 8.3637
4920 8.37106
4930 8.37238
4940 8.37075
4950 8.36784
4960 8.36358
4970 8.35918
4980 8.35665
4990 8.35664
5000 8.35848
5010 8.36116
5020 8.36505
5030 8.37173
5040 8.38256
5050 8.39713
5060 8.41238
5070 8.42477
5080 8.43358
5090 8.43981
5100 8.44356
5110 8.44381
5120 8.44176
5130 8.43835
5140 8.43331
5150 8.42791
5160 8.42362
5170 8.42073
5180 8.4191
5190 8.41769
5200 8.41628
5210 8.41704
5220 8.42172
5230 8.42946
5240 8.43866
5250 8.44831
5260 8.45753
5270 8.46631
5280 8.47535
5290 8.48628
5300 8.50169
5310 8.52311
5320 8.54949
5330 8.57919
5340 8.61068
5350 8.64054
5360 8.66547
5370 8.68448
5380 8.69846
5390 8.70935
5400 8.71772
5410 8.72377
5420 8.72786
5430 8.7303
5440 8.73316
5450 8.74006
5460 8.7527
5470 8.77031
5480 8.79193
5490 8.81557
5500 8.83829
5510 8.85935
5520 8.87925
5530 8.89653
5540 8.90895
5550 8.91726
5560 8.92473
5570 8.93407
5580 8.94734
5590 8.96567
5600 8.98765
5610 9.01034
5620 9.03271
5630 9.05524
5640 9.07749
5650 9.09759
5660 9.11429
5670 9.12818
5680 9.14094
5690 9.15458
5700 9.16872
5710 9.17989
5720 9.18764
5730 9.19486
5740 9.20239
5750 9.21113
5760 9.22328
5770 9.24027
5780 9.26152
5790 9.28475
5800 9.30772
5810 9.32885
5820 9.34738
5830 9.36339
5840 9.37832
5850 9.39462
5860 9.41426
5870 9.43803
5880 9.46604
5890 9.4983
5900 9.53434
5910 9.57261
5920 9.61079
5930 9.64672
5940 9.6781
5950 9.70337
5960 9.72256
5970 9.7356
5980 9.74247
5990 9.74503
6000 9.74603
6010 9.74826
6020 9.75466
6030 9.7671
6040 9.78417
6050 9.80198
6060 9.81718
6070 9.82908
6080 9.83774
6090 9.84107
6100 9.83703
6110 9.82751
6120 9.81763
6130 9.81009
6140 9.80381
6150 9.79851
6160 9.79624
6170 9.79711
6180 9.80023
6190 9.80755
6200 9.82255
6210 9.84631
6220 9.87637
6230 9.90995
6240 9.9458
6250 9.98193
6260 10.0143
6270 10.04
6280 10.0605
6290 10.0798
6300 10.1014
6310 10.1276
6320 10.1577
6330 10.1886
6340 10.2173
6350 10.2418
6360 10.2609
6370 10.2748
6380 10.2845
6390 10.292
6400 10.2993
6410 10.3088
6420 10.3229
6430 10.3406
6440 10.3578
6450 10.3713
6460 10.3818
6470 10.3898
6480 10.3948
6490 10.3964
6500 10.3949
6510 10.3914
6520 10.3883
6530 10.3889
6540 10.3958
6550 10.4106
6560 10.4343
6570 10.4666
6580 10.505
6590 10.5435
6600 10.5777
6610 10.6069
6620 10.6308
6630 10.6504
6640 10.6693
6650 10.6887
6660 10.7077
6670 10.7249
6680 10.7398
6690 10.7521
6700 10.762
6710 10.7708
6720 10.7795
6730 10.7886
6740 10.7993
6750 10.8126
6760 10.8273
6770 10.8406
6780 10.8523
6790 10.8649
6800 10.8785
6810 10.8911
6820 10.9025
6830 10.9143
6840 10.9274
6850 10.9432
6860 10.9629
6870 10.9856
6880 11.0106
6890 11.0386
6900 11.0701
6910 11.1027
6920 11.1343
6930 11.1649
6940 11.1947
6950 11.2232
6960 11.2498
6970 11.2753
6980 11.303
6990 11.3337
7000 11.3659
7010 11.3999
7020 11.4394
7030 11.4857
7040 11.5355
7050 11.5855
7060 11.6345
7070 11.6809
7080 11.7212
7090 11.7521
7100 11.7737
7110 11.7881
7120 11.7979
7130 11.8071
7140 11.8176
7150 11.8277
7160 11.8338
7170 11.8338
7180 11.8302
7190 11.8272
7200 11.825
7210 11.8224
7220 11.8209
7230 11.8246
7240 11.835
7250 11.8502
7260 11.8679
7270 11.8861
7280 11.9033
7290 11.9171
7300 11.926
7310 11.9319
7320 11.9393
7330 11.9511
7340 11.9691
7350 11.9929
7360 12.0192
7370 12.0434
7380 12.062
7390 12.0739
7400 12.0787
7410 12.0776
7420 12.0731
7430 12.0667
7440 12.0603
7450 12.0552
7460 12.0524
7470 12.0524
7480 12.0568
7490 12.065
7500 12.073
7510 12.0783
7520 12.0832
7530 12.0903
7540 12.0968
7550 12.0999
7560 12.1001
7570 12.0988
7580 12.0965
7590 12.0937
7600 12.0915
7610 12.0889
7620 12.0842
7630 12.0784
7640 12.0734
7650 12.0693
7660 12.066
7670 12.065
7680 12.0675
7690 12.071
7700 12.0711
7710 12.0664
7720 12.0588
7730 12.0502
7740 12.0426
7750 12.04
7760 12.0462
7770 12.0603
7780 12.0774
7790 12.0949
7800 12.1117
7810 12.1262
7820 12.1374
7830 12.1466
7840 12.1534
7850 12.158
7860 12.1624
7870 12.1686
7880 12.1782
7890 12.1906
7900 12.2039
7910 12.2161
7920 12.2278
7930 12.2412
7940 12.2575
7950 12.278
7960 12.3048
7970 12.3384
7980 12.377
7990 12.4177
8000 12.4582
8010 12.4971
8020 12.533
8030 12.5669
8040 12.6005
8050 12.6329
8060 12.6624
8070 12.6914
8080 12.7225
8090 12.754
8100 12.7812
8110 12.8027
8120 12.8234
8130 12.8485
8140 12.8784
8150 12.9097
8160 12.9408
8170 12.9724
8180 13.004
8190 13.032
8200 13.0539
8210 13.0703
8220 13.0826
8230 13.091
8240 13.0962
8250 13.1006
8260 13.1079
8270 13.119
8280 13.1314
8290 13.1445
8300 13.1609
8310 13.1843
8320 13.2157
8330 13.2524
8340 13.2909
8350 13.3293
8360 13.369
8370 13.4113
8380 13.454
8390 13.4957
8400 13.5396
8410 13.5885
8420 13.6395
8430 13.6868
8440 13.73
8450 13.7723
8460 13.8154
8470 13.858
8480 13.8985
8490 13.9368
8500 13.9724
8510 14.0049
8520 14.0352
8530 14.064
8540 14.0927
8550 14.1218
8560 14.1502
8570 14.1764
8580 14.2002
8590 14.2203
8600 14.2329
8610 14.2344
8620 14.2272
8630 14.2189
8640 14.2178
8650 14.2259
8660 14.2398
8670 14.2565
8680 14.2755
8690 14.2948
8700 14.3121
8710 14.3276
8720 14.3419
8730 14.3531
8740 14.3581
8750 14.3569
8760 14.3511
8770 14.3407
8780 14.3251
8790 14.307
8800 14.2899
8810 14.2762
8820 14.2661
8830 14.2599
8840 14.2605
8850 14.2708
8860 14.2904
8870 14.3178
8880 14.35
8890 14.3804
8900 14.4042
8910 14.4226
8920 14.4387
8930 14.455
8940 14.4727
8950 14.4909
8960 14.509
8970 14.5277
8980 14.5479
8990 14.5705
9000 14.5958
9010 14.6253
9020 14.6615
9030 14.7035
9040 14.748
9050 14.7926
9060 14.8362
9070 14.8781
9080 14.9165
9090 14.9506
9100 14.9816
9110 15.0101
9120 15.0361
9130 15.0612
9140 15.0868
9150 15.1109
9160 15.1321
9170 15.1527
9180 15.1734
9190 15.1916
9200 15.2046
9210 15.2139
9220 15.2235
9230 15.2368
9240 15.2534
9250 15.2721
9260 15.2918
9270 15.3105
9280 15.324
9290 15.3296
9300 15.3276
9310 15.319
9320 15.3035
9330 15.2828
9340 15.2622
9350 15.2477
9360 15.2418
9370 15.2435
9380 15.251
9390 15.2634
9400 15.2801
9410 15.3005
9420 15.3226
9430 15.343
9440 15.3604
9450 15.376
9460 15.3911
9470 15.406
9480 15.4203
9490 15.4358
9500 15.4521
9510 15.4663
9520 15.479
9530 15.4942
9540 15.5128
9550 15.5321
9560 15.5527
9570 15.5756
9580 15.599
9590 15.6197
9600 15.6391
9610 15.6614
9620 15.6878
9630 15.7152
9640 15.7439
9650 15.777
9660 15.8146
9670 15.8556
9680 15.8995
9690 15.9454
9700 15.9924
9710 16.0406
9720 16.0905
9730 16.1438
9740 16.2009
9750 16.2597
9760 16.3195
9770 16.3802
9780 16.4396
9790 16.4937
9800 16.5376
9810 16.5694
9820 16.5914
9830 16.6087
9840 16.6252
9850 16.6418
9860 16.6614
9870 16.687
9880 16.7179
9890 16.7518
9900 16.787
9910 16.822
9920 16.855
9930 16.884
9940 16.9064
9950 16.9196
9960 16.9241
9970 16.9222
9980 16.9171
9990 16.9114
10000 16.905
10010 16.8961
10020 16.8822
10030 16.8631
10040 16.8405
10050 16.8152
10060 16.7879
10070 16.7634
10080 16.7464
10090 16.7384
10100 16.7382
10110 16.7445
10120 16.7547
10130 16.7641
10140 16.7702
10150 16.7743
10160 16.7782
10170 16.7783
10180 16.7739
10190 16.7685
10200 16.7611
10210 16.7466
10220 16.7262
10230 16.7066
10240 16.6934
10250 16.6882
10260 16.6895
10270 16.6949
10280 16.7021
10290 16.7087
10300 16.7125
10310 16.7131
10320 16.712
10330 16.7102
10340 16.709
10350 16.7107
10360 16.7153
10370 16.7189
10380 16.7179
10390 16.7137
10400 16.7093
10410 16.7051
10420 16.7005
10430 16.6939
10440 16.6834
10450 16.6683
10460 16.6489
10470 16.6266
10480 16.6048
10490 16.5866
10500 16.5735
10510 16.5647
10520 16.5581
10530 16.5514
10540 16.5436
10550 16.5349
10560 16.5254
10570 16.5165
10580 16.5101
10590 16.5064
10600 16.5026
10610 16.4968
10620 16.489
10630 16.481
10640 16.4755
10650 16.4745
10660 16.4785
10670 16.4863
10680 16.4966
10690 16.51
10700 16.5281
10710 16.5489
10720 16.5685
10730 16.5853
10740 16.5995
10750 16.6127
10760 16.626
10770 16.6387
10780 16.6498
10790 16.6609
10800 16.6727
10810 16.6831
10820 16.6911
10830 16.6992
10840 16.7094
10850 16.7202
10860 16.728
10870 16.7321
10880 16.7357
10890 16.7421
10900 16.7519
10910 16.7654
10920 16.7843
10930 16.81
10940 16.8416
10950 16.8771
10960 16.914
10970 16.9497
10980 16.981
10990 17.0068
11000 17.0318
11010 17.0632
11020 17.1011
11030 17.1393
11040 17.1755
11050 17.2107
11060 17.2442
11070 17.2753
11080 17.3071
11090 17.3436
11100 17.3842
11110 17.4256
11120 17.4682
11130 17.5147
11140 17.5642
11150 17.6126
11160 17.6558
11170 17.6927
11180 17.728
11190 17.7649
11200 17.8013
11210 17.8357
11220 17.8678
11230 17.896
11240 17.9186
11250 17.9357
11260 17.9504
11270 17.9671
11280 17.9881
11290 18.0128
11300 18.0399
11310 18.0673
11320 18.0936
11330 18.1191
11340 18.1448
11350 18.1698
11360 18.1922
11370 18.2112
11380 18.2285
11390 18.2477
11400 18.2705
11410 18.2958
11420 18.3196
11430 18.3409
11440 18.3614
11450 18.3819
11460 18.4019
11470 18.4207
11480 18.4362
11490 18.4459
11500 18.4511
11510 18.456
11520 18.4633
11530 18.4747
11540 18.4916
11550 18.5133
11560 18.5363
11570 18.5573
11580 18.5755
11590 18.5937
11600 18.6142
11610 18.6371
11620 18.6637
11630 18.6955
11640 18.7319
11650 18.77
11660 18.8072
11670 18.8441
11680 18.8797
11690 18.9106
11700 18.9379
11710 18.9679
11720 19.0048
11730 19.0476
11740 19.0935
11750 19.1393
11760 19.1827
11770 19.2236
11780 19.2615
11790 19.2949
11800 19.323
11810 19.3466
11820 19.3675
11830 19.3879
11840 19.4105
11850 19.4359
11860 19.4613
11870 19.4824
11880 19.4956
11890 19.4994
11900 19.4939
11910 19.481
11920 19.4644
11930 19.4504
11940 19.4448
11950 19.4485
11960 19.4573
11970 19.4666
11980 19.4758
11990 19.4865
12000 19.499
12010 19.5121
12020 19.5264
12030 19.5436
12040 19.5633
12050 19.5848
12060 19.6096
12070 19.6402
12080 19.6771
12090 19.7184
12100 19.7615
12110 19.8045
12120 19.8454
12130 19.8824
12140 19.916
12150 19.9486
12160 19.9829
12170 20.021
12180 20.0655
12190 20.118
12200 20.1787
12210 20.2461
12220 20.3173
12230 20.3885
12240 20.4577
12250 20.5245
12260 20.588
12270 20.6466
12280 20.6994
12290 20.7457
12300 20.7853
12310 20.8183
12320 20.8446
12330 20.8649
12340 20.8811
12350 20.8953
12360 20.907
12370 20.9113
12380 20.9057
12390 20.8917
12400 20.8723
12410 20.851
12420 20.831
12430 20.8132
12440 20.7948
12450 20.7736
12460 20.7506
12470 20.727
12480 20.7022
12490 20.6758
12500 20.6491
12510 20.6242
12520 20.6035
12530 20.5901
12540 20.584
12550 20.5811
12560 20.5756
12570 20.566
12580 20.5542
12590 20.541
12600 20.5251
12610 20.5069
12620 20.4878
12630 20.4691
12640 20.4533
12650 20.4437
12660 20.4403
12670 20.4379
12680 20.4334
12690 20.4277
12700 20.4209
12710 20.4084
12720 20.3883
12730 20.3645
12740 20.3433
12750 20.328
12760 20.3212
12770 20.3248
12780 20.3378
12790 20.3582
12800 20.3851
12810 20.4151
12820 20.4432
12830 20.466
12840 20.481
12850 20.4864
12860 20.4827
12870 20.4734
12880 20.4614
12890 20.4475
12900 20.4336
12910 20.4264
12920 20.4331
12930 20.4539
12940 20.4821
12950 20.5114
12960 20.5411
12970 20.5739
12980 20.6107
12990 20.6498
13000 20.6889
13010 20.7257
13020 20.7571
13030 20.7787
13040 20.7897
13050 20.7954
13060 20.8008
13070 20.8066
13080 20.8117
13090 20.818
13100 20.8288
13110 20.8456
13120 20.8675
13130 20.8932
13140 20.9223
13150 20.9531
13160 20.9804
13170 20.999
13180 21.0077
13190 21.0084
13200 21.007
13210 21.0109
13220 21.0249
13230 21.0516
13240 21.0917
13250 21.1447
13260 21.208
13270 21.2778
13280 21.3527
13290 21.4311
13300 21.5106
13310 21.5909
13320 21.6699
13330 21.7433
13340 21.806
13350 21.8573
13360 21.9007
13370 21.94
13380 21.9772
13390 22.0133
13400 22.0481
13410 22.0799
13420 22.1064
13430 22.1245
13440 22.1314
13450 22.126
13460 22.1137
13470 22.1037
13480 22.1004
13490 22.0999
13500 22.0964
13510 22.0898
13520 22.0836
13530 22.0792
13540 22.0781
13550 22.0824
13560 22.091
13570 22.098
13580 22.0992
13590 22.0966
13600 22.0948
13610 22.0963
13620 22.1015
13630 22.1099
13640 22.1188
13650 22.1225
13660 22.1178
13670 22.107
13680 22.0927
13690 22.0749
13700 22.0562
13710 22.0422
13720 22.0347
13730 22.032
13740 22.0362
13750 22.0509
13760 22.0756
13770 22.1091
13780 22.1524
13790 22.2047
13800 22.262
13810 22.3198
13820 22.374
13830 22.4202
13840 22.4559
13850 22.4817
13860 22.4996
13870 22.5108
13880 22.5161
13890 22.5189
13900 22.523
13910 22.5291
13920 22.5353
13930 22.5405
13940 22.5455
13950 22.5515
13960 22.5561
13970 22.5553
13980 22.5473
13990 22.5318
14000 22.5075
14010 22.476
14020 22.4436
14030 22.4173
14040 22.3989
14050 22.3857
14060 22.3762
14070 22.3729
14080 22.3766
14090 22.3821
14100 22.3835
14110 22.3798
14120 22.3744
14130 22.3689
14140 22.3611
14150 22.3497
14160 22.3352
14170 22.3198
14180 22.3061
14190 22.2948
14200 22.2839
14210 22.2694
14220 22.2518
14230 22.2329
14240 22.2102
14250 22.1795
14260 22.1395
14270 22.095
14280 22.05
14290 22.0052
14300 21.9632
14310 21.9268
14320 21.8938
14330 21.8596
14340 21.8238
14350 21.79
14360 21.7596
14370 21.7333
14380 21.7149
14390 21.7041
14400 21.6952
14410 21.6821
14420 21.6635
14430 21.6409
14440 21.6176
14450 21.5972
14460 21.5804
14470 21.5619
14480 21.5348
14490 21.4967
14500 21.4495
14510 21.3964
14520 21.3416
14530 21.2905
14540 21.246
14550 21.2079
14560 21.1753
14570 21.1481
14580 21.1241
14590 21.1016
14600 21.0814
14610 21.0645
14620 21.05
14630 21.0363
14640 21.0238
14650 21.0143
14660 21.0059
14670 20.9944
14680 20.9803
14690 20.9663
14700 20.956
14710 20.9518
14720 20.9531
14730 20.9561
14740 20.9566
14750 20.9553
14760 20.9568
14770 20.9634
14780 20.9745
14790 20.9889
14800 21.0059
14810 21.0256
14820 21.0462
14830 21.0642
14840 21.0773
14850 21.0863
14860 21.0923
14870 21.0964
14880 21.1016
14890 21.1113
14900 21.1277
14910 21.1496
14920 21.1741
14930 21.1994
14940 21.2264
14950 21.2576
14960 21.295
14970 21.3395
14980 21.3878
14990 21.4343
15000 21.4742
15010 21.5039
15020 21.5221
15030 21.5296
15040 21.528
15050 21.5196
15060 21.5076
15070 21.4963
15080 21.4896
15090 21.488
15100 21.4873
15110 21.4842
15120 21.4796
15130 21.4736
15140 21.4642
15150 21.4527
15160 21.4421
15170 21.4317
15180 21.4189
15190 21.4034
15200 21.3875
15210 21.3759
15220 21.3755
15230 21.3917
15240 21.4266
15250 21.4801
15260 21.5486
15270 21.6235
15280 21.6941
15290 21.7555
15300 21.8096
15310 21.8561
15320 21.8935
15330 21.9231
15340 21.9473
15350 21.969
15360 21.9904
15370 22.0103
15380 22.0251
15390 22.0363
15400 22.0468
15410 22.0566
15420 22.0644
15430 22.0716
15440 22.0809
15450 22.091
15460 22.0991
15470 22.1098
15480 22.1302
15490 22.1614
15500 22.1981
15510 22.2345
15520 22.2673
15530 22.2935
15540 22.3097
15550 22.314
15560 22.3067
15570 22.2903
15580 22.2703
15590 22.2523
15600 22.2378
15610 22.2226
15620 22.2046
15630 22.1856
15640 22.1655
15650 22.1437
15660 22.1222
15670 22.1058
15680 22.0974
15690 22.0956
15700 22.1004
15710 22.1144
15720 22.1376
15730 22.1658
15740 22.1937
15750 22.2181
15760 22.2398
15770 22.2592
15780 22.2784
15790 22.3014
15800 22.3302
15810 22.3622
15820 22.3932
15830 22.4218
15840 22.4495
15850 22.476
15860 22.5028
15870 22.5316
15880 22.5597
15890 22.5804
15900 22.5889
15910 22.586
15920 22.5742
15930 22.5552
15940 22.5319
15950 22.5093
15960 22.4943
15970 22.4917
15980 22.5038
15990 22.5276
16000 22.5576
16010 22.5916
16020 22.6289
16030 22.6669
16040 22.7011
16050 22.73
16060 22.7554
16070 22.7772
16080 22.7923
16090 22.7977
16100 22.791
16110 22.7734
16120 22.7494
16130 22.7245
16140 22.7022
16150 22.6819
16160 22.6636
16170 22.6519
16180 22.6516
16190 22.6613
16200 22.6778
16210 22.7003
16220 22.7269
16230 22.7533
16240 22.7746
16250 22.7864
16260 22.7846
16270 22.7691
16280 22.7444
16290 22.7153
16300 22.6842
16310 22.6515
16320 22.6167
16330 22.5816
16340 22.5491
16350 22.519
16360 22.4919
16370 22.4738
16380 22.4711
16390 22.4833
16400 22.5023
16410 22.5197
16420 22.5342
16430 22.549
16440 22.5659
16450 22.5852
16460 22.6074
16470 22.634
16480 22.6645
16490 22.6962
16500 22.7249
16510 22.7495
16520 22.7723
16530 22.7955
16540 22.8199
16550 22.8463
16560 22.876
16570 22.9096
16580 22.9464
16590 22.9845
16600 23.0241
16610 23.0659
16620 23.1069
16630 23.1423
16640 23.1719
16650 23.1952
16660 23.2098
16670 23.2166
16680 23.221
16690 23.2286
16700 23.2418
16710 23.26
16720 23.281
16730 23.3029
16740 23.3265
16750 23.3546
16760 23.3886
16770 23.4293
16780 23.4772
16790 23.5304
16800 23.584
16810 23.6293
16820 23.657
16830 23.667
16840 23.6645
16850 23.6528
16860 23.6353
16870 23.6174
16880 23.6035
16890 23.5962
16900 23.5969
16910 23.605
16920 23.6179
16930 23.6315
16940 23.6453
16950 23.6627
16960 23.6861
16970 23.717
16980 23.7556
16990 23.8009
17000 23.8533
17010 23.9128
17020 23.9759
17030 24.0401
17040 24.1067
17050 24.1752
17060 24.2422
17070 24.3037
17080 24.36
17090 24.4145
17100 24.4677
17110 24.5137
17120 24.5487
17130 24.5767
17140 24.6037
17150 24.6294
17160 24.6496
17170 24.6654
17180 24.6842
17190 24.7081
17200 24.7314
17210 24.7506
17220 24.7684
17230 24.7882
17240 24.8083
17250 24.8238
17260 24.8326
17270 24.8345
17280 24.8296
17290 24.819
17300 24.8028
17310 24.7811
17320 24.7564
17330 24.7311
17340 24.7067
17350 24.685
17360 24.6684
17370 24.6595
17380 24.6618
17390 24.6744
17400 24.6888
17410 24.6968
17420 24.699
17430 24.7025
17440 24.7106
17450 24.7204
17460 24.7295
17470 24.7405
17480 24.7542
17490 24.7676
17500 24.7773
17510 24.7801
17520 24.7749
17530 24.7658
17540 24.7599
17550 24.7603
17560 24.7651
17570 24.7724
17580 24.781
17590 24.7906
17600 24.8017
17610 24.815
17620 24.8273
17630 24.833
17640 24.8306
17650 24.8238
17660 24.8172
17670 24.8152
17680 24.8216
17690 24.8345
17700 24.8477
17710 24.8561
17720 24.8573
17730 24.8495
17740 24.8344
17750 24.8161
17760 24.7966
17770 24.7785
17780 24.7656
17790 24.7583
17800 24.7537
17810 24.7484
17820 24.7416
17830 24.737
17840 24.7392
17850 24.75
17860 24.7657
17870 24.7792
17880 24.7862
17890 24.7839
17900 24.772
17910 24.7546
17920 24.7376
17930 24.7221
17940 24.7082
17950 24.6984
17960 24.6957
17970 24.7019
17980 24.7135
17990 24.7248
18000 24.7327
18010 24.7375
18020 24.7412
18030 24.7446
18040 24.7451
18050 24.7384
18060 24.7241
18070 24.7078
18080 24.6952
18090 24.6899
18100 24.6937
18110 24.7067
18120 24.7268
18130 24.7543
18140 24.7921
18150 24.8414
18160 24.8984
18170 24.957
18180 25.0122
18190 25.0625
18200 25.1118
18210 25.1644
18220 25.221
18230 25.2795
18240 25.3389
18250 25.3993
18260 25.4579
18270 25.5112
18280 25.559
18290 25.6038
18300 25.6448
18310 25.6789
18320 25.7039
18330 25.7213
18340 25.7366
18350 25.7569
18360 25.7855
18370 25.8227
18380 25.8687
18390 25.9222
18400 25.9794
18410 26.0364
18420 26.0918
18430 26.1453
18440 26.1937
18450 26.2329
18460 26.2604
18470 26.2767
18480 26.2861
18490 26.2952
18500 26.3087
18510 26.3285
18520 26.3534
18530 26.3805
18540 26.4097
18550 26.4457
18560 26.4928
18570 26.5471
18580 26.6017
18590 26.6539
18600 26.7016
18610 26.7395
18620 26.7654
18630 26.784
18640 26.8
18650 26.8163
18660 26.8348
18670 26.8565
18680 26.8815
18690 26.9087
18700 26.9358
18710 26.961
18720 26.9833
18730 27.0002
18740 27.0111
18750 27.0202
18760 27.0332
18770 27.0503
18780 27.0673
18790 27.0819
18800 27.0955
18810 27.1115
18820 27.1291
18830 27.1445
18840 27.1584
18850 27.174
18860 27.1911
18870 27.2058
18880 27.2195
18890 27.237
18900 27.2592
18910 27.2863
18920 27.3198
18930 27.3585
18940 27.3985
18950 27.4355
18960 27.4674
18970 27.495
18980 27.5173
18990 27.5308
19000 27.5352
19010 27.5334
19020 27.5272
19030 27.5168
19040 27.5029
19050 27.486
19060 27.4654
19070 27.4393
19080 27.4088
19090 27.3782
19100 27.3527
19110 27.334
19120 27.3192
19130 27.3067
19140 27.2983
19150 27.2962
19160 27.2987
19170 27.3027
19180 27.3063
19190 27.3095
19200 27.3123
19210 27.3164
19220 27.3235
19230 27.3321
19240 27.3398
19250 27.3489
19260 27.363
19270 27.3847
19280 27.4119
19290 27.4383
19300 27.46
19310 27.4785
19320 27.4947
19330 27.5092
19340 27.5242
19350 27.5436
19360 27.5708
19370 27.6082
19380 27.6556
19390 27.7136
19400 27.7862
19410 27.8768
19420 27.9815
19430 28.0884
19440 28.1905
19450 28.2872
19460 28.3734
19470 28.4403
19480 28.488
19490 28.5258
19500 28.5571
19510 28.5794
19520 28.5964
19530 28.6146
19540 28.6334
19550 28.6476
19560 28.6553
19570 28.6541
19580 28.6421
19590 28.6225
19600 28.6001
19610 28.5767
19620 28.5517
19630 28.525
19640 28.4943
19650 28.4581
19660 28.4185
19670 28.3813
19680 28.3516
19690 28.3327
19700 28.3231
19710 28.3191
19720 28.3189
19730 28.321
19740 28.3235
19750 28.3266
19760 28.3325
19770 28.3398
19780 28.3408
19790 28.329
19800 28.3065
19810 28.2822
19820 28.2639
19830 28.256
19840 28.2613
19850 28.2778
19860 28.302
19870 28.3321
19880 28.3665
19890 28.4032
19900 28.4417
19910 28.481
19920 28.5189
19930 28.5503
19940 28.5711
19950 28.5813
19960 28.5832
19970 28.5785
19980 28.5692
19990 28.5576
20000 28.5475
20010 28.5409
20020 28.5372
20030 28.5369
20040 28.5416
20050 28.5535
20060 28.5709
20070 28.5872
20080 28.5956
20090 28.5923
20100 28.5773
20110 28.5508
20120 28.5183
20130 28.4883
20140 28.465
20150 28.4483
20160 28.4346
20170 28.4193
20180 28.4004
20190 28.3809
20200 28.3674
20210 28.3615
20220 28.3586
20230 28.3549
20240 28.3485
20250 28.3371
20260 28.3183
20270 28.2931
20280 28.2695
20290 28.2567
20300 28.258
20310 28.2679
20320 28.2788
20330 28.2879
20340 28.2945
20350 28.2987
20360 28.3042
20370 28.3139
20380 28.3261
20390 28.3387
20400 28.3534
20410 28.372
20420 28.3897
20430 28.3998
20440 28.4021
20450 28.4019
20460 28.4038
20470 28.4115
20480 28.4278
20490 28.4509
20500 28.4782
20510 28.5097
20520 28.5429
20530 28.5724
20540 28.5958
20550 28.6163
20560 28.6372
20570 28.6569
20580 28.6704
20590 28.6763
20600 28.6768
20610 28.6738
20620 28.6679
20630 28.6584
20640 28.6443
20650 28.6262
20660 28.6072
20670 28.5901
20680 28.5764
20690 28.5672
20700 28.5619
20710 28.5558
20720 28.545
20730 28.5285
20740 28.5058
20750 28.4757
20760 28.4374
20770 28.3902
20780 28.3369
20790 28.284
20800 28.2399
20810 28.2108
20820 28.1964
20830 28.1911
20840 28.1912
20850 28.196
20860 28.2016
20870 28.204
20880 28.203
20890 28.2008
20900 28.199
20910 28.1973
20920 28.1939
20930 28.1905
20940 28.1905
20950 28.193
20960 28.1956
20970 28.1981
20980 28.2004
20990 28.2012
21000 28.1985
21010 28.1913
21020 28.1834
21030 28.1788
21040 28.1755
21050 28.1685
21060 28.1594
21070 28.1535
21080 28.154
21090 28.1629
21100 28.1822
21110 28.2125
21120 28.2504
21130 28.2883
21140 28.3192
21150 28.3408
21160 28.3561
21170 28.3696
21180 28.3852
21190 28.4037
21200 28.4238
21210 28.4468
21220 28.4772
21230 28.5161
21240 28.5593
21250 28.6025
21260 28.6457
21270 28.6893
21280 28.7313
21290 28.7673
21300 28.7941
21310 28.8119
21320 28.8239
21330 28.8354
21340 28.8515
21350 28.8742
21360 28.903
21370 28.9384
21380 28.9818
21390 29.0319
21400 29.0854
21410 29.1409
21420 29.1973
21430 29.2517
21440 29.3048
21450 29.3567
21460 29.4019
21470 29.4359
21480 29.4606
21490 29.4813
21500 29.4977
21510 29.5081
21520 29.5175
21530 29.5316
21540 29.5485
21550 29.5642
21560 29.5779
21570 29.5904
21580 29.6017
21590 29.6093
21600 29.6114
21610 29.6115
21620 29.6138
21630 29.617
21640 29.6189
21650 29.6224
21660 29.6294
21670 29.6372
21680 29.6436
21690 29.6509
21700 29.6597
21710 29.6679
21720 29.6728
21730 29.6725
21740 29.6656
21750 29.6516
21760 29.6319
21770 29.6091
21780 29.5843
21790 29.5623
21800 29.5505
21810 29.548
21820 29.5479
21830 29.5474
21840 29.5511
21850 29.5611
21860 29.5763
21870 29.598
21880 29.6262
21890 29.6581
21900 29.6937
21910 29.7371
21920 29.7877
21930 29.8417
21940 29.8973
21950 29.9512
21960 29.9955
21970 30.0204
21980 30.0192
21990 29.9969
22000 29.9667
22010 29.9398
22020 29.9199
22030 29.9066
22040 29.8974
22050 29.8878
22060 29.8726
22070 29.8478
22080 29.8153
22090 29.7824
22100 29.7571
22110 29.7438
22120 29.7431
22130 29.7538
22140 29.7753
22150 29.8065
22160 29.8439
22170 29.8856
22180 29.9313
22190 29.9752
22200 30.0107
22210 30.0371
22220 30.0562
22230 30.0665
22240 30.0673
22250 30.0646
22260 30.0625
22270 30.0607
22280 30.0607
22290 30.0656
22300 30.0765
22310 30.0928
22320 30.1135
22330 30.136
22340 30.158
22350 30.1787
22360 30.1994
22370 30.2225
22380 30.2478
22390 30.2709
22400 30.287
22410 30.2936
22420 30.293
22430 30.2882
22440 30.2786
22450 30.2633
22460 30.2459
22470 30.2299
22480 30.2175
22490 30.2106
22500 30.2106
22510 30.2185
22520 30.2358
22530 30.262
22540 30.2921
22550 30.322
22560 30.3502
22570 30.374
22580 30.3897
22590 30.3993
22600 30.4073
22610 30.4146
22620 30.4192
22630 30.42
22640 30.421
22650 30.4282
22660 30.445
22670 30.471
22680 30.5045
22690 30.5428
22700 30.5842
22710 30.6241
22720 30.6558
22730 30.6787
22740 30.7016
22750 30.7324
22760 30.7686
22770 30.8028
22780 30.8317
22790 30.8558
22800 30.8756
22810 30.8913
22820 30.9046
22830 30.9199
22840 30.9403
22850 30.9673
22860 31.0024
22870 31.0435
22880 31.0855
22890 31.1258
22900 31.1684
22910 31.2132
22920 31.254
22930 31.2883
22940 31.3211
22950 31.3577
22960 31.3957
22970 31.4278
22980 31.4495
22990 31.4614
23000 31.4631
23010 31.4501
23020 31.4194
23030 31.3744
23040 31.3249
23050 31.2809
23060 31.2463
23070 31.2187
23080 31.1922
23090 31.158
23100 31.1131
23110 31.0661
23120 31.0264
23130 30.9955
23140 30.9703
23150 30.9525
23160 30.9467
23170 30.955
23180 30.9756
23190 31.0027
23200 31.0303
23210 31.0572
23220 31.0852
23230 31.1142
23240 31.1428
23250 31.1722
23260 31.2033
23270 31.2343
23280 31.2661
23290 31.3003
23300 31.3355
23310 31.3712
23320 31.4066
23330 31.4379
23340 31.4615
23350 31.4783
23360 31.4866
23370 31.4819
23380 31.4655
23390 31.4453
23400 31.4268
23410 31.4083
23420 31.3874
23430 31.3647
23440 31.3438
23450 31.33
23460 31.3278
23470 31.3385
23480 31.3612
23490 31.3918
23500 31.422
23510 31.4454
23520 31.4645
23530 31.4852
23540 31.5069
23550 31.5259
23560 31.5425
23570 31.5597
23580 31.5765
23590 31.5891
23600 31.5973
23610 31.6059
23620 31.6205
23630 31.6433
23640 31.6715
23650 31.7008
23660 31.7253
23670 31.7411
23680 31.749
23690 31.7507
23700 31.7471
23710 31.7409
23720 31.7348
23730 31.7299
23740 31.7286
23750 31.7349
23760 31.7481
23770 31.7644
23780 31.7856
23790 31.8181
23800 31.8599
23810 31.9049
23820 31.9527
23830 32.0072
23840 32.067
23850 32.1271
23860 32.1852
23870 32.2414
23880 32.2973
23890 32.3548
23900 32.4145
23910 32.4756
23920 32.5333
23930 32.5795
23940 32.6068
23950 32.6169
23960 32.6192
23970 32.6224
23980 32.6301
23990 32.6387
24000 32.6427
24010 32.6387
24020 32.6265
24030 32.6093
24040 32.5921
24050 32.578
24060 32.5674
24070 32.5584
24080 32.5502
24090 32.546
24100 32.5468
24110 32.5479
24120 32.5464
24130 32.5456
24140 32.5526
24150 32.5709
24160 32.5956
24170 32.6194
24180 32.641
24190 32.6603
24200 32.6745
24210 32.6834
24220 32.6868
24230 32.6816
24240 32.6658
24250 32.6466
24260 32.6327
24270 32.6262
24280 32.6244
24290 32.6249
24300 32.6266
24310 32.6255
24320 32.6192
24330 32.612
24340 32.6122
24350 32.6261
24360 32.6558
24370 32.7014
24380 32.7603
24390 32.8289
24400 32.9031
24410 32.9785
24420 33.0516
24430 33.1218
24440 33.189
24450 33.2521
24460 33.3111
24470 33.3693
24480 33.4308
24490 33.4961
24500 33.5631
24510 33.6273
24520 33.6845
24530 33.7367
24540 33.7903
24550 33.8461
24560 33.9003
24570 33.9539
24580 34.0102
24590 34.0656
24600 34.1127
24610 34.1486
24620 34.1748
24630 34.1926
24640 34.2002
24650 34.1959
24660 34.1836
24670 34.1716
24680 34.166
24690 34.168
24700 34.1755
24710 34.1858
24720 34.1945
24730 34.1967
24740 34.1905
24750 34.1795
24760 34.1684
24770 34.1583
24780 34.148
24790 34.138
24800 34.131
24810 34.1299
24820 34.1365
24830 34.1481
24840 34.1617
24850 34.1757
24860 34.1875
24870 34.1929
24880 34.1915
24890 34.1915
24900 34.2017
24910 34.2242
24920 34.2539
24930 34.2813
24940 34.3003
24950 34.3139
24960 34.3315
24970 34.3581
24980 34.392
24990 34.4329
25000 34.4836
25010 34.5414
25020 34.6003
25030 34.6572
25040 34.7122
25050 34.7653
25060 34.8149
25070 34.8584
25080 34.8984
25090 34.9409
25100 34.9868
25110 35.0311
25120 35.0711
25130 35.1093
25140 35.1469
25150 35.1828
25160 35.2185
25170 35.2571
25180 35.296
25190 35.3286
25200 35.3524
25210 35.3692
25220 35.3794
25230 35.3817
25240 35.3758
25250 35.3613
25260 35.3377
25270 35.3076
25280 35.2759
25290 35.246
25300 35.2194
25310 35.1973
25320 35.1788
25330 35.1628
25340 35.1497
25350 35.1399
25360 35.1345
25370 35.1344
25380 35.1409
25390 35.1543
25400 35.1721
25410 35.1932
25420 35.2185
25430 35.2449
25440 35.2683
25450 35.2849
25460 35.2899
25470 35.2831
25480 35.2664
25490 35.2384
25500 35.2013
25510 35.162
25520 35.124
25530 35.0894
25540 35.0664
25550 35.0585
25560 35.056
25570 35.0491
25580 35.0385
25590 35.0275
25600 35.0165
25610 35.0108
25620 35.0193
25630 35.0452
25640 35.0831
25650 35.1256
25660 35.169
25670 35.2113
25680 35.2512
25690 35.2872
25700 35.3179
25710 35.3411
25720 35.3553
25730 35.3622
25740 35.366
25750 35.368
25760 35.367
25770 35.3611
25780 35.3468
25790 35.3221
25800 35.2885
25810 35.2514
25820 35.2163
25830 35.1869
25840 35.1643
25850 35.1439
25860 35.1185
25870 35.0849
25880 35.0482
25890 35.0149
25900 34.9847
25910 34.9588
25920 34.9456
25930 34.9488
25940 34.961
25950 34.9734
25960 34.9837
25970 34.9914
25980 34.9935
25990 34.9872
26000 34.9754
26010 34.963
26020 34.9514
26030 34.9433
26040 34.943
26050 34.9514
26060 34.9669
26070 34.9924
26080 35.0348
26090 35.0945
26100 35.1628
26110 35.2319
26120 35.2959
26130 35.3511
26140 35.4
26150 35.4452
26160 35.4826
26170 35.5082
26180 35.524
26190 35.5338
26200 35.5402
26210 35.5437
26220 35.5434
26230 35.5391
26240 35.5308
26250 35.5205
26260 35.5132
26270 35.5075
26280 35.4957
26290 35.4765
26300 35.4548
26310 35.4334
26320 35.4117
26330 35.3895
26340 35.3709
26350 35.3602
26360 35.3585
26370 35.3652
26380 35.3804
26390 35.4025
26400 35.4286
26410 35.4581
26420 35.4908
26430 35.5241
26440 35.5551
26450 35.5843
26460 35.6137
26470 35.644
26480 35.6785
26490 35.7203
26500 35.7662
26510 35.8082
26520 35.8418
26530 35.8683
26540 35.8912
26550 35.9132
26560 35.9345
26570 35.9521
26580 35.9628
26590 35.9676
26600 35.9689
26610 35.9649
26620 35.9548
26630 35.9447
26640 35.9395
26650 35.9386
26660 35.9432
26670 35.956
26680 35.977
26690 36.0037
26700 36.0342
26710 36.0674
26720 36.1025
26730 36.1379
26740 36.1727
26750 36.2139
26760 36.2708
26770 36.3451
26780 36.4317
26790 36.523
26800 36.6149
26810 36.706
26820 36.7939
26830 36.8777
26840 36.9607
26850 37.0443
26860 37.1245
26870 37.1947
26880 37.2509
26890 37.2892
26900 37.3102
26910 37.3224
26920 37.3336
26930 37.3463
26940 37.367
26950 37.4021
26960 37.4455
26970 37.4853
26980 37.5178
26990 37.5479
27000 37.5827
27010 37.6243
27020 37.667
27030 37.7019
27040 37.7244
27050 37.7345
27060 37.7327
27070 37.7213
27080 37.7073
27090 37.6956
27100 37.6861
27110 37.6797
27120 37.6783
27130 37.6805
27140 37.682
27150 37.6791
27160 37.6702
27170 37.6589
27180 37.6543
27190 37.6625
27200 37.6808
27210 37.705
27220 37.7348
27230 37.7667
27240 37.7916
27250 37.8035
27260 37.8034
27270 37.7923
27280 37.7702
27290 37.7426
27300 37.718
27310 37.6972
27320 37.6737
27330 37.6424
27340 37.6032
27350 37.5574
27360 37.5083
27370 37.4628
27380 37.4291
27390 37.4083
27400 37.3957
27410 37.386
27420 37.377
27430 37.3676
27440 37.3579
27450 37.3523
27460 37.3567
27470 37.3722
27480 37.3952
27490 37.4195
27500 37.4404
27510 37.456
27520 37.465
27530 37.4663
27540 37.462
27550 37.4581
27560 37.4615
27570 37.4748
27580 37.4956
27590 37.5197
27600 37.5459
27610 37.5762
27620 37.6122
27630 37.6501
27640 37.6817
27650 37.7064
27660 37.7315
27670 37.7575
27680 37.7755
27690 37.7815
27700 37.7832
27710 37.7901
27720 37.8056
27730 37.8319
27740 37.8725
27750 37.9293
27760 37.9998
27770 38.076
27780 38.148
27790 38.2074
27800 38.2466
27810 38.262
27820 38.2551
27830 38.2318
27840 38.2023
27850 38.1763
27860 38.1568
27870 38.1465
27880 38.1501
27890 38.1691
27900 38.2035
27910 38.253
27920 38.3119
27930 38.3717
27940 38.4302
27950 38.4871
27960 38.5373
27970 38.5766
27980 38.6119
27990 38.6531
28000 38.6981
28010 38.7402
28020 38.7786
28030 38.8168
28040 38.8547
28050 38.8872
28060 38.9116
28070 38.9327
28080 38.9556
28090 38.9804
28100 39.0048
28110 39.0252
28120 39.0424
28130 39.0596
28140 39.0772
28150 39.0939
28160 39.1102
28170 39.1285
28180 39.1488
28190 39.1682
28200 39.1816
28210 39.1875
28220 39.1893
28230 39.1875
28240 39.1766
28250 39.1538
28260 39.1244
28270 39.0948
28280 39.0679
28290 39.0472
28300 39.0358
28310 39.0322
28320 39.0284
28330 39.0173
28340 38.9988
28350 38.9777
28360 38.958
28370 38.94
28380 38.9267
28390 38.923
28400 38.9284
28410 38.9364
28420 38.9426
28430 38.948
28440 38.9549
28450 38.9637
28460 38.9755
28470 38.9901
28480 39.0057
28490 39.0195
28500 39.0312
28510 39.0428
28520 39.0541
28530 39.0603
28540 39.0592
28550 39.0551
28560 39.0523
28570 39.0551
28580 39.0673
28590 39.0901
28600 39.1215
28610 39.1589
28620 39.2041
28630 39.2616
28640 39.3304
28650 39.4037
28660 39.4753
28670 39.5412
28680 39.5996
28690 39.653
28700 39.7026
28710 39.745
28720 39.7772
28730 39.8008
28740 39.8208
28750 39.8399
28760 39.8573
28770 39.8719
28780 39.8867
28790 39.9064
28800 39.9329
28810 39.9638
28820 39.9932
28830 40.0166
28840 40.0352
28850 40.0508
28860 40.0618
28870 40.0685
28880 40.0767
28890 40.0918
28900 40.1142
28910 40.1439
28920 40.1819
28930 40.2274
28940 40.2786
28950 40.336
28960 40.4014
28970 40.4736
28980 40.5494
28990 40.6267
29000 40.7034
29010 40.7778
29020 40.8493
29030 40.9172
29040 40.9825
29050 41.0439
29060 41.094
29070 41.1234
29080 41.1314
29090 41.1226
29100 41.0995
29110 41.0633
29120 41.0156
29130 40.9612
29140 40.9046
29150 40.847
29160 40.7877
29170 40.7287
29180 40.6754
29190 40.631
29200 40.5944
29210 40.5676
29220 40.5555
29230 40.5587
29240 40.5745
29250 40.6028
29260 40.6434
29270 40.69
29280 40.7377
29290 40.7894
29300 40.8485
29310 40.912
29320 40.9765
29330 41.0441
29340 41.1181
29350 41.1993
29360 41.2834
29370 41.3668
29380 41.4507
29390 41.5399
29400 41.6363
29410 41.7356
29420 41.8327
29430 41.9261
29440 42.0131
29450 42.09
29460 42.1562
29470 42.2135
29480 42.264
29490 42.3096
29500 42.3496
29510 42.3807
29520 42.4042
29530 42.4262
29540 42.4507
29550 42.4753
29560 42.4963
29570 42.514
29580 42.5297
29590 42.5412
29600 42.5451
29610 42.5412
29620 42.529
29630 42.5065
29640 42.474
29650 42.4357
29660 42.3953
29670 42.3514
29680 42.3035
29690 42.2542
29700 42.203
29710 42.1465
29720 42.0854
29730 42.0234
29740 41.962
29750 41.9014
29760 41.8445
29770 41.7959
29780 41.7576
29790 41.73
29800 41.7099
29810 41.692
29820 41.6753
29830 41.6606
29840 41.6444
29850 41.623
29860 41.5993
29870 41.5806
29880 41.5711
29890 41.5691
29900 41.57
29910 41.5736
29920 41.5822
29930 41.5923
29940 41.5979
29950 41.6
29960 41.6041
29970 41.6121
29980 41.6234
29990 41.6394
30000 41.6612
30010 41.6875
30020 41.714
30030 41.7357
30040 41.7497
30050 41.7597
30060 41.7701
30070 41.7809
30080 41.7925
30090 41.8069
30100 41.8239
30110 41.842
30120 41.8571
30130 41.8645
30140 41.8644
30150 41.8589
30160 41.8497
30170 41.8414
30180 41.8391
30190 41.8431
30200 41.8553
30210 41.8804
30220 41.921
30230 41.9768
30240 42.0461
30250 42.1254
30260 42.2091
30270 42.2869
30280 42.3493
30290 42.3948
30300 42.4251
30310 42.4464
30320 42.4716
30330 42.5092
30340 42.5583
30350 42.6088
30360 42.6535
30370 42.6947
30380 42.7372
30390 42.7808
30400 42.8229
30410 42.8617
30420 42.8923
30430 42.9115
30440 42.9237
30450 42.9375
30460 42.9579
30470 42.9839
30480 43.012
30490 43.0422
30500 43.076
30510 43.1135
30520 43.1551
30530 43.2026
30540 43.2561
30550 43.3114
30560 43.3608
30570 43.4001
30580 43.4295
30590 43.4523
30600 43.4732
30610 43.4956
30620 43.523
30630 43.557
30640 43.5988
30650 43.6482
30660 43.7006
30670 43.7494
30680 43.7883
30690 43.8145
30700 43.8315
30710 43.8463
30720 43.8626
30730 43.8842
30740 43.9192
30750 43.9749
30760 44.052
30770 44.143
30780 44.2375
30790 44.3262
30800 44.4058
30810 44.4808
30820 44.5546
30830 44.6266
30840 44.6909
30850 44.737
30860 44.7589
30870 44.7592
30880 44.7395
30890 44.7009
30900 44.6543
30910 44.612
30920 44.5723
30930 44.5258
30940 44.4712
30950 44.4187
30960 44.3772
30970 44.3487
30980 44.331
30990 44.3207
31000 44.318
31010 44.3263
31020 44.3432
31030 44.3568
31040 44.356
31050 44.3382
31060 44.3099
31070 44.2828
31080 44.2642
31090 44.2548
31100 44.2528
31110 44.2554
31120 44.2615
31130 44.2706
31140 44.2832
31150 44.2999
31160 44.3187
31170 44.3345
31180 44.3459
31190 44.357
31200 44.3705
31210 44.3842
31220 44.3951
31230 44.4014
31240 44.4058
31250 44.4137
31260 44.4272
31270 44.4457
31280 44.4703
31290 44.5047
31300 44.5508
31310 44.6072
31320 44.6738
31330 44.7476
31340 44.8218
31350 44.8904
31360 44.9507
31370 44.9998
31380 45.0342
31390 45.0509
31400 45.049
31410 45.0305
31420 45.0009
31430 44.9681
31440 44.9397
31450 44.9169
31460 44.8977
31470 44.8827
31480 44.8686
31490 44.8471
31500 44.8163
31510 44.7822
31520 44.7508
31530 44.7243
31540 44.704
31550 44.6912
31560 44.6881
31570 44.6928
31580 44.6977
31590 44.697
31600 44.6876
31610 44.666
31620 44.6319
31630 44.5889
31640 44.5412
31650 44.4923
31660 44.446
31670 44.4041
31680 44.3686
31690 44.3445
31700 44.3337
31710 44.3348
31720 44.3484
31730 44.378
31740 44.4251
31750 44.4862
31760 44.5568
31770 44.6352
31780 44.7166
31790 44.7944
31800 44.8673
31810 44.9372
31820 45.0029
31830 45.0568
31840 45.0927
31850 45.1128
31860 45.1213
31870 45.1217
31880 45.1192
31890 45.1229
31900 45.1391
31910 45.1666
31920 45.2045
31930 45.2524
31940 45.302
31950 45.3416
31960 45.3674
31970 45.3822
31980 45.3883
31990 45.3879
32000 45.3814
32010 45.3677
32020 45.3488
32030 45.3283
32040 45.3083
32050 45.2899
32060 45.2751
32070 45.2689
32080 45.2737
32090 45.2869
32100 45.3047
32110 45.3227
32120 45.3385
32130 45.3515
32140 45.3637
32150 45.3775
32160 45.3915
32170 45.4007
32180 45.4011
32190 45.3957
32200 45.3935
32210 45.3982
32220 45.4064
32230 45.4173
32240 45.4293
32250 45.4389
32260 45.446
32270 45.4533
32280 45.4619
32290 45.4718
32300 45.4831
32310 45.4954
32320 45.5033
32330 45.4998
32340 45.4882
32350 45.4788
32360 45.4717
32370 45.4587
32380 45.4355
32390 45.4043
32400 45.3666
32410 45.3222
32420 45.2723
32430 45.2224
32440 45.1818
32450 45.1584
32460 45.155
32470 45.1682
32480 45.1904
32490 45.2158
32500 45.2392
32510 45.251
32520 45.2448
32530 45.2253
32540 45.2027
32550 45.1831
32560 45.1699
32570 45.1668
32580 45.1754
32590 45.1936
32600 45.2165
32610 45.2413
32620 45.2663
32630 45.2853
32640 45.2941
32650 45.2984
32660 45.308
32670 45.3249
32680 45.3447
32690 45.3646
32700 45.3844
32710 45.4017
32720 45.4189
32730 45.4432
32740 45.4782
32750 45.5168
32760 45.5489
32770 45.5705
32780 45.5833
32790 45.5881
32800 45.5833
32810 45.5691
32820 45.5511
32830 45.5359
32840 45.5254
32850 45.515
32860 45.4961
32870 45.4655
32880 45.4282
32890 45.3904
32900 45.3534
32910 45.315
32920 45.2712
32930 45.2208
32940 45.1712
32950 45.1295
32960 45.0963
32970 45.0723
32980 45.0583
32990 45.0539
33000 45.0602
33010 45.0818
33020 45.1214
33030 45.1742
33040 45.2336
33050 45.2949
33060 45.357
33070 45.4204
33080 45.4839
33090 45.5446
33100 45.5997
33110 45.6449
33120 45.6766
33130 45.6942
33140 45.7035
33150 45.7132
33160 45.7296
33170 45.7548
33180 45.7856
33190 45.8157
33200 45.8427
33210 45.8673
33220 45.8884
33230 45.9014
33240 45.9023
33250 45.8938
33260 45.8816
33270 45.8707
33280 45.8635
33290 45.8589
33300 45.8545
33310 45.8494
33320 45.8424
33330 45.831
33340 45.813
33350 45.7895
33360 45.764
33370 45.7388
33380 45.7167
33390 45.7019
33400 45.6965
33410 45.7009
33420 45.7174
33430 45.7434
33440 45.774
33450 45.807
33460 45.8384
33470 45.8624
33480 45.8762
33490 45.8795
33500 45.8752
33510 45.8724
33520 45.8841
33530 45.9162
33540 45.9617
33550 46.014
33560 46.0725
33570 46.1379
33580 46.2065
33590 46.2725
33600 46.3314
33610 46.381
33620 46.4208
33630 46.4497
33640 46.4672
33650 46.4744
33660 46.4727
33670 46.4666
33680 46.463
33690 46.4639
33700 46.4677
33710 46.4709
33720 46.4734
33730 46.4812
33740 46.5017
33750 46.5361
33760 46.58
33770 46.6287
33780 46.6793
33790 46.7289
33800 46.7729
33810 46.8077
33820 46.8316
33830 46.8441
33840 46.8481
33850 46.8513
33860 46.8626
33870 46.884
33880 46.9105
33890 46.9336
33900 46.9469
33910 46.9522
33920 46.9535
33930 46.9502
33940 46.9376
33950 46.912
33960 46.8731
33970 46.8219
33980 46.7643
33990 46.7061
34000 46.6506
34010 46.6013
34020 46.5635
34030 46.5424
34040 46.5421
34050 46.5601
34060 46.5868
34070 46.616
34080 46.647
34090 46.6779
34100 46.7057
34110 46.7326
34120 46.7618
34130 46.79
34140 46.8105
34150 46.821
34160 46.8252
34170 46.8264
34180 46.8273
34190 46.8347
34200 46.8521
34210 46.8779
34220 46.908
34230 46.9412
34240 46.9783
34250 47.0156
34260 47.0441
34270 47.0586
34280 47.064
34290 47.0691
34300 47.0798
34310 47.1007
34320 47.1339
34330 47.175
34340 47.2169
34350 47.2565
34360 47.2927
34370 47.3209
34380 47.3363
34390 47.3394
34400 47.3331
34410 47.3207
34420 47.3073
34430 47.2985
34440 47.2965
34450 47.3019
34460 47.3152
34470 47.3355
34480 47.3609
34490 47.3915
34500 47.4289
34510 47.4693
34520 47.5051
34530 47.5318
34540 47.5486
34550 47.5542
34560 47.544
34570 47.519
34580 47.4877
34590 47.4566
34600 47.4289
34610 47.4122
34620 47.4146
34630 47.4362
34640 47.4691
34650 47.5052
34660 47.5393
34670 47.5702
34680 47.5995
34690 47.6287
34700 47.658
34710 47.6895
34720 47.728
34730 47.7771
34740 47.8354
34750 47.8994
34760 47.966
34770 48.0294
34780 48.0844
34790 48.1294
34800 48.1667
34810 48.2003
34820 48.2319
34830 48.2641
34840 48.2972
34850 48.3279
34860 48.3573
34870 48.3902
34880 48.429
34890 48.469
34900 48.5026
34910 48.5228
34920 48.5259
34930 48.515
34940 48.4995
34950 48.4852
34960 48.4751
34970 48.4759
34980 48.4927
34990 48.5235
35000 48.5648
35010 48.6129
35020 48.6632
35030 48.7132
35040 48.7613
35050 48.8057
35060 48.8454
35070 48.8756
35080 48.8922
35090 48.8973
35100 48.8946
35110 48.8855
35120 48.8713
35130 48.854
35140 48.8402
35150 48.8377
35160 48.8487
35170 48.8719
35180 48.9035
35190 48.9397
35200 48.9765
35210 49.0053
35220 49.0199
35230 49.0244
35240 49.0269
35250 49.034
35260 49.0498
35270 49.0734
35280 49.1006
35290 49.131
35300 49.1689
35310 49.2164
35320 49.2695
35330 49.3238
35340 49.3773
35350 49.4287
35360 49.475
35370 49.5126
35380 49.5403
35390 49.5603
35400 49.5773
35410 49.5979
35420 49.6236
35430 49.6506
35440 49.6777
35450 49.7077
35460 49.7393
35470 49.768
35480 49.7946
35490 49.8238
35500 49.8532
35510 49.8735
35520 49.8802
35530 49.8759
35540 49.8589
35550 49.8248
35560 49.777
35570 49.7218
35580 49.6609
35590 49.5925
35600 49.5187
35610 49.4457
35620 49.3803
35630 49.3258
35640 49.2817
35650 49.2455
35660 49.2168
35670 49.1982
35680 49.1899
35690 49.1916
35700 49.2083
35710 49.245
35720 49.2993
35730 49.3658
35740 49.4405
35750 49.5195
35760 49.5984
35770 49.6753
35780 49.7509
35790 49.8237
35800 49.8897
35810 49.9456
35820 49.9886
35830 50.0187
35840 50.0382
35850 50.0504
35860 50.059
35870 50.0662
35880 50.0732
35890 50.0833
35900 50.1002
35910 50.1228
35920 50.1439
35930 50.1577
35940 50.165
35950 50.168
35960 50.1683
35970 50.1708
35980 50.1799
35990 50.1977
36000 50.2221
36010 50.2469
36020 50.2671
36030 50.2804
36040 50.2866
36050 50.2858
36060 50.2818
36070 50.2836
36080 50.2979
36090 50.3267
36100 50.3687
36110 50.4178
36120 50.4644
36130 50.5006
36140 50.5216
36150 50.5214
36160 50.4996
36170 50.4651
36180 50.4307
36190 50.3993
36200 50.3667
36210 50.3356
36220 50.3125
36230 50.294
36240 50.2738
36250 50.2574
36260 50.2555
36270 50.2667
36280 50.2802
36290 50.2905
36300 50.2949
36310 50.2893
36320 50.2748
36330 50.2614
36340 50.2563
36350 50.259
36360 50.2691
36370 50.2893
36380 50.3173
36390 50.3465
36400 50.3705
36410 50.3852
36420 50.3871
36430 50.3744
36440 50.3505
36450 50.3209
36460 50.288
36470 50.2487
36480 50.2023
36490 50.1545
36500 50.1118
36510 50.0745
36520 50.0405
36530 50.013
36540 49.9957
36550 49.9891
36560 49.9925
36570 50.006
36580 50.0275
36590 50.053
36600 50.0799
36610 50.1041
36620 50.1243
36630 50.1429
36640 50.1606
36650 50.1811
36660 50.2088
36670 50.2425
36680 50.2788
36690 50.3192
36700 50.3679
36710 50.4261
36720 50.4935
36730 50.5733
36740 50.6679
36750 50.7706
36760 50.8711
36770 50.9636
36780 51.0473
36790 51.1218
36800 51.1862
36810 51.2419
36820 51.2918
36830 51.3369
36840 51.3762
36850 51.4088
36860 51.4346
36870 51.4573
36880 51.4774
36890 51.4915
36900 51.4975
36910 51.4945
36920 51.4842
36930 51.4727
36940 51.4662
36950 51.4661
36960 51.4693
36970 51.4718
36980 51.4689
36990 51.4604
37000 51.4521
37010 51.4491
37020 51.452
37030 51.4596
37040 51.4719
37050 51.4892
37060 51.5114
37070 51.5356
37080 51.5555
37090 51.5657
37100 51.5635
37110 51.5523
37120 51.5414
37130 51.5395
37140 51.5509
37150 51.5742
37160 51.6056
37170 51.6444
37180 51.6923
37190 51.7503
37200 51.82
37210 51.9001
37220 51.9824
37230 52.0581
37240 52.1204
37250 52.1669
37260 52.2036
37270 52.2378
37280 52.2681
37290 52.2896
37300 52.304
37310 52.3164
37320 52.3283
37330 52.3404
37340 52.3555
37350 52.3745
37360 52.3964
37370 52.4192
37380 52.4423
37390 52.4647
37400 52.4832
37410 52.4918
37420 52.4877
37430 52.4771
37440 52.4702
37450 52.4703
37460 52.4763
37470 52.4872
37480 52.5028
37490 52.5194
37500 52.5328
37510 52.5433
37520 52.5524
37530 52.5587
37540 52.5596
37550 52.5515
37560 52.5338
37570 52.508
37580 52.4779
37590 52.4509
37600 52.4301
37610 52.4117
37620 52.3967
37630 52.3932
37640 52.408
37650 52.4367
37660 52.4731
37670 52.5158
37680 52.5625
37690 52.6093
37700 52.6563
37710 52.706
37720 52.7587
37730 52.8146
37740 52.8725
37750 52.9267
37760 52.9704
37770 53.0036
37780 53.0314
37790 53.0545
37800 53.07
37810 53.0826
37820 53.0982
37830 53.1145
37840 53.1281
37850 53.1397
37860 53.151
37870 53.161
37880 53.1693
37890 53.18
37900 53.1992
37910 53.2349
37920 53.2932
37930 53.3716
37940 53.457
37950 53.5357
37960 53.602
37970 53.6559
37980 53.6962
37990 53.7244
38000 53.7477
38010 53.7749
38020 53.8113
38030 53.8541
38040 53.8977
38050 53.938
38060 53.9762
38070 54.0136
38080 54.0499
38090 54.0854
38100 54.1201
38110 54.1536
38120 54.1865
38130 54.2144
38140 54.2269
38150 54.2191
38160 54.1947
38170 54.1578
38180 54.11
38190 54.0551
38200 54.0006
38210 53.9531
38220 53.9148
38230 53.8831
38240 53.8569
38250 53.839
38260 53.8289
38270 53.8255
38280 53.8306
38290 53.8393
38300 53.8425
38310 53.8407
38320 53.8388
38330 53.8374
38340 53.8405
38350 53.8562
38360 53.8871
38370 53.9297
38380 53.9823
38390 54.0479
38400 54.1269
38410 54.2127
38420 54.3004
38430 54.3924
38440 54.4909
38450 54.5895
38460 54.6785
38470 54.756
38480 54.8265
38490 54.8883
38500 54.9339
38510 54.9621
38520 54.9808
38530 54.9941
38540 54.9975
38550 54.9866
38560 54.9654
38570 54.9394
38580 54.9079
38590 54.8676
38600 54.8201
38610 54.7716
38620 54.7217
38630 54.6651
38640 54.6065
38650 54.5579
38660 54.5235
38670 54.5028
38680 54.4978
38690 54.5078
38700 54.5296
38710 54.5618
38720 54.6034
38730 54.6484
38740 54.6853
38750 54.7059
38760 54.7124
38770 54.711
38780 54.704
38790 54.6952
38800 54.6894
38810 54.6893
38820 54.6971
38830 54.7171
38840 54.7523
38850 54.7965
38860 54.8396
38870 54.8736
38880 54.895
38890 54.9059
38900 54.9111
38910 54.913
38920 54.9118
38930 54.9091
38940 54.9054
38950 54.899
38960 54.8884
38970 54.8711
38980 54.8442
38990 54.8088
39000 54.7715
39010 54.7387
39020 54.7143
39030 54.7009
39040 54.6976
39050 54.6987
39060 54.7035
39070 54.7177
39080 54.7427
39090 54.7704
39100 54.7888
39110 54.7871
39120 54.761
39130 54.7151
39140 54.655
39150 54.5856
39160 54.5126
39170 54.4425
39180 54.3803
39190 54.3262
39200 54.2789
39210 54.2396
39220 54.2109
39230 54.195
39240 54.1969
39250 54.2178
39260 54.2452
39270 54.2643
39280 54.2697
39290 54.2574
39300 54.2251
39310 54.1745
39320 54.1099
39330 54.0402
39340 53.9756
39350 53.924
39360 53.8889
39370 53.8696
39380 53.8631
39390 53.8659
39400 53.8758
39410 53.8927
39420 53.9176
39430 53.9545
39440 54.0076
39450 54.0769
39460 54.1592
39470 54.2566
39480 54.371
39490 54.4978
39500 54.6285
39510 54.7544
39520 54.8683
39530 54.9666
39540 55.051
39550 55.1263
39560 55.1979
39570 55.2689
39580 55.3393
39590 55.412
39600 55.4921
39610 55.5775
39620 55.6562
39630 55.7196
39640 55.7701
39650 55.8175
39660 55.8693
39670 55.9251
39680 55.9806
39690 56.0354
39700 56.095
39710 56.1646
39720 56.2467
39730 56.339
39740 56.4347
39750 56.5296
39760 56.6253
39770 56.7196
39780 56.8048
39790 56.8792
39800 56.9511
39810 57.0285
39820 57.108
39830 57.1791
39840 57.236
39850 57.2784
39860 57.3057
39870 57.3167
39880 57.3154
39890 57.3116
39900 57.3117
39910 57.3175
39920 57.3269
39930 57.3359
39940 57.3434
39950 57.3507
39960 57.3589
39970 57.3698
39980 57.3887
39990 57.4197
40000 57.457
40010 57.4902
40020 57.5173
40030 57.5408
40040 57.5593
40050 57.5705
40060 57.5774
40070 57.5847
40080 57.5938
40090 57.6054
40100 57.6227
40110 57.6489
40120 57.6814
40130 57.713
40140 57.741
40150 57.7684
40160 57.7941
40170 57.8133
40180 57.8282
40190 57.8447
40200 57.8621
40210 57.875
40220 57.8802
40230 57.879
40240 57.8728
40250 57.8615
40260 57.847
40270 57.8331
40280 57.8188
40290 57.8037
40300 57.7942
40310 57.7963
40320 57.8085
40330 57.831
40340 57.8665
40350 57.915
40360 57.9771
40370 58.0529
40380 58.1382
40390 58.2252
40400 58.3082
40410 58.3826
40420 58.4445
40430 58.4915
40440 58.5261
40450 58.5527
40460 58.5694
40470 58.5733
40480 58.5676
40490 58.5576
40500 58.544
40510 58.5263
40520 58.5079
40530 58.4904
40540 58.4714
40550 58.4518
40560 58.4387
40570 58.4353
40580 58.4359
40590 58.4376
40600 58.4443
40610 58.4575
40620 58.4744
40630 58.4959
40640 58.5212
40650 58.5423
40660 58.5573
40670 58.5707
40680 58.5826
40690 58.5899
40700 58.5887
40710 58.5781
40720 58.5608
40730 58.542
40740 58.5319
40750 58.5382
40760 58.563
40770 58.6025
40780 58.6504
40790 58.6987
40800 58.7389
40810 58.7682
40820 58.7912
40830 58.8105
40840 58.8208
40850 58.8143
40860 58.7907
40870 58.7597
40880 58.7365
40890 58.7254
40900 58.7218
40910 58.7243
40920 58.7323
40930 58.7408
40940 58.7412
40950 58.7305
40960 58.7151
40970 58.701
40980 58.6907
40990 58.6884
41000 58.6969
41010 58.7111
41020 58.7218
41030 58.7255
41040 58.729
41050 58.7403
41060 58.7558
41070 58.7635
41080 58.7589
41090 58.749
41100 58.744
41110 58.746
41120 58.7484
41130 58.7459
41140 58.7388
41150 58.7292
41160 58.7192
41170 58.7104
41180 58.7033
41190 58.6993
41200 58.6996
41210 58.6991
41220 58.6901
41230 58.6705
41240 58.648
41250 58.6312
41260 58.6184
41270 58.6039
41280 58.5888
41290 58.5786
41300 58.5731
41310 58.5703
41320 58.5708
41330 58.5768
41340 58.5895
41350 58.6088
41360 58.6354
41370 58.6673
41380 58.6999
41390 58.7296
41400 58.7557
41410 58.7787
41420 58.8009
41430 58.821
41440 58.8334
41450 58.8358
41460 58.8319
41470 58.8262
41480 58.8209
41490 58.8179
41500 58.8213
41510 58.8378
41520 58.8711
41530 58.9174
41540 58.9683
41550 59.0202
41560 59.0753
41570 59.1365
41580 59.2045
41590 59.2783
41600 59.3578
41610 59.4381
41620 59.5117
41630 59.5753
41640 59.6312
41650 59.6806
41660 59.7205
41670 59.7507
41680 59.7725
41690 59.7873
41700 59.7973
41710 59.8092
41720 59.8316
41730 59.866
41740 59.908
41750 59.9579
41760 60.0192
41770 60.0924
41780 60.1729
41790 60.2538
41800 60.3321
41810 60.4126
41820 60.4994
41830 60.5901
41840 60.6783
41850 60.759
41860 60.8326
41870 60.9071
41880 60.987
41890 61.0659
41900 61.1364
41910 61.198
41920 61.252
41930 61.293
41940 61.3156
41950 61.3196
41960 61.3075
41970 61.2823
41980 61.2491
41990 61.2127
42000 61.1756
42010 61.1388
42020 61.1014
42030 61.0618
42040 61.0207
42050 60.979
42060 60.9327
42070 60.8728
42080 60.7985
42090 60.7191
42100 60.6463
42110 60.5859
42120 60.54
42130 60.5098
42140 60.4915
42150 60.4747
42160 60.4492
42170 60.4128
42180 60.3724
42190 60.3361
42200 60.308
42210 60.2927
42220 60.293
42230 60.3056
42240 60.3269
42250 60.354
42260 60.3816
42270 60.4087
42280 60.444
42290 60.4917
42300 60.5441
42310 60.5898
42320 60.6192
42330 60.6299
42340 60.6264
42350 60.6115
42360 60.5851
42370 60.5545
42380 60.5334
42390 60.5314
42400 60.5473
42410 60.5725
42420 60.5992
42430 60.6236
42440 60.6452
42450 60.6673
42460 60.6894
42470 60.7071
42480 60.72
42490 60.7335
42500 60.7515
42510 60.7749
42520 60.8047
42530 60.8418
42540 60.8869
42550 60.9353
42560 60.9776
42570 61.0066
42580 61.0248
42590 61.0442
42600 61.0757
42610 61.1186
42620 61.1688
42630 61.2286
42640 61.3035
42650 61.389
42660 61.4719
42670 61.5415
42680 61.5924
42690 61.6185
42700 61.613
42710 61.5765
42720 61.5184
42730 61.4514
42740 61.3844
42750 61.3235
42760 61.2719
42770 61.2269
42780 61.1834
42790 61.1411
42800 61.1049
42810 61.0756
42820 61.0515
42830 61.0345
42840 61.0273
42850 61.0278
42860 61.0324
42870 61.0409
42880 61.0527
42890 61.0656
42900 61.0797
42910 61.0964
42920 61.1152
42930 61.1393
42940 61.1722
42950 61.2125
42960 61.2569
42970 61.3056
42980 61.3604
42990 61.4215
43000 61.4842
43010 61.5475
43020 61.6144
43030 61.6866
43040 61.7642
43050 61.8474
43060 61.933
43070 62.0098
43080 62.0723
43090 62.1263
43100 62.1796
43110 62.2371
43120 62.2996
43130 62.3615
43140 62.4159
43150 62.461
43160 62.4994
43170 62.535
43180 62.5721
43190 62.6132
43200 62.658
43210 62.7057
43220 62.7561
43230 62.8081
43240 62.8596
43250 62.9069
43260 62.9426
43270 62.9681
43280 62.9941
43290 63.0254
43300 63.0575
43310 63.0895
43320 63.1248
43330 63.1608
43340 63.1932
43350 63.2257
43360 63.266
43370 63.3159
43380 63.3678
43390 63.4162
43400 63.4599
43410 63.492
43420 63.5042
43430 63.501
43440 63.495
43450 63.4886
43460 63.4745
43470 63.4482
43480 63.4129
43490 63.3723
43500 63.3277
43510 63.278
43520 63.2228
43530 63.1679
43540 63.1224
43550 63.0851
43560 63.0482
43570 63.0136
43580 62.9915
43590 62.9867
43600 62.9963
43610 63.018
43620 63.0533
43630 63.101
43640 63.1532
43650 63.2055
43660 63.2623
43670 63.3229
43680 63.3736
43690 63.3996
43700 63.3942
43710 63.3595
43720 63.3015
43730 63.2295
43740 63.1539
43750 63.0811
43760 63.0161
43770 62.9666
43780 62.9338
43790 62.9103
43800 62.8921
43810 62.8795
43820 62.8735
43830 62.8778
43840 62.8943
43850 62.9138
43860 62.924
43870 62.9262
43880 62.9281
43890 62.9334
43900 62.9462
43910 62.972
43920 63.0132
43930 63.0638
43940 63.1195
43950 63.1822
43960 63.2499
43970 63.3153
43980 63.3733
43990 63.4229
44000 63.461
44010 63.4859
44020 63.4999
44030 63.5049
44040 63.5036
44050 63.5048
44060 63.5172
44070 63.5414
44080 63.5726
44090 63.6075
44100 63.6449
44110 63.6825
44120 63.7172
44130 63.7478
44140 63.7761
44150 63.8048
44160 63.83
44170 63.8444
44180 63.8453
44190 63.8329
44200 63.8047
44210 63.7574
44220 63.6941
44230 63.6243
44240 63.5578
44250 63.5021
44260 63.4634
44270 63.4465
44280 63.4516
44290 63.4775
44300 63.5232
44310 63.5835
44320 63.6493
44330 63.7154
44340 63.7817
44350 63.8421
44360 63.8851
44370 63.9031
44380 63.9
44390 63.8864
44400 63.8688
44410 63.8499
44420 63.8341
44430 63.8272
44440 63.8346
44450 63.8597
44460 63.902
44470 63.9543
44480 64.0087
44490 64.0626
44500 64.113
44510 64.1546
44520 64.1848
44530 64.2071
44540 64.228
44550 64.2512
44560 64.2782
44570 64.31
44580 64.3456
44590 64.3819
44600 64.4178
44610 64.4526
44620 64.4855
44630 64.517
44640 64.5459
44650 64.5725
44660 64.5994
44670 64.6259
44680 64.6495
44690 64.6746
44700 64.7057
44710 64.7377
44720 64.766
44730 64.795
44740 64.8303
44750 64.8719
44760 64.9175
44770 64.9637
44780 65.0065
44790 65.0442
44800 65.0784
44810 65.1133
44820 65.1548
44830 65.2071
44840 65.266
44850 65.3273
44860 65.3935
44870 65.4679
44880 65.543
44890 65.605
44900 65.6488
44910 65.6796
44920 65.698
44930 65.6983
44940 65.6807
44950 65.6541
44960 65.6257
44970 65.5968
44980 65.5677
44990 65.5453
45000 65.5393
45010 65.5555
45020 65.5871
45030 65.6225
45040 65.6546
45050 65.6818
45060 65.7038
45070 65.7207
45080 65.7359
45090 65.7527
45100 65.7668
45110 65.7657
45120 65.7447
45130 65.7104
45140 65.6667
45150 65.6116
45160 65.5477
45170 65.4845
45180 65.4259
45190 65.3707
45200 65.3199
45210 65.2751
45220 65.2346
45230 65.1934
45240 65.1476
45250 65.0986
45260 65.0502
45270 65.0028
45280 64.9516
45290 64.8938
45300 64.8305
45310 64.7661
45320 64.7064
45330 64.6558
45340 64.616
45350 64.5865
45360 64.5657
45370 64.5519
45380 64.5495
45390 64.5633
45400 64.5874
45410 64.6122
45420 64.637
45430 64.6688
45440 64.7121
45450 64.7671
45460 64.8313
45470 64.9005
45480 64.9696
45490 65.0358
45500 65.0987
45510 65.1564
45520 65.2052
45530 65.2442
45540 65.2834
45550 65.3386
45560 65.4131
45570 65.4995
45580 65.587
45590 65.6633
45600 65.7177
45610 65.7487
45620 65.7624
45630 65.7624
45640 65.7523
45650 65.7423
45660 65.7383
45670 65.7356
45680 65.7279
45690 65.7179
45700 65.7126
45710 65.717
45720 65.7333
45730 65.7613
45740 65.796
45750 65.8306
45760 65.8635
45770 65.9032
45780 65.9611
45790 66.0373
45800 66.1237
45810 66.2175
45820 66.3145
45830 66.4018
45840 66.4677
45850 66.5118
45860 66.5385
45870 66.5538
45880 66.5672
45890 66.5863
45900 66.6151
45910 66.656
45920 66.7119
45930 66.7823
45940 66.8606
45950 66.9378
45960 67.0074
45970 67.069
45980 67.1276
45990 67.1842
46000 67.235
46010 67.277
46020 67.3134
46030 67.3517
46040 67.395
46050 67.4349
46060 67.4645
46070 67.4909
46080 67.521
46090 67.5492
46100 67.5652
46110 67.5711
46120 67.5788
46130 67.5901
46140 67.5923
46150 67.5786
46160 67.5564
46170 67.5335
46180 67.5124
46190 67.4964
46200 67.4927
46210 67.507
46220 67.5376
46230 67.5773
46240 67.6185
46250 67.6575
46260 67.6925
46270 67.7193
46280 67.7352
46290 67.7456
46300 67.7586
46310 67.7781
46320 67.8025
46330 67.829
46340 67.8547
46350 67.8721
46360 67.8706
46370 67.8467
46380 67.8074
46390 67.7645
46400 67.7267
46410 67.703
46420 67.7006
46430 67.7154
46440 67.7345
46450 67.7492
46460 67.7538
46470 67.7434
46480 67.7249
46490 67.7079
46500 67.6923
46510 67.6733
46520 67.6499
46530 67.6233
46540 67.5906
46550 67.5513
46560 67.5129
46570 67.4797
46580 67.4516
46590 67.4328
46600 67.4283
46610 67.4329
46620 67.4372
46630 67.439
46640 67.4397
46650 67.4349
46660 67.4209
46670 67.3981
46680 67.3657
46690 67.3186
46700 67.2552
46710 67.1816
46720 67.1038
46730 67.0297
46740 66.9752
46750 66.9536
46760 66.9631
46770 66.9903
46780 67.0221
46790 67.0531
46800 67.0814
46810 67.1043
46820 67.1224
46830 67.1384
46840 67.153
46850 67.1693
46860 67.1914
46870 67.2175
46880 67.2427
46890 67.2658
46900 67.2857
46910 67.2968
46920 67.2938
46930 67.2853
46940 67.2833
46950 67.2888
46960 67.294
46970 67.299
46980 67.3156
46990 67.3497
47000 67.3947
47010 67.4439
47020 67.4981
47030 67.5567
47040 67.6104
47050 67.65
47060 67.6782
47070 67.7008
47080 67.7208
47090 67.7381
47100 67.7504
47110 67.7538
47120 67.7476
47130 67.7355
47140 67.7217
47150 67.7092
47160 67.6996
47170 67.6902
47180 67.6763
47190 67.6622
47200 67.6595
47210 67.6651
47220 67.6669
47230 67.6655
47240 67.673
47250 67.6941
47260 67.7225
47270 67.7527
47280 67.7827
47290 67.808
47300 67.8228
47310 67.8242
47320 67.8137
47330 67.8009
47340 67.7964
47350 67.7996
47360 67.8036
47370 67.8072
47380 67.813
47390 67.8229
47400 67.8338
47410 67.8391
47420 67.8354
47430 67.8215
47440 67.8006
47450 67.7804
47460 67.7667
47470 67.7599
47480 67.757
47490 67.758
47500 67.7657
47510 67.7782
47520 67.7907
47530 67.801
47540 67.8106
47550 67.817
47560 67.8186
47570 67.815
47580 67.8058
47590 67.7927
47600 67.7744
47610 67.7504
47620 67.7288
47630 67.7154
47640 67.7065
47650 67.6954
47660 67.68
47670 67.6606
47680 67.6378
47690 67.6096
47700 67.577
47710 67.5454
47720 67.5196
47730 67.4994
47740 67.4828
47750 67.4643
47760 67.4392
47770 67.4085
47780 67.378
47790 67.3538
47800 67.3327
47810 67.3071
47820 67.2729
47830 67.2308
47840 67.1875
47850 67.1482
47860 67.112
47870 67.0776
47880 67.0478
47890 67.0244
47900 67.0025
47910 66.9792
47920 66.9613
47930 66.9603
47940 66.9832
47950 67.0273
47960 67.0826
47970 67.1382
47980 67.1927
47990 67.2499
48000 67.311
48010 67.3753
48020 67.4414
48030 67.5078
48040 67.5761
48050 67.6476
48060 67.7215
48070 67.7957
48080 67.8681
48090 67.9342
48100 67.9909
48110 68.0416
48120 68.0906
48130 68.1386
48140 68.1867
48150 68.2395
48160 68.3018
48170 68.3751
48180 68.4574
48190 68.5483
48200 68.6454
48210 68.7415
48220 68.8345
48230 68.9316
48240 69.0365
48250 69.14
48260 69.2292
48270 69.2993
48280 69.3495
48290 69.3813
48300 69.4034
48310 69.4241
48320 69.4424
48330 69.4502
48340 69.4439
48350 69.429
48360 69.4139
48370 69.4049
48380 69.4073
48390 69.4256
48400 69.4581
48410 69.4952
48420 69.5316
48430 69.569
48440 69.6069
48450 69.6358
48460 69.6472
48470 69.6444
48480 69.6374
48490 69.6303
48500 69.6205
48510 69.6069
48520 69.5955
48530 69.5931
48540 69.5977
48550 69.6007
48560 69.5999
48570 69.601
48580 69.6056
48590 69.6118
48600 69.6252
48610 69.6563
48620 69.7098
48630 69.7811
48640 69.8586
48650 69.9315
48660 69.9928
48670 70.0356
48680 70.0533
48690 70.0439
48700 70.0149
48710 69.9706
48720 69.9121
48730 69.8436
48740 69.7719
48750 69.6993
48760 69.6206
48770 69.5342
48780 69.4473
48790 69.3718
48800 69.3185
48810 69.2927
48820 69.2903
48830 69.3055
48840 69.3338
48850 69.3665
48860 69.3973
48870 69.4263
48880 69.4514
48890 69.4642
48900 69.4645
48910 69.4621
48920 69.4657
48930 69.4777
48940 69.4967
48950 69.5211
48960 69.5542
48970 69.5942
48980 69.6327
48990 69.6683
49000 69.703
49010 69.7338
49020 69.7572
49030 69.7756
49040 69.7964
49050 69.8246
49060 69.8643
49070 69.9206
49080 69.9928
49090 70.0726
49100 70.1498
49110 70.2185
49120 70.2777
49130 70.331
49140 70.3841
49150 70.4376
49160 70.4885
49170 70.536
49180 70.5808
49190 70.6207
49200 70.6561
49210 70.691
49220 70.7226
49230 70.747
49240 70.7702
49250 70.7986
49260 70.8249
49270 70.8385
49280 70.8441
49290 70.8515
49300 70.8615
49310 70.8728
49320 70.8899
49330 70.9191
49340 70.9602
49350 71.0088
49360 71.0659
49370 71.1353
49380 71.2139
49390 71.2915
49400 71.3622
49410 71.4301
49420 71.5023
49430 71.5802
49440 71.6583
49450 71.7249
49460 71.7711
49470 71.7991
49480 71.8176
49490 71.8323
49500 71.8454
49510 71.8616
49520 71.8824
49530 71.9043
49540 71.9213
49550 71.9316
49560 71.9397
49570 71.9504
49580 71.9661
49590 71.9849
49600 72.0035
49610 72.0184
49620 72.0239
49630 72.0174
49640 72.0043
49650 71.9902
49660 71.9787
49670 71.9748
49680 71.9824
49690 72.0052
49700 72.0429
49710 72.0908
49720 72.1453
49730 72.2061
49740 72.2701
49750 72.3294
49760 72.3777
49770 72.4185
49780 72.4583
49790 72.4978
49800 72.5368
49810 72.578
49820 72.6183
49830 72.6475
49840 72.6596
49850 72.6605
49860 72.6585
49870 72.6594
49880 72.6664
49890 72.6801
49900 72.6993
49910 72.7217
49920 72.7454
49930 72.7681
49940 72.7845
49950 72.7868
49960 72.7707
49970 72.7427
49980 72.7136
49990 72.688
50000 72.6638
50010 72.642
50020 72.6276
50030 72.6163
50040 72.5987
50050 72.5719
50060 72.5401
50070 72.5074
50080 72.4761
50090 72.4487
50100 72.4289
50110 72.4235
50120 72.4365
50130 72.4606
50140 72.4828
50150 72.4968
50160 72.503
50170 72.5015
50180 72.4954
50190 72.4883
50200 72.4812
50210 72.4745
50220 72.4745
50230 72.4883
50240 72.5192
50250 72.5693
50260 72.6324
50270 72.6961
50280 72.7511
50290 72.7979
50300 72.8451
50310 72.8997
50320 72.9606
50330 73.025
50340 73.0907
50350 73.1546
50360 73.217
50370 73.2774
50380 73.3272
50390 73.3603
50400 73.3846
50410 73.4111
50420 73.4406
50430 73.4715
50440 73.5058
50450 73.5488
50460 73.606
50470 73.6794
50480 73.7673
50490 73.8647
50500 73.9653
50510 74.0602
50520 74.1472
50530 74.2305
50540 74.3072
50550 74.3698
50560 74.4152
50570 74.445
50580 74.4601
50590 74.4636
50600 74.4621
50610 74.4627
50620 74.4679
50630 74.4728
50640 74.4721
50650 74.463
50660 74.4481
50670 74.4344
50680 74.428
50690 74.4349
50700 74.4605
50710 74.5076
50720 74.5763
50730 74.6663
50740 74.7736
50750 74.8854
50760 74.9877
50770 75.0735
50780 75.1433
50790 75.204
50800 75.2645
50810 75.3274
50820 75.3881
50830 75.4438
50840 75.498
50850 75.5532
50860 75.609
50870 75.6658
50880 75.7227
50890 75.7738
50900 75.8156
50910 75.8524
50920 75.8902
50930 75.9308
50940 75.9724
50950 76.0126
50960 76.049
50970 76.0807
50980 76.1099
50990 76.1371
51000 76.1602
51010 76.1753
51020 76.1797
51030 76.174
51040 76.1618
51050 76.1488
51060 76.1399
51070 76.1382
51080 76.1459
51090 76.1607
51100 76.1745
51110 76.1796
51120 76.1767
51130 76.1735
51140 76.1747
51150 76.1787
51160 76.1831
51170 76.1856
51180 76.1835
51190 76.1729
51200 76.147
51210 76.0997
51220 76.0347
51230 75.959
51240 75.8774
51250 75.7961
51260 75.7237
51270 75.667
51280 75.6287
51290 75.6072
51300 75.5981
51310 75.5984
51320 75.6045
51330 75.6132
51340 75.6209
51350 75.6304
51360 75.6511
51370 75.6883
51380 75.7395
51390 75.7993
51400 75.862
51410 75.9202
51420 75.9684
51430 76.0008
51440 76.0173
51450 76.0283
51460 76.0429
51470 76.0599
51480 76.0749
51490 76.0859
51500 76.0925
51510 76.1013
51520 76.122
51530 76.1576
51540 76.199
51550 76.2333
51560 76.2574
51570 76.2751
51580 76.288
51590 76.3005
51600 76.3217
51610 76.3583
51620 76.4066
51630 76.4545
51640 76.4954
51650 76.5312
51660 76.5647
51670 76.5963
51680 76.6274
51690 76.6584
51700 76.6864
51710 76.7092
51720 76.7249
51730 76.7314
51740 76.7302
51750 76.7291
51760 76.7394
51770 76.7691
51780 76.8172
51790 76.8743
51800 76.9226
51810 76.9494
51820 76.955
51830 76.9467
51840 76.9293
51850 76.9018
51860 76.8623
51870 76.8136
51880 76.7649
51890 76.7226
51900 76.6869
51910 76.6613
51920 76.6563
51930 76.678
51940 76.7197
51950 76.7732
51960 76.8373
51970 76.9097
51980 76.9818
51990 77.0492
52000 77.1241
52010 77.2181
52020 77.325
52030 77.4332
52040 77.5372
52050 77.632
52060 77.7087
52070 77.7622
52080 77.7919
52090 77.7985
52100 77.7836
52110 77.7513
52120 77.7091
52130 77.6607
52140 77.6064
52150 77.5499
52160 77.4993
52170 77.46
52180 77.4283
52190 77.3995
52200 77.377
52210 77.365
52220 77.3605
52230 77.3581
52240 77.3593
52250 77.3694
52260 77.3872
52270 77.4088
52280 77.4332
52290 77.4619
52300 77.4936
52310 77.5256
52320 77.5576
52330 77.5926
52340 77.6336
52350 77.6758
52360 77.7063
52370 77.7154
52380 77.7039
52390 77.6833
52400 77.6668
52410 77.6565
52420 77.6428
52430 77.6209
52440 77.5938
52450 77.5632
52460 77.5275
52470 77.4922
52480 77.466
52490 77.4459
52500 77.422
52510 77.3908
52520 77.3517
52530 77.3027
52540 77.2455
52550 77.1861
52560 77.1297
52570 77.0795
52580 77.0338
52590 76.9844
52600 76.9279
52610 76.8687
52620 76.8179
52630 76.7827
52640 76.7639
52650 76.7586
52660 76.763
52670 76.7737
52680 76.7892
52690 76.8081
52700 76.8306
52710 76.8593
52720 76.8911
52730 76.9175
52740 76.9327
52750 76.9393
52760 76.9441
52770 76.9539
52780 76.973
52790 76.9989
52800 77.0276
52810 77.0557
52820 77.0797
52830 77.0978
52840 77.117
52850 77.146
52860 77.181
52870 77.2062
52880 77.2136
52890 77.212
52900 77.2075
52910 77.1963
52920 77.1776
52930 77.1544
52940 77.1261
52950 77.0901
52960 77.0495
52970 77.0088
52980 76.9693
52990 76.9299
53000 76.887
53010 76.8381
53020 76.789
53030 76.7483
53040 76.7115
53050 76.6674
53060 76.6183
53070 76.5752
53080 76.542
53090 76.5159
53100 76.497
53110 76.4842
53120 76.471
53130 76.455
53140 76.4418
53150 76.4355
53160 76.4328
53170 76.4335
53180 76.441
53190 76.454
53200 76.4687
53210 76.4863
53220 76.5124
53230 76.5448
53240 76.5747
53250 76.6018
53260 76.6305
53270 76.6621
53280 76.6951
53290 76.7269
53300 76.7576
53310 76.7856
53320 76.808
53330 76.8267
53340 76.8541
53350 76.9037
53360 76.9777
53370 77.0723
53380 77.1852
53390 77.3097
53400 77.4301
53410 77.5317
53420 77.6111
53430 77.6725
53440 77.7184
53450 77.7475
53460 77.7627
53470 77.7728
53480 77.7838
53490 77.7936
53500 77.7966
53510 77.7897
53520 77.7733
53530 77.7516
53540 77.7339
53550 77.7334
53560 77.7541
53570 77.7875
53580 77.8264
53590 77.8677
53600 77.9124
53610 77.969
53620 78.0474
53630 78.1462
53640 78.249
53650 78.3389
53660 78.4119
53670 78.4732
53680 78.5236
53690 78.5601
53700 78.5842
53710 78.5997
53720 78.6126
53730 78.633
53740 78.6661
53750 78.7088
53760 78.7562
53770 78.8056
53780 78.8613
53790 78.9286
53800 79.0054
53810 79.0824
53820 79.1505
53830 79.2048
53840 79.2455
53850 79.2782
53860 79.3073
53870 79.3342
53880 79.3619
53890 79.3924
53900 79.4242
53910 79.4531
53920 79.4735
53930 79.4801
53940 79.4676
53950 79.4349
53960 79.3856
53970 79.3266
53980 79.2696
53990 79.2213
54000 79.1813
54010 79.1509
54020 79.1337
54030 79.1308
54040 79.1399
54050 79.158
54060 79.1862
54070 79.2255
54080 79.2692
54090 79.3106
54100 79.3463
54110 79.3713
54120 79.3788
54130 79.3661
54140 79.3399
54150 79.3101
54160 79.2771
54170 79.2344
54180 79.1852
54190 79.1423
54200 79.1157
54210 79.1054
54220 79.1081
54230 79.1238
54240 79.1509
54250 79.1853
54260 79.2273
54270 79.2791
54280 79.3401
54290 79.4095
54300 79.4908
54310 79.5855
54320 79.6868
54330 79.7854
54340 79.8839
54350 79.9875
54360 80.0954
54370 80.2093
54380 80.3342
54390 80.4695
54400 80.6076
54410 80.7382
54420 80.8525
54430 80.9455
54440 81.0178
54450 81.0726
54460 81.107
54470 81.1126
54480 81.0879
54490 81.0423
54500 80.9827
54510 80.9105
54520 80.8317
54530 80.7571
54540 80.6899
54550 80.6294
54560 80.5823
54570 80.5575
54580 80.5555
54590 80.5698
54600 80.5936
54610 80.6261
54620 80.6665
54630 80.7085
54640 80.7425
54650 80.7642
54660 80.7794
54670 80.7921
54680 80.8021
54690 80.8161
54700 80.8466
54710 80.8973
54720 80.9626
54730 81.0343
54740 81.1047
54750 81.1663
54760 81.2158
54770 81.2593
54780 81.3055
54790 81.3544
54800 81.4038
54810 81.456
54820 81.5081
54830 81.5525
54840 81.5863
54850 81.6125
54860 81.6329
54870 81.6455
54880 81.6504
54890 81.652
54900 81.6534
54910 81.6522
54920 81.648
54930 81.6505
54940 81.6708
54950 81.7113
54960 81.7665
54970 81.8297
54980 81.8968
54990 81.9653
55000 82.035
55010 82.1078
55020 82.1783
55030 82.24
55040 82.2929
55050 82.3419
55060 82.39
55070 82.4377
55080 82.4855
55090 82.5411
55100 82.6077
55110 82.6759
55120 82.7344
55130 82.7797
55140 82.813
55150 82.8377
55160 82.8604
55170 82.884
55180 82.9032
55190 82.9165
55200 82.9334
55210 82.9622
55220 83.0038
55230 83.0592
55240 83.1328
55250 83.2261
55260 83.3311
55270 83.4391
55280 83.5437
55290 83.6354
55300 83.7096
55310 83.7687
55320 83.8213
55330 83.877
55340 83.9366
55350 83.9908
55360 84.0331
55370 84.0672
55380 84.0941
55390 84.1097
55400 84.1132
55410 84.1088
55420 84.1023
55430 84.1002
55440 84.1049
55450 84.1139
55460 84.126
55470 84.143
55480 84.1672
55490 84.1996
55500 84.2352
55510 84.2636
55520 84.2809
55530 84.2884
55540 84.2847
55550 84.2689
55560 84.2415
55570 84.2045
55580 84.1624
55590 84.1219
55600 84.0909
55610 84.0741
55620 84.0738
55630 84.0937
55640 84.1388
55650 84.2084
55660 84.2953
55670 84.3919
55680 84.492
55690 84.5809
55700 84.638
55710 84.6547
55720 84.6386
55730 84.5989
55740 84.5436
55750 84.4793
55760 84.4103
55770 84.34
55780 84.2725
55790 84.2108
55800 84.1562
55810 84.1124
55820 84.0852
55830 84.0769
55840 84.0837
55850 84.098
55860 84.1139
55870 84.1305
55880 84.1522
55890 84.1843
55900 84.2277
55910 84.2783
55920 84.3341
55930 84.3944
55940 84.4565
55950 84.519
55960 84.5827
55970 84.6495
55980 84.7155
55990 84.7707
56000 84.8134
56010 84.8507
56020 84.8856
56030 84.9154
56040 84.9399
56050 84.9605
56060 84.9799
56070 85.002
56080 85.0262
56090 85.0462
56100 85.0583
56110 85.0668
56120 85.0812
56130 85.1083
56140 85.1471
56150 85.1939
56160 85.2491
56170 85.3146
56180 85.3872
56190 85.4578
56200 85.5185
56210 85.5655
56220 85.5969
56230 85.6071
56240 85.5936
56250 85.5661
56260 85.5351
56270 85.5026
56280 85.4682
56290 85.4384
56300 85.4182
56310 85.4073
56320 85.4097
56330 85.4289
56340 85.4595
56350 85.4953
56360 85.5373
56370 85.5865
56380 85.6378
56390 85.6872
56400 85.7332
56410 85.7708
56420 85.796
56430 85.8133
56440 85.8238
56450 85.8181
56460 85.787
56470 85.7328
56480 85.667
56490 85.6033
56500 85.5533
56510 85.5182
56520 85.4917
56530 85.4718
56540 85.4602
56550 85.4552
56560 85.4513
56570 85.4467
56580 85.4457
56590 85.4565
56600 85.4834
56610 85.523
56620 85.569
56630 85.6166
56640 85.6679
56650 85.7325
56660 85.8129
56670 85.8945
56680 85.9609
56690 86.0066
56700 86.0302
56710 86.0336
56720 86.0214
56730 85.9946
56740 85.9526
56750 85.9035
56760 85.8572
56770 85.8188
56780 85.7912
56790 85.7712
56800 85.7454
56810 85.7002
56820 85.6329
56830 85.5512
56840 85.4591
56850 85.3563
56860 85.2506
56870 85.1533
56880 85.072
56890 85.0123
56900 84.9741
56910 84.954
56920 84.9486
56930 84.9574
56940 84.9802
56950 85.0188
56960 85.0765
56970 85.1521
56980 85.2345
56990 85.3118
57000 85.3833
57010 85.4548
57020 85.5292
57030 85.5984
57040 85.6484
57050 85.6748
57060 85.6801
57070 85.6647
57080 85.63
57090 85.5847
57100 85.5438
57110 85.5183
57120 85.5138
57130 85.5315
57140 85.5682
57150 85.6169
57160 85.6701
57170 85.7185
57180 85.7552
57190 85.7791
57200 85.793
57210 85.7995
57220 85.8042
57230 85.8167
57240 85.8422
57250 85.8759
57260 85.9142
57270 85.9579
57280 86.0079
57290 86.0634
57300 86.1227
57310 86.1811
57320 86.2344
57330 86.2834
57340 86.3297
57350 86.3715
57360 86.4069
57370 86.4396
57380 86.4771
57390 86.5224
57400 86.5729
57410 86.6221
57420 86.6662
57430 86.708
57440 86.7562
57450 86.8117
57460 86.866
57470 86.9127
57480 86.9524
57490 86.9862
57500 87.0154
57510 87.0448
57520 87.0832
57530 87.1291
57540 87.1718
57550 87.208
57560 87.2397
57570 87.2661
57580 87.2891
57590 87.3157
57600 87.349
57610 87.386
57620 87.4245
57630 87.4597
57640 87.4842
57650 87.4938
57660 87.4889
57670 87.4726
57680 87.4539
57690 87.4418
57700 87.4386
57710 87.4452
57720 87.466
57730 87.4993
57740 87.5329
57750 87.5567
57760 87.5673
57770 87.5678
57780 87.568
57790 87.5801
57800 87.6112
57810 87.6581
57820 87.7153
57830 87.7788
57840 87.8404
57850 87.888
57860 87.9212
57870 87.9488
57880 87.9735
57890 87.9933
57900 88.0117
57910 88.0348
57920 88.0662
57930 88.1107
57940 88.1726
57950 88.2486
57960 88.3294
57970 88.406
57980 88.4702
57990 88.5139
58000 88.5308
58010 88.5208
58020 88.4934
58030 88.4655
58040 88.454
58050 88.467
58060 88.5016
58070 88.5481
58080 88.5984
58090 88.6487
58100 88.6944
58110 88.7269
58120 88.7447
58130 88.7588
58140 88.776
58150 88.7948
58160 88.8114
58170 88.824
58180 88.8344
58190 88.8441
58200 88.8525
58210 88.8592
58220 88.8662
58230 88.8778
58240 88.8995
58250 88.9342
58260 88.9772
58270 89.0202
58280 89.0613
58290 89.1047
58300 89.1509
58310 89.1909
58320 89.2136
58330 89.2115
58340 89.1764
58350 89.1031
58360 88.9951
58370 88.8633
58380 88.7212
58390 88.5782
58400 88.4412
58410 88.3201
58420 88.2242
58430 88.1547
58440 88.1009
58450 88.0515
58460 88.0028
58470 87.9553
58480 87.9112
58490 87.8729
58500 87.845
58510 87.8295
58520 87.8195
58530 87.8052
58540 87.7872
58550 87.7741
58560 87.7688
58570 87.768
58580 87.7705
58590 87.7764
58600 87.7828
58610 87.7848
58620 87.7794
58630 87.7683
58640 87.7539
58650 87.7329
58660 87.7029
58670 87.6704
58680 87.6428
58690 87.6301
58700 87.6441
58710 87.686
58720 87.7418
58730 87.8041
58740 87.8791
58750 87.9701
58760 88.0621
58770 88.1366
58780 88.1886
58790 88.2265
58800 88.2602
58810 88.2921
58820 88.3213
58830 88.3508
58840 88.3907
58850 88.4433
58860 88.497
58870 88.5401
58880 88.5695
58890 88.5887
58900 88.6038
58910 88.6181
58920 88.6303
58930 88.6414
58940 88.6568
58950 88.6775
58960 88.6982
58970 88.7185
58980 88.7439
58990 88.774
59000 88.8003
59010 88.8204
59020 88.8417
59030 88.8706
59040 88.9069
59050 88.947
59060 88.9899
59070 89.038
59080 89.0926
59090 89.1526
59100 89.2143
59110 89.2756
59120 89.3388
59130 89.4098
59140 89.4925
59150 89.5842
59160 89.6766
59170 89.7636
59180 89.8497
59190 89.9417
59200 90.0399
59210 90.1432
59220 90.2533
59230 90.3698
59240 90.4867
59250 90.6009
59260 90.7143
59270 90.8266
59280 90.9319
59290 91.0234
59300 91.0965
59310 91.1537
59320 91.2049
59330 91.2596
59340 91.3249
59350 91.402
59360 91.4843
59370 91.5608
59380 91.6218
59390 91.6619
59400 91.6823
59410 91.6889
59420 91.6861
59430 91.6732
59440 91.6505
59450 91.6186
59460 91.5761
59470 91.5314
59480 91.4982
59490 91.4776
59500 91.4567
59510 91.4222
59520 91.3741
59530 91.3166
59540 91.2487
59550 91.1703
59560 91.0905
59570 91.021
59580 90.9648
59590 90.9204
59600 90.8893
59610 90.8732
59620 90.872
59630 90.8851
59640 90.9089
59650 90.9355
59660 90.962
59670 90.9915
59680 91.0265
59690 91.0696
59700 91.1241
59710 91.1894
59720 91.2618
59730 91.3359
59740 91.408
59750 91.4808
59760 91.5575
59770 91.6328
59780 91.6994
59790 91.7565
59800 91.8108
59810 91.8686
59820 91.9307
59830 91.9962
59840 92.0652
59850 92.1352
59860 92.2017
59870 92.2642
59880 92.3236
59890 92.3782
59900 92.4267
59910 92.4744
59920 92.5255
59930 92.581
59940 92.6443
59950 92.7176
59960 92.7967
59970 92.8775
59980 92.9538
59990 93.014
60000 93.0485
60010 93.0623
60020 93.0722
60030 93.0866
60040 93.101
60050 93.111
60060 93.1173
60070 93.1161
60080 93.0976
60090 93.0579
60100 93.003
60110 92.9429
60120 92.8875
60130 92.8452
60140 92.8215
60150 92.8169
60160 92.8249
60170 92.8383
60180 92.8541
60190 92.8725
60200 92.8863
60210 92.8851
60220 92.8676
60230 92.841
60240 92.8164
60250 92.8005
60260 92.7914
60270 92.7842
60280 92.7767
60290 92.7738
60300 92.7826
60310 92.8062
60320 92.8459
60330 92.9024
60340 92.9715
60350 93.0443
60360 93.1136
60370 93.1775
60380 93.2381
60390 93.2985
60400 93.3619
60410 93.4281
60420 93.4962
60430 93.5659
60440 93.6341
60450 93.6978
60460 93.7575
60470 93.8094
60480 93.8428
60490 93.8506
60500 93.8324
60510 93.7964
60520 93.7537
60530 93.7141
60540 93.6854
60550 93.6721
60560 93.6775
60570 93.7073
60580 93.7649
60590 93.8461
60600 93.9409
60610 94.0383
60620 94.1327
60630 94.2271
60640 94.3223
60650 94.4067
60660 94.4713
60670 94.5202
60680 94.5625
60690 94.6051
60700 94.6543
60710 94.7099
60720 94.7645
60730 94.8119
60740 94.8505
60750 94.88
60760 94.9
60770 94.913
60780 94.9216
60790 94.9267
60800 94.9305
60810 94.9333
60820 94.932
60830 94.9313
60840 94.9372
60850 94.9494
60860 94.9645
60870 94.9811
60880 94.9959
60890 95.0019
60900 94.9983
60910 94.9855
60920 94.9592
60930 94.9157
60940 94.86
60950 94.8029
60960 94.7496
60970 94.6993
60980 94.6509
60990 94.6066
61000 94.5717
61010 94.5507
61020 94.5418
61030 94.5385
61040 94.5401
61050 94.5483
61060 94.5568
61070 94.5552
61080 94.5384
61090 94.5149
61100 94.4973
61110 94.4909
61120 94.4978
61130 94.5219
61140 94.5592
61150 94.5969
61160 94.6259
61170 94.6448
61180 94.6493
61190 94.6368
61200 94.6167
61210 94.6019
61220 94.6044
61230 94.6359
61240 94.7033
61250 94.7998
61260 94.9089
61270 95.0147
61280 95.106
61290 95.1757
61300 95.219
61310 95.233
61320 95.2187
61330 95.1823
61340 95.1336
61350 95.0781
61360 95.0143
61370 94.9426
61380 94.8724
61390 94.8122
61400 94.7691
61410 94.7534
61420 94.7671
61430 94.8012
61440 94.8461
61450 94.8978
61460 94.9524
61470 95.0027
61480 95.043
61490 95.0727
61500 95.0938
61510 95.1154
61520 95.1539
61530 95.2185
61540 95.3062
61550 95.4065
61560 95.5064
61570 95.5964
61580 95.67
61590 95.722
61600 95.7537
61610 95.772
61620 95.7831
61630 95.7876
61640 95.7878
61650 95.7943
61660 95.8166
61670 95.8538
61680 95.8986
61690 95.9447
61700 95.9877
61710 96.0306
61720 96.0879
61730 96.1672
61740 96.2568
61750 96.3449
61760 96.4325
61770 96.5207
61780 96.6038
61790 96.6769
61800 96.7397
61810 96.7938
61820 96.8399
61830 96.8732
61840 96.8836
61850 96.8667
61860 96.8266
61870 96.7682
61880 96.6932
61890 96.6037
61900 96.5089
61910 96.4241
61920 96.3581
61930 96.3069
61940 96.2629
61950 96.2261
61960 96.2032
61970 96.1953
61980 96.1972
61990 96.2076
62000 96.223
62010 96.2318
62020 96.2272
62030 96.2155
62040 96.2038
62050 96.1872
62060 96.1577
62070 96.1193
62080 96.0847
62090 96.0612
62100 96.0475
62110 96.0443
62120 96.0552
62130 96.0809
62140 96.1191
62150 96.1626
62160 96.2064
62170 96.2586
62180 96.3309
62190 96.4207
62200 96.5168
62210 96.6069
62220 96.6794
62230 96.728
62240 96.755
62250 96.763
62260 96.7496
62270 96.7187
62280 96.6838
62290 96.653
62300 96.6243
62310 96.5961
62320 96.5663
62330 96.5344
62340 96.5003
62350 96.4648
62360 96.4357
62370 96.4259
62380 96.4407
62390 96.4774
62400 96.5269
62410 96.5765
62420 96.6149
62430 96.6422
62440 96.6687
62450 96.7008
62460 96.7357
62470 96.7686
62480 96.8008
62490 96.8378
62500 96.8763
62510 96.9125
62520 96.9558
62530 97.015
62540 97.0832
62550 97.1463
62560 97.1995
62570 97.2467
62580 97.2884
62590 97.3197
62600 97.3411
62610 97.3603
62620 97.3823
62630 97.4067
62640 97.4312
62650 97.4541
62660 97.4762
62670 97.4978
62680 97.5157
62690 97.5273
62700 97.5344
62710 97.5368
62720 97.5316
62730 97.5212
62740 97.507
62750 97.4863
62760 97.4571
62770 97.4268
62780 97.4043
62790 97.3852
62800 97.3648
62810 97.3491
62820 97.3426
62830 97.3446
62840 97.352
62850 97.3604
62860 97.3668
62870 97.376
62880 97.3931
62890 97.4163
62900 97.4387
62910 97.4526
62920 97.4509
62930 97.4336
62940 97.4091
62950 97.3856
62960 97.3637
62970 97.341
62980 97.3192
62990 97.3037
63000 97.3012
63010 97.3135
63020 97.3416
63030 97.386
63040 97.4404
63050 97.4973
63060 97.5528
63070 97.5981
63080 97.6257
63090 97.6313
63100 97.6126
63110 97.5792
63120 97.5485
63130 97.5265
63140 97.5112
63150 97.5086
63160 97.5281
63170 97.5684
63180 97.6231
63190 97.693
63200 97.7757
63210 97.8548
63220 97.9171
63230 97.9582
63240 97.9752
63250 97.9757
63260 97.9766
63270 97.9838
63280 97.9905
63290 97.9919
63300 97.991
63310 97.9868
63320 97.9733
63330 97.9488
63340 97.9198
63350 97.8962
63360 97.8878
63370 97.8985
63380 97.918
63390 97.9303
63400 97.9293
63410 97.9167
63420 97.8951
63430 97.8691
63440 97.8462
63450 97.8324
63460 97.8324
63470 97.8496
63480 97.8821
63490 97.9215
63500 97.9597
63510 97.9933
63520 98.021
63530 98.0381
63540 98.0383
63550 98.0265
63560 98.0187
63570 98.0246
63580 98.0394
63590 98.0514
63600 98.0533
63610 98.0439
63620 98.0241
63630 97.9964
63640 97.9613
63650 97.9147
63660 97.8552
63670 97.7884
63680 97.7212
63690 97.6577
63700 97.6031
63710 97.5619
63720 97.5334
63730 97.514
63740 97.4996
63750 97.49
63760 97.4847
63770 97.48
63780 97.4794
63790 97.4903
63800 97.5136
63810 97.5419
63820 97.575
63830 97.6192
63840 97.6797
63850 97.7537
63860 97.8319
63870 97.9048
63880 97.972
63890 98.0455
63900 98.1298
63910 98.2204
63920 98.3111
63930 98.3951
63940 98.4685
63950 98.5315
63960 98.5836
63970 98.6222
63980 98.6464
63990 98.6615
64000 98.6771
64010 98.6933
64020 98.6976
64030 98.6831
64040 98.6515
64050 98.6051
64060 98.553
64070 98.5097
64080 98.4838
64090 98.4662
64100 98.444
64110 98.4173
64120 98.389
64130 98.3565
64140 98.3142
64150 98.2617
64160 98.2058
64170 98.1549
64180 98.1142
64190 98.0814
64200 98.0559
64210 98.0405
64220 98.04
64230 98.0598
64240 98.1022
64250 98.1693
64260 98.2614
64270 98.3681
64280 98.4713
64290 98.5598
64300 98.6369
64310 98.7113
64320 98.7855
64330 98.8547
64340 98.9108
64350 98.9546
64360 98.997
64370 99.0496
64380 99.1198
64390 99.2073
64400 99.3061
64410 99.4059
64420 99.4918
64430 99.5545
64440 99.5978
64450 99.6339
64460 99.6714
64470 99.7122
64480 99.7604
64490 99.8216
64500 99.8956
64510 99.9759
64520 100.059
64530 100.145
64540 100.232
64550 100.314
64560 100.392
64570 100.47
64580 100.554
64590 100.643
64600 100.734
64610 100.826
64620 100.923
64630 101.022
64640 101.114
64650 101.191
64660 101.251
64670 101.293
64680 101.313
64690 101.315
64700 101.306
64710 101.301
64720 101.305
64730 101.309
64740 101.31
64750 101.314
64760 101.331
64770 101.347
64780 101.344
64790 101.324
64800 101.294
64810 101.257
64820 101.217
64830 101.181
64840 101.157
64850 101.139
64860 101.122
64870 101.101
64880 101.075
64890 101.048
64900 101.019
64910 100.984
64920 100.946
64930 100.905
64940 100.858
64950 100.807
64960 100.759
64970 100.718
64980 100.687
64990 100.672
65000 100.673
65010 100.68
65020 100.684
65030 100.68
65040 100.666
65050 100.648
65060 100.637
65070 100.634
65080 100.64
65090 100.653
65100 100.672
65110 100.692
65120 100.709
65130 100.723
65140 100.73
65150 100.729
65160 100.727
65170 100.737
65180 100.764
65190 100.802
65200 100.853
65210 100.913
65220 100.979
65230 101.049
65240 101.115
65250 101.169
65260 101.205
65270 101.229
65280 101.248
65290 101.267
65300 101.288
65310 101.311
65320 101.341
65330 101.384
65340 101.443
65350 101.52
65360 101.605
65370 101.696
65380 101.799
65390 101.911
65400 102.014
65410 102.09
65420 102.137
65430 102.168
65440 102.196
65450 102.229
65460 102.269
65470 102.319
65480 102.376
65490 102.434
65500 102.489
65510 102.539
65520 102.578
65530 102.602
65540 102.616
65550 102.628
65560 102.648
65570 102.675
65580 102.708
65590 102.746
65600 102.787
65610 102.822
65620 102.841
65630 102.845
65640 102.843
65650 102.844
65660 102.845
65670 102.841
65680 102.833
65690 102.818
65700 102.798
65710 102.778
65720 102.759
65730 102.74
65740 102.72
65750 102.709
65760 102.713
65770 102.733
65780 102.767
65790 102.808
65800 102.849
65810 102.887
65820 102.926
65830 102.966
65840 103.005
65850 103.04
65860 103.065
65870 103.081
65880 103.092
65890 103.102
65900 103.113
65910 103.124
65920 103.14
65930 103.162
65940 103.187
65950 103.205
65960 103.207
65970 103.197
65980 103.182
65990 103.161
66000 103.143
66010 103.139
66020 103.15
66030 103.173
66040 103.199
66050 103.217
66060 103.218
66070 103.201
66080 103.173
66090 103.135
66100 103.092
66110 103.056
66120 103.035
66130 103.027
66140 103.028
66150 103.039
66160 103.065
66170 103.106
66180 103.158
66190 103.209
66200 103.247
66210 103.261
66220 103.252
66230 103.226
66240 103.194
66250 103.168
66260 103.16
66270 103.176
66280 103.213
66290 103.271
66300 103.348
66310 103.436
66320 103.518
66330 103.587
66340 103.646
66350 103.704
66360 103.762
66370 103.816
66380 103.862
66390 103.894
66400 103.915
66410 103.923
66420 103.921
66430 103.914
66440 103.912
66450 103.922
66460 103.948
66470 103.987
66480 104.034
66490 104.079
66500 104.122
66510 104.165
66520 104.215
66530 104.275
66540 104.343
66550 104.424
66560 104.511
66570 104.594
66580 104.667
66590 104.734
66600 104.803
66610 104.864
66620 104.902
66630 104.915
66640 104.916
66650 104.914
66660 104.907
66670 104.898
66680 104.897
66690 104.911
66700 104.934
66710 104.962
66720 104.994
66730 105.031
66740 105.069
66750 105.102
66760 105.13
66770 105.152
66780 105.16
66790 105.153
66800 105.143
66810 105.138
66820 105.135
66830 105.131
66840 105.127
66850 105.134
66860 105.147
66870 105.155
66880 105.152
66890 105.149
66900 105.16
66910 105.181
66920 105.206
66930 105.234
66940 105.268
66950 105.306
66960 105.34
66970 105.364
66980 105.376
66990 105.386
67000 105.398
67010 105.412
67020 105.426
67030 105.445
67040 105.479
67050 105.523
67060 105.567
67070 105.608
67080 105.642
67090 105.665
67100 105.672
67110 105.667
67120 105.661
67130 105.668
67140 105.696
67150 105.743
67160 105.804
67170 105.87
67180 105.939
67190 106.013
67200 106.089
67210 106.158
67220 106.215
67230 106.261
67240 106.298
67250 106.325
67260 106.342
67270 106.353
67280 106.366
67290 106.385
67300 106.408
67310 106.429
67320 106.448
67330 106.468
67340 106.492
67350 106.526
67360 106.565
67370 106.603
67380 106.636
67390 106.663
67400 106.682
67410 106.693
67420 106.691
67430 106.669
67440 106.627
67450 106.571
67460 106.504
67470 106.433
67480 106.368
67490 106.314
67500 106.268
67510 106.226
67520 106.185
67530 106.152
67540 106.133
67550 106.127
67560 106.132
67570 106.146
67580 106.17
67590 106.202
67600 106.234
67610 106.269
67620 106.313
67630 106.364
67640 106.419
67650 106.474
67660 106.53
67670 106.59
67680 106.654
67690 106.717
67700 106.778
67710 106.836
67720 106.891
67730 106.937
67740 106.971
67750 106.989
67760 106.99
67770 106.977
67780 106.955
67790 106.927
67800 106.9
67810 106.879
67820 106.868
67830 106.872
67840 106.889
67850 106.921
67860 106.968
67870 107.021
67880 107.061
67890 107.072
67900 107.051
67910 106.994
67920 106.905
67930 106.79
67940 106.657
67950 106.515
67960 106.372
67970 106.234
67980 106.106
67990 105.992
68000 105.894
68010 105.813
68020 105.751
68030 105.701
68040 105.663
68050 105.642
68060 105.643
68070 105.663
68080 105.692
68090 105.721
68100 105.743
68110 105.756
68120 105.754
68130 105.735
68140 105.699
68150 105.653
68160 105.597
68170 105.534
68180 105.471
68190 105.406
68200 105.341
68210 105.284
68220 105.244
68230 105.226
68240 105.224
68250 105.231
68260 105.24
68270 105.247
68280 105.253
68290 105.265
68300 105.283
68310 105.299
68320 105.313
68330 105.326
68340 105.334
68350 105.332
68360 105.322
68370 105.31
68380 105.301
68390 105.297
68400 105.296
68410 105.302
68420 105.311
68430 105.315
68440 105.313
68450 105.309
68460 105.307
68470 105.309
68480 105.322
68490 105.356
68500 105.408
68510 105.463
68520 105.514
68530 105.562
68540 105.602
68550 105.632
68560 105.652
68570 105.664
68580 105.673
68590 105.68
68600 105.691
68610 105.706
68620 105.725
68630 105.757
68640 105.81
68650 105.878
68660 105.948
68670 106.008
68680 106.055
68690 106.088
68700 106.111
68710 106.127
68720 106.143
68730 106.161
68740 106.188
68750 106.233
68760 106.297
68770 106.375
68780 106.464
68790 106.555
68800 106.643
68810 106.721
68820 106.781
68830 106.817
68840 106.827
68850 106.823
68860 106.824
68870 106.84
68880 106.872
68890 106.919
68900 106.976
68910 107.031
68920 107.071
68930 107.091
68940 107.097
68950 107.103
68960 107.114
68970 107.123
68980 107.133
68990 107.147
69000 107.167
69010 107.189
69020 107.216
69030 107.253
69040 107.302
69050 107.356
69060 107.405
69070 107.449
69080 107.491
69090 107.524
69100 107.544
69110 107.553
69120 107.551
69130 107.531
69140 107.487
69150 107.427
69160 107.371
69170 107.332
69180 107.314
69190 107.317
69200 107.336
69210 107.372
69220 107.424
69230 107.489
69240 107.558
69250 107.626
69260 107.689
69270 107.744
69280 107.786
69290 107.819
69300 107.843
69310 107.861
69320 107.884
69330 107.918
69340 107.964
69350 108.023
69360 108.1
69370 108.194
69380 108.293
69390 108.386
69400 108.48
69410 108.585
69420 108.701
69430 108.82
69440 108.941
69450 109.06
69460 109.164
69470 109.247
69480 109.312
69490 109.364
69500 109.414
69510 109.482
69520 109.572
69530 109.669
69540 109.752
69550 109.816
69560 109.865
69570 109.904
69580 109.933
69590 109.953
69600 109.97
69610 109.982
69620 109.98
69630 109.955
69640 109.91
69650 109.856
69660 109.811
69670 109.784
69680 109.769
69690 109.763
69700 109.766
69710 109.78
69720 109.806
69730 109.837
69740 109.868
69750 109.901
69760 109.939
69770 109.977
69780 110.008
69790 110.036
69800 110.074
69810 110.122
69820 110.173
69830 110.234
69840 110.318
69850 110.425
69860 110.544
69870 110.656
69880 110.75
69890 110.823
69900 110.871
69910 110.897
69920 110.908
69930 110.905
69940 110.886
69950 110.866
69960 110.866
69970 110.895
69980 110.945
69990 111.008
70000 111.081
70010 111.155
70020 111.233
70030 111.316
70040 111.394
70050 111.45
70060 111.482
70070 111.494
70080 111.494
70090 111.488
70100 111.485
70110 111.492
70120 111.515
70130 111.562
70140 111.631
70150 111.707
70160 111.771
70170 111.814
70180 111.833
70190 111.827
70200 111.796
70210 111.748
70220 111.688
70230 111.617
70240 111.541
70250 111.467
70260 111.4
70270 111.339
70280 111.283
70290 111.233
70300 111.189
70310 111.143
70320 111.092
70330 111.039
70340 111.002
70350 110.988
70360 110.991
70370 110.997
70380 111.011
70390 111.041
70400 111.08
70410 111.111
70420 111.127
70430 111.134
70440 111.136
70450 111.132
70460 111.117
70470 111.09
70480 111.048
70490 110.994
70500 110.937
70510 110.884
70520 110.837
70530 110.795
70540 110.761
70550 110.738
70560 110.724
70570 110.712
70580 110.696
70590 110.669
70600 110.633
70610 110.593
70620 110.554
70630 110.521
70640 110.498
70650 110.48
70660 110.467
70670 110.46
70680 110.454
70690 110.439
70700 110.412
70710 110.379
70720 110.345
70730 110.309
70740 110.271
70750 110.238
70760 110.217
70770 110.217
70780 110.237
70790 110.267
70800 110.296
70810 110.328
70820 110.38
70830 110.462
70840 110.564
70850 110.677
70860 110.801
70870 110.942
70880 111.089
70890 111.233
70900 111.367
70910 111.483
70920 111.578
70930 111.654
70940 111.709
70950 111.741
70960 111.757
70970 111.765
70980 111.772
70990 111.794
71000 111.844
71010 111.92
71020 112.01
71030 112.095
71040 112.156
71050 112.184
71060 112.186
71070 112.169
71080 112.132
71090 112.076
71100 112.018
71110 111.975
71120 111.943
71130 111.907
71140 111.862
71150 111.811
71160 111.763
71170 111.722
71180 111.701
71190 111.708
71200 111.738
71210 111.78
71220 111.826
71230 111.871
71240 111.911
71250 111.944
71260 111.963
71270 111.966
71280 111.959
71290 111.947
71300 111.927
71310 111.899
71320 111.872
71330 111.857
71340 111.862
71350 111.887
71360 111.925
71370 111.965
71380 111.998
71390 112.023
71400 112.037
71410 112.045
71420 112.05
71430 112.048
71440 112.038
71450 112.023
71460 112.007
71470 111.998
71480 112.003
71490 112.021
71500 112.045
71510 112.078
71520 112.123
71530 112.173
71540 112.224
71550 112.282
71560 112.348
71570 112.409
71580 112.457
71590 112.488
71600 112.498
71610 112.489
71620 112.471
71630 112.461
71640 112.461
71650 112.463
71660 112.46
71670 112.458
71680 112.467
71690 112.487
71700 112.51
71710 112.53
71720 112.552
71730 112.582
71740 112.622
71750 112.669
71760 112.711
71770 112.739
71780 112.753
71790 112.752
71800 112.738
71810 112.719
71820 112.708
71830 112.715
71840 112.741
71850 112.783
71860 112.84
71870 112.912
71880 112.995
71890 113.08
71900 113.16
71910 113.224
71920 113.268
71930 113.301
71940 113.333
71950 113.369
71960 113.406
71970 113.443
71980 113.477
71990 113.505
72000 113.528
72010 113.554
72020 113.586
72030 113.623
72040 113.661
72050 113.704
72060 113.754
72070 113.808
72080 113.859
72090 113.909
72100 113.963
72110 114.017
72120 114.071
72130 114.126
72140 114.179
72150 114.218
72160 114.237
72170 114.238
72180 114.223
72190 114.194
72200 114.16
72210 114.127
72220 114.095
72230 114.061
72240 114.022
72250 113.982
72260 113.941
72270 113.896
72280 113.85
72290 113.807
72300 113.774
72310 113.753
72320 113.751
72330 113.762
72340 113.777
72350 113.791
72360 113.802
72370 113.813
72380 113.819
72390 113.821
72400 113.827
72410 113.848
72420 113.888
72430 113.937
72440 113.989
72450 114.042
72460 114.094
72470 114.141
72480 114.184
72490 114.224
72500 114.258
72510 114.281
72520 114.292
72530 114.295
72540 114.296
72550 114.295
72560 114.291
72570 114.273
72580 114.235
72590 114.177
72600 114.108
72610 114.041
72620 113.985
72630 113.936
72640 113.879
72650 113.801
72660 113.701
72670 113.593
72680 113.49
72690 113.397
72700 113.316
72710 113.252
72720 113.202
72730 113.16
72740 113.121
72750 113.078
72760 113.028
72770 112.972
72780 112.92
72790 112.874
72800 112.828
72810 112.777
72820 112.722
72830 112.668
72840 112.621
72850 112.584
72860 112.557
72870 112.533
72880 112.508
72890 112.486
72900 112.467
72910 112.446
72920 112.427
72930 112.42
72940 112.423
72950 112.425
72960 112.429
72970 112.443
72980 112.468
72990 112.502
73000 112.548
73010 112.609
73020 112.679
73030 112.751
73040 112.82
73050 112.887
73060 112.959
73070 113.038
73080 113.123
73090 113.213
73100 113.308
73110 113.401
73120 113.482
73130 113.556
73140 113.631
73150 113.706
73160 113.769
73170 113.819
73180 113.857
73190 113.88
73200 113.886
73210 113.887
73220 113.891
73230 113.902
73240 113.92
73250 113.947
73260 113.986
73270 114.04
73280 114.102
73290 114.163
73300 114.221
73310 114.272
73320 114.317
73330 114.363
73340 114.411
73350 114.456
73360 114.495
73370 114.533
73380 114.575
73390 114.623
73400 114.678
73410 114.75
73420 114.839
73430 114.941
73440 115.046
73450 115.143
73460 115.224
73470 115.29
73480 115.356
73490 115.422
73500 115.477
73510 115.518
73520 115.542
73530 115.547
73540 115.532
73550 115.51
73560 115.5
73570 115.511
73580 115.538
73590 115.571
73600 115.602
73610 115.624
73620 115.641
73630 115.662
73640 115.688
73650 115.713
73660 115.736
73670 115.759
73680 115.783
73690 115.803
73700 115.812
73710 115.797
73720 115.753
73730 115.687
73740 115.61
73750 115.528
73760 115.443
73770 115.361
73780 115.277
73790 115.189
73800 115.096
73810 115
73820 114.903
73830 114.807
73840 114.717
73850 114.637
73860 114.561
73870 114.484
73880 114.407
73890 114.336
73900 114.269
73910 114.209
73920 114.158
73930 114.124
73940 114.105
73950 114.098
73960 114.101
73970 114.114
73980 114.14
73990 114.182
74000 114.245
74010 114.324
74020 114.414
74030 114.512
74040 114.614
74050 114.709
74060 114.792
74070 114.868
74080 114.949
74090 115.033
74100 115.109
74110 115.172
74120 115.232
74130 115.291
74140 115.344
74150 115.389
74160 115.436
74170 115.483
74180 115.517
74190 115.531
74200 115.53
74210 115.515
74220 115.483
74230 115.441
74240 115.402
74250 115.369
74260 115.347
74270 115.349
74280 115.38
74290 115.431
74300 115.501
74310 115.584
74320 115.673
74330 115.766
74340 115.86
74350 115.946
74360 116.01
74370 116.045
74380 116.06
74390 116.056
74400 116.035
74410 116.002
74420 115.967
74430 115.935
74440 115.906
74450 115.878
74460 115.845
74470 115.806
74480 115.769
74490 115.737
74500 115.702
74510 115.661
74520 115.623
74530 115.592
74540 115.556
74550 115.514
74560 115.472
74570 115.433
74580 115.39
74590 115.346
74600 115.308
74610 115.28
74620 115.261
74630 115.258
74640 115.266
74650 115.273
74660 115.266
74670 115.249
74680 115.227
74690 115.203
74700 115.185
74710 115.181
74720 115.189
74730 115.201
74740 115.215
74750 115.227
74760 115.226
74770 115.207
74780 115.17
74790 115.119
74800 115.069
74810 115.03
74820 115.003
74830 114.988
74840 114.99
74850 115
74860 115.004
74870 114.997
74880 114.983
74890 114.962
74900 114.934
74910 114.899
74920 114.849
74930 114.777
74940 114.684
74950 114.585
74960 114.494
74970 114.417
74980 114.365
74990 114.342
75000 114.347
75010 114.377
75020 114.434
75030 114.512
75040 114.6
75050 114.687
75060 114.765
75070 114.835
75080 114.901
75090 114.963
75100 115.019
75110 115.069
75120 115.121
75130 115.173
75140 115.23
75150 115.305
75160 115.402
75170 115.51
75180 115.614
75190 115.702
75200 115.773
75210 115.831
75220 115.882
75230 115.925
75240 115.963
75250 116
75260 116.039
75270 116.074
75280 116.1
75290 116.119
75300 116.137
75310 116.158
75320 116.184
75330 116.215
75340 116.253
75350 116.301
75360 116.356
75370 116.402
75380 116.427
75390 116.423
75400 116.402
75410 116.376
75420 116.353
75430 116.336
75440 116.316
75450 116.292
75460 116.271
75470 116.257
75480 116.254
75490 116.262
75500 116.288
75510 116.333
75520 116.391
75530 116.461
75540 116.536
75550 116.609
75560 116.676
75570 116.741
75580 116.811
75590 116.882
75600 116.947
75610 117.003
75620 117.05
75630 117.093
75640 117.143
75650 117.201
75660 117.264
75670 117.328
75680 117.387
75690 117.44
75700 117.489
75710 117.541
75720 117.591
75730 117.625
75740 117.64
75750 117.646
75760 117.651
75770 117.661
75780 117.68
75790 117.714
75800 117.755
75810 117.793
75820 117.818
75830 117.825
75840 117.806
75850 117.765
75860 117.707
75870 117.64
75880 117.577
75890 117.526
75900 117.486
75910 117.452
75920 117.42
75930 117.4
75940 117.39
75950 117.384
75960 117.382
75970 117.392
75980 117.415
75990 117.441
76000 117.46
76010 117.474
76020 117.484
76030 117.493
76040 117.508
76050 117.534
76060 117.577
76070 117.637
76080 117.706
76090 117.772
76100 117.825
76110 117.864
76120 117.887
76130 117.895
76140 117.897
76150 117.901
76160 117.905
76170 117.912
76180 117.928
76190 117.948
76200 117.96
76210 117.969
76220 117.99
76230 118.022
76240 118.052
76250 118.078
76260 118.102
76270 118.117
76280 118.114
76290 118.088
76300 118.05
76310 118.012
76320 117.987
76330 117.982
76340 117.996
76350 118.025
76360 118.066
76370 118.111
76380 118.156
76390 118.214
76400 118.294
76410 118.397
76420 118.514
76430 118.634
76440 118.752
76450 118.869
76460 118.992
76470 119.124
76480 119.256
76490 119.377
76500 119.478
76510 119.556
76520 119.619
76530 119.68
76540 119.737
76550 119.788
76560 119.834
76570 119.888
76580 119.958
76590 120.05
76600 120.162
76610 120.289
76620 120.425
76630 120.57
76640 120.72
76650 120.862
76660 120.986
76670 121.089
76680 121.166
76690 121.207
76700 121.212
76710 121.193
76720 121.164
76730 121.127
76740 121.093
76750 121.075
76760 121.074
76770 121.086
76780 121.115
76790 121.166
76800 121.229
76810 121.292
76820 121.35
76830 121.394
76840 121.423
76850 121.431
76860 121.413
76870 121.37
76880 121.313
76890 121.247
76900 121.175
76910 121.097
76920 121.018
76930 120.947
76940 120.895
76950 120.869
76960 120.866
76970 120.877
76980 120.891
76990 120.898
77000 120.904
77010 120.918
77020 120.945
77030 120.984
77040 121.04
77050 121.109
77060 121.183
77070 121.25
77080 121.301
77090 121.336
77100 121.366
77110 121.398
77120 121.429
77130 121.465
77140 121.513
77150 121.572
77160 121.637
77170 121.705
77180 121.773
77190 121.839
77200 121.912
77210 121.999
77220 122.096
77230 122.189
77240 122.274
77250 122.357
77260 122.436
77270 122.51
77280 122.578
77290 122.633
77300 122.661
77310 122.652
77320 122.613
77330 122.558
77340 122.499
77350 122.441
77360 122.387
77370 122.337
77380 122.291
77390 122.251
77400 122.216
77410 122.177
77420 122.129
77430 122.069
77440 121.999
77450 121.928
77460 121.87
77470 121.835
77480 121.825
77490 121.841
77500 121.875
77510 121.92
77520 121.973
77530 122.027
77540 122.07
77550 122.097
77560 122.115
77570 122.127
77580 122.132
77590 122.129
77600 122.114
77610 122.09
77620 122.064
77630 122.042
77640 122.028
77650 122.023
77660 122.024
77670 122.033
77680 122.052
77690 122.079
77700 122.106
77710 122.122
77720 122.125
77730 122.119
77740 122.117
77750 122.126
77760 122.152
77770 122.2
77780 122.276
77790 122.38
77800 122.507
77810 122.649
77820 122.793
77830 122.925
77840 123.042
77850 123.136
77860 123.196
77870 123.221
77880 123.223
77890 123.223
77900 123.237
77910 123.27
77920 123.315
77930 123.359
77940 123.394
77950 123.425
77960 123.455
77970 123.48
77980 123.498
77990 123.513
78000 123.535
78010 123.561
78020 123.587
78030 123.615
78040 123.648
78050 123.679
78060 123.7
78070 123.707
78080 123.698
78090 123.671
78100 123.623
78110 123.558
78120 123.485
78130 123.416
78140 123.356
78150 123.304
78160 123.27
78170 123.261
78180 123.278
78190 123.313
78200 123.358
78210 123.413
78220 123.467
78230 123.513
78240 123.554
78250 123.596
78260 123.643
78270 123.692
78280 123.735
78290 123.775
78300 123.824
78310 123.888
78320 123.972
78330 124.081
78340 124.207
78350 124.337
78360 124.461
78370 124.572
78380 124.662
78390 124.726
78400 124.766
78410 124.78
78420 124.774
78430 124.76
78440 124.757
78450 124.774
78460 124.807
78470 124.841
78480 124.864
78490 124.871
78500 124.863
78510 124.844
78520 124.817
78530 124.788
78540 124.757
78550 124.725
78560 124.69
78570 124.653
78580 124.615
78590 124.584
78600 124.576
78610 124.587
78620 124.595
78630 124.59
78640 124.572
78650 124.546
78660 124.509
78670 124.468
78680 124.429
78690 124.391
78700 124.349
78710 124.303
78720 124.257
78730 124.217
78740 124.183
78750 124.156
78760 124.134
78770 124.121
78780 124.125
78790 124.153
78800 124.203
78810 124.267
78820 124.342
78830 124.427
78840 124.514
78850 124.592
78860 124.649
78870 124.679
78880 124.689
78890 124.692
78900 124.7
78910 124.722
78920 124.759
78930 124.806
78940 124.854
78950 124.898
78960 124.936
78970 124.975
78980 125.013
78990 125.038
79000 125.04
79010 125.02
79020 124.985
79030 124.941
79040 124.893
79050 124.847
79060 124.818
79070 124.811
79080 124.814
79090 124.816
79100 124.82
79110 124.831
79120 124.849
79130 124.867
79140 124.884
79150 124.908
79160 124.949
79170 124.998
79180 125.033
79190 125.036
79200 125.016
79210 124.984
79220 124.945
79230 124.901
79240 124.854
79250 124.812
79260 124.778
79270 124.751
79280 124.728
79290 124.705
79300 124.685
79310 124.671
79320 124.662
79330 124.658
79340 124.664
79350 124.677
79360 124.689
79370 124.692
79380 124.692
79390 124.7
79400 124.721
79410 124.751
79420 124.783
79430 124.815
79440 124.846
79450 124.871
79460 124.883
79470 124.877
79480 124.849
79490 124.803
79500 124.754
79510 124.718
79520 124.7
79530 124.695
79540 124.7
79550 124.713
79560 124.732
79570 124.749
79580 124.761
79590 124.769
79600 124.777
79610 124.783
79620 124.789
79630 124.8
79640 124.816
79650 124.833
79660 124.851
79670 124.868
79680 124.881
79690 124.895
79700 124.916
79710 124.947
79720 124.981
79730 125.011
79740 125.03
79750 125.032
79760 125.022
79770 125.008
79780 124.984
79790 124.943
79800 124.888
79810 124.833
79820 124.787
79830 124.763
79840 124.764
79850 124.791
79860 124.841
79870 124.904
79880 124.965
79890 125.009
79900 125.026
79910 125.015
79920 124.986
79930 124.952
79940 124.925
79950 124.921
79960 124.948
79970 125
79980 125.056
79990 125.098
80000 125.112
80010 125.092
80020 125.047
80030 124.998
80040 124.956
80050 124.923
80060 124.9
80070 124.895
80080 124.916
80090 124.971
80100 125.06
80110 125.176
80120 125.305
80130 125.435
80140 125.557
80150 125.663
80160 125.742
80170 125.788
80180 125.804
80190 125.801
80200 125.787
80210 125.769
80220 125.752
80230 125.743
80240 125.745
80250 125.766
80260 125.811
80270 125.881
80280 125.968
80290 126.07
80300 126.178
80310 126.28
80320 126.361
80330 126.417
80340 126.447
80350 126.447
80360 126.42
80370 126.381
80380 126.34
80390 126.301
80400 126.262
80410 126.231
80420 126.222
80430 126.239
80440 126.276
80450 126.322
80460 126.361
80470 126.385
80480 126.395
80490 126.394
80500 126.387
80510 126.383
80520 126.393
80530 126.426
80540 126.477
80550 126.54
80560 126.615
80570 126.701
80580 126.784
80590 126.849
80600 126.898
80610 126.931
80620 126.942
80630 126.927
80640 126.902
80650 126.881
80660 126.863
80670 126.84
80680 126.818
80690 126.809
80700 126.812
80710 126.824
80720 126.853
80730 126.896
80740 126.933
80750 126.953
80760 126.955
80770 126.948
80780 126.936
80790 126.92
80800 126.893
80810 126.849
80820 126.797
80830 126.749
80840 126.711
80850 126.687
80860 126.678
80870 126.682
80880 126.693
80890 126.707
80900 126.727
80910 126.763
80920 126.822
80930 126.9
80940 126.991
80950 127.097
80960 127.215
80970 127.341
80980 127.467
80990 127.578
81000 127.667
81010 127.743
81020 127.814
81030 127.877
81040 127.92
81050 127.941
81060 127.948
81070 127.952
81080 127.96
81090 127.975
81100 128.002
81110 128.038
81120 128.076
81130 128.113
81140 128.149
81150 128.187
81160 128.231
81170 128.283
81180 128.336
81190 128.379
81200 128.413
81210 128.446
81220 128.485
81230 128.522
81240 128.551
81250 128.568
81260 128.568
81270 128.556
81280 128.541
81290 128.534
81300 128.536
81310 128.546
81320 128.559
81330 128.571
81340 128.583
81350 128.604
81360 128.634
81370 128.66
81380 128.67
81390 128.665
81400 128.659
81410 128.664
81420 128.685
81430 128.722
81440 128.772
81450 128.827
81460 128.871
81470 128.893
81480 128.889
81490 128.865
81500 128.826
81510 128.774
81520 128.722
81530 128.683
81540 128.662
81550 128.664
81560 128.688
81570 128.722
81580 128.749
81590 128.767
81600 128.783
81610 128.802
81620 128.827
81630 128.859
81640 128.897
81650 128.94
81660 128.98
81670 129.008
81680 129.02
81690 129.019
81700 129.011
81710 129.007
81720 129.013
81730 129.031
81740 129.048
81750 129.052
81760 129.036
81770 128.992
81780 128.918
81790 128.833
81800 128.747
81810 128.661
81820 128.573
81830 128.495
81840 128.427
81850 128.351
81860 128.258
81870 128.153
81880 128.04
81890 127.93
81900 127.839
81910 127.777
81920 127.744
81930 127.738
81940 127.76
81950 127.809
81960 127.883
81970 127.981
81980 128.102
81990 128.235
82000 128.368
82010 128.502
82020 128.645
82030 128.791
82040 128.92
82050 129.022
82060 129.103
82070 129.168
82080 129.216
82090 129.247
82100 129.27
82110 129.291
82120 129.308
82130 129.32
82140 129.332
82150 129.346
82160 129.361
82170 129.372
82180 129.383
82190 129.402
82200 129.428
82210 129.46
82220 129.498
82230 129.545
82240 129.601
82250 129.668
82260 129.738
82270 129.801
82280 129.849
82290 129.878
82300 129.893
82310 129.905
82320 129.921
82330 129.939
82340 129.954
82350 129.964
82360 129.974
82370 129.987
82380 130.003
82390 130.016
82400 130.015
82410 129.993
82420 129.953
82430 129.919
82440 129.908
82450 129.926
82460 129.967
82470 130.017
82480 130.065
82490 130.111
82500 130.16
82510 130.217
82520 130.284
82530 130.36
82540 130.434
82550 130.49
82560 130.518
82570 130.527
82580 130.53
82590 130.535
82600 130.534
82610 130.521
82620 130.503
82630 130.49
82640 130.485
82650 130.487
82660 130.496
82670 130.517
82680 130.547
82690 130.581
82700 130.611
82710 130.633
82720 130.654
82730 130.688
82740 130.738
82750 130.791
82760 130.837
82770 130.876
82780 130.91
82790 130.943
82800 130.968
82810 130.984
82820 130.985
82830 130.966
82840 130.924
82850 130.863
82860 130.8
82870 130.743
82880 130.683
82890 130.619
82900 130.569
82910 130.548
82920 130.549
82930 130.555
82940 130.558
82950 130.548
82960 130.523
82970 130.492
82980 130.469
82990 130.458
83000 130.454
83010 130.458
83020 130.467
83030 130.473
83040 130.475
83050 130.472
83060 130.462
83070 130.442
83080 130.411
83090 130.375
83100 130.344
83110 130.329
83120 130.327
83130 130.33
83140 130.342
83150 130.364
83160 130.39
83170 130.411
83180 130.422
83190 130.42
83200 130.409
83210 130.39
83220 130.361
83230 130.324
83240 130.29
83250 130.266
83260 130.254
83270 130.251
83280 130.253
83290 130.26
83300 130.275
83310 130.296
83320 130.322
83330 130.347
83340 130.369
83350 130.394
83360 130.436
83370 130.501
83380 130.575
83390 130.646
83400 130.709
83410 130.764
83420 130.813
83430 130.861
83440 130.912
83450 130.96
83460 130.995
83470 131.012
83480 131.001
83490 130.946
83500 130.841
83510 130.705
83520 130.566
83530 130.444
83540 130.34
83550 130.253
83560 130.187
83570 130.141
83580 130.111
83590 130.101
83600 130.117
83610 130.155
83620 130.202
83630 130.248
83640 130.281
83650 130.291
83660 130.276
83670 130.244
83680 130.2
83690 130.149
83700 130.096
83710 130.048
83720 130.012
83730 129.995
83740 129.995
83750 130.002
83760 130.015
83770 130.047
83780 130.107
83790 130.195
83800 130.304
83810 130.424
83820 130.546
83830 130.667
83840 130.789
83850 130.91
83860 131.024
83870 131.128
83880 131.216
83890 131.288
83900 131.346
83910 131.392
83920 131.431
83930 131.466
83940 131.507
83950 131.565
83960 131.63
83970 131.689
83980 131.735
83990 131.771
84000 131.795
84010 131.808
84020 131.819
84030 131.839
84040 131.879
84050 131.947
84060 132.039
84070 132.14
84080 132.235
84090 132.316
84100 132.381
84110 132.432
84120 132.469
84130 132.491
84140 132.502
84150 132.511
84160 132.533
84170 132.571
84180 132.618
84190 132.668
84200 132.717
84210 132.769
84220 132.824
84230 132.882
84240 132.944
84250 133.015
84260 133.088
84270 133.151
84280 133.198
84290 133.232
84300 133.256
84310 133.271
84320 133.276
84330 133.278
84340 133.285
84350 133.3
84360 133.327
84370 133.373
84380 133.44
84390 133.516
84400 133.591
84410 133.663
84420 133.733
84430 133.802
84440 133.86
84450 133.898
84460 133.916
84470 133.923
84480 133.919
84490 133.894
84500 133.845
84510 133.785
84520 133.732
84530 133.699
84540 133.695
84550 133.716
84560 133.745
84570 133.766
84580 133.778
84590 133.777
84600 133.765
84610 133.753
84620 133.759
84630 133.791
84640 133.844
84650 133.918
84660 134.012
84670 134.118
84680 134.229
84690 134.347
84700 134.471
84710 134.591
84720 134.698
84730 134.793
84740 134.879
84750 134.96
84760 135.038
84770 135.116
84780 135.198
84790 135.284
84800 135.368
84810 135.445
84820 135.517
84830 135.583
84840 135.64
84850 135.682
84860 135.706
84870 135.721
84880 135.74
84890 135.772
84900 135.825
84910 135.896
84920 135.974
84930 136.052
84940 136.122
84950 136.172
84960 136.194
84970 136.192
84980 136.174
84990 136.148
85000 136.118
85010 136.09
85020 136.057
85030 136.012
85040 135.943
85050 135.846
85060 135.727
85070 135.6
85080 135.486
85090 135.395
85100 135.322
85110 135.277
85120 135.274
85130 135.312
85140 135.369
85150 135.434
85160 135.509
85170 135.582
85180 135.636
85190 135.663
85200 135.663
85210 135.637
85220 135.589
85230 135.525
85240 135.458
85250 135.401
85260 135.348
85270 135.295
85280 135.248
85290 135.217
85300 135.207
85310 135.212
85320 135.226
85330 135.246
85340 135.267
85350 135.292
85360 135.326
85370 135.368
85380 135.416
85390 135.476
85400 135.551
85410 135.635
85420 135.718
85430 135.791
85440 135.852
85450 135.905
85460 135.949
85470 135.988
85480 136.026
85490 136.062
85500 136.093
85510 136.122
85520 136.148
85530 136.17
85540 136.198
85550 136.237
85560 136.289
85570 136.35
85580 136.416
85590 136.48
85600 136.537
85610 136.585
85620 136.623
85630 136.648
85640 136.655
85650 136.645
85660 136.629
85670 136.614
85680 136.601
85690 136.58
85700 136.545
85710 136.498
85720 136.447
85730 136.4
85740 136.364
85750 136.341
85760 136.329
85770 136.323
85780 136.322
85790 136.326
85800 136.337
85810 136.369
85820 136.428
85830 136.504
85840 136.585
85850 136.671
85860 136.758
85870 136.834
85880 136.891
85890 136.933
85900 136.96
85910 136.969
85920 136.958
85930 136.947
85940 136.955
85950 136.98
85960 137.012
85970 137.055
85980 137.109
85990 137.169
86000 137.231
86010 137.289
86020 137.343
86030 137.395
86040 137.446
86050 137.498
86060 137.552
86070 137.609
86080 137.671
86090 137.743
86100 137.818
86110 137.88
86120 137.92
86130 137.934
86140 137.921
86150 137.878
86160 137.813
86170 137.734
86180 137.643
86190 137.54
86200 137.429
86210 137.322
86220 137.229
86230 137.145
86240 137.062
86250 136.982
86260 136.912
86270 136.865
86280 136.849
86290 136.865
86300 136.903
86310 136.946
86320 136.992
86330 137.045
86340 137.104
86350 137.155
86360 137.188
86370 137.203
86380 137.215
86390 137.23
86400 137.25
86410 137.282
86420 137.328
86430 137.39
86440 137.468
86450 137.558
86460 137.651
86470 137.739
86480 137.82
86490 137.891
86500 137.955
86510 138.026
86520 138.106
86530 138.188
86540 138.269
86550 138.362
86560 138.477
86570 138.607
86580 138.733
86590 138.85
86600 138.958
86610 139.053
86620 139.125
86630 139.172
86640 139.199
86650 139.217
86660 139.225
86670 139.226
86680 139.224
86690 139.213
86700 139.19
86710 139.159
86720 139.133
86730 139.114
86740 139.095
86750 139.075
86760 139.05
86770 139.016
86780 138.968
86790 138.905
86800 138.829
86810 138.746
86820 138.662
86830 138.575
86840 138.486
86850 138.405
86860 138.349
86870 138.323
86880 138.321
86890 138.335
86900 138.354
86910 138.368
86920 138.373
86930 138.373
86940 138.372
86950 138.367
86960 138.356
86970 138.334
86980 138.293
86990 138.235
87000 138.166
87010 138.092
87020 138.021
87030 137.963
87040 137.922
87050 137.898
87060 137.893
87070 137.907
87080 137.933
87090 137.967
87100 138.002
87110 138.026
87120 138.033
87130 138.026
87140 138.015
87150 138.003
87160 137.985
87170 137.962
87180 137.943
87190 137.926
87200 137.901
87210 137.866
87220 137.825
87230 137.789
87240 137.763
87250 137.752
87260 137.759
87270 137.783
87280 137.824
87290 137.882
87300 137.947
87310 138.01
87320 138.064
87330 138.106
87340 138.132
87350 138.144
87360 138.141
87370 138.126
87380 138.105
87390 138.086
87400 138.067
87410 138.046
87420 138.023
87430 138.006
87440 137.998
87450 138.006
87460 138.036
87470 138.093
87480 138.164
87490 138.236
87500 138.297
87510 138.337
87520 138.351
87530 138.349
87540 138.336
87550 138.308
87560 138.262
87570 138.21
87580 138.165
87590 138.121
87600 138.064
87610 137.996
87620 137.923
87630 137.842
87640 137.745
87650 137.638
87660 137.524
87670 137.405
87680 137.283
87690 137.169
87700 137.081
87710 137.027
87720 137.005
87730 137.001
87740 137.006
87750 137.014
87760 137.026
87770 137.043
87780 137.07
87790 137.105
87800 137.142
87810 137.178
87820 137.215
87830 137.255
87840 137.304
87850 137.369
87860 137.449
87870 137.535
87880 137.628
87890 137.734
87900 137.853
87910 137.97
87920 138.071
87930 138.146
87940 138.187
87950 138.197
87960 138.182
87970 138.151
87980 138.108
87990 138.057
88000 138.011
88010 137.977
88020 137.95
88030 137.932
88040 137.924
88050 137.922
88060 137.919
88070 137.915
88080 137.918
88090 137.937
88100 137.974
88110 138.028
88120 138.091
88130 138.149
88140 138.196
88150 138.234
88160 138.261
88170 138.27
88180 138.265
88190 138.255
88200 138.233
88210 138.181
88220 138.098
88230 138
88240 137.896
88250 137.8
88260 137.727
88270 137.683
88280 137.662
88290 137.666
88300 137.697
88310 137.751
88320 137.813
88330 137.875
88340 137.935
88350 137.991
88360 138.035
88370 138.065
88380 138.089
88390 138.107
88400 138.116
88410 138.117
88420 138.119
88430 138.125
88440 138.133
88450 138.145
88460 138.165
88470 138.191
88480 138.218
88490 138.238
88500 138.248
88510 138.243
88520 138.223
88530 138.2
88540 138.192
88550 138.202
88560 138.22
88570 138.228
88580 138.218
88590 138.203
88600 138.204
88610 138.23
88620 138.278
88630 138.338
88640 138.4
88650 138.463
88660 138.524
88670 138.581
88680 138.626
88690 138.65
88700 138.651
88710 138.638
88720 138.624
88730 138.608
88740 138.594
88750 138.594
88760 138.617
88770 138.657
88780 138.703
88790 138.755
88800 138.809
88810 138.862
88820 138.911
88830 138.956
88840 138.997
88850 139.035
88860 139.078
88870 139.143
88880 139.237
88890 139.35
88900 139.47
88910 139.587
88920 139.692
88930 139.773
88940 139.829
88950 139.876
88960 139.928
88970 139.993
88980 140.062
88990 140.127
89000 140.185
89010 140.225
89020 140.23
89030 140.198
89040 140.142
89050 140.078
89060 140.009
89070 139.944
89080 139.888
89090 139.839
89100 139.803
89110 139.784
89120 139.787
89130 139.811
89140 139.855
89150 139.914
89160 139.983
89170 140.055
89180 140.126
89190 140.192
89200 140.251
89210 140.307
89220 140.363
89230 140.418
89240 140.48
89250 140.554
89260 140.641
89270 140.742
89280 140.859
89290 140.995
89300 141.145
89310 141.296
89320 141.434
89330 141.555
89340 141.656
89350 141.732
89360 141.786
89370 141.832
89380 141.884
89390 141.944
89400 142.001
89410 142.046
89420 142.074
89430 142.097
89440 142.127
89450 142.157
89460 142.178
89470 142.194
89480 142.208
89490 142.226
89500 142.254
89510 142.291
89520 142.323
89530 142.343
89540 142.359
89550 142.381
89560 142.409
89570 142.439
89580 142.471
89590 142.501
89600 142.52
89610 142.531
89620 142.544
89630 142.561
89640 142.57
89650 142.564
89660 142.554
89670 142.559
89680 142.583
89690 142.619
89700 142.653
89710 142.681
89720 142.699
89730 142.705
89740 142.701
89750 142.693
89760 142.68
89770 142.668
89780 142.671
89790 142.698
89800 142.748
89810 142.81
89820 142.872
89830 142.93
89840 142.978
89850 143.015
89860 143.052
89870 143.1
89880 143.166
89890 143.251
89900 143.356
89910 143.479
89920 143.616
89930 143.762
89940 143.906
89950 144.024
89960 144.094
89970 144.117
89980 144.099
89990 144.046
90000 143.961
90010 143.851
90020 143.723
90030 143.588
90040 143.455
90050 143.336
90060 143.224
90070 143.109
90080 142.992
90090 142.884
90100 142.791
90110 142.716
90120 142.662
90130 142.632
90140 142.627
90150 142.642
90160 142.672
90170 142.706
90180 142.731
90190 142.74
90200 142.738
90210 142.724
90220 142.702
90230 142.683
90240 142.673
90250 142.67
90260 142.678
90270 142.702
90280 142.749
90290 142.813
90300 142.883
90310 142.952
90320 143.013
90330 143.058
90340 143.087
90350 143.104
90360 143.112
90370 143.111
90380 143.103
90390 143.095
90400 143.087
90410 143.073
90420 143.05
90430 143.018
90440 142.982
90450 142.941
90460 142.899
90470 142.859
90480 142.82
90490 142.776
90500 142.724
90510 142.675
90520 142.639
90530 142.622
90540 142.622
90550 142.64
90560 142.677
90570 142.73
90580 142.795
90590 142.873
90600 142.968
90610 143.078
90620 143.199
90630 143.322
90640 143.429
90650 143.507
90660 143.565
90670 143.619
90680 143.671
90690 143.72
90700 143.77
90710 143.821
90720 143.863
90730 143.884
90740 143.892
90750 143.898
90760 143.908
90770 143.918
90780 143.932
90790 143.963
90800 144.02
90810 144.102
90820 144.202
90830 144.316
90840 144.436
90850 144.552
90860 144.66
90870 144.757
90880 144.841
90890 144.914
90900 144.979
90910 145.034
90920 145.083
90930 145.142
90940 145.225
90950 145.341
90960 145.492
90970 145.671
90980 145.872
90990 146.087
91000 146.305
91010 146.517
91020 146.714
91030 146.89
91040 147.038
91050 147.153
91060 147.233
91070 147.274
91080 147.269
91090 147.221
91100 147.142
91110 147.041
91120 146.928
91130 146.817
91140 146.725
91150 146.663
91160 146.627
91170 146.6
91180 146.578
91190 146.562
91200 146.55
91210 146.534
91220 146.511
91230 146.483
91240 146.449
91250 146.413
91260 146.386
91270 146.386
91280 146.417
91290 146.464
91300 146.515
91310 146.565
91320 146.617
91330 146.672
91340 146.728
91350 146.776
91360 146.816
91370 146.847
91380 146.863
91390 146.846
91400 146.795
91410 146.728
91420 146.664
91430 146.608
91440 146.568
91450 146.557
91460 146.578
91470 146.622
91480 146.675
91490 146.723
91500 146.751
91510 146.76
91520 146.759
91530 146.759
91540 146.756
91550 146.746
91560 146.734
91570 146.731
91580 146.746
91590 146.778
91600 146.818
91610 146.852
91620 146.88
91630 146.914
91640 146.955
91650 147.003
91660 147.058
91670 147.118
91680 147.179
91690 147.234
91700 147.278
91710 147.306
91720 147.322
91730 147.33
91740 147.323
91750 147.301
91760 147.278
91770 147.265
91780 147.258
91790 147.251
91800 147.251
91810 147.26
91820 147.268
91830 147.277
91840 147.29
91850 147.304
91860 147.311
91870 147.312
91880 147.312
91890 147.317
91900 147.332
91910 147.36
91920 147.404
91930 147.467
91940 147.544
91950 147.623
91960 147.688
91970 147.733
91980 147.759
91990 147.767
92000 147.761
92010 147.741
92020 147.706
92030 147.654
92040 147.59
92050 147.525
92060 147.468
92070 147.43
92080 147.416
92090 147.428
92100 147.45
92110 147.468
92120 147.478
92130 147.485
92140 147.487
92150 147.48
92160 147.468
92170 147.457
92180 147.451
92190 147.449
92200 147.452
92210 147.461
92220 147.48
92230 147.51
92240 147.554
92250 147.605
92260 147.653
92270 147.694
92280 147.729
92290 147.755
92300 147.765
92310 147.759
92320 147.74
92330 147.72
92340 147.706
92350 147.7
92360 147.699
92370 147.705
92380 147.723
92390 147.749
92400 147.776
92410 147.801
92420 147.826
92430 147.854
92440 147.887
92450 147.919
92460 147.94
92470 147.943
92480 147.92
92490 147.869
92500 147.801
92510 147.732
92520 147.667
92530 147.603
92540 147.542
92550 147.49
92560 147.452
92570 147.427
92580 147.424
92590 147.446
92600 147.49
92610 147.549
92620 147.619
92630 147.703
92640 147.793
92650 147.871
92660 147.921
92670 147.949
92680 147.966
92690 147.974
92700 147.973
92710 147.979
92720 148.005
92730 148.053
92740 148.118
92750 148.192
92760 148.264
92770 148.322
92780 148.356
92790 148.364
92800 148.356
92810 148.338
92820 148.307
92830 148.256
92840 148.193
92850 148.136
92860 148.103
92870 148.095
92880 148.106
92890 148.129
92900 148.167
92910 148.214
92920 148.251
92930 148.266
92940 148.251
92950 148.203
92960 148.132
92970 148.055
92980 147.978
92990 147.902
93000 147.827
93010 147.761
93020 147.708
93030 147.664
93040 147.616
93050 147.56
93060 147.496
93070 147.43
93080 147.372
93090 147.332
93100 147.316
93110 147.318
93120 147.338
93130 147.374
93140 147.425
93150 147.49
93160 147.565
93170 147.653
93180 147.757
93190 147.874
93200 148
93210 148.131
93220 148.263
93230 148.395
93240 148.522
93250 148.638
93260 148.74
93270 148.827
93280 148.891
93290 148.932
93300 148.954
93310 148.965
93320 148.971
93330 148.983
93340 149.013
93350 149.065
93360 149.135
93370 149.215
93380 149.299
93390 149.379
93400 149.456
93410 149.529
93420 149.6
93430 149.661
93440 149.703
93450 149.712
93460 149.683
93470 149.615
93480 149.513
93490 149.395
93500 149.281
93510 149.18
93520 149.088
93530 149.002
93540 148.924
93550 148.859
93560 148.802
93570 148.747
93580 148.696
93590 148.658
93600 148.629
93610 148.595
93620 148.555
93630 148.524
93640 148.507
93650 148.499
93660 148.496
93670 148.488
93680 148.466
93690 148.427
93700 148.387
93710 148.359
93720 148.347
93730 148.354
93740 148.382
93750 148.43
93760 148.504
93770 148.608
93780 148.738
93790 148.882
93800 149.027
93810 149.164
93820 149.28
93830 149.367
93840 149.426
93850 149.462
93860 149.483
93870 149.493
93880 149.494
93890 149.483
93900 149.466
93910 149.455
93920 149.468
93930 149.505
93940 149.549
93950 149.576
93960 149.58
93970 149.57
93980 149.561
93990 149.558
94000 149.567
94010 149.597
94020 149.64
94030 149.685
94040 149.729
94050 149.783
94060 149.855
94070 149.93
94080 149.993
94090 150.053
94100 150.124
94110 150.201
94120 150.268
94130 150.324
94140 150.376
94150 150.424
94160 150.465
94170 150.505
94180 150.554
94190 150.62
94200 150.698
94210 150.786
94220 150.884
94230 150.996
94240 151.117
94250 151.235
94260 151.341
94270 151.424
94280 151.472
94290 151.491
94300 151.492
94310 151.483
94320 151.463
94330 151.428
94340 151.382
94350 151.33
94360 151.273
94370 151.224
94380 151.2
94390 151.203
94400 151.22
94410 151.243
94420 151.278
94430 151.334
94440 151.409
94450 151.495
94460 151.585
94470 151.684
94480 151.787
94490 151.89
94500 151.996
94510 152.1
94520 152.194
94530 152.276
94540 152.35
94550 152.428
94560 152.508
94570 152.58
94580 152.639
94590 152.685
94600 152.721
94610 152.743
94620 152.745
94630 152.726
94640 152.692
94650 152.649
94660 152.597
94670 152.53
94680 152.451
94690 152.373
94700 152.3
94710 152.24
94720 152.206
94730 152.207
94740 152.239
94750 152.292
94760 152.362
94770 152.45
94780 152.554
94790 152.663
94800 152.768
94810 152.862
94820 152.935
94830 152.977
94840 152.99
94850 152.976
94860 152.936
94870 152.864
94880 152.76
94890 152.639
94900 152.516
94910 152.406
94920 152.314
94930 152.238
94940 152.174
94950 152.114
94960 152.05
94970 151.983
94980 151.917
94990 151.845
95000 151.761
95010 151.668
95020 151.571
95030 151.479
95040 151.4
95050 151.343
95060 151.32
95070 151.326
95080 151.348
95090 151.375
95100 151.404
95110 151.433
95120 151.458
95130 151.474
95140 151.487
95150 151.507
95160 151.538
95170 151.584
95180 151.653
95190 151.747
95200 151.857
95210 151.976
95220 152.093
95230 152.196
95240 152.283
95250 152.353
95260 152.405
95270 152.434
95280 152.447
95290 152.459
95300 152.478
95310 152.51
95320 152.553
95330 152.599
95340 152.642
95350 152.681
95360 152.72
95370 152.758
95380 152.801
95390 152.854
95400 152.908
95410 152.954
95420 152.991
95430 153.021
95440 153.046
95450 153.063
95460 153.074
95470 153.084
95480 153.095
95490 153.104
95500 153.112
95510 153.121
95520 153.134
95530 153.14
95540 153.128
95550 153.096
95560 153.05
95570 152.994
95580 152.934
95590 152.886
95600 152.867
95610 152.884
95620 152.928
95630 152.976
95640 153.003
95650 153.015
95660 153.025
95670 153.038
95680 153.054
95690 153.071
95700 153.079
95710 153.065
95720 153.028
95730 152.975
95740 152.905
95750 152.815
95760 152.709
95770 152.59
95780 152.46
95790 152.325
95800 152.189
95810 152.052
95820 151.923
95830 151.812
95840 151.724
95850 151.66
95860 151.621
95870 151.596
95880 151.564
95890 151.515
95900 151.453
95910 151.387
95920 151.329
95930 151.292
95940 151.276
95950 151.268
95960 151.254
95970 151.234
95980 151.215
95990 151.202
96000 151.2
96010 151.211
96020 151.232
96030 151.259
96040 151.293
96050 151.334
96060 151.381
96070 151.435
96080 151.488
96090 151.525
96100 151.537
96110 151.532
96120 151.513
96130 151.487
96140 151.459
96150 151.433
96160 151.413
96170 151.406
96180 151.411
96190 151.425
96200 151.441
96210 151.454
96220 151.468
96230 151.485
96240 151.51
96250 151.543
96260 151.574
96270 151.589
96280 151.581
96290 151.55
96300 151.499
96310 151.433
96320 151.358
96330 151.29
96340 151.239
96350 151.207
96360 151.189
96370 151.181
96380 151.18
96390 151.186
96400 151.202
96410 151.226
96420 151.255
96430 151.285
96440 151.316
96450 151.338
96460 151.346
96470 151.346
96480 151.348
96490 151.355
96500 151.363
96510 151.365
96520 151.362
96530 151.361
96540 151.365
96550 151.372
96560 151.38
96570 151.396
96580 151.42
96590 151.451
96600 151.492
96610 151.545
96620 151.606
96630 151.672
96640 151.74
96650 151.803
96660 151.85
96670 151.878
96680 151.888
96690 151.884
96700 151.858
96710 151.808
96720 151.745
96730 151.685
96740 151.637
96750 151.599
96760 151.567
96770 151.532
96780 151.483
96790 151.421
96800 151.36
96810 151.311
96820 151.272
96830 151.231
96840 151.18
96850 151.115
96860 151.036
96870 150.947
96880 150.857
96890 150.773
96900 150.692
96910 150.619
96920 150.559
96930 150.512
96940 150.461
96950 150.4
96960 150.34
96970 150.285
96980 150.232
96990 150.182
97000 150.124
97010 150.049
97020 149.958
97030 149.871
97040 149.803
97050 149.758
97060 149.734
97070 149.735
97080 149.754
97090 149.775
97100 149.788
97110 149.798
97120 149.814
97130 149.834
97140 149.854
97150 149.876
97160 149.899
97170 149.929
97180 149.964
97190 149.996
97200 150.019
97210 150.029
97220 150.029
97230 150.035
97240 150.051
97250 150.078
97260 150.122
97270 150.179
97280 150.232
97290 150.259
97300 150.257
97310 150.228
97320 150.168
97330 150.087
97340 150.006
97350 149.936
97360 149.878
97370 149.829
97380 149.792
97390 149.768
97400 149.749
97410 149.729
97420 149.707
97430 149.687
97440 149.665
97450 149.643
97460 149.628
97470 149.622
97480 149.627
97490 149.646
97500 149.683
97510 149.739
97520 149.808
97530 149.882
97540 149.968
97550 150.06
97560 150.138
97570 150.186
97580 150.215
97590 150.24
97600 150.266
97610 150.285
97620 150.301
97630 150.326
97640 150.359
97650 150.387
97660 150.408
97670 150.425
97680 150.432
97690 150.417
97700 150.379
97710 150.317
97720 150.238
97730 150.152
97740 150.057
97750 149.961
97760 149.883
97770 149.833
97780 149.811
97790 149.816
97800 149.846
97810 149.897
97820 149.967
97830 150.044
97840 150.115
97850 150.191
97860 150.296
97870 150.43
97880 150.575
97890 150.716
97900 150.849
97910 150.976
97920 151.101
97930 151.235
97940 151.379
97950 151.526
97960 151.66
97970 151.775
97980 151.873
97990 151.956
98000 152.028
98010 152.092
98020 152.149
98030 152.204
98040 152.257
98050 152.312
98060 152.372
98070 152.432
98080 152.488
98090 152.544
98100 152.61
98110 152.678
98120 152.735
98130 152.779
98140 152.811
98150 152.83
98160 152.835
98170 152.832
98180 152.831
98190 152.827
98200 152.807
98210 152.774
98220 152.743
98230 152.724
98240 152.72
98250 152.735
98260 152.772
98270 152.832
98280 152.9
98290 152.956
98300 152.997
98310 153.029
98320 153.059
98330 153.09
98340 153.135
98350 153.2
98360 153.281
98370 153.357
98380 153.41
98390 153.435
98400 153.437
98410 153.423
98420 153.396
98430 153.366
98440 153.343
98450 153.331
98460 153.321
98470 153.306
98480 153.288
98490 153.272
98500 153.258
98510 153.246
98520 153.231
98530 153.214
98540 153.199
98550 153.182
98560 153.157
98570 153.118
98580 153.066
98590 153.014
98600 152.966
98610 152.921
98620 152.875
98630 152.834
98640 152.797
98650 152.756
98660 152.705
98670 152.66
98680 152.64
98690 152.642
98700 152.648
98710 152.659
98720 152.681
98730 152.703
98740 152.717
98750 152.735
98760 152.767
98770 152.812
98780 152.863
98790 152.907
98800 152.929
98810 152.932
98820 152.937
98830 152.964
98840 153.01
98850 153.066
98860 153.122
98870 153.174
98880 153.215
98890 153.24
98900 153.244
98910 153.23
98920 153.206
98930 153.179
98940 153.156
98950 153.147
98960 153.156
98970 153.181
98980 153.212
98990 153.242
99000 153.264
99010 153.275
99020 153.276
99030 153.268
99040 153.26
99050 153.259
99060 153.271
99070 153.296
99080 153.333
99090 153.376
99100 153.421
99110 153.466
99120 153.508
99130 153.554
99140 153.604
99150 153.65
99160 153.692
99170 153.736
99180 153.782
99190 153.819
99200 153.839
99210 153.843
99220 153.833
99230 153.819
99240 153.817
99250 153.837
99260 153.871
99270 153.912
99280 153.955
99290 153.999
99300 154.037
99310 154.055
99320 154.044
99330 154.003
99340 153.941
99350 153.87
99360 153.796
99370 153.73
99380 153.689
99390 153.681
99400 153.702
99410 153.746
99420 153.815
99430 153.903
99440 153.998
99450 154.1
99460 154.214
99470 154.335
99480 154.445
99490 154.536
99500 154.607
99510 154.658
99520 154.69
99530 154.703
99540 154.69
99550 154.649
99560 154.594
99570 154.541
99580 154.496
99590 154.464
99600 154.454
99610 154.474
99620 154.521
99630 154.585
99640 154.657
99650 154.731
99660 154.794
99670 154.838
99680 154.862
99690 154.873
99700 154.871
99710 154.865
99720 154.858
99730 154.838
99740 154.802
99750 154.759
99760 154.718
99770 154.682
99780 154.648
99790 154.62
99800 154.601
99810 154.586
99820 154.571
99830 154.558
99840 154.549
99850 154.541
99860 154.533
99870 154.524
99880 154.524
99890 154.541
99900 154.579
99910 154.633
99920 154.693
99930 154.758
99940 154.83
99950 154.898
99960 154.962
99970 155.026
99980 155.09
99990 155.149
100000 155.204
100010 155.253
100020 155.287
100030 155.301
100040 155.295
100050 155.272
100060 155.241
100070 155.212
100080 155.188
100090 155.162
100100 155.133
100110 155.105
100120 155.083
100130 155.059
100140 155.029
100150 154.99
100160 154.941
100170 154.887
100180 154.849
100190 154.829
100200 154.812
100210 154.788
100220 154.773
100230 154.773
100240 154.785
100250 154.805
100260 154.833
100270 154.871
100280 154.923
100290 154.984
100300 155.046
100310 155.097
100320 155.132
100330 155.161
100340 155.19
100350 155.217
100360 155.241
100370 155.268
100380 155.295
100390 155.317
100400 155.329
100410 155.335
100420 155.335
100430 155.329
100440 155.319
100450 155.308
100460 155.292
100470 155.27
100480 155.244
100490 155.218
100500 155.192
100510 155.168
100520 155.152
100530 155.155
100540 155.179
100550 155.213
100560 155.243
100570 155.264
100580 155.281
100590 155.293
100600 155.296
100610 155.295
100620 155.301
100630 155.31
100640 155.313
100650 155.307
100660 155.286
100670 155.255
100680 155.222
100690 155.196
100700 155.168
100710 155.128
100720 155.078
100730 155.027
100740 154.987
100750 154.966
100760 154.952
100770 154.934
100780 154.92
100790 154.926
100800 154.956
100810 155
100820 155.044
100830 155.084
100840 155.122
100850 155.159
100860 155.186
100870 155.2
100880 155.208
100890 155.22
100900 155.242
100910 155.28
100920 155.344
100930 155.444
100940 155.581
100950 155.739
100960 155.904
100970 156.069
100980 156.231
100990 156.381
101000 156.518
101010 156.649
101020 156.776
101030 156.891
101040 156.99
101050 157.08
101060 157.18
101070 157.292
101080 157.405
101090 157.504
101100 157.581
101110 157.641
101120 157.696
101130 157.761
101140 157.839
101150 157.93
101160 158.035
101170 158.147
101180 158.252
101190 158.346
101200 158.43
101210 158.515
101220 158.615
101230 158.731
101240 158.852
101250 158.967
101260 159.082
101270 159.202
101280 159.315
101290 159.405
101300 159.471
101310 159.519
101320 159.559
101330 159.601
101340 159.654
101350 159.722
101360 159.801
101370 159.882
101380 159.953
101390 160.013
101400 160.065
101410 160.111
101420 160.149
101430 160.184
101440 160.222
101450 160.264
101460 160.307
101470 160.339
101480 160.355
101490 160.353
101500 160.335
101510 160.299
101520 160.25
101530 160.198
101540 160.157
101550 160.125
101560 160.106
101570 160.103
101580 160.111
101590 160.129
101600 160.16
101610 160.208
101620 160.276
101630 160.364
101640 160.46
101650 160.555
101660 160.651
101670 160.749
101680 160.848
101690 160.94
101700 161.011
101710 161.051
101720 161.057
101730 161.039
101740 161.01
101750 160.976
101760 160.942
101770 160.909
101780 160.885
101790 160.874
101800 160.864
101810 160.841
101820 160.811
101830 160.783
101840 160.759
101850 160.748
101860 160.76
101870 160.8
101880 160.855
101890 160.903
101900 160.93
101910 160.938
101920 160.933
101930 160.92
101940 160.915
101950 160.937
101960 160.981
101970 161.028
101980 161.072
101990 161.126
102000 161.195
102010 161.276
102020 161.366
102030 161.456
102040 161.537
102050 161.605
102060 161.659
102070 161.705
102080 161.744
102090 161.774
102100 161.791
102110 161.804
102120 161.827
102130 161.863
102140 161.901
102150 161.935
102160 161.963
102170 161.975
102180 161.957
102190 161.907
102200 161.844
102210 161.778
102220 161.711
102230 161.642
102240 161.571
102250 161.49
102260 161.394
102270 161.283
102280 161.163
102290 161.046
102300 160.939
102310 160.847
102320 160.773
102330 160.725
102340 160.706
102350 160.711
102360 160.731
102370 160.755
102380 160.78
102390 160.8
102400 160.816
102410 160.844
102420 160.892
102430 160.947
102440 160.998
102450 161.049
102460 161.107
102470 161.175
102480 161.242
102490 161.295
102500 161.337
102510 161.374
102520 161.408
102530 161.431
102540 161.436
102550 161.417
102560 161.376
102570 161.313
102580 161.242
102590 161.184
102600 161.147
102610 161.121
102620 161.098
102630 161.084
102640 161.08
102650 161.074
102660 161.052
102670 161.025
102680 160.994
102690 160.942
102700 160.857
102710 160.748
102720 160.616
102730 160.466
102740 160.313
102750 160.165
102760 160.021
102770 159.89
102780 159.792
102790 159.733
102800 159.701
102810 159.686
102820 159.676
102830 159.657
102840 159.633
102850 159.612
102860 159.595
102870 159.581
102880 159.571
102890 159.573
102900 159.587
102910 159.613
102920 159.643
102930 159.666
102940 159.686
102950 159.717
102960 159.764
102970 159.817
102980 159.869
102990 159.923
103000 159.973
103010 160.008
103020 160.017
103030 159.987
103040 159.924
103050 159.84
103060 159.741
103070 159.632
103080 159.537
103090 159.476
103100 159.451
103110 159.446
103120 159.445
103130 159.444
103140 159.436
103150 159.416
103160 159.39
103170 159.364
103180 159.336
103190 159.302
103200 159.267
103210 159.237
103220 159.211
103230 159.181
103240 159.144
103250 159.101
103260 159.053
103270 159.005
103280 158.971
103290 158.955
103300 158.949
103310 158.94
103320 158.924
103330 158.9
103340 158.869
103350 158.839
103360 158.821
103370 158.809
103380 158.802
103390 158.801
103400 158.811
103410 158.821
103420 158.833
103430 158.854
103440 158.887
103450 158.924
103460 158.964
103470 159.01
103480 159.062
103490 159.11
103500 159.166
103510 159.242
103520 159.338
103530 159.449
103540 159.57
103550 159.696
103560 159.82
103570 159.938
103580 160.047
103590 160.14
103600 160.222
103610 160.302
103620 160.382
103630 160.462
103640 160.55
103650 160.653
103660 160.773
103670 160.902
103680 161.032
103690 161.157
103700 161.279
103710 161.395
103720 161.493
103730 161.564
103740 161.612
103750 161.647
103760 161.678
103770 161.711
103780 161.746
103790 161.771
103800 161.763
103810 161.712
103820 161.63
103830 161.531
103840 161.42
103850 161.303
103860 161.187
103870 161.078
103880 160.982
103890 160.908
103900 160.856
103910 160.822
103920 160.797
103930 160.773
103940 160.743
103950 160.706
103960 160.661
103970 160.606
103980 160.549
103990 160.494
104000 160.434
104010 160.362
104020 160.283
104030 160.206
104040 160.137
104050 160.085
104060 160.056
104070 160.049
104080 160.052
104090 160.061
104100 160.085
104110 160.127
104120 160.188
104130 160.264
104140 160.352
104150 160.451
104160 160.56
104170 160.676
104180 160.793
104190 160.898
104200 160.987
104210 161.067
104220 161.139
104230 161.193
104240 161.224
104250 161.24
104260 161.242
104270 161.234
104280 161.222
104290 161.208
104300 161.191
104310 161.173
104320 161.152
104330 161.119
104340 161.066
104350 160.988
104360 160.884
104370 160.76
104380 160.628
104390 160.5
104400 160.378
104410 160.259
104420 160.144
104430 160.038
104440 159.956
104450 159.903
104460 159.874
104470 159.856
104480 159.842
104490 159.828
104500 159.805
104510 159.764
104520 159.703
104530 159.623
104540 159.527
104550 159.42
104560 159.312
104570 159.213
104580 159.131
104590 159.075
104600 159.04
104610 159.019
104620 159.013
104630 159.026
104640 159.056
104650 159.099
104660 159.157
104670 159.243
104680 159.356
104690 159.482
104700 159.603
104710 159.699
104720 159.758
104730 159.791
104740 159.826
104750 159.876
104760 159.937
104770 160.013
104780 160.108
104790 160.224
104800 160.358
104810 160.503
104820 160.654
104830 160.804
104840 160.94
104850 161.06
104860 161.167
104870 161.262
104880 161.343
104890 161.409
104900 161.463
104910 161.51
104920 161.55
104930 161.588
104940 161.622
104950 161.643
104960 161.647
104970 161.639
104980 161.623
104990 161.599
105000 161.56
105010 161.509
105020 161.453
105030 161.4
105040 161.355
105050 161.315
105060 161.272
105070 161.22
105080 161.155
105090 161.079
105100 161.003
105110 160.936
105120 160.88
105130 160.833
105140 160.792
105150 160.754
105160 160.71
105170 160.655
105180 160.587
105190 160.507
105200 160.42
105210 160.335
105220 160.26
105230 160.194
105240 160.138
105250 160.092
105260 160.044
105270 159.987
105280 159.924
105290 159.867
105300 159.823
105310 159.787
105320 159.758
105330 159.748
105340 159.769
105350 159.82
105360 159.898
105370 160.002
105380 160.127
105390 160.274
105400 160.444
105410 160.624
105420 160.797
105430 160.945
105440 161.062
105450 161.158
105460 161.25
105470 161.343
105480 161.432
105490 161.521
105500 161.619
105510 161.721
105520 161.815
105530 161.894
105540 161.963
105550 162.024
105560 162.074
105570 162.116
105580 162.152
105590 162.179
105600 162.191
105610 162.191
105620 162.186
105630 162.181
105640 162.174
105650 162.16
105660 162.142
105670 162.133
105680 162.133
105690 162.13
105700 162.121
105710 162.114
105720 162.102
105730 162.076
105740 162.037
105750 161.995
105760 161.96
105770 161.93
105780 161.893
105790 161.847
105800 161.804
105810 161.772
105820 161.755
105830 161.757
105840 161.774
105850 161.799
105860 161.826
105870 161.86
105880 161.904
105890 161.956
105900 162.019
105910 162.097
105920 162.183
105930 162.268
105940 162.355
105950 162.444
105960 162.525
105970 162.592
105980 162.647
105990 162.687
106000 162.71
106010 162.717
106020 162.711
106030 162.693
106040 162.661
106050 162.616
106060 162.561
106070 162.501
106080 162.448
106090 162.413
106100 162.392
106110 162.377
106120 162.361
106130 162.343
106140 162.316
106150 162.279
106160 162.232
106170 162.177
106180 162.124
106190 162.079
106200 162.043
106210 162.014
106220 161.991
106230 161.972
106240 161.954
106250 161.939
106260 161.928
106270 161.909
106280 161.876
106290 161.836
106300 161.798
106310 161.773
106320 161.774
106330 161.812
106340 161.887
106350 161.992
106360 162.116
106370 162.246
106380 162.369
106390 162.47
106400 162.542
106410 162.591
106420 162.625
106430 162.646
106440 162.652
106450 162.647
106460 162.629
106470 162.6
106480 162.57
106490 162.553
106500 162.552
106510 162.555
106520 162.557
106530 162.551
106540 162.529
106550 162.493
106560 162.452
106570 162.422
106580 162.418
106590 162.444
106600 162.488
106610 162.548
106620 162.63
106630 162.728
106640 162.817
106650 162.88
106660 162.922
106670 162.947
106680 162.955
106690 162.956
106700 162.967
106710 162.996
106720 163.035
106730 163.076
106740 163.123
106750 163.185
106760 163.263
106770 163.347
106780 163.424
106790 163.487
106800 163.532
106810 163.567
106820 163.595
106830 163.613
106840 163.619
106850 163.621
106860 163.624
106870 163.629
106880 163.637
106890 163.649
106900 163.662
106910 163.676
106920 163.694
106930 163.716
106940 163.741
106950 163.769
106960 163.8
106970 163.831
106980 163.849
106990 163.844
107000 163.816
107010 163.78
107020 163.742
107030 163.704
107040 163.672
107050 163.649
107060 163.636
107070 163.629
107080 163.627
107090 163.634
107100 163.642
107110 163.646
107120 163.65
107130 163.655
107140 163.653
107150 163.648
107160 163.656
107170 163.683
107180 163.717
107190 163.752
107200 163.791
107210 163.832
107220 163.868
107230 163.901
107240 163.94
107250 163.993
107260 164.054
107270 164.119
107280 164.192
107290 164.274
107300 164.364
107310 164.459
107320 164.551
107330 164.639
107340 164.725
107350 164.812
107360 164.904
107370 165
107380 165.096
107390 165.189
107400 165.279
107410 165.361
107420 165.432
107430 165.497
107440 165.56
107450 165.622
107460 165.681
107470 165.739
107480 165.797
107490 165.852
107500 165.904
107510 165.962
107520 166.034
107530 166.118
107540 166.202
107550 166.28
107560 166.35
107570 166.408
107580 166.448
107590 166.474
107600 166.488
107610 166.49
107620 166.477
107630 166.447
107640 166.407
107650 166.365
107660 166.314
107670 166.25
107680 166.175
107690 166.091
107700 165.997
107710 165.895
107720 165.796
107730 165.71
107740 165.642
107750 165.585
107760 165.537
107770 165.505
107780 165.498
107790 165.513
107800 165.537
107810 165.568
107820 165.612
107830 165.67
107840 165.737
107850 165.799
107860 165.855
107870 165.908
107880 165.955
107890 165.988
107900 166.004
107910 166.006
107920 165.997
107930 165.977
107940 165.951
107950 165.93
107960 165.917
107970 165.906
107980 165.897
107990 165.902
108000 165.926
108010 165.955
108020 165.981
108030 166.018
108040 166.08
108050 166.165
108060 166.272
108070 166.4
108080 166.539
108090 166.683
108100 166.825
108110 166.959
108120 167.075
108130 167.18
108140 167.28
108150 167.36
108160 167.41
108170 167.437
108180 167.458
108190 167.478
108200 167.5
108210 167.527
108220 167.553
108230 167.568
108240 167.567
108250 167.554
108260 167.536
108270 167.524
108280 167.53
108290 167.543
108300 167.548
108310 167.544
108320 167.538
108330 167.526
108340 167.501
108350 167.471
108360 167.456
108370 167.455
108380 167.465
108390 167.492
108400 167.536
108410 167.582
108420 167.62
108430 167.647
108440 167.664
108450 167.685
108460 167.717
108470 167.761
108480 167.807
108490 167.848
108500 167.894
108510 167.952
108520 168.019
108530 168.101
108540 168.193
108550 168.285
108560 168.363
108570 168.426
108580 168.474
108590 168.5
108600 168.508
108610 168.51
108620 168.504
108630 168.481
108640 168.44
108650 168.391
108660 168.344
108670 168.309
108680 168.292
108690 168.291
108700 168.3
108710 168.316
108720 168.328
108730 168.33
108740 168.326
108750 168.332
108760 168.358
108770 168.407
108780 168.482
108790 168.58
108800 168.691
108810 168.8
108820 168.893
108830 168.961
108840 169.006
108850 169.032
108860 169.04
108870 169.042
108880 169.046
108890 169.053
108900 169.049
108910 169.029
108920 168.998
108930 168.964
108940 168.933
108950 168.91
108960 168.904
108970 168.92
108980 168.958
108990 169.008
109000 169.062
109010 169.115
109020 169.165
109030 169.216
109040 169.27
109050 169.326
109060 169.373
109070 169.401
109080 169.421
109090 169.448
109100 169.491
109110 169.544
109120 169.605
109130 169.673
109140 169.75
109150 169.838
109160 169.941
109170 170.055
109180 170.169
109190 170.277
109200 170.37
109210 170.444
109220 170.495
109230 170.523
109240 170.533
109250 170.533
109260 170.531
109270 170.531
109280 170.518
109290 170.478
109300 170.409
109310 170.308
109320 170.174
109330 170.012
109340 169.835
109350 169.654
109360 169.48
109370 169.33
109380 169.217
109390 169.137
109400 169.078
109410 169.033
109420 168.997
109430 168.955
109440 168.906
109450 168.863
109460 168.834
109470 168.821
109480 168.82
109490 168.829
109500 168.841
109510 168.85
109520 168.861
109530 168.878
109540 168.906
109550 168.944
109560 168.987
109570 169.02
109580 169.037
109590 169.049
109600 169.063
109610 169.074
109620 169.078
109630 169.086
109640 169.095
109650 169.097
109660 169.099
109670 169.115
109680 169.15
109690 169.187
109700 169.209
109710 169.214
109720 169.212
109730 169.207
109740 169.198
109750 169.192
109760 169.195
109770 169.212
109780 169.243
109790 169.287
109800 169.336
109810 169.378
109820 169.403
109830 169.407
109840 169.393
109850 169.359
109860 169.305
109870 169.238
109880 169.168
109890 169.099
109900 169.028
109910 168.964
109920 168.913
109930 168.877
109940 168.86
109950 168.857
109960 168.856
109970 168.854
109980 168.859
109990 168.866
110000 168.87
110010 168.884
110020 168.921
110030 168.979
110040 169.044
110050 169.106
110060 169.16
110070 169.212
110080 169.266
110090 169.319
110100 169.359
110110 169.387
110120 169.423
110130 169.478
110140 169.547
110150 169.626
110160 169.712
110170 169.798
110180 169.881
110190 169.967
110200 170.046
110210 170.093
110220 170.101
110230 170.08
110240 170.037
110250 169.981
110260 169.93
110270 169.905
110280 169.911
110290 169.945
110300 170.004
110310 170.078
110320 170.154
110330 170.232
110340 170.318
110350 170.417
110360 170.528
110370 170.653
110380 170.798
110390 170.961
110400 171.124
110410 171.27
110420 171.398
110430 171.508
110440 171.595
110450 171.662
110460 171.713
110470 171.752
110480 171.776
110490 171.791
110500 171.81
110510 171.84
110520 171.883
110530 171.936
110540 172.001
110550 172.075
110560 172.151
110570 172.221
110580 172.292
110590 172.366
110600 172.446
110610 172.527
110620 172.608
110630 172.695
110640 172.793
110650 172.896
110660 172.986
110670 173.058
110680 173.111
110690 173.143
110700 173.155
110710 173.158
110720 173.161
110730 173.16
110740 173.155
110750 173.153
110760 173.152
110770 173.145
110780 173.134
110790 173.122
110800 173.102
110810 173.076
110820 173.054
110830 173.036
110840 173.017
110850 173.002
110860 172.987
110870 172.968
110880 172.946
110890 172.931
110900 172.933
110910 172.953
110920 172.986
110930 173.04
110940 173.123
110950 173.22
110960 173.312
110970 173.398
110980 173.489
110990 173.585
111000 173.674
111010 173.755
111020 173.835
111030 173.921
111040 174.019
111050 174.134
111060 174.264
111070 174.401
111080 174.532
111090 174.642
111100 174.726
111110 174.794
111120 174.856
111130 174.912
111140 174.967
111150 175.03
111160 175.096
111170 175.154
111180 175.21
111190 175.286
111200 175.392
111210 175.519
111220 175.655
111230 175.786
111240 175.895
111250 175.975
111260 176.034
111270 176.091
111280 176.156
111290 176.222
111300 176.281
111310 176.335
111320 176.386
111330 176.424
111340 176.446
111350 176.451
111360 176.436
111370 176.401
111380 176.353
111390 176.296
111400 176.232
111410 176.163
111420 176.094
111430 176.026
111440 175.951
111450 175.869
111460 175.79
111470 175.725
111480 175.673
111490 175.632
111500 175.605
111510 175.595
111520 175.589
111530 175.571
111540 175.532
111550 175.479
111560 175.428
111570 175.389
111580 175.359
111590 175.342
111600 175.341
111610 175.357
111620 175.392
111630 175.449
111640 175.531
111650 175.632
111660 175.743
111670 175.859
111680 175.982
111690 176.114
111700 176.251
111710 176.384
111720 176.512
111730 176.64
111740 176.776
111750 176.918
111760 177.061
111770 177.206
111780 177.359
111790 177.524
111800 177.702
111810 177.882
111820 178.047
111830 178.184
111840 178.294
111850 178.383
111860 178.461
111870 178.531
111880 178.594
111890 178.652
111900 178.71
111910 178.772
111920 178.831
111930 178.889
111940 178.947
111950 179
111960 179.049
111970 179.097
111980 179.141
111990 179.179
112000 179.215
112010 179.256
112020 179.295
112030 179.32
112040 179.326
112050 179.319
112060 179.308
112070 179.29
112080 179.261
112090 179.229
112100 179.198
112110 179.167
112120 179.138
112130 179.12
112140 179.121
112150 179.137
112160 179.151
112170 179.148
112180 179.119
112190 179.065
112200 178.989
112210 178.902
112220 178.812
112230 178.716
112240 178.61
112250 178.498
112260 178.382
112270 178.268
112280 178.164
112290 178.077
112300 178.005
112310 177.946
112320 177.915
112330 177.91
112340 177.921
112350 177.947
112360 177.996
112370 178.066
112380 178.146
112390 178.232
112400 178.328
112410 178.431
112420 178.535
112430 178.637
112440 178.736
112450 178.826
112460 178.898
112470 178.955
112480 179.011
112490 179.076
112500 179.148
112510 179.22
112520 179.289
112530 179.352
112540 179.408
112550 179.458
112560 179.507
112570 179.554
112580 179.588
112590 179.601
112600 179.593
112610 179.577
112620 179.562
112630 179.552
112640 179.546
112650 179.537
112660 179.515
112670 179.473
112680 179.41
112690 179.34
112700 179.289
112710 179.276
112720 179.304
112730 179.369
112740 179.458
112750 179.552
112760 179.627
112770 179.676
112780 179.706
112790 179.721
112800 179.725
112810 179.741
112820 179.787
112830 179.868
112840 179.972
112850 180.088
112860 180.208
112870 180.33
112880 180.449
112890 180.562
112900 180.669
112910 180.772
112920 180.869
112930 180.951
112940 181.011
112950 181.053
112960 181.085
112970 181.128
112980 181.195
112990 181.286
113000 181.398
113010 181.531
113020 181.676
113030 181.815
113040 181.951
113050 182.082
113060 182.201
113070 182.311
113080 182.421
113090 182.519
113100 182.581
113110 182.607
113120 182.606
113130 182.588
113140 182.569
113150 182.57
113160 182.595
113170 182.635
113180 182.691
113190 182.777
113200 182.902
113210 183.062
113220 183.247
113230 183.441
113240 183.635
113250 183.827
113260 184.006
113270 184.157
113280 184.271
113290 184.358
113300 184.436
113310 184.518
113320 184.606
113330 184.689
113340 184.754
113350 184.798
113360 184.821
113370 184.828
113380 184.823
113390 184.818
113400 184.825
113410 184.845
113420 184.868
113430 184.882
113440 184.894
113450 184.914
113460 184.932
113470 184.934
113480 184.919
113490 184.894
113500 184.863
113510 184.823
113520 184.776
113530 184.732
113540 184.71
113550 184.718
113560 184.754
113570 184.806
113580 184.863
113590 184.915
113600 184.956
113610 184.988
113620 185.012
113630 185.033
113640 185.056
113650 185.084
113660 185.112
113670 185.132
113680 185.146
113690 185.164
113700 185.192
113710 185.227
113720 185.264
113730 185.309
113740 185.365
113750 185.423
113760 185.467
113770 185.482
113780 185.457
113790 185.384
113800 185.28
113810 185.168
113820 185.055
113830 184.949
113840 184.868
113850 184.827
113860 184.829
113870 184.874
113880 184.959
113890 185.074
113900 185.209
113910 185.361
113920 185.529
113930 185.701
113940 185.861
113950 186.002
113960 186.119
113970 186.21
113980 186.281
113990 186.345
114000 186.403
114010 186.442
114020 186.454
114030 186.449
114040 186.442
114050 186.438
114060 186.431
114070 186.41
114080 186.364
114090 186.29
114100 186.197
114110 186.102
114120 186.005
114130 185.895
114140 185.773
114150 185.65
114160 185.534
114170 185.436
114180 185.353
114190 185.283
114200 185.23
114210 185.19
114220 185.152
114230 185.116
114240 185.089
114250 185.075
114260 185.065
114270 185.048
114280 185.023
114290 185
114300 184.981
114310 184.958
114320 184.925
114330 184.891
114340 184.86
114350 184.827
114360 184.79
114370 184.757
114380 184.737
114390 184.721
114400 184.687
114410 184.628
114420 184.562
114430 184.503
114440 184.459
114450 184.432
114460 184.421
114470 184.412
114480 184.391
114490 184.359
114500 184.325
114510 184.295
114520 184.281
114530 184.296
114540 184.339
114550 184.401
114560 184.467
114570 184.532
114580 184.58
114590 184.582
114600 184.523
114610 184.421
114620 184.299
114630 184.167
114640 184.039
114650 183.934
114660 183.862
114670 183.824
114680 183.814
114690 183.817
114700 183.826
114710 183.847
114720 183.888
114730 183.941
114740 183.995
114750 184.047
114760 184.09
114770 184.12
114780 184.147
114790 184.186
114800 184.246
114810 184.338
114820 184.467
114830 184.625
114840 184.801
114850 184.98
114860 185.151
114870 185.307
114880 185.442
114890 185.553
114900 185.635
114910 185.685
114920 185.714
114930 185.734
114940 185.745
114950 185.747
114960 185.758
114970 185.786
114980 185.822
114990 185.856
115000 185.893
115010 185.934
115020 185.979
115030 186.032
115040 186.096
115050 186.171
115060 186.248
115070 186.324
115080 186.393
115090 186.451
115100 186.493
115110 186.512
115120 186.506
115130 186.482
115140 186.449
115150 186.404
115160 186.356
115170 186.33
115180 186.338
115190 186.377
115200 186.443
115210 186.534
115220 186.629
115230 186.714
115240 186.788
115250 186.854
115260 186.909
115270 186.956
115280 187
115290 187.031
115300 187.033
115310 187
115320 186.941
115330 186.867
115340 186.798
115350 186.749
115360 186.723
115370 186.717
115380 186.741
115390 186.806
115400 186.903
115410 187.014
115420 187.12
115430 187.21
115440 187.278
115450 187.323
115460 187.345
115470 187.343
115480 187.321
115490 187.289
115500 187.253
115510 187.217
115520 187.183
115530 187.157
115540 187.146
115550 187.162
115560 187.217
115570 187.302
115580 187.392
115590 187.47
115600 187.534
115610 187.583
115620 187.615
115630 187.637
115640 187.659
115650 187.685
115660 187.711
115670 187.743
115680 187.786
115690 187.844
115700 187.912
115710 187.998
115720 188.115
115730 188.265
115740 188.434
115750 188.596
115760 188.732
115770 188.829
115780 188.886
115790 188.91
115800 188.91
115810 188.89
115820 188.858
115830 188.829
115840 188.818
115850 188.826
115860 188.846
115870 188.869
115880 188.882
115890 188.868
115900 188.821
115910 188.751
115920 188.671
115930 188.591
115940 188.514
115950 188.443
115960 188.39
115970 188.356
115980 188.33
115990 188.309
116000 188.295
116010 188.287
116020 188.289
116030 188.303
116040 188.331
116050 188.379
116060 188.441
116070 188.506
116080 188.57
116090 188.638
116100 188.719
116110 188.819
116120 188.934
116130 189.042
116140 189.125
116150 189.179
116160 189.21
116170 189.221
116180 189.223
116190 189.236
116200 189.268
116210 189.313
116220 189.358
116230 189.394
116240 189.426
116250 189.454
116260 189.47
116270 189.471
116280 189.46
116290 189.444
116300 189.425
116310 189.398
116320 189.358
116330 189.309
116340 189.272
116350 189.267
116360 189.295
116370 189.341
116380 189.389
116390 189.421
116400 189.43
116410 189.416
116420 189.395
116430 189.379
116440 189.373
116450 189.375
116460 189.387
116470 189.41
116480 189.435
116490 189.453
116500 189.468
116510 189.485
116520 189.506
116530 189.533
116540 189.568
116550 189.609
116560 189.656
116570 189.709
116580 189.768
116590 189.825
116600 189.866
116610 189.885
116620 189.892
116630 189.907
116640 189.936
116650 189.979
116660 190.034
116670 190.101
116680 190.178
116690 190.261
116700 190.345
116710 190.421
116720 190.479
116730 190.514
116740 190.523
116750 190.501
116760 190.447
116770 190.37
116780 190.282
116790 190.19
116800 190.094
116810 189.994
116820 189.895
116830 189.801
116840 189.703
116850 189.594
116860 189.477
116870 189.365
116880 189.274
116890 189.212
116900 189.184
116910 189.18
116920 189.174
116930 189.153
116940 189.118
116950 189.079
116960 189.037
116970 188.99
116980 188.945
116990 188.911
117000 188.888
117010 188.878
117020 188.881
117030 188.898
117040 188.929
117050 188.973
117060 189.027
117070 189.091
117080 189.16
117090 189.223
117100 189.271
117110 189.298
117120 189.302
117130 189.283
117140 189.25
117150 189.21
117160 189.166
117170 189.118
117180 189.062
117190 188.993
117200 188.912
117210 188.832
117220 188.757
117230 188.68
117240 188.606
117250 188.546
117260 188.511
117270 188.512
117280 188.543
117290 188.595
117300 188.66
117310 188.732
117320 188.8
117330 188.854
117340 188.898
117350 188.935
117360 188.96
117370 188.961
117380 188.939
117390 188.895
117400 188.829
117410 188.754
117420 188.692
117430 188.65
117440 188.62
117450 188.595
117460 188.578
117470 188.574
117480 188.583
117490 188.6
117500 188.621
117510 188.637
117520 188.649
117530 188.658
117540 188.669
117550 188.685
117560 188.717
117570 188.782
117580 188.884
117590 189.007
117600 189.125
117610 189.229
117620 189.325
117630 189.412
117640 189.479
117650 189.516
117660 189.53
117670 189.539
117680 189.55
117690 189.564
117700 189.589
117710 189.629
117720 189.68
117730 189.744
117740 189.821
117750 189.901
117760 189.973
117770 190.036
117780 190.092
117790 190.14
117800 190.179
117810 190.22
117820 190.272
117830 190.338
117840 190.407
117850 190.465
117860 190.502
117870 190.511
117880 190.49
117890 190.435
117900 190.35
117910 190.244
117920 190.126
117930 190.009
117940 189.898
117950 189.787
117960 189.671
117970 189.557
117980 189.453
117990 189.362
118000 189.286
118010 189.23
118020 189.196
118030 189.183
118040 189.187
118050 189.203
118060 189.226
118070 189.248
118080 189.264
118090 189.268
118100 189.25
118110 189.199
118120 189.116
118130 189.021
118140 188.932
118150 188.858
118160 188.81
118170 188.796
118180 188.815
118190 188.851
118200 188.9
118210 188.958
118220 189.015
118230 189.056
118240 189.086
118250 189.116
118260 189.134
118270 189.133
118280 189.121
118290 189.108
118300 189.106
118310 189.12
118320 189.148
118330 189.179
118340 189.199
118350 189.207
118360 189.205
118370 189.198
118380 189.18
118390 189.139
118400 189.071
118410 188.992
118420 188.918
118430 188.859
118440 188.817
118450 188.786
118460 188.76
118470 188.742
118480 188.727
118490 188.708
118500 188.692
118510 188.681
118520 188.656
118530 188.604
118540 188.545
118550 188.495
118560 188.447
118570 188.403
118580 188.384
118590 188.386
118600 188.385
118610 188.364
118620 188.326
118630 188.278
118640 188.221
118650 188.151
118660 188.078
118670 188.015
118680 187.97
118690 187.948
118700 187.953
118710 187.982
118720 188.035
118730 188.109
118740 188.188
118750 188.255
118760 188.309
118770 188.357
118780 188.402
118790 188.44
118800 188.471
118810 188.502
118820 188.538
118830 188.569
118840 188.589
118850 188.598
118860 188.605
118870 188.615
118880 188.62
118890 188.607
118900 188.562
118910 188.489
118920 188.397
118930 188.291
118940 188.175
118950 188.069
118960 188
118970 187.984
118980 188.026
118990 188.115
119000 188.247
119010 188.413
119020 188.6
119030 188.8
119040 189.008
119050 189.212
119060 189.403
119070 189.581
119080 189.739
119090 189.876
119100 189.997
119110 190.112
119120 190.22
119130 190.327
119140 190.448
119150 190.594
119160 190.757
119170 190.922
119180 191.08
119190 191.221
119200 191.331
119210 191.404
119220 191.454
119230 191.504
119240 191.56
119250 191.621
119260 191.694
119270 191.781
119280 191.874
119290 191.966
119300 192.054
119310 192.133
119320 192.197
119330 192.247
119340 192.29
119350 192.327
119360 192.365
119370 192.4
119380 192.425
119390 192.432
119400 192.425
119410 192.402
119420 192.359
119430 192.305
119440 192.254
119450 192.208
119460 192.164
119470 192.125
119480 192.1
119490 192.091
119500 192.088
119510 192.088
119520 192.105
119530 192.143
119540 192.188
119550 192.229
119560 192.277
119570 192.34
119580 192.41
119590 192.474
119600 192.518
119610 192.538
119620 192.546
119630 192.548
119640 192.539
119650 192.511
119660 192.48
119670 192.466
119680 192.473
119690 192.486
119700 192.493
119710 192.493
119720 192.485
119730 192.463
119740 192.421
119750 192.367
119760 192.32
119770 192.293
119780 192.291
119790 192.312
119800 192.345
119810 192.375
119820 192.392
119830 192.39
119840 192.364
119850 192.319
119860 192.275
119870 192.256
119880 192.274
119890 192.333
119900 192.432
119910 192.557
119920 192.691
119930 192.823
119940 192.953
119950 193.093
119960 193.252
119970 193.433
119980 193.616
119990 193.778
120000 193.906
120010 193.996
120020 194.05
120030 194.075
120040 194.086
120050 194.097
120060 194.112
120070 194.134
120080 194.159
120090 194.178
120100 194.194
120110 194.208
120120 194.224
120130 194.238
120140 194.247
120150 194.246
120160 194.235
120170 194.225
120180 194.223
120190 194.229
120200 194.24
120210 194.252
120220 194.254
120230 194.238
120240 194.211
120250 194.195
120260 194.216
120270 194.281
120280 194.378
120290 194.484
120300 194.584
120310 194.671
120320 194.745
120330 194.807
120340 194.859
120350 194.906
120360 194.956
120370 195.008
120380 195.05
120390 195.076
120400 195.09
120410 195.103
120420 195.127
120430 195.164
120440 195.201
120450 195.22
120460 195.216
120470 195.191
120480 195.153
120490 195.108
120500 195.062
120510 195.011
120520 194.947
120530 194.872
120540 194.796
120550 194.72
120560 194.657
120570 194.622
120580 194.615
120590 194.626
120600 194.645
120610 194.671
120620 194.704
120630 194.748
120640 194.808
120650 194.881
120660 194.949
120670 195.008
120680 195.062
120690 195.115
120700 195.172
120710 195.236
120720 195.307
120730 195.383
120740 195.456
120750 195.527
120760 195.594
120770 195.65
120780 195.69
120790 195.709
120800 195.697
120810 195.657
120820 195.602
120830 195.541
120840 195.47
120850 195.387
120860 195.295
120870 195.201
120880 195.108
120890 195.011
120900 194.911
120910 194.817
120920 194.733
120930 194.653
120940 194.567
120950 194.472
120960 194.381
120970 194.302
120980 194.232
120990 194.161
121000 194.097
121010 194.053
121020 194.028
121030 194.015
121040 194.01
121050 194.013
121060 194.028
121070 194.07
121080 194.153
121090 194.272
121100 194.417
121110 194.58
121120 194.757
121130 194.943
121140 195.129
121150 195.301
121160 195.457
121170 195.609
121180 195.771
121190 195.933
121200 196.077
121210 196.195
121220 196.289
121230 196.357
121240 196.399
121250 196.42
121260 196.427
121270 196.419
121280 196.401
121290 196.393
121300 196.408
121310 196.44
121320 196.482
121330 196.533
121340 196.591
121350 196.648
121360 196.698
121370 196.743
121380 196.788
121390 196.843
121400 196.916
121410 197.01
121420 197.118
121430 197.232
121440 197.336
121450 197.413
121460 197.457
121470 197.484
121480 197.512
121490 197.542
121500 197.567
121510 197.585
121520 197.595
121530 197.592
121540 197.58
121550 197.572
121560 197.574
121570 197.583
121580 197.604
121590 197.647
121600 197.728
121610 197.84
121620 197.957
121630 198.058
121640 198.131
121650 198.16
121660 198.13
121670 198.043
121680 197.915
121690 197.758
121700 197.578
121710 197.375
121720 197.159
121730 196.944
121740 196.743
121750 196.569
121760 196.44
121770 196.369
121780 196.352
121790 196.371
121800 196.41
121810 196.457
121820 196.507
121830 196.552
121840 196.582
121850 196.6
121860 196.606
121870 196.605
121880 196.598
121890 196.578
121900 196.538
121910 196.475
121920 196.39
121930 196.287
121940 196.172
121950 196.047
121960 195.907
121970 195.75
121980 195.583
121990 195.419
122000 195.26
122010 195.11
122020 194.975
122030 194.859
122040 194.761
122050 194.674
122060 194.592
122070 194.511
122080 194.441
122090 194.399
122100 194.384
122110 194.388
122120 194.403
122130 194.427
122140 194.454
122150 194.482
122160 194.508
122170 194.528
122180 194.546
122190 194.571
122200 194.609
122210 194.65
122220 194.678
122230 194.69
122240 194.693
122250 194.69
122260 194.687
122270 194.69
122280 194.7
122290 194.705
122300 194.695
122310 194.681
122320 194.669
122330 194.657
122340 194.645
122350 194.64
122360 194.648
122370 194.664
122380 194.675
122390 194.679
122400 194.681
122410 194.685
122420 194.692
122430 194.694
122440 194.684
122450 194.669
122460 194.665
122470 194.669
122480 194.658
122490 194.614
122500 194.548
122510 194.474
122520 194.387
122530 194.27
122540 194.121
122550 193.958
122560 193.793
122570 193.626
122580 193.454
122590 193.283
122600 193.12
122610 192.971
122620 192.843
122630 192.738
122640 192.664
122650 192.622
122660 192.604
122670 192.592
122680 192.578
122690 192.558
122700 192.529
122710 192.488
122720 192.427
122730 192.341
122740 192.242
122750 192.152
122760 192.066
122770 191.972
122780 191.868
122790 191.767
122800 191.676
122810 191.59
122820 191.507
122830 191.432
122840 191.367
122850 191.307
122860 191.262
122870 191.246
122880 191.266
122890 191.326
122900 191.428
122910 191.564
122920 191.711
122930 191.851
122940 191.989
122950 192.134
122960 192.283
122970 192.42
122980 192.535
122990 192.635
123000 192.722
123010 192.789
123020 192.839
123030 192.893
123040 192.966
123050 193.056
123060 193.16
123070 193.276
123080 193.395
123090 193.513
123100 193.638
123110 193.765
123120 193.885
123130 193.994
123140 194.095
123150 194.184
123160 194.261
123170 194.326
123180 194.381
123190 194.428
123200 194.471
123210 194.506
123220 194.521
123230 194.509
123240 194.466
123250 194.391
123260 194.294
123270 194.197
123280 194.121
123290 194.062
123300 194.012
123310 193.971
123320 193.943
123330 193.929
123340 193.93
123350 193.954
123360 194.013
123370 194.105
123380 194.223
123390 194.363
123400 194.511
123410 194.649
123420 194.763
123430 194.847
123440 194.893
123450 194.895
123460 194.858
123470 194.803
123480 194.756
123490 194.729
123500 194.725
123510 194.74
123520 194.774
123530 194.834
123540 194.934
123550 195.076
123560 195.246
123570 195.429
123580 195.605
123590 195.754
123600 195.868
123610 195.956
123620 196.028
123630 196.089
123640 196.138
123650 196.18
123660 196.227
123670 196.282
123680 196.343
123690 196.396
123700 196.432
123710 196.449
123720 196.453
123730 196.464
123740 196.494
123750 196.529
123760 196.543
123770 196.528
123780 196.494
123790 196.46
123800 196.439
123810 196.432
123820 196.428
123830 196.415
123840 196.388
123850 196.351
123860 196.311
123870 196.273
123880 196.229
123890 196.175
123900 196.12
123910 196.069
123920 196.026
123930 195.995
123940 195.975
123950 195.969
123960 195.987
123970 196.037
123980 196.119
123990 196.22
124000 196.321
124010 196.405
124020 196.461
124030 196.484
124040 196.489
124050 196.496
124060 196.511
124070 196.534
124080 196.571
124090 196.636
124100 196.739
124110 196.874
124120 197.031
124130 197.192
124140 197.335
124150 197.45
124160 197.537
124170 197.608
124180 197.674
124190 197.736
124200 197.794
124210 197.849
124220 197.901
124230 197.946
124240 197.979
124250 198.004
124260 198.022
124270 198.034
124280 198.033
124290 198.022
124300 198.014
124310 198.023
124320 198.058
124330 198.118
124340 198.189
124350 198.264
124360 198.343
124370 198.423
124380 198.489
124390 198.533
124400 198.562
124410 198.576
124420 198.57
124430 198.553
124440 198.54
124450 198.536
124460 198.549
124470 198.581
124480 198.624
124490 198.671
124500 198.721
124510 198.772
124520 198.81
124530 198.833
124540 198.849
124550 198.867
124560 198.885
124570 198.897
124580 198.912
124590 198.938
124600 198.965
124610 198.982
124620 198.999
124630 199.034
124640 199.088
124650 199.155
124660 199.239
124670 199.345
124680 199.46
124690 199.563
124700 199.638
124710 199.681
124720 199.69
124730 199.658
124740 199.585
124750 199.48
124760 199.356
124770 199.234
124780 199.132
124790 199.054
124800 198.996
124810 198.963
124820 198.96
124830 198.985
124840 199.026
124850 199.075
124860 199.129
124870 199.189
124880 199.249
124890 199.301
124900 199.329
124910 199.32
124920 199.277
124930 199.212
124940 199.142
124950 199.083
124960 199.039
124970 199.003
124980 198.969
124990 198.948
125000 198.946
125010 198.949
125020 198.952
125030 198.961
125040 198.99
125050 199.045
125060 199.123
125070 199.214
125080 199.313
125090 199.41
125100 199.497
125110 199.562
125120 199.593
125130 199.589
125140 199.561
125150 199.527
125160 199.498
125170 199.474
125180 199.458
125190 199.441
125200 199.411
125210 199.359
125220 199.289
125230 199.209
125240 199.122
125250 199.026
125260 198.926
125270 198.827
125280 198.731
125290 198.634
125300 198.54
125310 198.444
125320 198.344
125330 198.235
125340 198.117
125350 198.001
125360 197.9
125370 197.819
125380 197.757
125390 197.715
125400 197.703
125410 197.718
125420 197.748
125430 197.786
125440 197.828
125450 197.866
125460 197.89
125470 197.891
125480 197.864
125490 197.811
125500 197.744
125510 197.677
125520 197.616
125530 197.559
125540 197.509
125550 197.478
125560 197.468
125570 197.477
125580 197.502
125590 197.542
125600 197.583
125610 197.616
125620 197.64
125630 197.653
125640 197.651
125650 197.634
125660 197.606
125670 197.575
125680 197.547
125690 197.524
125700 197.508
125710 197.497
125720 197.488
125730 197.471
125740 197.444
125750 197.404
125760 197.356
125770 197.304
125780 197.252
125790 197.201
125800 197.161
125810 197.144
125820 197.164
125830 197.227
125840 197.325
125850 197.45
125860 197.594
125870 197.741
125880 197.877
125890 198.002
125900 198.116
125910 198.206
125920 198.26
125930 198.287
125940 198.312
125950 198.353
125960 198.419
125970 198.506
125980 198.608
125990 198.715
126000 198.818
126010 198.909
126020 198.984
126030 199.05
126040 199.101
126050 199.12
126060 199.099
126070 199.053
126080 198.998
126090 198.933
126100 198.865
126110 198.806
126120 198.765
126130 198.743
126140 198.735
126150 198.741
126160 198.753
126170 198.768
126180 198.792
126190 198.831
126200 198.88
126210 198.928
126220 198.974
126230 199.021
126240 199.068
126250 199.106
126260 199.141
126270 199.184
126280 199.234
126290 199.29
126300 199.36
126310 199.446
126320 199.538
126330 199.624
126340 199.709
126350 199.802
126360 199.905
126370 200.012
126380 200.126
126390 200.262
126400 200.419
126410 200.585
126420 200.746
126430 200.887
126440 200.996
126450 201.07
126460 201.111
126470 201.125
126480 201.122
126490 201.115
126500 201.112
126510 201.112
126520 201.109
126530 201.101
126540 201.086
126550 201.059
126560 201.031
126570 201.018
126580 201.021
126590 201.021
126600 201.004
126610 200.975
126620 200.952
126630 200.941
126640 200.939
126650 200.943
126660 200.957
126670 200.988
126680 201.038
126690 201.1
126700 201.154
126710 201.19
126720 201.215
126730 201.236
126740 201.247
126750 201.245
126760 201.229
126770 201.2
126780 201.161
126790 201.111
126800 201.056
126810 200.997
126820 200.93
126830 200.862
126840 200.812
126850 200.789
126860 200.794
126870 200.819
126880 200.855
126890 200.898
126900 200.945
126910 200.987
126920 201.028
126930 201.073
126940 201.119
126950 201.165
126960 201.211
126970 201.25
126980 201.27
126990 201.269
127000 201.251
127010 201.231
127020 201.222
127030 201.231
127040 201.267
127050 201.335
127060 201.434
127070 201.557
127080 201.688
127090 201.818
127100 201.942
127110 202.054
127120 202.148
127130 202.22
127140 202.278
127150 202.323
127160 202.355
127170 202.373
127180 202.365
127190 202.327
127200 202.276
127210 202.232
127220 202.197
127230 202.159
127240 202.112
127250 202.06
127260 202.011
127270 201.969
127280 201.936
127290 201.919
127300 201.915
127310 201.913
127320 201.91
127330 201.912
127340 201.93
127350 201.966
127360 202.018
127370 202.074
127380 202.121
127390 202.157
127400 202.188
127410 202.225
127420 202.277
127430 202.357
127440 202.464
127450 202.581
127460 202.687
127470 202.761
127480 202.79
127490 202.774
127500 202.725
127510 202.664
127520 202.604
127530 202.55
127540 202.503
127550 202.47
127560 202.455
127570 202.458
127580 202.483
127590 202.538
127600 202.617
127610 202.698
127620 202.764
127630 202.813
127640 202.857
127650 202.912
127660 202.985
127670 203.071
127680 203.159
127690 203.252
127700 203.357
127710 203.474
127720 203.582
127730 203.663
127740 203.715
127750 203.749
127760 203.775
127770 203.794
127780 203.807
127790 203.821
127800 203.832
127810 203.831
127820 203.816
127830 203.79
127840 203.755
127850 203.718
127860 203.688
127870 203.668
127880 203.657
127890 203.648
127900 203.644
127910 203.647
127920 203.657
127930 203.671
127940 203.684
127950 203.698
127960 203.724
127970 203.763
127980 203.81
127990 203.869
128000 203.948
128010 204.045
128020 204.144
128030 204.223
128040 204.267
128050 204.273
128060 204.247
128070 204.203
128080 204.152
128090 204.093
128100 204.023
128110 203.953
128120 203.886
128130 203.81
128140 203.714
128150 203.61
128160 203.512
128170 203.422
128180 203.332
128190 203.242
128200 203.158
128210 203.091
128220 203.037
128230 202.99
128240 202.954
128250 202.933
128260 202.927
128270 202.932
128280 202.947
128290 202.963
128300 202.977
128310 202.992
128320 203.009
128330 203.025
128340 203.04
128350 203.045
128360 203.033
128370 203.006
128380 202.969
128390 202.929
128400 202.888
128410 202.847
128420 202.81
128430 202.782
128440 202.766
128450 202.758
128460 202.751
128470 202.739
128480 202.719
128490 202.693
128500 202.657
128510 202.609
128520 202.557
128530 202.508
128540 202.465
128550 202.431
128560 202.408
128570 202.394
128580 202.394
128590 202.415
128600 202.462
128610 202.538
128620 202.649
128630 202.8
128640 202.996
128650 203.228
128660 203.49
128670 203.774
128680 204.073
128690 204.38
128700 204.685
128710 204.974
128720 205.241
128730 205.485
128740 205.708
128750 205.912
128760 206.104
128770 206.284
128780 206.447
128790 206.584
128800 206.687
128810 206.758
128820 206.809
128830 206.847
128840 206.876
128850 206.906
128860 206.947
128870 207.005
128880 207.076
128890 207.146
128900 207.201
128910 207.243
128920 207.279
128930 207.31
128940 207.328
128950 207.322
128960 207.291
128970 207.241
128980 207.182
128990 207.119
129000 207.059
129010 207.018
129020 207.002
129030 207.013
129040 207.049
129050 207.105
129060 207.166
129070 207.22
129080 207.261
129090 207.281
129100 207.272
129110 207.224
129120 207.148
129130 207.055
129140 206.956
129150 206.868
129160 206.812
129170 206.798
129180 206.825
129190 206.883
129200 206.948
129210 207.004
129220 207.052
129230 207.106
129240 207.161
129250 207.188
129260 207.17
129270 207.122
129280 207.055
129290 206.967
129300 206.86
129310 206.75
129320 206.651
129330 206.566
129340 206.486
129350 206.41
129360 206.345
129370 206.295
129380 206.248
129390 206.195
129400 206.139
129410 206.084
129420 206.02
129430 205.937
129440 205.847
129450 205.765
129460 205.699
129470 205.647
129480 205.608
129490 205.583
129500 205.578
129510 205.588
129520 205.593
129530 205.578
129540 205.545
129550 205.506
129560 205.471
129570 205.443
129580 205.429
129590 205.427
129600 205.436
129610 205.458
129620 205.485
129630 205.509
129640 205.532
129650 205.552
129660 205.553
129670 205.526
129680 205.477
129690 205.417
129700 205.351
129710 205.282
129720 205.212
129730 205.141
129740 205.068
129750 204.994
129760 204.919
129770 204.844
129780 204.77
129790 204.701
129800 204.636
129810 204.573
129820 204.512
129830 204.456
129840 204.405
129850 204.364
129860 204.343
129870 204.345
129880 204.357
129890 204.358
129900 204.338
129910 204.296
129920 204.235
129930 204.162
129940 204.091
129950 204.028
129960 203.977
129970 203.943
129980 203.927
129990 203.926
130000 203.937
130010 203.95
130020 203.962
130030 203.976
130040 203.998
130050 204.031
130060 204.067
130070 204.093
130080 204.113
130090 204.134
130100 204.145
130110 204.129
130120 204.091
130130 204.058
130140 204.043
130150 204.045
130160 204.069
130170 204.119
130180 204.184
130190 204.249
130200 204.318
130210 204.389
130220 204.463
130230 204.55
130240 204.651
130250 204.757
130260 204.87
130270 205
130280 205.141
130290 205.277
130300 205.399
130310 205.509
130320 205.606
130330 205.692
130340 205.768
130350 205.834
130360 205.892
130370 205.948
130380 206.013
130390 206.097
130400 206.198
130410 206.324
130420 206.484
130430 206.677
130440 206.886
130450 207.092
130460 207.284
130470 207.449
130480 207.575
130490 207.663
130500 207.718
130510 207.745
130520 207.746
130530 207.724
130540 207.693
130550 207.666
130560 207.646
130570 207.629
130580 207.612
130590 207.596
130600 207.588
130610 207.607
130620 207.649
130630 207.691
130640 207.719
130650 207.731
130660 207.74
130670 207.754
130680 207.782
130690 207.822
130700 207.872
130710 207.936
130720 208.014
130730 208.099
130740 208.184
130750 208.27
130760 208.358
130770 208.445
130780 208.533
130790 208.624
130800 208.716
130810 208.811
130820 208.914
130830 209.013
130840 209.092
130850 209.14
130860 209.162
130870 209.163
130880 209.153
130890 209.15
130900 209.166
130910 209.197
130920 209.231
130930 209.258
130940 209.275
130950 209.279
130960 209.268
130970 209.244
130980 209.211
130990 209.169
131000 209.12
131010 209.077
131020 209.049
131030 209.036
131040 209.036
131050 209.049
131060 209.065
131070 209.074
131080 209.071
131090 209.065
131100 209.07
131110 209.088
131120 209.111
131130 209.133
131140 209.145
131150 209.152
131160 209.158
131170 209.159
131180 209.148
131190 209.128
131200 209.107
131210 209.092
131220 209.087
131230 209.086
131240 209.078
131250 209.06
131260 209.032
131270 208.991
131280 208.941
131290 208.898
131300 208.869
131310 208.859
131320 208.872
131330 208.908
131340 208.958
131350 209.016
131360 209.08
131370 209.137
131380 209.172
131390 209.186
131400 209.195
131410 209.209
131420 209.225
131430 209.241
131440 209.271
131450 209.328
131460 209.415
131470 209.518
131480 209.614
131490 209.689
131500 209.736
131510 209.749
131520 209.731
131530 209.693
131540 209.64
131550 209.569
131560 209.477
131570 209.371
131580 209.266
131590 209.17
131600 209.096
131610 209.058
131620 209.051
131630 209.064
131640 209.088
131650 209.119
131660 209.144
131670 209.155
131680 209.155
131690 209.16
131700 209.179
131710 209.222
131720 209.295
131730 209.389
131740 209.49
131750 209.59
131760 209.684
131770 209.769
131780 209.844
131790 209.906
131800 209.946
131810 209.964
131820 209.966
131830 209.958
131840 209.953
131850 209.959
131860 209.974
131870 209.996
131880 210.028
131890 210.07
131900 210.117
131910 210.165
131920 210.219
131930 210.279
131940 210.337
131950 210.378
131960 210.392
131970 210.384
131980 210.362
131990 210.333
132000 210.295
132010 210.256
132020 210.214
132030 210.162
132040 210.108
132050 210.077
132060 210.078
132070 210.097
132080 210.118
132090 210.119
132100 210.081
132110 210.003
132120 209.903
132130 209.801
132140 209.705
132150 209.618
132160 209.55
132170 209.506
132180 209.48
132190 209.461
132200 209.444
132210 209.444
132220 209.472
132230 209.519
132240 209.569
132250 209.63
132260 209.713
132270 209.818
132280 209.934
132290 210.062
132300 210.216
132310 210.397
132320 210.589
132330 210.778
132340 210.966
132350 211.145
132360 211.302
132370 211.437
132380 211.548
132390 211.629
132400 211.683
132410 211.713
132420 211.715
132430 211.686
132440 211.629
132450 211.554
132460 211.474
132470 211.394
132480 211.321
132490 211.257
132500 211.199
132510 211.148
132520 211.107
132530 211.066
132540 211.016
132550 210.958
132560 210.897
132570 210.845
132580 210.805
132590 210.767
132600 210.723
132610 210.678
132620 210.647
132630 210.641
132640 210.671
132650 210.737
132660 210.829
132670 210.935
132680 211.055
132690 211.182
132700 211.305
132710 211.414
132720 211.509
132730 211.574
132740 211.592
132750 211.571
132760 211.545
132770 211.534
132780 211.531
132790 211.531
132800 211.546
132810 211.581
132820 211.629
132830 211.672
132840 211.701
132850 211.717
132860 211.718
132870 211.703
132880 211.675
132890 211.634
132900 211.588
132910 211.551
132920 211.521
132930 211.489
132940 211.45
132950 211.416
132960 211.383
132970 211.335
132980 211.269
132990 211.207
133000 211.166
133010 211.147
133020 211.136
133030 211.123
133040 211.1
133050 211.062
133060 211.015
133070 210.961
133080 210.902
133090 210.85
133100 210.808
133110 210.773
133120 210.749
133130 210.747
133140 210.756
133150 210.757
133160 210.755
133170 210.76
133180 210.775
133190 210.798
133200 210.829
133210 210.86
133220 210.88
133230 210.89
133240 210.9
133250 210.908
133260 210.914
133270 210.915
133280 210.906
133290 210.885
133300 210.859
133310 210.827
133320 210.782
133330 210.734
133340 210.698
133350 210.681
133360 210.676
133370 210.687
133380 210.724
133390 210.776
133400 210.814
133410 210.819
133420 210.793
133430 210.735
133440 210.647
133450 210.55
133460 210.475
133470 210.43
133480 210.412
133490 210.417
133500 210.435
133510 210.452
133520 210.465
133530 210.486
133540 210.521
133550 210.577
133560 210.665
133570 210.785
133580 210.915
133590 211.028
133600 211.114
133610 211.171
133620 211.203
133630 211.205
133640 211.176
133650 211.127
133660 211.079
133670 211.045
133680 211.036
133690 211.057
133700 211.096
133710 211.136
133720 211.174
133730 211.201
133740 211.196
133750 211.157
133760 211.106
133770 211.053
133780 210.991
133790 210.913
133800 210.828
133810 210.735
133820 210.628
133830 210.509
133840 210.386
133850 210.263
133860 210.143
133870 210.026
133880 209.913
133890 209.805
133900 209.708
133910 209.615
133920 209.515
133930 209.397
133940 209.262
133950 209.111
133960 208.949
133970 208.781
133980 208.614
133990 208.464
134000 208.338
134010 208.232
134020 208.143
134030 208.072
134040 208.019
134050 207.985
134060 207.967
134070 207.955
134080 207.945
134090 207.937
134100 207.92
134110 207.889
134120 207.865
134130 207.87
134140 207.903
134150 207.962
134160 208.049
134170 208.157
134180 208.273
134190 208.383
134200 208.483
134210 208.575
134220 208.66
134230 208.746
134240 208.841
134250 208.935
134260 209.021
134270 209.089
134280 209.128
134290 209.141
134300 209.147
134310 209.156
134320 209.166
134330 209.169
134340 209.151
134350 209.107
134360 209.04
134370 208.95
134380 208.84
134390 208.722
134400 208.624
134410 208.562
134420 208.524
134430 208.495
134440 208.464
134450 208.426
134460 208.373
134470 208.305
134480 208.223
134490 208.127
134500 208.034
134510 207.955
134520 207.889
134530 207.823
134540 207.754
134550 207.686
134560 207.622
134570 207.56
134580 207.504
134590 207.452
134600 207.406
134610 207.377
134620 207.374
134630 207.403
134640 207.453
134650 207.502
134660 207.536
134670 207.557
134680 207.567
134690 207.563
134700 207.549
134710 207.536
134720 207.529
134730 207.528
134740 207.533
134750 207.55
134760 207.579
134770 207.629
134780 207.701
134790 207.789
134800 207.883
134810 207.976
134820 208.072
134830 208.179
134840 208.294
134850 208.405
134860 208.509
134870 208.611
134880 208.707
134890 208.795
134900 208.874
134910 208.929
134920 208.944
134930 208.92
134940 208.864
134950 208.783
134960 208.677
134970 208.547
134980 208.402
134990 208.255
135000 208.106
135010 207.942
135020 207.761
135030 207.577
135040 207.401
135050 207.236
135060 207.085
135070 206.948
135080 206.829
135090 206.736
135100 206.679
135110 206.657
135120 206.658
135130 206.663
135140 206.652
135150 206.619
135160 206.572
135170 206.519
135180 206.457
135190 206.383
135200 206.301
135210 206.223
135220 206.164
135230 206.138
135240 206.152
135250 206.204
135260 206.278
135270 206.357
135280 206.432
135290 206.498
135300 206.544
135310 206.561
135320 206.545
135330 206.511
135340 206.476
135350 206.444
135360 206.405
135370 206.351
135380 206.275
135390 206.177
135400 206.065
135410 205.948
135420 205.839
135430 205.752
135440 205.692
135450 205.642
135460 205.579
135470 205.503
135480 205.432
135490 205.373
135500 205.318
135510 205.265
135520 205.214
135530 205.161
135540 205.105
135550 205.057
135560 205.027
135570 205.018
135580 205.035
135590 205.075
135600 205.13
135610 205.187
135620 205.242
135630 205.291
135640 205.327
135650 205.346
135660 205.344
135670 205.316
135680 205.271
135690 205.228
135700 205.201
135710 205.2
135720 205.219
135730 205.248
135740 205.281
135750 205.308
135760 205.327
135770 205.342
135780 205.363
135790 205.401
135800 205.456
135810 205.525
135820 205.595
135830 205.658
135840 205.702
135850 205.727
135860 205.74
135870 205.742
135880 205.735
135890 205.733
135900 205.747
135910 205.78
135920 205.833
135930 205.904
135940 205.986
135950 206.069
135960 206.145
135970 206.208
135980 206.258
135990 206.297
136000 206.328
136010 206.349
136020 206.354
136030 206.343
136040 206.322
136050 206.3
136060 206.279
136070 206.253
136080 206.224
136090 206.196
136100 206.176
136110 206.173
136120 206.192
136130 206.224
136140 206.256
136150 206.279
136160 206.293
136170 206.302
136180 206.304
136190 206.293
136200 206.272
136210 206.252
136220 206.237
136230 206.221
136240 206.205
136250 206.185
136260 206.158
136270 206.124
136280 206.092
136290 206.079
136300 206.094
136310 206.132
136320 206.183
136330 206.242
136340 206.307
136350 206.375
136360 206.445
136370 206.51
136380 206.558
136390 206.586
136400 206.603
136410 206.621
136420 206.63
136430 206.616
136440 206.581
136450 206.536
136460 206.487
136470 206.429
136480 206.363
136490 206.295
136500 206.231
136510 206.18
136520 206.159
136530 206.175
136540 206.216
136550 206.266
136560 206.312
136570 206.35
136580 206.377
136590 206.386
136600 206.375
136610 206.354
136620 206.328
136630 206.292
136640 206.247
136650 206.2
136660 206.151
136670 206.094
136680 206.031
136690 205.968
136700 205.909
136710 205.851
136720 205.786
136730 205.717
136740 205.657
136750 205.609
136760 205.574
136770 205.557
136780 205.555
136790 205.557
136800 205.554
136810 205.538
136820 205.505
136830 205.465
136840 205.422
136850 205.379
136860 205.341
136870 205.322
136880 205.333
136890 205.371
136900 205.427
136910 205.493
136920 205.555
136930 205.605
136940 205.64
136950 205.661
136960 205.674
136970 205.687
136980 205.701
136990 205.711
137000 205.72
137010 205.732
137020 205.753
137030 205.79
137040 205.838
137050 205.887
137060 205.93
137070 205.98
137080 206.042
137090 206.108
137100 206.178
137110 206.264
137120 206.386
137130 206.546
137140 206.723
137150 206.887
137160 207.021
137170 207.119
137180 207.183
137190 207.216
137200 207.228
137210 207.224
137220 207.203
137230 207.168
137240 207.129
137250 207.096
137260 207.065
137270 207.031
137280 206.997
137290 206.968
137300 206.941
137310 206.907
137320 206.867
137330 206.825
137340 206.783
137350 206.742
137360 206.705
137370 206.661
137380 206.592
137390 206.497
137400 206.39
137410 206.287
137420 206.195
137430 206.115
137440 206.045
137450 205.988
137460 205.941
137470 205.895
137480 205.841
137490 205.768
137500 205.661
137510 205.524
137520 205.379
137530 205.24
137540 205.109
137550 204.992
137560 204.896
137570 204.812
137580 204.723
137590 204.63
137600 204.547
137610 204.483
137620 204.437
137630 204.404
137640 204.387
137650 204.397
137660 204.438
137670 204.505
137680 204.592
137690 204.692
137700 204.795
137710 204.892
137720 204.978
137730 205.057
137740 205.128
137750 205.186
137760 205.226
137770 205.267
137780 205.323
137790 205.401
137800 205.49
137810 205.579
137820 205.648
137830 205.681
137840 205.67
137850 205.63
137860 205.579
137870 205.521
137880 205.452
137890 205.374
137900 205.297
137910 205.233
137920 205.19
137930 205.167
137940 205.164
137950 205.184
137960 205.233
137970 205.309
137980 205.394
137990 205.462
138000 205.501
138010 205.521
138020 205.554
138030 205.616
138040 205.703
138050 205.812
138060 205.938
138070 206.067
138080 206.178
138090 206.258
138100 206.304
138110 206.311
138120 206.278
138130 206.213
138140 206.13
138150 206.046
138160 205.971
138170 205.905
138180 205.85
138190 205.815
138200 205.804
138210 205.816
138220 205.844
138230 205.877
138240 205.895
138250 205.892
138260 205.876
138270 205.848
138280 205.81
138290 205.764
138300 205.712
138310 205.652
138320 205.586
138330 205.516
138340 205.442
138350 205.365
138360 205.286
138370 205.206
138380 205.118
138390 205.019
138400 204.915
138410 204.827
138420 204.774
138430 204.761
138440 204.783
138450 204.836
138460 204.921
138470 205.033
138480 205.158
138490 205.279
138500 205.374
138510 205.431
138520 205.452
138530 205.447
138540 205.432
138550 205.418
138560 205.409
138570 205.404
138580 205.395
138590 205.376
138600 205.36
138610 205.358
138620 205.374
138630 205.408
138640 205.467
138650 205.552
138660 205.648
138670 205.738
138680 205.817
138690 205.886
138700 205.937
138710 205.962
138720 205.972
138730 205.983
138740 205.998
138750 206.013
138760 206.031
138770 206.056
138780 206.091
138790 206.147
138800 206.237
138810 206.356
138820 206.482
138830 206.602
138840 206.705
138850 206.777
138860 206.82
138870 206.851
138880 206.888
138890 206.94
138900 207.017
138910 207.133
138920 207.298
138930 207.505
138940 207.729
138950 207.941
138960 208.121
138970 208.257
138980 208.335
138990 208.358
139000 208.338
139010 208.286
139020 208.216
139030 208.146
139040 208.087
139050 208.046
139060 208.038
139070 208.072
139080 208.138
139090 208.229
139100 208.348
139110 208.493
139120 208.641
139130 208.78
139140 208.914
139150 209.043
139160 209.158
139170 209.255
139180 209.35
139190 209.454
139200 209.558
139210 209.648
139220 209.719
139230 209.77
139240 209.801
139250 209.823
139260 209.846
139270 209.873
139280 209.892
139290 209.905
139300 209.93
139310 209.963
139320 209.981
139330 209.984
139340 209.99
139350 210.007
139360 210.025
139370 210.051
139380 210.102
139390 210.172
139400 210.23
139410 210.258
139420 210.255
139430 210.238
139440 210.225
139450 210.223
139460 210.238
139470 210.271
139480 210.315
139490 210.355
139500 210.387
139510 210.419
139520 210.468
139530 210.539
139540 210.626
139550 210.715
139560 210.789
139570 210.839
139580 210.874
139590 210.899
139600 210.914
139610 210.917
139620 210.923
139630 210.95
139640 210.998
139650 211.049
139660 211.088
139670 211.099
139680 211.074
139690 211.012
139700 210.925
139710 210.827
139720 210.726
139730 210.625
139740 210.528
139750 210.443
139760 210.373
139770 210.32
139780 210.283
139790 210.251
139800 210.215
139810 210.181
139820 210.167
139830 210.18
139840 210.215
139850 210.273
139860 210.35
139870 210.436
139880 210.52
139890 210.598
139900 210.668
139910 210.723
139920 210.751
139930 210.748
139940 210.726
139950 210.708
139960 210.707
139970 210.726
139980 210.759
139990 210.798
140000 210.842
140010 210.901
140020 210.981
140030 211.076
140040 211.183
140050 211.311
140060 211.453
140070 211.585
140080 211.687
140090 211.749
140100 211.774
140110 211.775
140120 211.755
140130 211.721
140140 211.684
140150 211.651
140160 211.614
140170 211.56
140180 211.495
140190 211.434
140200 211.388
140210 211.363
140220 211.364
140230 211.383
140240 211.403
140250 211.412
140260 211.414
140270 211.413
140280 211.406
140290 211.382
140300 211.337
140310 211.281
140320 211.229
140330 211.186
140340 211.144
140350 211.101
140360 211.06
140370 211.023
140380 210.986
140390 210.949
140400 210.921
140410 210.915
140420 210.941
140430 211.003
140440 211.098
140450 211.227
140460 211.388
140470 211.565
140480 211.746
140490 211.926
140500 212.096
140510 212.242
140520 212.365
140530 212.479
140540 212.595
140550 212.715
140560 212.837
140570 212.957
140580 213.07
140590 213.18
140600 213.29
140610 213.391
140620 213.477
140630 213.554
140640 213.624
140650 213.675
140660 213.693
140670 213.685
140680 213.67
140690 213.666
140700 213.673
140710 213.689
140720 213.709
140730 213.723
140740 213.719
140750 213.702
140760 213.676
140770 213.633
140780 213.557
140790 213.454
140800 213.348
140810 213.254
140820 213.17
140830 213.097
140840 213.046
140850 213.02
140860 213.015
140870 213.034
140880 213.076
140890 213.127
140900 213.169
140910 213.195
140920 213.212
140930 213.222
140940 213.216
140950 213.181
140960 213.113
140970 213.021
140980 212.918
140990 212.81
141000 212.702
141010 212.606
141020 212.529
141030 212.471
141040 212.435
141050 212.432
141060 212.469
141070 212.543
141080 212.636
141090 212.728
141100 212.797
141110 212.834
141120 212.85
141130 212.855
141140 212.855
141150 212.859
141160 212.879
141170 212.924
141180 212.987
141190 213.055
141200 213.116
141210 213.162
141220 213.198
141230 213.235
141240 213.276
141250 213.311
141260 213.33
141270 213.337
141280 213.332
141290 213.307
141300 213.257
141310 213.191
141320 213.128
141330 213.081
141340 213.048
141350 213.027
141360 213.021
141370 213.041
141380 213.095
141390 213.184
141400 213.303
141410 213.446
141420 213.595
141430 213.725
141440 213.826
141450 213.901
141460 213.962
141470 214.011
141480 214.047
141490 214.057
141500 214.035
141510 213.979
141520 213.897
141530 213.809
141540 213.727
141550 213.653
141560 213.586
141570 213.549
141580 213.56
141590 213.611
141600 213.688
141610 213.79
141620 213.905
141630 214.019
141640 214.114
141650 214.187
141660 214.247
141670 214.305
141680 214.365
141690 214.428
141700 214.488
141710 214.542
141720 214.596
141730 214.654
141740 214.717
141750 214.781
141760 214.842
141770 214.896
141780 214.937
141790 214.958
141800 214.962
141810 214.954
141820 214.949
141830 214.955
141840 214.969
141850 214.985
141860 215.006
141870 215.036
141880 215.075
141890 215.116
141900 215.158
141910 215.212
141920 215.283
141930 215.371
141940 215.49
141950 215.651
141960 215.843
141970 216.029
141980 216.183
141990 216.301
142000 216.391
142010 216.455
142020 216.497
142030 216.521
142040 216.537
142050 216.543
142060 216.521
142070 216.466
142080 216.391
142090 216.309
142100 216.227
142110 216.158
142120 216.111
142130 216.085
142140 216.068
142150 216.058
142160 216.058
142170 216.063
142180 216.07
142190 216.081
142200 216.104
142210 216.14
142220 216.176
142230 216.201
142240 216.223
142250 216.247
142260 216.258
142270 216.24
142280 216.207
142290 216.179
142300 216.166
142310 216.17
142320 216.193
142330 216.229
142340 216.274
142350 216.327
142360 216.388
142370 216.456
142380 216.521
142390 216.573
142400 216.606
142410 216.623
142420 216.618
142430 216.584
142440 216.518
142450 216.435
142460 216.352
142470 216.278
142480 216.216
142490 216.166
142500 216.133
142510 216.123
142520 216.13
142530 216.145
142540 216.168
142550 216.21
142560 216.275
142570 216.348
142580 216.413
142590 216.476
142600 216.542
142610 216.611
142620 216.691
142630 216.788
142640 216.898
142650 217.014
142660 217.135
142670 217.263
142680 217.396
142690 217.523
142700 217.639
142710 217.735
142720 217.811
142730 217.886
142740 217.981
142750 218.087
142760 218.193
142770 218.304
142780 218.429
142790 218.569
142800 218.71
142810 218.835
142820 218.94
142830 219.03
142840 219.107
142850 219.174
142860 219.233
142870 219.288
142880 219.343
142890 219.409
142900 219.485
142910 219.563
142920 219.635
142930 219.696
142940 219.746
142950 219.778
142960 219.794
142970 219.801
142980 219.807
142990 219.821
143000 219.856
143010 219.923
143020 220.022
143030 220.136
143040 220.256
143050 220.388
143060 220.53
143070 220.666
143080 220.784
143090 220.878
143100 220.952
143110 221.008
143120 221.056
143130 221.102
143140 221.15
143150 221.194
143160 221.227
143170 221.253
143180 221.287
143190 221.332
143200 221.38
143210 221.433
143220 221.49
143230 221.541
143240 221.567
143250 221.561
143260 221.53
143270 221.478
143280 221.411
143290 221.336
143300 221.255
143310 221.164
143320 221.059
143330 220.948
143340 220.837
143350 220.719
143360 220.594
143370 220.479
143380 220.386
143390 220.312
143400 220.25
143410 220.194
143420 220.134
143430 220.065
143440 219.993
143450 219.918
143460 219.84
143470 219.765
143480 219.707
143490 219.676
143500 219.669
143510 219.685
143520 219.721
143530 219.776
143540 219.849
143550 219.938
143560 220.043
143570 220.159
143580 220.288
143590 220.434
143600 220.595
143610 220.766
143620 220.939
143630 221.112
143640 221.282
143650 221.443
143660 221.588
143670 221.707
143680 221.801
143690 221.876
143700 221.927
143710 221.95
143720 221.954
143730 221.958
143740 221.974
143750 221.998
143760 222.021
143770 222.045
143780 222.075
143790 222.112
143800 222.159
143810 222.219
143820 222.294
143830 222.386
143840 222.487
143850 222.582
143860 222.659
143870 222.719
143880 222.767
143890 222.802
143900 222.822
143910 222.837
143920 222.855
143930 222.878
143940 222.905
143950 222.936
143960 222.964
143970 222.989
143980 223.008
143990 223.019
144000 223.025
144010 223.041
144020 223.078
144030 223.133
144040 223.193
144050 223.259
144060 223.333
144070 223.411
144080 223.484
144090 223.546
144100 223.592
144110 223.62
144120 223.643
144130 223.668
144140 223.683
144150 223.674
144160 223.64
144170 223.592
144180 223.548
144190 223.518
144200 223.5
144210 223.494
144220 223.508
144230 223.55
144240 223.615
144250 223.682
144260 223.733
144270 223.776
144280 223.826
144290 223.88
144300 223.921
144310 223.943
144320 223.948
144330 223.941
144340 223.926
144350 223.916
144360 223.919
144370 223.931
144380 223.946
144390 223.946
144400 223.913
144410 223.844
144420 223.75
144430 223.638
144440 223.507
144450 223.36
144460 223.203
144470 223.037
144480 222.865
144490 222.697
144500 222.547
144510 222.428
144520 222.349
144530 222.313
144540 222.301
144550 222.301
144560 222.319
144570 222.363
144580 222.424
144590 222.487
144600 222.559
144610 222.646
144620 222.752
144630 222.879
144640 223.025
144650 223.177
144660 223.313
144670 223.423
144680 223.509
144690 223.58
144700 223.642
144710 223.696
144720 223.742
144730 223.783
144740 223.817
144750 223.836
144760 223.835
144770 223.815
144780 223.774
144790 223.706
144800 223.617
144810 223.541
144820 223.506
144830 223.505
144840 223.525
144850 223.566
144860 223.63
144870 223.704
144880 223.78
144890 223.857
144900 223.935
144910 224.007
144920 224.077
144930 224.151
144940 224.239
144950 224.358
144960 224.493
144970 224.6
144980 224.636
144990 224.597
145000 224.506
145010 224.375
145020 224.228
145030 224.093
145040 223.989
145050 223.922
145060 223.889
145070 223.879
145080 223.879
145090 223.872
145100 223.858
145110 223.857
145120 223.877
145130 223.902
145140 223.913
145150 223.908
145160 223.908
145170 223.924
145180 223.96
145190 224.02
145200 224.101
145210 224.189
145220 224.266
145230 224.323
145240 224.351
145250 224.344
145260 224.303
145270 224.233
145280 224.141
145290 224.043
145300 223.962
145310 223.908
145320 223.874
145330 223.85
145340 223.831
145350 223.808
145360 223.772
145370 223.726
145380 223.672
145390 223.602
145400 223.512
145410 223.413
145420 223.314
145430 223.223
145440 223.149
145450 223.1
145460 223.076
145470 223.075
145480 223.103
145490 223.171
145500 223.276
145510 223.406
145520 223.535
145530 223.648
145540 223.735
145550 223.794
145560 223.832
145570 223.864
145580 223.903
145590 223.948
145600 223.993
145610 224.042
145620 224.109
145630 224.196
145640 224.299
145650 224.413
145660 224.529
145670 224.629
145680 224.695
145690 224.728
145700 224.732
145710 224.708
145720 224.662
145730 224.599
145740 224.52
145750 224.425
145760 224.319
145770 224.222
145780 224.154
145790 224.124
145800 224.123
145810 224.14
145820 224.172
145830 224.205
145840 224.224
145850 224.223
145860 224.199
145870 224.147
145880 224.079
145890 224.018
145900 223.973
145910 223.936
145920 223.904
145930 223.88
145940 223.865
145950 223.857
145960 223.85
145970 223.839
145980 223.824
145990 223.819
146000 223.845
146010 223.905
146020 223.994
146030 224.108
146040 224.237
146050 224.364
146060 224.478
146070 224.57
146080 224.636
146090 224.685
146100 224.734
146110 224.801
146120 224.897
146130 225.02
146140 225.171
146150 225.353
146160 225.553
146170 225.755
146180 225.943
146190 226.106
146200 226.24
146210 226.347
146220 226.427
146230 226.481
146240 226.513
146250 226.519
146260 226.49
146270 226.428
146280 226.344
146290 226.251
146300 226.15
146310 226.05
146320 225.965
146330 225.902
146340 225.859
146350 225.837
146360 225.844
146370 225.879
146380 225.943
146390 226.035
146400 226.15
146410 226.285
146420 226.441
146430 226.619
146440 226.817
146450 227.023
146460 227.22
146470 227.398
146480 227.554
146490 227.686
146500 227.79
146510 227.86
146520 227.898
146530 227.914
146540 227.919
146550 227.915
146560 227.905
146570 227.903
146580 227.922
146590 227.961
146600 228.008
146610 228.059
146620 228.109
146630 228.165
146640 228.238
146650 228.342
146660 228.477
146670 228.624
146680 228.765
146690 228.889
146700 228.982
146710 229.04
146720 229.074
146730 229.102
146740 229.145
146750 229.206
146760 229.279
146770 229.353
146780 229.424
146790 229.489
146800 229.552
146810 229.62
146820 229.7
146830 229.79
146840 229.883
146850 229.971
146860 230.06
146870 230.154
146880 230.246
146890 230.328
146900 230.406
146910 230.482
146920 230.551
146930 230.604
146940 230.632
146950 230.637
146960 230.627
146970 230.608
146980 230.578
146990 230.547
147000 230.529
147010 230.54
147020 230.586
147030 230.664
147040 230.764
147050 230.878
147060 231.01
147070 231.167
147080 231.339
147090 231.512
147100 231.674
147110 231.822
147120 231.961
147130 232.092
147140 232.204
147150 232.29
147160 232.349
147170 232.383
147180 232.401
147190 232.412
147200 232.429
147210 232.457
147220 232.485
147230 232.498
147240 232.496
147250 232.486
147260 232.467
147270 232.442
147280 232.426
147290 232.432
147300 232.46
147310 232.497
147320 232.531
147330 232.555
147340 232.572
147350 232.58
147360 232.582
147370 232.583
147380 232.584
147390 232.591
147400 232.608
147410 232.631
147420 232.66
147430 232.696
147440 232.742
147450 232.794
147460 232.839
147470 232.872
147480 232.902
147490 232.937
147500 232.97
147510 232.999
147520 233.026
147530 233.055
147540 233.097
147550 233.157
147560 233.221
147570 233.264
147580 233.28
147590 233.271
147600 233.227
147610 233.14
147620 233.015
147630 232.868
147640 232.71
147650 232.55
147660 232.401
147670 232.272
147680 232.152
147690 232.027
147700 231.893
147710 231.758
147720 231.634
147730 231.524
147740 231.432
147750 231.363
147760 231.31
147770 231.266
147780 231.233
147790 231.212
147800 231.206
147810 231.217
147820 231.25
147830 231.308
147840 231.39
147850 231.487
147860 231.585
147870 231.663
147880 231.698
147890 231.694
147900 231.659
147910 231.607
147920 231.553
147930 231.511
147940 231.48
147950 231.453
147960 231.43
147970 231.412
147980 231.401
147990 231.401
148000 231.418
148010 231.456
148020 231.516
148030 231.597
148040 231.695
148050 231.795
148060 231.887
148070 231.971
148080 232.048
148090 232.123
148100 232.208
148110 232.318
148120 232.45
148130 232.588
148140 232.714
148150 232.818
148160 232.901
148170 232.975
148180 233.045
148190 233.125
148200 233.231
148210 233.371
148220 233.536
148230 233.715
148240 233.894
148250 234.061
148260 234.218
148270 234.37
148280 234.516
148290 234.655
148300 234.799
148310 234.957
148320 235.118
148330 235.264
148340 235.393
148350 235.508
148360 235.605
148370 235.682
148380 235.748
148390 235.809
148400 235.862
148410 235.9
148420 235.925
148430 235.947
148440 235.977
148450 236.013
148460 236.057
148470 236.119
148480 236.197
148490 236.282
148500 236.364
148510 236.441
148520 236.52
148530 236.592
148540 236.638
148550 236.648
148560 236.621
148570 236.569
148580 236.503
148590 236.433
148600 236.361
148610 236.3
148620 236.265
148630 236.259
148640 236.277
148650 236.295
148660 236.297
148670 236.282
148680 236.26
148690 236.243
148700 236.24
148710 236.249
148720 236.262
148730 236.272
148740 236.269
148750 236.25
148760 236.219
148770 236.186
148780 236.155
148790 236.126
148800 236.106
148810 236.102
148820 236.117
148830 236.136
148840 236.151
148850 236.156
148860 236.148
148870 236.122
148880 236.082
148890 236.023
148900 235.945
148910 235.859
148920 235.772
148930 235.674
148940 235.551
148950 235.399
148960 235.229
148970 235.049
148980 234.86
148990 234.673
149000 234.499
149010 234.342
149020 234.206
149030 234.097
149040 234.012
149050 233.94
149060 233.871
149070 233.803
149080 233.738
149090 233.67
149100 233.598
149110 233.525
149120 233.454
149130 233.384
149140 233.318
149150 233.264
149160 233.226
149170 233.205
149180 233.207
149190 233.236
149200 233.301
149210 233.398
149220 233.506
149230 233.604
149240 233.686
149250 233.755
149260 233.818
149270 233.888
149280 233.978
149290 234.093
149300 234.226
149310 234.359
149320 234.472
149330 234.556
149340 234.61
149350 234.635
149360 234.63
149370 234.597
149380 234.544
149390 234.489
149400 234.457
149410 234.461
149420 234.498
149430 234.561
149440 234.648
149450 234.749
149460 234.847
149470 234.933
149480 235.004
149490 235.053
149500 235.083
149510 235.103
149520 235.122
149530 235.149
149540 235.197
149550 235.271
149560 235.375
149570 235.517
149580 235.698
149590 235.905
149600 236.119
149610 236.333
149620 236.546
149630 236.743
149640 236.909
149650 237.044
149660 237.156
149670 237.245
149680 237.3
149690 237.325
149700 237.343
149710 237.379
149720 237.436
149730 237.514
149740 237.614
149750 237.727
149760 237.84
149770 237.943
149780 238.036
149790 238.126
149800 238.227
149810 238.347
149820 238.478
149830 238.599
149840 238.697
149850 238.767
149860 238.815
149870 238.847
149880 238.875
149890 238.915
149900 238.98
149910 239.066
149920 239.156
149930 239.243
149940 239.336
149950 239.438
149960 239.551
149970 239.675
149980 239.802
149990 239.919
150000 240.014
150010 240.08
150020 240.113
150030 240.121
150040 240.113
150050 240.092
150060 240.061
150070 240.027
150080 240
150090 239.977
150100 239.954
150110 239.941
150120 239.948
150130 239.983
150140 240.042
150150 240.112
150160 240.183
150170 240.259
150180 240.349
150190 240.445
150200 240.534
150210 240.619
150220 240.696
150230 240.754
150240 240.782
150250 240.789
150260 240.793
150270 240.801
150280 240.809
150290 240.82
150300 240.841
150310 240.867
150320 240.906
150330 240.964
150340 241.034
150350 241.098
150360 241.155
150370 241.204
150380 241.244
150390 241.277
150400 241.293
150410 241.282
150420 241.245
150430 241.194
150440 241.137
150450 241.082
150460 241.038
150470 241.007
150480 240.986
150490 240.978
150500 240.989
150510 241.013
150520 241.03
150530 241.026
150540 240.998
150550 240.953
150560 240.905
150570 240.857
150580 240.808
150590 240.761
150600 240.728
150610 240.709
150620 240.689
150630 240.66
150640 240.628
150650 240.602
150660 240.585
150670 240.574
150680 240.564
150690 240.546
150700 240.513
150710 240.469
150720 240.418
150730 240.361
150740 240.302
150750 240.248
150760 240.192
150770 240.121
150780 240.038
150790 239.964
150800 239.911
150810 239.873
150820 239.848
150830 239.839
150840 239.852
150850 239.885
150860 239.936
150870 239.993
150880 240.039
150890 240.064
150900 240.067
150910 240.058
150920 240.06
150930 240.074
150940 240.086
150950 240.09
150960 240.089
150970 240.077
150980 240.054
150990 240.026
151000 240.003
151010 239.986
151020 239.966
151030 239.933
151040 239.888
151050 239.839
151060 239.783
151070 239.724
151080 239.676
151090 239.655
151100 239.661
151110 239.683
151120 239.71
151130 239.732
151140 239.744
151150 239.748
151160 239.726
151170 239.647
151180 239.5
151190 239.299
151200 239.067
151210 238.835
151220 238.62
151230 238.428
151240 238.262
151250 238.126
151260 238.021
151270 237.936
151280 237.866
151290 237.815
151300 237.776
151310 237.74
151320 237.708
151330 237.69
151340 237.687
151350 237.69
151360 237.694
151370 237.704
151380 237.726
151390 237.771
151400 237.848
151410 237.944
151420 238.043
151430 238.14
151440 238.238
151450 238.333
151460 238.421
151470 238.501
151480 238.569
151490 238.633
151500 238.711
151510 238.808
151520 238.916
151530 239.034
151540 239.164
151550 239.297
151560 239.422
151570 239.543
151580 239.662
151590 239.771
151600 239.853
151610 239.912
151620 239.963
151630 240.008
151640 240.038
151650 240.057
151660 240.074
151670 240.093
151680 240.108
151690 240.112
151700 240.104
151710 240.09
151720 240.074
151730 240.059
151740 240.051
151750 240.06
151760 240.086
151770 240.115
151780 240.138
151790 240.154
151800 240.169
151810 240.185
151820 240.201
151830 240.206
151840 240.192
151850 240.154
151860 240.101
151870 240.043
151880 239.975
151890 239.89
151900 239.789
151910 239.68
151920 239.567
151930 239.45
151940 239.337
151950 239.243
151960 239.182
151970 239.162
151980 239.186
151990 239.251
152000 239.349
152010 239.469
152020 239.601
152030 239.739
152040 239.872
152050 239.991
152060 240.095
152070 240.197
152080 240.301
152090 240.395
152100 240.471
152110 240.535
152120 240.599
152130 240.673
152140 240.763
152150 240.87
152160 240.983
152170 241.091
152180 241.188
152190 241.265
152200 241.318
152210 241.355
152220 241.383
152230 241.397
152240 241.398
152250 241.394
152260 241.387
152270 241.376
152280 241.361
152290 241.355
152300 241.365
152310 241.398
152320 241.443
152330 241.473
152340 241.466
152350 241.424
152360 241.355
152370 241.266
152380 241.169
152390 241.084
152400 241.022
152410 240.976
152420 240.933
152430 240.895
152440 240.881
152450 240.89
152460 240.905
152470 240.911
152480 240.908
152490 240.91
152500 240.935
152510 240.989
152520 241.066
152530 241.151
152540 241.233
152550 241.309
152560 241.381
152570 241.454
152580 241.527
152590 241.599
152600 241.665
152610 241.725
152620 241.782
152630 241.847
152640 241.929
152650 242.022
152660 242.105
152670 242.151
152680 242.162
152690 242.164
152700 242.168
152710 242.17
152720 242.166
152730 242.149
152740 242.111
152750 242.049
152760 241.97
152770 241.881
152780 241.782
152790 241.677
152800 241.587
152810 241.531
152820 241.514
152830 241.521
152840 241.545
152850 241.584
152860 241.641
152870 241.712
152880 241.786
152890 241.851
152900 241.91
152910 241.976
152920 242.052
152930 242.122
152940 242.173
152950 242.206
152960 242.229
152970 242.242
152980 242.25
152990 242.255
153000 242.262
153010 242.282
153020 242.319
153030 242.38
153040 242.465
153050 242.568
153060 242.68
153070 242.798
153080 242.924
153090 243.058
153100 243.184
153110 243.276
153120 243.332
153130 243.373
153140 243.429
153150 243.506
153160 243.593
153170 243.679
153180 243.757
153190 243.816
153200 243.85
153210 243.861
153220 243.856
153230 243.835
153240 243.797
153250 243.748
153260 243.702
153270 243.665
153280 243.634
153290 243.603
153300 243.573
153310 243.541
153320 243.507
153330 243.464
153340 243.403
153350 243.325
153360 243.242
153370 243.169
153380 243.107
153390 243.064
153400 243.052
153410 243.081
153420 243.147
153430 243.232
153440 243.333
153450 243.441
153460 243.528
153470 243.575
153480 243.591
153490 243.584
153500 243.561
153510 243.53
153520 243.509
153530 243.509
153540 243.533
153550 243.584
153560 243.66
153570 243.76
153580 243.874
153590 243.99
153600 244.107
153610 244.225
153620 244.338
153630 244.439
153640 244.521
153650 244.575
153660 244.593
153670 244.58
153680 244.545
153690 244.502
153700 244.452
153710 244.403
153720 244.379
153730 244.396
153740 244.444
153750 244.503
153760 244.561
153770 244.607
153780 244.625
153790 244.617
153800 244.593
153810 244.555
153820 244.512
153830 244.489
153840 244.504
153850 244.544
153860 244.595
153870 244.649
153880 244.699
153890 244.728
153900 244.735
153910 244.727
153920 244.713
153930 244.7
153940 244.694
153950 244.706
153960 244.743
153970 244.803
153980 244.878
153990 244.969
154000 245.073
154010 245.179
154020 245.275
154030 245.368
154040 245.463
154050 245.551
154060 245.62
154070 245.673
154080 245.716
154090 245.747
154100 245.758
154110 245.753
154120 245.748
154130 245.75
154140 245.745
154150 245.721
154160 245.683
154170 245.641
154180 245.597
154190 245.544
154200 245.482
154210 245.41
154220 245.321
154230 245.217
154240 245.113
154250 245.023
154260 244.947
154270 244.878
154280 244.815
154290 244.757
154300 244.704
154310 244.652
154320 244.598
154330 244.532
154340 244.447
154350 244.361
154360 244.302
154370 244.286
154380 244.314
154390 244.372
154400 244.444
154410 244.512
154420 244.569
154430 244.611
154440 244.64
154450 244.667
154460 244.71
154470 244.775
154480 244.864
154490 244.973
154500 245.092
154510 245.212
154520 245.321
154530 245.402
154540 245.444
154550 245.455
154560 245.449
154570 245.438
154580 245.443
154590 245.474
154600 245.527
154610 245.59
154620 245.659
154630 245.735
154640 245.824
154650 245.924
154660 246.028
154670 246.12
154680 246.189
154690 246.231
154700 246.248
154710 246.249
154720 246.248
154730 246.254
154740 246.265
154750 246.267
154760 246.248
154770 246.211
154780 246.156
154790 246.081
154800 245.999
154810 245.926
154820 245.869
154830 245.829
154840 245.802
154850 245.783
154860 245.756
154870 245.71
154880 245.65
154890 245.596
154900 245.565
154910 245.553
154920 245.555
154930 245.56
154940 245.552
154950 245.514
154960 245.452
154970 245.384
154980 245.315
154990 245.242
155000 245.165
155010 245.096
155020 245.046
155030 245.027
155040 245.032
155050 245.05
155060 245.08
155070 245.135
155080 245.218
155090 245.325
155100 245.45
155110 245.591
155120 245.74
155130 245.883
155140 246.019
155150 246.16
155160 246.315
155170 246.488
155180 246.681
155190 246.884
155200 247.081
155210 247.26
155220 247.418
155230 247.561
155240 247.685
155250 247.777
155260 247.834
155270 247.872
155280 247.891
155290 247.9
155300 247.914
155310 247.945
155320 247.99
155330 248.033
155340 248.063
155350 248.067
155360 248.04
155370 247.986
155380 247.905
155390 247.797
155400 247.661
155410 247.496
155420 247.311
155430 247.121
155440 246.936
155450 246.766
155460 246.624
155470 246.523
155480 246.459
155490 246.411
155500 246.363
155510 246.31
155520 246.254
155530 246.191
155540 246.115
155550 246.019
155560 245.896
155570 245.755
155580 245.619
155590 245.492
155600 245.37
155610 245.27
155620 245.212
155630 245.197
155640 245.211
155650 245.244
155660 245.288
155670 245.326
155680 245.343
155690 245.336
155700 245.311
155710 245.264
155720 245.186
155730 245.079
155740 244.966
155750 244.871
155760 244.795
155770 244.73
155780 244.672
155790 244.622
155800 244.582
155810 244.551
155820 244.537
155830 244.543
155840 244.558
155850 244.574
155860 244.601
155870 244.64
155880 244.671
155890 244.691
155900 244.729
155910 244.803
155920 244.899
155930 245.002
155940 245.116
155950 245.229
155960 245.322
155970 245.395
155980 245.459
155990 245.505
156000 245.516
156010 245.494
156020 245.465
156030 245.446
156040 245.436
156050 245.426
156060 245.41
156070 245.386
156080 245.357
156090 245.323
156100 245.292
156110 245.278
156120 245.292
156130 245.325
156140 245.361
156150 245.405
156160 245.47
156170 245.552
156180 245.631
156190 245.698
156200 245.751
156210 245.791
156220 245.817
156230 245.832
156240 245.828
156250 245.799
156260 245.757
156270 245.718
156280 245.688
156290 245.663
156300 245.637
156310 245.615
156320 245.606
156330 245.614
156340 245.629
156350 245.637
156360 245.626
156370 245.583
156380 245.505
156390 245.402
156400 245.284
156410 245.159
156420 245.032
156430 244.907
156440 244.79
156450 244.687
156460 244.597
156470 244.51
156480 244.424
156490 244.347
156500 244.272
156510 244.179
156520 244.065
156530 243.948
156540 243.853
156550 243.791
156560 243.758
156570 243.757
156580 243.786
156590 243.833
156600 243.887
156610 243.943
156620 243.996
156630 244.05
156640 244.116
156650 244.211
156660 244.34
156670 244.491
156680 244.644
156690 244.79
156700 244.917
156710 245.012
156720 245.076
156730 245.125
156740 245.169
156750 245.209
156760 245.236
156770 245.251
156780 245.273
156790 245.322
156800 245.394
156810 245.472
156820 245.553
156830 245.633
156840 245.709
156850 245.769
156860 245.806
156870 245.823
156880 245.836
156890 245.855
156900 245.875
156910 245.883
156920 245.869
156930 245.821
156940 245.737
156950 245.626
156960 245.507
156970 245.397
156980 245.317
156990 245.277
157000 245.272
157010 245.289
157020 245.317
157030 245.348
157040 245.372
157050 245.382
157060 245.392
157070 245.417
157080 245.455
157090 245.493
157100 245.519
157110 245.54
157120 245.571
157130 245.612
157140 245.649
157150 245.676
157160 245.699
157170 245.723
157180 245.747
157190 245.776
157200 245.811
157210 245.837
157220 245.844
157230 245.828
157240 245.798
157250 245.754
157260 245.697
157270 245.624
157280 245.539
157290 245.459
157300 245.396
157310 245.346
157320 245.302
157330 245.261
157340 245.218
157350 245.171
157360 245.129
157370 245.097
157380 245.062
157390 245.008
157400 244.941
157410 244.885
157420 244.86
157430 244.87
157440 244.902
157450 244.939
157460 244.982
157470 245.032
157480 245.076
157490 245.105
157500 245.112
157510 245.095
157520 245.052
157530 244.99
157540 244.921
157550 244.851
157560 244.787
157570 244.737
157580 244.698
157590 244.659
157600 244.617
157610 244.582
157620 244.561
157630 244.552
157640 244.548
157650 244.548
157660 244.547
157670 244.534
157680 244.51
157690 244.492
157700 244.482
157710 244.47
157720 244.464
157730 244.48
157740 244.521
157750 244.577
157760 244.634
157770 244.695
157780 244.779
157790 244.893
157800 245.034
157810 245.188
157820 245.346
157830 245.509
157840 245.679
157850 245.846
157860 245.994
157870 246.118
157880 246.214
157890 246.271
157900 246.288
157910 246.267
157920 246.218
157930 246.159
157940 246.1
157950 246.04
157960 245.971
157970 245.891
157980 245.805
157990 245.711
158000 245.611
158010 245.511
158020 245.415
158030 245.327
158040 245.248
158050 245.173
158060 245.105
158070 245.056
158080 245.038
158090 245.043
158100 245.053
158110 245.055
158120 245.047
158130 245.045
158140 245.075
158150 245.15
158160 245.263
158170 245.402
158180 245.555
158190 245.721
158200 245.911
158210 246.139
158220 246.397
158230 246.66
158240 246.905
158250 247.131
158260 247.349
158270 247.554
158280 247.721
158290 247.829
158300 247.878
158310 247.886
158320 247.877
158330 247.859
158340 247.836
158350 247.829
158360 247.862
158370 247.938
158380 248.036
158390 248.138
158400 248.244
158410 248.355
158420 248.469
158430 248.572
158440 248.651
158450 248.712
158460 248.771
158470 248.83
158480 248.886
158490 248.946
158500 249.012
158510 249.082
158520 249.145
158530 249.198
158540 249.238
158550 249.265
158560 249.287
158570 249.308
158580 249.327
158590 249.351
158600 249.387
158610 249.432
158620 249.478
158630 249.522
158640 249.556
158650 249.579
158660 249.602
158670 249.632
158680 249.676
158690 249.743
158700 249.835
158710 249.945
158720 250.054
158730 250.142
158740 250.201
158750 250.239
158760 250.264
158770 250.277
158780 250.276
158790 250.273
158800 250.279
158810 250.289
158820 250.286
158830 250.268
158840 250.246
158850 250.231
158860 250.225
158870 250.23
158880 250.253
158890 250.307
158900 250.393
158910 250.498
158920 250.615
158930 250.736
158940 250.844
158950 250.927
158960 250.981
158970 250.997
158980 250.964
158990 250.89
159000 250.794
159010 250.696
159020 250.597
159030 250.502
159040 250.42
159050 250.347
159060 250.273
159070 250.205
159080 250.157
159090 250.129
159100 250.096
159110 250.036
159120 249.953
159130 249.869
159140 249.793
159150 249.718
159160 249.629
159170 249.519
159180 249.397
159190 249.279
159200 249.167
159210 249.057
159220 248.955
159230 248.863
159240 248.789
159250 248.744
159260 248.742
159270 248.781
159280 248.843
159290 248.913
159300 248.982
159310 249.038
159320 249.072
159330 249.084
159340 249.073
159350 249.04
159360 248.997
159370 248.96
159380 248.94
159390 248.934
159400 248.923
159410 248.901
159420 248.878
159430 248.878
159440 248.915
159450 248.985
159460 249.073
159470 249.171
159480 249.278
159490 249.397
159500 249.516
159510 249.622
159520 249.715
159530 249.809
159540 249.915
159550 250.028
159560 250.134
159570 250.226
159580 250.311
159590 250.392
159600 250.457
159610 250.49
159620 250.497
159630 250.496
159640 250.492
159650 250.477
159660 250.452
159670 250.436
159680 250.454
159690 250.52
159700 250.637
159710 250.79
159720 250.957
159730 251.121
159740 251.273
159750 251.404
159760 251.504
159770 251.574
159780 251.624
159790 251.662
159800 251.694
159810 251.724
159820 251.75
159830 251.773
159840 251.793
159850 251.808
159860 251.825
159870 251.856
159880 251.904
159890 251.953
159900 251.987
159910 251.998
159920 251.985
159930 251.965
159940 251.956
159950 251.971
159960 252.016
159970 252.07
159980 252.102
159990 252.088
160000 252.021
160010 251.908
160020 251.768
160030 251.622
160040 251.479
160050 251.34
160060 251.2
160070 251.055
160080 250.912
160090 250.776
160100 250.657
160110 250.56
160120 250.482
160130 250.414
160140 250.349
160150 250.287
160160 250.226
160170 250.171
160180 250.124
160190 250.081
160200 250.041
160210 250.008
160220 249.985
160230 249.973
160240 249.97
160250 249.98
160260 250.006
160270 250.054
160280 250.13
160290 250.228
160300 250.33
160310 250.425
160320 250.525
160330 250.63
160340 250.718
160350 250.773
160360 250.797
160370 250.8
160380 250.785
160390 250.76
160400 250.739
160410 250.727
160420 250.719
160430 250.722
160440 250.752
160450 250.809
160460 250.877
160470 250.943
160480 251.007
160490 251.075
160500 251.154
160510 251.247
160520 251.346
160530 251.438
160540 251.504
160550 251.542
160560 251.548
160570 251.526
160580 251.482
160590 251.431
160600 251.388
160610 251.375
160620 251.413
160630 251.498
160640 251.612
160650 251.741
160660 251.882
160670 252.031
160680 252.179
160690 252.323
160700 252.467
160710 252.605
160720 252.733
160730 252.844
160740 252.934
160750 253.006
160760 253.056
160770 253.073
160780 253.059
160790 253.031
160800 253.005
160810 252.979
160820 252.947
160830 252.914
160840 252.88
160850 252.834
160860 252.769
160870 252.684
160880 252.585
160890 252.482
160900 252.386
160910 252.306
160920 252.252
160930 252.223
160940 252.215
160950 252.223
160960 252.23
160970 252.216
160980 252.172
160990 252.112
161000 252.049
161010 251.986
161020 251.921
161030 251.851
161040 251.782
161050 251.722
161060 251.676
161070 251.636
161080 251.595
161090 251.547
161100 251.492
161110 251.436
161120 251.392
161130 251.368
161140 251.354
161150 251.334
161160 251.306
161170 251.281
161180 251.268
161190 251.274
161200 251.3
161210 251.346
161220 251.404
161230 251.479
161240 251.575
161250 251.697
161260 251.839
161270 251.99
161280 252.133
161290 252.264
161300 252.381
161310 252.489
161320 252.594
161330 252.704
161340 252.814
161350 252.921
161360 253.026
161370 253.125
161380 253.207
161390 253.275
161400 253.341
161410 253.409
161420 253.483
161430 253.564
161440 253.645
161450 253.723
161460 253.81
161470 253.905
161480 253.988
161490 254.046
161500 254.088
161510 254.121
161520 254.135
161530 254.126
161540 254.102
161550 254.067
161560 254.026
161570 253.989
161580 253.968
161590 253.96
161600 253.955
161610 253.951
161620 253.943
161630 253.923
161640 253.883
161650 253.829
161660 253.774
161670 253.741
161680 253.749
161690 253.797
161700 253.87
161710 253.95
161720 254.027
161730 254.096
161740 254.156
161750 254.206
161760 254.244
161770 254.265
161780 254.271
161790 254.272
161800 254.276
161810 254.277
161820 254.262
161830 254.236
161840 254.197
161850 254.128
161860 254.024
161870 253.907
161880 253.804
161890 253.731
161900 253.687
161910 253.672
161920 253.68
161930 253.695
161940 253.71
161950 253.716
161960 253.707
161970 253.686
161980 253.662
161990 253.646
162000 253.635
162010 253.624
162020 253.62
162030 253.629
162040 253.652
162050 253.682
162060 253.712
162070 253.743
162080 253.779
162090 253.823
162100 253.877
162110 253.946
162120 254.017
162130 254.067
162140 254.086
162150 254.069
162160 254.01
162170 253.912
162180 253.79
162190 253.663
162200 253.537
162210 253.427
162220 253.355
162230 253.341
162240 253.374
162250 253.429
162260 253.493
162270 253.566
162280 253.648
162290 253.741
162300 253.849
162310 253.966
162320 254.087
162330 254.21
162340 254.335
162350 254.461
162360 254.586
162370 254.711
162380 254.833
162390 254.939
162400 255.021
162410 255.088
162420 255.144
162430 255.194
162440 255.247
162450 255.314
162460 255.403
162470 255.507
162480 255.616
162490 255.709
162500 255.773
162510 255.804
162520 255.823
162530 255.856
162540 255.906
162550 255.963
162560 256.028
162570 256.122
162580 256.262
162590 256.435
162600 256.621
162610 256.81
162620 257.003
162630 257.194
162640 257.37
162650 257.53
162660 257.673
162670 257.787
162680 257.858
162690 257.899
162700 257.935
162710 257.988
162720 258.071
162730 258.178
162740 258.299
162750 258.433
162760 258.584
162770 258.74
162780 258.886
162790 259.012
162800 259.114
162810 259.184
162820 259.216
162830 259.225
162840 259.235
162850 259.256
162860 259.28
162870 259.286
162880 259.26
162890 259.211
162900 259.156
162910 259.111
162920 259.093
162930 259.114
162940 259.171
162950 259.26
162960 259.367
162970 259.469
162980 259.545
162990 259.6
163000 259.663
163010 259.741
163020 259.831
163030 259.93
163040 260.029
163050 260.118
163060 260.191
163070 260.254
163080 260.315
163090 260.381
163100 260.459
163110 260.548
163120 260.637
163130 260.726
163140 260.828
163150 260.957
163160 261.105
163170 261.26
163180 261.412
163190 261.554
163200 261.672
163210 261.752
163220 261.807
163230 261.855
163240 261.9
163250 261.942
163260 261.996
163270 262.071
163280 262.162
163290 262.265
163300 262.377
163310 262.486
163320 262.578
163330 262.65
163340 262.705
163350 262.741
163360 262.752
163370 262.739
163380 262.704
163390 262.659
163400 262.619
163410 262.584
163420 262.552
163430 262.518
163440 262.48
163450 262.442
163460 262.414
163470 262.396
163480 262.381
163490 262.35
163500 262.288
163510 262.207
163520 262.136
163530 262.087
163540 262.042
163550 261.982
163560 261.904
163570 261.822
163580 261.74
163590 261.674
163600 261.646
163610 261.667
163620 261.736
163630 261.842
163640 261.978
163650 262.139
163660 262.322
163670 262.516
163680 262.7
163690 262.864
163700 263.004
163710 263.115
163720 263.193
163730 263.247
163740 263.283
163750 263.293
163760 263.276
163770 263.243
163780 263.201
163790 263.16
163800 263.123
163810 263.084
163820 263.048
163830 263.03
163840 263.035
163850 263.054
163860 263.076
163870 263.103
163880 263.13
163890 263.148
163900 263.145
163910 263.123
163920 263.089
163930 263.046
163940 262.992
163950 262.92
163960 262.834
163970 262.748
163980 262.676
163990 262.633
164000 262.623
164010 262.645
164020 262.685
164030 262.73
164040 262.77
164050 262.802
164060 262.83
164070 262.855
164080 262.868
164090 262.86
164100 262.83
164110 262.779
164120 262.697
164130 262.586
164140 262.458
164150 262.326
164160 262.195
164170 262.069
164180 261.954
164190 261.853
164200 261.762
164210 261.671
164220 261.58
164230 261.498
164240 261.432
164250 261.383
164260 261.357
164270 261.346
164280 261.338
164290 261.331
164300 261.329
164310 261.339
164320 261.363
164330 261.408
164340 261.472
164350 261.544
164360 261.613
164370 261.672
164380 261.712
164390 261.73
164400 261.725
164410 261.699
164420 261.654
164430 261.596
164440 261.523
164450 261.439
164460 261.352
164470 261.272
164480 261.206
164490 261.161
164500 261.153
164510 261.182
164520 261.232
164530 261.276
164540 261.306
164550 261.341
164560 261.393
164570 261.458
164580 261.528
164590 261.605
164600 261.697
164610 261.809
164620 261.928
164630 262.032
164640 262.111
164650 262.177
164660 262.241
164670 262.311
164680 262.389
164690 262.472
164700 262.548
164710 262.605
164720 262.633
164730 262.63
164740 262.603
164750 262.563
164760 262.518
164770 262.474
164780 262.426
164790 262.366
164800 262.293
164810 262.213
164820 262.136
164830 262.066
164840 262.018
164850 261.997
164860 262.002
164870 262.023
164880 262.058
164890 262.106
164900 262.165
164910 262.232
164920 262.309
164930 262.406
164940 262.532
164950 262.68
164960 262.829
164970 262.969
164980 263.12
164990 263.305
165000 263.517
165010 263.729
165020 263.919
165030 264.085
165040 264.241
165050 264.391
165060 264.529
165070 264.649
165080 264.755
165090 264.864
165100 264.98
165110 265.1
165120 265.231
165130 265.377
165140 265.529
165150 265.667
165160 265.785
165170 265.887
165180 265.976
165190 266.046
165200 266.1
165210 266.158
165220 266.23
165230 266.304
165240 266.364
165250 266.399
165260 266.411
165270 266.397
165280 266.359
165290 266.305
165300 266.238
165310 266.155
165320 266.047
165330 265.921
165340 265.8
165350 265.697
165360 265.607
165370 265.528
165380 265.461
165390 265.396
165400 265.327
165410 265.257
165420 265.186
165430 265.124
165440 265.079
165450 265.048
165460 265.02
165470 264.993
165480 264.971
165490 264.953
165500 264.942
165510 264.938
165520 264.935
165530 264.921
165540 264.898
165550 264.886
165560 264.904
165570 264.954
165580 265.027
165590 265.113
165600 265.21
165610 265.306
165620 265.39
165630 265.461
165640 265.517
165650 265.552
165660 265.572
165670 265.594
165680 265.626
165690 265.677
165700 265.751
165710 265.844
165720 265.943
165730 266.034
165740 266.12
165750 266.212
165760 266.313
165770 266.428
165780 266.559
165790 266.698
165800 266.821
165810 266.909
165820 266.961
165830 266.988
165840 266.994
165850 266.972
165860 266.92
165870 266.854
165880 266.785
165890 266.717
165900 266.665
165910 266.639
165920 266.631
165930 266.638
165940 266.66
165950 266.693
165960 266.743
165970 266.826
165980 266.938
165990 267.05
166000 267.131
166010 267.175
166020 267.185
166030 267.172
166040 267.151
166050 267.129
166060 267.111
166070 267.106
166080 267.117
166090 267.137
166100 267.164
166110 267.197
166120 267.238
166130 267.298
166140 267.384
166150 267.486
166160 267.596
166170 267.706
166180 267.8
166190 267.882
166200 267.964
166210 268.052
166220 268.149
166230 268.264
166240 268.401
166250 268.533
166260 268.624
166270 268.669
166280 268.674
166290 268.635
166300 268.553
166310 268.443
166320 268.315
166330 268.172
166340 268.022
166350 267.881
166360 267.758
166370 267.65
166380 267.551
166390 267.46
166400 267.375
166410 267.292
166420 267.208
166430 267.129
166440 267.057
166450 266.995
166460 266.946
166470 266.909
166480 266.879
166490 266.854
166500 266.827
166510 266.795
166520 266.764
166530 266.739
166540 266.72
166550 266.71
166560 266.721
166570 266.753
166580 266.797
166590 266.842
166600 266.873
166610 266.875
166620 266.849
166630 266.798
166640 266.731
166650 266.666
166660 266.621
166670 266.616
166680 266.656
166690 266.73
166700 266.821
166710 266.922
166720 267.016
166730 267.092
166740 267.146
166750 267.183
166760 267.211
166770 267.239
166780 267.277
166790 267.33
166800 267.4
166810 267.486
166820 267.582
166830 267.682
166840 267.777
166850 267.855
166860 267.91
166870 267.947
166880 267.979
166890 268.018
166900 268.063
166910 268.103
166920 268.141
166930 268.178
166940 268.207
166950 268.217
166960 268.2
166970 268.149
166980 268.058
166990 267.934
167000 267.792
167010 267.651
167020 267.525
167030 267.434
167040 267.395
167050 267.402
167060 267.433
167070 267.471
167080 267.51
167090 267.55
167100 267.584
167110 267.611
167120 267.635
167130 267.661
167140 267.685
167150 267.71
167160 267.728
167170 267.721
167180 267.694
167190 267.675
167200 267.685
167210 267.733
167220 267.825
167230 267.966
167240 268.143
167250 268.333
167260 268.519
167270 268.7
167280 268.877
167290 269.052
167300 269.225
167310 269.391
167320 269.549
167330 269.69
167340 269.8
167350 269.872
167360 269.904
167370 269.907
167380 269.895
167390 269.875
167400 269.848
167410 269.804
167420 269.736
167430 269.653
167440 269.564
167450 269.467
167460 269.359
167470 269.244
167480 269.131
167490 269.031
167500 268.96
167510 268.927
167520 268.923
167530 268.919
167540 268.891
167550 268.845
167560 268.799
167570 268.762
167580 268.725
167590 268.671
167600 268.613
167610 268.573
167620 268.546
167630 268.5
167640 268.419
167650 268.316
167660 268.201
167670 268.082
167680 267.964
167690 267.854
167700 267.749
167710 267.645
167720 267.54
167730 267.429
167740 267.314
167750 267.21
167760 267.136
167770 267.103
167780 267.114
167790 267.158
167800 267.21
167810 267.259
167820 267.313
167830 267.369
167840 267.414
167850 267.455
167860 267.504
167870 267.572
167880 267.661
167890 267.778
167900 267.927
167910 268.111
167920 268.328
167930 268.567
167940 268.805
167950 269.021
167960 269.213
167970 269.387
167980 269.551
167990 269.711
168000 269.873
168010 270.046
168020 270.214
168030 270.364
168040 270.488
168050 270.594
168060 270.684
168070 270.766
168080 270.857
168090 270.969
168100 271.111
168110 271.284
168120 271.472
168130 271.643
168140 271.771
168150 271.851
168160 271.884
168170 271.876
168180 271.843
168190 271.807
168200 271.783
168210 271.773
168220 271.779
168230 271.795
168240 271.813
168250 271.826
168260 271.828
168270 271.825
168280 271.832
168290 271.856
168300 271.899
168310 271.969
168320 272.062
168330 272.154
168340 272.228
168350 272.298
168360 272.384
168370 272.482
168380 272.584
168390 272.683
168400 272.776
168410 272.859
168420 272.931
168430 272.989
168440 273.031
168450 273.055
168460 273.064
168470 273.074
168480 273.096
168490 273.131
168500 273.185
168510 273.26
168520 273.363
168530 273.484
168540 273.597
168550 273.685
168560 273.749
168570 273.799
168580 273.837
168590 273.864
168600 273.885
168610 273.906
168620 273.927
168630 273.946
168640 273.962
168650 273.964
168660 273.939
168670 273.888
168680 273.817
168690 273.717
168700 273.585
168710 273.438
168720 273.298
168730 273.173
168740 273.07
168750 273.005
168760 272.974
168770 272.953
168780 272.926
168790 272.896
168800 272.865
168810 272.835
168820 272.816
168830 272.824
168840 272.867
168850 272.932
168860 272.994
168870 273.034
168880 273.046
168890 273.038
168900 273.022
168910 273.019
168920 273.038
168930 273.078
168940 273.131
168950 273.197
168960 273.277
168970 273.368
168980 273.464
168990 273.559
169000 273.65
169010 273.737
169020 273.826
169030 273.916
169040 273.995
169050 274.038
169060 274.031
169070 273.984
169080 273.911
169090 273.819
169100 273.702
169110 273.556
169120 273.39
169130 273.227
169140 273.074
169150 272.927
169160 272.796
169170 272.696
169180 272.634
169190 272.609
169200 272.618
169210 272.658
169220 272.718
169230 272.778
169240 272.827
169250 272.871
169260 272.917
169270 272.96
169280 272.983
169290 272.985
169300 272.974
169310 272.956
169320 272.922
169330 272.862
169340 272.775
169350 272.677
169360 272.578
169370 272.487
169380 272.408
169390 272.344
169400 272.29
169410 272.247
169420 272.214
169430 272.183
169440 272.142
169450 272.088
169460 272.026
169470 271.964
169480 271.91
169490 271.872
169500 271.862
169510 271.886
169520 271.935
169530 271.983
169540 272.015
169550 272.03
169560 272.026
169570 271.996
169580 271.942
169590 271.873
169600 271.801
169610 271.725
169620 271.656
169630 271.611
169640 271.596
169650 271.614
169660 271.666
169670 271.756
169680 271.878
169690 272.023
169700 272.172
169710 272.311
169720 272.421
169730 272.497
169740 272.55
169750 272.596
169760 272.644
169770 272.701
169780 272.777
169790 272.875
169800 272.984
169810 273.093
169820 273.194
169830 273.278
169840 273.341
169850 273.38
169860 273.403
169870 273.425
169880 273.453
169890 273.489
169900 273.521
169910 273.533
169920 273.519
169930 273.48
169940 273.426
169950 273.369
169960 273.322
169970 273.299
169980 273.31
169990 273.353
170000 273.422
170010 273.523
170020 273.653
170030 273.791
170040 273.912
170050 274.014
170060 274.102
170070 274.176
170080 274.236
170090 274.294
170100 274.352
170110 274.4
170120 274.439
170130 274.478
170140 274.521
170150 274.561
170160 274.577
170170 274.563
170180 274.539
170190 274.529
170200 274.544
170210 274.584
170220 274.652
170230 274.748
170240 274.863
170250 274.978
170260 275.074
170270 275.145
170280 275.192
170290 275.21
170300 275.197
170310 275.161
170320 275.133
170330 275.13
170340 275.146
170350 275.166
170360 275.173
170370 275.162
170380 275.138
170390 275.122
170400 275.114
170410 275.104
170420 275.097
170430 275.104
170440 275.125
170450 275.155
170460 275.195
170470 275.247
170480 275.309
170490 275.38
170500 275.451
170510 275.521
170520 275.593
170530 275.664
170540 275.722
170550 275.753
170560 275.76
170570 275.755
170580 275.747
170590 275.734
170600 275.714
170610 275.685
170620 275.643
170630 275.586
170640 275.52
170650 275.453
170660 275.393
170670 275.344
170680 275.301
170690 275.251
170700 275.183
170710 275.105
170720 275.044
170730 275.02
170740 275.031
170750 275.065
170760 275.119
170770 275.183
170780 275.245
170790 275.306
170800 275.368
170810 275.427
170820 275.489
170830 275.57
170840 275.673
170850 275.785
170860 275.9
170870 276.021
170880 276.127
170890 276.197
170900 276.224
170910 276.213
170920 276.168
170930 276.094
170940 276.006
170950 275.912
170960 275.809
170970 275.707
170980 275.621
170990 275.56
171000 275.519
171010 275.489
171020 275.465
171030 275.447
171040 275.431
171050 275.408
171060 275.368
171070 275.304
171080 275.215
171090 275.102
171100 274.971
171110 274.826
171120 274.668
171130 274.5
171140 274.336
171150 274.187
171160 274.051
171170 273.926
171180 273.819
171190 273.728
171200 273.636
171210 273.526
171220 273.399
171230 273.266
171240 273.132
171250 272.999
171260 272.871
171270 272.745
171280 272.618
171290 272.483
171300 272.334
171310 272.167
171320 272.001
171330 271.855
171340 271.728
171350 271.607
171360 271.498
171370 271.419
171380 271.372
171390 271.344
171400 271.32
171410 271.302
171420 271.29
171430 271.279
171440 271.271
171450 271.266
171460 271.253
171470 271.229
171480 271.2
171490 271.167
171500 271.132
171510 271.103
171520 271.083
171530 271.068
171540 271.053
171550 271.038
171560 271.028
171570 271.036
171580 271.079
171590 271.155
171600 271.245
171610 271.329
171620 271.396
171630 271.432
171640 271.426
171650 271.377
171660 271.292
171670 271.175
171680 271.029
171690 270.862
171700 270.689
171710 270.523
171720 270.377
171730 270.27
171740 270.214
171750 270.208
171760 270.248
171770 270.323
171780 270.418
171790 270.519
171800 270.615
171810 270.703
171820 270.784
171830 270.856
171840 270.915
171850 270.944
171860 270.935
171870 270.9
171880 270.851
171890 270.796
171900 270.748
171910 270.727
171920 270.733
171930 270.753
171940 270.773
171950 270.791
171960 270.818
171970 270.859
171980 270.919
171990 270.994
172000 271.082
172010 271.174
172020 271.259
172030 271.339
172040 271.419
172050 271.505
172060 271.6
172070 271.706
172080 271.823
172090 271.948
172100 272.069
172110 272.179
172120 272.281
172130 272.387
172140 272.506
172150 272.624
172160 272.718
172170 272.774
172180 272.791
172190 272.78
172200 272.741
172210 272.68
172220 272.606
172230 272.537
172240 272.48
172250 272.44
172260 272.431
172270 272.46
172280 272.523
172290 272.602
172300 272.674
172310 272.725
172320 272.761
172330 272.79
172340 272.814
172350 272.838
172360 272.868
172370 272.9
172380 272.919
172390 272.923
172400 272.914
172410 272.891
172420 272.852
172430 272.806
172440 272.753
172450 272.683
172460 272.601
172470 272.515
172480 272.421
172490 272.309
172500 272.171
172510 272.009
172520 271.829
172530 271.645
172540 271.471
172550 271.313
172560 271.185
172570 271.103
172580 271.073
172590 271.098
172600 271.184
172610 271.323
172620 271.491
172630 271.666
172640 271.839
172650 272.003
172660 272.153
172670 272.275
172680 272.363
172690 272.42
172700 272.448
172710 272.454
172720 272.45
172730 272.441
172740 272.431
172750 272.434
172760 272.471
172770 272.539
172780 272.628
172790 272.739
172800 272.864
172810 272.992
172820 273.114
172830 273.235
172840 273.362
172850 273.478
172860 273.565
172870 273.626
172880 273.675
172890 273.719
172900 273.745
172910 273.738
172920 273.702
172930 273.652
172940 273.596
172950 273.536
172960 273.473
172970 273.41
172980 273.349
172990 273.285
173000 273.216
173010 273.14
173020 273.061
173030 272.994
173040 272.95
173050 272.927
173060 272.914
173070 272.917
173080 272.947
173090 273.005
173100 273.083
173110 273.169
173120 273.251
173130 273.31
173140 273.342
173150 273.357
173160 273.36
173170 273.361
173180 273.361
173190 273.352
173200 273.327
173210 273.289
173220 273.246
173230 273.203
173240 273.168
173250 273.149
173260 273.149
173270 273.167
173280 273.204
173290 273.257
173300 273.319
173310 273.379
173320 273.416
173330 273.418
173340 273.391
173350 273.356
173360 273.327
173370 273.293
173380 273.243
173390 273.177
173400 273.106
173410 273.042
173420 272.988
173430 272.941
173440 272.902
173450 272.874
173460 272.855
173470 272.839
173480 272.818
173490 272.789
173500 272.758
173510 272.727
173520 272.684
173530 272.611
173540 272.51
173550 272.39
173560 272.254
173570 272.108
173580 271.974
173590 271.868
173600 271.79
173610 271.748
173620 271.754
173630 271.813
173640 271.907
173650 272.009
173660 272.095
173670 272.164
173680 272.219
173690 272.258
173700 272.29
173710 272.325
173720 272.373
173730 272.427
173740 272.484
173750 272.544
173760 272.607
173770 272.665
173780 272.71
173790 272.738
173800 272.752
173810 272.761
173820 272.769
173830 272.773
173840 272.763
173850 272.733
173860 272.676
173870 272.592
173880 272.491
173890 272.376
173900 272.244
173910 272.104
173920 271.983
173930 271.898
173940 271.854
173950 271.855
173960 271.904
173970 271.992
173980 272.102
173990 272.225
174000 272.357
174010 272.492
174020 272.627
174030 272.759
174040 272.873
174050 272.945
174060 272.962
174070 272.935
174080 272.88
174090 272.807
174100 272.733
174110 272.683
174120 272.677
174130 272.713
174140 272.774
174150 272.847
174160 272.931
174170 273.027
174180 273.144
174190 273.28
174200 273.417
174210 273.532
174220 273.609
174230 273.649
174240 273.663
174250 273.668
174260 273.669
174270 273.665
174280 273.665
174290 273.676
174300 273.684
174310 273.661
174320 273.599
174330 273.513
174340 273.417
174350 273.311
174360 273.206
174370 273.115
174380 273.04
174390 272.976
174400 272.924
174410 272.888
174420 272.859
174430 272.82
174440 272.761
174450 272.688
174460 272.611
174470 272.535
174480 272.458
174490 272.39
174500 272.334
174510 272.293
174520 272.268
174530 272.247
174540 272.214
174550 272.162
174560 272.093
174570 272.005
174580 271.904
174590 271.812
174600 271.748
174610 271.718
174620 271.717
174630 271.743
174640 271.784
174650 271.826
174660 271.856
174670 271.873
174680 271.884
174690 271.894
174700 271.9
174710 271.902
174720 271.897
174730 271.884
174740 271.864
174750 271.834
174760 271.802
174770 271.769
174780 271.73
174790 271.688
174800 271.663
174810 271.666
174820 271.703
174830 271.774
174840 271.876
174850 272.007
174860 272.158
174870 272.316
174880 272.474
174890 272.633
174900 272.793
174910 272.939
174920 273.06
174930 273.157
174940 273.247
174950 273.345
174960 273.462
174970 273.597
174980 273.75
174990 273.924
175000 274.122
175010 274.351
175020 274.605
175030 274.871
175040 275.139
175050 275.407
175060 275.671
175070 275.92
175080 276.149
175090 276.363
175100 276.555
175110 276.708
175120 276.814
175130 276.887
175140 276.943
175150 276.987
175160 277.018
175170 277.05
175180 277.104
175190 277.187
175200 277.297
175210 277.425
175220 277.556
175230 277.674
175240 277.761
175250 277.803
175260 277.812
175270 277.802
175280 277.771
175290 277.724
175300 277.673
175310 277.621
175320 277.556
175330 277.461
175340 277.336
175350 277.197
175360 277.062
175370 276.944
175380 276.85
175390 276.777
175400 276.705
175410 276.616
175420 276.513
175430 276.407
175440 276.302
175450 276.193
175460 276.076
175470 275.952
175480 275.831
175490 275.712
175500 275.593
175510 275.48
175520 275.395
175530 275.347
175540 275.328
175550 275.326
175560 275.335
175570 275.349
175580 275.36
175590 275.387
175600 275.456
175610 275.559
175620 275.669
175630 275.77
175640 275.861
175650 275.94
175660 276.007
175670 276.075
175680 276.15
175690 276.224
175700 276.288
175710 276.347
175720 276.397
175730 276.433
175740 276.459
175750 276.479
175760 276.476
175770 276.424
175780 276.317
175790 276.181
175800 276.053
175810 275.961
175820 275.906
175830 275.876
175840 275.874
175850 275.912
175860 275.98
175870 276.062
175880 276.154
175890 276.264
175900 276.384
175910 276.492
175920 276.583
175930 276.669
175940 276.757
175950 276.847
175960 276.936
175970 277.015
175980 277.075
175990 277.127
176000 277.193
176010 277.274
176020 277.354
176030 277.434
176040 277.532
176050 277.664
176060 277.83
176070 278.02
176080 278.237
176090 278.477
176100 278.71
176110 278.908
176120 279.068
176130 279.191
176140 279.267
176150 279.298
176160 279.302
176170 279.303
176180 279.306
176190 279.298
176200 279.279
176210 279.264
176220 279.261
176230 279.267
176240 279.283
176250 279.309
176260 279.332
176270 279.339
176280 279.332
176290 279.318
176300 279.304
176310 279.293
176320 279.285
176330 279.272
176340 279.249
176350 279.218
176360 279.181
176370 279.131
176380 279.07
176390 279.005
176400 278.934
176410 278.847
176420 278.741
176430 278.62
176440 278.486
176450 278.349
176460 278.233
176470 278.154
176480 278.106
176490 278.078
176500 278.066
176510 278.064
176520 278.054
176530 278.022
176540 277.97
176550 277.92
176560 277.896
176570 277.908
176580 277.952
176590 278.024
176600 278.13
176610 278.264
176620 278.411
176630 278.558
176640 278.705
176650 278.848
176660 278.975
176670 279.068
176680 279.116
176690 279.126
176700 279.118
176710 279.113
176720 279.112
176730 279.101
176740 279.086
176750 279.081
176760 279.089
176770 279.107
176780 279.149
176790 279.226
176800 279.341
176810 279.485
176820 279.642
176830 279.789
176840 279.908
176850 279.999
176860 280.068
176870 280.11
176880 280.117
176890 280.098
176900 280.069
176910 280.038
176920 280.006
176930 279.973
176940 279.948
176950 279.935
176960 279.923
176970 279.901
176980 279.881
176990 279.876
177000 279.883
177010 279.899
177020 279.922
177030 279.949
177040 279.972
177050 279.986
177060 279.995
177070 280.002
177080 279.997
177090 279.974
177100 279.937
177110 279.897
177120 279.858
177130 279.82
177140 279.775
177150 279.719
177160 279.669
177170 279.64
177180 279.636
177190 279.658
177200 279.717
177210 279.806
177220 279.9
177230 279.978
177240 280.038
177250 280.083
177260 280.12
177270 280.163
177280 280.228
177290 280.31
177300 280.395
177310 280.471
177320 280.545
177330 280.63
177340 280.735
177350 280.858
177360 280.986
177370 281.108
177380 281.21
177390 281.282
177400 281.319
177410 281.327
177420 281.319
177430 281.3
177440 281.262
177450 281.197
177460 281.113
177470 281.031
177480 280.966
177490 280.916
177500 280.875
177510 280.843
177520 280.815
177530 280.776
177540 280.723
177550 280.672
177560 280.627
177570 280.57
177580 280.491
177590 280.398
177600 280.301
177610 280.211
177620 280.133
177630 280.074
177640 280.035
177650 280.014
177660 280.01
177670 280.021
177680 280.058
177690 280.124
177700 280.208
177710 280.298
177720 280.384
177730 280.466
177740 280.544
177750 280.61
177760 280.654
177770 280.669
177780 280.654
177790 280.615
177800 280.554
177810 280.466
177820 280.347
177830 280.205
177840 280.049
177850 279.904
177860 279.804
177870 279.767
177880 279.781
177890 279.83
177900 279.906
177910 279.999
177920 280.093
177930 280.185
177940 280.269
177950 280.336
177960 280.388
177970 280.443
177980 280.51
177990 280.573
178000 280.608
178010 280.61
178020 280.595
178030 280.573
178040 280.532
178050 280.462
178060 280.37
178070 280.274
178080 280.183
178090 280.093
178100 279.992
178110 279.871
178120 279.743
178130 279.618
178140 279.481
178150 279.315
178160 279.136
178170 278.96
178180 278.794
178190 278.646
178200 278.531
178210 278.453
178220 278.405
178230 278.384
178240 278.388
178250 278.407
178260 278.441
178270 278.505
178280 278.596
178290 278.7
178300 278.808
178310 278.924
178320 279.058
178330 279.214
178340 279.401
178350 279.615
178360 279.837
178370 280.046
178380 280.238
178390 280.414
178400 280.576
178410 280.722
178420 280.843
178430 280.941
178440 281.034
178450 281.14
178460 281.262
178470 281.392
178480 281.533
178490 281.688
178500 281.842
178510 281.966
178520 282.039
178530 282.062
178540 282.066
178550 282.073
178560 282.096
178570 282.148
178580 282.233
178590 282.329
178600 282.407
178610 282.461
178620 282.495
178630 282.507
178640 282.493
178650 282.464
178660 282.432
178670 282.42
178680 282.448
178690 282.511
178700 282.583
178710 282.648
178720 282.709
178730 282.761
178740 282.797
178750 282.829
178760 282.866
178770 282.9
178780 282.924
178790 282.943
178800 282.954
178810 282.947
178820 282.917
178830 282.86
178840 282.773
178850 282.66
178860 282.532
178870 282.394
178880 282.245
178890 282.101
178900 281.995
178910 281.939
178920 281.913
178930 281.899
178940 281.9
178950 281.921
178960 281.96
178970 282.007
178980 282.049
178990 282.073
179000 282.073
179010 282.047
179020 281.998
179030 281.924
179040 281.835
179050 281.75
179060 281.687
179070 281.652
179080 281.649
179090 281.684
179100 281.746
179110 281.812
179120 281.869
179130 281.907
179140 281.914
179150 281.881
179160 281.816
179170 281.74
179180 281.668
179190 281.612
179200 281.568
179210 281.532
179220 281.504
179230 281.488
179240 281.47
179250 281.431
179260 281.364
179270 281.277
179280 281.178
179290 281.073
179300 280.969
179310 280.88
179320 280.824
179330 280.814
179340 280.845
179350 280.908
179360 280.996
179370 281.099
179380 281.198
179390 281.28
179400 281.356
179410 281.436
179420 281.515
179430 281.589
179440 281.66
179450 281.724
179460 281.774
179470 281.81
179480 281.844
179490 281.891
179500 281.953
179510 282.024
179520 282.103
179530 282.179
179540 282.227
179550 282.234
179560 282.211
179570 282.17
179580 282.101
179590 281.993
179600 281.849
179610 281.682
179620 281.511
179630 281.355
179640 281.231
179650 281.141
179660 281.086
179670 281.067
179680 281.079
179690 281.115
179700 281.164
179710 281.221
179720 281.286
179730 281.358
179740 281.427
179750 281.475
179760 281.503
179770 281.523
179780 281.543
179790 281.564
179800 281.596
179810 281.648
179820 281.728
179830 281.84
179840 281.991
179850 282.179
179860 282.392
179870 282.621
179880 282.859
179890 283.102
179900 283.333
179910 283.536
179920 283.696
179930 283.813
179940 283.896
179950 283.942
179960 283.948
179970 283.931
179980 283.911
179990 283.896
180000 283.884
180010 283.872
180020 283.853
180030 283.817
180040 283.768
180050 283.723
180060 283.677
180070 283.613
180080 283.533
180090 283.452
180100 283.388
180110 283.344
180120 283.318
180130 283.313
180140 283.327
180150 283.352
180160 283.384
180170 283.424
180180 283.453
180190 283.462
180200 283.461
180210 283.463
180220 283.465
180230 283.458
180240 283.444
180250 283.445
180260 283.482
180270 283.555
180280 283.646
180290 283.742
180300 283.84
180310 283.938
180320 284.04
180330 284.158
180340 284.299
180350 284.462
180360 284.646
180370 284.838
180380 285.016
180390 285.167
180400 285.286
180410 285.361
180420 285.391
180430 285.388
180440 285.363
180450 285.323
180460 285.281
180470 285.256
180480 285.266
180490 285.326
180500 285.432
180510 285.562
180520 285.691
180530 285.803
180540 285.895
180550 285.97
180560 286.035
180570 286.099
180580 286.168
180590 286.239
180600 286.304
180610 286.365
180620 286.429
180630 286.5
180640 286.582
180650 286.662
180660 286.723
180670 286.756
180680 286.767
180690 286.764
180700 286.763
180710 286.777
180720 286.802
180730 286.829
180740 286.854
180750 286.873
180760 286.877
180770 286.862
180780 286.848
180790 286.864
180800 286.911
180810 286.975
180820 287.042
180830 287.105
180840 287.155
180850 287.187
180860 287.217
180870 287.257
180880 287.293
180890 287.308
180900 287.309
180910 287.308
180920 287.306
180930 287.314
180940 287.35
180950 287.421
180960 287.515
180970 287.62
180980 287.728
180990 287.829
181000 287.912
181010 287.968
181020 288.003
181030 288.03
181040 288.052
181050 288.07
181060 288.079
181070 288.079
181080 288.077
181090 288.082
181100 288.092
181110 288.098
181120 288.098
181130 288.104
181140 288.118
181150 288.127
181160 288.12
181170 288.091
181180 288.034
181190 287.949
181200 287.853
181210 287.772
181220 287.712
181230 287.672
181240 287.654
181250 287.655
181260 287.665
181270 287.681
181280 287.701
181290 287.711
181300 287.701
181310 287.669
181320 287.617
181330 287.55
181340 287.473
181350 287.395
181360 287.321
181370 287.257
181380 287.209
181390 287.178
181400 287.164
181410 287.169
181420 287.186
181430 287.2
181440 287.195
181450 287.156
181460 287.075
181470 286.958
181480 286.831
181490 286.718
181500 286.623
181510 286.537
181520 286.453
181530 286.367
181540 286.296
181550 286.266
181560 286.286
181570 286.336
181580 286.384
181590 286.41
181600 286.419
181610 286.408
181620 286.372
181630 286.311
181640 286.233
181650 286.141
181660 286.034
181670 285.921
181680 285.804
181690 285.675
181700 285.54
181710 285.415
181720 285.32
181730 285.258
181740 285.211
181750 285.175
181760 285.162
181770 285.189
181780 285.257
181790 285.358
181800 285.489
181810 285.647
181820 285.825
181830 286.016
181840 286.206
181850 286.394
181860 286.588
181870 286.792
181880 286.999
181890 287.199
181900 287.388
181910 287.558
181920 287.694
181930 287.791
181940 287.866
181950 287.936
181960 288.005
181970 288.068
181980 288.12
181990 288.166
182000 288.212
182010 288.261
182020 288.318
182030 288.392
182040 288.474
182050 288.543
182060 288.582
182070 288.589
182080 288.567
182090 288.518
182100 288.451
182110 288.376
182120 288.293
182130 288.208
182140 288.137
182150 288.083
182160 288.04
182170 288.008
182180 287.987
182190 287.977
182200 287.976
182210 287.987
182220 288.006
182230 288.022
182240 288.026
182250 288.021
182260 287.996
182270 287.941
182280 287.854
182290 287.741
182300 287.603
182310 287.439
182320 287.257
182330 287.071
182340 286.886
182350 286.722
182360 286.604
182370 286.543
182380 286.537
182390 286.569
182400 286.607
182410 286.612
182420 286.578
182430 286.521
182440 286.457
182450 286.393
182460 286.337
182470 286.286
182480 286.234
182490 286.182
182500 286.135
182510 286.086
182520 286.024
182530 285.94
182540 285.841
182550 285.748
182560 285.685
182570 285.661
182580 285.678
182590 285.723
182600 285.771
182610 285.792
182620 285.767
182630 285.698
182640 285.597
182650 285.483
182660 285.379
182670 285.299
182680 285.246
182690 285.218
182700 285.199
182710 285.188
182720 285.192
182730 285.212
182740 285.233
182750 285.246
182760 285.262
182770 285.295
182780 285.357
182790 285.45
182800 285.567
182810 285.695
182820 285.819
182830 285.937
182840 286.062
182850 286.189
182860 286.302
182870 286.393
182880 286.458
182890 286.499
182900 286.529
182910 286.567
182920 286.627
182930 286.718
182940 286.844
182950 286.998
182960 287.165
182970 287.334
182980 287.498
182990 287.645
183000 287.769
183010 287.873
183020 287.971
183030 288.07
183040 288.167
183050 288.255
183060 288.333
183070 288.406
183080 288.472
183090 288.526
183100 288.565
183110 288.601
183120 288.641
183130 288.685
183140 288.732
183150 288.786
183160 288.844
183170 288.897
183180 288.938
183190 288.964
183200 288.971
183210 288.958
183220 288.935
183230 288.916
183240 288.903
183250 288.885
183260 288.853
183270 288.819
183280 288.795
183290 288.769
183300 288.716
183310 288.634
183320 288.54
183330 288.455
183340 288.394
183350 288.362
183360 288.361
183370 288.376
183380 288.388
183390 288.383
183400 288.354
183410 288.309
183420 288.256
183430 288.193
183440 288.111
183450 288.006
183460 287.89
183470 287.784
183480 287.704
183490 287.647
183500 287.612
183510 287.593
183520 287.579
183530 287.557
183540 287.521
183550 287.469
183560 287.394
183570 287.296
183580 287.181
183590 287.062
183600 286.955
183610 286.877
183620 286.847
183630 286.866
183640 286.916
183650 286.975
183660 287.03
183670 287.082
183680 287.124
183690 287.141
183700 287.135
183710 287.132
183720 287.152
183730 287.205
183740 287.287
183750 287.382
183760 287.474
183770 287.557
183780 287.631
183790 287.696
183800 287.757
183810 287.819
183820 287.872
183830 287.891
183840 287.875
183850 287.853
183860 287.844
183870 287.839
183880 287.829
183890 287.813
183900 287.784
183910 287.733
183920 287.672
183930 287.629
183940 287.616
183950 287.637
183960 287.7
183970 287.804
183980 287.926
183990 288.043
184000 288.143
184010 288.23
184020 288.304
184030 288.368
184040 288.427
184050 288.485
184060 288.538
184070 288.583
184080 288.64
184090 288.711
184100 288.782
184110 288.849
184120 288.923
184130 289.007
184140 289.091
184150 289.164
184160 289.219
184170 289.25
184180 289.253
184190 289.237
184200 289.212
184210 289.184
184220 289.16
184230 289.145
184240 289.139
184250 289.138
184260 289.139
184270 289.139
184280 289.136
184290 289.138
184300 289.149
184310 289.165
184320 289.178
184330 289.183
184340 289.177
184350 289.155
184360 289.121
184370 289.093
184380 289.078
184390 289.071
184400 289.063
184410 289.048
184420 289.026
184430 289.013
184440 289.021
184450 289.047
184460 289.086
184470 289.136
184480 289.2
184490 289.282
184500 289.383
184510 289.492
184520 289.601
184530 289.703
184540 289.799
184550 289.889
184560 289.976
184570 290.065
184580 290.158
184590 290.255
184600 290.36
184610 290.484
184620 290.635
184630 290.813
184640 291.011
184650 291.2
184660 291.362
184670 291.498
184680 291.611
184690 291.699
184700 291.773
184710 291.851
184720 291.943
184730 292.037
184740 292.118
184750 292.186
184760 292.249
184770 292.315
184780 292.377
184790 292.416
184800 292.416
184810 292.374
184820 292.291
184830 292.174
184840 292.046
184850 291.93
184860 291.826
184870 291.731
184880 291.641
184890 291.552
184900 291.463
184910 291.381
184920 291.312
184930 291.252
184940 291.192
184950 291.128
184960 291.065
184970 291.006
184980 290.945
184990 290.871
185000 290.793
185010 290.724
185020 290.662
185030 290.603
185040 290.557
185050 290.532
185060 290.527
185070 290.541
185080 290.562
185090 290.569
185100 290.558
185110 290.534
185120 290.5
185130 290.445
185140 290.374
185150 290.302
185160 290.244
185170 290.198
185180 290.153
185190 290.099
185200 290.038
185210 289.989
185220 289.966
185230 289.981
185240 290.037
185250 290.131
185260 290.261
185270 290.411
185280 290.563
185290 290.705
185300 290.822
185310 290.91
185320 290.981
185330 291.052
185340 291.139
185350 291.26
185360 291.431
185370 291.647
185380 291.881
185390 292.102
185400 292.298
185410 292.468
185420 292.613
185430 292.731
185440 292.814
185450 292.852
185460 292.862
185470 292.869
185480 292.874
185490 292.86
185500 292.827
185510 292.784
185520 292.737
185530 292.689
185540 292.636
185550 292.572
185560 292.499
185570 292.444
185580 292.417
185590 292.408
185600 292.405
185610 292.422
185620 292.468
185630 292.54
185640 292.631
185650 292.754
185660 292.915
185670 293.093
185680 293.271
185690 293.451
185700 293.642
185710 293.842
185720 294.041
185730 294.22
185740 294.357
185750 294.443
185760 294.476
185770 294.459
185780 294.401
185790 294.312
185800 294.192
185810 294.05
185820 293.909
185830 293.789
185840 293.69
185850 293.611
185860 293.571
185870 293.587
185880 293.652
185890 293.744
185900 293.844
185910 293.945
185920 294.042
185930 294.127
185940 294.197
185950 294.268
185960 294.348
185970 294.419
185980 294.455
185990 294.449
186000 294.415
186010 294.372
186020 294.322
186030 294.258
186040 294.174
186050 294.086
186060 294.004
186070 293.933
186080 293.872
186090 293.822
186100 293.795
186110 293.793
186120 293.794
186130 293.785
186140 293.774
186150 293.773
186160 293.776
186170 293.782
186180 293.805
186190 293.852
186200 293.916
186210 293.984
186220 294.058
186230 294.144
186240 294.241
186250 294.332
186260 294.413
186270 294.486
186280 294.558
186290 294.629
186300 294.7
186310 294.773
186320 294.847
186330 294.91
186340 294.959
186350 294.997
186360 295.025
186370 295.046
186380 295.064
186390 295.083
186400 295.111
186410 295.153
186420 295.204
186430 295.247
186440 295.266
186450 295.254
186460 295.217
186470 295.157
186480 295.081
186490 294.999
186500 294.927
186510 294.873
186520 294.83
186530 294.791
186540 294.75
186550 294.704
186560 294.657
186570 294.611
186580 294.555
186590 294.478
186600 294.385
186610 294.3
186620 294.238
186630 294.195
186640 294.162
186650 294.137
186660 294.119
186670 294.098
186680 294.078
186690 294.072
186700 294.081
186710 294.095
186720 294.105
186730 294.108
186740 294.105
186750 294.103
186760 294.114
186770 294.146
186780 294.2
186790 294.275
186800 294.358
186810 294.425
186820 294.457
186830 294.455
186840 294.426
186850 294.384
186860 294.34
186870 294.313
186880 294.319
186890 294.365
186900 294.445
186910 294.546
186920 294.653
186930 294.756
186940 294.851
186950 294.932
186960 294.992
186970 295.034
186980 295.062
186990 295.075
187000 295.062
187010 295.021
187020 294.972
187030 294.937
187040 294.926
187050 294.943
187060 294.997
187070 295.083
187080 295.2
187090 295.354
187100 295.537
187110 295.715
187120 295.864
187130 295.98
187140 296.066
187150 296.118
187160 296.147
187170 296.182
187180 296.252
187190 296.354
187200 296.472
187210 296.597
187220 296.724
187230 296.837
187240 296.924
187250 296.985
187260 297.013
187270 296.999
187280 296.943
187290 296.847
187300 296.708
187310 296.54
187320 296.372
187330 296.223
187340 296.093
187350 295.986
187360 295.915
187370 295.89
187380 295.908
187390 295.964
187400 296.044
187410 296.121
187420 296.186
187430 296.245
187440 296.303
187450 296.35
187460 296.385
187470 296.429
187480 296.51
187490 296.637
187500 296.806
187510 297.001
187520 297.195
187530 297.361
187540 297.479
187550 297.555
187560 297.601
187570 297.615
187580 297.592
187590 297.536
187600 297.457
187610 297.352
187620 297.223
187630 297.085
187640 296.953
187650 296.839
187660 296.733
187670 296.627
187680 296.521
187690 296.431
187700 296.371
187710 296.339
187720 296.328
187730 296.337
187740 296.369
187750 296.415
187760 296.458
187770 296.481
187780 296.479
187790 296.452
187800 296.395
187810 296.299
187820 296.159
187830 295.982
187840 295.783
187850 295.574
187860 295.369
187870 295.178
187880 294.998
187890 294.836
187900 294.7
187910 294.591
187920 294.499
187930 294.424
187940 294.377
187950 294.359
187960 294.363
187970 294.384
187980 294.416
187990 294.459
188000 294.521
188010 294.598
188020 294.683
188030 294.77
188040 294.856
188050 294.934
188060 294.991
188070 295.015
188080 295.014
188090 295.01
188100 295.013
188110 295.022
188120 295.03
188130 295.03
188140 295.024
188150 295.021
188160 295.034
188170 295.064
188180 295.106
188190 295.143
188200 295.16
188210 295.147
188220 295.105
188230 295.041
188240 294.962
188250 294.871
188260 294.786
188270 294.726
188280 294.702
188290 294.702
188300 294.706
188310 294.713
188320 294.732
188330 294.76
188340 294.782
188350 294.803
188360 294.845
188370 294.921
188380 295.025
188390 295.152
188400 295.296
188410 295.445
188420 295.593
188430 295.742
188440 295.905
188450 296.083
188460 296.266
188470 296.441
188480 296.591
188490 296.702
188500 296.77
188510 296.809
188520 296.833
188530 296.84
188540 296.829
188550 296.806
188560 296.805
188570 296.849
188580 296.937
188590 297.061
188600 297.209
188610 297.361
188620 297.498
188630 297.616
188640 297.718
188650 297.814
188660 297.902
188670 297.98
188680 298.051
188690 298.129
188700 298.215
188710 298.304
188720 298.392
188730 298.478
188740 298.556
188750 298.625
188760 298.689
188770 298.747
188780 298.796
188790 298.84
188800 298.887
188810 298.929
188820 298.955
188830 298.98
188840 299.025
188850 299.094
188860 299.174
188870 299.262
188880 299.356
188890 299.443
188900 299.509
188910 299.559
188920 299.606
188930 299.649
188940 299.678
188950 299.69
188960 299.694
188970 299.695
188980 299.7
188990 299.714
189000 299.736
189010 299.771
189020 299.82
189030 299.871
189040 299.913
189050 299.957
189060 300.023
189070 300.111
189080 300.206
189090 300.296
189100 300.369
189110 300.41
189120 300.423
189130 300.428
189140 300.443
189150 300.467
189160 300.499
189170 300.555
189180 300.64
189190 300.737
189200 300.826
189210 300.897
189220 300.942
189230 300.953
189240 300.933
189250 300.897
189260 300.862
189270 300.837
189280 300.832
189290 300.859
189300 300.921
189310 301.01
189320 301.128
189330 301.294
189340 301.517
189350 301.779
189360 302.056
189370 302.333
189380 302.594
189390 302.826
189400 303.026
189410 303.188
189420 303.3
189430 303.363
189440 303.388
189450 303.384
189460 303.357
189470 303.315
189480 303.274
189490 303.244
189500 303.225
189510 303.214
189520 303.21
189530 303.214
189540 303.229
189550 303.253
189560 303.282
189570 303.312
189580 303.333
189590 303.337
189600 303.324
189610 303.309
189620 303.314
189630 303.345
189640 303.396
189650 303.446
189660 303.491
189670 303.545
189680 303.625
189690 303.739
189700 303.873
189710 303.998
189720 304.092
189730 304.152
189740 304.187
189750 304.197
189760 304.184
189770 304.174
189780 304.196
189790 304.253
189800 304.337
189810 304.447
189820 304.573
189830 304.686
189840 304.763
189850 304.808
189860 304.846
189870 304.895
189880 304.949
189890 305.002
189900 305.064
189910 305.139
189920 305.219
189930 305.307
189940 305.406
189950 305.515
189960 305.633
189970 305.753
189980 305.869
189990 305.974
190000 306.066
190010 306.147
190020 306.216
190030 306.278
190040 306.35
190050 306.446
190060 306.565
190070 306.693
190080 306.816
190090 306.928
190100 307.028
190110 307.114
190120 307.19
190130 307.262
190140 307.326
190150 307.365
190160 307.374
190170 307.364
190180 307.342
190190 307.303
190200 307.241
190210 307.167
190220 307.089
190230 307.005
190240 306.897
190250 306.766
190260 306.63
190270 306.511
190280 306.414
190290 306.321
190300 306.221
190310 306.127
190320 306.056
190330 306.017
190340 306.023
190350 306.089
190360 306.211
190370 306.371
190380 306.557
190390 306.767
190400 306.988
190410 307.197
190420 307.374
190430 307.505
190440 307.583
190450 307.608
190460 307.596
190470 307.575
190480 307.567
190490 307.571
190500 307.573
190510 307.564
190520 307.546
190530 307.517
190540 307.48
190550 307.449
190560 307.44
190570 307.453
190580 307.476
190590 307.497
190600 307.522
190610 307.568
190620 307.637
190630 307.715
190640 307.798
190650 307.888
190660 307.972
190670 308.029
190680 308.05
190690 308.038
190700 308
190710 307.95
190720 307.906
190730 307.88
190740 307.864
190750 307.852
190760 307.833
190770 307.795
190780 307.73
190790 307.639
190800 307.528
190810 307.396
190820 307.248
190830 307.098
190840 306.945
190850 306.781
190860 306.609
190870 306.445
190880 306.298
190890 306.169
190900 306.063
190910 305.981
190920 305.908
190930 305.833
190940 305.753
190950 305.668
190960 305.584
190970 305.511
190980 305.44
190990 305.354
191000 305.244
191010 305.109
191020 304.95
191030 304.781
191040 304.615
191050 304.461
191060 304.334
191070 304.253
191080 304.222
191090 304.233
191100 304.274
191110 304.322
191120 304.376
191130 304.445
191140 304.524
191150 304.595
191160 304.654
191170 304.714
191180 304.786
191190 304.861
191200 304.93
191210 304.999
191220 305.082
191230 305.182
191240 305.293
191250 305.422
191260 305.57
191270 305.713
191280 305.829
191290 305.922
191300 305.987
191310 306.029
191320 306.073
191330 306.136
191340 306.218
191350 306.318
191360 306.439
191370 306.571
191380 306.692
191390 306.79
191400 306.88
191410 306.98
191420 307.095
191430 307.217
191440 307.338
191450 307.458
191460 307.58
191470 307.699
191480 307.801
191490 307.878
191500 307.935
191510 307.977
191520 308.011
191530 308.052
191540 308.109
191550 308.189
191560 308.296
191570 308.427
191580 308.573
191590 308.728
191600 308.88
191610 309.024
191620 309.163
191630 309.292
191640 309.396
191650 309.469
191660 309.516
191670 309.536
191680 309.526
191690 309.496
191700 309.455
191710 309.388
191720 309.29
191730 309.182
191740 309.086
191750 308.997
191760 308.908
191770 308.828
191780 308.784
191790 308.792
191800 308.838
191810 308.9
191820 308.959
191830 309.016
191840 309.068
191850 309.109
191860 309.135
191870 309.138
191880 309.11
191890 309.056
191900 308.979
191910 308.885
191920 308.795
191930 308.724
191940 308.672
191950 308.627
191960 308.575
191970 308.511
191980 308.446
191990 308.39
192000 308.348
192010 308.324
192020 308.323
192030 308.343
192040 308.372
192050 308.399
192060 308.41
192070 308.395
192080 308.355
192090 308.305
192100 308.255
192110 308.207
192120 308.166
192130 308.139
192140 308.128
192150 308.147
192160 308.207
192170 308.298
192180 308.406
192190 308.531
192200 308.672
192210 308.817
192220 308.951
192230 309.072
192240 309.174
192250 309.249
192260 309.298
192270 309.345
192280 309.415
192290 309.512
192300 309.618
192310 309.711
192320 309.781
192330 309.823
192340 309.845
192350 309.865
192360 309.892
192370 309.931
192380 309.975
192390 310.019
192400 310.06
192410 310.107
192420 310.185
192430 310.303
192440 310.452
192450 310.613
192460 310.77
192470 310.91
192480 311.022
192490 311.108
192500 311.188
192510 311.284
192520 311.412
192530 311.561
192540 311.709
192550 311.836
192560 311.937
192570 312.013
192580 312.06
192590 312.077
192600 312.07
192610 312.05
192620 312.023
192630 311.985
192640 311.936
192650 311.873
192660 311.797
192670 311.72
192680 311.669
192690 311.666
192700 311.705
192710 311.762
192720 311.812
192730 311.853
192740 311.9
192750 311.966
192760 312.043
192770 312.108
192780 312.156
192790 312.192
192800 312.222
192810 312.24
192820 312.247
192830 312.246
192840 312.24
192850 312.229
192860 312.211
192870 312.182
192880 312.141
192890 312.095
192900 312.064
192910 312.064
192920 312.095
192930 312.146
192940 312.217
192950 312.315
192960 312.432
192970 312.542
192980 312.624
192990 312.666
193000 312.662
193010 312.615
193020 312.548
193030 312.475
193040 312.394
193050 312.298
193060 312.192
193070 312.083
193080 311.976
193090 311.876
193100 311.791
193110 311.718
193120 311.652
193130 311.598
193140 311.558
193150 311.521
193160 311.474
193170 311.417
193180 311.371
193190 311.351
193200 311.363
193210 311.394
193220 311.426
193230 311.443
193240 311.438
193250 311.416
193260 311.38
193270 311.338
193280 311.299
193290 311.275
193300 311.287
193310 311.347
193320 311.449
193330 311.57
193340 311.679
193350 311.761
193360 311.822
193370 311.874
193380 311.931
193390 311.995
193400 312.062
193410 312.122
193420 312.175
193430 312.222
193440 312.264
193450 312.305
193460 312.359
193470 312.438
193480 312.535
193490 312.643
193500 312.755
193510 312.858
193520 312.93
193530 312.968
193540 312.981
193550 312.975
193560 312.95
193570 312.913
193580 312.877
193590 312.842
193600 312.797
193610 312.743
193620 312.698
193630 312.671
193640 312.657
193650 312.645
193660 312.635
193670 312.634
193680 312.64
193690 312.647
193700 312.653
193710 312.651
193720 312.617
193730 312.536
193740 312.426
193750 312.312
193760 312.199
193770 312.074
193780 311.936
193790 311.798
193800 311.669
193810 311.54
193820 311.414
193830 311.304
193840 311.207
193850 311.108
193860 311.004
193870 310.898
193880 310.79
193890 310.671
193900 310.537
193910 310.399
193920 310.274
193930 310.177
193940 310.111
193950 310.071
193960 310.055
193970 310.053
193980 310.055
193990 310.054
194000 310.049
194010 310.038
194020 310.016
194030 309.98
194040 309.935
194050 309.887
194060 309.841
194070 309.803
194080 309.773
194090 309.745
194100 309.723
194110 309.72
194120 309.746
194130 309.791
194140 309.832
194150 309.852
194160 309.86
194170 309.87
194180 309.881
194190 309.9
194200 309.947
194210 310.028
194220 310.133
194230 310.257
194240 310.384
194250 310.483
194260 310.536
194270 310.556
194280 310.557
194290 310.535
194300 310.487
194310 310.422
194320 310.346
194330 310.255
194340 310.147
194350 310.038
194360 309.933
194370 309.823
194380 309.709
194390 309.601
194400 309.508
194410 309.437
194420 309.389
194430 309.357
194440 309.33
194450 309.295
194460 309.246
194470 309.189
194480 309.14
194490 309.115
194500 309.123
194510 309.166
194520 309.23
194530 309.301
194540 309.376
194550 309.458
194560 309.548
194570 309.629
194580 309.692
194590 309.745
194600 309.785
194610 309.793
194620 309.763
194630 309.714
194640 309.678
194650 309.68
194660 309.719
194670 309.781
194680 309.857
194690 309.944
194700 310.035
194710 310.122
194720 310.204
194730 310.273
194740 310.31
194750 310.306
194760 310.258
194770 310.17
194780 310.045
194790 309.889
194800 309.717
194810 309.54
194820 309.362
194830 309.202
194840 309.084
194850 309.012
194860 308.969
194870 308.953
194880 308.975
194890 309.035
194900 309.113
194910 309.192
194920 309.264
194930 309.323
194940 309.355
194950 309.358
194960 309.339
194970 309.303
194980 309.252
194990 309.199
195000 309.165
195010 309.16
195020 309.186
195030 309.251
195040 309.36
195050 309.503
195060 309.665
195070 309.839
195080 310.021
195090 310.202
195100 310.369
195110 310.518
195120 310.641
195130 310.736
195140 310.822
195150 310.909
195160 310.999
195170 311.093
195180 311.191
195190 311.286
195200 311.365
195210 311.422
195220 311.45
195230 311.45
195240 311.444
195250 311.452
195260 311.48
195270 311.522
195280 311.563
195290 311.591
195300 311.602
195310 311.604
195320 311.604
195330 311.613
195340 311.633
195350 311.662
195360 311.684
195370 311.684
195380 311.669
195390 311.662
195400 311.687
195410 311.742
195420 311.826
195430 311.931
195440 312.037
195450 312.123
195460 312.183
195470 312.225
195480 312.259
195490 312.299
195500 312.358
195510 312.438
195520 312.534
195530 312.64
195540 312.76
195550 312.901
195560 313.068
195570 313.259
195580 313.465
195590 313.675
195600 313.881
195610 314.08
195620 314.276
195630 314.466
195640 314.638
195650 314.777
195660 314.887
195670 314.983
195680 315.071
195690 315.149
195700 315.227
195710 315.314
195720 315.403
195730 315.478
195740 315.536
195750 315.58
195760 315.602
195770 315.594
195780 315.564
195790 315.523
195800 315.471
195810 315.408
195820 315.343
195830 315.289
195840 315.249
195850 315.212
195860 315.167
195870 315.119
195880 315.078
195890 315.042
195900 314.996
195910 314.935
195920 314.866
195930 314.79
195940 314.702
195950 314.599
195960 314.488
195970 314.373
195980 314.266
195990 314.187
196000 314.153
196010 314.157
196020 314.176
196030 314.197
196040 314.217
196050 314.229
196060 314.236
196070 314.233
196080 314.209
196090 314.167
196100 314.128
196110 314.105
196120 314.086
196130 314.05
196140 313.99
196150 313.914
196160 313.826
196170 313.737
196180 313.67
196190 313.641
196200 313.645
196210 313.667
196220 313.695
196230 313.732
196240 313.784
196250 313.846
196260 313.911
196270 313.97
196280 314.021
196290 314.064
196300 314.108
196310 314.165
196320 314.228
196330 314.273
196340 314.297
196350 314.317
196360 314.336
196370 314.341
196380 314.33
196390 314.306
196400 314.274
196410 314.236
196420 314.195
196430 314.166
196440 314.158
196450 314.169
196460 314.194
196470 314.233
196480 314.279
196490 314.327
196500 314.389
196510 314.479
196520 314.589
196530 314.708
196540 314.84
196550 314.984
196560 315.125
196570 315.254
196580 315.364
196590 315.45
196600 315.504
196610 315.529
196620 315.53
196630 315.503
196640 315.458
196650 315.423
196660 315.421
196670 315.459
196680 315.535
196690 315.634
196700 315.725
196710 315.785
196720 315.816
196730 315.825
196740 315.808
196750 315.765
196760 315.707
196770 315.653
196780 315.624
196790 315.627
196800 315.652
196810 315.682
196820 315.698
196830 315.694
196840 315.675
196850 315.648
196860 315.606
196870 315.534
196880 315.425
196890 315.283
196900 315.119
196910 314.944
196920 314.766
196930 314.586
196940 314.407
196950 314.244
196960 314.113
196970 314.028
196980 313.996
196990 314.013
197000 314.058
197010 314.109
197020 314.157
197030 314.181
197040 314.169
197050 314.137
197060 314.109
197070 314.088
197080 314.057
197090 314.011
197100 313.962
197110 313.922
197120 313.884
197130 313.834
197140 313.767
197150 313.698
197160 313.651
197170 313.639
197180 313.658
197190 313.694
197200 313.731
197210 313.759
197220 313.768
197230 313.745
197240 313.684
197250 313.599
197260 313.52
197270 313.465
197280 313.433
197290 313.415
197300 313.408
197310 313.416
197320 313.441
197330 313.487
197340 313.56
197350 313.663
197360 313.789
197370 313.922
197380 314.041
197390 314.134
197400 314.204
197410 314.254
197420 314.278
197430 314.279
197440 314.278
197450 314.295
197460 314.342
197470 314.421
197480 314.521
197490 314.629
197500 314.733
197510 314.823
197520 314.895
197530 314.954
197540 315.008
197550 315.07
197560 315.148
197570 315.241
197580 315.341
197590 315.441
197600 315.538
197610 315.628
197620 315.702
197630 315.755
197640 315.793
197650 315.823
197660 315.844
197670 315.854
197680 315.853
197690 315.836
197700 315.807
197710 315.781
197720 315.772
197730 315.79
197740 315.825
197750 315.868
197760 315.913
197770 315.961
197780 316.012
197790 316.073
197800 316.144
197810 316.218
197820 316.282
197830 316.335
197840 316.396
197850 316.471
197860 316.547
197870 316.617
197880 316.694
197890 316.78
197900 316.86
197910 316.92
197920 316.955
197930 316.968
197940 316.966
197950 316.968
197960 316.991
197970 317.034
197980 317.086
197990 317.143
198000 317.203
198010 317.254
198020 317.276
198030 317.262
198040 317.221
198050 317.165
198060 317.106
198070 317.05
198080 317.01
198090 316.993
198100 316.992
198110 317.007
198120 317.047
198130 317.111
198140 317.185
198150 317.254
198160 317.314
198170 317.374
198180 317.44
198190 317.51
198200 317.584
198210 317.665
198220 317.757
198230 317.864
198240 317.976
198250 318.078
198260 318.163
198270 318.241
198280 318.3
198290 318.32
198300 318.304
198310 318.269
198320 318.229
198330 318.187
198340 318.146
198350 318.107
198360 318.074
198370 318.049
198380 318.041
198390 318.059
198400 318.108
198410 318.196
198420 318.311
198430 318.429
198440 318.536
198450 318.639
198460 318.75
198470 318.861
198480 318.958
198490 319.039
198500 319.114
198510 319.18
198520 319.226
198530 319.247
198540 319.264
198550 319.298
198560 319.354
198570 319.425
198580 319.515
198590 319.631
198600 319.768
198610 319.909
198620 320.036
198630 320.144
198640 320.234
198650 320.301
198660 320.338
198670 320.34
198680 320.302
198690 320.217
198700 320.082
198710 319.909
198720 319.716
198730 319.516
198740 319.322
198750 319.145
198760 318.997
198770 318.877
198780 318.774
198790 318.682
198800 318.6
198810 318.526
198820 318.463
198830 318.414
198840 318.362
198850 318.276
198860 318.145
198870 317.987
198880 317.82
198890 317.652
198900 317.493
198910 317.368
198920 317.304
198930 317.308
198940 317.359
198950 317.431
198960 317.512
198970 317.596
198980 317.669
198990 317.704
199000 317.692
199010 317.642
199020 317.571
199030 317.494
199040 317.424
199050 317.36
199060 317.284
199070 317.189
199080 317.085
199090 316.977
199100 316.862
199110 316.743
199120 316.635
199130 316.548
199140 316.48
199150 316.436
199160 316.427
199170 316.456
199180 316.503
199190 316.553
199200 316.588
199210 316.592
199220 316.562
199230 316.505
199240 316.432
199250 316.362
199260 316.312
199270 316.291
199280 316.297
199290 316.325
199300 316.377
199310 316.459
199320 316.578
199330 316.729
199340 316.896
199350 317.057
199360 317.197
199370 317.308
199380 317.389
199390 317.447
199400 317.479
199410 317.485
199420 317.487
199430 317.51
199440 317.549
199450 317.597
199460 317.661
199470 317.745
199480 317.836
199490 317.918
199500 317.984
199510 318.036
199520 318.072
199530 318.083
199540 318.058
199550 318.003
199560 317.945
199570 317.907
199580 317.889
199590 317.874
199600 317.856
199610 317.84
199620 317.823
199630 317.799
199640 317.755
199650 317.691
199660 317.619
199670 317.547
199680 317.478
199690 317.404
199700 317.323
199710 317.247
199720 317.183
199730 317.133
199740 317.104
199750 317.088
199760 317.062
199770 317.025
199780 316.988
199790 316.959
199800 316.93
199810 316.894
199820 316.852
199830 316.812
199840 316.78
199850 316.765
199860 316.772
199870 316.796
199880 316.815
199890 316.816
199900 316.802
199910 316.779
199920 316.763
199930 316.776
199940 316.83
199950 316.912
199960 317.001
199970 317.09
199980 317.171
199990 317.232
200000 317.277
