# Time-averaged data for fix msdo
# TimeStep c_mo[4]
0 1.64359e-29
10 0.00449451
20 0.0173084
30 0.0359629
40 0.0567326
50 0.0771289
60 0.095602
70 0.110819
80 0.122888
90 0.133371
100 0.143797
110 0.156821
120 0.1735
130 0.192358
140 0.211548
150 0.229914
160 0.247985
170 0.265693
180 0.282473
190 0.298605
200 0.313962
210 0.327751
220 0.341225
230 0.356027
240 0.372188
250 0.387919
260 0.400554
270 0.410267
280 0.418774
290 0.424761
300 0.426551
310 0.427288
320 0.430122
330 0.435106
340 0.441442
350 0.448322
360 0.455441
370 0.462847
380 0.471182
390 0.479382
400 0.48378
410 0.484177
420 0.485353
430 0.490477
440 0.498828
450 0.510023
460 0.52265
470 0.532729
480 0.538136
490 0.541607
500 0.546508
510 0.553185
520 0.55931
530 0.564857
540 0.57055
550 0.576302
560 0.582339
570 0.589168
580 0.595474
590 0.600487
600 0.605552
610 0.612704
620 0.622712
630 0.634075
640 0.645393
650 0.654912
660 0.660436
670 0.663165
680 0.665132
690 0.665863
700 0.665399
710 0.666592
720 0.670066
730 0.673276
740 0.677027
750 0.682332
760 0.687642
770 0.691805
780 0.696212
790 0.7014
800 0.705124
810 0.707182
820 0.709274
830 0.711017
840 0.712681
850 0.717488
860 0.725678
870 0.73248
880 0.736255
890 0.739003
900 0.741638
910 0.745294
920 0.751337
930 0.758953
940 0.766916
950 0.774904
960 0.782044
970 0.787294
980 0.790974
990 0.793474
1000 0.796475
1010 0.801196
1020 0.807843
1030 0.816985
1040 0.82576
1050 0.830431
1060 0.831379
1070 0.829678
1080 0.825566
1090 0.820697
1100 0.818427
1110 0.820519
1120 0.825617
1130 0.830652
1140 0.833784
1150 0.835074
1160 0.833665
1170 0.831357
1180 0.8326
1190 0.83922
1200 0.849461
1210 0.861639
1220 0.87591
1230 0.893374
1240 0.910537
1250 0.92431
1260 0.934313
1270 0.941393
1280 0.948101
1290 0.954994
1300 0.959783
1310 0.96063
1320 0.958593
1330 0.958547
1340 0.962298
1350 0.968722
1360 0.973808
1370 0.977159
1380 0.979213
1390 0.980439
1400 0.982464
1410 0.986203
1420 0.992519
1430 1.00126
1440 1.01218
1450 1.02363
1460 1.03338
1470 1.04155
1480 1.04946
1490 1.05704
1500 1.06677
1510 1.07908
1520 1.09092
1530 1.10318
1540 1.11938
1550 1.13896
1560 1.15576
1570 1.16594
1580 1.17234
1590 1.17966
1600 1.18687
1610 1.19068
1620 1.19325
1630 1.19743
1640 1.20141
1650 1.20453
1660 1.20916
1670 1.21842
1680 1.23144
1690 1.2459
1700 1.26327
1710 1.28187
1720 1.29886
1730 1.31411
1740 1.32838
1750 1.34168
1760 1.35142
1770 1.35846
1780 1.36579
1790 1.37372
1800 1.37998
1810 1.38378
1820 1.38485
1830 1.38396
1840 1.38287
1850 1.38281
1860 1.3833
1870 1.38378
1880 1.38439
1890 1.38466
1900 1.38449
1910 1.38495
1920 1.38767
1930 1.39248
1940 1.40024
1950 1.4099
1960 1.41923
1970 1.42616
1980 1.43197
1990 1.43758
2000 1.44166
2010 1.44255
2020 1.4432
2030 1.44829
2040 1.45702
2050 1.46493
2060 1.47001
2070 1.47522
2080 1.48396
2090 1.49757
2100 1.51386
2110 1.53036
2120 1.54388
2130 1.55319
2140 1.55901
2150 1.55976
2160 1.55499
2170 1.54862
2180 1.54414
2190 1.54098
2200 1.53957
2210 1.54177
2220 1.54504
2230 1.54851
2240 1.55317
2250 1.55966
2260 1.56738
2270 1.57386
2280 1.57664
2290 1.57518
2300 1.57239
2310 1.57211
2320 1.57569
2330 1.58125
2340 1.58632
2350 1.58873
2360 1.58915
2370 1.59201
2380 1.59801
2390 1.60291
2400 1.60478
2410 1.60937
2420 1.61941
2430 1.6315
2440 1.63949
2450 1.64131
2460 1.64017
2470 1.6403
2480 1.64764
2490 1.66472
2500 1.6866
2510 1.70744
2520 1.72433
2530 1.73676
2540 1.74535
2550 1.75168
2560 1.75762
2570 1.7647
2580 1.77281
2590 1.78175
2600 1.79185
2610 1.80093
2620 1.80596
2630 1.80799
2640 1.81037
2650 1.81562
2660 1.82243
2670 1.83107
2680 1.84121
2690 1.85234
2700 1.86367
2710 1.87422
2720 1.883
2730 1.88894
2740 1.89144
2750 1.89032
2760 1.88601
2770 1.8801
2780 1.87549
2790 1.87358
2800 1.87494
2810 1.8778
2820 1.8773
2830 1.87206
2840 1.86404
2850 1.8541
2860 1.84426
2870 1.84053
2880 1.8458
2890 1.85424
2900 1.86074
2910 1.86399
2920 1.86521
2930 1.86584
2940 1.86692
2950 1.8672
2960 1.86538
2970 1.86666
2980 1.87366
2990 1.87984
3000 1.87868
3010 1.87251
3020 1.86567
3030 1.85924
3040 1.85292
3050 1.84954
3060 1.8518
3070 1.85847
3080 1.86705
3090 1.87228
3100 1.87201
3110 1.86849
3120 1.86363
3130 1.86056
3140 1.86152
3150 1.86313
3160 1.86292
3170 1.86405
3180 1.86757
3190 1.87161
3200 1.87548
3210 1.88223
3220 1.89146
3230 1.89622
3240 1.89393
3250 1.88696
3260 1.8794
3270 1.87384
3280 1.87458
3290 1.88391
3300 1.89509
3310 1.9034
3320 1.91085
3330 1.92005
3340 1.92901
3350 1.93443
3360 1.93613
3370 1.93606
3380 1.93591
3390 1.93696
3400 1.94186
3410 1.94959
3420 1.95448
3430 1.95212
3440 1.94906
3450 1.95088
3460 1.95604
3470 1.96219
3480 1.96966
3490 1.97911
3500 1.98845
3510 1.9961
3520 2.00038
3530 2.0011
3540 2.00141
3550 2.00213
3560 2.00481
3570 2.01349
3580 2.02688
3590 2.04153
3600 2.05495
3610 2.0662
3620 2.07486
3630 2.08193
3640 2.08929
3650 2.09801
3660 2.10888
3670 2.12379
3680 2.14254
3690 2.16186
3700 2.17984
3710 2.19733
3720 2.21309
3730 2.22396
3740 2.23131
3750 2.23801
3760 2.24442
3770 2.2481
3780 2.25111
3790 2.25748
3800 2.26692
3810 2.2747
3820 2.27821
3830 2.27651
3840 2.27099
3850 2.26304
3860 2.25566
3870 2.2517
3880 2.24851
3890 2.24215
3900 2.23224
3910 2.22408
3920 2.22307
3930 2.22705
3940 2.23124
3950 2.232
3960 2.23115
3970 2.2325
3980 2.23501
3990 2.24064
4000 2.254
4010 2.27432
4020 2.29424
4030 2.30613
4040 2.30877
4050 2.30849
4060 2.31047
4070 2.31223
4080 2.311
4090 2.31074
4100 2.3141
4110 2.317
4120 2.31874
4130 2.32439
4140 2.3319
4150 2.33612
4160 2.33616
4170 2.33381
4180 2.32962
4190 2.32352
4200 2.31717
4210 2.31444
4220 2.3175
4230 2.32554
4240 2.33428
4250 2.33953
4260 2.34192
4270 2.34471
4280 2.34889
4290 2.35509
4300 2.36481
4310 2.37818
4320 2.39419
4330 2.41054
4340 2.42564
4350 2.44055
4360 2.45284
4370 2.46102
4380 2.46744
4390 2.47215
4400 2.47781
4410 2.48851
4420 2.50386
4430 2.51956
4440 2.53218
4450 2.53853
4460 2.5384
4470 2.53426
4480 2.53216
4490 2.53654
4500 2.54647
4510 2.55894
4520 2.57279
4530 2.58676
4540 2.59997
4550 2.60927
4560 2.61313
4570 2.61112
4580 2.60548
4590 2.60088
4600 2.59687
4610 2.59041
4620 2.58454
4630 2.58298
4640 2.5826
4650 2.58526
4660 2.59512
4670 2.6095
4680 2.6217
4690 2.63039
4700 2.63902
4710 2.6469
4720 2.65166
4730 2.65271
4740 2.65267
4750 2.65298
4760 2.65623
4770 2.66436
4780 2.67687
4790 2.69338
4800 2.71588
4810 2.74206
4820 2.76677
4830 2.7846
4840 2.79218
4850 2.79343
4860 2.79327
4870 2.79275
4880 2.79006
4890 2.78251
4900 2.7729
4910 2.76398
4920 2.75512
4930 2.74638
4940 2.74084
4950 2.74032
4960 2.74487
4970 2.7537
4980 2.76145
4990 2.76741
5000 2.77082
5010 2.76793
5020 2.75824
5030 2.74466
5040 2.73393
5050 2.73264
5060 2.74374
5070 2.76531
5080 2.78951
5090 2.80703
5100 2.81494
5110 2.81608
5120 2.81244
5130 2.80321
5140 2.79311
5150 2.78658
5160 2.78417
5170 2.78789
5180 2.80008
5190 2.81551
5200 2.82932
5210 2.8384
5220 2.84261
5230 2.845
5240 2.84792
5250 2.85259
5260 2.85888
5270 2.86657
5280 2.8784
5290 2.89751
5300 2.92479
5310 2.95792
5320 2.98884
5330 3.01106
5340 3.02408
5350 3.03349
5360 3.04176
5370 3.0485
5380 3.05427
5390 3.06061
5400 3.0645
5410 3.06469
5420 3.06334
5430 3.06115
5440 3.05818
5450 3.05399
5460 3.04732
5470 3.03807
5480 3.02972
5490 3.02389
5500 3.02215
5510 3.02753
5520 3.03858
5530 3.05445
5540 3.07178
5550 3.08987
5560 3.10535
5570 3.11473
5580 3.11885
5590 3.12193
5600 3.12655
5610 3.13358
5620 3.14386
5630 3.159
5640 3.17755
5650 3.19855
5660 3.21934
5670 3.23662
5680 3.2512
5690 3.26675
5700 3.28447
5710 3.30086
5720 3.31276
5730 3.31583
5740 3.31119
5750 3.30609
5760 3.30867
5770 3.32101
5780 3.3396
5790 3.36097
5800 3.38096
5810 3.39656
5820 3.40323
5830 3.402
5840 3.39696
5850 3.38793
5860 3.37631
5870 3.36915
5880 3.36779
5890 3.36799
5900 3.36666
5910 3.36133
5920 3.35234
5930 3.34323
5940 3.34271
5950 3.35412
5960 3.37147
5970 3.3867
5980 3.39534
5990 3.395
6000 3.38847
6010 3.38226
6020 3.38075
6030 3.38219
6040 3.38249
6050 3.38146
6060 3.37876
6070 3.37638
6080 3.37816
6090 3.38376
6100 3.39123
6110 3.39737
6120 3.40483
6130 3.41634
6140 3.4318
6150 3.44788
6160 3.46293
6170 3.47277
6180 3.47628
6190 3.47711
6200 3.47908
6210 3.48755
6220 3.50195
6230 3.5138
6240 3.51717
6250 3.51583
6260 3.51749
6270 3.52441
6280 3.53155
6290 3.53699
6300 3.5434
6310 3.55051
6320 3.55435
6330 3.55762
6340 3.56416
6350 3.5698
6360 3.56859
6370 3.56077
6380 3.55189
6390 3.54601
6400 3.54935
6410 3.56171
6420 3.57473
6430 3.58444
6440 3.59201
6450 3.5972
6460 3.59647
6470 3.59099
6480 3.58373
6490 3.57873
6500 3.57853
6510 3.58536
6520 3.5975
6530 3.60767
6540 3.61193
6550 3.6128
6560 3.61387
6570 3.61479
6580 3.61723
6590 3.62294
6600 3.63194
6610 3.64025
6620 3.64391
6630 3.64658
6640 3.65285
6650 3.66547
6660 3.68747
6670 3.7123
6680 3.72583
6690 3.72776
6700 3.72964
6710 3.73783
6720 3.74891
6730 3.75647
6740 3.75691
6750 3.74891
6760 3.73672
6770 3.72368
6780 3.71266
6790 3.71037
6800 3.72058
6810 3.73971
6820 3.7602
6830 3.77679
6840 3.78851
6850 3.79626
6860 3.79651
6870 3.78806
6880 3.77633
6890 3.76826
6900 3.7644
6910 3.76054
6920 3.75612
6930 3.75374
6940 3.75236
6950 3.75226
6960 3.75529
6970 3.76132
6980 3.7676
6990 3.76782
7000 3.76082
7010 3.75173
7020 3.74441
7030 3.74025
7040 3.74134
7050 3.74748
7060 3.76007
7070 3.77855
7080 3.79702
7090 3.81072
7100 3.82244
7110 3.83503
7120 3.84908
7130 3.86067
7140 3.86577
7150 3.86121
7160 3.84932
7170 3.8374
7180 3.83132
7190 3.83087
7200 3.83446
7210 3.84083
7220 3.84989
7230 3.86387
7240 3.87935
7250 3.89005
7260 3.89794
7270 3.91389
7280 3.93718
7290 3.9593
7300 3.97573
7310 3.98526
7320 3.98688
7330 3.98293
7340 3.9784
7350 3.97647
7360 3.97669
7370 3.97883
7380 3.98483
7390 3.99449
7400 4.0017
7410 4.0002
7420 3.99094
7430 3.97736
7440 3.96387
7450 3.95552
7460 3.95219
7470 3.95309
7480 3.96102
7490 3.97437
7500 3.98691
7510 3.99828
7520 4.0085
7530 4.01479
7540 4.0143
7550 4.01141
7560 4.00891
7570 4.00403
7580 3.99435
7590 3.98753
7600 3.98717
7610 3.9894
7620 3.99029
7630 3.98797
7640 3.98164
7650 3.97442
7660 3.96844
7670 3.96569
7680 3.96471
7690 3.96286
7700 3.9641
7710 3.97049
7720 3.98026
7730 3.9939
7740 4.01267
7750 4.03407
7760 4.05661
7770 4.08017
7780 4.10646
7790 4.13122
7800 4.14953
7810 4.16518
7820 4.18265
7830 4.19994
7840 4.21354
7850 4.22727
7860 4.24602
7870 4.26346
7880 4.26998
7890 4.26446
7900 4.25373
7910 4.24088
7920 4.22567
7930 4.2102
7940 4.20131
7950 4.20309
7960 4.21724
7970 4.24055
7980 4.26484
7990 4.28456
8000 4.29705
8010 4.29847
8020 4.29107
8030 4.28092
8040 4.27157
8050 4.26833
8060 4.27338
8070 4.28534
8080 4.30358
8090 4.32518
8100 4.34544
8110 4.36104
8120 4.3726
8130 4.37981
8140 4.38525
8150 4.38949
8160 4.39419
8170 4.40134
8180 4.40866
8190 4.41482
8200 4.42227
8210 4.4349
8220 4.45325
8230 4.47164
8240 4.48357
8250 4.4865
8260 4.47855
8270 4.46429
8280 4.44719
8290 4.4309
8300 4.42076
8310 4.41973
8320 4.42536
8330 4.43122
8340 4.43817
8350 4.44441
8360 4.4464
8370 4.44246
8380 4.43692
8390 4.43627
8400 4.44439
8410 4.45752
8420 4.4704
8430 4.4825
8440 4.49453
8450 4.50357
8460 4.50892
8470 4.51066
8480 4.50702
8490 4.49913
8500 4.48938
8510 4.48339
8520 4.48217
8530 4.4844
8540 4.48944
8550 4.49596
8560 4.4976
8570 4.49286
8580 4.48651
8590 4.48316
8600 4.4823
8610 4.48949
8620 4.51193
8630 4.54163
8640 4.5667
8650 4.58291
8660 4.58961
8670 4.58906
8680 4.58287
8690 4.57069
8700 4.55284
8710 4.53476
8720 4.52376
8730 4.5201
8740 4.52
8750 4.52354
8760 4.52966
8770 4.53347
8780 4.53155
8790 4.52869
8800 4.53261
8810 4.54422
8820 4.56179
8830 4.57925
8840 4.59191
8850 4.59943
8860 4.60407
8870 4.60381
8880 4.59231
8890 4.57212
8900 4.55472
8910 4.54621
8920 4.54721
8930 4.554
8940 4.56405
8950 4.57983
8960 4.60264
8970 4.62584
8980 4.64406
8990 4.65952
9000 4.6767
9010 4.69742
9020 4.71958
9030 4.73453
9040 4.7399
9050 4.73815
9060 4.7369
9070 4.74166
9080 4.75061
9090 4.76069
9100 4.77002
9110 4.77873
9120 4.78882
9130 4.80085
9140 4.80946
9150 4.81036
9160 4.80588
9170 4.80632
9180 4.81582
9190 4.82893
9200 4.84283
9210 4.8594
9220 4.88024
9230 4.90482
9240 4.93082
9250 4.95353
9260 4.9667
9270 4.96707
9280 4.96029
9290 4.9546
9300 4.9573
9310 4.96492
9320 4.96991
9330 4.97034
9340 4.96357
9350 4.95233
9360 4.94303
9370 4.93106
9380 4.91276
9390 4.89385
9400 4.88025
9410 4.87334
9420 4.87467
9430 4.87971
9440 4.87986
9450 4.87052
9460 4.85202
9470 4.83104
9480 4.817
9490 4.80782
9500 4.79598
9510 4.78784
9520 4.78572
9530 4.78453
9540 4.7833
9550 4.78744
9560 4.7964
9570 4.80541
9580 4.81266
9590 4.8235
9600 4.83948
9610 4.8593
9620 4.87934
9630 4.89753
9640 4.91442
9650 4.92825
9660 4.93437
9670 4.93346
9680 4.93019
9690 4.92902
9700 4.93022
9710 4.92947
9720 4.9244
9730 4.92028
9740 4.92094
9750 4.9216
9760 4.92167
9770 4.92697
9780 4.94158
9790 4.96024
9800 4.97843
9810 4.99322
9820 5.00025
9830 5.00073
9840 5.0041
9850 5.01053
9860 5.01732
9870 5.02693
9880 5.03849
9890 5.04774
9900 5.05649
9910 5.06737
9920 5.07517
9930 5.06836
9940 5.04766
9950 5.02213
9960 5.00033
9970 4.98386
9980 4.9718
9990 4.96532
10000 4.96148
10010 4.95925
10020 4.95873
10030 4.95402
10040 4.94033
10050 4.92226
10060 4.90724
10070 4.89866
10080 4.89887
10090 4.90445
10100 4.90744
10110 4.90509
10120 4.90125
10130 4.90142
10140 4.90669
10150 4.9118
10160 4.91487
10170 4.91633
10180 4.91822
10190 4.92335
10200 4.93176
10210 4.94709
10220 4.97014
10230 4.99382
10240 5.01655
10250 5.04347
10260 5.07267
10270 5.09923
10280 5.11969
10290 5.12854
10300 5.12401
10310 5.10754
10320 5.08393
10330 5.06062
10340 5.04163
10350 5.02818
10360 5.02116
10370 5.01551
10380 5.00689
10390 4.99876
10400 4.99441
10410 4.98807
10420 4.97889
10430 4.97286
10440 4.97317
10450 4.97986
10460 4.99374
10470 5.01418
10480 5.03401
10490 5.0494
10500 5.06177
10510 5.07146
10520 5.07485
10530 5.07592
10540 5.08156
10550 5.09481
10560 5.11198
10570 5.12525
10580 5.13622
10590 5.14621
10600 5.14993
10610 5.14601
10620 5.13784
10630 5.13454
10640 5.14143
10650 5.15247
10660 5.15708
10670 5.15497
10680 5.15411
10690 5.15394
10700 5.1481
10710 5.13892
10720 5.13285
10730 5.12995
10740 5.12672
10750 5.12233
10760 5.11495
10770 5.10462
10780 5.09727
10790 5.09686
10800 5.10123
10810 5.10775
10820 5.12298
10830 5.14635
10840 5.16932
10850 5.19001
10860 5.20787
10870 5.2163
10880 5.21473
10890 5.20826
10900 5.20132
10910 5.19766
10920 5.19896
10930 5.20211
10940 5.20672
10950 5.2119
10960 5.21607
10970 5.2201
10980 5.2262
10990 5.23083
11000 5.22872
11010 5.22285
11020 5.22363
11030 5.23353
11040 5.25129
11050 5.27066
11060 5.28658
11070 5.29593
11080 5.2983
11090 5.2989
11100 5.29998
11110 5.30149
11120 5.30567
11130 5.31387
11140 5.32249
11150 5.33125
11160 5.3476
11170 5.37563
11180 5.40837
11190 5.43941
11200 5.46613
11210 5.48977
11220 5.51298
11230 5.5349
11240 5.5556
11250 5.57711
11260 5.60221
11270 5.63039
11280 5.65471
11290 5.67205
11300 5.68438
11310 5.68907
11320 5.6837
11330 5.67741
11340 5.68122
11350 5.6943
11360 5.70357
11370 5.70398
11380 5.70588
11390 5.71857
11400 5.73272
11410 5.73871
11420 5.73823
11430 5.73379
11440 5.72484
11450 5.71086
11460 5.6921
11470 5.67447
11480 5.66321
11490 5.65824
11500 5.65742
11510 5.66029
11520 5.66577
11530 5.67459
11540 5.68671
11550 5.69422
11560 5.69217
11570 5.68645
11580 5.6774
11590 5.65973
11600 5.63875
11610 5.62498
11620 5.62026
11630 5.62332
11640 5.63428
11650 5.64911
11660 5.65843
11670 5.66214
11680 5.66344
11690 5.65962
11700 5.64942
11710 5.64539
11720 5.65922
11730 5.68503
11740 5.71211
11750 5.73624
11760 5.75371
11770 5.76817
11780 5.78374
11790 5.79943
11800 5.81238
11810 5.82379
11820 5.83562
11830 5.84795
11840 5.85409
11850 5.8539
11860 5.85416
11870 5.85812
11880 5.86564
11890 5.87145
11900 5.87858
11910 5.89064
11920 5.90451
11930 5.91468
11940 5.91658
11950 5.91122
11960 5.90423
11970 5.89452
11980 5.87992
11990 5.86783
12000 5.86576
12010 5.87238
12020 5.8849
12030 5.90408
12040 5.92389
12050 5.93599
12060 5.93939
12070 5.93329
12080 5.91639
12090 5.89227
12100 5.86626
12110 5.84244
12120 5.82718
12130 5.82358
12140 5.82636
12150 5.82589
12160 5.81913
12170 5.81267
12180 5.81036
12190 5.81465
12200 5.82877
12210 5.84806
12220 5.86782
12230 5.89053
12240 5.91415
12250 5.93631
12260 5.95371
12270 5.96149
12280 5.96297
12290 5.96127
12300 5.95633
12310 5.95163
12320 5.95441
12330 5.96119
12340 5.96607
12350 5.97104
12360 5.9762
12370 5.98308
12380 5.99611
12390 6.01441
12400 6.03218
12410 6.05061
12420 6.0726
12430 6.09827
12440 6.12235
12450 6.13943
12460 6.14994
12470 6.15772
12480 6.16346
12490 6.17073
12500 6.18064
12510 6.18814
12520 6.18638
12530 6.18255
12540 6.18453
12550 6.19106
12560 6.20076
12570 6.21052
12580 6.2121
12590 6.20494
12600 6.1982
12610 6.18987
12620 6.17471
12630 6.15322
12640 6.12688
12650 6.09899
12660 6.07578
12670 6.0571
12680 6.04288
12690 6.03961
12700 6.04789
12710 6.0615
12720 6.07505
12730 6.08682
12740 6.09475
12750 6.092
12760 6.0811
12770 6.07345
12780 6.07219
12790 6.07421
12800 6.08217
12810 6.0981
12820 6.11329
12830 6.1205
12840 6.12044
12850 6.11113
12860 6.08841
12870 6.05586
12880 6.01948
12890 5.98409
12900 5.95653
12910 5.94297
12920 5.94619
12930 5.95983
12940 5.97199
12950 5.97459
12960 5.9658
12970 5.94726
12980 5.92406
12990 5.90509
13000 5.89573
13010 5.88996
13020 5.88471
13030 5.88554
13040 5.8943
13050 5.90415
13060 5.91058
13070 5.91469
13080 5.91507
13090 5.91395
13100 5.91649
13110 5.92401
13120 5.93732
13130 5.9601
13140 5.98839
13150 6.00827
13160 6.0103
13170 5.99851
13180 5.9825
13190 5.96855
13200 5.96071
13210 5.96122
13220 5.97125
13230 5.98886
13240 6.00984
13250 6.02541
13260 6.03044
13270 6.02595
13280 6.02118
13290 6.02508
13300 6.04377
13310 6.07201
13320 6.1008
13330 6.12592
13340 6.14622
13350 6.15599
13360 6.15615
13370 6.15478
13380 6.1556
13390 6.15902
13400 6.1633
13410 6.16387
13420 6.15851
13430 6.15072
13440 6.14979
13450 6.16114
13460 6.17954
13470 6.19589
13480 6.21029
13490 6.23156
13500 6.26023
13510 6.28976
13520 6.31085
13530 6.3214
13540 6.3262
13550 6.32871
13560 6.33165
13570 6.33689
13580 6.344
13590 6.35124
13600 6.35621
13610 6.35702
13620 6.36079
13630 6.37718
13640 6.40183
13650 6.41985
13660 6.41607
13670 6.3889
13680 6.35425
13690 6.32518
13700 6.3013
13710 6.28355
13720 6.27287
13730 6.26869
13740 6.26682
13750 6.26545
13760 6.26419
13770 6.26428
13780 6.26605
13790 6.2678
13800 6.2686
13810 6.2683
13820 6.26271
13830 6.24513
13840 6.21768
13850 6.19137
13860 6.17375
13870 6.1656
13880 6.16809
13890 6.18096
13900 6.19763
13910 6.21773
13920 6.24569
13930 6.27702
13940 6.29596
13950 6.29823
13960 6.29565
13970 6.29855
13980 6.30796
13990 6.3199
14000 6.32937
14010 6.33941
14020 6.35511
14030 6.37732
14040 6.3974
14050 6.40888
14060 6.4172
14070 6.43185
14080 6.4496
14090 6.46536
14100 6.47875
14110 6.49092
14120 6.50009
14130 6.50596
14140 6.51137
14150 6.51812
14160 6.52231
14170 6.51981
14180 6.5167
14190 6.51522
14200 6.50974
14210 6.50091
14220 6.49004
14230 6.47935
14240 6.47022
14250 6.4681
14260 6.47673
14270 6.49049
14280 6.50226
14290 6.51605
14300 6.53643
14310 6.55804
14320 6.58108
14330 6.60309
14340 6.624
14350 6.64711
14360 6.67398
14370 6.70385
14380 6.73173
14390 6.75244
14400 6.76644
14410 6.77463
14420 6.7782
14430 6.77869
14440 6.77638
14450 6.77288
14460 6.77488
14470 6.78262
14480 6.7892
14490 6.79589
14500 6.80859
14510 6.82364
14520 6.82851
14530 6.81841
14540 6.80105
14550 6.78456
14560 6.77224
14570 6.76762
14580 6.7755
14590 6.79288
14600 6.80971
14610 6.81654
14620 6.82358
14630 6.84041
14640 6.86219
14650 6.887
14660 6.91845
14670 6.94808
14680 6.96513
14690 6.97642
14700 6.99394
14710 7.01851
14720 7.04343
14730 7.06899
14740 7.09542
14750 7.11181
14760 7.11281
14770 7.10949
14780 7.10751
14790 7.10377
14800 7.09918
14810 7.09972
14820 7.11149
14830 7.13372
14840 7.15822
14850 7.1778
14860 7.18903
14870 7.19465
14880 7.20427
14890 7.21777
14900 7.22861
14910 7.2341
14920 7.2369
14930 7.24314
14940 7.25416
14950 7.2687
14960 7.2885
14970 7.31341
14980 7.33923
14990 7.35814
15000 7.36002
15010 7.34922
15020 7.34082
15030 7.34292
15040 7.35289
15050 7.36923
15060 7.39132
15070 7.41508
15080 7.43277
15090 7.43703
15100 7.42686
15110 7.41189
15120 7.39898
15130 7.38548
15140 7.374
15150 7.36787
15160 7.36694
15170 7.36806
15180 7.36623
15190 7.35808
15200 7.34614
15210 7.33407
15220 7.32819
15230 7.33353
15240 7.34771
15250 7.36455
15260 7.38727
15270 7.41505
15280 7.43388
15290 7.44336
15300 7.44756
15310 7.44308
15320 7.43154
15330 7.41647
15340 7.39884
15350 7.37896
15360 7.3641
15370 7.36014
15380 7.36675
15390 7.37603
15400 7.38283
15410 7.38959
15420 7.39777
15430 7.40483
15440 7.40628
15450 7.39769
15460 7.37974
15470 7.36048
15480 7.34809
15490 7.33792
15500 7.32968
15510 7.33279
15520 7.3496
15530 7.3711
15540 7.39013
15550 7.4046
15560 7.41563
15570 7.42101
15580 7.42418
15590 7.43087
15600 7.43864
15610 7.43979
15620 7.43554
15630 7.43104
15640 7.43212
15650 7.44741
15660 7.47587
15670 7.50669
15680 7.52941
15690 7.54005
15700 7.54315
15710 7.54577
15720 7.54814
15730 7.54406
15740 7.53107
15750 7.51821
15760 7.51484
15770 7.51316
15780 7.5038
15790 7.49248
15800 7.48321
15810 7.47232
15820 7.46191
15830 7.45844
15840 7.46116
15850 7.46264
15860 7.46046
15870 7.46021
15880 7.46214
15890 7.45631
15900 7.43727
15910 7.41151
15920 7.39259
15930 7.39001
15940 7.40272
15950 7.42572
15960 7.45379
15970 7.48094
15980 7.50178
15990 7.51361
16000 7.51716
16010 7.51791
16020 7.51887
16030 7.51861
16040 7.51781
16050 7.52072
16060 7.53121
16070 7.55185
16080 7.57764
16090 7.60129
16100 7.62167
16110 7.63345
16120 7.64
16130 7.64525
16140 7.65112
16150 7.66081
16160 7.66999
16170 7.67064
16180 7.66532
16190 7.65768
16200 7.64821
16210 7.63843
16220 7.63131
16230 7.62536
16240 7.61849
16250 7.61397
16260 7.61326
16270 7.61356
16280 7.61543
16290 7.63047
16300 7.66038
16310 7.69197
16320 7.71388
16330 7.72758
16340 7.73825
16350 7.74689
16360 7.7485
16370 7.74698
16380 7.74482
16390 7.74254
16400 7.74231
16410 7.74723
16420 7.75925
16430 7.7742
16440 7.79129
16450 7.81519
16460 7.83793
16470 7.84987
16480 7.84976
16490 7.84153
16500 7.82625
16510 7.80992
16520 7.79839
16530 7.79037
16540 7.79073
16550 7.80759
16560 7.83396
16570 7.85414
16580 7.86212
16590 7.86714
16600 7.87637
16610 7.88318
16620 7.87969
16630 7.86736
16640 7.85668
16650 7.85307
16660 7.85283
16670 7.85533
16680 7.86238
16690 7.87445
16700 7.88481
16710 7.88758
16720 7.87926
16730 7.86507
16740 7.85201
16750 7.84637
16760 7.85271
16770 7.8641
16780 7.87123
16790 7.87126
16800 7.86555
16810 7.85887
16820 7.85679
16830 7.85882
16840 7.86276
16850 7.86907
16860 7.87614
16870 7.87711
16880 7.86544
16890 7.83802
16900 7.80026
16910 7.76194
16920 7.73177
16930 7.71595
16940 7.71196
16950 7.71603
16960 7.73148
16970 7.75723
16980 7.78295
16990 7.80157
17000 7.81402
17010 7.81603
17020 7.80636
17030 7.79336
17040 7.77794
17050 7.75723
17060 7.73529
17070 7.72412
17080 7.72954
17090 7.74647
17100 7.76499
17110 7.78028
17120 7.79154
17130 7.7987
17140 7.80325
17150 7.80467
17160 7.80271
17170 7.8053
17180 7.8136
17190 7.81948
17200 7.82054
17210 7.81463
17220 7.7992
17230 7.77673
17240 7.75541
17250 7.73868
17260 7.72246
17270 7.70817
17280 7.70797
17290 7.7272
17300 7.75531
17310 7.77795
17320 7.78986
17330 7.79114
17340 7.78391
17350 7.77238
17360 7.75907
17370 7.7441
17380 7.7253
17390 7.70583
17400 7.69288
17410 7.68816
17420 7.68115
17430 7.66765
17440 7.65519
17450 7.64673
17460 7.64035
17470 7.63775
17480 7.63989
17490 7.64399
17500 7.65141
17510 7.66384
17520 7.6743
17530 7.67802
17540 7.67991
17550 7.68693
17560 7.70142
17570 7.71587
17580 7.72116
17590 7.71972
17600 7.71877
17610 7.71775
17620 7.71197
17630 7.70145
17640 7.69177
17650 7.6874
17660 7.69024
17670 7.70439
17680 7.7333
17690 7.7698
17700 7.79871
17710 7.81449
17720 7.83023
17730 7.85455
17740 7.87821
17750 7.89032
17760 7.89339
17770 7.89614
17780 7.90875
17790 7.92791
17800 7.95005
17810 7.97559
17820 8.00436
17830 8.02775
17840 8.03855
17850 8.04175
17860 8.04508
17870 8.0493
17880 8.05693
17890 8.06621
17900 8.07227
17910 8.07199
17920 8.06968
17930 8.07245
17940 8.08524
17950 8.1039
17960 8.1242
17970 8.14451
17980 8.16671
17990 8.19096
18000 8.21194
18010 8.22337
18020 8.22521
18030 8.22044
18040 8.21491
18050 8.21434
18060 8.21792
18070 8.22373
18080 8.22813
18090 8.22734
18100 8.22179
18110 8.2161
18120 8.22456
18130 8.24509
18140 8.26243
18150 8.27255
18160 8.27683
18170 8.27892
18180 8.28081
18190 8.28393
18200 8.29033
18210 8.29889
18220 8.30215
18230 8.29822
18240 8.2896
18250 8.27469
18260 8.25524
18270 8.23142
18280 8.2069
18290 8.18964
18300 8.18209
18310 8.18507
18320 8.19547
18330 8.20945
18340 8.2243
18350 8.24405
18360 8.26514
18370 8.27968
18380 8.28578
18390 8.28618
18400 8.28119
18410 8.2744
18420 8.27044
18430 8.27447
18440 8.28768
18450 8.30028
18460 8.30562
18470 8.30652
18480 8.31211
18490 8.3211
18500 8.33191
18510 8.34652
18520 8.36321
18530 8.3738
18540 8.37658
18550 8.37583
18560 8.37205
18570 8.36638
18580 8.36481
18590 8.37324
18600 8.38596
18610 8.39104
18620 8.38623
18630 8.3765
18640 8.36447
18650 8.35815
18660 8.3609
18670 8.36084
18680 8.35405
18690 8.35669
18700 8.37724
18710 8.41054
18720 8.44974
18730 8.4862
18740 8.51027
18750 8.51431
18760 8.50029
18770 8.47332
18780 8.44142
18790 8.41753
18800 8.40776
18810 8.40958
18820 8.41539
18830 8.41624
18840 8.40888
18850 8.40404
18860 8.4138
18870 8.4315
18880 8.44563
18890 8.45016
18900 8.4522
18910 8.45695
18920 8.46621
18930 8.47677
18940 8.4935
18950 8.51951
18960 8.55053
18970 8.57704
18980 8.59496
18990 8.60711
19000 8.61366
19010 8.60976
19020 8.59485
19030 8.58133
19040 8.57402
19050 8.56148
19060 8.54189
19070 8.5228
19080 8.50364
19090 8.4808
19100 8.45625
19110 8.43897
19120 8.4346
19130 8.44086
19140 8.4508
19150 8.45495
19160 8.44752
19170 8.42494
19180 8.39502
19190 8.36754
19200 8.34571
19210 8.32885
19220 8.32058
19230 8.32674
19240 8.34036
19250 8.35117
19260 8.35617
19270 8.35131
19280 8.33574
19290 8.31052
19300 8.27921
19310 8.24978
19320 8.22914
19330 8.21738
19340 8.21327
19350 8.22226
19360 8.24838
19370 8.27787
19380 8.29775
19390 8.30803
19400 8.31402
19410 8.31197
19420 8.29718
19430 8.27217
19440 8.24808
19450 8.23641
19460 8.23982
19470 8.2546
19480 8.27662
19490 8.30171
19500 8.3278
19510 8.3501
19520 8.36915
19530 8.38845
19540 8.40601
19550 8.41756
19560 8.41947
19570 8.41483
19580 8.4175
19590 8.43375
19600 8.45616
19610 8.47848
19620 8.50331
19630 8.52632
19640 8.54601
19650 8.56829
19660 8.59686
19670 8.61941
19680 8.62658
19690 8.62351
19700 8.62347
19710 8.6312
19720 8.64495
19730 8.65809
19740 8.66478
19750 8.6674
19760 8.67181
19770 8.67679
19780 8.67993
19790 8.67692
19800 8.67046
19810 8.6589
19820 8.64255
19830 8.62583
19840 8.60995
19850 8.59982
19860 8.59791
19870 8.60041
19880 8.60089
19890 8.59685
19900 8.59316
19910 8.59331
19920 8.60255
19930 8.62307
19940 8.64382
19950 8.66008
19960 8.68096
19970 8.70569
19980 8.72478
19990 8.73805
20000 8.75172
20010 8.77153
20020 8.79432
20030 8.81287
20040 8.82776
20050 8.83957
20060 8.84228
20070 8.84102
20080 8.84597
20090 8.8559
20100 8.86752
20110 8.87727
20120 8.88226
20130 8.88272
20140 8.87889
20150 8.8741
20160 8.86749
20170 8.86013
20180 8.86102
20190 8.87265
20200 8.88677
20210 8.90435
20220 8.92629
20230 8.94035
20240 8.94183
20250 8.93908
20260 8.94118
20270 8.94531
20280 8.93964
20290 8.9241
20300 8.91057
20310 8.90678
20320 8.909
20330 8.90958
20340 8.91004
20350 8.91447
20360 8.91559
20370 8.90351
20380 8.87949
20390 8.86084
20400 8.85323
20410 8.85533
20420 8.86676
20430 8.88507
20440 8.90412
20450 8.91853
20460 8.92802
20470 8.93326
20480 8.93043
20490 8.91621
20500 8.89442
20510 8.87406
20520 8.8581
20530 8.85258
20540 8.85937
20550 8.86462
20560 8.86247
20570 8.85883
20580 8.85409
20590 8.84512
20600 8.83879
20610 8.845
20620 8.85787
20630 8.86853
20640 8.88206
20650 8.90475
20660 8.92648
20670 8.93848
20680 8.94758
20690 8.96098
20700 8.97992
20710 8.99735
20720 9.00625
20730 9.00502
20740 8.99692
20750 8.98426
20760 8.97328
20770 8.97076
20780 8.97795
20790 8.99101
20800 9.00473
20810 9.02036
20820 9.04291
20830 9.06447
20840 9.07861
20850 9.09189
20860 9.10519
20870 9.11198
20880 9.11819
20890 9.13407
20900 9.15432
20910 9.17565
20920 9.20125
20930 9.22539
20940 9.23289
20950 9.22413
20960 9.20816
20970 9.18914
20980 9.16904
20990 9.15586
21000 9.15016
21010 9.14511
21020 9.14117
21030 9.13693
21040 9.12977
21050 9.12464
21060 9.12671
21070 9.13274
21080 9.14468
21090 9.17116
21100 9.20903
21110 9.24441
21120 9.26913
21130 9.2856
21140 9.29864
21150 9.30752
21160 9.31286
21170 9.31339
21180 9.30903
21190 9.30282
21200 9.30056
21210 9.30602
21220 9.31651
21230 9.33321
21240 9.36074
21250 9.39752
21260 9.43232
21270 9.4586
21280 9.4852
21290 9.51489
21300 9.53845
21310 9.54928
21320 9.55769
21330 9.56928
21340 9.58635
21350 9.60504
21360 9.61857
21370 9.62391
21380 9.61385
21390 9.59129
21400 9.56509
21410 9.53927
21420 9.51407
21430 9.49702
21440 9.49274
21450 9.49823
21460 9.50329
21470 9.50062
21480 9.4992
21490 9.5087
21500 9.52693
21510 9.54539
21520 9.56341
21530 9.58515
21540 9.60832
21550 9.62742
21560 9.64084
21570 9.65662
21580 9.68313
21590 9.7186
21600 9.75209
21610 9.77759
21620 9.79983
21630 9.81928
21640 9.83399
21650 9.85124
21660 9.87697
21670 9.90947
21680 9.93924
21690 9.95481
21700 9.95147
21710 9.92932
21720 9.8899
21730 9.84462
21740 9.81046
21750 9.79181
21760 9.78379
21770 9.78324
21780 9.78703
21790 9.79016
21800 9.7898
21810 9.79107
21820 9.79283
21830 9.79433
21840 9.80128
21850 9.81573
21860 9.83447
21870 9.85185
21880 9.86049
21890 9.8588
21900 9.84946
21910 9.83561
21920 9.81808
21930 9.79699
21940 9.77659
21950 9.76182
21960 9.75436
21970 9.75315
21980 9.75851
21990 9.76831
22000 9.78172
22010 9.79995
22020 9.81966
22030 9.83324
22040 9.84764
22050 9.86477
22060 9.87715
22070 9.88227
22080 9.88436
22090 9.88135
22100 9.86353
22110 9.83658
22120 9.81316
22130 9.799
22140 9.79159
22150 9.79561
22160 9.81857
22170 9.85692
22180 9.89662
22190 9.92309
22200 9.9221
22210 9.8932
22220 9.85334
22230 9.82206
22240 9.80535
22250 9.79784
22260 9.79752
22270 9.81089
22280 9.83645
22290 9.86112
22300 9.87635
22310 9.87993
22320 9.8721
22330 9.85205
22340 9.82915
22350 9.81673
22360 9.81256
22370 9.81669
22380 9.83227
22390 9.86223
22400 9.89662
22410 9.92364
22420 9.93784
22430 9.9431
22440 9.94577
22450 9.94875
22460 9.94875
22470 9.94364
22480 9.93567
22490 9.932
22500 9.93397
22510 9.93794
22520 9.94697
22530 9.96768
22540 9.99778
22550 10.0288
22560 10.052
22570 10.0572
22580 10.0487
22590 10.0437
22600 10.0498
22610 10.0564
22620 10.0532
22630 10.0539
22640 10.0732
22650 10.1082
22660 10.1486
22670 10.1919
22680 10.2314
22690 10.2497
22700 10.2477
22710 10.2451
22720 10.2522
22730 10.2597
22740 10.2594
22750 10.2547
22760 10.2457
22770 10.2285
22780 10.2074
22790 10.1882
22800 10.168
22810 10.1489
22820 10.1401
22830 10.1457
22840 10.1635
22850 10.1878
22860 10.212
22870 10.2321
22880 10.2435
22890 10.2452
22900 10.2435
22910 10.2427
22920 10.2461
22930 10.2661
22940 10.3009
22950 10.3336
22960 10.3582
22970 10.3815
22980 10.403
22990 10.4155
23000 10.4153
23010 10.4094
23020 10.4024
23030 10.3975
23040 10.4019
23050 10.4134
23060 10.4221
23070 10.4213
23080 10.4089
23090 10.3837
23100 10.3476
23110 10.3134
23120 10.2931
23130 10.2867
23140 10.2852
23150 10.2897
23160 10.3002
23170 10.3064
23180 10.3041
23190 10.3004
23200 10.3063
23210 10.3187
23220 10.3264
23230 10.3332
23240 10.3432
23250 10.3559
23260 10.3716
23270 10.3912
23280 10.4148
23290 10.4401
23300 10.4632
23310 10.4795
23320 10.4798
23330 10.4618
23340 10.4289
23350 10.3867
23360 10.35
23370 10.3298
23380 10.3242
23390 10.3331
23400 10.3588
23410 10.3987
23420 10.4382
23430 10.461
23440 10.4701
23450 10.469
23460 10.4603
23470 10.4557
23480 10.4689
23490 10.4885
23500 10.5003
23510 10.5069
23520 10.5168
23530 10.5255
23540 10.5282
23550 10.531
23560 10.5399
23570 10.5548
23580 10.5751
23590 10.594
23600 10.5998
23610 10.5954
23620 10.5925
23630 10.5955
23640 10.6074
23650 10.632
23660 10.6556
23670 10.6698
23680 10.6842
23690 10.7037
23700 10.7184
23710 10.7176
23720 10.7097
23730 10.7006
23740 10.6853
23750 10.6689
23760 10.6559
23770 10.6514
23780 10.6571
23790 10.6683
23800 10.6788
23810 10.6841
23820 10.6802
23830 10.6697
23840 10.6559
23850 10.6381
23860 10.6195
23870 10.6061
23880 10.6016
23890 10.6079
23900 10.6195
23910 10.6328
23920 10.64
23930 10.6322
23940 10.6205
23950 10.6209
23960 10.634
23970 10.6586
23980 10.6937
23990 10.7279
24000 10.7387
24010 10.7229
24020 10.6941
24030 10.6649
24040 10.6419
24050 10.629
24060 10.6319
24070 10.649
24080 10.6774
24090 10.711
24100 10.7357
24110 10.7512
24120 10.7647
24130 10.7775
24140 10.7922
24150 10.8147
24160 10.8399
24170 10.8631
24180 10.8879
24190 10.9101
24200 10.9244
24210 10.933
24220 10.9385
24230 10.9397
24240 10.9338
24250 10.9308
24260 10.9371
24270 10.945
24280 10.9494
24290 10.9524
24300 10.9608
24310 10.9783
24320 11.0046
24330 11.0386
24340 11.0714
24350 11.1006
24360 11.128
24370 11.1525
24380 11.1713
24390 11.1787
24400 11.1744
24410 11.1681
24420 11.1604
24430 11.14
24440 11.1068
24450 11.0748
24460 11.0539
24470 11.0477
24480 11.0508
24490 11.0582
24500 11.0631
24510 11.057
24520 11.0332
24530 10.9913
24540 10.9474
24550 10.9198
24560 10.9166
24570 10.9308
24580 10.9584
24590 10.9964
24600 11.0312
24610 11.0497
24620 11.0549
24630 11.0581
24640 11.0644
24650 11.0761
24660 11.0958
24670 11.1207
24680 11.1491
24690 11.1814
24700 11.2186
24710 11.2557
24720 11.2817
24730 11.2951
24740 11.3021
24750 11.3047
24760 11.3043
24770 11.3011
24780 11.2958
24790 11.2864
24800 11.2729
24810 11.2557
24820 11.2358
24830 11.2191
24840 11.2139
24850 11.2159
24860 11.2186
24870 11.2222
24880 11.2287
24890 11.2361
24900 11.2442
24910 11.2548
24920 11.2661
24930 11.2802
24940 11.2981
24950 11.3153
24960 11.326
24970 11.3308
24980 11.3344
24990 11.3409
25000 11.352
25010 11.3631
25020 11.3637
25030 11.3536
25040 11.3439
25050 11.3388
25060 11.334
25070 11.3263
25080 11.3162
25090 11.3042
25100 11.2924
25110 11.2865
25120 11.2842
25130 11.2825
25140 11.2872
25150 11.2967
25160 11.2991
25170 11.2844
25180 11.2633
25190 11.2545
25200 11.2624
25210 11.2823
25220 11.3044
25230 11.3265
25240 11.3536
25250 11.3821
25260 11.4027
25270 11.4033
25280 11.3833
25290 11.3559
25300 11.3317
25310 11.3106
25320 11.2892
25330 11.2699
25340 11.2589
25350 11.2537
25360 11.2472
25370 11.2404
25380 11.2397
25390 11.2454
25400 11.2438
25410 11.2277
25420 11.2096
25430 11.1987
25440 11.1878
25450 11.1703
25460 11.1478
25470 11.1287
25480 11.1274
25490 11.1429
25500 11.159
25510 11.1695
25520 11.1817
25530 11.1941
25540 11.1991
25550 11.1996
25560 11.2032
25570 11.2102
25580 11.2169
25590 11.2199
25600 11.2256
25610 11.2378
25620 11.2488
25630 11.25
25640 11.2423
25650 11.2378
25660 11.2484
25670 11.2664
25680 11.2753
25690 11.2769
25700 11.2797
25710 11.2851
25720 11.2911
25730 11.2992
25740 11.3124
25750 11.3361
25760 11.369
25770 11.3948
25780 11.4056
25790 11.4143
25800 11.4349
25810 11.4652
25820 11.4964
25830 11.5232
25840 11.5435
25850 11.559
25860 11.5718
25870 11.5753
25880 11.5595
25890 11.5248
25900 11.479
25910 11.4376
25920 11.417
25930 11.4239
25940 11.4482
25950 11.4754
25960 11.5047
25970 11.5369
25980 11.567
25990 11.5926
26000 11.6124
26010 11.623
26020 11.6208
26030 11.6139
26040 11.6112
26050 11.6172
26060 11.6255
26070 11.6326
26080 11.6413
26090 11.6531
26100 11.6655
26110 11.6779
26120 11.696
26130 11.7164
26140 11.733
26150 11.7477
26160 11.7596
26170 11.764
26180 11.7594
26190 11.7588
26200 11.7735
26210 11.798
26220 11.8262
26230 11.8599
26240 11.9008
26250 11.941
26260 11.9708
26270 11.9886
26280 12.001
26290 12.0093
26300 12.0173
26310 12.0353
26320 12.0601
26330 12.078
26340 12.0913
26350 12.1111
26360 12.1319
26370 12.1441
26380 12.1506
26390 12.1573
26400 12.1574
26410 12.1496
26420 12.1457
26430 12.1509
26440 12.1615
26450 12.1687
26460 12.1702
26470 12.1733
26480 12.1791
26490 12.1839
26500 12.1883
26510 12.1899
26520 12.1809
26530 12.1705
26540 12.1697
26550 12.1816
26560 12.2073
26570 12.2397
26580 12.2645
26590 12.279
26600 12.2889
26610 12.2851
26620 12.2558
26630 12.2068
26640 12.1611
26650 12.1378
26660 12.1439
26670 12.1758
26680 12.2253
26690 12.282
26700 12.3279
26710 12.3548
26720 12.3662
26730 12.3653
26740 12.3554
26750 12.3369
26760 12.3141
26770 12.295
26780 12.2895
26790 12.2938
26800 12.2993
26810 12.3006
26820 12.2988
26830 12.3026
26840 12.3139
26850 12.3292
26860 12.343
26870 12.3544
26880 12.3617
26890 12.3635
26900 12.3599
26910 12.3494
26920 12.3325
26930 12.3171
26940 12.3138
26950 12.3285
26960 12.3502
26970 12.3694
26980 12.3897
26990 12.4151
27000 12.4378
27010 12.4552
27020 12.4696
27030 12.48
27040 12.4879
27050 12.4966
27060 12.5035
27070 12.5065
27080 12.5122
27090 12.5211
27100 12.5271
27110 12.5313
27120 12.5422
27130 12.566
27140 12.5977
27150 12.6254
27160 12.6452
27170 12.6575
27180 12.6617
27190 12.659
27200 12.6576
27210 12.666
27220 12.6831
27230 12.6989
27240 12.7111
27250 12.7237
27260 12.739
27270 12.7609
27280 12.7879
27290 12.8123
27300 12.8282
27310 12.8387
27320 12.8412
27330 12.8289
27340 12.8033
27350 12.7834
27360 12.7867
27370 12.8067
27380 12.8297
27390 12.8522
27400 12.8765
27410 12.8977
27420 12.9132
27430 12.9317
27440 12.9602
27450 12.9924
27460 13.0194
27470 13.0379
27480 13.0474
27490 13.0481
27500 13.039
27510 13.0272
27520 13.0264
27530 13.0393
27540 13.0571
27550 13.0783
27560 13.1074
27570 13.14
27580 13.165
27590 13.183
27600 13.2042
27610 13.2229
27620 13.2253
27630 13.2128
27640 13.198
27650 13.1804
27660 13.1599
27670 13.1427
27680 13.1288
27690 13.1196
27700 13.1215
27710 13.1338
27720 13.1494
27730 13.1621
27740 13.1715
27750 13.1764
27760 13.1794
27770 13.1835
27780 13.1846
27790 13.1739
27800 13.1536
27810 13.1327
27820 13.1121
27830 13.0932
27840 13.0761
27850 13.0644
27860 13.0562
27870 13.0468
27880 13.0368
27890 13.0266
27900 13.0162
27910 13.0078
27920 13.004
27930 13.007
27940 13.0146
27950 13.0248
27960 13.0404
27970 13.0724
27980 13.1188
27990 13.1637
28000 13.2
28010 13.2284
28020 13.2501
28030 13.264
28040 13.269
28050 13.2657
28060 13.2647
28070 13.2786
28080 13.3012
28090 13.3197
28100 13.3249
28110 13.3168
28120 13.3039
28130 13.2938
28140 13.2929
28150 13.3108
28160 13.3472
28170 13.3892
28180 13.4285
28190 13.4626
28200 13.4957
28210 13.5247
28220 13.5433
28230 13.5503
28240 13.5519
28250 13.5607
28260 13.571
28270 13.5716
28280 13.5676
28290 13.5631
28300 13.5552
28310 13.5425
28320 13.5287
28330 13.5169
28340 13.5048
28350 13.4856
28360 13.4584
28370 13.4356
28380 13.4261
28390 13.4275
28400 13.4388
28410 13.4631
28420 13.4903
28430 13.5057
28440 13.5084
28450 13.5147
28460 13.5303
28470 13.5445
28480 13.5525
28490 13.5583
28500 13.555
28510 13.5315
28520 13.4983
28530 13.473
28540 13.4627
28550 13.4554
28560 13.4431
28570 13.4297
28580 13.4227
28590 13.4271
28600 13.4429
28610 13.4696
28620 13.5025
28630 13.5325
28640 13.5536
28650 13.5584
28660 13.5448
28670 13.5181
28680 13.488
28690 13.4607
28700 13.4352
28710 13.4117
28720 13.3948
28730 13.385
28740 13.3764
28750 13.3687
28760 13.3692
28770 13.3666
28780 13.3577
28790 13.3588
28800 13.3782
28810 13.4025
28820 13.4201
28830 13.4351
28840 13.4533
28850 13.4738
28860 13.5024
28870 13.5473
28880 13.6055
28890 13.6666
28900 13.7227
28910 13.7639
28920 13.781
28930 13.7783
28940 13.7648
28950 13.746
28960 13.7271
28970 13.7201
28980 13.7311
28990 13.7585
29000 13.8027
29010 13.8623
29020 13.9217
29030 13.9562
29040 13.9555
29050 13.938
29060 13.9218
29070 13.9086
29080 13.9003
29090 13.9044
29100 13.9231
29110 13.9544
29120 13.9929
29130 14.0259
29140 14.04
29150 14.0293
29160 14.0013
29170 13.9672
29180 13.9326
29190 13.9056
29200 13.8956
29210 13.9095
29220 13.9429
29230 13.9822
29240 14.0147
29250 14.0345
29260 14.0435
29270 14.0477
29280 14.04
29290 14.0203
29300 14.0036
29310 14.0051
29320 14.0229
29330 14.0437
29340 14.057
29350 14.0657
29360 14.0755
29370 14.0865
29380 14.0999
29390 14.1275
29400 14.1732
29410 14.2179
29420 14.2525
29430 14.285
29440 14.3146
29450 14.3314
29460 14.3459
29470 14.3659
29480 14.3861
29490 14.407
29500 14.4349
29510 14.4585
29520 14.4608
29530 14.4396
29540 14.4154
29550 14.4022
29560 14.4008
29570 14.4065
29580 14.4216
29590 14.4493
29600 14.4838
29610 14.5214
29620 14.5532
29630 14.568
29640 14.5708
29650 14.5801
29660 14.6051
29670 14.634
29680 14.6476
29690 14.6402
29700 14.6246
29710 14.6133
29720 14.6059
29730 14.6007
29740 14.5979
29750 14.597
29760 14.5915
29770 14.5828
29780 14.5746
29790 14.5648
29800 14.5556
29810 14.549
29820 14.5421
29830 14.5352
29840 14.5308
29850 14.5266
29860 14.5222
29870 14.5148
29880 14.5038
29890 14.4896
29900 14.47
29910 14.4491
29920 14.4328
29930 14.433
29940 14.4506
29950 14.4789
29960 14.5159
29970 14.5528
29980 14.5706
29990 14.5684
30000 14.5605
30010 14.5491
30020 14.5359
30030 14.5321
30040 14.5374
30050 14.544
30060 14.5524
30070 14.5752
30080 14.6018
30090 14.6125
30100 14.6125
30110 14.6084
30120 14.5908
30130 14.5568
30140 14.5308
30150 14.5271
30160 14.54
30170 14.564
30180 14.5919
30190 14.619
30200 14.6463
30210 14.6664
30220 14.6669
30230 14.6477
30240 14.6246
30250 14.6027
30260 14.5766
30270 14.5618
30280 14.5709
30290 14.5879
30300 14.5885
30310 14.5744
30320 14.565
30330 14.5628
30340 14.5595
30350 14.5616
30360 14.5761
30370 14.5968
30380 14.6086
30390 14.6099
30400 14.6004
30410 14.5836
30420 14.567
30430 14.5546
30440 14.5435
30450 14.5275
30460 14.5098
30470 14.5018
30480 14.5098
30490 14.5277
30500 14.5517
30510 14.58
30520 14.5968
30530 14.597
30540 14.5936
30550 14.5903
30560 14.5864
30570 14.5827
30580 14.5862
30590 14.5951
30600 14.6031
30610 14.6127
30620 14.6254
30630 14.6346
30640 14.6396
30650 14.6326
30660 14.6039
30670 14.5568
30680 14.5095
30690 14.4867
30700 14.4927
30710 14.5163
30720 14.5479
30730 14.5846
30740 14.6173
30750 14.6296
30760 14.6268
30770 14.622
30780 14.6158
30790 14.6049
30800 14.5886
30810 14.5704
30820 14.5533
30830 14.5417
30840 14.5396
30850 14.5433
30860 14.5432
30870 14.5356
30880 14.5294
30890 14.5309
30900 14.5312
30910 14.5216
30920 14.508
30930 14.5004
30940 14.5029
30950 14.5107
30960 14.5194
30970 14.5305
30980 14.5356
30990 14.5158
31000 14.4786
31010 14.447
31020 14.4413
31030 14.4658
31040 14.5077
31050 14.547
31060 14.5776
31070 14.602
31080 14.6192
31090 14.6266
31100 14.6291
31110 14.6374
31120 14.6549
31130 14.6736
31140 14.6945
31150 14.7189
31160 14.7377
31170 14.7463
31180 14.7414
31190 14.7209
31200 14.6978
31210 14.6856
31220 14.6887
31230 14.6995
31240 14.7137
31250 14.7224
31260 14.7258
31270 14.7391
31280 14.7602
31290 14.7772
31300 14.7847
31310 14.7921
31320 14.8006
31330 14.8072
31340 14.8138
31350 14.8278
31360 14.8489
31370 14.8728
31380 14.8972
31390 14.9207
31400 14.9437
31410 14.9647
31420 14.9844
31430 15.0108
31440 15.0471
31450 15.0829
31460 15.1091
31470 15.1154
31480 15.1061
31490 15.0972
31500 15.0977
31510 15.1057
31520 15.1159
31530 15.1304
31540 15.1499
31550 15.1624
31560 15.165
31570 15.1676
31580 15.1699
31590 15.166
31600 15.1641
31610 15.1709
31620 15.1862
31630 15.2164
31640 15.2692
31650 15.3391
31660 15.4031
31670 15.4484
31680 15.4749
31690 15.4717
31700 15.4427
31710 15.4066
31720 15.3783
31730 15.367
31740 15.3769
31750 15.4033
31760 15.4339
31770 15.4655
31780 15.4965
31790 15.5206
31800 15.5222
31810 15.5015
31820 15.4717
31830 15.4406
31840 15.4147
31850 15.3969
31860 15.3846
31870 15.3779
31880 15.3803
31890 15.3899
31900 15.4026
31910 15.4135
31920 15.4098
31930 15.3876
31940 15.3605
31950 15.3349
31960 15.3136
31970 15.304
31980 15.3044
31990 15.301
32000 15.2904
32010 15.2715
32020 15.248
32030 15.2262
32040 15.2127
32050 15.2108
32060 15.2273
32070 15.263
32080 15.3103
32090 15.3602
32100 15.4047
32110 15.4336
32120 15.4409
32130 15.4328
32140 15.4177
32150 15.4029
32160 15.3908
32170 15.3784
32180 15.3635
32190 15.3514
32200 15.3447
32210 15.3424
32220 15.3429
32230 15.3503
32240 15.3696
32250 15.3932
32260 15.4137
32270 15.4319
32280 15.4393
32290 15.4271
32300 15.3979
32310 15.3568
32320 15.3155
32330 15.2894
32340 15.2771
32350 15.2693
32360 15.2619
32370 15.2504
32380 15.2288
32390 15.2031
32400 15.1845
32410 15.1756
32420 15.1654
32430 15.1535
32440 15.1366
32450 15.1203
32460 15.1091
32470 15.1018
32480 15.1032
32490 15.12
32500 15.1451
32510 15.1681
32520 15.187
32530 15.2018
32540 15.2077
32550 15.2087
32560 15.2145
32570 15.2173
32580 15.2096
32590 15.2001
32600 15.1975
32610 15.2011
32620 15.2117
32630 15.2409
32640 15.2854
32650 15.334
32660 15.3779
32670 15.4056
32680 15.4133
32690 15.4148
32700 15.4119
32710 15.3972
32720 15.376
32730 15.357
32740 15.3426
32750 15.3348
32760 15.3427
32770 15.3565
32780 15.3564
32790 15.3515
32800 15.3467
32810 15.3321
32820 15.3091
32830 15.284
32840 15.2711
32850 15.2721
32860 15.2801
32870 15.2925
32880 15.307
32890 15.3267
32900 15.3553
32910 15.3835
32920 15.4092
32930 15.4392
32940 15.4681
32950 15.485
32960 15.4888
32970 15.4779
32980 15.4468
32990 15.4044
33000 15.3666
33010 15.344
33020 15.3408
33030 15.3591
33040 15.3929
33050 15.4249
33060 15.4453
33070 15.4555
33080 15.4642
33090 15.4718
33100 15.477
33110 15.48
33120 15.4832
33130 15.491
33140 15.508
33150 15.5322
33160 15.5616
33170 15.5842
33180 15.5971
33190 15.6102
33200 15.634
33210 15.6701
33220 15.7069
33230 15.7413
33240 15.7764
33250 15.8047
33260 15.817
33270 15.8134
33280 15.7997
33290 15.7774
33300 15.7523
33310 15.7374
33320 15.7426
33330 15.7669
33340 15.8035
33350 15.8345
33360 15.8454
33370 15.8471
33380 15.8555
33390 15.8642
33400 15.8681
33410 15.8676
33420 15.863
33430 15.8644
33440 15.8817
33450 15.9134
33460 15.947
33470 15.979
33480 16.0083
33490 16.0258
33500 16.0253
33510 16.0154
33520 16.006
33530 15.9899
33540 15.9617
33550 15.9257
33560 15.8938
33570 15.8713
33580 15.8605
33590 15.8608
33600 15.8719
33610 15.8926
33620 15.9106
33630 15.9201
33640 15.9322
33650 15.9631
33660 16.0089
33670 16.0506
33680 16.0828
33690 16.1084
33700 16.1281
33710 16.1445
33720 16.151
33730 16.1467
33740 16.1418
33750 16.137
33760 16.1313
33770 16.1293
33780 16.1354
33790 16.1472
33800 16.163
33810 16.1832
33820 16.2012
33830 16.211
33840 16.2127
33850 16.2042
33860 16.1927
33870 16.188
33880 16.1901
33890 16.1847
33900 16.1618
33910 16.1284
33920 16.0952
33930 16.0556
33940 16.0164
33950 15.9959
33960 15.9917
33970 15.9949
33980 16.0085
33990 16.0371
34000 16.0737
34010 16.102
34020 16.1091
34030 16.0959
34040 16.0778
34050 16.0653
34060 16.0631
34070 16.0732
34080 16.0957
34090 16.127
34100 16.1608
34110 16.1842
34120 16.1918
34130 16.1863
34140 16.1661
34150 16.1305
34160 16.0958
34170 16.0791
34180 16.0907
34190 16.1228
34200 16.1585
34210 16.1848
34220 16.1962
34230 16.1911
34240 16.1677
34250 16.1308
34260 16.0975
34270 16.0862
34280 16.1017
34290 16.1306
34300 16.1614
34310 16.1916
34320 16.2152
34330 16.2282
34340 16.2376
34350 16.2497
34360 16.2717
34370 16.3034
34380 16.3288
34390 16.3324
34400 16.3189
34410 16.294
34420 16.2684
34430 16.2457
34440 16.2145
34450 16.1736
34460 16.1383
34470 16.113
34480 16.0921
34490 16.0792
34500 16.082
34510 16.1012
34520 16.1301
34530 16.1559
34540 16.1602
34550 16.1457
34560 16.1196
34570 16.0886
34580 16.0716
34590 16.0734
34600 16.0842
34610 16.1
34620 16.1198
34630 16.1353
34640 16.1391
34650 16.1313
34660 16.1227
34670 16.1143
34680 16.1084
34690 16.1217
34700 16.1562
34710 16.2002
34720 16.2452
34730 16.2848
34740 16.2983
34750 16.2772
34760 16.2434
34770 16.2153
34780 16.1929
34790 16.1781
34800 16.1805
34810 16.2087
34820 16.257
34830 16.3056
34840 16.3336
34850 16.3398
34860 16.3388
34870 16.3415
34880 16.3372
34890 16.3159
34900 16.2891
34910 16.2764
34920 16.2789
34930 16.2816
34940 16.279
34950 16.2745
34960 16.2729
34970 16.2733
34980 16.2811
34990 16.2978
35000 16.3117
35010 16.3099
35020 16.2999
35030 16.2938
35040 16.2907
35050 16.3005
35060 16.3291
35070 16.3661
35080 16.3971
35090 16.4229
35100 16.4431
35110 16.4572
35120 16.4684
35130 16.4766
35140 16.4807
35150 16.4915
35160 16.5046
35170 16.4995
35180 16.4798
35190 16.4725
35200 16.4897
35210 16.518
35220 16.5477
35230 16.5737
35240 16.587
35250 16.5843
35260 16.5742
35270 16.5636
35280 16.5493
35290 16.5361
35300 16.5291
35310 16.5206
35320 16.508
35330 16.4911
35340 16.4729
35350 16.4541
35360 16.4286
35370 16.3948
35380 16.3663
35390 16.3561
35400 16.3696
35410 16.4077
35420 16.4563
35430 16.4968
35440 16.5203
35450 16.5376
35460 16.5604
35470 16.5893
35480 16.6192
35490 16.641
35500 16.6584
35510 16.6724
35520 16.6746
35530 16.6618
35540 16.6458
35550 16.6379
35560 16.6332
35570 16.627
35580 16.6224
35590 16.6259
35600 16.6395
35610 16.6532
35620 16.6666
35630 16.6913
35640 16.7226
35650 16.7373
35660 16.7317
35670 16.7244
35680 16.7266
35690 16.7323
35700 16.7293
35710 16.7219
35720 16.7233
35730 16.7283
35740 16.7295
35750 16.7348
35760 16.7587
35770 16.7977
35780 16.8356
35790 16.8596
35800 16.8746
35810 16.8844
35820 16.89
35830 16.9002
35840 16.9205
35850 16.947
35860 16.9746
35870 16.9989
35880 17.0184
35890 17.0324
35900 17.0367
35910 17.0241
35920 16.9997
35930 16.9803
35940 16.981
35950 16.9995
35960 17.0222
35970 17.0378
35980 17.0468
35990 17.0615
36000 17.0789
36010 17.091
36020 17.1029
36030 17.1173
36040 17.1288
36050 17.1267
36060 17.1116
36070 17.0841
36080 17.0448
36090 16.9974
36100 16.9517
36110 16.9183
36120 16.8968
36130 16.8887
36140 16.8986
36150 16.9195
36160 16.9414
36170 16.9561
36180 16.9668
36190 16.9829
36200 17.0054
36210 17.028
36220 17.0468
36230 17.0595
36240 17.0642
36250 17.0611
36260 17.0584
36270 17.0595
36280 17.0601
36290 17.0612
36300 17.0612
36310 17.0639
36320 17.0782
36330 17.1026
36340 17.124
36350 17.1312
36360 17.1353
36370 17.1426
36380 17.1482
36390 17.1503
36400 17.1551
36410 17.1661
36420 17.1827
36430 17.1971
36440 17.2089
36450 17.2106
36460 17.1954
36470 17.1646
36480 17.1228
36490 17.0738
36500 17.0265
36510 16.9914
36520 16.9733
36530 16.9751
36540 16.9998
36550 17.0339
36560 17.0572
36570 17.0611
36580 17.0588
36590 17.0595
36600 17.0605
36610 17.0564
36620 17.0535
36630 17.0507
36640 17.0412
36650 17.0314
36660 17.029
36670 17.0304
36680 17.0333
36690 17.037
36700 17.0322
36710 17.016
36720 16.9978
36730 16.9842
36740 16.9777
36750 16.9803
36760 16.9939
36770 17.0177
36780 17.0347
36790 17.0279
36800 17.0036
36810 16.9798
36820 16.9659
36830 16.9601
36840 16.956
36850 16.9582
36860 16.9829
36870 17.0234
36880 17.0574
36890 17.0788
36900 17.0927
36910 17.0935
36920 17.082
36930 17.0758
36940 17.0858
36950 17.0973
36960 17.1
36970 17.1091
36980 17.1265
36990 17.1379
37000 17.1346
37010 17.1219
37020 17.1098
37030 17.1058
37040 17.1078
37050 17.1126
37060 17.1191
37070 17.1248
37080 17.1368
37090 17.1561
37100 17.1808
37110 17.211
37120 17.2411
37130 17.2578
37140 17.2491
37150 17.2227
37160 17.1969
37170 17.1747
37180 17.1627
37190 17.1714
37200 17.1925
37210 17.2185
37220 17.2571
37230 17.3083
37240 17.3516
37250 17.3681
37260 17.364
37270 17.352
37280 17.3433
37290 17.3388
37300 17.333
37310 17.3297
37320 17.3381
37330 17.355
37340 17.3704
37350 17.3762
37360 17.366
37370 17.3343
37380 17.2858
37390 17.2404
37400 17.2009
37410 17.1615
37420 17.1333
37430 17.1322
37440 17.1653
37450 17.2223
37460 17.2835
37470 17.3293
37480 17.3582
37490 17.3844
37500 17.4097
37510 17.4265
37520 17.4349
37530 17.4355
37540 17.4308
37550 17.426
37560 17.4203
37570 17.4103
37580 17.3971
37590 17.391
37600 17.3988
37610 17.4176
37620 17.4385
37630 17.4565
37640 17.4754
37650 17.4962
37660 17.5124
37670 17.5194
37680 17.5174
37690 17.5017
37700 17.4647
37710 17.412
37720 17.3612
37730 17.324
37740 17.2953
37750 17.2767
37760 17.268
37770 17.2578
37780 17.2457
37790 17.2418
37800 17.2496
37810 17.2636
37820 17.2856
37830 17.3214
37840 17.3611
37850 17.3872
37860 17.3978
37870 17.4033
37880 17.4043
37890 17.3933
37900 17.3733
37910 17.3501
37920 17.333
37930 17.3346
37940 17.3481
37950 17.3568
37960 17.3561
37970 17.3428
37980 17.307
37990 17.2495
38000 17.1986
38010 17.1862
38020 17.2069
38030 17.2385
38040 17.273
38050 17.3049
38060 17.3281
38070 17.3326
38080 17.3288
38090 17.3309
38100 17.3321
38110 17.326
38120 17.3257
38130 17.3362
38140 17.3405
38150 17.3295
38160 17.3123
38170 17.3033
38180 17.2998
38190 17.2873
38200 17.2691
38210 17.2639
38220 17.2839
38230 17.319
38240 17.3456
38250 17.3411
38260 17.3169
38270 17.2971
38280 17.2858
38290 17.2807
38300 17.2819
38310 17.2873
38320 17.2926
38330 17.3007
38340 17.3107
38350 17.3112
38360 17.2914
38370 17.2579
38380 17.2276
38390 17.205
38400 17.188
38410 17.1854
38420 17.1993
38430 17.2095
38440 17.2037
38450 17.1856
38460 17.1709
38470 17.1755
38480 17.2013
38490 17.235
38500 17.2648
38510 17.2944
38520 17.3173
38530 17.3219
38540 17.3184
38550 17.3294
38560 17.3509
38570 17.3555
38580 17.3437
38590 17.3366
38600 17.339
38610 17.346
38620 17.3591
38630 17.3823
38640 17.4142
38650 17.4445
38660 17.4752
38670 17.5168
38680 17.5604
38690 17.5931
38700 17.6141
38710 17.6261
38720 17.6277
38730 17.6176
38740 17.6052
38750 17.5942
38760 17.5886
38770 17.5931
38780 17.6041
38790 17.611
38800 17.613
38810 17.6103
38820 17.5942
38830 17.5647
38840 17.5417
38850 17.539
38860 17.5508
38870 17.5716
38880 17.5965
38890 17.6139
38900 17.618
38910 17.6124
38920 17.6048
38930 17.6032
38940 17.6103
38950 17.628
38960 17.6514
38970 17.6678
38980 17.6754
38990 17.6793
39000 17.6876
39010 17.6999
39020 17.7088
39030 17.7112
39040 17.7037
39050 17.6881
39060 17.67
39070 17.6586
39080 17.6573
39090 17.6705
39100 17.6951
39110 17.7152
39120 17.7265
39130 17.7325
39140 17.731
39150 17.7156
39160 17.6893
39170 17.6629
39180 17.6351
39190 17.601
39200 17.574
39210 17.5721
39220 17.593
39230 17.6141
39240 17.6248
39250 17.6308
39260 17.6391
39270 17.6492
39280 17.6538
39290 17.6462
39300 17.6287
39310 17.6099
39320 17.6047
39330 17.6238
39340 17.6562
39350 17.6843
39360 17.7077
39370 17.7259
39380 17.7287
39390 17.7123
39400 17.686
39410 17.6653
39420 17.6539
39430 17.6515
39440 17.656
39450 17.6542
39460 17.6495
39470 17.6572
39480 17.668
39490 17.665
39500 17.6565
39510 17.6642
39520 17.6886
39530 17.7152
39540 17.7424
39550 17.7732
39560 17.7993
39570 17.8201
39580 17.8407
39590 17.8551
39600 17.8594
39610 17.8682
39620 17.8954
39630 17.9313
39640 17.9627
39650 17.9842
39660 17.9971
39670 18.0145
39680 18.0483
39690 18.088
39700 18.121
39710 18.1497
39720 18.1771
39730 18.1956
39740 18.1967
39750 18.1784
39760 18.1601
39770 18.159
39780 18.17
39790 18.1886
39800 18.2159
39810 18.2354
39820 18.2295
39830 18.206
39840 18.1803
39850 18.1511
39860 18.122
39870 18.1081
39880 18.115
39890 18.1341
39900 18.1497
39910 18.1556
39920 18.1619
39930 18.1705
39940 18.1825
39950 18.2033
39960 18.2305
39970 18.2546
39980 18.267
39990 18.2713
40000 18.2758
40010 18.2765
40020 18.2613
40030 18.226
40040 18.1859
40050 18.1588
40060 18.1488
40070 18.1543
40080 18.1774
40090 18.2146
40100 18.257
40110 18.283
40120 18.283
40130 18.2646
40140 18.2291
40150 18.1859
40160 18.1482
40170 18.1289
40180 18.1277
40190 18.1317
40200 18.1375
40210 18.142
40220 18.1469
40230 18.1563
40240 18.1733
40250 18.1965
40260 18.2216
40270 18.2421
40280 18.2564
40290 18.2629
40300 18.26
40310 18.2535
40320 18.2504
40330 18.2521
40340 18.2615
40350 18.2871
40360 18.3292
40370 18.3843
40380 18.4471
40390 18.5061
40400 18.5494
40410 18.5675
40420 18.5713
40430 18.5677
40440 18.5576
40450 18.5475
40460 18.5499
40470 18.5652
40480 18.5906
40490 18.6309
40500 18.681
40510 18.7281
40520 18.7627
40530 18.7724
40540 18.7554
40550 18.7236
40560 18.6937
40570 18.6713
40580 18.6617
40590 18.6762
40600 18.7116
40610 18.7432
40620 18.758
40630 18.7595
40640 18.7613
40650 18.7703
40660 18.7874
40670 18.8046
40680 18.8169
40690 18.8285
40700 18.8433
40710 18.8552
40720 18.8569
40730 18.8543
40740 18.8545
40750 18.8615
40760 18.8719
40770 18.8855
40780 18.8951
40790 18.895
40800 18.8827
40810 18.8527
40820 18.8069
40830 18.7521
40840 18.7003
40850 18.6583
40860 18.6251
40870 18.612
40880 18.6221
40890 18.6432
40900 18.6618
40910 18.6794
40920 18.6959
40930 18.7036
40940 18.7061
40950 18.7099
40960 18.7077
40970 18.7015
40980 18.6982
40990 18.6973
41000 18.687
41010 18.6674
41020 18.6452
41030 18.6259
41040 18.6122
41050 18.6113
41060 18.6236
41070 18.6312
41080 18.6143
41090 18.579
41100 18.5563
41110 18.5522
41120 18.5495
41130 18.5437
41140 18.5377
41150 18.5333
41160 18.5302
41170 18.5236
41180 18.507
41190 18.4725
41200 18.4197
41210 18.3566
41220 18.2936
41230 18.2455
41240 18.2186
41250 18.2144
41260 18.2346
41270 18.277
41280 18.3233
41290 18.3578
41300 18.3761
41310 18.3786
41320 18.373
41330 18.3766
41340 18.391
41350 18.4129
41360 18.4412
41370 18.482
41380 18.5254
41390 18.5559
41400 18.574
41410 18.5792
41420 18.5712
41430 18.5646
41440 18.5676
41450 18.5718
41460 18.5726
41470 18.5722
41480 18.5759
41490 18.5786
41500 18.5787
41510 18.5895
41520 18.6067
41530 18.6119
41540 18.5992
41550 18.5762
41560 18.548
41570 18.5156
41580 18.4822
41590 18.4507
41600 18.4297
41610 18.4259
41620 18.4338
41630 18.4489
41640 18.472
41650 18.5044
41660 18.5368
41670 18.563
41680 18.5885
41690 18.6123
41700 18.6272
41710 18.6303
41720 18.6274
41730 18.6199
41740 18.6003
41750 18.5764
41760 18.5661
41770 18.5735
41780 18.5885
41790 18.6077
41800 18.6394
41810 18.6711
41820 18.6918
41830 18.7006
41840 18.7056
41850 18.7248
41860 18.7655
41870 18.8118
41880 18.8512
41890 18.8764
41900 18.8916
41910 18.9064
41920 18.9248
41930 18.9533
41940 18.9927
41950 19.0322
41960 19.0701
41970 19.1132
41980 19.1617
41990 19.2077
42000 19.2457
42010 19.2752
42020 19.2975
42030 19.3227
42040 19.3575
42050 19.4006
42060 19.4326
42070 19.4438
42080 19.4528
42090 19.4754
42100 19.5116
42110 19.5598
42120 19.6152
42130 19.6603
42140 19.6871
42150 19.702
42160 19.7089
42170 19.7022
42180 19.682
42190 19.6665
42200 19.6747
42210 19.6966
42220 19.7216
42230 19.7497
42240 19.7879
42250 19.8319
42260 19.8711
42270 19.9
42280 19.9228
42290 19.9363
42300 19.9361
42310 19.9335
42320 19.9374
42330 19.9304
42340 19.9028
42350 19.8632
42360 19.8218
42370 19.7831
42380 19.7528
42390 19.7364
42400 19.7308
42410 19.7259
42420 19.7273
42430 19.7314
42440 19.7184
42450 19.685
42460 19.6509
42470 19.6313
42480 19.6217
42490 19.6267
42500 19.6488
42510 19.6769
42520 19.7087
42530 19.7451
42540 19.774
42550 19.7829
42560 19.7783
42570 19.7713
42580 19.7609
42590 19.7486
42600 19.7458
42610 19.7546
42620 19.7679
42630 19.7862
42640 19.8168
42650 19.8526
42660 19.8742
42670 19.8846
42680 19.8935
42690 19.9079
42700 19.931
42710 19.9497
42720 19.9602
42730 19.9757
42740 19.9981
42750 20.0099
42760 20.0037
42770 19.9924
42780 19.9865
42790 19.9918
42800 20.0068
42810 20.0221
42820 20.0352
42830 20.0552
42840 20.0872
42850 20.1263
42860 20.1532
42870 20.1576
42880 20.1541
42890 20.1506
42900 20.1477
42910 20.1398
42920 20.1316
42930 20.1361
42940 20.1504
42950 20.1696
42960 20.193
42970 20.2179
42980 20.2459
42990 20.264
43000 20.2581
43010 20.2343
43020 20.1992
43030 20.1542
43040 20.0975
43050 20.0346
43060 19.9727
43070 19.9134
43080 19.8588
43090 19.8148
43100 19.783
43110 19.7627
43120 19.7524
43130 19.7462
43140 19.7491
43150 19.7662
43160 19.8029
43170 19.8584
43180 19.9205
43190 19.9831
43200 20.038
43210 20.0659
43220 20.0655
43230 20.0503
43240 20.0328
43250 20.0131
43260 20.0054
43270 20.0337
43280 20.0957
43290 20.1665
43300 20.2258
43310 20.273
43320 20.3042
43330 20.3193
43340 20.3232
43350 20.3273
43360 20.3447
43370 20.379
43380 20.4137
43390 20.4299
43400 20.4229
43410 20.3987
43420 20.3724
43430 20.3486
43440 20.3303
43450 20.3198
43460 20.3117
43470 20.3052
43480 20.3024
43490 20.2963
43500 20.2831
43510 20.2661
43520 20.2528
43530 20.243
43540 20.238
43550 20.2395
43560 20.2477
43570 20.2618
43580 20.2786
43590 20.286
43600 20.2856
43610 20.2882
43620 20.2925
43630 20.2954
43640 20.302
43650 20.3124
43660 20.3121
43670 20.2866
43680 20.2441
43690 20.1981
43700 20.153
43710 20.1162
43720 20.0932
43730 20.0814
43740 20.0767
43750 20.0807
43760 20.0917
43770 20.1017
43780 20.1056
43790 20.1087
43800 20.1199
43810 20.1393
43820 20.1594
43830 20.1702
43840 20.1731
43850 20.177
43860 20.1862
43870 20.1914
43880 20.1914
43890 20.1888
43900 20.194
43910 20.2217
43920 20.271
43930 20.3198
43940 20.3493
43950 20.3639
43960 20.3745
43970 20.3752
43980 20.3555
43990 20.3278
44000 20.3115
44010 20.3055
44020 20.3062
44030 20.3168
44040 20.3282
44050 20.3262
44060 20.3048
44070 20.2773
44080 20.2501
44090 20.2183
44100 20.1708
44110 20.1212
44120 20.089
44130 20.0783
44140 20.0793
44150 20.0809
44160 20.0776
44170 20.0715
44180 20.0634
44190 20.052
44200 20.0471
44210 20.0571
44220 20.0707
44230 20.0762
44240 20.0763
44250 20.0666
44260 20.0431
44270 20.0261
44280 20.0317
44290 20.0487
44300 20.0655
44310 20.0777
44320 20.0798
44330 20.0749
44340 20.0762
44350 20.0946
44360 20.1207
44370 20.1377
44380 20.1457
44390 20.154
44400 20.1634
44410 20.173
44420 20.1884
44430 20.2054
44440 20.2216
44450 20.2476
44460 20.2835
44470 20.3156
44480 20.3329
44490 20.3344
44500 20.3272
44510 20.3136
44520 20.2969
44530 20.2795
44540 20.2617
44550 20.2513
44560 20.2529
44570 20.2558
44580 20.2487
44590 20.2343
44600 20.2162
44610 20.2018
44620 20.1958
44630 20.1913
44640 20.1757
44650 20.1509
44660 20.1285
44670 20.1095
44680 20.0877
44690 20.0712
44700 20.0616
44710 20.0553
44720 20.0542
44730 20.0591
44740 20.0675
44750 20.0825
44760 20.1029
44770 20.1104
44780 20.1044
44790 20.0979
44800 20.0972
44810 20.1008
44820 20.1026
44830 20.0949
44840 20.0832
44850 20.0844
44860 20.1119
44870 20.1567
44880 20.209
44890 20.2649
44900 20.3096
44910 20.3344
44920 20.3445
44930 20.3364
44940 20.3125
44950 20.2859
44960 20.2699
44970 20.2733
44980 20.3002
44990 20.3396
45000 20.371
45010 20.3811
45020 20.3793
45030 20.3833
45040 20.3961
45050 20.4177
45060 20.4454
45070 20.4683
45080 20.4747
45090 20.4617
45100 20.4342
45110 20.3995
45120 20.3597
45130 20.3201
45140 20.297
45150 20.2975
45160 20.3067
45170 20.3134
45180 20.3236
45190 20.3446
45200 20.3588
45210 20.349
45220 20.3121
45230 20.2578
45240 20.2043
45250 20.1687
45260 20.1534
45270 20.1472
45280 20.1431
45290 20.1492
45300 20.1805
45310 20.233
45320 20.2794
45330 20.2985
45340 20.297
45350 20.2953
45360 20.2895
45370 20.283
45380 20.2943
45390 20.3163
45400 20.3288
45410 20.3317
45420 20.33
45430 20.3227
45440 20.3151
45450 20.3219
45460 20.3424
45470 20.3681
45480 20.4038
45490 20.4444
45500 20.4761
45510 20.5017
45520 20.5228
45530 20.5273
45540 20.5132
45550 20.4991
45560 20.4965
45570 20.5033
45580 20.5104
45590 20.5113
45600 20.5093
45610 20.5141
45620 20.5257
45630 20.5457
45640 20.5755
45650 20.6139
45660 20.6538
45670 20.6926
45680 20.7362
45690 20.7789
45700 20.8233
45710 20.8732
45720 20.9141
45730 20.9298
45740 20.9219
45750 20.898
45760 20.8603
45770 20.8214
45780 20.7926
45790 20.7809
45800 20.7919
45810 20.8164
45820 20.8407
45830 20.8516
45840 20.8451
45850 20.8242
45860 20.797
45870 20.7708
45880 20.7453
45890 20.7312
45900 20.7383
45910 20.7674
45920 20.8143
45930 20.8685
45940 20.902
45950 20.9025
45960 20.8927
45970 20.8875
45980 20.8723
45990 20.8468
46000 20.8258
46010 20.8114
46020 20.7932
46030 20.7748
46040 20.7668
46050 20.7655
46060 20.7625
46070 20.7578
46080 20.7589
46090 20.7732
46100 20.7928
46110 20.8025
46120 20.7976
46130 20.7887
46140 20.7879
46150 20.7945
46160 20.8008
46170 20.8017
46180 20.7939
46190 20.7735
46200 20.7507
46210 20.7387
46220 20.7376
46230 20.7426
46240 20.7516
46250 20.7616
46260 20.7771
46270 20.8035
46280 20.8314
46290 20.8579
46300 20.8864
46310 20.919
46320 20.9571
46330 20.9913
46340 21.0179
46350 21.0381
46360 21.0565
46370 21.0734
46380 21.0918
46390 21.11
46400 21.1268
46410 21.1493
46420 21.1884
46430 21.2297
46440 21.2552
46450 21.2644
46460 21.2637
46470 21.255
46480 21.2343
46490 21.1956
46500 21.1448
46510 21.0917
46520 21.0422
46530 20.9989
46540 20.9645
46550 20.941
46560 20.9303
46570 20.929
46580 20.929
46590 20.9249
46600 20.926
46610 20.9371
46620 20.9485
46630 20.9489
46640 20.9371
46650 20.9263
46660 20.9313
46670 20.9586
46680 21.0005
46690 21.0382
46700 21.0617
46710 21.0713
46720 21.0674
46730 21.0513
46740 21.0278
46750 21.004
46760 20.9864
46770 20.9769
46780 20.969
46790 20.9645
46800 20.964
46810 20.9621
46820 20.9586
46830 20.9688
46840 20.9976
46850 21.0357
46860 21.0651
46870 21.0757
46880 21.0744
46890 21.0786
46900 21.0891
46910 21.091
46920 21.0872
46930 21.0912
46940 21.0996
46950 21.101
46960 21.1001
46970 21.107
46980 21.1283
46990 21.1601
47000 21.1902
47010 21.211
47020 21.2141
47030 21.1877
47040 21.131
47050 21.0678
47060 21.025
47070 21.0066
47080 21.0098
47090 21.0236
47100 21.0344
47110 21.0338
47120 21.0185
47130 20.9907
47140 20.9631
47150 20.9461
47160 20.9395
47170 20.9388
47180 20.948
47190 20.9635
47200 20.9822
47210 21.0053
47220 21.032
47230 21.0576
47240 21.0782
47250 21.0922
47260 21.1004
47270 21.1076
47280 21.1162
47290 21.1283
47300 21.1372
47310 21.1381
47320 21.138
47330 21.1364
47340 21.1314
47350 21.1292
47360 21.1277
47370 21.1269
47380 21.1314
47390 21.1292
47400 21.1084
47410 21.0729
47420 21.0258
47430 20.9773
47440 20.9376
47450 20.9182
47460 20.9176
47470 20.9203
47480 20.9251
47490 20.9382
47500 20.9559
47510 20.9638
47520 20.9483
47530 20.9157
47540 20.8875
47550 20.8758
47560 20.8811
47570 20.9066
47580 20.9617
47590 21.0322
47600 21.0862
47610 21.1156
47620 21.1295
47630 21.131
47640 21.12
47650 21.1101
47660 21.1123
47670 21.1202
47680 21.1273
47690 21.1444
47700 21.1789
47710 21.2199
47720 21.2487
47730 21.2718
47740 21.3078
47750 21.3564
47760 21.4084
47770 21.462
47780 21.5133
47790 21.5468
47800 21.559
47810 21.574
47820 21.6146
47830 21.6634
47840 21.7025
47850 21.7398
47860 21.7723
47870 21.794
47880 21.819
47890 21.861
47900 21.9136
47910 21.9628
47920 22.0062
47930 22.0512
47940 22.0938
47950 22.1233
47960 22.1451
47970 22.1705
47980 22.1923
47990 22.2017
48000 22.2061
48010 22.2043
48020 22.183
48030 22.1428
48040 22.0943
48050 22.0438
48060 22.0035
48070 21.978
48080 21.9614
48090 21.9538
48100 21.964
48110 21.9827
48120 21.9907
48130 21.9901
48140 21.9915
48150 21.997
48160 22.008
48170 22.0267
48180 22.0397
48190 22.0386
48200 22.032
48210 22.0296
48220 22.029
48230 22.0334
48240 22.0463
48250 22.0656
48260 22.084
48270 22.0977
48280 22.1002
48290 22.0855
48300 22.0667
48310 22.0658
48320 22.0894
48330 22.1174
48340 22.1468
48350 22.1865
48360 22.2253
48370 22.239
48380 22.234
48390 22.2314
48400 22.2332
48410 22.2295
48420 22.2282
48430 22.2289
48440 22.2104
48450 22.1709
48460 22.1302
48470 22.1059
48480 22.0952
48490 22.101
48500 22.1282
48510 22.1723
48520 22.2204
48530 22.2596
48540 22.2905
48550 22.3189
48560 22.3435
48570 22.3634
48580 22.3846
48590 22.4092
48600 22.4297
48610 22.4306
48620 22.416
48630 22.4005
48640 22.3915
48650 22.3892
48660 22.3981
48670 22.4197
48680 22.4495
48690 22.4743
48700 22.4872
48710 22.4919
48720 22.4915
48730 22.4776
48740 22.4538
48750 22.4316
48760 22.4178
48770 22.4195
48780 22.4349
48790 22.4564
48800 22.4731
48810 22.4819
48820 22.4836
48830 22.479
48840 22.4775
48850 22.4864
48860 22.5045
48870 22.5353
48880 22.5748
48890 22.6048
48900 22.6065
48910 22.5803
48920 22.544
48930 22.5176
48940 22.5029
48950 22.4866
48960 22.4657
48970 22.456
48980 22.4689
48990 22.4929
49000 22.5123
49010 22.5323
49020 22.5672
49030 22.6101
49040 22.6477
49050 22.6735
49060 22.6859
49070 22.6787
49080 22.651
49090 22.6127
49100 22.5683
49110 22.5261
49120 22.4934
49130 22.463
49140 22.4315
49150 22.4198
49160 22.4478
49170 22.5027
49180 22.5597
49190 22.608
49200 22.6463
49210 22.6717
49220 22.6805
49230 22.6818
49240 22.6903
49250 22.7135
49260 22.7513
49270 22.8013
49280 22.8541
49290 22.8901
49300 22.9028
49310 22.8905
49320 22.8596
49330 22.8226
49340 22.7804
49350 22.7346
49360 22.7076
49370 22.7096
49380 22.72
49390 22.7137
49400 22.6951
49410 22.6751
49420 22.656
49430 22.6365
49440 22.6111
49450 22.5778
49460 22.5417
49470 22.5152
49480 22.508
49490 22.5198
49500 22.5486
49510 22.5879
49520 22.6273
49530 22.6542
49540 22.663
49550 22.6566
49560 22.6545
49570 22.6566
49580 22.6594
49590 22.6699
49600 22.7008
49610 22.7492
49620 22.7843
49630 22.7887
49640 22.7808
49650 22.771
49660 22.7592
49670 22.7406
49680 22.7135
49690 22.6753
49700 22.6216
49710 22.5625
49720 22.512
49730 22.4782
49740 22.4743
49750 22.4996
49760 22.5386
49770 22.5751
49780 22.6033
49790 22.6259
49800 22.6558
49810 22.6934
49820 22.7278
49830 22.7578
49840 22.7801
49850 22.7808
49860 22.7625
49870 22.731
49880 22.6831
49890 22.6302
49900 22.5882
49910 22.5682
49920 22.5664
49930 22.573
49940 22.5838
49950 22.6004
49960 22.6243
49970 22.6471
49980 22.6582
49990 22.6602
50000 22.655
50010 22.6366
50020 22.5979
50030 22.5511
50040 22.5217
50050 22.5103
50060 22.5012
50070 22.5013
50080 22.5198
50090 22.5424
50100 22.5529
50110 22.5518
50120 22.5548
50130 22.5702
50140 22.5916
50150 22.5992
50160 22.5789
50170 22.5371
50180 22.4851
50190 22.437
50200 22.4042
50210 22.3903
50220 22.3943
50230 22.4162
50240 22.4494
50250 22.4846
50260 22.5262
50270 22.5655
50280 22.579
50290 22.573
50300 22.5807
50310 22.605
50320 22.6237
50330 22.6405
50340 22.6675
50350 22.7045
50360 22.742
50370 22.7748
50380 22.7972
50390 22.7982
50400 22.7865
50410 22.7782
50420 22.7733
50430 22.7696
50440 22.7696
50450 22.766
50460 22.7563
50470 22.7541
50480 22.7582
50490 22.7619
50500 22.7685
50510 22.7729
50520 22.764
50530 22.7456
50540 22.7257
50550 22.7071
50560 22.6985
50570 22.7094
50580 22.7365
50590 22.7613
50600 22.7639
50610 22.7522
50620 22.7582
50630 22.7871
50640 22.8141
50650 22.825
50660 22.8325
50670 22.8448
50680 22.8579
50690 22.8644
50700 22.8673
50710 22.8648
50720 22.85
50730 22.8204
50740 22.778
50750 22.7278
50760 22.6822
50770 22.6494
50780 22.6245
50790 22.6086
50800 22.6101
50810 22.6237
50820 22.623
50830 22.605
50840 22.5805
50850 22.5563
50860 22.5399
50870 22.5383
50880 22.5468
50890 22.5499
50900 22.5406
50910 22.5198
50920 22.4926
50930 22.4621
50940 22.4397
50950 22.4306
50960 22.4259
50970 22.429
50980 22.4529
50990 22.4912
51000 22.5341
51010 22.5801
51020 22.623
51030 22.6597
51040 22.6869
51050 22.7
51060 22.7088
51070 22.7256
51080 22.7568
51090 22.8005
51100 22.8415
51110 22.8614
51120 22.8584
51130 22.8454
51140 22.8432
51150 22.8578
51160 22.8868
51170 22.9288
51180 22.9833
51190 23.0413
51200 23.0891
51210 23.1216
51220 23.1379
51230 23.1427
51240 23.1419
51250 23.1353
51260 23.1339
51270 23.1606
51280 23.2154
51290 23.2681
51300 23.295
51310 23.3056
51320 23.3186
51330 23.3413
51340 23.3717
51350 23.3985
51360 23.4179
51370 23.4275
51380 23.4298
51390 23.4359
51400 23.4522
51410 23.4721
51420 23.4819
51430 23.4739
51440 23.456
51450 23.4441
51460 23.4278
51470 23.3988
51480 23.3691
51490 23.3446
51500 23.3336
51510 23.3469
51520 23.3789
51530 23.4137
51540 23.4532
51550 23.4905
51560 23.5072
51570 23.5087
51580 23.5095
51590 23.5086
51600 23.5076
51610 23.5189
51620 23.5395
51630 23.5513
51640 23.5469
51650 23.5371
51660 23.5277
51670 23.5139
51680 23.496
51690 23.4886
51700 23.4978
51710 23.5171
51720 23.5376
51730 23.5599
51740 23.5936
51750 23.6348
51760 23.6751
51770 23.7223
51780 23.7791
51790 23.8511
51800 23.9327
51810 24.0065
51820 24.0544
51830 24.0754
51840 24.0834
51850 24.0971
51860 24.1198
51870 24.1434
51880 24.1646
51890 24.1823
51900 24.1897
51910 24.1816
51920 24.1622
51930 24.1404
51940 24.1144
51950 24.085
51960 24.0609
51970 24.0557
51980 24.0577
51990 24.0569
52000 24.0601
52010 24.0591
52020 24.0476
52030 24.0381
52040 24.0333
52050 24.0165
52060 23.991
52070 23.9679
52080 23.9366
52090 23.896
52100 23.865
52110 23.8542
52120 23.8561
52130 23.8575
52140 23.8587
52150 23.8615
52160 23.8709
52170 23.8915
52180 23.9116
52190 23.9222
52200 23.92
52210 23.8957
52220 23.8488
52230 23.7975
52240 23.7742
52250 23.7987
52260 23.8514
52270 23.9088
52280 23.9668
52290 24.0171
52300 24.0522
52310 24.0686
52320 24.0751
52330 24.0834
52340 24.1157
52350 24.1739
52360 24.2471
52370 24.315
52380 24.364
52390 24.4001
52400 24.4299
52410 24.4483
52420 24.4518
52430 24.4328
52440 24.3927
52450 24.3573
52460 24.3447
52470 24.3539
52480 24.3829
52490 24.4188
52500 24.4427
52510 24.4464
52520 24.4334
52530 24.4171
52540 24.3971
52550 24.3649
52560 24.3381
52570 24.3353
52580 24.345
52590 24.3461
52600 24.3365
52610 24.323
52620 24.2977
52630 24.2536
52640 24.2033
52650 24.1634
52660 24.1327
52670 24.115
52680 24.1162
52690 24.1322
52700 24.1513
52710 24.1551
52720 24.136
52730 24.0955
52740 24.0402
52750 23.981
52760 23.9289
52770 23.886
52780 23.856
52790 23.8472
52800 23.859
52810 23.8842
52820 23.9143
52830 23.9456
52840 23.9756
52850 24.0046
52860 24.043
52870 24.0949
52880 24.1513
52890 24.2112
52900 24.2719
52910 24.3195
52920 24.3412
52930 24.3367
52940 24.3172
52950 24.2882
52960 24.2577
52970 24.2359
52980 24.2377
52990 24.2633
53000 24.297
53010 24.33
53020 24.3596
53030 24.3856
53040 24.4086
53050 24.4266
53060 24.4479
53070 24.4742
53080 24.5106
53090 24.5539
53100 24.5939
53110 24.6168
53120 24.6158
53130 24.5958
53140 24.5608
53150 24.5263
53160 24.5083
53170 24.5016
53180 24.5052
53190 24.5169
53200 24.5216
53210 24.5092
53220 24.4797
53230 24.4481
53240 24.4231
53250 24.4127
53260 24.4224
53270 24.446
53280 24.4826
53290 24.5254
53300 24.5592
53310 24.5693
53320 24.5726
53330 24.5871
53340 24.6011
53350 24.6126
53360 24.6323
53370 24.6513
53380 24.6592
53390 24.6577
53400 24.647
53410 24.622
53420 24.5886
53430 24.5587
53440 24.5377
53450 24.5277
53460 24.5301
53470 24.5378
53480 24.5401
53490 24.5458
53500 24.5595
53510 24.561
53520 24.5298
53530 24.4679
53540 24.3905
53550 24.32
53560 24.266
53570 24.2278
53580 24.2102
53590 24.2224
53600 24.2681
53610 24.3225
53620 24.3535
53630 24.3587
53640 24.3535
53650 24.3461
53660 24.3361
53670 24.3419
53680 24.3728
53690 24.4103
53700 24.443
53710 24.4807
53720 24.5272
53730 24.5765
53740 24.6206
53750 24.6572
53760 24.6864
53770 24.7
53780 24.6911
53790 24.6768
53800 24.6775
53810 24.6923
53820 24.7111
53830 24.7321
53840 24.765
53850 24.8029
53860 24.8414
53870 24.8884
53880 24.9458
53890 24.9964
53900 25.0274
53910 25.0463
53920 25.058
53930 25.0579
53940 25.0381
53950 25.0089
53960 24.9864
53970 24.9724
53980 24.9581
53990 24.9469
54000 24.9539
54010 24.9778
54020 25.0125
54030 25.0461
54040 25.0668
54050 25.0669
54060 25.0531
54070 25.0335
54080 25.0096
54090 24.9817
54100 24.9553
54110 24.9315
54120 24.9048
54130 24.8795
54140 24.8603
54150 24.8445
54160 24.8337
54170 24.8307
54180 24.8282
54190 24.8156
54200 24.8036
54210 24.808
54220 24.8165
54230 24.8065
54240 24.7871
54250 24.7707
54260 24.7649
54270 24.7861
54280 24.8353
54290 24.8909
54300 24.9361
54310 24.9607
54320 24.9579
54330 24.9252
54340 24.8737
54350 24.8207
54360 24.7872
54370 24.7747
54380 24.78
54390 24.7995
54400 24.8233
54410 24.8448
54420 24.8637
54430 24.8806
54440 24.8875
54450 24.8798
54460 24.8584
54470 24.8272
54480 24.7991
54490 24.7801
54500 24.7712
54510 24.7812
54520 24.8135
54530 24.852
54540 24.8786
54550 24.8835
54560 24.862
54570 24.8134
54580 24.757
54590 24.7191
54600 24.7123
54610 24.7263
54620 24.7526
54630 24.7847
54640 24.8086
54650 24.8135
54660 24.7999
54670 24.7771
54680 24.7567
54690 24.7457
54700 24.7446
54710 24.7587
54720 24.7834
54730 24.8084
54740 24.8339
54750 24.8693
54760 24.9147
54770 24.9573
54780 24.9911
54790 25.0231
54800 25.0614
54810 25.0957
54820 25.1126
54830 25.1197
54840 25.1369
54850 25.1703
54860 25.2051
54870 25.2289
54880 25.2484
54890 25.2719
54900 25.2932
54910 25.3148
54920 25.3497
54930 25.401
54940 25.4607
54950 25.5252
54960 25.5804
54970 25.6126
54980 25.6177
54990 25.5902
55000 25.5263
55010 25.4416
55020 25.36
55030 25.2946
55040 25.2452
55050 25.212
55060 25.1984
55070 25.2013
55080 25.2047
55090 25.195
55100 25.1732
55110 25.1477
55120 25.1269
55130 25.1111
55140 25.104
55150 25.106
55160 25.124
55170 25.1566
55180 25.1878
55190 25.2054
55200 25.2141
55210 25.2266
55220 25.2382
55230 25.2373
55240 25.233
55250 25.2389
55260 25.2585
55270 25.2894
55280 25.3404
55290 25.413
55300 25.4894
55310 25.5615
55320 25.6193
55330 25.6423
55340 25.6339
55350 25.6096
55360 25.5853
55370 25.5749
55380 25.5857
55390 25.6179
55400 25.6665
55410 25.7253
55420 25.7936
55430 25.874
55440 25.9538
55450 26.0217
55460 26.0779
55470 26.1221
55480 26.1466
55490 26.1403
55500 26.1111
55510 26.0789
55520 26.0517
55530 26.0284
55540 26.017
55550 26.0239
55560 26.0343
55570 26.04
55580 26.0438
55590 26.0488
55600 26.0493
55610 26.0307
55620 26.0107
55630 26.0084
55640 26.0186
55650 26.0262
55660 26.031
55670 26.0371
55680 26.0496
55690 26.0646
55700 26.0685
55710 26.0656
55720 26.0771
55730 26.1091
55740 26.1512
55750 26.1916
55760 26.236
55770 26.29
55780 26.3481
55790 26.4052
55800 26.4502
55810 26.476
55820 26.4847
55830 26.4756
55840 26.4512
55850 26.4335
55860 26.4395
55870 26.4633
55880 26.4923
55890 26.5237
55900 26.5717
55910 26.635
55920 26.6937
55930 26.7318
55940 26.7503
55950 26.7482
55960 26.7278
55970 26.707
55980 26.6926
55990 26.6801
56000 26.6732
56010 26.6792
56020 26.6885
56030 26.6849
56040 26.665
56050 26.6358
56060 26.6075
56070 26.5854
56080 26.5734
56090 26.5696
56100 26.5598
56110 26.5431
56120 26.5288
56130 26.51
56140 26.4838
56150 26.4536
56160 26.4265
56170 26.4088
56180 26.4034
56190 26.4027
56200 26.3915
56210 26.3542
56220 26.3054
56230 26.2674
56240 26.2419
56250 26.2287
56260 26.2326
56270 26.2502
56280 26.2796
56290 26.2973
56300 26.2831
56310 26.2527
56320 26.2347
56330 26.2264
56340 26.2182
56350 26.2232
56360 26.261
56370 26.328
56380 26.4041
56390 26.4745
56400 26.5293
56410 26.5651
56420 26.5857
56430 26.5822
56440 26.5401
56450 26.4776
56460 26.4303
56470 26.3993
56480 26.3752
56490 26.3572
56500 26.3551
56510 26.3611
56520 26.3671
56530 26.3802
56540 26.3933
56550 26.3936
56560 26.3971
56570 26.4051
56580 26.4056
56590 26.4035
56600 26.4103
56610 26.4321
56620 26.4556
56630 26.4647
56640 26.4592
56650 26.4597
56660 26.4743
56670 26.4766
56680 26.4581
56690 26.4421
56700 26.4492
56710 26.4769
56720 26.512
56730 26.5567
56740 26.6075
56750 26.6451
56760 26.6611
56770 26.6705
56780 26.6872
56790 26.7046
56800 26.7092
56810 26.7023
56820 26.7005
56830 26.7167
56840 26.7378
56850 26.745
56860 26.7563
56870 26.7906
56880 26.8313
56890 26.8553
56900 26.8623
56910 26.8553
56920 26.8428
56930 26.8386
56940 26.8486
56950 26.8625
56960 26.8819
56970 26.9208
56980 26.9717
56990 27.0148
57000 27.0486
57010 27.0691
57020 27.0656
57030 27.0465
57040 27.0279
57050 27.0191
57060 27.0162
57070 27.01
57080 26.9995
57090 26.9916
57100 26.9839
57110 26.9696
57120 26.9477
57130 26.9325
57140 26.9265
57150 26.9278
57160 26.9288
57170 26.9175
57180 26.8884
57190 26.8508
57200 26.8118
57210 26.7649
57220 26.7146
57230 26.6768
57240 26.6572
57250 26.6486
57260 26.651
57270 26.6516
57280 26.6454
57290 26.6443
57300 26.6519
57310 26.6612
57320 26.6661
57330 26.6724
57340 26.681
57350 26.6886
57360 26.7014
57370 26.7333
57380 26.7855
57390 26.8397
57400 26.8846
57410 26.9301
57420 26.975
57430 27.0123
57440 27.0378
57450 27.0497
57460 27.0511
57470 27.0448
57480 27.0316
57490 27.0166
57500 27.0032
57510 26.9911
57520 26.9808
57530 26.9749
57540 26.9862
57550 27.0104
57560 27.0209
57570 27.004
57580 26.9715
57590 26.94
57600 26.9149
57610 26.8999
57620 26.889
57630 26.8761
57640 26.8625
57650 26.8485
57660 26.827
57670 26.8005
57680 26.7815
57690 26.777
57700 26.7788
57710 26.7745
57720 26.7726
57730 26.7979
57740 26.8542
57750 26.9219
57760 26.985
57770 27.0335
57780 27.0506
57790 27.0296
57800 27.0003
57810 26.9906
57820 27.0004
57830 27.0244
57840 27.059
57850 27.0925
57860 27.1176
57870 27.137
57880 27.1493
57890 27.1422
57900 27.1195
57910 27.1027
57920 27.1001
57930 27.1014
57940 27.095
57950 27.0914
57960 27.0929
57970 27.0868
57980 27.0662
57990 27.0337
58000 26.9871
58010 26.9289
58020 26.8727
58030 26.8306
58040 26.8116
58050 26.8103
58060 26.8173
58070 26.82
58080 26.8101
58090 26.7943
58100 26.792
58110 26.8018
58120 26.8012
58130 26.7848
58140 26.7659
58150 26.7553
58160 26.7557
58170 26.7567
58180 26.7474
58190 26.7387
58200 26.7466
58210 26.7639
58220 26.777
58230 26.786
58240 26.7964
58250 26.8114
58260 26.8314
58270 26.8591
58280 26.8926
58290 26.9269
58300 26.9587
58310 26.983
58320 26.9905
58330 26.9799
58340 26.9652
58350 26.9685
58360 26.9957
58370 27.0381
58380 27.0802
58390 27.1139
58400 27.1348
58410 27.14
58420 27.1341
58430 27.1278
58440 27.1193
58450 27.1023
58460 27.0852
58470 27.0724
58480 27.0707
58490 27.0794
58500 27.0867
58510 27.0783
58520 27.056
58530 27.0322
58540 27.0151
58550 27.002
58560 26.9856
58570 26.9678
58580 26.9683
58590 26.9855
58600 27.006
58610 27.0391
58620 27.0888
58630 27.1353
58640 27.164
58650 27.1766
58660 27.1818
58670 27.1978
58680 27.2352
58690 27.2713
58700 27.2921
58710 27.3078
58720 27.3204
58730 27.3219
58740 27.3169
58750 27.3149
58760 27.3167
58770 27.3326
58780 27.3576
58790 27.3778
58800 27.3898
58810 27.3867
58820 27.3599
58830 27.3186
58840 27.2741
58850 27.2365
58860 27.2179
58870 27.2265
58880 27.2509
58890 27.2783
58900 27.309
58910 27.3463
58920 27.3904
58930 27.4297
58940 27.4408
58950 27.4212
58960 27.3904
58970 27.3669
58980 27.3518
58990 27.3407
59000 27.3328
59010 27.3374
59020 27.3529
59030 27.3741
59040 27.4095
59050 27.4554
59060 27.4911
59070 27.4971
59080 27.483
59090 27.4707
59100 27.4593
59110 27.4374
59120 27.4149
59130 27.4005
59140 27.3992
59150 27.411
59160 27.4135
59170 27.4023
59180 27.3936
59190 27.3943
59200 27.3934
59210 27.3819
59220 27.3711
59230 27.3595
59240 27.3438
59250 27.3342
59260 27.3336
59270 27.3365
59280 27.3369
59290 27.3295
59300 27.3085
59310 27.2834
59320 27.2654
59330 27.2483
59340 27.2299
59350 27.2211
59360 27.222
59370 27.2238
59380 27.2194
59390 27.2093
59400 27.2016
59410 27.1966
59420 27.1907
59430 27.1822
59440 27.1785
59450 27.1846
59460 27.1957
59470 27.1896
59480 27.1637
59490 27.1337
59500 27.1169
59510 27.1136
59520 27.1197
59530 27.1323
59540 27.1507
59550 27.1571
59560 27.1424
59570 27.1195
59580 27.0971
59590 27.0753
59600 27.0454
59610 27.0046
59620 26.961
59630 26.9254
59640 26.8984
59650 26.8812
59660 26.8819
59670 26.8968
59680 26.9158
59690 26.9413
59700 26.976
59710 27.009
59720 27.0267
59730 27.0292
59740 27.0349
59750 27.0537
59760 27.0824
59770 27.1211
59780 27.1618
59790 27.1919
59800 27.2067
59810 27.2162
59820 27.2337
59830 27.2611
59840 27.298
59850 27.3406
59860 27.3731
59870 27.3926
59880 27.4179
59890 27.4464
59900 27.4607
59910 27.4702
59920 27.4889
59930 27.5152
59940 27.5347
59950 27.5601
59960 27.5989
59970 27.6258
59980 27.6313
59990 27.6322
60000 27.6353
60010 27.6342
60020 27.6309
60030 27.6275
60040 27.6213
60050 27.6079
60060 27.5967
60070 27.6006
60080 27.6085
60090 27.616
60100 27.6343
60110 27.6678
60120 27.7063
60130 27.7389
60140 27.7653
60150 27.7798
60160 27.7775
60170 27.7563
60180 27.7268
60190 27.7023
60200 27.6949
60210 27.7066
60220 27.7398
60230 27.7729
60240 27.7797
60250 27.7583
60260 27.7257
60270 27.6965
60280 27.681
60290 27.6895
60300 27.7161
60310 27.7417
60320 27.7503
60330 27.7293
60340 27.673
60350 27.5901
60360 27.5024
60370 27.4271
60380 27.3659
60390 27.3161
60400 27.2804
60410 27.2625
60420 27.2507
60430 27.2383
60440 27.2291
60450 27.2185
60460 27.2043
60470 27.1902
60480 27.1793
60490 27.1784
60500 27.1999
60510 27.2409
60520 27.2909
60530 27.3437
60540 27.3926
60550 27.4355
60560 27.4751
60570 27.5019
60580 27.5179
60590 27.5289
60600 27.5394
60610 27.5499
60620 27.5647
60630 27.582
60640 27.5979
60650 27.6175
60660 27.6326
60670 27.6334
60680 27.627
60690 27.614
60700 27.5851
60710 27.542
60720 27.496
60730 27.4493
60740 27.4026
60750 27.3712
60760 27.3583
60770 27.3623
60780 27.3809
60790 27.4059
60800 27.4325
60810 27.4603
60820 27.4815
60830 27.4833
60840 27.4554
60850 27.4106
60860 27.3711
60870 27.336
60880 27.3042
60890 27.2808
60900 27.2759
60910 27.2881
60920 27.3107
60930 27.3291
60940 27.3242
60950 27.2863
60960 27.2268
60970 27.1711
60980 27.1376
60990 27.1213
61000 27.1027
61010 27.0752
61020 27.0437
61030 27.0187
61040 27.0075
61050 27.0124
61060 27.0429
61070 27.1005
61080 27.1749
61090 27.2541
61100 27.3288
61110 27.3792
61120 27.404
61130 27.4124
61140 27.4144
61150 27.4183
61160 27.4357
61170 27.478
61180 27.546
61190 27.6289
61200 27.7059
61210 27.7727
61220 27.8245
61230 27.8513
61240 27.8597
61250 27.8595
61260 27.8549
61270 27.8556
61280 27.864
61290 27.8804
61300 27.9007
61310 27.9237
61320 27.9611
61330 28.0265
61340 28.1045
61350 28.1685
61360 28.2179
61370 28.2589
61380 28.2919
61390 28.3111
61400 28.3205
61410 28.3286
61420 28.3338
61430 28.3403
61440 28.3511
61450 28.3611
61460 28.3696
61470 28.3851
61480 28.4066
61490 28.437
61500 28.4796
61510 28.5261
61520 28.573
61530 28.611
61540 28.6257
61550 28.6282
61560 28.6408
61570 28.6563
61580 28.6508
61590 28.6226
61600 28.5977
61610 28.5976
61620 28.614
61630 28.6312
61640 28.6546
61650 28.6908
61660 28.7296
61670 28.7562
61680 28.7756
61690 28.7956
61700 28.814
61710 28.8303
61720 28.8476
61730 28.8568
61740 28.8473
61750 28.8379
61760 28.8437
61770 28.8471
61780 28.8422
61790 28.8383
61800 28.8317
61810 28.8201
61820 28.808
61830 28.7888
61840 28.754
61850 28.7146
61860 28.688
61870 28.6697
61880 28.6537
61890 28.656
61900 28.681
61910 28.7101
61920 28.7321
61930 28.7443
61940 28.7484
61950 28.7483
61960 28.75
61970 28.7535
61980 28.7638
61990 28.7763
62000 28.7854
62010 28.7886
62020 28.788
62030 28.7818
62040 28.7701
62050 28.7559
62060 28.7392
62070 28.7193
62080 28.7082
62090 28.7087
62100 28.7024
62110 28.6773
62120 28.6398
62130 28.5982
62140 28.5554
62150 28.5228
62160 28.5051
62170 28.5014
62180 28.5113
62190 28.5322
62200 28.5554
62210 28.5687
62220 28.5617
62230 28.521
62240 28.4525
62250 28.3944
62260 28.3707
62270 28.3682
62280 28.3664
62290 28.3692
62300 28.3732
62310 28.3618
62320 28.3353
62330 28.3205
62340 28.3276
62350 28.3459
62360 28.3694
62370 28.4127
62380 28.4753
62390 28.5328
62400 28.5731
62410 28.6047
62420 28.6219
62430 28.6171
62440 28.6016
62450 28.5845
62460 28.562
62470 28.5476
62480 28.5549
62490 28.5762
62500 28.5925
62510 28.5944
62520 28.5861
62530 28.5729
62540 28.5535
62550 28.5334
62560 28.5304
62570 28.5474
62580 28.5713
62590 28.5818
62600 28.5706
62610 28.5436
62620 28.5142
62630 28.5001
62640 28.5043
62650 28.5102
62660 28.517
62670 28.5379
62680 28.5606
62690 28.5668
62700 28.5531
62710 28.519
62720 28.4793
62730 28.452
62740 28.4424
62750 28.4523
62760 28.4814
62770 28.5262
62780 28.5836
62790 28.6266
62800 28.6376
62810 28.629
62820 28.6158
62830 28.5993
62840 28.5882
62850 28.5983
62860 28.6295
62870 28.6734
62880 28.7208
62890 28.7546
62900 28.7599
62910 28.7364
62920 28.6933
62930 28.6415
62940 28.5996
62950 28.5839
62960 28.603
62970 28.6528
62980 28.7139
62990 28.7648
63000 28.7988
63010 28.8235
63020 28.8333
63030 28.8194
63040 28.7878
63050 28.7497
63060 28.7242
63070 28.7349
63080 28.7811
63090 28.8259
63100 28.8449
63110 28.8442
63120 28.8343
63130 28.826
63140 28.8206
63150 28.8199
63160 28.8229
63170 28.8237
63180 28.8276
63190 28.8382
63200 28.8471
63210 28.854
63220 28.8627
63230 28.8683
63240 28.8659
63250 28.8661
63260 28.8834
63270 28.9246
63280 28.9742
63290 29.0146
63300 29.0422
63310 29.0651
63320 29.0791
63330 29.0791
63340 29.0643
63350 29.0471
63360 29.0391
63370 29.0456
63380 29.069
63390 29.1049
63400 29.1426
63410 29.1794
63420 29.201
63430 29.19
63440 29.1534
63450 29.1165
63460 29.096
63470 29.091
63480 29.091
63490 29.086
63500 29.0735
63510 29.0634
63520 29.0586
63530 29.047
63540 29.0315
63550 29.0147
63560 29.0013
63570 28.9991
63580 29.0196
63590 29.0588
63600 29.0854
63610 29.0743
63620 29.0396
63630 29.0028
63640 28.9775
63650 28.9755
63660 28.9931
63670 29.0144
63680 29.0415
63690 29.0757
63700 29.1034
63710 29.1139
63720 29.1049
63730 29.0889
63740 29.0669
63750 29.0424
63760 29.0249
63770 29.0118
63780 29.0046
63790 29.0152
63800 29.0397
63810 29.049
63820 29.0355
63830 29.0188
63840 29.007
63850 28.9953
63860 28.9881
63870 28.9876
63880 28.9965
63890 29.0197
63900 29.0477
63910 29.0725
63920 29.1012
63930 29.1364
63940 29.1662
63950 29.1927
63960 29.2224
63970 29.2517
63980 29.2745
63990 29.2923
64000 29.3098
64010 29.3305
64020 29.3581
64030 29.3997
64040 29.4413
64050 29.4645
64060 29.456
64070 29.4157
64080 29.3623
64090 29.3052
64100 29.2546
64110 29.2103
64120 29.166
64130 29.1263
64140 29.1014
64150 29.0806
64160 29.0566
64170 29.0391
64180 29.0404
64190 29.0588
64200 29.0875
64210 29.1148
64220 29.1345
64230 29.15
64240 29.1527
64250 29.1465
64260 29.1468
64270 29.1617
64280 29.1875
64290 29.2227
64300 29.2541
64310 29.2693
64320 29.2698
64330 29.2642
64340 29.2537
64350 29.2337
64360 29.2112
64370 29.1952
64380 29.1897
64390 29.1933
64400 29.2034
64410 29.2257
64420 29.2611
64430 29.2953
64440 29.3234
64450 29.3323
64460 29.314
64470 29.2763
64480 29.2382
64490 29.21
64500 29.188
64510 29.1671
64520 29.1409
64530 29.117
64540 29.1085
64550 29.1208
64560 29.145
64570 29.1657
64580 29.1721
64590 29.1628
64600 29.1437
64610 29.1301
64620 29.1255
64630 29.1266
64640 29.1287
64650 29.1292
64660 29.1245
64670 29.113
64680 29.0886
64690 29.0412
64700 28.9763
64710 28.9139
64720 28.8648
64730 28.8399
64740 28.8495
64750 28.8789
64760 28.9096
64770 28.9328
64780 28.9423
64790 28.9314
64800 28.9112
64810 28.9021
64820 28.9081
64830 28.9279
64840 28.9589
64850 28.9959
64860 29.0278
64870 29.0424
64880 29.0431
64890 29.0411
64900 29.0385
64910 29.0326
64920 29.023
64930 29.014
64940 29.0069
64950 28.9943
64960 28.9724
64970 28.952
64980 28.9445
64990 28.9466
65000 28.9533
65010 28.9757
65020 29.0204
65030 29.0782
65040 29.1288
65050 29.1465
65060 29.1282
65070 29.0922
65080 29.0616
65090 29.0379
65100 29.0193
65110 29.0173
65120 29.0423
65130 29.0795
65140 29.1027
65150 29.1088
65160 29.0989
65170 29.0821
65180 29.0902
65190 29.1357
65200 29.2025
65210 29.2781
65220 29.3624
65230 29.4454
65240 29.5052
65250 29.5334
65260 29.5374
65270 29.5409
65280 29.547
65290 29.5467
65300 29.5445
65310 29.5437
65320 29.5397
65330 29.5207
65340 29.4783
65350 29.416
65360 29.337
65370 29.2501
65380 29.1682
65390 29.1032
65400 29.0614
65410 29.0428
65420 29.0397
65430 29.0517
65440 29.0761
65450 29.1093
65460 29.1573
65470 29.2096
65480 29.2494
65490 29.2724
65500 29.284
65510 29.2851
65520 29.2719
65530 29.2562
65540 29.2594
65550 29.2826
65560 29.3159
65570 29.3654
65580 29.4384
65590 29.5194
65600 29.5807
65610 29.6192
65620 29.6429
65630 29.6466
65640 29.6261
65650 29.5968
65660 29.5836
65670 29.5935
65680 29.6114
65690 29.6207
65700 29.6237
65710 29.6267
65720 29.6289
65730 29.6286
65740 29.6234
65750 29.6116
65760 29.6018
65770 29.6022
65780 29.6022
65790 29.5859
65800 29.5648
65810 29.5623
65820 29.5849
65830 29.6292
65840 29.6793
65850 29.7188
65860 29.7407
65870 29.7454
65880 29.7383
65890 29.7224
65900 29.6989
65910 29.691
65920 29.7181
65930 29.769
65940 29.8242
65950 29.8713
65960 29.8987
65970 29.9011
65980 29.8795
65990 29.8449
66000 29.814
66010 29.8002
66020 29.8156
66030 29.8479
66040 29.8678
66050 29.8748
66060 29.8881
66070 29.9051
66080 29.9142
66090 29.9263
66100 29.9443
66110 29.9512
66120 29.9447
66130 29.9366
66140 29.9297
66150 29.9215
66160 29.9215
66170 29.9279
66180 29.9237
66190 29.9027
66200 29.8792
66210 29.8656
66220 29.8545
66230 29.8421
66240 29.8402
66250 29.86
66260 29.8948
66270 29.926
66280 29.9513
66290 29.9789
66300 30.0056
66310 30.0251
66320 30.046
66330 30.0744
66340 30.0996
66350 30.1125
66360 30.1262
66370 30.1462
66380 30.1628
66390 30.1598
66400 30.1394
66410 30.1138
66420 30.0864
66430 30.0694
66440 30.0733
66450 30.0924
66460 30.1198
66470 30.1462
66480 30.1537
66490 30.1423
66500 30.1341
66510 30.1362
66520 30.1334
66530 30.1195
66540 30.1049
66550 30.1004
66560 30.112
66570 30.145
66580 30.1892
66590 30.2332
66600 30.2639
66610 30.2803
66620 30.2877
66630 30.2924
66640 30.2904
66650 30.273
66660 30.2387
66670 30.2096
66680 30.1941
66690 30.185
66700 30.1896
66710 30.2021
66720 30.2085
66730 30.2047
66740 30.1967
66750 30.1882
66760 30.1834
66770 30.1797
66780 30.1898
66790 30.2185
66800 30.2535
66810 30.2813
66820 30.2949
66830 30.2871
66840 30.2725
66850 30.2613
66860 30.2552
66870 30.2626
66880 30.2817
66890 30.2983
66900 30.3092
66910 30.3263
66920 30.3456
66930 30.3616
66940 30.3744
66950 30.376
66960 30.3565
66970 30.3242
66980 30.2916
66990 30.261
67000 30.2316
67010 30.2087
67020 30.1971
67030 30.1991
67040 30.2134
67050 30.2351
67060 30.2429
67070 30.2237
67080 30.1817
67090 30.1265
67100 30.0762
67110 30.0492
67120 30.0444
67130 30.0567
67140 30.0873
67150 30.1273
67160 30.158
67170 30.1798
67180 30.2026
67190 30.2234
67200 30.237
67210 30.2455
67220 30.2578
67230 30.2713
67240 30.2805
67250 30.2866
67260 30.2967
67270 30.3062
67280 30.3027
67290 30.2843
67300 30.2643
67310 30.2422
67320 30.2101
67330 30.1782
67340 30.159
67350 30.1541
67360 30.163
67370 30.1785
67380 30.1854
67390 30.1821
67400 30.1807
67410 30.1829
67420 30.1886
67430 30.2215
67440 30.2886
67450 30.3617
67460 30.4197
67470 30.4686
67480 30.4995
67490 30.5119
67500 30.5186
67510 30.5159
67520 30.5019
67530 30.4845
67540 30.4771
67550 30.4809
67560 30.4929
67570 30.5177
67580 30.5546
67590 30.593
67600 30.6246
67610 30.6428
67620 30.6481
67630 30.661
67640 30.6899
67650 30.726
67660 30.7649
67670 30.8123
67680 30.8633
67690 30.9037
67700 30.9436
67710 30.9944
67720 31.0483
67730 31.0952
67740 31.1332
67750 31.1563
67760 31.168
67770 31.1761
67780 31.1734
67790 31.1485
67800 31.1087
67810 31.0793
67820 31.0762
67830 31.0916
67840 31.1164
67850 31.149
67860 31.1871
67870 31.213
67880 31.2165
67890 31.2024
67900 31.1879
67910 31.1796
67920 31.1748
67930 31.1845
67940 31.2146
67950 31.2461
67960 31.261
67970 31.2719
67980 31.2904
67990 31.3038
68000 31.3049
68010 31.3156
68020 31.3553
68030 31.4027
68040 31.435
68050 31.4564
68060 31.4696
68070 31.4688
68080 31.4546
68090 31.448
68100 31.4496
68110 31.4383
68120 31.409
68130 31.3778
68140 31.3528
68150 31.3251
68160 31.2883
68170 31.2403
68180 31.1802
68190 31.1118
68200 31.0481
68210 30.9969
68220 30.9533
68230 30.9265
68240 30.9209
68250 30.9166
68260 30.9028
68270 30.8821
68280 30.8574
68290 30.8383
68300 30.8324
68310 30.8378
68320 30.8419
68330 30.8354
68340 30.8276
68350 30.8247
68360 30.8213
68370 30.8165
68380 30.8168
68390 30.8269
68400 30.8527
68410 30.8894
68420 30.9209
68430 30.9531
68440 31.0002
68450 31.0584
68460 31.0997
68470 31.0943
68480 31.0551
68490 30.9891
68500 30.8953
68510 30.7997
68520 30.7367
68530 30.7082
68540 30.692
68550 30.6742
68560 30.6569
68570 30.6472
68580 30.6535
68590 30.6837
68600 30.7258
68610 30.7652
68620 30.7989
68630 30.8197
68640 30.8047
68650 30.7523
68660 30.6862
68670 30.6261
68680 30.5771
68690 30.5508
68700 30.5488
68710 30.5633
68720 30.5948
68730 30.6289
68740 30.6401
68750 30.6342
68760 30.6399
68770 30.6723
68780 30.7284
68790 30.792
68800 30.8454
68810 30.884
68820 30.9218
68830 30.9693
68840 31.0166
68850 31.0523
68860 31.0744
68870 31.0746
68880 31.0523
68890 31.035
68900 31.0397
68910 31.0659
68920 31.1073
68930 31.1429
68940 31.1518
68950 31.1454
68960 31.1455
68970 31.1455
68980 31.124
68990 31.0841
69000 31.0487
69010 31.0272
69020 31.0062
69030 30.9852
69040 30.9766
69050 30.9846
69060 31.0039
69070 31.0289
69080 31.0479
69090 31.0455
69100 31.0294
69110 31.0218
69120 31.0246
69130 31.0293
69140 31.0391
69150 31.0555
69160 31.0694
69170 31.0844
69180 31.1054
69190 31.117
69200 31.1141
69210 31.1108
69220 31.1095
69230 31.1073
69240 31.1163
69250 31.1467
69260 31.1828
69270 31.2054
69280 31.2205
69290 31.2501
69300 31.2965
69310 31.3238
69320 31.3071
69330 31.2516
69340 31.1694
69350 31.0829
69360 31.0208
69370 30.9872
69380 30.9743
69390 30.9924
69400 31.0403
69410 31.0863
69420 31.1052
69430 31.1001
69440 31.0906
69450 31.081
69460 31.0659
69470 31.0439
69480 31.0093
69490 30.974
69500 30.9528
69510 30.9348
69520 30.9093
69530 30.8861
69540 30.874
69550 30.8788
69560 30.898
69570 30.9193
69580 30.9314
69590 30.9407
69600 30.9557
69610 30.9659
69620 30.976
69630 30.9973
69640 31.0262
69650 31.0528
69660 31.0647
69670 31.0536
69680 31.0298
69690 31.0056
69700 30.9882
69710 30.9744
69720 30.9618
69730 30.959
69740 30.973
69750 30.9918
69760 31.0008
69770 30.9964
69780 30.9828
69790 30.9658
69800 30.9558
69810 30.9586
69820 30.9773
69830 31.0152
69840 31.0754
69850 31.1546
69860 31.2406
69870 31.3216
69880 31.3915
69890 31.429
69900 31.4305
69910 31.4168
69920 31.3992
69930 31.3781
69940 31.3695
69950 31.3876
69960 31.4104
69970 31.4122
69980 31.4028
69990 31.407
70000 31.4244
70010 31.4458
70020 31.4712
70030 31.4974
70040 31.5146
70050 31.5178
70060 31.5005
70070 31.4641
70080 31.4125
70090 31.3559
70100 31.3079
70110 31.2846
70120 31.2976
70130 31.3295
70140 31.3443
70150 31.3357
70160 31.3204
70170 31.3084
70180 31.292
70190 31.2697
70200 31.2584
70210 31.2654
70220 31.2841
70230 31.3078
70240 31.3233
70250 31.329
70260 31.3329
70270 31.337
70280 31.3322
70290 31.3118
70300 31.2929
70310 31.3047
70320 31.3509
70330 31.4041
70340 31.4415
70350 31.4746
70360 31.5104
70370 31.5291
70380 31.5226
70390 31.5077
70400 31.4919
70410 31.4627
70420 31.4291
70430 31.4141
70440 31.4124
70450 31.4148
70460 31.432
70470 31.4567
70480 31.4594
70490 31.4402
70500 31.4148
70510 31.3832
70520 31.3559
70530 31.3422
70540 31.3442
70550 31.3564
70560 31.3718
70570 31.3911
70580 31.4192
70590 31.4522
70600 31.4854
70610 31.5162
70620 31.5553
70630 31.6058
70640 31.6591
70650 31.7017
70660 31.717
70670 31.7082
70680 31.6895
70690 31.6628
70700 31.6306
70710 31.604
70720 31.591
70730 31.5927
70740 31.5976
70750 31.5964
70760 31.588
70770 31.574
70780 31.5634
70790 31.5613
70800 31.5544
70810 31.5432
70820 31.5394
70830 31.5574
70840 31.595
70850 31.6357
70860 31.6812
70870 31.7295
70880 31.7768
70890 31.8235
70900 31.8647
70910 31.8984
70920 31.9298
70930 31.961
70940 31.9845
70950 31.9849
70960 31.9573
70970 31.9253
70980 31.9069
70990 31.8999
71000 31.8972
71010 31.895
71020 31.8887
71030 31.8827
71040 31.8907
71050 31.912
71060 31.9376
71070 31.9744
71080 32.0298
71090 32.0932
71100 32.1509
71110 32.1994
71120 32.2388
71130 32.2826
71140 32.3451
71150 32.4163
71160 32.483
71170 32.5471
71180 32.6115
71190 32.6732
71200 32.7258
71210 32.7665
71220 32.7917
71230 32.8
71240 32.7912
71250 32.7672
71260 32.744
71270 32.737
71280 32.745
71290 32.7577
71300 32.7716
71310 32.785
71320 32.782
71330 32.7623
71340 32.7408
71350 32.7196
71360 32.6892
71370 32.647
71380 32.6112
71390 32.6105
71400 32.6635
71410 32.748
71420 32.8161
71430 32.8619
71440 32.9045
71450 32.9524
71460 32.9957
71470 33.0296
71480 33.0582
71490 33.0707
71500 33.0575
71510 33.0259
71520 32.9991
71530 32.9883
71540 32.9923
71550 33.0188
71560 33.0623
71570 33.1001
71580 33.1206
71590 33.1214
71600 33.1034
71610 33.0918
71620 33.1024
71630 33.1281
71640 33.1575
71650 33.1861
71660 33.1984
71670 33.1842
71680 33.1441
71690 33.0866
71700 33.0286
71710 32.9777
71720 32.9314
71730 32.88
71740 32.8396
71750 32.8268
71760 32.8263
71770 32.8188
71780 32.8152
71790 32.8265
71800 32.835
71810 32.828
71820 32.821
71830 32.8384
71840 32.8721
71850 32.8961
71860 32.8952
71870 32.8714
71880 32.8356
71890 32.8026
71900 32.7717
71910 32.7445
71920 32.7245
71930 32.7165
71940 32.7217
71950 32.7301
71960 32.7357
71970 32.7457
71980 32.7619
71990 32.7853
72000 32.8199
72010 32.851
72020 32.8701
72030 32.8956
72040 32.9285
72050 32.9379
72060 32.9124
72070 32.8742
72080 32.8377
72090 32.7921
72100 32.741
72110 32.6976
72120 32.6535
72130 32.6014
72140 32.5501
72150 32.5172
72160 32.5055
72170 32.5033
72180 32.4983
72190 32.4908
72200 32.4909
72210 32.5077
72220 32.5279
72230 32.5473
72240 32.5786
72250 32.6124
72260 32.6248
72270 32.6227
72280 32.6287
72290 32.6405
72300 32.6466
72310 32.6476
72320 32.643
72330 32.6368
72340 32.636
72350 32.6422
72360 32.6545
72370 32.6704
72380 32.6955
72390 32.7226
72400 32.7346
72410 32.7305
72420 32.7276
72430 32.7315
72440 32.7294
72450 32.7079
72460 32.6655
72470 32.6082
72480 32.5577
72490 32.5387
72500 32.5284
72510 32.5069
72520 32.488
72530 32.4821
72540 32.4692
72550 32.4325
72560 32.3975
72570 32.3902
72580 32.4023
72590 32.4009
72600 32.3798
72610 32.3563
72620 32.3402
72630 32.3368
72640 32.3446
72650 32.3571
72660 32.3712
72670 32.3888
72680 32.397
72690 32.3924
72700 32.3814
72710 32.367
72720 32.3484
72730 32.3309
72740 32.3322
72750 32.3635
72760 32.414
72770 32.4669
72780 32.5173
72790 32.57
72800 32.6285
72810 32.68
72820 32.705
72830 32.6993
72840 32.6801
72850 32.6719
72860 32.6663
72870 32.6539
72880 32.6433
72890 32.632
72900 32.6163
72910 32.5995
72920 32.5824
72930 32.5668
72940 32.5651
72950 32.5813
72960 32.6082
72970 32.6468
72980 32.7015
72990 32.7561
73000 32.7944
73010 32.8162
73020 32.8273
73030 32.8156
73040 32.7877
73050 32.7707
73060 32.7761
73070 32.7835
73080 32.7676
73090 32.7355
73100 32.7055
73110 32.6796
73120 32.6627
73130 32.6521
73140 32.6473
73150 32.6605
73160 32.6873
73170 32.7171
73180 32.7496
73190 32.8025
73200 32.8775
73210 32.9454
73220 32.9962
73230 33.0343
73240 33.0457
73250 33.0348
73260 33.0236
73270 33.0215
73280 33.0155
73290 33.0043
73300 33.0075
73310 33.0342
73320 33.0803
73330 33.1278
73340 33.1607
73350 33.1781
73360 33.1918
73370 33.2092
73380 33.2309
73390 33.2634
73400 33.3007
73410 33.3275
73420 33.3286
73430 33.3092
73440 33.2865
73450 33.2757
73460 33.2874
73470 33.325
73480 33.3767
73490 33.4383
73500 33.5121
73510 33.5854
73520 33.6331
73530 33.6422
73540 33.6261
73550 33.602
73560 33.5761
73570 33.553
73580 33.5426
73590 33.5496
73600 33.5809
73610 33.6431
73620 33.7249
73630 33.8019
73640 33.86
73650 33.8963
73660 33.9207
73670 33.9355
73680 33.9282
73690 33.9004
73700 33.8777
73710 33.8741
73720 33.8785
73730 33.8872
73740 33.9077
73750 33.9368
73760 33.964
73770 33.9825
73780 33.9881
73790 33.9865
73800 33.9871
73810 33.9811
73820 33.9659
73830 33.9461
73840 33.9393
73850 33.9553
73860 33.9672
73870 33.9513
73880 33.9116
73890 33.8658
73900 33.821
73910 33.7687
73920 33.7083
73930 33.661
73940 33.6337
73950 33.6176
73960 33.6279
73970 33.6566
73980 33.6722
73990 33.6711
74000 33.6675
74010 33.6583
74020 33.6302
74030 33.5859
74040 33.5535
74050 33.5428
74060 33.5483
74070 33.5653
74080 33.5949
74090 33.6344
74100 33.6662
74110 33.6861
74120 33.6954
74130 33.7067
74140 33.7223
74150 33.7295
74160 33.7131
74170 33.6858
74180 33.6706
74190 33.6641
74200 33.6494
74210 33.6203
74220 33.5788
74230 33.5308
74240 33.4848
74250 33.4548
74260 33.4272
74270 33.3788
74280 33.3257
74290 33.3036
74300 33.3204
74310 33.3538
74320 33.3921
74330 33.4394
74340 33.4991
74350 33.56
74360 33.6126
74370 33.6571
74380 33.6883
74390 33.708
74400 33.7283
74410 33.7546
74420 33.7695
74430 33.7706
74440 33.7723
74450 33.7699
74460 33.7496
74470 33.7112
74480 33.6654
74490 33.6107
74500 33.5571
74510 33.5144
74520 33.4846
74530 33.4646
74540 33.4416
74550 33.4082
74560 33.3756
74570 33.35
74580 33.3341
74590 33.3297
74600 33.3255
74610 33.3209
74620 33.3279
74630 33.346
74640 33.3545
74650 33.3384
74660 33.3062
74670 33.2685
74680 33.2249
74690 33.1851
74700 33.1717
74710 33.1894
74720 33.2119
74730 33.2214
74740 33.2315
74750 33.2547
74760 33.2789
74770 33.2868
74780 33.2772
74790 33.2647
74800 33.2661
74810 33.2826
74820 33.3171
74830 33.3739
74840 33.4529
74850 33.5349
74860 33.5975
74870 33.6354
74880 33.6456
74890 33.6351
74900 33.6255
74910 33.6248
74920 33.6391
74930 33.6821
74940 33.743
74950 33.7857
74960 33.7974
74970 33.7906
74980 33.7733
74990 33.7582
75000 33.7558
75010 33.7675
75020 33.7854
75030 33.8036
75040 33.8185
75050 33.819
75060 33.8036
75070 33.7939
75080 33.8032
75090 33.8184
75100 33.8198
75110 33.8097
75120 33.7997
75130 33.7925
75140 33.8037
75150 33.8273
75160 33.8377
75170 33.8378
75180 33.8537
75190 33.8799
75200 33.8905
75210 33.8836
75220 33.884
75230 33.8973
75240 33.9145
75250 33.9392
75260 33.9677
75270 33.9926
75280 34.0229
75290 34.0631
75300 34.0933
75310 34.1038
75320 34.1158
75330 34.1434
75340 34.185
75350 34.2333
75360 34.2798
75370 34.3132
75380 34.3237
75390 34.3192
75400 34.3099
75410 34.292
75420 34.2708
75430 34.2459
75440 34.2225
75450 34.2167
75460 34.2281
75470 34.2503
75480 34.2751
75490 34.3008
75500 34.3243
75510 34.3321
75520 34.3164
75530 34.2928
75540 34.2785
75550 34.2757
75560 34.2652
75570 34.2413
75580 34.2195
75590 34.1945
75600 34.1555
75610 34.116
75620 34.0975
75630 34.0991
75640 34.095
75650 34.0797
75660 34.073
75670 34.0889
75680 34.1083
75690 34.1126
75700 34.1148
75710 34.1239
75720 34.131
75730 34.1314
75740 34.1254
75750 34.1232
75760 34.1302
75770 34.1382
75780 34.1549
75790 34.1872
75800 34.2104
75810 34.2155
75820 34.2213
75830 34.2429
75840 34.2732
75850 34.2938
75860 34.294
75870 34.2818
75880 34.2691
75890 34.2666
75900 34.2726
75910 34.2885
75920 34.3227
75930 34.3645
75940 34.3958
75950 34.4062
75960 34.3943
75970 34.3588
75980 34.3048
75990 34.2556
76000 34.2329
76010 34.2379
76020 34.2545
76030 34.2657
76040 34.2625
76050 34.2505
76060 34.2311
76070 34.2161
76080 34.2233
76090 34.2594
76100 34.3045
76110 34.3462
76120 34.3921
76130 34.4447
76140 34.493
76150 34.5265
76160 34.5357
76170 34.5175
76180 34.478
76190 34.4352
76200 34.4068
76210 34.3904
76220 34.3822
76230 34.3807
76240 34.3808
76250 34.3687
76260 34.3341
76270 34.2847
76280 34.2492
76290 34.2412
76300 34.2491
76310 34.2693
76320 34.301
76330 34.338
76340 34.3663
76350 34.3815
76360 34.3914
76370 34.4058
76380 34.4198
76390 34.4256
76400 34.4189
76410 34.4026
76420 34.3828
76430 34.3579
76440 34.3256
76450 34.2991
76460 34.284
76470 34.2779
76480 34.2816
76490 34.2926
76500 34.2904
76510 34.2658
76520 34.2321
76530 34.2103
76540 34.2094
76550 34.2188
76560 34.2223
76570 34.2124
76580 34.2047
76590 34.2034
76600 34.1967
76610 34.1839
76620 34.1627
76630 34.1342
76640 34.1038
76650 34.0772
76660 34.0497
76670 34.0097
76680 33.9701
76690 33.9472
76700 33.945
76710 33.9568
76720 33.9673
76730 33.9753
76740 33.9995
76750 34.0413
76760 34.0709
76770 34.0763
76780 34.0774
76790 34.0904
76800 34.0984
76810 34.0892
76820 34.0697
76830 34.0559
76840 34.0613
76850 34.0709
76860 34.0672
76870 34.0543
76880 34.0459
76890 34.0462
76900 34.0553
76910 34.0689
76920 34.0841
76930 34.0968
76940 34.0906
76950 34.0671
76960 34.045
76970 34.0322
76980 34.0257
76990 34.0245
77000 34.021
77010 34.0114
77020 34.007
77030 34.0231
77040 34.0437
77050 34.0597
77060 34.0891
77070 34.1407
77080 34.1902
77090 34.2271
77100 34.2614
77110 34.2868
77120 34.2966
77130 34.2977
77140 34.3003
77150 34.2964
77160 34.284
77170 34.2811
77180 34.2968
77190 34.3318
77200 34.3892
77210 34.4555
77220 34.5099
77230 34.545
77240 34.567
77250 34.5755
77260 34.5719
77270 34.5608
77280 34.5452
77290 34.5226
77300 34.4875
77310 34.44
77320 34.3904
77330 34.3567
77340 34.3435
77350 34.3415
77360 34.3413
77370 34.3289
77380 34.3059
77390 34.292
77400 34.2888
77410 34.2785
77420 34.2659
77430 34.2679
77440 34.279
77450 34.2868
77460 34.284
77470 34.2625
77480 34.2084
77490 34.1252
77500 34.0485
77510 34.0087
77520 34.0061
77530 34.031
77540 34.0775
77550 34.1343
77560 34.1778
77570 34.1915
77580 34.1833
77590 34.1728
77600 34.1778
77610 34.2047
77620 34.2478
77630 34.3032
77640 34.3627
77650 34.4115
77660 34.4461
77670 34.479
77680 34.5157
77690 34.5648
77700 34.6185
77710 34.6596
77720 34.6815
77730 34.6855
77740 34.6822
77750 34.6723
77760 34.6469
77770 34.6107
77780 34.5766
77790 34.5425
77800 34.5177
77810 34.5171
77820 34.5316
77830 34.5446
77840 34.5553
77850 34.5604
77860 34.5638
77870 34.5771
77880 34.6106
77890 34.6731
77900 34.7457
77910 34.8048
77920 34.8381
77930 34.8511
77940 34.8639
77950 34.8937
77960 34.9341
77970 34.9748
77980 35.0142
77990 35.0471
78000 35.0651
78010 35.0652
78020 35.0593
78030 35.0541
78040 35.0506
78050 35.0621
78060 35.0965
78070 35.1294
78080 35.1447
78090 35.1526
78100 35.1711
78110 35.1935
78120 35.1916
78130 35.1539
78140 35.095
78150 35.0338
78160 34.9782
78170 34.9183
78180 34.8455
78190 34.7807
78200 34.736
78210 34.7073
78220 34.6947
78230 34.699
78240 34.7164
78250 34.7236
78260 34.7088
78270 34.6807
78280 34.6445
78290 34.6051
78300 34.5689
78310 34.5402
78320 34.5271
78330 34.5296
78340 34.5274
78350 34.509
78360 34.4854
78370 34.4589
78380 34.436
78390 34.4309
78400 34.4519
78410 34.4844
78420 34.5144
78430 34.5407
78440 34.5654
78450 34.581
78460 34.5808
78470 34.5781
78480 34.5806
78490 34.5873
78500 34.6037
78510 34.628
78520 34.6571
78530 34.6901
78540 34.725
78550 34.7548
78560 34.7776
78570 34.7925
78580 34.7961
78590 34.7865
78600 34.7753
78610 34.7636
78620 34.7513
78630 34.7536
78640 34.7771
78650 34.8209
78660 34.8848
78670 34.9661
78680 35.0511
78690 35.1226
78700 35.1761
78710 35.2176
78720 35.2536
78730 35.2912
78740 35.3473
78750 35.4201
78760 35.4824
78770 35.5283
78780 35.5775
78790 35.6286
78800 35.6627
78810 35.6903
78820 35.7235
78830 35.7511
78840 35.7672
78850 35.7831
78860 35.8
78870 35.8109
78880 35.8113
78890 35.8129
78900 35.8175
78910 35.8164
78920 35.8078
78930 35.7875
78940 35.7577
78950 35.7189
78960 35.6717
78970 35.6211
78980 35.5823
78990 35.5736
79000 35.5861
79010 35.6103
79020 35.6382
79030 35.6645
79040 35.681
79050 35.6965
79060 35.7192
79070 35.7481
79080 35.7754
79090 35.8012
79100 35.8295
79110 35.8523
79120 35.8503
79130 35.8166
79140 35.767
79150 35.7218
79160 35.6848
79170 35.6576
79180 35.6386
79190 35.6163
79200 35.5906
79210 35.569
79220 35.5496
79230 35.5289
79240 35.5102
79250 35.4936
79260 35.4879
79270 35.4955
79280 35.51
79290 35.5245
79300 35.535
79310 35.5306
79320 35.5071
79330 35.4837
79340 35.4772
79350 35.474
79360 35.4622
79370 35.4576
79380 35.4666
79390 35.4778
79400 35.4918
79410 35.5172
79420 35.5511
79430 35.5922
79440 35.6464
79450 35.703
79460 35.7426
79470 35.7602
79480 35.764
79490 35.7731
79500 35.8023
79510 35.8492
79520 35.9092
79530 35.9649
79540 35.9951
79550 35.9884
79560 35.9622
79570 35.942
79580 35.9301
79590 35.9177
79600 35.9111
79610 35.9096
79620 35.9108
79630 35.9192
79640 35.9302
79650 35.9283
79660 35.9113
79670 35.8973
79680 35.8866
79690 35.8761
79700 35.8665
79710 35.8608
79720 35.8635
79730 35.8737
79740 35.8814
79750 35.8902
79760 35.9188
79770 35.9613
79780 35.9947
79790 35.9998
79800 35.9821
79810 35.9715
79820 35.9699
79830 35.9583
79840 35.9237
79850 35.8771
79860 35.8368
79870 35.8003
79880 35.7572
79890 35.7092
79900 35.661
79910 35.6146
79920 35.5813
79930 35.5718
79940 35.5779
79950 35.5872
79960 35.5961
79970 35.6055
79980 35.6089
79990 35.6017
80000 35.5844
80010 35.5518
80020 35.523
80030 35.5229
80040 35.5365
80050 35.5418
80060 35.548
80070 35.5729
80080 35.5978
80090 35.6085
80100 35.6255
80110 35.66
80120 35.7005
80130 35.7259
80140 35.7298
80150 35.7177
80160 35.7017
80170 35.6924
80180 35.691
80190 35.698
80200 35.7205
80210 35.7578
80220 35.7931
80230 35.8164
80240 35.8264
80250 35.8325
80260 35.8439
80270 35.8691
80280 35.8981
80290 35.9075
80300 35.9073
80310 35.9147
80320 35.9239
80330 35.9448
80340 35.9918
80350 36.0431
80360 36.0688
80370 36.0795
80380 36.0831
80390 36.0564
80400 35.9928
80410 35.919
80420 35.8618
80430 35.8153
80440 35.7748
80450 35.7461
80460 35.7369
80470 35.7483
80480 35.7688
80490 35.7898
80500 35.8144
80510 35.8494
80520 35.8812
80530 35.8929
80540 35.8881
80550 35.8787
80560 35.8748
80570 35.8704
80580 35.8649
80590 35.8637
80600 35.8791
80610 35.9062
80620 35.9362
80630 35.9649
80640 35.9903
80650 36.006
80660 36.0061
80670 35.9865
80680 35.9657
80690 35.9722
80700 35.9957
80710 36.0033
80720 35.9797
80730 35.9448
80740 35.9247
80750 35.9304
80760 35.9624
80770 36.0055
80780 36.0357
80790 36.0485
80800 36.0514
80810 36.0465
80820 36.0301
80830 36.0118
80840 36.0183
80850 36.0458
80860 36.0693
80870 36.0755
80880 36.0738
80890 36.0661
80900 36.0488
80910 36.017
80920 35.9768
80930 35.9395
80940 35.9133
80950 35.9031
80960 35.914
80970 35.9496
80980 36.0025
80990 36.0577
81000 36.1118
81010 36.1645
81020 36.2137
81030 36.2495
81040 36.2713
81050 36.288
81060 36.3242
81070 36.3775
81080 36.4223
81090 36.4623
81100 36.5203
81110 36.5896
81120 36.6441
81130 36.6747
81140 36.7029
81150 36.7449
81160 36.7931
81170 36.8313
81180 36.8621
81190 36.9001
81200 36.9372
81210 36.9637
81220 36.9655
81230 36.9328
81240 36.8796
81250 36.8308
81260 36.7985
81270 36.7853
81280 36.7966
81290 36.8263
81300 36.8501
81310 36.8523
81320 36.8459
81330 36.8392
81340 36.8254
81350 36.7978
81360 36.7589
81370 36.7184
81380 36.6863
81390 36.6678
81400 36.665
81410 36.6625
81420 36.6527
81430 36.6484
81440 36.6539
81450 36.6638
81460 36.6663
81470 36.661
81480 36.6713
81490 36.6931
81500 36.707
81510 36.7161
81520 36.7339
81530 36.7618
81540 36.7885
81550 36.8007
81560 36.7899
81570 36.7649
81580 36.7427
81590 36.7324
81600 36.7294
81610 36.7274
81620 36.7336
81630 36.7326
81640 36.7067
81650 36.6666
81660 36.6329
81670 36.6099
81680 36.5855
81690 36.5562
81700 36.527
81710 36.4954
81720 36.464
81730 36.4437
81740 36.433
81750 36.4191
81760 36.4069
81770 36.409
81780 36.4375
81790 36.487
81800 36.5421
81810 36.5887
81820 36.6199
81830 36.6257
81840 36.6025
81850 36.5833
81860 36.6134
81870 36.6904
81880 36.779
81890 36.8645
81900 36.9348
81910 36.9719
81920 36.9675
81930 36.9329
81940 36.8913
81950 36.8637
81960 36.8621
81970 36.8659
81980 36.8516
81990 36.8281
82000 36.8249
82010 36.8453
82020 36.8652
82030 36.8736
82040 36.8704
82050 36.8629
82060 36.8467
82070 36.8143
82080 36.7775
82090 36.7605
82100 36.7801
82110 36.8254
82120 36.8716
82130 36.9068
82140 36.9313
82150 36.9428
82160 36.9349
82170 36.9089
82180 36.8804
82190 36.8635
82200 36.8558
82210 36.8458
82220 36.831
82230 36.8131
82240 36.7976
82250 36.7917
82260 36.7934
82270 36.8034
82280 36.82
82290 36.8449
82300 36.87
82310 36.8964
82320 36.9258
82330 36.9447
82340 36.9432
82350 36.9258
82360 36.9076
82370 36.8876
82380 36.8534
82390 36.8084
82400 36.7639
82410 36.7369
82420 36.7303
82430 36.7401
82440 36.7671
82450 36.807
82460 36.8507
82470 36.8881
82480 36.9212
82490 36.9459
82500 36.9609
82510 36.9736
82520 36.9952
82530 37.0214
82540 37.0292
82550 37.0167
82560 36.9967
82570 36.9709
82580 36.9388
82590 36.914
82600 36.9034
82610 36.8952
82620 36.8916
82630 36.8953
82640 36.8931
82650 36.8838
82660 36.8801
82670 36.8834
82680 36.8822
82690 36.8802
82700 36.8839
82710 36.882
82720 36.8726
82730 36.8688
82740 36.8729
82750 36.8642
82760 36.8458
82770 36.8322
82780 36.8152
82790 36.7788
82800 36.7236
82810 36.6675
82820 36.6312
82830 36.624
82840 36.6442
82850 36.6865
82860 36.7497
82870 36.818
82880 36.88
82890 36.9387
82900 36.9899
82910 37.0234
82920 37.0345
82930 37.038
82940 37.0544
82950 37.0931
82960 37.1455
82970 37.1994
82980 37.2432
82990 37.2619
83000 37.2673
83010 37.2779
83020 37.285
83030 37.2904
83040 37.3192
83050 37.3713
83060 37.4256
83070 37.4848
83080 37.551
83090 37.6064
83100 37.6384
83110 37.6514
83120 37.6592
83130 37.6717
83140 37.6802
83150 37.6733
83160 37.6524
83170 37.6256
83180 37.5924
83190 37.555
83200 37.5285
83210 37.5211
83220 37.5137
83230 37.4986
83240 37.5023
83250 37.5331
83260 37.558
83270 37.5464
83280 37.5059
83290 37.4495
83300 37.4003
83310 37.379
83320 37.3908
83330 37.4233
83340 37.4541
83350 37.4789
83360 37.4994
83370 37.5222
83380 37.5443
83390 37.5576
83400 37.5554
83410 37.544
83420 37.5246
83430 37.5074
83440 37.4944
83450 37.478
83460 37.4581
83470 37.4338
83480 37.4156
83490 37.402
83500 37.3805
83510 37.3562
83520 37.3371
83530 37.325
83540 37.322
83550 37.3161
83560 37.3059
83570 37.296
83580 37.289
83590 37.2906
83600 37.3002
83610 37.3145
83620 37.3273
83630 37.3306
83640 37.3214
83650 37.3053
83660 37.2818
83670 37.2375
83680 37.176
83690 37.1188
83700 37.0823
83710 37.0689
83720 37.0756
83730 37.0957
83740 37.11
83750 37.1038
83760 37.0864
83770 37.068
83780 37.0469
83790 37.0214
83800 36.9939
83810 36.9824
83820 36.9924
83830 37.0036
83840 37.0026
83850 36.9977
83860 36.9946
83870 36.9971
83880 37.0116
83890 37.0323
83900 37.0467
83910 37.0616
83920 37.0836
83930 37.1025
83940 37.1111
83950 37.1163
83960 37.1265
83970 37.1449
83980 37.1717
83990 37.2038
84000 37.2431
84010 37.292
84020 37.3453
84030 37.391
84040 37.4133
84050 37.4036
84060 37.3714
84070 37.3389
84080 37.304
84090 37.2652
84100 37.2435
84110 37.2535
84120 37.2802
84130 37.3085
84140 37.3376
84150 37.3662
84160 37.3918
84170 37.416
84180 37.4412
84190 37.4643
84200 37.4664
84210 37.4454
84220 37.4239
84230 37.4124
84240 37.4166
84250 37.4517
84260 37.4976
84270 37.5282
84280 37.5404
84290 37.54
84300 37.5247
84310 37.4947
84320 37.4742
84330 37.482
84340 37.4984
84350 37.5047
84360 37.5071
84370 37.5209
84380 37.5477
84390 37.5809
84400 37.6161
84410 37.6599
84420 37.7098
84430 37.7568
84440 37.8036
84450 37.8334
84460 37.8255
84470 37.7853
84480 37.7296
84490 37.6722
84500 37.6283
84510 37.6078
84520 37.6112
84530 37.6338
84540 37.6804
84550 37.7457
84560 37.7995
84570 37.8322
84580 37.8662
84590 37.905
84600 37.9342
84610 37.9648
84620 38.0072
84630 38.0422
84640 38.0613
84650 38.0839
84660 38.1001
84670 38.0875
84680 38.0543
84690 38.0173
84700 37.9792
84710 37.9484
84720 37.9372
84730 37.9428
84740 37.9507
84750 37.9563
84760 37.955
84770 37.9415
84780 37.9115
84790 37.8639
84800 37.8124
84810 37.7696
84820 37.7358
84830 37.701
84840 37.6644
84850 37.6343
84860 37.6195
84870 37.6217
84880 37.6328
84890 37.6467
84900 37.6559
84910 37.6498
84920 37.6363
84930 37.6279
84940 37.6188
84950 37.6005
84960 37.5818
84970 37.5718
84980 37.5634
84990 37.543
85000 37.5179
85010 37.5083
85020 37.5168
85030 37.5291
85040 37.5399
85050 37.5541
85060 37.5791
85070 37.6186
85080 37.6538
85090 37.6695
85100 37.6696
85110 37.6462
85120 37.6019
85130 37.553
85140 37.512
85150 37.4788
85160 37.4575
85170 37.4558
85180 37.478
85190 37.5056
85200 37.5161
85210 37.4947
85220 37.4459
85230 37.3881
85240 37.3375
85250 37.3022
85260 37.2879
85270 37.2904
85280 37.2996
85290 37.3116
85300 37.33
85310 37.3428
85320 37.3364
85330 37.3032
85340 37.2559
85350 37.2092
85360 37.1648
85370 37.1222
85380 37.0836
85390 37.051
85400 37.0281
85410 37.0131
85420 36.9997
85430 36.9929
85440 37.0002
85450 37.0182
85460 37.0446
85470 37.0784
85480 37.1111
85490 37.1333
85500 37.155
85510 37.1723
85520 37.1677
85530 37.1468
85540 37.1365
85550 37.13
85560 37.1021
85570 37.0609
85580 37.0318
85590 37.0067
85600 36.9674
85610 36.9359
85620 36.927
85630 36.9263
85640 36.934
85650 36.9651
85660 37.0124
85670 37.0632
85680 37.1138
85690 37.1646
85700 37.2011
85710 37.2158
85720 37.2206
85730 37.2253
85740 37.2316
85750 37.2483
85760 37.2758
85770 37.2933
85780 37.2889
85790 37.276
85800 37.2732
85810 37.2779
85820 37.2833
85830 37.2817
85840 37.2858
85850 37.3059
85860 37.3391
85870 37.3773
85880 37.4096
85890 37.433
85900 37.4634
85910 37.505
85920 37.555
85930 37.5993
85940 37.6263
85950 37.6485
85960 37.6933
85970 37.767
85980 37.8361
85990 37.8918
86000 37.95
86010 38.0083
86020 38.0509
86030 38.0764
86040 38.0735
86050 38.0487
86060 38.0345
86070 38.0452
86080 38.0659
86090 38.0849
86100 38.0984
86110 38.1135
86120 38.1421
86130 38.194
86140 38.2592
86150 38.3098
86160 38.3312
86170 38.3259
86180 38.3045
86190 38.2733
86200 38.2392
86210 38.2028
86220 38.1748
86230 38.1613
86240 38.1591
86250 38.1604
86260 38.1586
86270 38.1671
86280 38.1841
86290 38.1957
86300 38.2051
86310 38.2099
86320 38.1996
86330 38.1747
86340 38.1312
86350 38.0829
86360 38.0594
86370 38.068
86380 38.0873
86390 38.1077
86400 38.1294
86410 38.1258
86420 38.0896
86430 38.0551
86440 38.0349
86450 38.0127
86460 38.0016
86470 38.0227
86480 38.0623
86490 38.0897
86500 38.1054
86510 38.1199
86520 38.1217
86530 38.1098
86540 38.0982
86550 38.0808
86560 38.0444
86570 37.9919
86580 37.9447
86590 37.9112
86600 37.8968
86610 37.9004
86620 37.9097
86630 37.9023
86640 37.8814
86650 37.8716
86660 37.8804
86670 37.8939
86680 37.9051
86690 37.9137
86700 37.926
86710 37.9507
86720 37.9893
86730 38.0291
86740 38.0575
86750 38.0772
86760 38.107
86770 38.1443
86780 38.1722
86790 38.1832
86800 38.1811
86810 38.1666
86820 38.1405
86830 38.1056
86840 38.0723
86850 38.0433
86860 38.0185
86870 38.0051
86880 38.0084
86890 38.0248
86900 38.0459
86910 38.0578
86920 38.0559
86930 38.0621
86940 38.0858
86950 38.1094
86960 38.131
86970 38.1703
86980 38.2222
86990 38.2694
87000 38.2984
87010 38.3123
87020 38.331
87030 38.3572
87040 38.3841
87050 38.4051
87060 38.4176
87070 38.4179
87080 38.415
87090 38.4124
87100 38.3935
87110 38.369
87120 38.3765
87130 38.4365
87140 38.5338
87150 38.6397
87160 38.7345
87170 38.8117
87180 38.8697
87190 38.9074
87200 38.9249
87210 38.9224
87220 38.8999
87230 38.8636
87240 38.8384
87250 38.8399
87260 38.861
87270 38.8996
87280 38.946
87290 38.9763
87300 38.9744
87310 38.9475
87320 38.9095
87330 38.8784
87340 38.8623
87350 38.8437
87360 38.8078
87370 38.7648
87380 38.7263
87390 38.6968
87400 38.6738
87410 38.6549
87420 38.6443
87430 38.6442
87440 38.6463
87450 38.6336
87460 38.6069
87470 38.5722
87480 38.5408
87490 38.5222
87500 38.5182
87510 38.5245
87520 38.5393
87530 38.5627
87540 38.5799
87550 38.5744
87560 38.5439
87570 38.5028
87580 38.4611
87590 38.4182
87600 38.3812
87610 38.3643
87620 38.357
87630 38.3609
87640 38.3791
87650 38.4045
87660 38.4369
87670 38.4707
87680 38.4962
87690 38.5039
87700 38.4911
87710 38.4736
87720 38.4752
87730 38.4956
87740 38.4996
87750 38.4708
87760 38.4351
87770 38.4114
87780 38.4033
87790 38.4112
87800 38.433
87810 38.4626
87820 38.4874
87830 38.49
87840 38.4668
87850 38.4399
87860 38.4224
87870 38.4098
87880 38.3928
87890 38.3764
87900 38.3699
87910 38.3786
87920 38.4092
87930 38.4536
87940 38.4963
87950 38.5252
87960 38.5491
87970 38.5704
87980 38.5942
87990 38.6374
88000 38.6928
88010 38.7338
88020 38.758
88030 38.7853
88040 38.8039
88050 38.7769
88060 38.7079
88070 38.6343
88080 38.5798
88090 38.5371
88100 38.5137
88110 38.5033
88120 38.4806
88130 38.441
88140 38.3985
88150 38.3668
88160 38.3558
88170 38.3717
88180 38.4058
88190 38.4351
88200 38.4455
88210 38.4393
88220 38.4391
88230 38.4606
88240 38.4851
88250 38.4917
88260 38.4875
88270 38.5052
88280 38.5567
88290 38.6203
88300 38.6801
88310 38.7362
88320 38.7929
88330 38.8394
88340 38.8631
88350 38.8754
88360 38.8893
88370 38.8917
88380 38.8768
88390 38.8647
88400 38.8657
88410 38.8866
88420 38.9241
88430 38.9609
88440 38.9807
88450 38.9935
88460 39.0146
88470 39.0375
88480 39.0499
88490 39.0634
88500 39.0966
88510 39.1497
88520 39.2156
88530 39.2932
88540 39.3691
88550 39.4298
88560 39.4818
88570 39.5232
88580 39.5442
88590 39.5482
88600 39.5514
88610 39.5554
88620 39.5489
88630 39.5388
88640 39.5279
88650 39.5091
88660 39.4781
88670 39.4495
88680 39.4312
88690 39.4164
88700 39.3965
88710 39.3778
88720 39.3658
88730 39.3558
88740 39.3367
88750 39.3088
88760 39.2927
88770 39.292
88780 39.2879
88790 39.2643
88800 39.2374
88810 39.229
88820 39.2414
88830 39.2646
88840 39.287
88850 39.2999
88860 39.3067
88870 39.3115
88880 39.3137
88890 39.3135
88900 39.3248
88910 39.3557
88920 39.4078
88930 39.4679
88940 39.5038
88950 39.4908
88960 39.4422
88970 39.3862
88980 39.3467
88990 39.3367
89000 39.3574
89010 39.4104
89020 39.487
89030 39.5658
89040 39.6275
89050 39.6637
89060 39.6862
89070 39.6964
89080 39.6959
89090 39.7017
89100 39.7136
89110 39.7299
89120 39.7544
89130 39.7736
89140 39.77
89150 39.7483
89160 39.7225
89170 39.7068
89180 39.7162
89190 39.7603
89200 39.8337
89210 39.9113
89220 39.9767
89230 40.0247
89240 40.0589
89250 40.0699
89260 40.0554
89270 40.0434
89280 40.0593
89290 40.093
89300 40.1273
89310 40.1596
89320 40.1932
89330 40.2254
89340 40.2434
89350 40.239
89360 40.2196
89370 40.1884
89380 40.1557
89390 40.1337
89400 40.1147
89410 40.1101
89420 40.1275
89430 40.1547
89440 40.1699
89450 40.173
89460 40.167
89470 40.142
89480 40.0891
89490 40.0239
89500 39.9791
89510 39.9674
89520 39.994
89530 40.0417
89540 40.0818
89550 40.1069
89560 40.1154
89570 40.1022
89580 40.0689
89590 40.0257
89600 39.9833
89610 39.9511
89620 39.9198
89630 39.8653
89640 39.7948
89650 39.7309
89660 39.6899
89670 39.6586
89680 39.6296
89690 39.5989
89700 39.5746
89710 39.5792
89720 39.6157
89730 39.6605
89740 39.6923
89750 39.7111
89760 39.7211
89770 39.7273
89780 39.7405
89790 39.7651
89800 39.8003
89810 39.8529
89820 39.9185
89830 39.994
89840 40.0715
89850 40.133
89860 40.1679
89870 40.1773
89880 40.163
89890 40.1244
89900 40.0759
89910 40.0288
89920 39.9857
89930 39.9463
89940 39.9181
89950 39.8918
89960 39.8579
89970 39.825
89980 39.8029
89990 39.7875
90000 39.7937
90010 39.8469
90020 39.9414
90030 40.0377
90040 40.1025
90050 40.1231
90060 40.1165
90070 40.1162
90080 40.1317
90090 40.1504
90100 40.16
90110 40.1598
90120 40.1502
90130 40.1417
90140 40.14
90150 40.1264
90160 40.1006
90170 40.0851
90180 40.0837
90190 40.0897
90200 40.1131
90210 40.1621
90220 40.2228
90230 40.2707
90240 40.2995
90250 40.3083
90260 40.2946
90270 40.2611
90280 40.2238
90290 40.1865
90300 40.1356
90310 40.0919
90320 40.0747
90330 40.0785
90340 40.1033
90350 40.1439
90360 40.1972
90370 40.2552
90380 40.3064
90390 40.338
90400 40.3517
90410 40.3583
90420 40.3583
90430 40.3498
90440 40.3376
90450 40.3377
90460 40.3475
90470 40.3507
90480 40.3506
90490 40.3523
90500 40.3534
90510 40.349
90520 40.3467
90530 40.3635
90540 40.4074
90550 40.4632
90560 40.5075
90570 40.5371
90580 40.5739
90590 40.5998
90600 40.5906
90610 40.5538
90620 40.5112
90630 40.4802
90640 40.4581
90650 40.4373
90660 40.4224
90670 40.4205
90680 40.4291
90690 40.4456
90700 40.458
90710 40.4528
90720 40.4352
90730 40.4203
90740 40.4156
90750 40.4126
90760 40.4127
90770 40.4343
90780 40.4836
90790 40.5418
90800 40.6012
90810 40.6648
90820 40.7158
90830 40.7337
90840 40.7278
90850 40.7314
90860 40.7424
90870 40.7394
90880 40.7071
90890 40.6561
90900 40.6187
90910 40.6166
90920 40.6448
90930 40.6811
90940 40.705
90950 40.7035
90960 40.6785
90970 40.6484
90980 40.623
90990 40.5921
91000 40.55
91010 40.5008
91020 40.4437
91030 40.3849
91040 40.3427
91050 40.3357
91060 40.3673
91070 40.4162
91080 40.4598
91090 40.4818
91100 40.4823
91110 40.4925
91120 40.5202
91130 40.546
91140 40.5754
91150 40.6175
91160 40.6646
91170 40.7028
91180 40.7385
91190 40.7803
91200 40.8146
91210 40.8352
91220 40.8512
91230 40.8702
91240 40.8835
91250 40.8863
91260 40.8847
91270 40.8835
91280 40.8862
91290 40.8929
91300 40.8992
91310 40.885
91320 40.8339
91330 40.7607
91340 40.6954
91350 40.6535
91360 40.6231
91370 40.596
91380 40.587
91390 40.5963
91400 40.6032
91410 40.6178
91420 40.652
91430 40.6914
91440 40.7162
91450 40.7197
91460 40.7042
91470 40.6909
91480 40.6974
91490 40.7145
91500 40.7286
91510 40.764
91520 40.8352
91530 40.9159
91540 40.9836
91550 41.042
91560 41.1009
91570 41.1386
91580 41.1402
91590 41.1116
91600 41.0547
91610 40.9736
91620 40.8927
91630 40.8377
91640 40.8047
91650 40.7772
91660 40.762
91670 40.7713
91680 40.7871
91690 40.788
91700 40.7807
91710 40.7718
91720 40.742
91730 40.6847
91740 40.6253
91750 40.577
91760 40.5325
91770 40.4935
91780 40.4751
91790 40.4705
91800 40.465
91810 40.45
91820 40.429
91830 40.4267
91840 40.4748
91850 40.5615
91860 40.6489
91870 40.7319
91880 40.7962
91890 40.8148
91900 40.7964
91910 40.7584
91920 40.7139
91930 40.6751
91940 40.6586
91950 40.6705
91960 40.7074
91970 40.7594
91980 40.8118
91990 40.839
92000 40.8425
92010 40.8328
92020 40.8111
92030 40.7848
92040 40.7705
92050 40.7793
92060 40.8005
92070 40.8072
92080 40.784
92090 40.7431
92100 40.6974
92110 40.6409
92120 40.583
92130 40.5602
92140 40.5747
92150 40.5971
92160 40.6155
92170 40.6325
92180 40.6396
92190 40.6278
92200 40.6249
92210 40.6386
92220 40.6737
92230 40.7427
92240 40.8322
92250 40.9141
92260 40.9715
92270 41.0113
92280 41.0304
92290 41.0227
92300 40.9937
92310 40.9553
92320 40.9221
92330 40.9027
92340 40.9
92350 40.9119
92360 40.9377
92370 40.9656
92380 40.9834
92390 40.998
92400 41.0151
92410 41.026
92420 41.0368
92430 41.0464
92440 41.05
92450 41.0525
92460 41.0684
92470 41.0893
92480 41.0906
92490 41.0734
92500 41.0451
92510 41.0085
92520 40.9545
92530 40.8809
92540 40.8022
92550 40.7515
92560 40.7437
92570 40.7642
92580 40.7947
92590 40.8318
92600 40.872
92610 40.9007
92620 40.903
92630 40.8722
92640 40.8212
92650 40.765
92660 40.7049
92670 40.6502
92680 40.6149
92690 40.6079
92700 40.6198
92710 40.6384
92720 40.6593
92730 40.6828
92740 40.7127
92750 40.7432
92760 40.7584
92770 40.7535
92780 40.7496
92790 40.7596
92800 40.7751
92810 40.7766
92820 40.7577
92830 40.7418
92840 40.7345
92850 40.713
92860 40.6783
92870 40.6492
92880 40.63
92890 40.6083
92900 40.5884
92910 40.578
92920 40.5655
92930 40.5461
92940 40.5357
92950 40.5437
92960 40.5552
92970 40.5659
92980 40.5901
92990 40.6262
93000 40.6477
93010 40.6547
93020 40.6642
93030 40.6978
93040 40.7551
93050 40.8096
93060 40.8417
93070 40.8516
93080 40.8372
93090 40.8055
93100 40.7716
93110 40.7491
93120 40.7488
93130 40.7687
93140 40.8065
93150 40.8579
93160 40.9152
93170 40.9675
93180 41.0149
93190 41.0631
93200 41.1064
93210 41.1338
93220 41.1445
93230 41.1606
93240 41.2127
93250 41.2915
93260 41.3625
93270 41.4099
93280 41.4303
93290 41.428
93300 41.4043
93310 41.3663
93320 41.3267
93330 41.3001
93340 41.2847
93350 41.2837
93360 41.301
93370 41.3348
93380 41.3752
93390 41.4118
93400 41.4416
93410 41.4761
93420 41.5207
93430 41.572
93440 41.6257
93450 41.6667
93460 41.6724
93470 41.632
93480 41.5634
93490 41.4931
93500 41.4265
93510 41.3791
93520 41.3577
93530 41.353
93540 41.3606
93550 41.3714
93560 41.3742
93570 41.3705
93580 41.3724
93590 41.3769
93600 41.3588
93610 41.3095
93620 41.2591
93630 41.2246
93640 41.1958
93650 41.173
93660 41.1578
93670 41.146
93680 41.1239
93690 41.0943
93700 41.0666
93710 41.0374
93720 40.9971
93730 40.9546
93740 40.9394
93750 40.9373
93760 40.9246
93770 40.9074
93780 40.8905
93790 40.8697
93800 40.8533
93810 40.8577
93820 40.8855
93830 40.9197
93840 40.9387
93850 40.9398
93860 40.9349
93870 40.9206
93880 40.8922
93890 40.8612
93900 40.8371
93910 40.826
93920 40.8427
93930 40.8901
93940 40.9473
93950 40.9917
93960 41.027
93970 41.0593
93980 41.0832
93990 41.098
94000 41.1084
94010 41.1278
94020 41.1609
94030 41.2046
94040 41.2588
94050 41.3102
94060 41.3464
94070 41.3767
94080 41.4141
94090 41.4443
94100 41.4486
94110 41.4408
94120 41.449
94130 41.482
94140 41.5328
94150 41.5864
94160 41.6402
94170 41.6782
94180 41.6779
94190 41.6469
94200 41.6039
94210 41.549
94220 41.4867
94230 41.4343
94240 41.4013
94250 41.3856
94260 41.3942
94270 41.4191
94280 41.4368
94290 41.4451
94300 41.4487
94310 41.4329
94320 41.4002
94330 41.379
94340 41.3852
94350 41.4073
94360 41.4258
94370 41.4491
94380 41.4859
94390 41.5196
94400 41.5233
94410 41.5078
94420 41.503
94430 41.5132
94440 41.5333
94450 41.5676
94460 41.6207
94470 41.6694
94480 41.6949
94490 41.706
94500 41.7137
94510 41.715
94520 41.7084
94530 41.7162
94540 41.75
94550 41.7977
94560 41.8356
94570 41.8602
94580 41.8841
94590 41.913
94600 41.9406
94610 41.9757
94620 42.0182
94630 42.0467
94640 42.0568
94650 42.0831
94660 42.1375
94670 42.1847
94680 42.2016
94690 42.1939
94700 42.1701
94710 42.1378
94720 42.1001
94730 42.0557
94740 42.0108
94750 41.9869
94760 41.9819
94770 41.9777
94780 41.9639
94790 41.9407
94800 41.9087
94810 41.8779
94820 41.8572
94830 41.8507
94840 41.8485
94850 41.846
94860 41.8401
94870 41.8285
94880 41.8199
94890 41.8328
94900 41.8637
94910 41.8942
94920 41.9279
94930 41.9621
94940 41.989
94950 42.0017
94960 41.9983
94970 41.9893
94980 41.9789
94990 41.9511
95000 41.9049
95010 41.8614
95020 41.8262
95030 41.7837
95040 41.7347
95050 41.7
95060 41.6855
95070 41.6803
95080 41.69
95090 41.7156
95100 41.733
95110 41.7372
95120 41.7457
95130 41.7447
95140 41.7232
95150 41.7046
95160 41.7177
95170 41.7553
95180 41.7953
95190 41.8347
95200 41.8799
95210 41.9369
95220 42.0049
95230 42.0699
95240 42.1229
95250 42.1657
95260 42.2138
95270 42.2811
95280 42.3586
95290 42.4242
95300 42.4793
95310 42.5432
95320 42.6044
95330 42.627
95340 42.6022
95350 42.5492
95360 42.4987
95370 42.4648
95380 42.4337
95390 42.4079
95400 42.4065
95410 42.4294
95420 42.4555
95430 42.4722
95440 42.4737
95450 42.4611
95460 42.4468
95470 42.4266
95480 42.4011
95490 42.3737
95500 42.3381
95510 42.2949
95520 42.2476
95530 42.2148
95540 42.2043
95550 42.2055
95560 42.2144
95570 42.2462
95580 42.2986
95590 42.341
95600 42.3622
95610 42.3822
95620 42.3999
95630 42.3881
95640 42.3516
95650 42.3211
95660 42.2982
95670 42.2817
95680 42.2969
95690 42.3688
95700 42.4742
95710 42.5701
95720 42.6368
95730 42.6776
95740 42.6855
95750 42.6628
95760 42.622
95770 42.5716
95780 42.5451
95790 42.5648
95800 42.618
95810 42.6719
95820 42.7114
95830 42.7465
95840 42.7773
95850 42.7842
95860 42.7584
95870 42.7022
95880 42.6205
95890 42.5294
95900 42.4533
95910 42.4129
95920 42.3878
95930 42.3537
95940 42.3027
95950 42.2362
95960 42.1574
95970 42.079
95980 42.0269
95990 42.0118
96000 42.0199
96010 42.0407
96020 42.0637
96030 42.0734
96040 42.0607
96050 42.0312
96060 41.9981
96070 41.9722
96080 41.9676
96090 41.9837
96100 42.0068
96110 42.0413
96120 42.0861
96130 42.1344
96140 42.1902
96150 42.2501
96160 42.295
96170 42.3094
96180 42.2913
96190 42.2549
96200 42.2312
96210 42.2354
96220 42.2644
96230 42.305
96240 42.3485
96250 42.3926
96260 42.4266
96270 42.4372
96280 42.432
96290 42.4148
96300 42.3945
96310 42.3897
96320 42.4014
96330 42.4247
96340 42.4651
96350 42.5148
96360 42.5489
96370 42.5439
96380 42.5085
96390 42.4773
96400 42.4831
96410 42.5179
96420 42.5555
96430 42.5818
96440 42.598
96450 42.6117
96460 42.6218
96470 42.6102
96480 42.5763
96490 42.5408
96500 42.5216
96510 42.5291
96520 42.5562
96530 42.5896
96540 42.6249
96550 42.6667
96560 42.7127
96570 42.7526
96580 42.7788
96590 42.8105
96600 42.8573
96610 42.9057
96620 42.9534
96630 43.0106
96640 43.0773
96650 43.1449
96660 43.2027
96670 43.2387
96680 43.2435
96690 43.2182
96700 43.1644
96710 43.0999
96720 43.0597
96730 43.0527
96740 43.0697
96750 43.1204
96760 43.203
96770 43.2924
96780 43.3693
96790 43.4324
96800 43.4755
96810 43.5029
96820 43.5313
96830 43.5837
96840 43.6486
96850 43.6897
96860 43.7064
96870 43.7121
96880 43.7106
96890 43.6997
96900 43.676
96910 43.6648
96920 43.6896
96930 43.7437
96940 43.8054
96950 43.8635
96960 43.9143
96970 43.9315
96980 43.9079
96990 43.8758
97000 43.8548
97010 43.8391
97020 43.8272
97030 43.8152
97040 43.8103
97050 43.8232
97060 43.8487
97070 43.8692
97080 43.8748
97090 43.8743
97100 43.8825
97110 43.9048
97120 43.9283
97130 43.9327
97140 43.9268
97150 43.9263
97160 43.9271
97170 43.9126
97180 43.8894
97190 43.8776
97200 43.8831
97210 43.8901
97220 43.8816
97230 43.8604
97240 43.841
97250 43.8335
97260 43.8328
97270 43.821
97280 43.7951
97290 43.7744
97300 43.757
97310 43.7322
97320 43.7203
97330 43.7411
97340 43.7972
97350 43.8698
97360 43.9501
97370 44.0371
97380 44.1044
97390 44.1344
97400 44.1322
97410 44.1166
97420 44.1119
97430 44.1237
97440 44.1381
97450 44.1512
97460 44.1742
97470 44.2059
97480 44.2241
97490 44.2213
97500 44.2051
97510 44.1817
97520 44.1445
97530 44.0778
97540 43.9914
97550 43.9108
97560 43.8377
97570 43.7671
97580 43.7057
97590 43.6785
97600 43.6914
97610 43.7158
97620 43.7124
97630 43.6816
97640 43.6439
97650 43.5973
97660 43.528
97670 43.4409
97680 43.3623
97690 43.3122
97700 43.3028
97710 43.332
97720 43.3787
97730 43.4315
97740 43.4803
97750 43.5094
97760 43.5099
97770 43.4935
97780 43.4763
97790 43.4574
97800 43.4339
97810 43.4287
97820 43.4463
97830 43.4566
97840 43.4494
97850 43.4471
97860 43.4535
97870 43.4467
97880 43.4201
97890 43.3952
97900 43.389
97910 43.3905
97920 43.3921
97930 43.4065
97940 43.4471
97950 43.5049
97960 43.5483
97970 43.5572
97980 43.5436
97990 43.5216
98000 43.5021
98010 43.5083
98020 43.5446
98030 43.5999
98040 43.6658
98050 43.7461
98060 43.8347
98070 43.9117
98080 43.9622
98090 43.9761
98100 43.9493
98110 43.8799
98120 43.7806
98130 43.6642
98140 43.5483
98150 43.4625
98160 43.4242
98170 43.432
98180 43.4761
98190 43.5244
98200 43.5442
98210 43.5308
98220 43.4927
98230 43.439
98240 43.3665
98250 43.2849
98260 43.2158
98270 43.1655
98280 43.1232
98290 43.09
98300 43.0751
98310 43.0801
98320 43.0895
98330 43.0891
98340 43.0895
98350 43.0889
98360 43.0937
98370 43.1193
98380 43.1649
98390 43.2057
98400 43.2311
98410 43.2619
98420 43.3052
98430 43.3532
98440 43.4052
98450 43.4564
98460 43.489
98470 43.5069
98480 43.5363
98490 43.576
98500 43.5996
98510 43.6011
98520 43.5942
98530 43.5918
98540 43.58
98550 43.5523
98560 43.5256
98570 43.51
98580 43.5095
98590 43.5227
98600 43.5484
98610 43.5844
98620 43.623
98630 43.6558
98640 43.6826
98650 43.7093
98660 43.7305
98670 43.7427
98680 43.7517
98690 43.7606
98700 43.7819
98710 43.8365
98720 43.9129
98730 43.977
98740 44.0201
98750 44.0574
98760 44.0804
98770 44.0758
98780 44.0585
98790 44.058
98800 44.0704
98810 44.077
98820 44.0726
98830 44.0703
98840 44.0865
98850 44.1193
98860 44.1405
98870 44.1304
98880 44.1138
98890 44.1147
98900 44.1218
98910 44.1359
98920 44.1777
98930 44.2413
98940 44.3017
98950 44.35
98960 44.3748
98970 44.3607
98980 44.3123
98990 44.2511
99000 44.1852
99010 44.1062
99020 44.0184
99030 43.9492
99040 43.9153
99050 43.91
99060 43.9208
99070 43.941
99080 43.978
99090 44.0381
99100 44.1083
99110 44.1657
99120 44.1975
99130 44.2032
99140 44.1979
99150 44.1941
99160 44.1855
99170 44.1572
99180 44.1163
99190 44.0867
99200 44.0885
99210 44.114
99220 44.1373
99230 44.1396
99240 44.1101
99250 44.039
99260 43.9389
99270 43.8536
99280 43.8118
99290 43.8033
99300 43.8205
99310 43.8713
99320 43.9395
99330 43.9995
99340 44.0439
99350 44.0652
99360 44.0574
99370 44.028
99380 44
99390 43.9818
99400 43.9826
99410 44.014
99420 44.071
99430 44.1369
99440 44.187
99450 44.2019
99460 44.1862
99470 44.1736
99480 44.1816
99490 44.1938
99500 44.2007
99510 44.2122
99520 44.2257
99530 44.2443
99540 44.2753
99550 44.3159
99560 44.3711
99570 44.4485
99580 44.5356
99590 44.6186
99600 44.6919
99610 44.7365
99620 44.7503
99630 44.7394
99640 44.7128
99650 44.6684
99660 44.6095
99670 44.5543
99680 44.5156
99690 44.4872
99700 44.4757
99710 44.4854
99720 44.5112
99730 44.5426
99740 44.5795
99750 44.6273
99760 44.6867
99770 44.7581
99780 44.8453
99790 44.9238
99800 44.9606
99810 44.9561
99820 44.9403
99830 44.9314
99840 44.928
99850 44.9414
99860 44.978
99870 45.0191
99880 45.0415
99890 45.035
99900 45.006
99910 44.9762
99920 44.9665
99930 44.9791
99940 45.0068
99950 45.0412
99960 45.0711
99970 45.0874
99980 45.0865
99990 45.0772
100000 45.0592
100010 45.0313
100020 45.0055
100030 44.9975
100040 45.0096
100050 45.0267
100060 45.0282
100070 45.0165
100080 45.0042
100090 44.9878
100100 44.9641
100110 44.9297
100120 44.8914
100130 44.8664
100140 44.8568
100150 44.848
100160 44.8442
100170 44.8404
100180 44.8172
100190 44.7717
100200 44.7272
100210 44.7006
100220 44.6757
100230 44.6393
100240 44.6096
100250 44.6011
100260 44.6118
100270 44.6347
100280 44.6587
100290 44.658
100300 44.6403
100310 44.6404
100320 44.6722
100330 44.71
100340 44.7291
100350 44.7264
100360 44.7224
100370 44.7336
100380 44.7511
100390 44.7597
100400 44.768
100410 44.7808
100420 44.7863
100430 44.77
100440 44.7417
100450 44.7157
100460 44.6994
100470 44.6899
100480 44.682
100490 44.6667
100500 44.6377
100510 44.5923
100520 44.5237
100530 44.4437
100540 44.3704
100550 44.3113
100560 44.272
100570 44.2592
100580 44.2686
100590 44.281
100600 44.2762
100610 44.2503
100620 44.2179
100630 44.1878
100640 44.1551
100650 44.1125
100660 44.0711
100670 44.0533
100680 44.0497
100690 44.0547
100700 44.0798
100710 44.117
100720 44.1497
100730 44.1745
100740 44.1889
100750 44.1938
100760 44.2027
100770 44.2107
100780 44.2021
100790 44.1691
100800 44.1087
100810 44.0205
100820 43.9263
100830 43.8684
100840 43.858
100850 43.8852
100860 43.9246
100870 43.9556
100880 43.9643
100890 43.9412
100900 43.8969
100910 43.8518
100920 43.831
100930 43.8416
100940 43.8691
100950 43.9072
100960 43.9574
100970 44.0199
100980 44.0883
100990 44.147
101000 44.1855
101010 44.2145
101020 44.2365
101030 44.2546
101040 44.2657
101050 44.2583
101060 44.2321
101070 44.2043
101080 44.1959
101090 44.2148
101100 44.2532
101110 44.294
101120 44.3259
101130 44.3427
101140 44.3436
101150 44.3317
101160 44.314
101170 44.2973
101180 44.2954
101190 44.3089
101200 44.3174
101210 44.3211
101220 44.3368
101230 44.359
101240 44.3607
101250 44.322
101260 44.2651
101270 44.2269
101280 44.215
101290 44.2164
101300 44.2256
101310 44.2255
101320 44.1939
101330 44.1525
101340 44.1254
101350 44.0985
101360 44.0557
101370 44.0085
101380 43.9853
101390 43.9892
101400 44.0028
101410 44.0063
101420 43.9976
101430 43.9826
101440 43.9647
101450 43.9518
101460 43.9405
101470 43.9151
101480 43.8675
101490 43.8189
101500 43.7978
101510 43.8014
101520 43.8174
101530 43.8279
101540 43.8329
101550 43.8412
101560 43.8529
101570 43.8445
101580 43.8146
101590 43.7922
101600 43.7831
101610 43.7735
101620 43.7541
101630 43.7308
101640 43.7226
101650 43.742
101660 43.7827
101670 43.8276
101680 43.8647
101690 43.8862
101700 43.8956
101710 43.8936
101720 43.8764
101730 43.8488
101740 43.8206
101750 43.7991
101760 43.7901
101770 43.7874
101780 43.7786
101790 43.7674
101800 43.757
101810 43.7494
101820 43.7396
101830 43.7249
101840 43.7096
101850 43.7026
101860 43.7093
101870 43.74
101880 43.7958
101890 43.8585
101900 43.912
101910 43.9553
101920 43.9922
101930 44.0131
101940 43.9997
101950 43.9582
101960 43.9238
101970 43.9207
101980 43.9396
101990 43.9651
102000 43.9881
102010 44.0087
102020 44.0212
102030 44.0123
102040 43.9898
102050 43.9701
102060 43.9544
102070 43.941
102080 43.925
102090 43.9115
102100 43.8993
102110 43.883
102120 43.8687
102130 43.8488
102140 43.8114
102150 43.7605
102160 43.7066
102170 43.6631
102180 43.6343
102190 43.6119
102200 43.6016
102210 43.6041
102220 43.6058
102230 43.5946
102240 43.5771
102250 43.5772
102260 43.6002
102270 43.6255
102280 43.6365
102290 43.635
102300 43.6304
102310 43.6316
102320 43.6312
102330 43.6137
102340 43.5801
102350 43.5439
102360 43.5192
102370 43.5258
102380 43.5718
102390 43.6459
102400 43.7207
102410 43.7846
102420 43.8434
102430 43.8809
102440 43.8749
102450 43.8451
102460 43.811
102470 43.7668
102480 43.726
102490 43.7299
102500 43.7846
102510 43.8475
102520 43.8967
102530 43.9399
102540 43.9743
102550 43.9809
102560 43.9751
102570 43.9693
102580 43.9572
102590 43.9277
102600 43.8862
102610 43.848
102620 43.8279
102630 43.8228
102640 43.8086
102650 43.7848
102660 43.7784
102670 43.7782
102680 43.755
102690 43.7118
102700 43.6787
102710 43.6644
102720 43.6537
102730 43.6368
102740 43.6073
102750 43.5671
102760 43.5259
102770 43.503
102780 43.5035
102790 43.517
102800 43.524
102810 43.5085
102820 43.4774
102830 43.459
102840 43.4677
102850 43.4941
102860 43.5308
102870 43.565
102880 43.5997
102890 43.6336
102900 43.6649
102910 43.698
102920 43.7389
102930 43.796
102940 43.8635
102950 43.9036
102960 43.9075
102970 43.9181
102980 43.9563
102990 43.9877
103000 43.9976
103010 44.0035
103020 44.0147
103030 44.0163
103040 44.0029
103050 43.9919
103060 43.9793
103070 43.9599
103080 43.9451
103090 43.9373
103100 43.9385
103110 43.96
103120 44.0069
103130 44.0732
103140 44.131
103150 44.1541
103160 44.1507
103170 44.1373
103180 44.1047
103190 44.06
103200 44.0241
103210 44.0041
103220 43.9822
103230 43.9385
103240 43.889
103250 43.8548
103260 43.837
103270 43.8279
103280 43.8287
103290 43.8378
103300 43.8449
103310 43.8516
103320 43.8687
103330 43.8961
103340 43.926
103350 43.9606
103360 44.0147
103370 44.0964
103380 44.1941
103390 44.2859
103400 44.3678
103410 44.4422
103420 44.5121
103430 44.5718
103440 44.6219
103450 44.6719
103460 44.7249
103470 44.7741
103480 44.8059
103490 44.8087
103500 44.7814
103510 44.728
103520 44.6522
103530 44.5721
103540 44.5129
103550 44.4815
103560 44.4707
103570 44.4636
103580 44.4654
103590 44.4747
103600 44.4676
103610 44.4184
103620 44.343
103630 44.2773
103640 44.234
103650 44.2223
103660 44.245
103670 44.2918
103680 44.3384
103690 44.3658
103700 44.366
103710 44.3425
103720 44.3032
103730 44.2452
103740 44.1741
103750 44.1064
103760 44.0537
103770 44.0191
103780 44.0048
103790 44.0258
103800 44.0699
103810 44.0977
103820 44.1059
103830 44.1149
103840 44.1276
103850 44.1299
103860 44.1421
103870 44.1801
103880 44.2375
103890 44.2842
103900 44.3031
103910 44.2921
103920 44.2504
103930 44.1853
103940 44.1128
103950 44.0441
103960 44.0002
103970 43.9874
103980 43.9874
103990 43.9937
104000 43.995
104010 43.981
104020 43.9558
104030 43.92
104040 43.8723
104050 43.8085
104060 43.734
104070 43.6666
104080 43.6264
104090 43.6099
104100 43.6051
104110 43.5985
104120 43.5803
104130 43.5512
104140 43.5221
104150 43.4886
104160 43.4425
104170 43.3982
104180 43.3674
104190 43.3343
104200 43.2946
104210 43.2673
104220 43.2614
104230 43.2593
104240 43.2433
104250 43.2188
104260 43.1857
104270 43.1401
104280 43.0885
104290 43.0452
104300 43.0166
104310 43.0082
104320 43.0269
104330 43.0651
104340 43.114
104350 43.1775
104360 43.2386
104370 43.2745
104380 43.267
104390 43.2105
104400 43.124
104410 43.0418
104420 42.9851
104430 42.9521
104440 42.9472
104450 42.9781
104460 43.0212
104470 43.0569
104480 43.0919
104490 43.1367
104500 43.1764
104510 43.1845
104520 43.1702
104530 43.1692
104540 43.1847
104550 43.1859
104560 43.1697
104570 43.1506
104580 43.1329
104590 43.1211
104600 43.1153
104610 43.1131
104620 43.1092
104630 43.1037
104640 43.1136
104650 43.1456
104660 43.1836
104670 43.2116
104680 43.2309
104690 43.2308
104700 43.206
104710 43.1704
104720 43.142
104730 43.1349
104740 43.1601
104750 43.214
104760 43.266
104770 43.2925
104780 43.2992
104790 43.3001
104800 43.3049
104810 43.3103
104820 43.2986
104830 43.2672
104840 43.2424
104850 43.2465
104860 43.2786
104870 43.3191
104880 43.3407
104890 43.335
104900 43.3128
104910 43.2913
104920 43.2594
104930 43.2175
104940 43.1804
104950 43.1632
104960 43.1637
104970 43.1763
104980 43.1836
104990 43.1969
105000 43.2354
105010 43.2985
105020 43.3637
105030 43.4282
105040 43.505
105050 43.5806
105060 43.6311
105070 43.6479
105080 43.628
105090 43.5716
105100 43.4982
105110 43.4293
105120 43.3689
105130 43.3238
105140 43.3071
105150 43.3283
105160 43.3684
105170 43.3865
105180 43.3771
105190 43.3587
105200 43.3336
105210 43.3222
105220 43.3482
105230 43.4132
105240 43.4828
105250 43.5426
105260 43.6031
105270 43.6532
105280 43.6795
105290 43.6873
105300 43.6868
105310 43.6924
105320 43.7185
105330 43.7578
105340 43.7984
105350 43.8428
105360 43.9026
105370 43.9778
105380 44.0496
105390 44.0901
105400 44.1046
105410 44.1109
105420 44.109
105430 44.0971
105440 44.0953
105450 44.1167
105460 44.1518
105470 44.1957
105480 44.2562
105490 44.3185
105500 44.3573
105510 44.3795
105520 44.4067
105530 44.4372
105540 44.4582
105550 44.4681
105560 44.4658
105570 44.4484
105580 44.4193
105590 44.3851
105600 44.3404
105610 44.2783
105620 44.2133
105630 44.1572
105640 44.113
105650 44.087
105660 44.0765
105670 44.0869
105680 44.1165
105690 44.1514
105700 44.1746
105710 44.1751
105720 44.1421
105730 44.0811
105740 44.0146
105750 43.9596
105760 43.9251
105770 43.9104
105780 43.9133
105790 43.9335
105800 43.9677
105810 44.0059
105820 44.0366
105830 44.0599
105840 44.0862
105850 44.1122
105860 44.133
105870 44.1554
105880 44.1921
105890 44.2345
105900 44.2817
105910 44.3427
105920 44.4136
105930 44.4812
105940 44.529
105950 44.5492
105960 44.5473
105970 44.5358
105980 44.5199
105990 44.4938
106000 44.4594
106010 44.438
106020 44.4438
106030 44.4735
106040 44.5058
106050 44.5296
106060 44.552
106070 44.5805
106080 44.6129
106090 44.6453
106100 44.6777
106110 44.7141
106120 44.7442
106130 44.7633
106140 44.7707
106150 44.7617
106160 44.7428
106170 44.7224
106180 44.702
106190 44.676
106200 44.646
106210 44.6207
106220 44.6067
106230 44.5921
106240 44.5642
106250 44.5263
106260 44.4841
106270 44.4412
106280 44.4024
106290 44.3877
106300 44.4049
106310 44.4386
106320 44.4696
106330 44.4831
106340 44.485
106350 44.4872
106360 44.4838
106370 44.464
106380 44.4255
106390 44.3751
106400 44.3182
106410 44.262
106420 44.2158
106430 44.185
106440 44.1807
106450 44.2074
106460 44.2606
106470 44.3377
106480 44.4208
106490 44.4815
106500 44.5145
106510 44.5309
106520 44.5247
106530 44.5026
106540 44.4911
106550 44.5024
106560 44.5214
106570 44.5284
106580 44.5282
106590 44.5422
106600 44.5708
106610 44.6036
106620 44.6353
106630 44.6727
106640 44.7157
106650 44.752
106660 44.7691
106670 44.7609
106680 44.7414
106690 44.7419
106700 44.7757
106710 44.833
106720 44.8869
106730 44.9305
106740 44.9727
106750 45.0189
106760 45.06
106770 45.0716
106780 45.0418
106790 44.9838
106800 44.9252
106810 44.8809
106820 44.8553
106830 44.8595
106840 44.9058
106850 44.9905
106860 45.0915
106870 45.1729
106880 45.2133
106890 45.2251
106900 45.2446
106910 45.2855
106920 45.3356
106930 45.376
106940 45.413
106950 45.4607
106960 45.5096
106970 45.5353
106980 45.537
106990 45.5325
107000 45.5228
107010 45.5179
107020 45.5312
107030 45.5627
107040 45.5817
107050 45.5626
107060 45.5372
107070 45.5332
107080 45.5385
107090 45.5363
107100 45.5277
107110 45.5218
107120 45.5165
107130 45.5139
107140 45.5144
107150 45.5104
107160 45.5017
107170 45.5004
107180 45.5041
107190 45.4992
107200 45.4864
107210 45.4943
107220 45.5376
107230 45.6
107240 45.6559
107250 45.6899
107260 45.7205
107270 45.7665
107280 45.8058
107290 45.8122
107300 45.7927
107310 45.7712
107320 45.7625
107330 45.7606
107340 45.7576
107350 45.7534
107360 45.7534
107370 45.7499
107380 45.7354
107390 45.7114
107400 45.6799
107410 45.6449
107420 45.615
107430 45.6059
107440 45.6138
107450 45.6259
107460 45.6371
107470 45.6481
107480 45.6442
107490 45.62
107500 45.5969
107510 45.6015
107520 45.6285
107530 45.6555
107540 45.6824
107550 45.7182
107560 45.7525
107570 45.7794
107580 45.7873
107590 45.7673
107600 45.7147
107610 45.6442
107620 45.5885
107630 45.5568
107640 45.5434
107650 45.5502
107660 45.5689
107670 45.578
107680 45.5749
107690 45.5873
107700 45.5996
107710 45.5713
107720 45.4995
107730 45.4168
107740 45.3447
107750 45.2967
107760 45.272
107770 45.2555
107780 45.2297
107790 45.1994
107800 45.17
107810 45.1463
107820 45.1413
107830 45.1638
107840 45.2
107850 45.2252
107860 45.2314
107870 45.2247
107880 45.2128
107890 45.2096
107900 45.2296
107910 45.2884
107920 45.3921
107930 45.5178
107940 45.621
107950 45.6886
107960 45.728
107970 45.7434
107980 45.748
107990 45.7532
108000 45.7624
108010 45.7842
108020 45.8225
108030 45.8657
108040 45.9007
108050 45.9444
108060 46.0193
108070 46.1123
108080 46.1979
108090 46.2636
108100 46.2901
108110 46.2712
108120 46.2374
108130 46.2101
108140 46.1949
108150 46.1805
108160 46.1598
108170 46.1526
108180 46.1659
108190 46.1749
108200 46.1646
108210 46.1361
108220 46.0885
108230 46.024
108240 45.9611
108250 45.9415
108260 45.9654
108270 46.0119
108280 46.0802
108290 46.1653
108300 46.2461
108310 46.2989
108320 46.3124
108330 46.2911
108340 46.2417
108350 46.1728
108360 46.1065
108370 46.0603
108380 46.0411
108390 46.0345
108400 46.0304
108410 46.0367
108420 46.0609
108430 46.086
108440 46.0908
108450 46.0662
108460 46.0252
108470 45.9751
108480 45.9266
108490 45.8952
108500 45.8824
108510 45.8737
108520 45.8609
108530 45.8408
108540 45.8158
108550 45.8063
108560 45.8374
108570 45.8906
108580 45.9263
108590 45.9417
108600 45.957
108610 45.9901
108620 46.0371
108630 46.0887
108640 46.1403
108650 46.1861
108660 46.2242
108670 46.2428
108680 46.234
108690 46.2145
108700 46.2011
108710 46.1946
108720 46.1865
108730 46.1865
108740 46.1973
108750 46.2065
108760 46.2016
108770 46.1914
108780 46.1906
108790 46.2016
108800 46.2262
108810 46.2564
108820 46.284
108830 46.3013
108840 46.3197
108850 46.3555
108860 46.3997
108870 46.4405
108880 46.474
108890 46.4993
108900 46.5185
108910 46.5416
108920 46.579
108930 46.6356
108940 46.696
108950 46.7418
108960 46.7711
108970 46.7873
108980 46.7805
108990 46.7409
109000 46.6805
109010 46.6294
109020 46.616
109030 46.6305
109040 46.6367
109050 46.6188
109060 46.5802
109070 46.529
109080 46.4918
109090 46.4768
109100 46.4713
109110 46.4745
109120 46.4986
109130 46.5299
109140 46.5476
109150 46.5433
109160 46.519
109170 46.4799
109180 46.4382
109190 46.4121
109200 46.4052
109210 46.4096
109220 46.4304
109230 46.4785
109240 46.5543
109250 46.6383
109260 46.7039
109270 46.7552
109280 46.8179
109290 46.8901
109300 46.9481
109310 46.9946
109320 47.0555
109330 47.1291
109340 47.19
109350 47.2152
109360 47.1956
109370 47.1333
109380 47.0462
109390 46.9703
109400 46.916
109410 46.8718
109420 46.8471
109430 46.8489
109440 46.8372
109450 46.7879
109460 46.7129
109470 46.6427
109480 46.5895
109490 46.5465
109500 46.5209
109510 46.5112
109520 46.5141
109530 46.5322
109540 46.5415
109550 46.5404
109560 46.5326
109570 46.5243
109580 46.516
109590 46.5054
109600 46.5176
109610 46.5653
109620 46.6244
109630 46.6651
109640 46.6903
109650 46.7142
109660 46.7327
109670 46.7328
109680 46.7138
109690 46.6876
109700 46.6655
109710 46.647
109720 46.6264
109730 46.5968
109740 46.572
109750 46.5663
109760 46.565
109770 46.5571
109780 46.541
109790 46.5156
109800 46.4881
109810 46.4653
109820 46.4359
109830 46.4042
109840 46.388
109850 46.3927
109860 46.4017
109870 46.4036
109880 46.4096
109890 46.4341
109900 46.4677
109910 46.4992
109920 46.5246
109930 46.5282
109940 46.5022
109950 46.4617
109960 46.4416
109970 46.4492
109980 46.4742
109990 46.5101
110000 46.5635
110010 46.6315
110020 46.6929
110030 46.7241
110040 46.7295
110050 46.7161
110060 46.679
110070 46.6212
110080 46.5648
110090 46.5331
110100 46.5321
110110 46.5599
110120 46.6086
110130 46.6725
110140 46.7361
110150 46.7749
110160 46.774
110170 46.7478
110180 46.7166
110190 46.6826
110200 46.6495
110210 46.6252
110220 46.6052
110230 46.5823
110240 46.5645
110250 46.5698
110260 46.5856
110270 46.585
110280 46.5571
110290 46.5163
110300 46.4745
110310 46.4305
110320 46.3838
110330 46.357
110340 46.3717
110350 46.4066
110360 46.4272
110370 46.4319
110380 46.4546
110390 46.5106
110400 46.5762
110410 46.629
110420 46.6629
110430 46.6816
110440 46.6876
110450 46.6745
110460 46.6338
110470 46.58
110480 46.5357
110490 46.504
110500 46.483
110510 46.4704
110520 46.4545
110530 46.4286
110540 46.4194
110550 46.455
110560 46.5206
110570 46.5858
110580 46.639
110590 46.6753
110600 46.6935
110610 46.7036
110620 46.715
110630 46.7281
110640 46.7413
110650 46.757
110660 46.7834
110670 46.8096
110680 46.8259
110690 46.8249
110700 46.8097
110710 46.7903
110720 46.7797
110730 46.7905
110740 46.817
110750 46.8499
110760 46.8764
110770 46.8794
110780 46.8673
110790 46.8862
110800 46.9432
110810 47.0039
110820 47.0372
110830 47.0427
110840 47.0374
110850 47.0302
110860 47.0162
110870 46.9989
110880 46.993
110890 47.0002
110900 47.0039
110910 47.0018
110920 47.0049
110930 47.0272
110940 47.0727
110950 47.1241
110960 47.1547
110970 47.1566
110980 47.1489
110990 47.16
111000 47.1959
111010 47.2459
111020 47.2978
111030 47.3481
111040 47.3982
111050 47.4244
111060 47.4134
111070 47.3873
111080 47.3708
111090 47.37
111100 47.3742
111110 47.3751
111120 47.3706
111130 47.3631
111140 47.3591
111150 47.3541
111160 47.3423
111170 47.3294
111180 47.3267
111190 47.3241
111200 47.322
111210 47.3429
111220 47.3852
111230 47.4133
111240 47.4298
111250 47.462
111260 47.5016
111270 47.5161
111280 47.5075
111290 47.5047
111300 47.5154
111310 47.5256
111320 47.5371
111330 47.5669
111340 47.6133
111350 47.6618
111360 47.7077
111370 47.7412
111380 47.7505
111390 47.7452
111400 47.7437
111410 47.7411
111420 47.7164
111430 47.6711
111440 47.6247
111450 47.5894
111460 47.5554
111470 47.5243
111480 47.5129
111490 47.5339
111500 47.5842
111510 47.6522
111520 47.711
111530 47.7404
111540 47.7313
111550 47.7044
111560 47.6822
111570 47.6622
111580 47.6356
111590 47.6304
111600 47.6709
111610 47.7484
111620 47.8413
111630 47.9351
111640 48.0148
111650 48.0635
111660 48.0787
111670 48.0609
111680 48.0141
111690 47.9644
111700 47.9257
111710 47.8986
111720 47.8879
111730 47.8917
111740 47.919
111750 47.9759
111760 48.0392
111770 48.078
111780 48.0828
111790 48.0712
111800 48.0545
111810 48.0423
111820 48.0458
111830 48.0686
111840 48.1086
111850 48.1582
111860 48.1882
111870 48.1965
111880 48.2041
111890 48.2245
111900 48.2449
111910 48.2507
111920 48.2577
111930 48.2852
111940 48.3344
111950 48.4026
111960 48.4769
111970 48.5371
111980 48.5667
111990 48.5676
112000 48.5565
112010 48.5324
112020 48.4975
112030 48.4824
112040 48.504
112050 48.5556
112060 48.6182
112070 48.6734
112080 48.7245
112090 48.768
112100 48.7885
112110 48.7923
112120 48.7767
112130 48.7447
112140 48.7145
112150 48.7103
112160 48.7421
112170 48.7954
112180 48.85
112190 48.8939
112200 48.9056
112210 48.866
112220 48.7967
112230 48.7422
112240 48.7153
112250 48.6915
112260 48.6516
112270 48.6146
112280 48.6113
112290 48.6282
112300 48.6382
112310 48.6281
112320 48.6147
112330 48.6067
112340 48.5928
112350 48.5781
112360 48.5753
112370 48.5777
112380 48.5743
112390 48.5849
112400 48.6235
112410 48.6797
112420 48.7384
112430 48.7716
112440 48.7766
112450 48.787
112460 48.8192
112470 48.8454
112480 48.8442
112490 48.8403
112500 48.8685
112510 48.9204
112520 48.9495
112530 48.9368
112540 48.9005
112550 48.8615
112560 48.8214
112570 48.7916
112580 48.7802
112590 48.7859
112600 48.8016
112610 48.8321
112620 48.8746
112630 48.9218
112640 48.9783
112650 49.0315
112660 49.0589
112670 49.0637
112680 49.0581
112690 49.0543
112700 49.0647
112710 49.1003
112720 49.1656
112730 49.2523
112740 49.3345
112750 49.3974
112760 49.4435
112770 49.4555
112780 49.4168
112790 49.3429
112800 49.2702
112810 49.2139
112820 49.1736
112830 49.1428
112840 49.1221
112850 49.1085
112860 49.0958
112870 49.0744
112880 49.0444
112890 49.014
112900 48.9906
112910 48.9588
112920 48.9063
112930 48.8504
112940 48.8104
112950 48.7845
112960 48.7688
112970 48.7594
112980 48.7571
112990 48.7652
113000 48.7762
113010 48.786
113020 48.7921
113030 48.7902
113040 48.7813
113050 48.781
113060 48.808
113070 48.8748
113080 48.9814
113090 49.0983
113100 49.1949
113110 49.2611
113120 49.307
113130 49.3286
113140 49.3264
113150 49.3152
113160 49.2956
113170 49.2526
113180 49.1942
113190 49.149
113200 49.1294
113210 49.1313
113220 49.1591
113230 49.2024
113240 49.2497
113250 49.3013
113260 49.3478
113270 49.3713
113280 49.3884
113290 49.4275
113300 49.4851
113310 49.5441
113320 49.6095
113330 49.6913
113340 49.7828
113350 49.8515
113360 49.8824
113370 49.8957
113380 49.9062
113390 49.9102
113400 49.9047
113410 49.8872
113420 49.8478
113430 49.7955
113440 49.7483
113450 49.7048
113460 49.6484
113470 49.5782
113480 49.5153
113490 49.49
113500 49.5053
113510 49.5261
113520 49.5136
113530 49.4777
113540 49.4403
113550 49.4101
113560 49.3772
113570 49.3288
113580 49.2801
113590 49.2558
113600 49.2831
113610 49.363
113620 49.4673
113630 49.5847
113640 49.7095
113650 49.8153
113660 49.8716
113670 49.8684
113680 49.8173
113690 49.7426
113700 49.6708
113710 49.6168
113720 49.5868
113730 49.5985
113740 49.6434
113750 49.6813
113760 49.7001
113770 49.7217
113780 49.7657
113790 49.8221
113800 49.8734
113810 49.908
113820 49.9248
113830 49.9161
113840 49.8809
113850 49.8371
113860 49.8076
113870 49.7991
113880 49.8094
113890 49.8447
113900 49.8872
113910 49.9101
113920 49.9063
113930 49.8938
113940 49.8875
113950 49.8847
113960 49.8758
113970 49.8565
113980 49.8204
113990 49.7748
114000 49.7332
114010 49.7
114020 49.676
114030 49.6522
114040 49.6264
114050 49.6045
114060 49.5949
114070 49.5993
114080 49.6107
114090 49.6343
114100 49.6787
114110 49.7357
114120 49.7836
114130 49.8172
114140 49.827
114150 49.8129
114160 49.7979
114170 49.7993
114180 49.8144
114190 49.8316
114200 49.8632
114210 49.9248
114220 50.0127
114230 50.1159
114240 50.2195
114250 50.3154
114260 50.3943
114270 50.4549
114280 50.4895
114290 50.5009
114300 50.5108
114310 50.5318
114320 50.5467
114330 50.5411
114340 50.5213
114350 50.4995
114360 50.487
114370 50.4876
114380 50.4953
114390 50.5055
114400 50.5175
114410 50.5301
114420 50.5459
114430 50.5688
114440 50.5863
114450 50.597
114460 50.6186
114470 50.6406
114480 50.6519
114490 50.6468
114500 50.6238
114510 50.5983
114520 50.5889
114530 50.5832
114540 50.5639
114550 50.5304
114560 50.4875
114570 50.447
114580 50.4324
114590 50.4542
114600 50.498
114610 50.527
114620 50.5267
114630 50.5059
114640 50.472
114650 50.4371
114660 50.4167
114670 50.4217
114680 50.4585
114690 50.5021
114700 50.524
114710 50.5105
114720 50.4633
114730 50.4085
114740 50.3927
114750 50.4252
114760 50.4867
114770 50.5577
114780 50.6089
114790 50.6277
114800 50.6171
114810 50.599
114820 50.5895
114830 50.5866
114840 50.5927
114850 50.6171
114860 50.6565
114870 50.6969
114880 50.7211
114890 50.7255
114900 50.71
114910 50.6731
114920 50.6392
114930 50.63
114940 50.6351
114950 50.6423
114960 50.661
114970 50.7025
114980 50.7509
114990 50.7809
115000 50.8063
115010 50.843
115020 50.8771
115030 50.9011
115040 50.9363
115050 50.9909
115060 51.0532
115070 51.1105
115080 51.1654
115090 51.2188
115100 51.2448
115110 51.2485
115120 51.2539
115130 51.26
115140 51.2585
115150 51.2547
115160 51.2659
115170 51.293
115180 51.313
115190 51.3054
115200 51.2752
115210 51.24
115220 51.2233
115230 51.2254
115240 51.2335
115250 51.2345
115260 51.2187
115270 51.2033
115280 51.2006
115290 51.2051
115300 51.2089
115310 51.2153
115320 51.2154
115330 51.1989
115340 51.1745
115350 51.1449
115360 51.1075
115370 51.0743
115380 51.0626
115390 51.0428
115400 50.9936
115410 50.938
115420 50.891
115430 50.8517
115440 50.8415
115450 50.8754
115460 50.9466
115470 51.0391
115480 51.1287
115490 51.1845
115500 51.2016
115510 51.2076
115520 51.2171
115530 51.2258
115540 51.236
115550 51.2486
115560 51.2675
115570 51.2925
115580 51.3387
115590 51.3985
115600 51.436
115610 51.4397
115620 51.4013
115630 51.3153
115640 51.2144
115650 51.133
115660 51.0657
115670 50.992
115680 50.9132
115690 50.8501
115700 50.8208
115710 50.8181
115720 50.8128
115730 50.7938
115740 50.778
115750 50.796
115760 50.8384
115770 50.8761
115780 50.8919
115790 50.8853
115800 50.8702
115810 50.8672
115820 50.8838
115830 50.9155
115840 50.9745
115850 51.0558
115860 51.1402
115870 51.2197
115880 51.2815
115890 51.3049
115900 51.3002
115910 51.2885
115920 51.2879
115930 51.2992
115940 51.3146
115950 51.3345
115960 51.3704
115970 51.4083
115980 51.4208
115990 51.4065
116000 51.3829
116010 51.354
116020 51.327
116030 51.3114
116040 51.3104
116050 51.3244
116060 51.3633
116070 51.4224
116080 51.4718
116090 51.4924
116100 51.4954
116110 51.4759
116120 51.4258
116130 51.3572
116140 51.2973
116150 51.2506
116160 51.2088
116170 51.1796
116180 51.1764
116190 51.1867
116200 51.2032
116210 51.2419
116220 51.3015
116230 51.356
116240 51.3731
116250 51.3484
116260 51.3
116270 51.2466
116280 51.2099
116290 51.2012
116300 51.2033
116310 51.2103
116320 51.2235
116330 51.244
116340 51.2693
116350 51.3111
116360 51.3734
116370 51.4461
116380 51.5233
116390 51.5997
116400 51.6667
116410 51.7064
116420 51.7037
116430 51.6665
116440 51.6172
116450 51.5725
116460 51.551
116470 51.5624
116480 51.5963
116490 51.6429
116500 51.7037
116510 51.7688
116520 51.8114
116530 51.8188
116540 51.8174
116550 51.8286
116560 51.8461
116570 51.8641
116580 51.8784
116590 51.8754
116600 51.8607
116610 51.85
116620 51.8493
116630 51.8525
116640 51.8618
116650 51.872
116660 51.8697
116670 51.8466
116680 51.8107
116690 51.7789
116700 51.762
116710 51.7617
116720 51.7767
116730 51.8045
116740 51.8512
116750 51.9095
116760 51.9534
116770 51.9617
116780 51.9506
116790 51.9409
116800 51.9357
116810 51.9364
116820 51.9458
116830 51.9523
116840 51.9464
116850 51.9309
116860 51.9049
116870 51.8777
116880 51.86
116890 51.8677
116900 51.909
116910 51.966
116920 52.0084
116930 52.0401
116940 52.0708
116950 52.1008
116960 52.1205
116970 52.1306
116980 52.1358
116990 52.1287
117000 52.1121
117010 52.1105
117020 52.1202
117030 52.1095
117040 52.0732
117050 52.0361
117060 52.0196
117070 52.0145
117080 52.0048
117090 52.0042
117100 52.0158
117110 52.0237
117120 52.0277
117130 52.0317
117140 52.0353
117150 52.0424
117160 52.0579
117170 52.076
117180 52.1004
117190 52.1314
117200 52.1743
117210 52.2268
117220 52.2894
117230 52.3527
117240 52.3908
117250 52.3909
117260 52.371
117270 52.3626
117280 52.3755
117290 52.3778
117300 52.348
117310 52.3163
117320 52.304
117330 52.3018
117340 52.3099
117350 52.3391
117360 52.3808
117370 52.4063
117380 52.4042
117390 52.3824
117400 52.3514
117410 52.3411
117420 52.3635
117430 52.3893
117440 52.398
117450 52.4012
117460 52.3933
117470 52.358
117480 52.2859
117490 52.2002
117500 52.1462
117510 52.1309
117520 52.1425
117530 52.1781
117540 52.2226
117550 52.2536
117560 52.2484
117570 52.2103
117580 52.1611
117590 52.1224
117600 52.1055
117610 52.1164
117620 52.1551
117630 52.2119
117640 52.2687
117650 52.3052
117660 52.3263
117670 52.3352
117680 52.3434
117690 52.3586
117700 52.3702
117710 52.382
117720 52.4009
117730 52.4076
117740 52.3986
117750 52.4044
117760 52.4378
117770 52.4754
117780 52.5121
117790 52.5607
117800 52.6092
117810 52.6349
117820 52.6327
117830 52.6215
117840 52.5948
117850 52.5377
117860 52.4711
117870 52.4365
117880 52.4562
117890 52.5133
117900 52.5952
117910 52.6831
117920 52.747
117930 52.7567
117940 52.7137
117950 52.6376
117960 52.5414
117970 52.4501
117980 52.3935
117990 52.3814
118000 52.3979
118010 52.436
118020 52.4981
118030 52.5688
118040 52.6264
118050 52.6581
118060 52.6582
118070 52.6205
118080 52.5688
118090 52.5445
118100 52.5693
118110 52.6299
118120 52.7103
118130 52.8054
118140 52.8897
118150 52.9422
118160 52.9758
118170 53.0069
118180 53.0362
118190 53.0688
118200 53.1145
118210 53.1696
118220 53.2178
118230 53.2432
118240 53.2412
118250 53.2322
118260 53.2067
118270 53.1514
118280 53.0999
118290 53.0844
118300 53.1002
118310 53.1286
118320 53.1592
118330 53.1788
118340 53.185
118350 53.189
118360 53.1963
118370 53.1891
118380 53.1507
118390 53.1101
118400 53.0837
118410 53.062
118420 53.0416
118430 53.0304
118440 53.0297
118450 53.0382
118460 53.0434
118470 53.0367
118480 53.0154
118490 52.992
118500 52.9734
118510 52.9506
118520 52.9288
118530 52.9221
118540 52.9263
118550 52.9275
118560 52.9223
118570 52.9186
118580 52.9134
118590 52.9103
118600 52.9162
118610 52.9442
118620 53.0072
118630 53.1016
118640 53.2128
118650 53.32
118660 53.4147
118670 53.484
118680 53.5094
118690 53.5044
118700 53.4895
118710 53.4615
118720 53.4229
118730 53.4042
118740 53.4244
118750 53.4721
118760 53.5296
118770 53.598
118780 53.6574
118790 53.6795
118800 53.6523
118810 53.5943
118820 53.5346
118830 53.4938
118840 53.4662
118850 53.4594
118860 53.4769
118870 53.5059
118880 53.5279
118890 53.5303
118900 53.5201
118910 53.5219
118920 53.5443
118930 53.5768
118940 53.6047
118950 53.6304
118960 53.6531
118970 53.6784
118980 53.703
118990 53.7099
119000 53.7097
119010 53.7287
119020 53.7692
119030 53.8197
119040 53.8694
119050 53.9144
119060 53.9577
119070 54.005
119080 54.0518
119090 54.0808
119100 54.0978
119110 54.1144
119120 54.1309
119130 54.1493
119140 54.1737
119150 54.1813
119160 54.1639
119170 54.1311
119180 54.0983
119190 54.0557
119200 54.0056
119210 53.9762
119220 53.9587
119230 53.9185
119240 53.863
119250 53.8334
119260 53.84
119270 53.8716
119280 53.9192
119290 53.9682
119300 53.9942
119310 53.9982
119320 53.9958
119330 53.9963
119340 53.999
119350 54.0077
119360 54.0318
119370 54.07
119380 54.1064
119390 54.1496
119400 54.2138
119410 54.2694
119420 54.295
119430 54.2977
119440 54.2868
119450 54.2609
119460 54.2203
119470 54.1872
119480 54.1898
119490 54.2308
119500 54.2972
119510 54.3708
119520 54.4415
119530 54.5072
119540 54.5637
119550 54.6087
119560 54.6476
119570 54.6849
119580 54.7176
119590 54.7655
119600 54.8382
119610 54.9143
119620 54.9763
119630 55.0141
119640 55.0164
119650 55.0009
119660 54.9825
119670 54.963
119680 54.9429
119690 54.9429
119700 54.9775
119710 55.0276
119720 55.0773
119730 55.1344
119740 55.1955
119750 55.2472
119760 55.3035
119770 55.3624
119780 55.3875
119790 55.364
119800 55.3157
119810 55.2618
119820 55.2052
119830 55.1438
119840 55.0846
119850 55.0382
119860 55.0043
119870 54.9796
119880 54.9518
119890 54.9257
119900 54.9148
119910 54.9187
119920 54.9177
119930 54.9063
119940 54.8821
119950 54.8354
119960 54.7744
119970 54.7143
119980 54.6566
119990 54.5926
120000 54.5233
120010 54.4552
120020 54.3927
120030 54.3567
120040 54.3617
120050 54.3939
120060 54.4332
120070 54.4768
120080 54.5286
120090 54.5728
120100 54.5893
120110 54.5973
120120 54.6231
120130 54.6621
120140 54.693
120150 54.7113
120160 54.7198
120170 54.7264
120180 54.7308
120190 54.727
120200 54.7105
120210 54.685
120220 54.64
120230 54.5611
120240 54.4643
120250 54.4024
120260 54.3806
120270 54.3703
120280 54.3674
120290 54.3772
120300 54.3856
120310 54.3875
120320 54.3903
120330 54.4047
120340 54.4197
120350 54.418
120360 54.4052
120370 54.3911
120380 54.388
120390 54.3966
120400 54.4003
120410 54.3898
120420 54.3842
120430 54.3976
120440 54.4117
120450 54.4222
120460 54.459
120470 54.5253
120480 54.6002
120490 54.6739
120500 54.7423
120510 54.7879
120520 54.8032
120530 54.7914
120540 54.7633
120550 54.7546
120560 54.7801
120570 54.8131
120580 54.8258
120590 54.8262
120600 54.8209
120610 54.7949
120620 54.7489
120630 54.7002
120640 54.6619
120650 54.6277
120660 54.5874
120670 54.5635
120680 54.578
120690 54.61
120700 54.6261
120710 54.6385
120720 54.6769
120730 54.7187
120740 54.7307
120750 54.7258
120760 54.7237
120770 54.7166
120780 54.6932
120790 54.6643
120800 54.6401
120810 54.6191
120820 54.6156
120830 54.6361
120840 54.67
120850 54.7007
120860 54.7286
120870 54.7549
120880 54.7672
120890 54.7542
120900 54.7139
120910 54.6511
120920 54.5757
120930 54.511
120940 54.4789
120950 54.4939
120960 54.5318
120970 54.5684
120980 54.6069
120990 54.6514
121000 54.6924
121010 54.7243
121020 54.7498
121030 54.7465
121040 54.7128
121050 54.6856
121060 54.6947
121070 54.7145
121080 54.7166
121090 54.7312
121100 54.7645
121110 54.7942
121120 54.8045
121130 54.7988
121140 54.7934
121150 54.8043
121160 54.8438
121170 54.904
121180 54.9695
121190 55.0223
121200 55.0656
121210 55.1134
121220 55.1847
121230 55.2701
121240 55.3495
121250 55.4137
121260 55.4597
121270 55.4815
121280 55.4796
121290 55.4605
121300 55.4451
121310 55.461
121320 55.5012
121330 55.5234
121340 55.5158
121350 55.4927
121360 55.464
121370 55.441
121380 55.4326
121390 55.4478
121400 55.4769
121410 55.4967
121420 55.4813
121430 55.438
121440 55.3902
121450 55.3497
121460 55.3218
121470 55.3108
121480 55.3149
121490 55.3259
121500 55.33
121510 55.3155
121520 55.2875
121530 55.2553
121540 55.2321
121550 55.2215
121560 55.2174
121570 55.2126
121580 55.2032
121590 55.186
121600 55.1623
121610 55.1185
121620 55.0433
121630 54.9572
121640 54.8801
121650 54.8255
121660 54.7933
121670 54.7807
121680 54.7874
121690 54.8042
121700 54.807
121710 54.775
121720 54.7124
121730 54.6319
121740 54.5451
121750 54.4574
121760 54.3805
121770 54.3259
121780 54.2913
121790 54.2774
121800 54.2869
121810 54.3235
121820 54.3804
121830 54.4347
121840 54.4792
121850 54.5056
121860 54.5041
121870 54.4913
121880 54.4905
121890 54.5007
121900 54.519
121910 54.5371
121920 54.5433
121930 54.5386
121940 54.5368
121950 54.5384
121960 54.5291
121970 54.4966
121980 54.4445
121990 54.4057
122000 54.393
122010 54.3826
122020 54.3765
122030 54.3908
122040 54.4218
122050 54.455
122060 54.489
122070 54.5273
122080 54.5708
122090 54.5923
122100 54.5766
122110 54.5422
122120 54.5208
122130 54.5084
122140 54.485
122150 54.4646
122160 54.4469
122170 54.4228
122180 54.418
122190 54.4629
122200 54.5278
122210 54.5721
122220 54.6032
122230 54.6231
122240 54.6159
122250 54.5892
122260 54.5735
122270 54.5833
122280 54.6135
122290 54.6657
122300 54.7349
122310 54.8081
122320 54.8638
122330 54.8937
122340 54.918
122350 54.9412
122360 54.9491
122370 54.9248
122380 54.8676
122390 54.7894
122400 54.7217
122410 54.6985
122420 54.7101
122430 54.7237
122440 54.7222
122450 54.7207
122460 54.7328
122470 54.7564
122480 54.7621
122490 54.7421
122500 54.7149
122510 54.6835
122520 54.6454
122530 54.6121
122540 54.5905
122550 54.5882
122560 54.6207
122570 54.6996
122580 54.8141
122590 54.9313
122600 55.0209
122610 55.0821
122620 55.1196
122630 55.1356
122640 55.1305
122650 55.1327
122660 55.1668
122670 55.2285
122680 55.2869
122690 55.321
122700 55.3269
122710 55.3148
122720 55.3066
122730 55.3161
122740 55.3207
122750 55.2911
122760 55.2406
122770 55.1949
122780 55.1617
122790 55.1465
122800 55.1579
122810 55.2028
122820 55.2714
122830 55.3545
122840 55.4251
122850 55.4606
122860 55.4801
122870 55.508
122880 55.5393
122890 55.5589
122900 55.5749
122910 55.599
122920 55.6237
122930 55.6486
122940 55.6814
122950 55.7137
122960 55.7416
122970 55.7567
122980 55.7349
122990 55.6738
123000 55.6061
123010 55.555
123020 55.5048
123030 55.4423
123040 55.3773
123050 55.3067
123060 55.227
123070 55.1483
123080 55.0741
123090 54.9942
123100 54.9289
123110 54.9011
123120 54.8927
123130 54.8876
123140 54.8853
123150 54.8876
123160 54.8847
123170 54.8673
123180 54.8433
123190 54.8198
123200 54.7976
123210 54.7857
123220 54.7846
123230 54.7748
123240 54.7755
123250 54.8063
123260 54.8321
123270 54.8367
123280 54.8512
123290 54.8791
123300 54.8988
123310 54.9055
123320 54.9054
123330 54.8973
123340 54.8815
123350 54.8667
123360 54.8393
123370 54.7943
123380 54.756
123390 54.7407
123400 54.7408
123410 54.7531
123420 54.7739
123430 54.7857
123440 54.7669
123450 54.7315
123460 54.7046
123470 54.6949
123480 54.7006
123490 54.7097
123500 54.72
123510 54.7303
123520 54.7387
123530 54.7378
123540 54.7351
123550 54.737
123560 54.7421
123570 54.7493
123580 54.76
123590 54.769
123600 54.7672
123610 54.7576
123620 54.7547
123630 54.7767
123640 54.8127
123650 54.8346
123660 54.8311
123670 54.8218
123680 54.8063
123690 54.7961
123700 54.82
123710 54.8704
123720 54.9125
123730 54.9423
123740 54.98
123750 55.0217
123760 55.0564
123770 55.0894
123780 55.1204
123790 55.1371
123800 55.1354
123810 55.1209
123820 55.0927
123830 55.0506
123840 55.0156
123850 54.9832
123860 54.9312
123870 54.8692
123880 54.8395
123890 54.8468
123900 54.8647
123910 54.8855
123920 54.9051
123930 54.9188
123940 54.919
123950 54.9052
123960 54.8906
123970 54.8828
123980 54.8883
123990 54.9111
124000 54.9377
124010 54.9513
124020 54.9448
124030 54.927
124040 54.8894
124050 54.8228
124060 54.7481
124070 54.7138
124080 54.7218
124090 54.7438
124100 54.7626
124110 54.7835
124120 54.8073
124130 54.8172
124140 54.803
124150 54.7614
124160 54.6902
124170 54.6054
124180 54.5254
124190 54.455
124200 54.4016
124210 54.3775
124220 54.3829
124230 54.4151
124240 54.4746
124250 54.55
124260 54.6289
124270 54.6759
124280 54.6681
124290 54.6221
124300 54.5722
124310 54.5406
124320 54.5368
124330 54.5506
124340 54.5726
124350 54.6039
124360 54.6328
124370 54.6376
124380 54.61
124390 54.5642
124400 54.5383
124410 54.5465
124420 54.5689
124430 54.6051
124440 54.6682
124450 54.7478
124460 54.8189
124470 54.8719
124480 54.8958
124490 54.8818
124500 54.8476
124510 54.8185
124520 54.7909
124530 54.7564
124540 54.7268
124550 54.7238
124560 54.7314
124570 54.7329
124580 54.7338
124590 54.7375
124600 54.735
124610 54.7146
124620 54.6786
124630 54.6547
124640 54.6499
124650 54.6582
124660 54.6859
124670 54.7266
124680 54.7595
124690 54.7685
124700 54.7591
124710 54.7487
124720 54.7374
124730 54.7207
124740 54.6845
124750 54.6279
124760 54.5761
124770 54.5366
124780 54.4929
124790 54.437
124800 54.3802
124810 54.3187
124820 54.2588
124830 54.2204
124840 54.2082
124850 54.2087
124860 54.2215
124870 54.2412
124880 54.2422
124890 54.2176
124900 54.1919
124910 54.1536
124920 54.0943
124930 54.0487
124940 54.0428
124950 54.0791
124960 54.1541
124970 54.2575
124980 54.3649
124990 54.447
125000 54.4964
125010 54.512
125020 54.4839
125030 54.418
125040 54.3514
125050 54.312
125060 54.3044
125070 54.3285
125080 54.3773
125090 54.4282
125100 54.4539
125110 54.4579
125120 54.4481
125130 54.4202
125140 54.3693
125150 54.3123
125160 54.2611
125170 54.2048
125180 54.1468
125190 54.1114
125200 54.1248
125210 54.19
125220 54.2689
125230 54.3218
125240 54.3502
125250 54.3637
125260 54.3725
125270 54.3891
125280 54.4242
125290 54.4634
125300 54.4863
125310 54.4927
125320 54.4842
125330 54.4586
125340 54.4298
125350 54.4172
125360 54.4106
125370 54.3971
125380 54.3786
125390 54.354
125400 54.3146
125410 54.2678
125420 54.2341
125430 54.2307
125440 54.2335
125450 54.2256
125460 54.2098
125470 54.2085
125480 54.2311
125490 54.2483
125500 54.2507
125510 54.263
125520 54.2931
125530 54.3254
125540 54.3705
125550 54.4319
125560 54.48
125570 54.4955
125580 54.4832
125590 54.4517
125600 54.4154
125610 54.3979
125620 54.3974
125630 54.3892
125640 54.3737
125650 54.3669
125660 54.3706
125670 54.3746
125680 54.3672
125690 54.3469
125700 54.3306
125710 54.3368
125720 54.3694
125730 54.3951
125740 54.4094
125750 54.4368
125760 54.4945
125770 54.548
125780 54.5632
125790 54.5435
125800 54.4988
125810 54.4515
125820 54.4283
125830 54.4257
125840 54.4384
125850 54.4667
125860 54.5165
125870 54.5678
125880 54.5997
125890 54.6059
125900 54.6028
125910 54.6099
125920 54.6192
125930 54.6382
125940 54.6802
125950 54.732
125960 54.7673
125970 54.7771
125980 54.7631
125990 54.7274
126000 54.6838
126010 54.651
126020 54.6116
126030 54.5504
126040 54.4961
126050 54.4688
126060 54.4548
126070 54.4541
126080 54.4753
126090 54.4976
126100 54.4864
126110 54.4611
126120 54.4543
126130 54.4631
126140 54.4606
126150 54.4343
126160 54.4073
126170 54.3979
126180 54.3983
126190 54.4104
126200 54.4338
126210 54.4555
126220 54.4747
126230 54.4851
126240 54.4777
126250 54.4504
126260 54.4093
126270 54.3536
126280 54.2907
126290 54.2325
126300 54.1914
126310 54.1863
126320 54.2112
126330 54.2322
126340 54.2277
126350 54.2048
126360 54.1861
126370 54.1928
126380 54.2053
126390 54.1997
126400 54.1842
126410 54.1742
126420 54.1571
126430 54.1317
126440 54.117
126450 54.1267
126460 54.1612
126470 54.2311
126480 54.335
126490 54.4379
126500 54.5059
126510 54.5403
126520 54.5542
126530 54.5575
126540 54.5594
126550 54.5824
126560 54.6288
126570 54.6936
126580 54.7636
126590 54.8164
126600 54.8356
126610 54.8119
126620 54.7407
126630 54.6483
126640 54.5736
126650 54.5425
126660 54.5569
126670 54.6172
126680 54.6894
126690 54.7433
126700 54.78
126710 54.8036
126720 54.8061
126730 54.7892
126740 54.7652
126750 54.731
126760 54.6893
126770 54.6687
126780 54.6825
126790 54.7213
126800 54.7739
126810 54.8279
126820 54.8581
126830 54.8779
126840 54.9056
126850 54.9453
126860 54.9947
126870 55.0599
126880 55.1424
126890 55.2441
126900 55.3381
126910 55.3996
126920 55.4303
126930 55.4413
126940 55.4436
126950 55.4434
126960 55.4391
126970 55.4393
126980 55.4536
126990 55.471
127000 55.4784
127010 55.4723
127020 55.4684
127030 55.4959
127040 55.5417
127050 55.5617
127060 55.5517
127070 55.5299
127080 55.4997
127090 55.4573
127100 55.4183
127110 55.413
127120 55.445
127130 55.5038
127140 55.5899
127150 55.6836
127160 55.7448
127170 55.7678
127180 55.7841
127190 55.7931
127200 55.791
127210 55.7862
127220 55.7922
127230 55.8166
127240 55.8595
127250 55.9201
127260 55.9681
127270 55.98
127280 55.9704
127290 55.9465
127300 55.9044
127310 55.8646
127320 55.8449
127330 55.8569
127340 55.9011
127350 55.9566
127360 55.9882
127370 55.9879
127380 55.979
127390 55.9753
127400 55.9489
127410 55.8736
127420 55.7801
127430 55.7156
127440 55.6991
127450 55.7234
127460 55.7774
127470 55.837
127480 55.8721
127490 55.8973
127500 55.9355
127510 55.9744
127520 55.994
127530 55.991
127540 55.9769
127550 55.9589
127560 55.931
127570 55.8929
127580 55.8568
127590 55.8481
127600 55.8722
127610 55.9054
127620 55.914
127630 55.897
127640 55.8699
127650 55.8375
127660 55.7956
127670 55.756
127680 55.7392
127690 55.7544
127700 55.8089
127710 55.8933
127720 55.9818
127730 56.0652
127740 56.1448
127750 56.1952
127760 56.1992
127770 56.1811
127780 56.1693
127790 56.1745
127800 56.1804
127810 56.1788
127820 56.1685
127830 56.1456
127840 56.1281
127850 56.128
127860 56.1427
127870 56.1558
127880 56.1785
127890 56.2146
127900 56.2249
127910 56.2014
127920 56.1715
127930 56.1447
127940 56.1064
127950 56.0695
127960 56.0505
127970 56.0448
127980 56.0572
127990 56.0955
128000 56.1336
128010 56.149
128020 56.1543
128030 56.1591
128040 56.1547
128050 56.1415
128060 56.1379
128070 56.1604
128080 56.1988
128090 56.231
128100 56.2466
128110 56.2527
128120 56.2517
128130 56.2446
128140 56.2278
128150 56.2078
128160 56.1964
128170 56.2033
128180 56.2193
128190 56.2321
128200 56.2401
128210 56.2361
128220 56.2195
128230 56.2145
128240 56.2307
128250 56.2492
128260 56.2515
128270 56.2613
128280 56.2965
128290 56.3544
128300 56.4204
128310 56.4784
128320 56.5167
128330 56.5443
128340 56.5712
128350 56.5776
128360 56.5566
128370 56.5325
128380 56.5283
128390 56.5401
128400 56.5582
128410 56.5676
128420 56.5423
128430 56.47
128440 56.3837
128450 56.3183
128460 56.2691
128470 56.2194
128480 56.1697
128490 56.1404
128500 56.14
128510 56.1642
128520 56.1869
128530 56.181
128540 56.1474
128550 56.0925
128560 56.0244
128570 55.958
128580 55.9155
128590 55.8922
128600 55.8771
128610 55.8809
128620 55.9032
128630 55.9334
128640 55.9793
128650 56.0371
128660 56.0944
128670 56.146
128680 56.1909
128690 56.2321
128700 56.2683
128710 56.3008
128720 56.3449
128730 56.4164
128740 56.4995
128750 56.5594
128760 56.5856
128770 56.5854
128780 56.5425
128790 56.4661
128800 56.3937
128810 56.3377
128820 56.3078
128830 56.3046
128840 56.3084
128850 56.3086
128860 56.3053
128870 56.2978
128880 56.2745
128890 56.2352
128900 56.2035
128910 56.204
128920 56.2298
128930 56.2556
128940 56.2793
128950 56.2935
128960 56.2858
128970 56.2576
128980 56.2287
128990 56.1887
129000 56.114
129010 56.0284
129020 55.9746
129030 55.9691
129040 55.9916
129050 56.0219
129060 56.0663
129070 56.1332
129080 56.2178
129090 56.2921
129100 56.3344
129110 56.3487
129120 56.3493
129130 56.3468
129140 56.3416
129150 56.3158
129160 56.2711
129170 56.2428
129180 56.2366
129190 56.2396
129200 56.2442
129210 56.25
129220 56.2526
129230 56.2404
129240 56.2175
129250 56.1989
129260 56.1816
129270 56.1505
129280 56.1086
129290 56.0649
129300 56.0178
129310 55.9797
129320 55.9765
129330 56.0006
129340 56.012
129350 56.0046
129360 55.9937
129370 55.9636
129380 55.898
129390 55.8173
129400 55.763
129410 55.743
129420 55.7343
129430 55.7223
129440 55.7236
129450 55.7523
129460 55.7902
129470 55.8307
129480 55.8786
129490 55.9197
129500 55.9398
129510 55.9538
129520 55.9673
129530 55.9781
129540 55.9902
129550 55.9969
129560 55.9939
129570 56.0006
129580 56.0231
129590 56.0443
129600 56.0528
129610 56.0487
129620 56.0253
129630 55.9748
129640 55.9007
129650 55.8425
129660 55.8132
129670 55.7967
129680 55.789
129690 55.7801
129700 55.7475
129710 55.6837
129720 55.6245
129730 55.5992
129740 55.5997
129750 55.6096
129760 55.6264
129770 55.6406
129780 55.6335
129790 55.6109
129800 55.579
129810 55.522
129820 55.4379
129830 55.3588
129840 55.2974
129850 55.2482
129860 55.2177
129870 55.2172
129880 55.2361
129890 55.2573
129900 55.2708
129910 55.2657
129920 55.2371
129930 55.1853
129940 55.1117
129950 55.0334
129960 54.97
129970 54.9415
129980 54.9535
129990 54.9887
130000 55.0426
130010 55.1055
130020 55.1544
130030 55.1884
130040 55.2196
130050 55.2513
130060 55.278
130070 55.2966
130080 55.3132
130090 55.3525
130100 55.4238
130110 55.4995
130120 55.5527
130130 55.5931
130140 55.6306
130150 55.669
130160 55.714
130170 55.7629
130180 55.8046
130190 55.8307
130200 55.8448
130210 55.8525
130220 55.8534
130230 55.8446
130240 55.8305
130250 55.8281
130260 55.8361
130270 55.8371
130280 55.8239
130290 55.8088
130300 55.8041
130310 55.7963
130320 55.7974
130330 55.8234
130340 55.87
130350 55.9248
130360 55.9792
130370 56.0195
130380 56.0135
130390 55.9602
130400 55.8864
130410 55.8165
130420 55.757
130430 55.7218
130440 55.7221
130450 55.7366
130460 55.742
130470 55.7358
130480 55.7385
130490 55.7575
130500 55.7845
130510 55.8203
130520 55.8587
130530 55.8953
130540 55.9436
130550 56.0282
130560 56.134
130570 56.2239
130580 56.2861
130590 56.3319
130600 56.3671
130610 56.3716
130620 56.3416
130630 56.299
130640 56.2414
130650 56.1668
130660 56.084
130670 56.0001
130680 55.9264
130690 55.8712
130700 55.8195
130710 55.7504
130720 55.6736
130730 55.6147
130740 55.5892
130750 55.5847
130760 55.5913
130770 55.6149
130780 55.6511
130790 55.6839
130800 55.6957
130810 55.6782
130820 55.6434
130830 55.618
130840 55.6054
130850 55.5986
130860 55.5952
130870 55.5965
130880 55.598
130890 55.5914
130900 55.5714
130910 55.5451
130920 55.515
130930 55.4696
130940 55.4115
130950 55.3725
130960 55.3735
130970 55.3942
130980 55.4098
130990 55.4172
131000 55.415
131010 55.3998
131020 55.3814
131030 55.3808
131040 55.4016
131050 55.4323
131060 55.4654
131070 55.4964
131080 55.5306
131090 55.5651
131100 55.5883
131110 55.5839
131120 55.5553
131130 55.538
131140 55.5467
131150 55.5707
131160 55.6062
131170 55.6521
131180 55.7073
131190 55.7553
131200 55.7799
131210 55.7744
131220 55.7466
131230 55.7222
131240 55.7188
131250 55.7326
131260 55.7426
131270 55.7503
131280 55.7723
131290 55.8143
131300 55.8659
131310 55.9256
131320 55.9955
131330 56.0563
131340 56.089
131350 56.09
131360 56.0629
131370 56.03
131380 56.0316
131390 56.0867
131400 56.1611
131410 56.2178
131420 56.259
131430 56.3
131440 56.3212
131450 56.3198
131460 56.3114
131470 56.2964
131480 56.2878
131490 56.3095
131500 56.3597
131510 56.4229
131520 56.485
131530 56.5524
131540 56.631
131550 56.7166
131560 56.7866
131570 56.8255
131580 56.8521
131590 56.8765
131600 56.8804
131610 56.8665
131620 56.8479
131630 56.8313
131640 56.817
131650 56.7964
131660 56.7645
131670 56.7406
131680 56.7376
131690 56.7478
131700 56.7614
131710 56.7593
131720 56.7311
131730 56.6761
131740 56.598
131750 56.509
131760 56.4321
131770 56.3755
131780 56.3352
131790 56.3089
131800 56.293
131810 56.2794
131820 56.2717
131830 56.2844
131840 56.311
131850 56.3342
131860 56.3525
131870 56.3552
131880 56.3436
131890 56.3248
131900 56.3034
131910 56.2767
131920 56.2415
131930 56.2094
131940 56.1889
131950 56.1803
131960 56.1866
131970 56.2093
131980 56.2453
131990 56.2856
132000 56.3181
132010 56.3409
132020 56.3448
132030 56.3301
132040 56.3025
132050 56.263
132060 56.2239
132070 56.1941
132080 56.1771
132090 56.152
132100 56.1041
132110 56.0431
132120 55.9798
132130 55.9214
132140 55.8737
132150 55.8453
132160 55.8335
132170 55.8116
132180 55.7815
132190 55.7632
132200 55.754
132210 55.7453
132220 55.7401
132230 55.7306
132240 55.7221
132250 55.7364
132260 55.773
132270 55.8075
132280 55.8343
132290 55.8533
132300 55.865
132310 55.8797
132320 55.9028
132330 55.9276
132340 55.9432
132350 55.9626
132360 56.0066
132370 56.074
132380 56.148
132390 56.2078
132400 56.2447
132410 56.2687
132420 56.2986
132430 56.3379
132440 56.3847
132450 56.438
132460 56.4919
132470 56.5421
132480 56.5908
132490 56.6352
132500 56.6865
132510 56.757
132520 56.8275
132530 56.8855
132540 56.9339
132550 56.9659
132560 56.9696
132570 56.9534
132580 56.9367
132590 56.9362
132600 56.9511
132610 56.9649
132620 56.9782
132630 57.0137
132640 57.068
132650 57.0964
132660 57.0836
132670 57.0651
132680 57.052
132690 57.0248
132700 56.9852
132710 56.9389
132720 56.8919
132730 56.864
132740 56.8689
132750 56.9018
132760 56.947
132770 56.9951
132780 57.0443
132790 57.0825
132800 57.0904
132810 57.0691
132820 57.0515
132830 57.0587
132840 57.0844
132850 57.1269
132860 57.1953
132870 57.2819
132880 57.3636
132890 57.4162
132900 57.4416
132910 57.4514
132920 57.4441
132930 57.4063
132940 57.3429
132950 57.2875
132960 57.2602
132970 57.2612
132980 57.2781
132990 57.2953
133000 57.3069
133010 57.311
133020 57.2892
133030 57.2546
133040 57.2274
133050 57.2017
133060 57.1594
133070 57.1002
133080 57.0543
133090 57.0357
133100 57.0232
133110 57.0079
133120 56.9828
133130 56.9493
133140 56.9131
133150 56.8768
133160 56.854
133170 56.8571
133180 56.894
133190 56.9582
133200 57.0439
133210 57.1422
133220 57.2411
133230 57.3201
133240 57.3518
133250 57.3418
133260 57.319
133270 57.2978
133280 57.2809
133290 57.2713
133300 57.2767
133310 57.2801
133320 57.2722
133330 57.2683
133340 57.2794
133350 57.2988
133360 57.2997
133370 57.2831
133380 57.2688
133390 57.257
133400 57.2323
133410 57.1877
133420 57.1421
133430 57.1022
133440 57.0604
133450 57.0259
133460 57.0136
133470 57.0215
133480 57.0374
133490 57.0491
133500 57.0577
133510 57.0766
133520 57.1176
133530 57.1759
133540 57.2228
133550 57.2399
133560 57.2244
133570 57.1862
133580 57.1381
133590 57.0896
133600 57.0559
133610 57.0235
133620 56.9798
133630 56.9203
133640 56.8525
133650 56.7933
133660 56.7412
133670 56.7019
133680 56.6887
133690 56.7074
133700 56.7527
133710 56.8193
133720 56.8793
133730 56.9196
133740 56.9437
133750 56.9428
133760 56.9201
133770 56.9054
133780 56.9182
133790 56.9503
133800 56.9812
133810 56.9999
133820 57.0109
133830 57.0217
133840 57.0269
133850 57.014
133860 56.9818
133870 56.9384
133880 56.9019
133890 56.8703
133900 56.8407
133910 56.8159
133920 56.8109
133930 56.8204
133940 56.8201
133950 56.8057
133960 56.8004
133970 56.8103
133980 56.7971
133990 56.7453
134000 56.6816
134010 56.6364
134020 56.6155
134030 56.6285
134040 56.6835
134050 56.764
134060 56.8424
134070 56.9072
134080 56.956
134090 56.9863
134100 56.9975
134110 56.9825
134120 56.9457
134130 56.9207
134140 56.9352
134150 56.984
134160 57.0633
134170 57.1566
134180 57.2276
134190 57.2528
134200 57.2473
134210 57.2458
134220 57.2384
134230 57.2037
134240 57.1499
134250 57.1169
134260 57.1185
134270 57.1389
134280 57.1795
134290 57.2351
134300 57.2764
134310 57.2929
134320 57.2895
134330 57.2606
134340 57.2044
134350 57.139
134360 57.0646
134370 56.9898
134380 56.9193
134390 56.8663
134400 56.8268
134410 56.7813
134420 56.7265
134430 56.6749
134440 56.6418
134450 56.6244
134460 56.622
134470 56.6249
134480 56.6213
134490 56.6187
134500 56.6238
134510 56.6248
134520 56.6128
134530 56.6007
134540 56.6091
134550 56.6574
134560 56.7458
134570 56.8434
134580 56.9371
134590 57.021
134600 57.0928
134610 57.1609
134620 57.2275
134630 57.2784
134640 57.2977
134650 57.2758
134660 57.2242
134670 57.1841
134680 57.184
134690 57.2047
134700 57.2348
134710 57.2794
134720 57.3255
134730 57.3549
134740 57.3714
134750 57.3799
134760 57.3839
134770 57.3836
134780 57.3836
134790 57.3827
134800 57.3894
134810 57.4183
134820 57.4661
134830 57.5014
134840 57.515
134850 57.5096
134860 57.4653
134870 57.376
134880 57.2782
134890 57.2156
134900 57.1936
134910 57.1942
134920 57.2006
134930 57.1923
134940 57.1615
134950 57.1285
134960 57.104
134970 57.1007
134980 57.1169
134990 57.1455
135000 57.1855
135010 57.2384
135020 57.3001
135030 57.3666
135040 57.4186
135050 57.4385
135060 57.4344
135070 57.4231
135080 57.4276
135090 57.457
135100 57.5052
135110 57.5567
135120 57.618
135130 57.6891
135140 57.7381
135150 57.7389
135160 57.695
135170 57.6372
135180 57.5937
135190 57.5655
135200 57.5303
135210 57.501
135220 57.5138
135230 57.5752
135240 57.655
135250 57.729
135260 57.769
135270 57.747
135280 57.6949
135290 57.6664
135300 57.6728
135310 57.6983
135320 57.7385
135330 57.7948
135340 57.858
135350 57.9116
135360 57.9688
135370 58.0301
135380 58.0719
135390 58.0715
135400 58.0344
135410 57.9857
135420 57.9494
135430 57.9296
135440 57.9252
135450 57.9312
135460 57.9455
135470 57.9753
135480 58.0068
135490 58.0249
135500 58.0246
135510 58.0117
135520 57.9845
135530 57.924
135540 57.8436
135550 57.78
135560 57.7427
135570 57.7083
135580 57.6746
135590 57.6642
135600 57.6865
135610 57.7396
135620 57.81
135630 57.8799
135640 57.9429
135650 57.9854
135660 58.0011
135670 57.9975
135680 57.9826
135690 57.963
135700 57.9337
135710 57.908
135720 57.9113
135730 57.9407
135740 57.9606
135750 57.9491
135760 57.9159
135770 57.8764
135780 57.8272
135790 57.7554
135800 57.6735
135810 57.6235
135820 57.6266
135830 57.6718
135840 57.7354
135850 57.7943
135860 57.8324
135870 57.846
135880 57.8268
135890 57.7718
135900 57.6979
135910 57.6419
135920 57.6239
135930 57.639
135940 57.6744
135950 57.7169
135960 57.7553
135970 57.792
135980 57.8181
135990 57.8256
136000 57.8356
136010 57.8718
136020 57.9267
136030 57.9653
136040 57.9744
136050 57.966
136060 57.9483
136070 57.9214
136080 57.8772
136090 57.8309
136100 57.7982
136110 57.7678
136120 57.7185
136130 57.6571
136140 57.6103
136150 57.5879
136160 57.5877
136170 57.6039
136180 57.6244
136190 57.6378
136200 57.6361
136210 57.6154
136220 57.5718
136230 57.5182
136240 57.4635
136250 57.4043
136260 57.3512
136270 57.3031
136280 57.2731
136290 57.2698
136300 57.2835
136310 57.3074
136320 57.3415
136330 57.3772
136340 57.4088
136350 57.44
136360 57.4713
136370 57.4885
136380 57.4941
136390 57.5034
136400 57.522
136410 57.5331
136420 57.5249
136430 57.5222
136440 57.535
136450 57.5523
136460 57.5838
136470 57.6386
136480 57.6865
136490 57.712
136500 57.7321
136510 57.7562
136520 57.7687
136530 57.7512
136540 57.7248
136550 57.7224
136560 57.7459
136570 57.77
136580 57.766
136590 57.7277
136600 57.6702
136610 57.6166
136620 57.5709
136630 57.5249
136640 57.4904
136650 57.479
136660 57.4934
136670 57.5254
136680 57.56
136690 57.5843
136700 57.5967
136710 57.602
136720 57.6011
136730 57.5903
136740 57.5826
136750 57.5921
136760 57.633
136770 57.7006
136780 57.7788
136790 57.8543
136800 57.9314
136810 58.0206
136820 58.0992
136830 58.1296
136840 58.1162
136850 58.08
136860 58.0032
136870 57.8783
136880 57.7518
136890 57.6646
136900 57.6045
136910 57.5515
136920 57.5092
136930 57.4653
136940 57.394
136950 57.3047
136960 57.216
136970 57.1238
136980 57.0349
136990 56.9668
137000 56.9397
137010 56.9563
137020 56.9951
137030 57.0412
137040 57.0911
137050 57.1456
137060 57.197
137070 57.2368
137080 57.2746
137090 57.314
137100 57.3146
137110 57.2555
137120 57.1697
137130 57.1087
137140 57.0815
137150 57.0675
137160 57.0849
137170 57.1465
137180 57.2265
137190 57.2865
137200 57.3179
137210 57.3243
137220 57.3127
137230 57.3103
137240 57.3365
137250 57.3942
137260 57.4852
137270 57.5944
137280 57.6919
137290 57.771
137300 57.8375
137310 57.8761
137320 57.8871
137330 57.8894
137340 57.8905
137350 57.8845
137360 57.8856
137370 57.8975
137380 57.9102
137390 57.9177
137400 57.9219
137410 57.9329
137420 57.9489
137430 57.9785
137440 58.0383
137450 58.1177
137460 58.1929
137470 58.2611
137480 58.3146
137490 58.3415
137500 58.3498
137510 58.3426
137520 58.3195
137530 58.2822
137540 58.2432
137550 58.2199
137560 58.2298
137570 58.275
137580 58.3448
137590 58.4296
137600 58.5234
137610 58.6033
137620 58.6623
137630 58.7034
137640 58.7294
137650 58.7364
137660 58.7281
137670 58.7198
137680 58.7256
137690 58.748
137700 58.7801
137710 58.8107
137720 58.834
137730 58.8544
137740 58.8742
137750 58.8774
137760 58.8548
137770 58.8233
137780 58.7996
137790 58.7698
137800 58.724
137810 58.6817
137820 58.6602
137830 58.6512
137840 58.6522
137850 58.6672
137860 58.7043
137870 58.7555
137880 58.808
137890 58.846
137900 58.8603
137910 58.856
137920 58.8711
137930 58.9387
137940 59.0257
137950 59.0774
137960 59.0822
137970 59.0657
137980 59.0586
137990 59.0579
138000 59.0514
138010 59.0531
138020 59.0715
138030 59.097
138040 59.1143
138050 59.1218
138060 59.1306
138070 59.1515
138080 59.1693
138090 59.1566
138100 59.1232
138110 59.1102
138120 59.1354
138130 59.1838
138140 59.2273
138150 59.2659
138160 59.3152
138170 59.3572
138180 59.3624
138190 59.3208
138200 59.2618
138210 59.2065
138220 59.1574
138230 59.1259
138240 59.122
138250 59.1413
138260 59.1717
138270 59.2096
138280 59.2502
138290 59.2932
138300 59.3302
138310 59.3424
138320 59.3254
138330 59.2867
138340 59.2596
138350 59.2688
138360 59.3094
138370 59.3677
138380 59.4317
138390 59.482
138400 59.5071
138410 59.5137
138420 59.5101
138430 59.4993
138440 59.4828
138450 59.46
138460 59.4238
138470 59.3811
138480 59.3433
138490 59.3156
138500 59.2996
138510 59.2886
138520 59.2741
138530 59.2465
138540 59.205
138550 59.1614
138560 59.1378
138570 59.1379
138580 59.1392
138590 59.1462
138600 59.1765
138610 59.2108
138620 59.2313
138630 59.2564
138640 59.2999
138650 59.3479
138660 59.3943
138670 59.4515
138680 59.5125
138690 59.5664
138700 59.601
138710 59.6245
138720 59.6527
138730 59.6954
138740 59.7318
138750 59.737
138760 59.7242
138770 59.7237
138780 59.7384
138790 59.7401
138800 59.7365
138810 59.7555
138820 59.7999
138830 59.8539
138840 59.891
138850 59.9156
138860 59.9461
138870 59.9827
138880 59.9868
138890 59.945
138900 59.9028
138910 59.8924
138920 59.9046
138930 59.9128
138940 59.9249
138950 59.9581
138960 59.9947
138970 60.0057
138980 59.9942
138990 59.9837
139000 59.97
139010 59.9408
139020 59.9089
139030 59.8836
139040 59.8795
139050 59.9017
139060 59.9416
139070 59.9954
139080 60.048
139090 60.0796
139100 60.0838
139110 60.0741
139120 60.0714
139130 60.0845
139140 60.1045
139150 60.1355
139160 60.1808
139170 60.218
139180 60.2213
139190 60.1959
139200 60.1607
139210 60.1156
139220 60.0623
139230 60.0131
139240 59.9779
139250 59.9593
139260 59.9696
139270 59.9973
139280 60.0196
139290 60.0118
139300 59.9773
139310 59.9432
139320 59.9342
139330 59.9591
139340 60.0121
139350 60.0614
139360 60.0907
139370 60.1091
139380 60.1235
139390 60.1308
139400 60.147
139410 60.1767
139420 60.2044
139430 60.231
139440 60.2702
139450 60.3316
139460 60.4043
139470 60.4839
139480 60.5627
139490 60.6177
139500 60.6511
139510 60.6778
139520 60.7148
139530 60.75
139540 60.7762
139550 60.8149
139560 60.8711
139570 60.929
139580 60.984
139590 61.034
139600 61.0443
139610 60.9981
139620 60.943
139630 60.9233
139640 60.9284
139650 60.947
139660 60.9875
139670 61.051
139680 61.1289
139690 61.2131
139700 61.2833
139710 61.3175
139720 61.3163
139730 61.2853
139740 61.2297
139750 61.1614
139760 61.0987
139770 61.0609
139780 61.0522
139790 61.0827
139800 61.1375
139810 61.1751
139820 61.1813
139830 61.1659
139840 61.1405
139850 61.0976
139860 61.0549
139870 61.0456
139880 61.0493
139890 61.0033
139900 60.905
139910 60.8022
139920 60.7241
139930 60.66
139940 60.6132
139950 60.5922
139960 60.5925
139970 60.6072
139980 60.6431
139990 60.7011
140000 60.7684
140010 60.8256
140020 60.8798
140030 60.9469
140040 61.0253
140050 61.1008
140060 61.1615
140070 61.2087
140080 61.2425
140090 61.2886
140100 61.3512
140110 61.392
140120 61.4006
140130 61.4042
140140 61.4184
140150 61.4264
140160 61.4147
140170 61.4008
140180 61.383
140190 61.3426
140200 61.2863
140210 61.2437
140220 61.2363
140230 61.2586
140240 61.2983
140250 61.3353
140260 61.3637
140270 61.3882
140280 61.3909
140290 61.3717
140300 61.3541
140310 61.3449
140320 61.3464
140330 61.3813
140340 61.4398
140350 61.4759
140360 61.4656
140370 61.4365
140380 61.4213
140390 61.4169
140400 61.4017
140410 61.3771
140420 61.3515
140430 61.3255
140440 61.3032
140450 61.296
140460 61.3009
140470 61.3083
140480 61.3008
140490 61.2726
140500 61.2411
140510 61.2191
140520 61.2006
140530 61.1901
140540 61.2028
140550 61.2311
140560 61.2412
140570 61.2301
140580 61.2277
140590 61.2386
140600 61.2519
140610 61.2787
140620 61.3395
140630 61.4127
140640 61.4583
140650 61.4568
140660 61.4167
140670 61.3616
140680 61.3164
140690 61.2864
140700 61.2834
140710 61.3115
140720 61.3494
140730 61.3737
140740 61.3717
140750 61.3567
140760 61.3452
140770 61.3443
140780 61.3316
140790 61.3029
140800 61.2783
140810 61.2671
140820 61.2481
140830 61.2063
140840 61.1617
140850 61.1233
140860 61.0933
140870 61.0748
140880 61.0759
140890 61.0966
140900 61.1177
140910 61.1169
140920 61.0947
140930 61.0653
140940 61.0415
140950 61.0271
140960 61.0238
140970 61.0475
140980 61.1004
140990 61.1504
141000 61.1738
141010 61.1816
141020 61.1838
141030 61.1897
141040 61.1978
141050 61.2096
141060 61.213
141070 61.2125
141080 61.2235
141090 61.2358
141100 61.241
141110 61.2297
141120 61.2007
141130 61.1713
141140 61.1683
141150 61.1757
141160 61.1527
141170 61.1019
141180 61.0524
141190 61.0054
141200 60.9564
141210 60.9145
141220 60.8821
141230 60.8444
141240 60.8043
141250 60.7541
141260 60.6787
141270 60.5788
141280 60.4885
141290 60.4274
141300 60.3838
141310 60.3375
141320 60.2884
141330 60.244
141340 60.1952
141350 60.1442
141360 60.1211
141370 60.138
141380 60.1733
141390 60.1981
141400 60.198
141410 60.1924
141420 60.2045
141430 60.2336
141440 60.2722
141450 60.3091
141460 60.3438
141470 60.363
141480 60.345
141490 60.2927
141500 60.2337
141510 60.1921
141520 60.1605
141530 60.1305
141540 60.1153
141550 60.1156
141560 60.1321
141570 60.1621
141580 60.1963
141590 60.2256
141600 60.2309
141610 60.2092
141620 60.1925
141630 60.1995
141640 60.2209
141650 60.2372
141660 60.25
141670 60.2621
141680 60.2727
141690 60.2865
141700 60.3076
141710 60.3199
141720 60.3002
141730 60.2746
141740 60.2582
141750 60.23
141760 60.1874
141770 60.1367
141780 60.079
141790 60.0313
141800 60.0042
141810 59.9815
141820 59.9592
141830 59.9489
141840 59.9401
141850 59.9131
141860 59.8611
141870 59.8052
141880 59.752
141890 59.6962
141900 59.6572
141910 59.6622
141920 59.7143
141930 59.7864
141940 59.8572
141950 59.9231
141960 59.983
141970 60.0288
141980 60.0643
141990 60.1055
142000 60.1571
142010 60.2108
142020 60.2806
142030 60.3698
142040 60.4437
142050 60.4898
142060 60.5279
142070 60.5766
142080 60.6114
142090 60.6094
142100 60.582
142110 60.5471
142120 60.523
142130 60.5051
142140 60.4924
142150 60.4933
142160 60.5154
142170 60.5543
142180 60.6061
142190 60.6766
142200 60.7645
142210 60.8355
142220 60.8807
142230 60.9101
142240 60.9317
142250 60.946
142260 60.9719
142270 61.0316
142280 61.1232
142290 61.2174
142300 61.2891
142310 61.329
142320 61.3437
142330 61.3381
142340 61.3008
142350 61.2347
142360 61.1798
142370 61.16
142380 61.1674
142390 61.2032
142400 61.2694
142410 61.3487
142420 61.4253
142430 61.5055
142440 61.5971
142450 61.663
142460 61.6833
142470 61.6936
142480 61.7408
142490 61.8251
142500 61.9122
142510 61.992
142520 62.0792
142530 62.1854
142540 62.2967
142550 62.3863
142560 62.4323
142570 62.4546
142580 62.4873
142590 62.5262
142600 62.5554
142610 62.5838
142620 62.6278
142630 62.6776
142640 62.7111
142650 62.7242
142660 62.7279
142670 62.7335
142680 62.7386
142690 62.749
142700 62.7738
142710 62.8074
142720 62.8357
142730 62.8396
142740 62.8103
142750 62.7486
142760 62.664
142770 62.5823
142780 62.5279
142790 62.4928
142800 62.4591
142810 62.4381
142820 62.4407
142830 62.4505
142840 62.4664
142850 62.4833
142860 62.473
142870 62.4449
142880 62.4171
142890 62.3731
142900 62.3126
142910 62.2517
142920 62.2038
142930 62.172
142940 62.1609
142950 62.1717
142960 62.2011
142970 62.2377
142980 62.2746
142990 62.3055
143000 62.3207
143010 62.2954
143020 62.2263
143030 62.1473
143040 62.0789
143050 62.032
143060 62.0066
143070 62.0022
143080 62.0135
143090 62.0234
143100 62.0281
143110 62.0357
143120 62.0341
143130 62.005
143140 61.9447
143150 61.8717
143160 61.7942
143170 61.7131
143180 61.6422
143190 61.5987
143200 61.5802
143210 61.5658
143220 61.5409
143230 61.5196
143240 61.5171
143250 61.5216
143260 61.5122
143270 61.5017
143280 61.5072
143290 61.5152
143300 61.5066
143310 61.4878
143320 61.4761
143330 61.4731
143340 61.486
143350 61.5036
143360 61.5107
143370 61.5251
143380 61.5654
143390 61.6194
143400 61.6505
143410 61.6404
143420 61.6138
143430 61.586
143440 61.5651
143450 61.566
143460 61.5859
143470 61.6062
143480 61.622
143490 61.6338
143500 61.6508
143510 61.676
143520 61.7021
143530 61.7175
143540 61.7274
143550 61.7656
143560 61.8497
143570 61.9645
143580 62.0876
143590 62.2084
143600 62.3095
143610 62.3763
143620 62.4166
143630 62.4474
143640 62.4896
143650 62.5358
143660 62.5537
143670 62.5313
143680 62.4971
143690 62.4826
143700 62.4845
143710 62.4913
143720 62.4839
143730 62.4595
143740 62.42
143750 62.3699
143760 62.322
143770 62.2838
143780 62.2577
143790 62.2413
143800 62.2305
143810 62.2334
143820 62.265
143830 62.3118
143840 62.3525
143850 62.3988
143860 62.4644
143870 62.522
143880 62.5573
143890 62.5608
143900 62.5357
143910 62.5093
143920 62.4888
143930 62.4478
143940 62.3799
143950 62.3124
143960 62.2577
143970 62.2178
143980 62.2078
143990 62.2278
144000 62.2671
144010 62.3234
144020 62.3793
144030 62.4208
144040 62.4345
144050 62.4129
144060 62.3708
144070 62.3252
144080 62.2985
144090 62.3045
144100 62.3255
144110 62.3254
144120 62.2942
144130 62.252
144140 62.212
144150 62.1745
144160 62.1509
144170 62.1466
144180 62.1607
144190 62.1772
144200 62.1927
144210 62.2149
144220 62.2416
144230 62.254
144240 62.2469
144250 62.2205
144260 62.1817
144270 62.1587
144280 62.1626
144290 62.1848
144300 62.2145
144310 62.2546
144320 62.2999
144330 62.3346
144340 62.3348
144350 62.3131
144360 62.2945
144370 62.2888
144380 62.3095
144390 62.3498
144400 62.394
144410 62.4368
144420 62.4789
144430 62.5221
144440 62.5519
144450 62.5622
144460 62.5736
144470 62.6003
144480 62.62
144490 62.6122
144500 62.5729
144510 62.5254
144520 62.4873
144530 62.4747
144540 62.4855
144550 62.5195
144560 62.5877
144570 62.6778
144580 62.7609
144590 62.8251
144600 62.8782
144610 62.9212
144620 62.9605
144630 63.0081
144640 63.0688
144650 63.137
144660 63.1983
144670 63.2362
144680 63.2423
144690 63.2277
144700 63.2197
144710 63.2273
144720 63.259
144730 63.3288
144740 63.4296
144750 63.5113
144760 63.5303
144770 63.4849
144780 63.408
144790 63.3233
144800 63.2332
144810 63.1354
144820 63.0358
144830 62.9616
144840 62.9113
144850 62.8737
144860 62.8542
144870 62.8427
144880 62.7964
144890 62.6941
144900 62.5722
144910 62.4895
144920 62.4519
144930 62.4285
144940 62.413
144950 62.4078
144960 62.4031
144970 62.389
144980 62.3549
144990 62.3076
145000 62.2554
145010 62.2157
145020 62.1971
145030 62.1918
145040 62.2283
145050 62.3224
145060 62.4239
145070 62.481
145080 62.4867
145090 62.4751
145100 62.4611
145110 62.4285
145120 62.3785
145130 62.3257
145140 62.2738
145150 62.2165
145160 62.1581
145170 62.0898
145180 62.0064
145190 61.9324
145200 61.8826
145210 61.8293
145220 61.7532
145230 61.6725
145240 61.6042
145250 61.56
145260 61.5538
145270 61.5851
145280 61.6298
145290 61.663
145300 61.6988
145310 61.7352
145320 61.7487
145330 61.7341
145340 61.7091
145350 61.6859
145360 61.6687
145370 61.6512
145380 61.6254
145390 61.5787
145400 61.5305
145410 61.4989
145420 61.4685
145430 61.4406
145440 61.4453
145450 61.4762
145460 61.5001
145470 61.5137
145480 61.5151
145490 61.4938
145500 61.4664
145510 61.4661
145520 61.5
145530 61.5505
145540 61.6078
145550 61.6724
145560 61.7342
145570 61.7691
145580 61.7694
145590 61.7556
145600 61.7393
145610 61.7165
145620 61.696
145630 61.6964
145640 61.7215
145650 61.7546
145660 61.7893
145670 61.8396
145680 61.909
145690 61.9661
145700 61.9845
145710 61.9785
145720 61.9675
145730 61.9483
145740 61.9224
145750 61.9046
145760 61.9189
145770 61.9783
145780 62.0496
145790 62.0929
145800 62.0947
145810 62.0775
145820 62.0614
145830 62.0402
145840 62.0182
145850 62.0074
145860 62.0244
145870 62.0628
145880 62.1054
145890 62.1395
145900 62.1616
145910 62.1742
145920 62.188
145930 62.2104
145940 62.2378
145950 62.2825
145960 62.3288
145970 62.3468
145980 62.3392
145990 62.3183
146000 62.3058
146010 62.3164
146020 62.3393
146030 62.3639
146040 62.3851
146050 62.3903
146060 62.3885
146070 62.4132
146080 62.4718
146090 62.524
146100 62.5562
146110 62.5982
146120 62.6803
146130 62.7891
146140 62.8943
146150 62.9659
146160 62.9965
146170 63.0077
146180 63.0181
146190 63.0232
146200 63.0181
146210 63.0138
146220 63.0178
146230 63.0185
146240 63.0225
146250 63.027
146260 62.9988
146270 62.9265
146280 62.8273
146290 62.7423
146300 62.6857
146310 62.645
146320 62.6151
146330 62.6132
146340 62.6504
146350 62.7002
146360 62.7189
146370 62.6978
146380 62.6605
146390 62.6234
146400 62.5642
146410 62.4764
146420 62.3912
146430 62.3559
146440 62.3793
146450 62.4422
146460 62.5316
146470 62.6386
146480 62.7395
146490 62.8178
146500 62.8657
146510 62.8933
146520 62.9173
146530 62.9503
146540 62.9824
146550 62.9919
146560 63.0035
146570 63.0261
146580 63.0583
146590 63.099
146600 63.1326
146610 63.1591
146620 63.1973
146630 63.2506
146640 63.2957
146650 63.3054
146660 63.2941
146670 63.2887
146680 63.2913
146690 63.2905
146700 63.2738
146710 63.2547
146720 63.2643
146730 63.3094
146740 63.3896
146750 63.4893
146760 63.5791
146770 63.6343
146780 63.6432
146790 63.6133
146800 63.5607
146810 63.4909
146820 63.4284
146830 63.4063
146840 63.4209
146850 63.4598
146860 63.5204
146870 63.584
146880 63.614
146890 63.5938
146900 63.5351
146910 63.4463
146920 63.3356
146930 63.2177
146940 63.1206
146950 63.0659
146960 63.0633
146970 63.0908
146980 63.1084
146990 63.0986
147000 63.0849
147010 63.0866
147020 63.0989
147030 63.1071
147040 63.1156
147050 63.1408
147060 63.1806
147070 63.2372
147080 63.3131
147090 63.3811
147100 63.4094
147110 63.3842
147120 63.3251
147130 63.2626
147140 63.2389
147150 63.2754
147160 63.3466
147170 63.4154
147180 63.4745
147190 63.5134
147200 63.5091
147210 63.4761
147220 63.451
147230 63.437
147240 63.4116
147250 63.385
147260 63.3879
147270 63.4134
147280 63.4424
147290 63.4592
147300 63.4613
147310 63.4567
147320 63.445
147330 63.4217
147340 63.3998
147350 63.3986
147360 63.4258
147370 63.4782
147380 63.5406
147390 63.5941
147400 63.6327
147410 63.6667
147420 63.6992
147430 63.7168
147440 63.7064
147450 63.6793
147460 63.6722
147470 63.6991
147480 63.7434
147490 63.7879
147500 63.8175
147510 63.828
147520 63.8111
147530 63.763
147540 63.6756
147550 63.5399
147560 63.3811
147570 63.2535
147580 63.1825
147590 63.1556
147600 63.1589
147610 63.1834
147620 63.2279
147630 63.2864
147640 63.3473
147650 63.3898
147660 63.4046
147670 63.4028
147680 63.3961
147690 63.391
147700 63.3931
147710 63.4108
147720 63.4422
147730 63.4735
147740 63.4971
147750 63.5126
147760 63.5185
147770 63.5052
147780 63.4695
147790 63.4338
147800 63.4308
147810 63.4734
147820 63.5524
147830 63.6466
147840 63.7422
147850 63.8222
147860 63.8667
147870 63.87
147880 63.8427
147890 63.8055
147900 63.7812
147910 63.7644
147920 63.7569
147930 63.7848
147940 63.837
147950 63.8609
147960 63.8535
147970 63.8592
147980 63.8794
147990 63.8821
148000 63.8648
148010 63.8399
148020 63.7936
148030 63.7314
148040 63.679
148050 63.6404
148060 63.6081
148070 63.5693
148080 63.5313
148090 63.5295
148100 63.5749
148110 63.6175
148120 63.6209
148130 63.5976
148140 63.5586
148150 63.5165
148160 63.4995
148170 63.5108
148180 63.5346
148190 63.5585
148200 63.5769
148210 63.5937
148220 63.6189
148230 63.6568
148240 63.6855
148250 63.6795
148260 63.6516
148270 63.6203
148280 63.588
148290 63.5655
148300 63.5676
148310 63.5984
148320 63.6453
148330 63.6849
148340 63.6828
148350 63.6241
148360 63.5323
148370 63.437
148380 63.3537
148390 63.2854
148400 63.2451
148410 63.2295
148420 63.2199
148430 63.2106
148440 63.2092
148450 63.2314
148460 63.2777
148470 63.3305
148480 63.3837
148490 63.4462
148500 63.5137
148510 63.566
148520 63.6057
148530 63.6325
148540 63.6457
148550 63.6657
148560 63.698
148570 63.7385
148580 63.7885
148590 63.8343
148600 63.8736
148610 63.9181
148620 63.9806
148630 64.0624
148640 64.1405
148650 64.192
148660 64.2227
148670 64.2466
148680 64.2599
148690 64.2468
148700 64.2099
148710 64.1741
148720 64.1526
148730 64.1335
148740 64.1013
148750 64.0635
148760 64.0254
148770 64.0012
148780 64.003
148790 64.0235
148800 64.0379
148810 64.0364
148820 64.0183
148830 63.9843
148840 63.9567
148850 63.9512
148860 63.9701
148870 64.0062
148880 64.0397
148890 64.0489
148900 64.0408
148910 64.0295
148920 64.0123
148930 63.9868
148940 63.9598
148950 63.9359
148960 63.9066
148970 63.8604
148980 63.8036
148990 63.7475
149000 63.6966
149010 63.6736
149020 63.702
149030 63.7642
149040 63.8204
149050 63.8572
149060 63.8796
149070 63.8926
149080 63.9054
149090 63.9205
149100 63.9411
149110 63.9807
149120 64.0418
149130 64.1024
149140 64.1371
149150 64.1431
149160 64.1445
149170 64.1446
149180 64.1378
149190 64.1299
149200 64.11
149210 64.0662
149220 64.0297
149230 64.0272
149240 64.0541
149250 64.0863
149260 64.1069
149270 64.109
149280 64.0967
149290 64.0864
149300 64.073
149310 64.0355
149320 63.9818
149330 63.9419
149340 63.9244
149350 63.9224
149360 63.9345
149370 63.9535
149380 63.9765
149390 64.0004
149400 64.0181
149410 64.0152
149420 63.9775
149430 63.9084
149440 63.844
149450 63.8262
149460 63.8425
149470 63.8495
149480 63.8393
149490 63.8408
149500 63.8638
149510 63.878
149520 63.8788
149530 63.8854
149540 63.9112
149550 63.9449
149560 63.9661
149570 63.9627
149580 63.9355
149590 63.8945
149600 63.8521
149610 63.8332
149620 63.8459
149630 63.8759
149640 63.9172
149650 63.9832
149660 64.0703
149670 64.1254
149680 64.1049
149690 64.0214
149700 63.9144
149710 63.8027
149720 63.6968
149730 63.611
149740 63.5448
149750 63.4753
149760 63.4182
149770 63.4023
149780 63.413
149790 63.4216
149800 63.425
149810 63.4328
149820 63.4502
149830 63.4564
149840 63.4377
149850 63.4022
149860 63.3546
149870 63.2999
149880 63.2492
149890 63.2214
149900 63.236
149910 63.2894
149920 63.358
149930 63.4118
149940 63.4471
149950 63.4701
149960 63.4886
149970 63.5116
149980 63.5442
149990 63.5815
150000 63.6238
150010 63.6755
150020 63.7152
150030 63.7317
150040 63.7372
150050 63.7356
150060 63.724
150070 63.7157
150080 63.7192
150090 63.7235
150100 63.7135
150110 63.7022
150120 63.6986
150130 63.7052
150140 63.7258
150150 63.7523
150160 63.7655
150170 63.7618
150180 63.7689
150190 63.7774
150200 63.7549
150210 63.7005
150220 63.6308
150230 63.5561
150240 63.4852
150250 63.432
150260 63.4039
150270 63.3997
150280 63.4221
150290 63.4578
150300 63.5073
150310 63.5729
150320 63.6344
150330 63.6683
150340 63.686
150350 63.7043
150360 63.7194
150370 63.7096
150380 63.6792
150390 63.6376
150400 63.5796
150410 63.5118
150420 63.4681
150430 63.4653
150440 63.4749
150450 63.4792
150460 63.4831
150470 63.4916
150480 63.4964
150490 63.4922
150500 63.4912
150510 63.4883
150520 63.4659
150530 63.4221
150540 63.3694
150550 63.3043
150560 63.2302
150570 63.19
150580 63.2094
150590 63.2584
150600 63.3125
150610 63.3662
150620 63.4101
150630 63.4319
150640 63.4391
150650 63.4505
150660 63.452
150670 63.4286
150680 63.4028
150690 63.3973
150700 63.4272
150710 63.4941
150720 63.5817
150730 63.6558
150740 63.6932
150750 63.6859
150760 63.6447
150770 63.5824
150780 63.5297
150790 63.517
150800 63.5373
150810 63.5752
150820 63.6242
150830 63.6832
150840 63.7351
150850 63.7589
150860 63.7593
150870 63.7584
150880 63.7685
150890 63.7849
150900 63.8019
150910 63.8086
150920 63.8174
150930 63.8479
150940 63.8856
150950 63.9169
150960 63.9456
150970 63.9646
150980 63.9723
150990 63.9903
151000 64.0345
151010 64.0877
151020 64.1242
151030 64.1383
151040 64.1249
151050 64.0782
151060 64.0283
151070 64.0022
151080 63.9804
151090 63.9532
151100 63.9309
151110 63.9205
151120 63.9215
151130 63.92
151140 63.8995
151150 63.8447
151160 63.7588
151170 63.6695
151180 63.5826
151190 63.4698
151200 63.332
151210 63.2157
151220 63.1507
151230 63.1184
151240 63.091
151250 63.0618
151260 63.0452
151270 63.0409
151280 63.0275
151290 62.9954
151300 62.9638
151310 62.9412
151320 62.9291
151330 62.9167
151340 62.8986
151350 62.8638
151360 62.8097
151370 62.7389
151380 62.6729
151390 62.6363
151400 62.6239
151410 62.6289
151420 62.6645
151430 62.7264
151440 62.794
151450 62.8618
151460 62.919
151470 62.9528
151480 62.9568
151490 62.9456
151500 62.9433
151510 62.9614
151520 63.0115
151530 63.0906
151540 63.1717
151550 63.2431
151560 63.3143
151570 63.3876
151580 63.449
151590 63.4855
151600 63.4956
151610 63.4854
151620 63.4812
151630 63.4859
151640 63.4903
151650 63.4989
151660 63.5136
151670 63.5211
151680 63.515
151690 63.5041
151700 63.4905
151710 63.4716
151720 63.46
151730 63.4566
151740 63.4569
151750 63.4653
151760 63.4764
151770 63.4984
151780 63.5319
151790 63.5676
151800 63.6071
151810 63.6447
151820 63.6564
151830 63.6421
151840 63.6226
151850 63.6122
151860 63.6207
151870 63.6731
151880 63.7378
151890 63.7805
151900 63.8117
151910 63.8514
151920 63.891
151930 63.9155
151940 63.9141
151950 63.8865
151960 63.8543
151970 63.8299
151980 63.8151
151990 63.8189
152000 63.8408
152010 63.8758
152020 63.9085
152030 63.9282
152040 63.9337
152050 63.9299
152060 63.9333
152070 63.9573
152080 63.9988
152090 64.0511
152100 64.115
152110 64.1759
152120 64.2345
152130 64.2956
152140 64.3391
152150 64.3529
152160 64.342
152170 64.3206
152180 64.2948
152190 64.2707
152200 64.2627
152210 64.2723
152220 64.2791
152230 64.2879
152240 64.3219
152250 64.3829
152260 64.4427
152270 64.5034
152280 64.5607
152290 64.5988
152300 64.6225
152310 64.6303
152320 64.618
152330 64.5907
152340 64.5603
152350 64.5494
152360 64.5675
152370 64.5826
152380 64.5559
152390 64.4988
152400 64.4464
152410 64.4102
152420 64.3769
152430 64.3404
152440 64.3018
152450 64.2777
152460 64.2779
152470 64.3018
152480 64.3528
152490 64.4223
152500 64.4893
152510 64.5569
152520 64.6259
152530 64.6893
152540 64.7242
152550 64.7149
152560 64.6693
152570 64.6202
152580 64.5876
152590 64.5646
152600 64.5484
152610 64.5392
152620 64.5178
152630 64.4878
152640 64.4691
152650 64.4639
152660 64.4561
152670 64.451
152680 64.4574
152690 64.4756
152700 64.5015
152710 64.5341
152720 64.568
152730 64.5857
152740 64.592
152750 64.6052
152760 64.6272
152770 64.6388
152780 64.6289
152790 64.6037
152800 64.5858
152810 64.5784
152820 64.5724
152830 64.5869
152840 64.6384
152850 64.7078
152860 64.7663
152870 64.8004
152880 64.8171
152890 64.8278
152900 64.8467
152910 64.8823
152920 64.9195
152930 64.946
152940 64.9654
152950 64.9814
152960 64.9865
152970 64.976
152980 64.967
152990 64.9747
153000 64.9952
153010 65.0062
153020 64.9932
153030 64.9721
153040 64.968
153050 64.9833
153060 65.0036
153070 65.0023
153080 64.9644
153090 64.9059
153100 64.8383
153110 64.776
153120 64.7526
153130 64.7993
153140 64.8983
153150 65.0019
153160 65.086
153170 65.1636
153180 65.2243
153190 65.2489
153200 65.2418
153210 65.2212
153220 65.2152
153230 65.2417
153240 65.2944
153250 65.3538
153260 65.4166
153270 65.4818
153280 65.5174
153290 65.4858
153300 65.4115
153310 65.3326
153320 65.2755
153330 65.2683
153340 65.3104
153350 65.3888
153360 65.4831
153370 65.5554
153380 65.569
153390 65.5434
153400 65.5182
153410 65.4934
153420 65.4571
153430 65.4189
153440 65.3978
153450 65.3946
153460 65.4022
153470 65.4164
153480 65.4555
153490 65.5165
153500 65.5761
153510 65.6198
153520 65.6493
153530 65.6815
153540 65.7204
153550 65.749
153560 65.7585
153570 65.7528
153580 65.7402
153590 65.7453
153600 65.7633
153610 65.7769
153620 65.7907
153630 65.8133
153640 65.8486
153650 65.8793
153660 65.888
153670 65.8738
153680 65.8492
153690 65.8216
153700 65.7999
153710 65.7887
153720 65.7879
153730 65.7851
153740 65.766
153750 65.7199
153760 65.6497
153770 65.5544
153780 65.4406
153790 65.3523
153800 65.3178
153810 65.3342
153820 65.3888
153830 65.4518
153840 65.4771
153850 65.4447
153860 65.3825
153870 65.3475
153880 65.3414
153890 65.3085
153900 65.2447
153910 65.1938
153920 65.1863
153930 65.2297
153940 65.3056
153950 65.3833
153960 65.4583
153970 65.544
153980 65.6113
153990 65.6271
154000 65.6082
154010 65.5881
154020 65.5665
154030 65.5192
154040 65.4631
154050 65.4388
154060 65.4531
154070 65.4773
154080 65.4865
154090 65.493
154100 65.4988
154110 65.4933
154120 65.4854
154130 65.5131
154140 65.5795
154150 65.665
154160 65.7404
154170 65.7903
154180 65.8207
154190 65.8441
154200 65.8675
154210 65.8839
154220 65.8985
154230 65.929
154240 65.9711
154250 66.0144
154260 66.0456
154270 66.0545
154280 66.0468
154290 66.0383
154300 66.0469
154310 66.0718
154320 66.0895
154330 66.1033
154340 66.1186
154350 66.1262
154360 66.1258
154370 66.1135
154380 66.0909
154390 66.0836
154400 66.1135
154410 66.1578
154420 66.1933
154430 66.2131
154440 66.2163
154450 66.1967
154460 66.1671
154470 66.1413
154480 66.1113
154490 66.083
154500 66.0635
154510 66.053
154520 66.0499
154530 66.051
154540 66.0543
154550 66.0527
154560 66.0431
154570 66.0364
154580 66.0366
154590 66.0294
154600 66.004
154610 65.9804
154620 65.9724
154630 65.9744
154640 65.9597
154650 65.9329
154660 65.9207
154670 65.9151
154680 65.8932
154690 65.8587
154700 65.8092
154710 65.7482
154720 65.7012
154730 65.6835
154740 65.6769
154750 65.677
154760 65.6851
154770 65.693
154780 65.6948
154790 65.6914
154800 65.6925
154810 65.7062
154820 65.7304
154830 65.7501
154840 65.7548
154850 65.7649
154860 65.8052
154870 65.8753
154880 65.9512
154890 66.0221
154900 66.0741
154910 66.0915
154920 66.0857
154930 66.0945
154940 66.117
154950 66.124
154960 66.1193
154970 66.1204
154980 66.1264
154990 66.1346
155000 66.1514
155010 66.178
155020 66.2079
155030 66.23
155040 66.2508
155050 66.2841
155060 66.3128
155070 66.315
155080 66.3149
155090 66.3436
155100 66.3945
155110 66.4373
155120 66.4785
155130 66.5393
155140 66.6058
155150 66.6602
155160 66.7069
155170 66.7527
155180 66.7936
155190 66.8139
155200 66.8267
155210 66.8555
155220 66.8825
155230 66.8925
155240 66.8993
155250 66.9003
155260 66.8682
155270 66.8039
155280 66.7201
155290 66.6247
155300 66.5265
155310 66.4178
155320 66.2882
155330 66.1554
155340 66.0381
155350 65.9413
155360 65.8618
155370 65.7967
155380 65.7364
155390 65.7022
155400 65.7013
155410 65.7224
155420 65.7649
155430 65.8327
155440 65.8893
155450 65.8943
155460 65.8786
155470 65.885
155480 65.9139
155490 65.9438
155500 65.966
155510 65.9969
155520 66.039
155530 66.0788
155540 66.1019
155550 66.108
155560 66.0866
155570 66.0447
155580 66.0175
155590 66.0145
155600 66.0188
155610 66.0113
155620 65.9919
155630 65.9785
155640 65.978
155650 65.9731
155660 65.9507
155670 65.8997
155680 65.8309
155690 65.7582
155700 65.6867
155710 65.631
155720 65.5911
155730 65.5649
155740 65.5749
155750 65.6283
155760 65.6936
155770 65.7362
155780 65.7357
155790 65.6879
155800 65.6008
155810 65.5078
155820 65.4298
155830 65.3612
155840 65.3063
155850 65.2718
155860 65.2514
155870 65.2596
155880 65.312
155890 65.3979
155900 65.4926
155910 65.5681
155920 65.5993
155930 65.594
155940 65.5901
155950 65.6042
155960 65.6313
155970 65.6771
155980 65.751
155990 65.826
156000 65.8745
156010 65.9134
156020 65.9556
156030 65.9886
156040 66.0216
156050 66.0708
156060 66.1276
156070 66.168
156080 66.1829
156090 66.1787
156100 66.1526
156110 66.1127
156120 66.0732
156130 66.0473
156140 66.0335
156150 66.0162
156160 66.0057
156170 65.9999
156180 65.9857
156190 65.9652
156200 65.9474
156210 65.9315
156220 65.9193
156230 65.9137
156240 65.9258
156250 65.9596
156260 66.0071
156270 66.0595
156280 66.1037
156290 66.1147
156300 66.0903
156310 66.0471
156320 66.0224
156330 66.0228
156340 66.0506
156350 66.1132
156360 66.1905
156370 66.2538
156380 66.3093
156390 66.3634
156400 66.3963
156410 66.39
156420 66.3548
156430 66.31
156440 66.2864
156450 66.3127
156460 66.3751
156470 66.4381
156480 66.4918
156490 66.5541
156500 66.6328
156510 66.7171
156520 66.798
156530 66.8888
156540 66.9621
156550 66.965
156560 66.9077
156570 66.8357
156580 66.768
156590 66.7024
156600 66.6503
156610 66.6315
156620 66.6424
156630 66.6583
156640 66.6435
156650 66.5976
156660 66.549
156670 66.5172
156680 66.4955
156690 66.4727
156700 66.4487
156710 66.4001
156720 66.3361
156730 66.2907
156740 66.2748
156750 66.2893
156760 66.3324
156770 66.3976
156780 66.4592
156790 66.4764
156800 66.4416
156810 66.3949
156820 66.3747
156830 66.3765
156840 66.3801
156850 66.3969
156860 66.4351
156870 66.4688
156880 66.4857
156890 66.5026
156900 66.5176
156910 66.5234
156920 66.5376
156930 66.5818
156940 66.6467
156950 66.6939
156960 66.7194
156970 66.7287
156980 66.6956
156990 66.616
157000 66.5255
157010 66.4394
157020 66.3382
157030 66.2364
157040 66.172
157050 66.1658
157060 66.1854
157070 66.2018
157080 66.2075
157090 66.217
157100 66.2462
157110 66.2964
157120 66.3403
157130 66.3495
157140 66.327
157150 66.2806
157160 66.2267
157170 66.1677
157180 66.1122
157190 66.0699
157200 66.0398
157210 66.0228
157220 66.017
157230 66.0075
157240 65.9791
157250 65.9532
157260 65.9413
157270 65.9449
157280 65.9494
157290 65.9359
157300 65.9163
157310 65.8875
157320 65.8335
157330 65.7796
157340 65.7619
157350 65.7897
157360 65.8498
157370 65.9455
157380 66.0634
157390 66.169
157400 66.2468
157410 66.3037
157420 66.347
157430 66.3841
157440 66.428
157450 66.4765
157460 66.5236
157470 66.5628
157480 66.5967
157490 66.6143
157500 66.6171
157510 66.6129
157520 66.6143
157530 66.6264
157540 66.6502
157550 66.6848
157560 66.7022
157570 66.6873
157580 66.6574
157590 66.6227
157600 66.5844
157610 66.5461
157620 66.5035
157630 66.4613
157640 66.4311
157650 66.4102
157660 66.398
157670 66.3969
157680 66.3865
157690 66.3223
157700 66.205
157710 66.0788
157720 65.9798
157730 65.9202
157740 65.8966
157750 65.9087
157760 65.9361
157770 65.9571
157780 65.9732
157790 65.9888
157800 65.9886
157810 65.9657
157820 65.9381
157830 65.9213
157840 65.9225
157850 65.9416
157860 65.9773
157870 66.0036
157880 66
157890 65.9697
157900 65.9327
157910 65.9101
157920 65.8881
157930 65.8557
157940 65.8207
157950 65.7882
157960 65.7771
157970 65.7967
157980 65.8308
157990 65.8668
158000 65.8985
158010 65.9253
158020 65.9304
158030 65.9137
158040 65.8963
158050 65.881
158060 65.8647
158070 65.8636
158080 65.8773
158090 65.8945
158100 65.8932
158110 65.8799
158120 65.8622
158130 65.8479
158140 65.8502
158150 65.8501
158160 65.8137
158170 65.7399
158180 65.6573
158190 65.5814
158200 65.5277
158210 65.5046
158220 65.4994
158230 65.5077
158240 65.5296
158250 65.5698
158260 65.6117
158270 65.6283
158280 65.6144
158290 65.5905
158300 65.5839
158310 65.5972
158320 65.6305
158330 65.6869
158340 65.7439
158350 65.786
158360 65.7943
158370 65.7578
158380 65.7118
158390 65.6973
158400 65.718
158410 65.7442
158420 65.7689
158430 65.8169
158440 65.9078
158450 66.0096
158460 66.0868
158470 66.1151
158480 66.0865
158490 66.0193
158500 65.9565
158510 65.9223
158520 65.906
158530 65.8979
158540 65.8986
158550 65.913
158560 65.9484
158570 65.9912
158580 66.0277
158590 66.0698
158600 66.1327
158610 66.2101
158620 66.2905
158630 66.363
158640 66.4137
158650 66.4328
158660 66.4297
158670 66.4148
158680 66.3759
158690 66.3097
158700 66.2425
158710 66.2004
158720 66.1883
158730 66.1847
158740 66.171
158750 66.1502
158760 66.1303
158770 66.0974
158780 66.055
158790 66.0307
158800 66.01
158810 65.9522
158820 65.861
158830 65.7895
158840 65.7549
158850 65.749
158860 65.7745
158870 65.8224
158880 65.8777
158890 65.933
158900 65.9877
158910 66.0258
158920 66.0234
158930 65.9857
158940 65.9488
158950 65.9315
158960 65.9437
158970 65.9783
158980 66.0267
158990 66.0911
159000 66.1548
159010 66.2147
159020 66.2719
159030 66.3215
159040 66.3433
159050 66.3203
159060 66.2651
159070 66.2155
159080 66.2066
159090 66.2317
159100 66.2604
159110 66.2878
159120 66.3151
159130 66.3361
159140 66.3438
159150 66.3307
159160 66.302
159170 66.2799
159180 66.2727
159190 66.2873
159200 66.3309
159210 66.4015
159220 66.4721
159230 66.5224
159240 66.5445
159250 66.5281
159260 66.4767
159270 66.4194
159280 66.3775
159290 66.3524
159300 66.3312
159310 66.316
159320 66.3148
159330 66.3265
159340 66.3489
159350 66.3775
159360 66.3823
159370 66.344
159380 66.3042
159390 66.2992
159400 66.3211
159410 66.3363
159420 66.3524
159430 66.3947
159440 66.4591
159450 66.5122
159460 66.5397
159470 66.5445
159480 66.5186
159490 66.4486
159500 66.3511
159510 66.2475
159520 66.1486
159530 66.0777
159540 66.0504
159550 66.0525
159560 66.0584
159570 66.0659
159580 66.0903
159590 66.1356
159600 66.1794
159610 66.2024
159620 66.2111
159630 66.2316
159640 66.2678
159650 66.2814
159660 66.2433
159670 66.182
159680 66.1338
159690 66.1055
159700 66.0958
159710 66.1099
159720 66.139
159730 66.1773
159740 66.2355
159750 66.3161
159760 66.3958
159770 66.4501
159780 66.4947
159790 66.535
159800 66.5566
159810 66.558
159820 66.5602
159830 66.573
159840 66.6004
159850 66.6293
159860 66.6345
159870 66.625
159880 66.6248
159890 66.6294
159900 66.6365
159910 66.6596
159920 66.6918
159930 66.7103
159940 66.7161
159950 66.7314
159960 66.7464
159970 66.7425
159980 66.732
159990 66.7339
160000 66.738
160010 66.743
160020 66.7677
160030 66.8215
160040 66.8958
160050 66.983
160060 67.0817
160070 67.1856
160080 67.2806
160090 67.3495
160100 67.3739
160110 67.3543
160120 67.3272
160130 67.3241
160140 67.3466
160150 67.3942
160160 67.4581
160170 67.523
160180 67.5668
160190 67.5781
160200 67.5583
160210 67.5139
160220 67.4521
160230 67.3895
160240 67.3452
160250 67.3256
160260 67.3085
160270 67.2756
160280 67.2169
160290 67.1234
160300 67.0138
160310 66.9172
160320 66.8451
160330 66.7941
160340 66.7711
160350 66.7851
160360 66.8116
160370 66.8315
160380 66.8313
160390 66.8082
160400 66.7701
160410 66.7071
160420 66.6232
160430 66.5303
160440 66.4416
160450 66.3657
160460 66.3138
160470 66.295
160480 66.3096
160490 66.3507
160500 66.4018
160510 66.4443
160520 66.4598
160530 66.4427
160540 66.4254
160550 66.4269
160560 66.4182
160570 66.3895
160580 66.3674
160590 66.3681
160600 66.3582
160610 66.3324
160620 66.3187
160630 66.3238
160640 66.3314
160650 66.354
160660 66.4076
160670 66.4694
160680 66.509
160690 66.5205
160700 66.5216
160710 66.5244
160720 66.5138
160730 66.4799
160740 66.4516
160750 66.4391
160760 66.4231
160770 66.4215
160780 66.4359
160790 66.4342
160800 66.4119
160810 66.3823
160820 66.34
160830 66.2842
160840 66.2409
160850 66.2217
160860 66.2022
160870 66.168
160880 66.1497
160890 66.1775
160900 66.2351
160910 66.2839
160920 66.2889
160930 66.2459
160940 66.1874
160950 66.1408
160960 66.1155
160970 66.1126
160980 66.1109
160990 66.1187
161000 66.1426
161010 66.1528
161020 66.1318
161030 66.1052
161040 66.0897
161050 66.0654
161060 66.0166
161070 65.9707
161080 65.9289
161090 65.8639
161100 65.7737
161110 65.6993
161120 65.6487
161130 65.5991
161140 65.555
161150 65.5247
161160 65.506
161170 65.5167
161180 65.5585
161190 65.6024
161200 65.6317
161210 65.6576
161220 65.6877
161230 65.7264
161240 65.776
161250 65.7984
161260 65.7764
161270 65.7371
161280 65.7012
161290 65.6749
161300 65.6593
161310 65.6745
161320 65.7253
161330 65.781
161340 65.7987
161350 65.7776
161360 65.7445
161370 65.7068
161380 65.671
161390 65.6391
161400 65.6073
161410 65.5853
161420 65.5746
161430 65.556
161440 65.5238
161450 65.5008
161460 65.5166
161470 65.5757
161480 65.6484
161490 65.7041
161500 65.7523
161510 65.8074
161520 65.8541
161530 65.8767
161540 65.8875
161550 65.8925
161560 65.8673
161570 65.8301
161580 65.8161
161590 65.8079
161600 65.7744
161610 65.7423
161620 65.7548
161630 65.8118
161640 65.8581
161650 65.8738
161660 65.8723
161670 65.8646
161680 65.8561
161690 65.8624
161700 65.8702
161710 65.8541
161720 65.8134
161730 65.7474
161740 65.6607
161750 65.579
161760 65.5174
161770 65.4659
161780 65.4322
161790 65.4263
161800 65.4537
161810 65.5001
161820 65.5216
161830 65.4943
161840 65.4527
161850 65.4344
161860 65.4344
161870 65.4322
161880 65.4104
161890 65.3725
161900 65.3429
161910 65.3221
161920 65.2966
161930 65.2714
161940 65.2604
161950 65.2579
161960 65.2475
161970 65.2153
161980 65.1657
161990 65.1115
162000 65.0578
162010 64.9972
162020 64.9298
162030 64.8664
162040 64.8241
162050 64.7958
162060 64.7754
162070 64.7644
162080 64.7504
162090 64.7429
162100 64.7601
162110 64.7952
162120 64.8275
162130 64.8386
162140 64.8427
162150 64.8377
162160 64.8096
162170 64.7864
162180 64.7972
162190 64.8394
162200 64.887
162210 64.9281
162220 64.9661
162230 65.0026
162240 65.0391
162250 65.066
162260 65.0679
162270 65.0458
162280 65.0183
162290 65.0107
162300 65.0354
162310 65.0839
162320 65.1493
162330 65.2088
162340 65.2474
162350 65.2604
162360 65.2461
162370 65.2126
162380 65.1801
162390 65.1585
162400 65.1439
162410 65.1282
162420 65.1109
162430 65.0998
162440 65.1015
162450 65.1071
162460 65.1075
162470 65.0975
162480 65.0743
162490 65.0486
162500 65.0303
162510 65.0249
162520 65.033
162530 65.042
162540 65.0427
162550 65.0362
162560 65.0359
162570 65.04
162580 65.0461
162590 65.0515
162600 65.0565
162610 65.0523
162620 65.0389
162630 65.0052
162640 64.9445
162650 64.8742
162660 64.8331
162670 64.8423
162680 64.8785
162690 64.9132
162700 64.9456
162710 64.9947
162720 65.0483
162730 65.0747
162740 65.06
162750 65.0312
162760 65.0242
162770 65.0433
162780 65.0673
162790 65.0997
162800 65.149
162810 65.1986
162820 65.2354
162830 65.2708
162840 65.3021
162850 65.3203
162860 65.3278
162870 65.3193
162880 65.2829
162890 65.2293
162900 65.1838
162910 65.1555
162920 65.1392
162930 65.1337
162940 65.1411
162950 65.1534
162960 65.1614
162970 65.1491
162980 65.1114
162990 65.0794
163000 65.079
163010 65.1081
163020 65.1547
163030 65.2053
163040 65.256
163050 65.3061
163060 65.3281
163070 65.3012
163080 65.2423
163090 65.1841
163100 65.1477
163110 65.1385
163120 65.1434
163130 65.1559
163140 65.1774
163150 65.1928
163160 65.1614
163170 65.0869
163180 65.0304
163190 65.0167
163200 65.0208
163210 65.0331
163220 65.0568
163230 65.1002
163240 65.1485
163250 65.1947
163260 65.2286
163270 65.2286
163280 65.202
163290 65.213
163300 65.2904
163310 65.3751
163320 65.4258
163330 65.4568
163340 65.4798
163350 65.4839
163360 65.4711
163370 65.4481
163380 65.4292
163390 65.4225
163400 65.4221
163410 65.3951
163420 65.3345
163430 65.272
163440 65.2297
163450 65.186
163460 65.1316
163470 65.0829
163480 65.0588
163490 65.0583
163500 65.0601
163510 65.0559
163520 65.05
163530 65.068
163540 65.109
163550 65.1648
163560 65.2294
163570 65.2884
163580 65.3349
163590 65.3726
163600 65.408
163610 65.4464
163620 65.4968
163630 65.5528
163640 65.6025
163650 65.6362
163660 65.6489
163670 65.6407
163680 65.6156
163690 65.5761
163700 65.5422
163710 65.524
163720 65.5054
163730 65.4842
163740 65.4921
163750 65.537
163760 65.5991
163770 65.6606
163780 65.7031
163790 65.7153
163800 65.711
163810 65.6938
163820 65.656
163830 65.6053
163840 65.561
163850 65.5232
163860 65.4806
163870 65.4469
163880 65.436
163890 65.4425
163900 65.4623
163910 65.4892
163920 65.521
163930 65.5578
163940 65.603
163950 65.6535
163960 65.7123
163970 65.7716
163980 65.7894
163990 65.7339
164000 65.6458
164010 65.5795
164020 65.5354
164030 65.4988
164040 65.4901
164050 65.5281
164060 65.6005
164070 65.6885
164080 65.7843
164090 65.878
164100 65.9464
164110 65.9735
164120 65.9632
164130 65.9382
164140 65.9307
164150 65.9553
164160 65.9924
164170 66.0315
164180 66.0821
164190 66.1411
164200 66.1775
164210 66.1764
164220 66.1505
164230 66.1086
164240 66.0566
164250 66.0133
164260 65.9973
164270 65.9965
164280 65.9992
164290 65.993
164300 65.9715
164310 65.926
164320 65.8574
164330 65.7919
164340 65.7543
164350 65.7444
164360 65.7259
164370 65.6826
164380 65.6454
164390 65.6223
164400 65.6054
164410 65.6028
164420 65.637
164430 65.6938
164440 65.7479
164450 65.8028
164460 65.8685
164470 65.9167
164480 65.9281
164490 65.9086
164500 65.8711
164510 65.8413
164520 65.8412
164530 65.8668
164540 65.8971
164550 65.9262
164560 65.9691
164570 66.0326
164580 66.0918
164590 66.1527
164600 66.2353
164610 66.3314
164620 66.4052
164630 66.4552
164640 66.4949
164650 66.5144
164660 66.4913
164670 66.4298
164680 66.3552
164690 66.2849
164700 66.2379
164710 66.2315
164720 66.2666
164730 66.3143
164740 66.3426
164750 66.3442
164760 66.3184
164770 66.2746
164780 66.2304
164790 66.2045
164800 66.1938
164810 66.1785
164820 66.1664
164830 66.1654
164840 66.1744
164850 66.1815
164860 66.1756
164870 66.1562
164880 66.1312
164890 66.0923
164900 66.0287
164910 65.9501
164920 65.8798
164930 65.8154
164940 65.7565
164950 65.7081
164960 65.6806
164970 65.6946
164980 65.7525
164990 65.8422
165000 65.9571
165010 66.0703
165020 66.1398
165030 66.1602
165040 66.1557
165050 66.1468
165060 66.1431
165070 66.1398
165080 66.109
165090 66.0575
165100 66.0178
165110 66.0015
165120 66.0044
165130 66.0244
165140 66.041
165150 66.0301
165160 65.9943
165170 65.9615
165180 65.9483
165190 65.9363
165200 65.9235
165210 65.9257
165220 65.9301
165230 65.9262
165240 65.9108
165250 65.8887
165260 65.8727
165270 65.8795
165280 65.891
165290 65.8841
165300 65.8687
165310 65.8537
165320 65.8418
165330 65.8478
165340 65.8731
165350 65.8971
165360 65.9102
165370 65.9424
165380 66.0045
165390 66.0765
165400 66.1526
165410 66.2203
165420 66.2605
165430 66.2877
165440 66.3335
165450 66.4048
165460 66.4882
165470 66.5776
165480 66.6623
165490 66.7284
165500 66.7788
165510 66.8269
165520 66.8783
165530 66.9212
165540 66.9394
165550 66.9349
165560 66.931
165570 66.9503
165580 66.9839
165590 67.0078
165600 67.027
165610 67.0652
165620 67.1141
165630 67.1433
165640 67.1455
165650 67.128
165660 67.0938
165670 67.0494
165680 66.9994
165690 66.9406
165700 66.8919
165710 66.8741
165720 66.8747
165730 66.8616
165740 66.8249
165750 66.7911
165760 66.7632
165770 66.7219
165780 66.6826
165790 66.6962
165800 66.7626
165810 66.84
165820 66.9112
165830 66.9663
165840 66.9774
165850 66.9388
165860 66.874
165870 66.8047
165880 66.7612
165890 66.7582
165900 66.7857
165910 66.8219
165920 66.8529
165930 66.8749
165940 66.8925
165950 66.9041
165960 66.9269
165970 66.9773
165980 67.0393
165990 67.1027
166000 67.1702
166010 67.236
166020 67.27
166030 67.2648
166040 67.2528
166050 67.2486
166060 67.2406
166070 67.2335
166080 67.2382
166090 67.2453
166100 67.2571
166110 67.2801
166120 67.2954
166130 67.3024
166140 67.3105
166150 67.3195
166160 67.3345
166170 67.3617
166180 67.3792
166190 67.3759
166200 67.3695
166210 67.3763
166220 67.3804
166230 67.3599
166240 67.3375
166250 67.3262
166260 67.3175
166270 67.3158
166280 67.3249
166290 67.3193
166300 67.2867
166310 67.237
166320 67.1878
166330 67.1458
166340 67.1066
166350 67.0636
166360 67.0205
166370 66.9992
166380 66.9992
166390 67.0201
166400 67.0618
166410 67.0871
166420 67.0785
166430 67.061
166440 67.0424
166450 67.0097
166460 66.9789
166470 66.979
166480 67.006
166490 67.0492
166500 67.1074
166510 67.1675
166520 67.2005
166530 67.2022
166540 67.196
166550 67.2042
166560 67.2341
166570 67.2851
166580 67.3631
166590 67.4658
166600 67.5647
166610 67.6406
166620 67.7133
166630 67.8022
166640 67.895
166650 67.9643
166660 68.0159
166670 68.0768
166680 68.1422
166690 68.1982
166700 68.2542
166710 68.3147
166720 68.3733
166730 68.4284
166740 68.4677
166750 68.4838
166760 68.473
166770 68.4296
166780 68.3675
166790 68.3206
166800 68.3103
166810 68.3488
166820 68.433
166830 68.5209
166840 68.5765
166850 68.6111
166860 68.6453
166870 68.6868
166880 68.7365
166890 68.7918
166900 68.8448
166910 68.889
166920 68.932
166930 68.9574
166940 68.9541
166950 68.9296
166960 68.9039
166970 68.8813
166980 68.8594
166990 68.8432
167000 68.8436
167010 68.8538
167020 68.862
167030 68.8702
167040 68.8899
167050 68.9212
167060 68.9609
167070 68.9982
167080 69.0217
167090 69.0403
167100 69.0677
167110 69.1036
167120 69.1326
167130 69.1384
167140 69.1306
167150 69.1064
167160 69.0612
167170 69.0204
167180 69.0204
167190 69.0672
167200 69.1341
167210 69.2011
167220 69.2586
167230 69.2949
167240 69.3177
167250 69.3342
167260 69.3453
167270 69.3513
167280 69.3475
167290 69.3207
167300 69.2747
167310 69.242
167320 69.2485
167330 69.2953
167340 69.375
167350 69.4725
167360 69.5722
167370 69.6672
167380 69.7467
167390 69.7981
167400 69.8179
167410 69.8203
167420 69.821
167430 69.821
167440 69.8283
167450 69.8411
167460 69.8373
167470 69.8096
167480 69.7682
167490 69.7251
167500 69.6747
167510 69.6248
167520 69.5847
167530 69.5675
167540 69.5841
167550 69.6238
167560 69.6757
167570 69.7347
167580 69.796
167590 69.8433
167600 69.8599
167610 69.8533
167620 69.8356
167630 69.8253
167640 69.823
167650 69.8164
167660 69.7962
167670 69.7804
167680 69.7919
167690 69.8134
167700 69.809
167710 69.7876
167720 69.7661
167730 69.7315
167740 69.6895
167750 69.6745
167760 69.6987
167770 69.7427
167780 69.792
167790 69.8339
167800 69.8666
167810 69.8924
167820 69.9049
167830 69.8924
167840 69.8637
167850 69.8379
167860 69.8292
167870 69.8302
167880 69.8195
167890 69.7809
167900 69.7262
167910 69.6668
167920 69.6015
167930 69.5451
167940 69.5083
167950 69.481
167960 69.4514
167970 69.4255
167980 69.4011
167990 69.3664
168000 69.3408
168010 69.3391
168020 69.3554
168030 69.3753
168040 69.4038
168050 69.4437
168060 69.4793
168070 69.5152
168080 69.5666
168090 69.6276
168100 69.6699
168110 69.6964
168120 69.7306
168130 69.7982
168140 69.9116
168150 70.0473
168160 70.1642
168170 70.2487
168180 70.3142
168190 70.3573
168200 70.3799
168210 70.4074
168220 70.4473
168230 70.4702
168240 70.4562
168250 70.4224
168260 70.3939
168270 70.3745
168280 70.3721
168290 70.3905
168300 70.4106
168310 70.4125
168320 70.4069
168330 70.4159
168340 70.4303
168350 70.4219
168360 70.4055
168370 70.4158
168380 70.4575
168390 70.5028
168400 70.5356
168410 70.5577
168420 70.5611
168430 70.5352
168440 70.4769
168450 70.4019
168460 70.3376
168470 70.2923
168480 70.2493
168490 70.1996
168500 70.157
168510 70.1351
168520 70.1314
168530 70.1384
168540 70.1496
168550 70.1616
168560 70.1769
168570 70.1839
168580 70.1721
168590 70.144
168600 70.0991
168610 70.0277
168620 69.9504
168630 69.9025
168640 69.8929
168650 69.9148
168660 69.961
168670 70.0074
168680 70.0446
168690 70.0772
168700 70.0962
168710 70.0923
168720 70.0737
168730 70.0478
168740 70.0188
168750 69.9886
168760 69.9483
168770 69.8914
168780 69.8334
168790 69.7993
168800 69.8044
168810 69.8379
168820 69.8734
168830 69.8827
168840 69.8712
168850 69.8709
168860 69.9031
168870 69.9571
168880 70.0158
168890 70.0866
168900 70.1794
168910 70.2913
168920 70.4094
168930 70.5086
168940 70.5766
168950 70.631
168960 70.6947
168970 70.7567
168980 70.8034
168990 70.8447
169000 70.8917
169010 70.9353
169020 70.9666
169030 71.0047
169040 71.0653
169050 71.1334
169060 71.1839
169070 71.2165
169080 71.2426
169090 71.2483
169100 71.227
169110 71.2103
169120 71.2126
169130 71.2163
169140 71.2198
169150 71.2425
169160 71.2911
169170 71.3555
169180 71.4188
169190 71.4639
169200 71.4891
169210 71.4995
169220 71.4872
169230 71.4616
169240 71.4259
169250 71.387
169260 71.3585
169270 71.3392
169280 71.3153
169290 71.2632
169300 71.179
169310 71.0873
169320 71.0199
169330 70.9884
169340 70.9858
169350 70.9973
169360 71.0114
169370 71.0036
169380 70.9596
169390 70.8997
169400 70.8391
169410 70.7884
169420 70.7541
169430 70.7304
169440 70.71
169450 70.6901
169460 70.6729
169470 70.6632
169480 70.6651
169490 70.6692
169500 70.6607
169510 70.634
169520 70.5824
169530 70.5107
169540 70.4636
169550 70.4899
169560 70.5866
169570 70.7173
169580 70.8471
169590 70.9556
169600 71.0277
169610 71.0586
169620 71.0638
169630 71.0725
169640 71.0929
169650 71.1337
169660 71.1904
169670 71.2393
169680 71.285
169690 71.3303
169700 71.3599
169710 71.3703
169720 71.382
169730 71.4049
169740 71.4128
169750 71.3841
169760 71.3335
169770 71.2739
169780 71.2033
169790 71.1479
169800 71.1415
169810 71.1626
169820 71.1871
169830 71.2271
169840 71.2933
169850 71.3516
169860 71.3723
169870 71.3566
169880 71.3066
169890 71.2277
169900 71.1419
169910 71.0691
169920 71.0101
169930 70.9549
169940 70.9196
169950 70.919
169960 70.9315
169970 70.9393
169980 70.9493
169990 70.9694
170000 71.0007
170010 71.0196
170020 71.0108
170030 71.0026
170040 71.0183
170050 71.0458
170060 71.0851
170070 71.1516
170080 71.2236
170090 71.2711
170100 71.3032
170110 71.3493
170120 71.4171
170130 71.5054
170140 71.6136
170150 71.7197
170160 71.8063
170170 71.8717
170180 71.9166
170190 71.9377
170200 71.9481
170210 71.9634
170220 71.9841
170230 71.986
170240 71.9595
170250 71.9463
170260 71.9709
170270 71.9959
170280 71.985
170290 71.9256
170300 71.8383
170310 71.7542
170320 71.6886
170330 71.6378
170340 71.602
170350 71.5941
170360 71.6147
170370 71.6507
170380 71.6963
170390 71.7415
170400 71.7715
170410 71.7874
170420 71.8063
170430 71.8447
170440 71.9
170450 71.9538
170460 71.9953
170470 72.0079
170480 71.9897
170490 71.9526
170500 71.918
170510 71.8982
170520 71.8988
170530 71.9222
170540 71.9665
170550 72.0266
170560 72.0904
170570 72.1301
170580 72.1224
170590 72.0717
170600 72.0038
170610 71.9529
170620 71.9278
170630 71.9301
170640 71.9681
170650 72.0215
170660 72.0611
170670 72.101
170680 72.1589
170690 72.2106
170700 72.2218
170710 72.1895
170720 72.146
170730 72.1167
170740 72.1206
170750 72.1359
170760 72.137
170770 72.1171
170780 72.0756
170790 72.0092
170800 71.9348
170810 71.8675
170820 71.8153
170830 71.7971
170840 71.8248
170850 71.87
170860 71.9022
170870 71.9197
170880 71.9057
170890 71.8489
170900 71.7657
170910 71.6763
170920 71.5909
170930 71.5314
170940 71.5102
170950 71.5069
170960 71.4888
170970 71.4451
170980 71.4063
170990 71.3859
171000 71.3765
171010 71.3681
171020 71.3781
171030 71.4108
171040 71.4486
171050 71.4671
171060 71.4629
171070 71.4538
171080 71.4692
171090 71.5133
171100 71.5821
171110 71.6815
171120 71.7847
171130 71.8519
171140 71.8908
171150 71.9296
171160 71.9727
171170 72.011
171180 72.0509
171190 72.1018
171200 72.1678
171210 72.2554
171220 72.3548
171230 72.4344
171240 72.4759
171250 72.4952
171260 72.4916
171270 72.4618
171280 72.4317
171290 72.4215
171300 72.4203
171310 72.4317
171320 72.4663
171330 72.5179
171340 72.5641
171350 72.5699
171360 72.5183
171370 72.4241
171380 72.3134
171390 72.2139
171400 72.1244
171410 72.0412
171420 71.9855
171430 71.9687
171440 71.9626
171450 71.9328
171460 71.8737
171470 71.8272
171480 71.8233
171490 71.8405
171500 71.8564
171510 71.8764
171520 71.8788
171530 71.8456
171540 71.803
171550 71.7685
171560 71.7466
171570 71.7579
171580 71.8017
171590 71.8626
171600 71.9241
171610 71.9669
171620 71.9893
171630 71.9985
171640 71.9982
171650 71.9839
171660 71.9618
171670 71.9454
171680 71.9498
171690 71.9761
171700 72.0079
171710 72.0096
171720 71.953
171730 71.8519
171740 71.7424
171750 71.659
171760 71.6211
171770 71.6372
171780 71.7001
171790 71.8057
171800 71.9366
171810 72.0574
171820 72.1576
171830 72.2336
171840 72.2858
171850 72.3206
171860 72.3361
171870 72.3445
171880 72.364
171890 72.4001
171900 72.4558
171910 72.5182
171920 72.5522
171930 72.5565
171940 72.5774
171950 72.6273
171960 72.6687
171970 72.6725
171980 72.6493
171990 72.6139
172000 72.5738
172010 72.5569
172020 72.5803
172030 72.6303
172040 72.6806
172050 72.7105
172060 72.7257
172070 72.7368
172080 72.7518
172090 72.7585
172100 72.7285
172110 72.6658
172120 72.6043
172130 72.562
172140 72.5339
172150 72.5084
172160 72.4954
172170 72.4977
172180 72.4997
172190 72.4888
172200 72.4835
172210 72.5013
172220 72.5265
172230 72.5395
172240 72.5412
172250 72.5421
172260 72.5643
172270 72.6217
172280 72.6911
172290 72.7176
172300 72.6777
172310 72.6031
172320 72.538
172330 72.4953
172340 72.4723
172350 72.4607
172360 72.4785
172370 72.5384
172380 72.627
172390 72.7074
172400 72.753
172410 72.7667
172420 72.7511
172430 72.7024
172440 72.6324
172450 72.5666
172460 72.5241
172470 72.5103
172480 72.5307
172490 72.5813
172500 72.6447
172510 72.7188
172520 72.8064
172530 72.9059
172540 72.9892
172550 73.0279
172560 73.0289
172570 73.0212
172580 73.0129
172590 73.0103
172600 73.0187
172610 73.0147
172620 72.9953
172630 72.968
172640 72.9295
172650 72.868
172660 72.8002
172670 72.757
172680 72.7228
172690 72.6921
172700 72.7002
172710 72.7539
172720 72.805
172730 72.8322
172740 72.8491
172750 72.8441
172760 72.7873
172770 72.6714
172780 72.5401
172790 72.4505
172800 72.4222
172810 72.4383
172820 72.467
172830 72.501
172840 72.5493
172850 72.6033
172860 72.6541
172870 72.7
172880 72.7496
172890 72.7976
172900 72.8225
172910 72.831
172920 72.8392
172930 72.86
172940 72.9112
172950 72.9834
172960 73.0559
172970 73.1126
172980 73.1598
172990 73.1918
173000 73.1954
173010 73.1664
173020 73.1175
173030 73.0576
173040 73.0069
173050 72.9854
173060 72.9926
173070 72.992
173080 72.9622
173090 72.9022
173100 72.8289
173110 72.7591
173120 72.7085
173130 72.6831
173140 72.6769
173150 72.6988
173160 72.7523
173170 72.8095
173180 72.8654
173190 72.9307
173200 72.9922
173210 73.0207
173220 73.0078
173230 72.9543
173240 72.8639
173250 72.7476
173260 72.6258
173270 72.5195
173280 72.4478
173290 72.4191
173300 72.4147
173310 72.4014
173320 72.3716
173330 72.3442
173340 72.3196
173350 72.2689
173360 72.2099
173370 72.1854
173380 72.1781
173390 72.1523
173400 72.1109
173410 72.0688
173420 72.0391
173430 72.025
173440 72.0243
173450 72.0269
173460 72.0214
173470 72.0233
173480 72.0571
173490 72.1052
173500 72.1402
173510 72.1597
173520 72.1795
173530 72.2116
173540 72.2695
173550 72.3442
173560 72.407
173570 72.4496
173580 72.4876
173590 72.522
173600 72.531
173610 72.5149
173620 72.4926
173630 72.4714
173640 72.4607
173650 72.4896
173660 72.5616
173670 72.6341
173680 72.6806
173690 72.7286
173700 72.7776
173710 72.7996
173720 72.7821
173730 72.7589
173740 72.7679
173750 72.8039
173760 72.8448
173770 72.8826
173780 72.9131
173790 72.9307
173800 72.9482
173810 72.9721
173820 72.9747
173830 72.9326
173840 72.863
173850 72.8033
173860 72.7752
173870 72.7714
173880 72.7813
173890 72.8078
173900 72.8366
173910 72.852
173920 72.8629
173930 72.8758
173940 72.8898
173950 72.9252
173960 73.0133
173970 73.1542
173980 73.3153
173990 73.485
174000 73.6463
174010 73.7562
174020 73.7949
174030 73.7923
174040 73.7745
174050 73.7441
174060 73.7023
174070 73.6722
174080 73.6632
174090 73.6431
174100 73.6086
174110 73.5724
174120 73.5462
174130 73.5281
174140 73.5167
174150 73.5047
174160 73.4852
174170 73.4648
174180 73.4352
174190 73.3666
174200 73.2628
174210 73.1522
174220 73.0476
174230 72.9566
174240 72.9159
174250 72.9488
174260 73.0295
174270 73.1298
174280 73.2486
174290 73.3812
174300 73.5018
174310 73.5882
174320 73.6406
174330 73.6538
174340 73.632
174350 73.5972
174360 73.5669
174370 73.5518
174380 73.5605
174390 73.5794
174400 73.584
174410 73.5856
174420 73.6083
174430 73.6468
174440 73.6789
174450 73.7045
174460 73.7457
174470 73.8027
174480 73.8447
174490 73.8503
174500 73.8193
174510 73.7846
174520 73.7698
174530 73.7815
174540 73.8051
174550 73.812
174560 73.7817
174570 73.7281
174580 73.6796
174590 73.6597
174600 73.665
174610 73.6767
174620 73.6917
174630 73.705
174640 73.7163
174650 73.7407
174660 73.7873
174670 73.8478
174680 73.908
174690 73.9689
174700 74.0299
174710 74.0704
174720 74.0756
174730 74.0413
174740 73.9825
174750 73.9162
174760 73.8576
174770 73.8121
174780 73.7764
174790 73.755
174800 73.749
174810 73.7481
174820 73.7269
174830 73.6705
174840 73.5884
174850 73.4919
174860 73.3817
174870 73.2807
174880 73.1998
174890 73.1353
174900 73.0931
174910 73.0822
174920 73.1006
174930 73.1391
174940 73.169
174950 73.1813
174960 73.1908
174970 73.2131
174980 73.2208
174990 73.2188
175000 73.2411
175010 73.3038
175020 73.3831
175030 73.438
175040 73.4615
175050 73.4653
175060 73.4682
175070 73.4955
175080 73.5475
175090 73.5999
175100 73.644
175110 73.7082
175120 73.7937
175130 73.8769
175140 73.9321
175150 73.9559
175160 73.9649
175170 73.9777
175180 73.9991
175190 74.0245
175200 74.0492
175210 74.0701
175220 74.0879
175230 74.1172
175240 74.1631
175250 74.2052
175260 74.2342
175270 74.263
175280 74.267
175290 74.2221
175300 74.15
175310 74.0669
175320 73.9848
175330 73.9214
175340 73.8875
175350 73.8779
175360 73.8823
175370 73.8965
175380 73.9321
175390 73.9858
175400 74.0367
175410 74.077
175420 74.1068
175430 74.1085
175440 74.0728
175450 74.0156
175460 73.953
175470 73.9026
175480 73.8858
175490 73.903
175500 73.9313
175510 73.9617
175520 73.9889
175530 74.0058
175540 74.0104
175550 74.0035
175560 73.976
175570 73.9244
175580 73.8566
175590 73.7913
175600 73.7485
175610 73.7418
175620 73.7664
175630 73.8016
175640 73.8267
175650 73.8289
175660 73.8029
175670 73.742
175680 73.6626
175690 73.6269
175700 73.6496
175710 73.6944
175720 73.7326
175730 73.7672
175740 73.7866
175750 73.7573
175760 73.6874
175770 73.6121
175780 73.5647
175790 73.5506
175800 73.5438
175810 73.5202
175820 73.4832
175830 73.453
175840 73.4455
175850 73.4672
175860 73.5077
175870 73.5437
175880 73.5631
175890 73.5848
175900 73.6265
175910 73.6724
175920 73.7073
175930 73.7513
175940 73.822
175950 73.896
175960 73.9508
175970 73.9898
175980 74.0301
175990 74.0773
176000 74.1402
176010 74.2071
176020 74.2641
176030 74.3019
176040 74.3047
176050 74.2557
176060 74.1648
176070 74.0637
176080 73.9633
176090 73.868
176100 73.7945
176110 73.7415
176120 73.6737
176130 73.5804
176140 73.4975
176150 73.4609
176160 73.4638
176170 73.4858
176180 73.5186
176190 73.5552
176200 73.5874
176210 73.6025
176220 73.6045
176230 73.6086
176240 73.6359
176250 73.6891
176260 73.7504
176270 73.8003
176280 73.8505
176290 73.926
176300 74.0145
176310 74.0808
176320 74.1048
176330 74.0845
176340 74.0468
176350 74.012
176360 73.9855
176370 73.9844
176380 74.0196
176390 74.0885
176400 74.1784
176410 74.2737
176420 74.3521
176430 74.3961
176440 74.421
176450 74.4579
176460 74.5117
176470 74.5776
176480 74.6557
176490 74.7253
176500 74.7785
176510 74.8078
176520 74.8228
176530 74.8359
176540 74.8393
176550 74.8255
176560 74.8239
176570 74.8545
176580 74.9107
176590 74.9801
176600 75.0461
176610 75.106
176620 75.1465
176630 75.1504
176640 75.1072
176650 75.0203
176660 74.9177
176670 74.8071
176680 74.6993
176690 74.6344
176700 74.6286
176710 74.6593
176720 74.6958
176730 74.7178
176740 74.7225
176750 74.7024
176760 74.6618
176770 74.6281
176780 74.6115
176790 74.6088
176800 74.6318
176810 74.6787
176820 74.7335
176830 74.7907
176840 74.8596
176850 74.9384
176860 75.0118
176870 75.0751
176880 75.1301
176890 75.179
176900 75.2192
176910 75.2588
176920 75.3051
176930 75.3563
176940 75.409
176950 75.4536
176960 75.4854
176970 75.5032
176980 75.5059
176990 75.5054
177000 75.5042
177010 75.5051
177020 75.5083
177030 75.4993
177040 75.4609
177050 75.4031
177060 75.356
177070 75.352
177080 75.3888
177090 75.434
177100 75.4654
177110 75.4896
177120 75.5019
177130 75.4983
177140 75.4978
177150 75.5274
177160 75.5897
177170 75.6607
177180 75.7287
177190 75.7969
177200 75.8434
177210 75.8523
177220 75.8558
177230 75.895
177240 75.9515
177250 75.9897
177260 76.0141
177270 76.0095
177280 75.9424
177290 75.8144
177300 75.6594
177310 75.5352
177320 75.4641
177330 75.4356
177340 75.4488
177350 75.5038
177360 75.577
177370 75.6526
177380 75.71
177390 75.7215
177400 75.675
177410 75.6155
177420 75.5952
177430 75.6279
177440 75.699
177450 75.7807
177460 75.8443
177470 75.8587
177480 75.8162
177490 75.7454
177500 75.6842
177510 75.6327
177520 75.5863
177530 75.5449
177540 75.5235
177550 75.5312
177560 75.557
177570 75.574
177580 75.5667
177590 75.548
177600 75.5511
177610 75.5746
177620 75.6075
177630 75.6511
177640 75.7087
177650 75.7593
177660 75.782
177670 75.7955
177680 75.84
177690 75.9153
177700 76.0012
177710 76.0939
177720 76.195
177730 76.2864
177740 76.3605
177750 76.4073
177760 76.3955
177770 76.3334
177780 76.2716
177790 76.2464
177800 76.2501
177810 76.2494
177820 76.2291
177830 76.1889
177840 76.1369
177850 76.0695
177860 75.9931
177870 75.9232
177880 75.8666
177890 75.816
177900 75.7621
177910 75.6951
177920 75.6102
177930 75.5202
177940 75.4531
177950 75.4237
177960 75.4273
177970 75.4495
177980 75.472
177990 75.493
178000 75.5193
178010 75.5333
178020 75.5398
178030 75.5664
178040 75.6147
178050 75.6672
178060 75.7203
178070 75.7701
178080 75.8097
178090 75.8275
178100 75.8125
178110 75.7624
178120 75.7019
178130 75.6448
178140 75.5789
178150 75.4969
178160 75.4294
178170 75.3836
178180 75.3491
178190 75.3317
178200 75.3194
178210 75.2863
178220 75.2426
178230 75.2348
178240 75.2483
178250 75.2285
178260 75.1803
178270 75.1591
178280 75.1721
178290 75.1876
178300 75.2055
178310 75.2218
178320 75.2164
178330 75.1959
178340 75.1874
178350 75.1826
178360 75.1724
178370 75.1838
178380 75.2478
178390 75.3553
178400 75.4672
178410 75.5449
178420 75.5712
178430 75.5682
178440 75.5545
178450 75.5229
178460 75.4658
178470 75.415
178480 75.3918
178490 75.3878
178500 75.383
178510 75.367
178520 75.3352
178530 75.2666
178540 75.1779
178550 75.0957
178560 75.0314
178570 75.0148
178580 75.0728
178590 75.1764
178600 75.2734
178610 75.3483
178620 75.4102
178630 75.4439
178640 75.4295
178650 75.3833
178660 75.3282
178670 75.2778
178680 75.2452
178690 75.233
178700 75.2458
178710 75.2706
178720 75.2887
178730 75.2846
178740 75.2616
178750 75.2372
178760 75.224
178770 75.2209
178780 75.215
178790 75.203
178800 75.2022
178810 75.2084
178820 75.2061
178830 75.1931
178840 75.1897
178850 75.2159
178860 75.2724
178870 75.3377
178880 75.4035
178890 75.4534
178900 75.4734
178910 75.457
178920 75.4134
178930 75.3646
178940 75.3391
178950 75.3315
178960 75.3274
178970 75.3257
178980 75.3392
178990 75.3665
179000 75.396
179010 75.443
179020 75.5033
179030 75.5438
179040 75.5579
179050 75.589
179060 75.6589
179070 75.7359
179080 75.7987
179090 75.8595
179100 75.9143
179110 75.9292
179120 75.9074
179130 75.886
179140 75.8893
179150 75.9031
179160 75.9226
179170 75.9575
179180 76.0125
179190 76.0653
179200 76.1023
179210 76.1204
179220 76.1285
179230 76.1301
179240 76.1329
179250 76.1575
179260 76.197
179270 76.2395
179280 76.2857
179290 76.3261
179300 76.3597
179310 76.3961
179320 76.4138
179330 76.3679
179340 76.2742
179350 76.1858
179360 76.1309
179370 76.1044
179380 76.1022
179390 76.1288
179400 76.1763
179410 76.2253
179420 76.2452
179430 76.229
179440 76.1933
179450 76.1314
179460 76.0673
179470 76.0361
179480 76.0221
179490 75.9993
179500 75.9921
179510 76.0187
179520 76.0488
179530 76.0629
179540 76.0841
179550 76.1309
179560 76.1738
179570 76.1849
179580 76.1533
179590 76.074
179600 75.9746
179610 75.895
179620 75.8483
179630 75.8494
179640 75.9083
179650 76.0001
179660 76.1083
179670 76.2155
179680 76.2859
179690 76.3095
179700 76.2952
179710 76.2497
179720 76.1917
179730 76.1575
179740 76.1648
179750 76.1992
179760 76.2433
179770 76.2963
179780 76.3441
179790 76.3556
179800 76.33
179810 76.2802
179820 76.2165
179830 76.1632
179840 76.1465
179850 76.1506
179860 76.1492
179870 76.1544
179880 76.1682
179890 76.1787
179900 76.1943
179910 76.2234
179920 76.2728
179930 76.3319
179940 76.3665
179950 76.3695
179960 76.3272
179970 76.2502
179980 76.175
179990 76.1135
180000 76.0543
180010 75.9969
180020 75.9562
180030 75.9276
180040 75.9126
180050 75.9183
180060 75.9273
180070 75.9224
180080 75.9348
180090 75.9955
180100 76.104
180110 76.2287
180120 76.3465
180130 76.4475
180140 76.5397
180150 76.6142
180160 76.6642
180170 76.6861
180180 76.6727
180190 76.6326
180200 76.5802
180210 76.5268
180220 76.4886
180230 76.4703
180240 76.484
180250 76.5366
180260 76.6127
180270 76.6927
180280 76.7743
180290 76.8481
180300 76.9116
180310 76.9741
180320 77.0365
180330 77.0845
180340 77.1051
180350 77.1291
180360 77.1691
180370 77.217
180380 77.2545
180390 77.2682
180400 77.2721
180410 77.2894
180420 77.3245
180430 77.3656
180440 77.3987
180450 77.4172
180460 77.4217
180470 77.4294
180480 77.4541
180490 77.4813
180500 77.507
180510 77.5442
180520 77.5834
180530 77.5943
180540 77.5908
180550 77.6025
180560 77.6134
180570 77.6002
180580 77.5664
180590 77.5449
180600 77.5498
180610 77.562
180620 77.5649
180630 77.5539
180640 77.55
180650 77.5743
180660 77.6218
180670 77.6702
180680 77.7168
180690 77.7639
180700 77.804
180710 77.8236
180720 77.8151
180730 77.7992
180740 77.8011
180750 77.7987
180760 77.7817
180770 77.7485
180780 77.7062
180790 77.6598
180800 77.623
180810 77.5836
180820 77.5134
180830 77.4281
180840 77.364
180850 77.3343
180860 77.3165
180870 77.2742
180880 77.2158
180890 77.1842
180900 77.1971
180910 77.2515
180920 77.3337
180930 77.4196
180940 77.5034
180950 77.5787
180960 77.6391
180970 77.6718
180980 77.6934
180990 77.7433
181000 77.8212
181010 77.8918
181020 77.9408
181030 77.9708
181040 77.9977
181050 78.0301
181060 78.0584
181070 78.0769
181080 78.1101
181090 78.1696
181100 78.2328
181110 78.2871
181120 78.3343
181130 78.378
181140 78.4062
181150 78.4168
181160 78.4144
181170 78.4062
181180 78.3895
181190 78.3535
181200 78.3074
181210 78.2725
181220 78.2476
181230 78.2185
181240 78.1862
181250 78.1434
181260 78.0737
181270 77.99
181280 77.9313
181290 77.9112
181300 77.9077
181310 77.9107
181320 77.9294
181330 77.9594
181340 77.9938
181350 78.0314
181360 78.0659
181370 78.0897
181380 78.0903
181390 78.076
181400 78.0765
181410 78.1096
181420 78.1656
181430 78.2286
181440 78.2905
181450 78.3588
181460 78.4411
181470 78.5209
181480 78.573
181490 78.5846
181500 78.5616
181510 78.513
181520 78.4553
181530 78.4041
181540 78.3527
181550 78.333
181560 78.3845
181570 78.46
181580 78.5012
181590 78.5096
181600 78.4917
181610 78.4299
181620 78.3237
181630 78.2103
181640 78.1197
181650 78.0575
181660 78.0232
181670 78.0195
181680 78.0216
181690 78.0108
181700 78.0025
181710 77.9898
181720 77.9413
181730 77.8672
181740 77.8126
181750 77.8068
181760 77.8381
181770 77.9063
181780 78.0216
181790 78.1757
181800 78.3215
181810 78.4193
181820 78.4566
181830 78.4612
181840 78.4522
181850 78.4267
181860 78.3988
181870 78.3888
181880 78.4106
181890 78.4489
181900 78.4795
181910 78.4846
181920 78.4684
181930 78.4228
181940 78.3339
181950 78.2244
181960 78.1424
181970 78.1258
181980 78.1507
181990 78.1699
182000 78.1772
182010 78.1865
182020 78.1918
182030 78.1637
182040 78.1253
182050 78.1152
182060 78.1382
182070 78.1677
182080 78.206
182090 78.2847
182100 78.3946
182110 78.4881
182120 78.5367
182130 78.5324
182140 78.4951
182150 78.464
182160 78.4653
182170 78.5014
182180 78.5615
182190 78.6501
182200 78.7634
182210 78.8686
182220 78.9419
182230 79.0151
182240 79.1138
182250 79.2321
182260 79.3457
182270 79.4289
182280 79.4675
182290 79.4736
182300 79.4549
182310 79.4104
182320 79.3458
182330 79.2896
182340 79.2868
182350 79.3161
182360 79.3314
182370 79.3425
182380 79.3804
182390 79.4368
182400 79.4736
182410 79.4627
182420 79.412
182430 79.3622
182440 79.3527
182450 79.3807
182460 79.4167
182470 79.4553
182480 79.4913
182490 79.4891
182500 79.438
182510 79.3696
182520 79.2923
182530 79.1924
182540 79.1111
182550 79.0712
182560 79.0488
182570 79.0202
182580 79.0004
182590 79.0183
182600 79.0711
182610 79.1453
182620 79.2231
182630 79.2949
182640 79.3608
182650 79.4196
182660 79.4864
182670 79.5541
182680 79.6056
182690 79.6074
182700 79.5626
182710 79.5116
182720 79.4803
182730 79.4793
182740 79.5194
182750 79.6028
182760 79.698
182770 79.7772
182780 79.845
182790 79.897
182800 79.9193
182810 79.9223
182820 79.9233
182830 79.9155
182840 79.9166
182850 79.9521
182860 80.0043
182870 80.058
182880 80.1303
182890 80.2301
182900 80.3234
182910 80.3911
182920 80.4485
182930 80.4909
182940 80.5121
182950 80.5085
182960 80.4639
182970 80.3897
182980 80.3352
182990 80.3344
183000 80.3762
183010 80.4457
183020 80.5165
183030 80.5759
183040 80.6402
183050 80.7096
183060 80.7515
183070 80.7416
183080 80.715
183090 80.7203
183100 80.7622
183110 80.8136
183120 80.8696
183130 80.9412
183140 81.0183
183150 81.0833
183160 81.1404
183170 81.1834
183180 81.1881
183190 81.1558
183200 81.1189
183210 81.0957
183220 81.0753
183230 81.0532
183240 81.041
183250 81.035
183260 81.0308
183270 81.0133
183280 80.9747
183290 80.9266
183300 80.8842
183310 80.8594
183320 80.8641
183330 80.8744
183340 80.8648
183350 80.8396
183360 80.8214
183370 80.803
183380 80.7693
183390 80.7427
183400 80.7481
183410 80.7687
183420 80.7854
183430 80.812
183440 80.8498
183450 80.8782
183460 80.8772
183470 80.8526
183480 80.8353
183490 80.8483
183500 80.8831
183510 80.9148
183520 80.9224
183530 80.9067
183540 80.8943
183550 80.9104
183560 80.9343
183570 80.932
183580 80.9241
183590 80.957
183600 81.0324
183610 81.1126
183620 81.1722
183630 81.1972
183640 81.1989
183650 81.1919
183660 81.1864
183670 81.1912
183680 81.2124
183690 81.2371
183700 81.2448
183710 81.2461
183720 81.2614
183730 81.288
183740 81.3022
183750 81.2981
183760 81.2889
183770 81.2796
183780 81.2844
183790 81.3156
183800 81.3555
183810 81.3847
183820 81.3977
183830 81.4005
183840 81.4036
183850 81.4063
183860 81.4024
183870 81.375
183880 81.3196
183890 81.253
183900 81.1938
183910 81.1613
183920 81.1583
183930 81.1823
183940 81.2212
183950 81.2638
183960 81.2972
183970 81.3136
183980 81.3161
183990 81.291
184000 81.2563
184010 81.2591
184020 81.3094
184030 81.3797
184040 81.4649
184050 81.5719
184060 81.6609
184070 81.7172
184080 81.7737
184090 81.8358
184100 81.9008
184110 81.982
184120 82.0843
184130 82.1872
184140 82.2769
184150 82.3661
184160 82.4443
184170 82.4956
184180 82.5108
184190 82.5059
184200 82.5087
184210 82.542
184220 82.5998
184230 82.6764
184240 82.7583
184250 82.8103
184260 82.8225
184270 82.8251
184280 82.8198
184290 82.7773
184300 82.7137
184310 82.6558
184320 82.5979
184330 82.5382
184340 82.4926
184350 82.4454
184360 82.3751
184370 82.3005
184380 82.2685
184390 82.2862
184400 82.3239
184410 82.3552
184420 82.369
184430 82.3618
184440 82.356
184450 82.3648
184460 82.3682
184470 82.3656
184480 82.3786
184490 82.4032
184500 82.4036
184510 82.3558
184520 82.2774
184530 82.1955
184540 82.1282
184550 82.0814
184560 82.0641
184570 82.0726
184580 82.1119
184590 82.1622
184600 82.1855
184610 82.1632
184620 82.1001
184630 82.0227
184640 81.9575
184650 81.9061
184660 81.8731
184670 81.8751
184680 81.9045
184690 81.9322
184700 81.9384
184710 81.9196
184720 81.8852
184730 81.8435
184740 81.7968
184750 81.7622
184760 81.7529
184770 81.7957
184780 81.8905
184790 82.0079
184800 82.1006
184810 82.1427
184820 82.147
184830 82.1362
184840 82.1317
184850 82.1399
184860 82.1598
184870 82.1783
184880 82.1923
184890 82.2036
184900 82.2142
184910 82.2286
184920 82.2314
184930 82.2272
184940 82.2435
184950 82.2997
184960 82.3875
184970 82.4793
184980 82.5648
184990 82.65
185000 82.7237
185010 82.7793
185020 82.8326
185030 82.8889
185040 82.9402
185050 83.0023
185060 83.0915
185070 83.2039
185080 83.3289
185090 83.4424
185100 83.5193
185110 83.5731
185120 83.6215
185130 83.6363
185140 83.5908
185150 83.5227
185160 83.4713
185170 83.4062
185180 83.3188
185190 83.2425
185200 83.1874
185210 83.1384
185220 83.0882
185230 83.0415
185240 83.0077
185250 82.9885
185260 82.9839
185270 82.9896
185280 83.0009
185290 83.014
185300 83.0278
185310 83.0471
185320 83.0653
185330 83.0871
185340 83.1034
185350 83.0916
185360 83.0556
185370 83.0204
185380 82.984
185390 82.9583
185400 82.9879
185410 83.0828
185420 83.1928
185430 83.2887
185440 83.3833
185450 83.4803
185460 83.5656
185470 83.6227
185480 83.6613
185490 83.6854
185500 83.6788
185510 83.6461
185520 83.6167
185530 83.5923
185540 83.5355
185550 83.4693
185560 83.4544
185570 83.4912
185580 83.5576
185590 83.6494
185600 83.7587
185610 83.8318
185620 83.8183
185630 83.729
185640 83.6061
185650 83.4818
185660 83.4006
185670 83.3797
185680 83.406
185690 83.4612
185700 83.5377
185710 83.6089
185720 83.646
185730 83.647
185740 83.6348
185750 83.6048
185760 83.5654
185770 83.5411
185780 83.5557
185790 83.6106
185800 83.674
185810 83.7319
185820 83.7804
185830 83.7926
185840 83.7629
185850 83.7343
185860 83.7473
185870 83.7764
185880 83.8017
185890 83.8482
185900 83.9115
185910 83.9564
185920 83.9665
185930 83.9502
185940 83.9101
185950 83.8624
185960 83.8201
185970 83.7638
185980 83.6801
185990 83.598
186000 83.5299
186010 83.4796
186020 83.4633
186030 83.4852
186040 83.5195
186050 83.5367
186060 83.5343
186070 83.539
186080 83.5609
186090 83.5902
186100 83.6378
186110 83.717
186120 83.7961
186130 83.828
186140 83.8051
186150 83.7503
186160 83.6945
186170 83.6357
186180 83.5607
186190 83.4811
186200 83.425
186210 83.4067
186220 83.4102
186230 83.3981
186240 83.3731
186250 83.3519
186260 83.3599
186270 83.3971
186280 83.4468
186290 83.4846
186300 83.5096
186310 83.536
186320 83.5669
186330 83.5684
186340 83.5205
186350 83.4503
186360 83.393
186370 83.3579
186380 83.3465
186390 83.3779
186400 83.4653
186410 83.5762
186420 83.6647
186430 83.7126
186440 83.7327
186450 83.7366
186460 83.7292
186470 83.7255
186480 83.7403
186490 83.7659
186500 83.7697
186510 83.756
186520 83.7379
186530 83.713
186540 83.6659
186550 83.6306
186560 83.6495
186570 83.7002
186580 83.7623
186590 83.8304
186600 83.8616
186610 83.8529
186620 83.8539
186630 83.8861
186640 83.9342
186650 83.9885
186660 84.0634
186670 84.1445
186680 84.1891
186690 84.191
186700 84.1718
186710 84.1433
186720 84.1054
186730 84.0768
186740 84.0691
186750 84.0867
186760 84.1198
186770 84.1309
186780 84.1097
186790 84.0745
186800 84.0448
186810 84.0188
186820 84.0001
186830 84.0095
186840 84.0262
186850 84.0133
186860 83.9694
186870 83.9309
186880 83.9281
186890 83.9528
186900 83.9877
186910 84.0268
186920 84.0668
186930 84.0976
186940 84.1184
186950 84.1497
186960 84.2028
186970 84.2425
186980 84.2456
186990 84.2348
187000 84.2204
187010 84.1923
187020 84.1517
187030 84.098
187040 84.0319
187050 83.9712
187060 83.9391
187070 83.943
187080 83.9842
187090 84.0397
187100 84.0862
187110 84.1128
187120 84.0938
187130 84.025
187140 83.9332
187150 83.8663
187160 83.8446
187170 83.8458
187180 83.8573
187190 83.8863
187200 83.9307
187210 83.9878
187220 84.0453
187230 84.0657
187240 84.0268
187250 83.9461
187260 83.8753
187270 83.8521
187280 83.8714
187290 83.9151
187300 83.9681
187310 84.0016
187320 84.0028
187330 83.9971
187340 84.0275
187350 84.0739
187360 84.0984
187370 84.1135
187380 84.1466
187390 84.1902
187400 84.2069
187410 84.184
187420 84.1412
187430 84.1055
187440 84.0922
187450 84.1072
187460 84.1531
187470 84.2232
187480 84.3
187490 84.3576
187500 84.3812
187510 84.3786
187520 84.3528
187530 84.2988
187540 84.2387
187550 84.1994
187560 84.1899
187570 84.2229
187580 84.2963
187590 84.3908
187600 84.4885
187610 84.5556
187620 84.5961
187630 84.6335
187640 84.6603
187650 84.6744
187660 84.7112
187670 84.7949
187680 84.9066
187690 85.0017
187700 85.0395
187710 84.9958
187720 84.9035
187730 84.8299
187740 84.8005
187750 84.7846
187760 84.7905
187770 84.84
187780 84.9184
187790 84.9935
187800 85.0471
187810 85.0627
187820 85.022
187830 84.9519
187840 84.8964
187850 84.8665
187860 84.8591
187870 84.8635
187880 84.876
187890 84.9053
187900 84.9325
187910 84.9391
187920 84.93
187930 84.9138
187940 84.8737
187950 84.8164
187960 84.7571
187970 84.696
187980 84.6405
187990 84.5965
188000 84.5384
188010 84.4491
188020 84.3487
188030 84.2674
188040 84.2217
188050 84.2171
188060 84.2468
188070 84.3013
188080 84.3595
188090 84.4153
188100 84.4775
188110 84.5254
188120 84.5384
188130 84.5278
188140 84.5041
188150 84.4628
188160 84.4203
188170 84.4206
188180 84.4763
188190 84.5661
188200 84.6635
188210 84.7479
188220 84.8145
188230 84.8563
188240 84.8675
188250 84.8513
188260 84.8217
188270 84.799
188280 84.808
188290 84.8447
188300 84.8753
188310 84.8888
188320 84.9027
188330 84.9325
188340 84.9537
188350 84.9597
188360 84.981
188370 85.0283
188380 85.0686
188390 85.0852
188400 85.0942
188410 85.1095
188420 85.1136
188430 85.0883
188440 85.0427
188450 84.9838
188460 84.9114
188470 84.819
188480 84.7212
188490 84.6379
188500 84.5798
188510 84.5502
188520 84.5329
188530 84.5219
188540 84.5116
188550 84.5005
188560 84.4861
188570 84.4563
188580 84.4192
188590 84.4052
188600 84.4198
188610 84.4379
188620 84.4528
188630 84.4832
188640 84.5264
188650 84.5554
188660 84.5583
188670 84.5592
188680 84.5623
188690 84.549
188700 84.5506
188710 84.5952
188720 84.6554
188730 84.7138
188740 84.7923
188750 84.8849
188760 84.9468
188770 84.9603
188780 84.945
188790 84.923
188800 84.9258
188810 84.9707
188820 85.0486
188830 85.1107
188840 85.1324
188850 85.1439
188860 85.171
188870 85.2075
188880 85.2231
188890 85.2169
188900 85.1946
188910 85.1477
188920 85.0826
188930 85.026
188940 85.0008
188950 84.9816
188960 84.9515
188970 84.9308
188980 84.937
188990 84.9553
189000 84.9836
189010 85.0246
189020 85.0593
189030 85.0677
189040 85.048
189050 85.0154
189060 84.986
189070 84.9557
189080 84.9333
189090 84.9264
189100 84.9247
189110 84.9237
189120 84.9266
189130 84.9489
189140 85.0006
189150 85.0555
189160 85.0889
189170 85.1033
189180 85.112
189190 85.1199
189200 85.1358
189210 85.1574
189220 85.1775
189230 85.1986
189240 85.2225
189250 85.2359
189260 85.2282
189270 85.2255
189280 85.2508
189290 85.2903
189300 85.3366
189310 85.4092
189320 85.51
189330 85.6235
189340 85.7326
189350 85.8326
189360 85.9216
189370 85.9915
189380 86.0168
189390 85.9969
189400 85.9602
189410 85.9239
189420 85.877
189430 85.8195
189440 85.7745
189450 85.7446
189460 85.7054
189470 85.6669
189480 85.6538
189490 85.6693
189500 85.6874
189510 85.6837
189520 85.6371
189530 85.5692
189540 85.5233
189550 85.5032
189560 85.4902
189570 85.476
189580 85.4668
189590 85.4707
189600 85.4694
189610 85.4628
189620 85.4406
189630 85.3893
189640 85.3283
189650 85.2792
189660 85.2482
189670 85.2449
189680 85.2709
189690 85.3165
189700 85.3705
189710 85.4276
189720 85.4756
189730 85.5113
189740 85.5426
189750 85.574
189760 85.5856
189770 85.5596
189780 85.5339
189790 85.5366
189800 85.5558
189810 85.5701
189820 85.5958
189830 85.6484
189840 85.7133
189850 85.7852
189860 85.8629
189870 85.9265
189880 85.9655
189890 86.0028
189900 86.0439
189910 86.0935
189920 86.176
189930 86.311
189940 86.4697
189950 86.6083
189960 86.7131
189970 86.7885
189980 86.8271
189990 86.842
190000 86.8461
190010 86.8133
190020 86.7194
190030 86.5972
190040 86.4882
190050 86.3895
190060 86.2923
190070 86.2222
190080 86.1797
190090 86.1424
190100 86.1225
190110 86.129
190120 86.1529
190130 86.1702
190140 86.1787
190150 86.1871
190160 86.2138
190170 86.2481
190180 86.2723
190190 86.2798
190200 86.2579
190210 86.2126
190220 86.1664
190230 86.1412
190240 86.1387
190250 86.1635
190260 86.2279
190270 86.3173
190280 86.4068
190290 86.5047
190300 86.6089
190310 86.7059
190320 86.7728
190330 86.8048
190340 86.8124
190350 86.8043
190360 86.7901
190370 86.7809
190380 86.7638
190390 86.7413
190400 86.7308
190410 86.7282
190420 86.7178
190430 86.6836
190440 86.6479
190450 86.6468
190460 86.6782
190470 86.7251
190480 86.7801
190490 86.8238
190500 86.831
190510 86.8037
190520 86.7712
190530 86.7471
190540 86.7449
190550 86.7604
190560 86.781
190570 86.8074
190580 86.8427
190590 86.8848
190600 86.9272
190610 86.9795
190620 87.0359
190630 87.0732
190640 87.0977
190650 87.1317
190660 87.1884
190670 87.2445
190680 87.2804
190690 87.3164
190700 87.3871
190710 87.4925
190720 87.5992
190730 87.6799
190740 87.7232
190750 87.7197
190760 87.6922
190770 87.6769
190780 87.6717
190790 87.6711
190800 87.6769
190810 87.68
190820 87.6716
190830 87.6664
190840 87.6718
190850 87.671
190860 87.6585
190870 87.6585
190880 87.6632
190890 87.628
190900 87.5499
190910 87.4418
190920 87.3163
190930 87.1979
190940 87.1169
190950 87.0859
190960 87.0911
190970 87.1197
190980 87.1565
190990 87.1928
191000 87.2457
191010 87.3404
191020 87.4505
191030 87.5486
191040 87.6291
191050 87.6928
191060 87.7418
191070 87.783
191080 87.8124
191090 87.832
191100 87.8551
191110 87.9044
191120 87.9789
191130 88.0515
191140 88.1115
191150 88.1906
191160 88.2929
191170 88.3774
191180 88.4249
191190 88.4588
191200 88.4987
191210 88.5367
191220 88.5686
191230 88.61
191240 88.6508
191250 88.6589
191260 88.6286
191270 88.5774
191280 88.4969
191290 88.3851
191300 88.2599
191310 88.1482
191320 88.0664
191330 88.0203
191340 88.009
191350 88.0045
191360 88.0028
191370 88.0102
191380 88.0042
191390 87.9643
191400 87.9037
191410 87.8465
191420 87.8078
191430 87.7977
191440 87.8262
191450 87.8788
191460 87.9325
191470 87.9657
191480 87.9833
191490 87.9826
191500 87.955
191510 87.9323
191520 87.9221
191530 87.9055
191540 87.8842
191550 87.8913
191560 87.9292
191570 87.9721
191580 87.9972
191590 87.9991
191600 87.9948
191610 88
191620 88.0095
191630 88.0298
191640 88.0606
191650 88.0748
191660 88.0723
191670 88.0875
191680 88.109
191690 88.13
191700 88.1998
191710 88.3045
191720 88.3777
191730 88.4015
191740 88.4121
191750 88.4141
191760 88.3809
191770 88.316
191780 88.2739
191790 88.302
191800 88.3763
191810 88.4324
191820 88.4402
191830 88.4351
191840 88.44
191850 88.4416
191860 88.4132
191870 88.3392
191880 88.2396
191890 88.1594
191900 88.1278
191910 88.1509
191920 88.225
191930 88.3223
191940 88.4279
191950 88.5329
191960 88.6318
191970 88.7091
191980 88.763
191990 88.8146
192000 88.8576
192010 88.8759
192020 88.8736
192030 88.8697
192040 88.8766
192050 88.8871
192060 88.8862
192070 88.8646
192080 88.8122
192090 88.7117
192100 88.5663
192110 88.4249
192120 88.3358
192130 88.3017
192140 88.3098
192150 88.3482
192160 88.4146
192170 88.4922
192180 88.5586
192190 88.6136
192200 88.6582
192210 88.696
192220 88.7238
192230 88.7289
192240 88.7122
192250 88.6867
192260 88.65
192270 88.5799
192280 88.4675
192290 88.3408
192300 88.2341
192310 88.165
192320 88.1195
192330 88.0788
192340 88.0577
192350 88.0714
192360 88.0998
192370 88.1112
192380 88.1058
192390 88.1038
192400 88.1004
192410 88.0905
192420 88.0921
192430 88.1034
192440 88.122
192450 88.1306
192460 88.1107
192470 88.0658
192480 88.0257
192490 88.004
192500 87.9977
192510 88.0218
192520 88.0544
192530 88.0561
192540 88.0309
192550 88.004
192560 87.955
192570 87.8609
192580 87.7519
192590 87.6659
192600 87.612
192610 87.5811
192620 87.5631
192630 87.5442
192640 87.5307
192650 87.5356
192660 87.5439
192670 87.5268
192680 87.4919
192690 87.4506
192700 87.402
192710 87.3537
192720 87.3274
192730 87.3166
192740 87.3208
192750 87.346
192760 87.3837
192770 87.4159
192780 87.422
192790 87.4017
192800 87.3745
192810 87.3578
192820 87.3534
192830 87.3719
192840 87.4189
192850 87.4638
192860 87.4945
192870 87.5152
192880 87.5378
192890 87.5601
192900 87.5832
192910 87.6127
192920 87.6554
192930 87.7003
192940 87.7332
192950 87.7541
192960 87.778
192970 87.8113
192980 87.8403
192990 87.8517
193000 87.8637
193010 87.894
193020 87.922
193030 87.9252
193040 87.9293
193050 87.9654
193060 88.0178
193070 88.0524
193080 88.0658
193090 88.0781
193100 88.0962
193110 88.1001
193120 88.0832
193130 88.0704
193140 88.0801
193150 88.1147
193160 88.154
193170 88.1861
193180 88.2367
193190 88.3119
193200 88.3677
193210 88.3735
193220 88.3505
193230 88.3174
193240 88.2745
193250 88.2238
193260 88.1953
193270 88.2265
193280 88.3165
193290 88.4389
193300 88.5873
193310 88.7462
193320 88.8819
193330 88.9714
193340 89.0202
193350 89.0313
193360 89.0156
193370 88.9682
193380 88.8756
193390 88.7676
193400 88.6782
193410 88.624
193420 88.604
193430 88.6074
193440 88.6186
193450 88.6329
193460 88.6506
193470 88.6574
193480 88.6427
193490 88.6229
193500 88.6086
193510 88.5817
193520 88.5515
193530 88.5481
193540 88.5985
193550 88.7098
193560 88.8503
193570 88.9714
193580 89.0428
193590 89.072
193600 89.082
193610 89.0891
193620 89.1107
193630 89.1684
193640 89.2462
193650 89.3079
193660 89.3335
193670 89.3347
193680 89.3216
193690 89.2911
193700 89.2577
193710 89.2489
193720 89.2756
193730 89.33
193740 89.395
193750 89.4656
193760 89.5264
193770 89.5807
193780 89.624
193790 89.6277
193800 89.6035
193810 89.5847
193820 89.5775
193830 89.553
193840 89.5081
193850 89.4531
193860 89.3811
193870 89.2929
193880 89.2009
193890 89.1199
193900 89.0467
193910 88.9899
193920 88.9783
193930 88.9986
193940 89.0023
193950 88.9622
193960 88.885
193970 88.7799
193980 88.6593
193990 88.5519
194000 88.4752
194010 88.4266
194020 88.4154
194030 88.4645
194040 88.5761
194050 88.709
194060 88.8158
194070 88.8756
194080 88.8954
194090 88.8848
194100 88.8426
194110 88.7793
194120 88.7273
194130 88.712
194140 88.716
194150 88.7178
194160 88.7273
194170 88.7535
194180 88.7718
194190 88.765
194200 88.7428
194210 88.7122
194220 88.669
194230 88.6193
194240 88.5931
194250 88.6151
194260 88.6513
194270 88.6679
194280 88.6676
194290 88.6308
194300 88.5527
194310 88.4536
194320 88.3302
194330 88.1815
194340 88.0424
194350 87.9454
194360 87.9034
194370 87.9127
194380 87.9702
194390 88.0768
194400 88.2029
194410 88.2933
194420 88.3242
194430 88.3308
194440 88.3587
194450 88.4005
194460 88.4259
194470 88.4284
194480 88.431
194490 88.4347
194500 88.4321
194510 88.4295
194520 88.4383
194530 88.4528
194540 88.4758
194550 88.5251
194560 88.6012
194570 88.6969
194580 88.7949
194590 88.8669
194600 88.9019
194610 88.8915
194620 88.8579
194630 88.8374
194640 88.834
194650 88.837
194660 88.8537
194670 88.8973
194680 88.9697
194690 89.0534
194700 89.1239
194710 89.1526
194720 89.1172
194730 89.0342
194740 88.9478
194750 88.8881
194760 88.8586
194770 88.8481
194780 88.8572
194790 88.8895
194800 88.9225
194810 88.9436
194820 88.9495
194830 88.9208
194840 88.871
194850 88.8139
194860 88.7485
194870 88.6861
194880 88.6447
194890 88.6121
194900 88.5745
194910 88.5244
194920 88.4799
194930 88.4624
194940 88.4766
194950 88.5267
194960 88.5987
194970 88.6654
194980 88.7034
194990 88.7026
195000 88.6705
195010 88.6172
195020 88.5506
195030 88.4958
195040 88.4807
195050 88.5051
195060 88.5365
195070 88.5477
195080 88.5532
195090 88.5725
195100 88.5844
195110 88.5555
195120 88.5032
195130 88.4678
195140 88.4599
195150 88.4734
195160 88.4867
195170 88.4945
195180 88.5136
195190 88.5365
195200 88.5494
195210 88.5668
195220 88.587
195230 88.6027
195240 88.6355
195250 88.687
195260 88.7455
195270 88.8026
195280 88.8548
195290 88.9065
195300 88.9655
195310 89.0315
195320 89.0865
195330 89.1256
195340 89.1613
195350 89.1947
195360 89.2088
195370 89.2093
195380 89.211
195390 89.2036
195400 89.1934
195410 89.2118
195420 89.2598
195430 89.3144
195440 89.3689
195450 89.4456
195460 89.5278
195470 89.5682
195480 89.5636
195490 89.5403
195500 89.512
195510 89.4886
195520 89.468
195530 89.4579
195540 89.4635
195550 89.4661
195560 89.4675
195570 89.4911
195580 89.5092
195590 89.4761
195600 89.4046
195610 89.3384
195620 89.2896
195630 89.2552
195640 89.2509
195650 89.257
195660 89.2341
195670 89.1998
195680 89.1923
195690 89.2072
195700 89.2184
195710 89.2209
195720 89.2329
195730 89.2922
195740 89.4167
195750 89.576
195760 89.7295
195770 89.8637
195780 89.9766
195790 90.0321
195800 90.0051
195810 89.9281
195820 89.8558
195830 89.8062
195840 89.7434
195850 89.6604
195860 89.5964
195870 89.5865
195880 89.607
195890 89.6126
195900 89.5906
195910 89.5586
195920 89.5176
195930 89.4605
195940 89.3794
195950 89.2954
195960 89.2339
195970 89.1963
195980 89.1768
195990 89.1813
196000 89.2035
196010 89.233
196020 89.2455
196030 89.2384
196040 89.219
196050 89.2037
196060 89.1957
196070 89.1826
196080 89.1612
196090 89.1268
196100 89.0976
196110 89.1057
196120 89.13
196130 89.1443
196140 89.143
196150 89.1379
196160 89.1222
196170 89.1113
196180 89.1212
196190 89.1431
196200 89.1725
196210 89.24
196220 89.3447
196230 89.4717
196240 89.6177
196250 89.747
196260 89.8112
196270 89.8127
196280 89.7848
196290 89.7526
196300 89.7318
196310 89.7469
196320 89.7942
196330 89.851
196340 89.9079
196350 89.9575
196360 89.9851
196370 89.9689
196380 89.919
196390 89.8416
196400 89.7415
196410 89.6471
196420 89.5962
196430 89.5854
196440 89.6047
196450 89.6581
196460 89.701
196470 89.6767
196480 89.5786
196490 89.4591
196500 89.3667
196510 89.3095
196520 89.2742
196530 89.2735
196540 89.3214
196550 89.3899
196560 89.4586
196570 89.5289
196580 89.5859
196590 89.5919
196600 89.5392
196610 89.4615
196620 89.3807
196630 89.3161
196640 89.2921
196650 89.3055
196660 89.3375
196670 89.4029
196680 89.4926
196690 89.5678
196700 89.6042
196710 89.6105
196720 89.593
196730 89.5593
196740 89.5306
196750 89.5132
196760 89.5077
196770 89.5044
196780 89.4771
196790 89.4357
196800 89.4048
196810 89.3598
196820 89.2942
196830 89.2384
196840 89.2061
196850 89.1907
196860 89.1933
196870 89.2189
196880 89.267
196890 89.3276
196900 89.3641
196910 89.3484
196920 89.272
196930 89.1572
196940 89.0344
196950 88.9213
196960 88.8565
196970 88.8624
196980 88.9154
196990 88.9736
197000 89.0271
197010 89.0931
197020 89.1661
197030 89.236
197040 89.2999
197050 89.3638
197060 89.4126
197070 89.442
197080 89.4611
197090 89.4718
197100 89.4624
197110 89.4348
197120 89.3952
197130 89.3628
197140 89.3521
197150 89.3651
197160 89.3904
197170 89.4283
197180 89.4692
197190 89.5074
197200 89.5447
197210 89.5771
197220 89.593
197230 89.5862
197240 89.5707
197250 89.5484
197260 89.5197
197270 89.4998
197280 89.4915
197290 89.4959
197300 89.4999
197310 89.4802
197320 89.4386
197330 89.3964
197340 89.3541
197350 89.3077
197360 89.2661
197370 89.2335
197380 89.2118
197390 89.2094
197400 89.2279
197410 89.2478
197420 89.23
197430 89.1762
197440 89.1378
197450 89.1534
197460 89.1822
197470 89.1856
197480 89.1787
197490 89.1848
197500 89.1878
197510 89.1853
197520 89.203
197530 89.2565
197540 89.3283
197550 89.3831
197560 89.4141
197570 89.4333
197580 89.4503
197590 89.4685
197600 89.482
197610 89.4777
197620 89.455
197630 89.439
197640 89.4368
197650 89.4423
197660 89.4692
197670 89.5262
197680 89.6009
197690 89.6743
197700 89.7488
197710 89.8433
197720 89.9497
197730 90.0522
197740 90.1317
197750 90.1786
197760 90.1932
197770 90.1818
197780 90.169
197790 90.1851
197800 90.2192
197810 90.2388
197820 90.2313
197830 90.2166
197840 90.2147
197850 90.2234
197860 90.2307
197870 90.2494
197880 90.2808
197890 90.3042
197900 90.2957
197910 90.2651
197920 90.2343
197930 90.2129
197940 90.214
197950 90.2231
197960 90.2254
197970 90.2238
197980 90.2229
197990 90.2245
198000 90.2401
198010 90.2694
198020 90.2882
198030 90.2921
198040 90.297
198050 90.3003
198060 90.3032
198070 90.3189
198080 90.3551
198090 90.4015
198100 90.4572
198110 90.5261
198120 90.6027
198130 90.669
198140 90.7257
198150 90.8063
198160 90.9046
198170 90.9906
198180 91.0495
198190 91.0648
198200 91.054
198210 91.0347
198220 91.0058
198230 90.9704
198240 90.9362
198250 90.905
198260 90.8673
198270 90.8574
198280 90.8951
198290 90.9497
198300 90.9849
198310 91.0045
198320 91.0206
198330 91.0135
198340 90.9908
198350 90.9729
198360 90.9612
198370 90.9494
198380 90.9544
198390 90.9925
198400 91.0569
198410 91.1306
198420 91.2004
198430 91.2575
198440 91.3139
198450 91.3651
198460 91.3773
198470 91.3507
198480 91.32
198490 91.3071
198500 91.2897
198510 91.2474
198520 91.2267
198530 91.2661
198540 91.3333
198550 91.3992
198560 91.4557
198570 91.4934
198580 91.5111
198590 91.5077
198600 91.4812
198610 91.4289
198620 91.3803
198630 91.3816
198640 91.4383
198650 91.5413
198660 91.6924
198670 91.8541
198680 91.9639
198690 92.016
198700 92.0389
198710 92.0444
198720 92.0191
198730 91.9585
198740 91.8997
198750 91.8739
198760 91.87
198770 91.8711
198780 91.8671
198790 91.8716
198800 91.8995
198810 91.9377
198820 91.9664
198830 91.9919
198840 92.0205
198850 92.0281
198860 92.0075
198870 91.968
198880 91.9342
198890 91.9125
198900 91.892
198910 91.8647
198920 91.8353
198930 91.801
198940 91.7579
198950 91.7004
198960 91.6154
198970 91.5092
198980 91.3892
198990 91.272
199000 91.1839
199010 91.1357
199020 91.1093
199030 91.0847
199040 91.0618
199050 91.0607
199060 91.0813
199070 91.1057
199080 91.1185
199090 91.1193
199100 91.1122
199110 91.0938
199120 91.0727
199130 91.0797
199140 91.1379
199150 91.2162
199160 91.2956
199170 91.3844
199180 91.4724
199190 91.5401
199200 91.5777
199210 91.6022
199220 91.6276
199230 91.6501
199240 91.6673
199250 91.6974
199260 91.7442
199270 91.7895
199280 91.8331
199290 91.896
199300 91.9695
199310 92.0387
199320 92.109
199330 92.1599
199340 92.1707
199350 92.157
199360 92.1399
199370 92.1332
199380 92.1236
199390 92.1035
199400 92.0695
199410 92.0334
199420 92.0044
199430 92.0019
199440 92.0365
199450 92.0805
199460 92.1295
199470 92.1913
199480 92.2616
199490 92.322
199500 92.369
199510 92.4019
199520 92.4046
199530 92.3885
199540 92.3578
199550 92.308
199560 92.2582
199570 92.2227
199580 92.1921
199590 92.1583
199600 92.1349
199610 92.1158
199620 92.0782
199630 92.0405
199640 92.0208
199650 91.9839
199660 91.9079
199670 91.8345
199680 91.8033
199690 91.7867
199700 91.7679
199710 91.7655
199720 91.7669
199730 91.726
199740 91.652
199750 91.5921
199760 91.5454
199770 91.4942
199780 91.443
199790 91.3995
199800 91.3611
199810 91.3314
199820 91.3208
199830 91.3528
199840 91.4364
199850 91.5349
199860 91.6102
199870 91.6608
199880 91.6992
199890 91.7485
199900 91.8249
199910 91.9007
199920 91.949
199930 91.9922
199940 92.0462
199950 92.09
199960 92.1021
199970 92.083
199980 92.0614
199990 92.0493
200000 92.0412
