# Time-averaged data for fix msdw
# TimeStep c_mw[4]
0 1.06708e-10
10 0.0249562
20 0.073408
30 0.104456
40 0.117591
50 0.132393
60 0.155707
70 0.182627
80 0.213095
90 0.242815
100 0.26795
110 0.291286
120 0.317942
130 0.34224
140 0.363211
150 0.384008
160 0.408989
170 0.437519
180 0.463444
190 0.48738
200 0.509081
210 0.531487
220 0.554919
230 0.578759
240 0.596752
250 0.61025
260 0.626251
270 0.645926
280 0.666136
290 0.683716
300 0.699555
310 0.717151
320 0.730618
330 0.740933
340 0.75152
350 0.767202
360 0.787433
370 0.805638
380 0.816922
390 0.823738
400 0.833453
410 0.84657
420 0.858169
430 0.870255
440 0.884219
450 0.89645
460 0.907034
470 0.918989
480 0.933933
490 0.945721
500 0.956883
510 0.970678
520 0.985078
530 0.996302
540 1.00791
550 1.02192
560 1.03601
570 1.04905
580 1.0613
590 1.07243
600 1.08208
610 1.09208
620 1.10279
630 1.11272
640 1.12187
650 1.13199
660 1.14684
670 1.15955
680 1.16504
690 1.17345
700 1.18599
710 1.19704
720 1.20213
730 1.20786
740 1.21848
750 1.228
760 1.23764
770 1.24906
780 1.2641
790 1.28058
800 1.29445
810 1.30452
820 1.31634
830 1.33453
840 1.35388
850 1.36499
860 1.3686
870 1.37315
880 1.38286
890 1.39362
900 1.40387
910 1.41159
920 1.4175
930 1.42485
940 1.43182
950 1.43807
960 1.44584
970 1.45503
980 1.46535
990 1.47693
1000 1.48897
1010 1.49903
1020 1.50685
1030 1.51223
1040 1.5181
1050 1.52611
1060 1.53403
1070 1.53881
1080 1.54296
1090 1.54837
1100 1.55513
1110 1.56175
1120 1.56916
1130 1.57369
1140 1.57615
1150 1.57929
1160 1.58524
1170 1.59001
1180 1.59492
1190 1.60294
1200 1.61341
1210 1.62441
1220 1.63025
1230 1.63234
1240 1.63817
1250 1.64785
1260 1.65644
1270 1.66261
1280 1.66721
1290 1.67377
1300 1.68034
1310 1.69073
1320 1.70784
1330 1.72269
1340 1.73276
1350 1.74103
1360 1.75023
1370 1.76005
1380 1.77163
1390 1.78473
1400 1.79277
1410 1.79635
1420 1.80255
1430 1.81099
1440 1.81832
1450 1.82493
1460 1.82773
1470 1.82981
1480 1.83569
1490 1.84851
1500 1.86308
1510 1.87446
1520 1.88246
1530 1.892
1540 1.90439
1550 1.9131
1560 1.91785
1570 1.92448
1580 1.93747
1590 1.95331
1600 1.96466
1610 1.97088
1620 1.97724
1630 1.98778
1640 2.0024
1650 2.01603
1660 2.02559
1670 2.03527
1680 2.04863
1690 2.06247
1700 2.07409
1710 2.08238
1720 2.08722
1730 2.09539
1740 2.11034
1750 2.12611
1760 2.13334
1770 2.13468
1780 2.13996
1790 2.14933
1800 2.15633
1810 2.15613
1820 2.15597
1830 2.15886
1840 2.1652
1850 2.17458
1860 2.18197
1870 2.18746
1880 2.19437
1890 2.20118
1900 2.20688
1910 2.21415
1920 2.22304
1930 2.23112
1940 2.24183
1950 2.25256
1960 2.25913
1970 2.26841
1980 2.28139
1990 2.29305
2000 2.29996
2010 2.30568
2020 2.31471
2030 2.3283
2040 2.34158
2050 2.35255
2060 2.36551
2070 2.37417
2080 2.37834
2090 2.38228
2100 2.3875
2110 2.39425
2120 2.39808
2130 2.40624
2140 2.42201
2150 2.43475
2160 2.44001
2170 2.44636
2180 2.45667
2190 2.46733
2200 2.47489
2210 2.48252
2220 2.49265
2230 2.50297
2240 2.5121
2250 2.5157
2260 2.51755
2270 2.5209
2280 2.52698
2290 2.54022
2300 2.55821
2310 2.56752
2320 2.56645
2330 2.57293
2340 2.5914
2350 2.6067
2360 2.61135
2370 2.61808
2380 2.63396
2390 2.64764
2400 2.65196
2410 2.65598
2420 2.66633
2430 2.68093
2440 2.69532
2450 2.70811
2460 2.7164
2470 2.72471
2480 2.7354
2490 2.74142
2500 2.74337
2510 2.7453
2520 2.75594
2530 2.7723
2540 2.78039
2550 2.78263
2560 2.78526
2570 2.79434
2580 2.80675
2590 2.81441
2600 2.81726
2610 2.82408
2620 2.83709
2630 2.84798
2640 2.84919
2650 2.84948
2660 2.85881
2670 2.86751
2680 2.87237
2690 2.87975
2700 2.88967
2710 2.89838
2720 2.90763
2730 2.91586
2740 2.92051
2750 2.92458
2760 2.93355
2770 2.94631
2780 2.95557
2790 2.96513
2800 2.97447
2810 2.9812
2820 2.98543
2830 2.99284
2840 3.00393
2850 3.01383
2860 3.0274
2870 3.04258
2880 3.05029
2890 3.04984
2900 3.0527
2910 3.06697
2920 3.08174
2930 3.08613
2940 3.08814
2950 3.09171
2960 3.09772
2970 3.10473
2980 3.11935
2990 3.13736
3000 3.15284
3010 3.16436
3020 3.17608
3030 3.19245
3040 3.21115
3050 3.22227
3060 3.22722
3070 3.23359
3080 3.24389
3090 3.25818
3100 3.27142
3110 3.27724
3120 3.28001
3130 3.28895
3140 3.30701
3150 3.32553
3160 3.336
3170 3.34088
3180 3.34709
3190 3.35815
3200 3.3709
3210 3.37688
3220 3.37718
3230 3.38007
3240 3.39037
3250 3.40063
3260 3.4188
3270 3.43917
3280 3.44698
3290 3.45199
3300 3.4614
3310 3.47389
3320 3.47967
3330 3.48682
3340 3.5055
3350 3.52153
3360 3.52235
3370 3.52369
3380 3.53299
3390 3.54362
3400 3.55278
3410 3.56531
3420 3.57892
3430 3.5845
3440 3.58674
3450 3.59364
3460 3.604
3470 3.61625
3480 3.62683
3490 3.6342
3500 3.64242
3510 3.652
3520 3.66054
3530 3.66753
3540 3.67835
3550 3.69043
3560 3.70503
3570 3.72147
3580 3.73701
3590 3.7531
3600 3.77436
3610 3.79435
3620 3.80713
3630 3.81919
3640 3.82795
3650 3.83755
3660 3.85142
3670 3.86561
3680 3.87769
3690 3.88899
3700 3.89651
3710 3.90465
3720 3.91474
3730 3.92242
3740 3.92752
3750 3.93252
3760 3.94619
3770 3.96439
3780 3.9789
3790 3.99085
3800 3.99868
3810 4.00423
3820 4.01046
3830 4.01581
3840 4.01963
3850 4.02578
3860 4.03177
3870 4.03643
3880 4.041
3890 4.04745
3900 4.05295
3910 4.06016
3920 4.06866
3930 4.07255
3940 4.07161
3950 4.07261
3960 4.08349
3970 4.09528
3980 4.09696
3990 4.09438
4000 4.10046
4010 4.1183
4020 4.13797
4030 4.15291
4040 4.16145
4050 4.16833
4060 4.1811
4070 4.19561
4080 4.20438
4090 4.21187
4100 4.22874
4110 4.24519
4120 4.25439
4130 4.27157
4140 4.29616
4150 4.31112
4160 4.32052
4170 4.3345
4180 4.35403
4190 4.36764
4200 4.37063
4210 4.37382
4220 4.37815
4230 4.3847
4240 4.39551
4250 4.40609
4260 4.40329
4270 4.39987
4280 4.41861
4290 4.4411
4300 4.4487
4310 4.44947
4320 4.46166
4330 4.47353
4340 4.47711
4350 4.4846
4360 4.50146
4370 4.5142
4380 4.51927
4390 4.52723
4400 4.54595
4410 4.56511
4420 4.57545
4430 4.57952
4440 4.59071
4450 4.6098
4460 4.62374
4470 4.63101
4480 4.64487
4490 4.66363
4500 4.6766
4510 4.68573
4520 4.70196
4530 4.72764
4540 4.7458
4550 4.75672
4560 4.76517
4570 4.77695
4580 4.79083
4590 4.80274
4600 4.80963
4610 4.81642
4620 4.82997
4630 4.8507
4640 4.871
4650 4.89468
4660 4.91532
4670 4.91966
4680 4.91819
4690 4.92544
4700 4.93524
4710 4.94554
4720 4.95821
4730 4.96927
4740 4.97814
4750 4.98612
4760 4.99481
4770 4.99963
4780 5.00348
4790 5.02201
4800 5.04385
4810 5.05106
4820 5.0504
4830 5.05624
4840 5.06859
4850 5.07653
4860 5.07493
4870 5.07356
4880 5.07749
4890 5.08344
4900 5.09104
4910 5.09608
4920 5.10346
4930 5.10531
4940 5.10261
4950 5.10473
4960 5.11171
4970 5.11862
4980 5.12471
4990 5.13548
5000 5.14598
5010 5.14512
5020 5.13695
5030 5.14179
5040 5.15802
5050 5.17245
5060 5.17389
5070 5.17072
5080 5.17232
5090 5.17618
5100 5.17778
5110 5.17175
5120 5.15954
5130 5.15446
5140 5.15796
5150 5.16107
5160 5.16099
5170 5.1628
5180 5.1585
5190 5.1521
5200 5.14991
5210 5.15279
5220 5.1533
5230 5.15678
5240 5.16816
5250 5.17321
5260 5.17544
5270 5.18111
5280 5.19134
5290 5.19869
5300 5.20104
5310 5.20173
5320 5.20163
5330 5.20153
5340 5.20121
5350 5.20906
5360 5.22366
5370 5.23583
5380 5.23844
5390 5.22893
5400 5.22559
5410 5.23981
5420 5.25813
5430 5.26507
5440 5.26207
5450 5.26038
5460 5.26802
5470 5.28377
5480 5.30517
5490 5.32018
5500 5.3207
5510 5.31475
5520 5.32354
5530 5.33539
5540 5.33615
5550 5.33834
5560 5.34919
5570 5.35877
5580 5.35848
5590 5.3604
5600 5.37281
5610 5.38298
5620 5.37902
5630 5.37148
5640 5.3725
5650 5.38106
5660 5.38632
5670 5.39188
5680 5.40031
5690 5.40484
5700 5.4033
5710 5.40806
5720 5.42493
5730 5.44187
5740 5.45697
5750 5.47166
5760 5.48551
5770 5.4965
5780 5.51209
5790 5.53061
5800 5.53908
5810 5.53877
5820 5.54623
5830 5.55496
5840 5.55796
5850 5.55837
5860 5.57318
5870 5.58804
5880 5.58926
5890 5.5892
5900 5.59986
5910 5.61481
5920 5.62747
5930 5.63765
5940 5.64665
5950 5.65465
5960 5.66904
5970 5.69068
5980 5.70451
5990 5.71056
6000 5.72177
6010 5.73826
6020 5.75601
6030 5.77176
6040 5.78323
6050 5.78775
6060 5.79135
6070 5.80205
6080 5.80974
6090 5.81217
6100 5.82203
6110 5.84968
6120 5.87555
6130 5.88454
6140 5.89051
6150 5.90996
6160 5.9319
6170 5.95173
6180 5.96906
6190 5.9818
6200 5.98976
6210 5.99908
6220 6.00525
6230 6.00879
6240 6.01588
6250 6.0262
6260 6.03006
6270 6.0284
6280 6.02926
6290 6.03533
6300 6.04177
6310 6.0447
6320 6.05063
6330 6.05929
6340 6.06536
6350 6.07219
6360 6.08094
6370 6.08693
6380 6.08991
6390 6.09638
6400 6.10915
6410 6.12264
6420 6.12371
6430 6.12168
6440 6.12957
6450 6.14566
6460 6.15587
6470 6.16775
6480 6.18322
6490 6.19612
6500 6.20582
6510 6.21125
6520 6.22158
6530 6.2337
6540 6.24659
6550 6.25349
6560 6.25435
6570 6.25662
6580 6.26396
6590 6.27535
6600 6.2871
6610 6.30515
6620 6.32043
6630 6.32288
6640 6.32858
6650 6.35132
6660 6.37163
6670 6.37186
6680 6.37761
6690 6.40286
6700 6.43206
6710 6.45041
6720 6.46805
6730 6.49418
6740 6.51484
6750 6.52363
6760 6.52783
6770 6.53932
6780 6.54377
6790 6.53393
6800 6.52773
6810 6.5343
6820 6.54708
6830 6.55231
6840 6.55169
6850 6.55418
6860 6.56017
6870 6.5717
6880 6.57987
6890 6.58521
6900 6.59792
6910 6.61406
6920 6.62038
6930 6.61419
6940 6.60729
6950 6.60871
6960 6.61279
6970 6.61572
6980 6.61674
6990 6.62505
7000 6.63935
7010 6.6506
7020 6.66355
7030 6.67394
7040 6.67645
7050 6.66805
7060 6.6631
7070 6.66972
7080 6.67585
7090 6.66769
7100 6.65323
7110 6.64627
7120 6.64726
7130 6.65379
7140 6.65926
7150 6.66118
7160 6.66687
7170 6.68578
7180 6.69767
7190 6.69743
7200 6.68372
7210 6.67196
7220 6.67539
7230 6.68975
7240 6.69742
7250 6.69368
7260 6.69239
7270 6.69762
7280 6.70268
7290 6.71099
7300 6.72062
7310 6.7262
7320 6.72882
7330 6.73563
7340 6.74228
7350 6.74337
7360 6.74488
7370 6.74893
7380 6.75701
7390 6.76341
7400 6.76426
7410 6.76015
7420 6.76119
7430 6.77038
7440 6.77969
7450 6.77784
7460 6.76993
7470 6.77164
7480 6.7834
7490 6.78612
7500 6.78368
7510 6.79042
7520 6.80121
7530 6.80386
7540 6.81006
7550 6.81196
7560 6.81003
7570 6.80524
7580 6.80792
7590 6.81318
7600 6.8143
7610 6.81809
7620 6.82382
7630 6.82773
7640 6.83798
7650 6.84629
7660 6.84374
7670 6.84003
7680 6.84627
7690 6.85506
7700 6.85695
7710 6.85868
7720 6.86233
7730 6.86651
7740 6.86536
7750 6.86157
7760 6.86036
7770 6.8696
7780 6.88466
7790 6.8972
7800 6.90375
7810 6.91081
7820 6.92462
7830 6.9372
7840 6.95368
7850 6.9733
7860 6.98659
7870 6.99411
7880 7.00488
7890 7.0245
7900 7.03936
7910 7.05002
7920 7.05645
7930 7.06316
7940 7.07511
7950 7.0851
7960 7.08854
7970 7.08496
7980 7.08227
7990 7.08375
8000 7.09237
8010 7.10164
8020 7.10986
8030 7.10773
8040 7.09792
8050 7.09762
8060 7.1065
8070 7.11133
8080 7.10823
8090 7.11146
8100 7.11556
8110 7.10742
8120 7.09686
8130 7.0956
8140 7.10119
8150 7.10429
8160 7.10677
8170 7.10549
8180 7.10857
8190 7.11371
8200 7.11629
8210 7.1221
8220 7.13963
8230 7.15492
8240 7.15733
8250 7.15401
8260 7.15802
8270 7.16328
8280 7.16572
8290 7.17024
8300 7.18115
8310 7.195
8320 7.20307
8330 7.20586
8340 7.20866
8350 7.2171
8360 7.22602
8370 7.23458
8380 7.23941
8390 7.23797
8400 7.23967
8410 7.24569
8420 7.25387
8430 7.26252
8440 7.26774
8450 7.27324
8460 7.28392
8470 7.29719
8480 7.31294
8490 7.3213
8500 7.33167
8510 7.34973
8520 7.36798
8530 7.38374
8540 7.39886
8550 7.41537
8560 7.42785
8570 7.43714
8580 7.4462
8590 7.45446
8600 7.45445
8610 7.45908
8620 7.4742
8630 7.49635
8640 7.51314
8650 7.515
8660 7.51532
8670 7.52795
8680 7.54846
8690 7.56693
8700 7.57483
8710 7.57862
8720 7.58632
8730 7.60092
8740 7.61717
8750 7.6201
8760 7.61576
8770 7.6223
8780 7.64012
8790 7.64714
8800 7.64724
8810 7.65529
8820 7.66595
8830 7.68057
8840 7.69491
8850 7.70775
8860 7.71804
8870 7.72874
8880 7.73787
8890 7.74116
8900 7.74529
8910 7.75261
8920 7.76396
8930 7.7784
8940 7.78618
8950 7.79523
8960 7.8112
8970 7.8239
8980 7.82618
8990 7.83111
9000 7.8324
9010 7.828
9020 7.82704
9030 7.82915
9040 7.8414
9050 7.85992
9060 7.87347
9070 7.8835
9080 7.89024
9090 7.89499
9100 7.90387
9110 7.91348
9120 7.9233
9130 7.92885
9140 7.92824
9150 7.93523
9160 7.94701
9170 7.95723
9180 7.95513
9190 7.94921
9200 7.95615
9210 7.96827
9220 7.97366
9230 7.97507
9240 7.97709
9250 7.97388
9260 7.96583
9270 7.96024
9280 7.95547
9290 7.95135
9300 7.95074
9310 7.95779
9320 7.9636
9330 7.96074
9340 7.95102
9350 7.94321
9360 7.94384
9370 7.93929
9380 7.9351
9390 7.93642
9400 7.94409
9410 7.9545
9420 7.96094
9430 7.96343
9440 7.96905
9450 7.98638
9460 8.00413
9470 8.01634
9480 8.0314
9490 8.04214
9500 8.04832
9510 8.06145
9520 8.08538
9530 8.10679
9540 8.11373
9550 8.11458
9560 8.11596
9570 8.12494
9580 8.13694
9590 8.15074
9600 8.16642
9610 8.18423
9620 8.19523
9630 8.20291
9640 8.21515
9650 8.22483
9660 8.22709
9670 8.2298
9680 8.24575
9690 8.26965
9700 8.29048
9710 8.30437
9720 8.30729
9730 8.30592
9740 8.31637
9750 8.3373
9760 8.3484
9770 8.35376
9780 8.36082
9790 8.37389
9800 8.38828
9810 8.3982
9820 8.4117
9830 8.42733
9840 8.44552
9850 8.46107
9860 8.48138
9870 8.50797
9880 8.53226
9890 8.54894
9900 8.5595
9910 8.56807
9920 8.57513
9930 8.5885
9940 8.60441
9950 8.61244
9960 8.60979
9970 8.62063
9980 8.63831
9990 8.64885
10000 8.64932
10010 8.65306
10020 8.66495
10030 8.67057
10040 8.67529
10050 8.68364
10060 8.68796
10070 8.68813
10080 8.69535
10090 8.70807
10100 8.7151
10110 8.71685
10120 8.7207
10130 8.72671
10140 8.73452
10150 8.73497
10160 8.72851
10170 8.72638
10180 8.73259
10190 8.74908
10200 8.75887
10210 8.76046
10220 8.75809
10230 8.75818
10240 8.75554
10250 8.75607
10260 8.76404
10270 8.77246
10280 8.76845
10290 8.76845
10300 8.78362
10310 8.80195
10320 8.80479
10330 8.79639
10340 8.79321
10350 8.79714
10360 8.79729
10370 8.79395
10380 8.79332
10390 8.78982
10400 8.78344
10410 8.78443
10420 8.7882
10430 8.79409
10440 8.80056
10450 8.80519
10460 8.80747
10470 8.81051
10480 8.81951
10490 8.83581
10500 8.85232
10510 8.86705
10520 8.87983
10530 8.88537
10540 8.8945
10550 8.90734
10560 8.91379
10570 8.9202
10580 8.93516
10590 8.95432
10600 8.9564
10610 8.95481
10620 8.96539
10630 8.98043
10640 8.98886
10650 8.9999
10660 9.02057
10670 9.03534
10680 9.04219
10690 9.05877
10700 9.08222
10710 9.09255
10720 9.09523
10730 9.1116
10740 9.13915
10750 9.15632
10760 9.1661
10770 9.18587
10780 9.20571
10790 9.20242
10800 9.18327
10810 9.17878
10820 9.19492
10830 9.21459
10840 9.22641
10850 9.23305
10860 9.2392
10870 9.24808
10880 9.25706
10890 9.26368
10900 9.27095
10910 9.28594
10920 9.29947
10930 9.30593
10940 9.31277
10950 9.31455
10960 9.30973
10970 9.30686
10980 9.31422
10990 9.32136
11000 9.33156
11010 9.33837
11020 9.33788
11030 9.34015
11040 9.35038
11050 9.36067
11060 9.36273
11070 9.36438
11080 9.3728
11090 9.38524
11100 9.39767
11110 9.41329
11120 9.42755
11130 9.43189
11140 9.43714
11150 9.44938
11160 9.45111
11170 9.44328
11180 9.44163
11190 9.44865
11200 9.44847
11210 9.4381
11220 9.43319
11230 9.43615
11240 9.4427
11250 9.44847
11260 9.45014
11270 9.46063
11280 9.47992
11290 9.49519
11300 9.50506
11310 9.50677
11320 9.51208
11330 9.52488
11340 9.5463
11350 9.55635
11360 9.55268
11370 9.55118
11380 9.54711
11390 9.54231
11400 9.54084
11410 9.53719
11420 9.53968
11430 9.55189
11440 9.56688
11450 9.57607
11460 9.57963
11470 9.58085
11480 9.58564
11490 9.58998
11500 9.59434
11510 9.59528
11520 9.60369
11530 9.62245
11540 9.64534
11550 9.65545
11560 9.65425
11570 9.65894
11580 9.67524
11590 9.69238
11600 9.69858
11610 9.70419
11620 9.71756
11630 9.72835
11640 9.73609
11650 9.7494
11660 9.77103
11670 9.78615
11680 9.78512
11690 9.77885
11700 9.78218
11710 9.79767
11720 9.80943
11730 9.80684
11740 9.80787
11750 9.82007
11760 9.83394
11770 9.84209
11780 9.85067
11790 9.86105
11800 9.86643
11810 9.87572
11820 9.87534
11830 9.86515
11840 9.86218
11850 9.87148
11860 9.87839
11870 9.88073
11880 9.89245
11890 9.90603
11900 9.9126
11910 9.92083
11920 9.93943
11930 9.9433
11940 9.93426
11950 9.93231
11960 9.95044
11970 9.96176
11980 9.96961
11990 9.98131
12000 9.99241
12010 10.0062
12020 10.0245
12030 10.0399
12040 10.058
12050 10.071
12060 10.0766
12070 10.0736
12080 10.0716
12090 10.0723
12100 10.0767
12110 10.0857
12120 10.0905
12130 10.0951
12140 10.1082
12150 10.1282
12160 10.1373
12170 10.1415
12180 10.1427
12190 10.1386
12200 10.1346
12210 10.1407
12220 10.1438
12230 10.1334
12240 10.1277
12250 10.1382
12260 10.1487
12270 10.1461
12280 10.1343
12290 10.1303
12300 10.1384
12310 10.1401
12320 10.1334
12330 10.1333
12340 10.1436
12350 10.1519
12360 10.1508
12370 10.1538
12380 10.1668
12390 10.1774
12400 10.1779
12410 10.1835
12420 10.2062
12430 10.225
12440 10.2312
12450 10.2413
12460 10.2542
12470 10.2687
12480 10.2896
12490 10.3124
12500 10.3233
12510 10.3267
12520 10.3326
12530 10.3414
12540 10.3501
12550 10.3608
12560 10.3647
12570 10.3599
12580 10.3659
12590 10.3823
12600 10.4017
12610 10.4208
12620 10.4355
12630 10.4366
12640 10.4431
12650 10.4624
12660 10.4733
12670 10.4755
12680 10.4911
12690 10.5156
12700 10.5257
12710 10.5264
12720 10.5275
12730 10.5288
12740 10.5255
12750 10.5294
12760 10.5405
12770 10.5486
12780 10.5485
12790 10.5479
12800 10.5644
12810 10.5847
12820 10.5869
12830 10.5903
12840 10.6006
12850 10.6113
12860 10.6239
12870 10.6491
12880 10.6723
12890 10.6756
12900 10.6672
12910 10.6694
12920 10.6877
12930 10.6995
12940 10.6977
12950 10.6966
12960 10.7096
12970 10.7342
12980 10.7539
12990 10.7649
13000 10.7847
13010 10.8058
13020 10.8202
13030 10.8292
13040 10.8462
13050 10.8667
13060 10.8716
13070 10.8809
13080 10.9021
13090 10.9201
13100 10.9272
13110 10.9409
13120 10.9651
13130 10.9846
13140 10.9968
13150 11.0128
13160 11.025
13170 11.0286
13180 11.0364
13190 11.0493
13200 11.0553
13210 11.0694
13220 11.0998
13230 11.1219
13240 11.1247
13250 11.1317
13260 11.148
13270 11.1583
13280 11.1606
13290 11.1578
13300 11.1645
13310 11.1716
13320 11.1752
13330 11.1674
13340 11.1608
13350 11.1659
13360 11.1785
13370 11.1907
13380 11.2069
13390 11.2257
13400 11.2343
13410 11.2371
13420 11.244
13430 11.2506
13440 11.2553
13450 11.2531
13460 11.259
13470 11.2667
13480 11.2707
13490 11.2711
13500 11.2776
13510 11.285
13520 11.2851
13530 11.2959
13540 11.3065
13550 11.304
13560 11.2971
13570 11.2971
13580 11.2936
13590 11.2894
13600 11.2814
13610 11.2758
13620 11.2746
13630 11.2771
13640 11.2903
13650 11.3107
13660 11.324
13670 11.3325
13680 11.3471
13690 11.3606
13700 11.3698
13710 11.3751
13720 11.3873
13730 11.4057
13740 11.4136
13750 11.4099
13760 11.4143
13770 11.4325
13780 11.4507
13790 11.457
13800 11.4582
13810 11.4554
13820 11.4644
13830 11.4829
13840 11.4836
13850 11.4732
13860 11.4778
13870 11.4892
13880 11.4874
13890 11.4818
13900 11.4917
13910 11.5037
13920 11.5061
13930 11.5023
13940 11.4926
13950 11.4753
13960 11.456
13970 11.4508
13980 11.4532
13990 11.4543
14000 11.4552
14010 11.4476
14020 11.4371
14030 11.44
14040 11.4461
14050 11.4506
14060 11.4533
14070 11.4616
14080 11.4735
14090 11.48
14100 11.4757
14110 11.4651
14120 11.4632
14130 11.4647
14140 11.4637
14150 11.471
14160 11.4819
14170 11.4878
14180 11.49
14190 11.5012
14200 11.5206
14210 11.5377
14220 11.555
14230 11.575
14240 11.599
14250 11.614
14260 11.6167
14270 11.6199
14280 11.6299
14290 11.64
14300 11.6441
14310 11.657
14320 11.6766
14330 11.6894
14340 11.6865
14350 11.6779
14360 11.6775
14370 11.6897
14380 11.7052
14390 11.7181
14400 11.7323
14410 11.7446
14420 11.7515
14430 11.7598
14440 11.7686
14450 11.7689
14460 11.768
14470 11.7731
14480 11.7825
14490 11.801
14500 11.8203
14510 11.838
14520 11.8568
14530 11.8808
14540 11.9021
14550 11.912
14560 11.9181
14570 11.9391
14580 11.9611
14590 11.9649
14600 11.9729
14610 11.9928
14620 12.0116
14630 12.0201
14640 12.0258
14650 12.0277
14660 12.0199
14670 12.0233
14680 12.0308
14690 12.0238
14700 12.0056
14710 12.0002
14720 12.0098
14730 12.0103
14740 12.0058
14750 12.008
14760 12.0106
14770 12.0053
14780 12.0108
14790 12.0332
14800 12.0602
14810 12.0707
14820 12.0721
14830 12.0818
14840 12.1004
14850 12.1059
14860 12.1011
14870 12.1044
14880 12.1181
14890 12.1301
14900 12.1376
14910 12.1453
14920 12.1534
14930 12.1613
14940 12.1648
14950 12.1665
14960 12.1804
14970 12.2059
14980 12.2273
14990 12.2392
15000 12.2533
15010 12.2796
15020 12.3008
15030 12.3063
15040 12.3109
15050 12.3217
15060 12.337
15070 12.3526
15080 12.3636
15090 12.3721
15100 12.39
15110 12.4079
15120 12.4058
15130 12.3982
15140 12.4128
15150 12.4429
15160 12.4562
15170 12.456
15180 12.4611
15190 12.4732
15200 12.4768
15210 12.492
15220 12.5284
15230 12.5536
15240 12.5589
15250 12.5556
15260 12.555
15270 12.5671
15280 12.5816
15290 12.5863
15300 12.5905
15310 12.5908
15320 12.5964
15330 12.6082
15340 12.6192
15350 12.6179
15360 12.6082
15370 12.6054
15380 12.6184
15390 12.6317
15400 12.633
15410 12.6246
15420 12.6154
15430 12.6089
15440 12.6054
15450 12.6106
15460 12.6171
15470 12.6118
15480 12.6108
15490 12.6247
15500 12.6349
15510 12.6392
15520 12.6417
15530 12.6495
15540 12.6654
15550 12.6841
15560 12.702
15570 12.722
15580 12.7527
15590 12.7908
15600 12.8154
15610 12.8254
15620 12.8379
15630 12.8558
15640 12.8769
15650 12.9037
15660 12.9302
15670 12.9513
15680 12.9712
15690 12.9897
15700 13.0023
15710 13.0154
15720 13.029
15730 13.0469
15740 13.0657
15750 13.0868
15760 13.1068
15770 13.1177
15780 13.1202
15790 13.1217
15800 13.1305
15810 13.1438
15820 13.1517
15830 13.155
15840 13.1708
15850 13.1894
15860 13.2034
15870 13.2137
15880 13.224
15890 13.2306
15900 13.2278
15910 13.2258
15920 13.2299
15930 13.2278
15940 13.2248
15950 13.2315
15960 13.2362
15970 13.2344
15980 13.2369
15990 13.245
16000 13.2539
16010 13.2579
16020 13.2533
16030 13.2465
16040 13.2461
16050 13.2489
16060 13.249
16070 13.2499
16080 13.2528
16090 13.2622
16100 13.2645
16110 13.2575
16120 13.2502
16130 13.2591
16140 13.2687
16150 13.2641
16160 13.2539
16170 13.2482
16180 13.2488
16190 13.2472
16200 13.249
16210 13.2487
16220 13.2526
16230 13.2609
16240 13.2665
16250 13.2633
16260 13.2689
16270 13.2842
16280 13.2952
16290 13.2996
16300 13.2985
16310 13.3027
16320 13.3182
16330 13.3362
16340 13.3441
16350 13.34
16360 13.3316
16370 13.3257
16380 13.3273
16390 13.3249
16400 13.3065
16410 13.2871
16420 13.2788
16430 13.2819
16440 13.283
16450 13.2946
16460 13.3219
16470 13.3517
16480 13.3646
16490 13.3709
16500 13.3852
16510 13.3948
16520 13.4046
16530 13.415
16540 13.4204
16550 13.429
16560 13.4482
16570 13.4634
16580 13.4697
16590 13.4727
16600 13.4759
16610 13.4808
16620 13.4932
16630 13.5027
16640 13.5015
16650 13.4975
16660 13.5056
16670 13.5235
16680 13.5421
16690 13.5596
16700 13.5661
16710 13.5656
16720 13.5693
16730 13.5819
16740 13.6036
16750 13.6272
16760 13.6379
16770 13.6498
16780 13.6694
16790 13.6891
16800 13.697
16810 13.7019
16820 13.7091
16830 13.7183
16840 13.7269
16850 13.7291
16860 13.7322
16870 13.7291
16880 13.7249
16890 13.7324
16900 13.7402
16910 13.7555
16920 13.7709
16930 13.7701
16940 13.7646
16950 13.7619
16960 13.7516
16970 13.7401
16980 13.742
16990 13.7585
17000 13.7679
17010 13.7639
17020 13.7541
17030 13.7502
17040 13.7445
17050 13.7289
17060 13.7124
17070 13.7104
17080 13.7229
17090 13.7362
17100 13.732
17110 13.715
17120 13.7051
17130 13.7244
17140 13.7556
17150 13.7743
17160 13.7672
17170 13.752
17180 13.7479
17190 13.7669
17200 13.7929
17210 13.8003
17220 13.7919
17230 13.7822
17240 13.7903
17250 13.8123
17260 13.8343
17270 13.8416
17280 13.8444
17290 13.8543
17300 13.8664
17310 13.8616
17320 13.85
17330 13.8537
17340 13.8718
17350 13.8821
17360 13.884
17370 13.8931
17380 13.8962
17390 13.8831
17400 13.875
17410 13.888
17420 13.9019
17430 13.8938
17440 13.8798
17450 13.8857
17460 13.9009
17470 13.9195
17480 13.9256
17490 13.9143
17500 13.907
17510 13.9114
17520 13.9164
17530 13.9083
17540 13.8997
17550 13.8912
17560 13.8886
17570 13.8889
17580 13.8907
17590 13.8955
17600 13.9053
17610 13.9111
17620 13.9196
17630 13.9369
17640 13.9584
17650 13.9704
17660 13.9792
17670 13.9974
17680 14.0153
17690 14.0255
17700 14.0303
17710 14.0276
17720 14.0169
17730 14.0213
17740 14.0415
17750 14.0553
17760 14.0565
17770 14.0562
17780 14.0484
17790 14.0431
17800 14.0551
17810 14.0784
17820 14.0927
17830 14.0884
17840 14.0778
17850 14.0826
17860 14.0995
17870 14.1185
17880 14.1314
17890 14.1412
17900 14.1536
17910 14.1675
17920 14.1708
17930 14.1736
17940 14.1761
17950 14.1783
17960 14.1779
17970 14.1691
17980 14.167
17990 14.1866
18000 14.2118
18010 14.2186
18020 14.2114
18030 14.2123
18040 14.2132
18050 14.2105
18060 14.216
18070 14.234
18080 14.2443
18090 14.2322
18100 14.2207
18110 14.2266
18120 14.2415
18130 14.2648
18140 14.2907
18150 14.2992
18160 14.296
18170 14.2892
18180 14.2847
18190 14.2813
18200 14.2846
18210 14.2955
18220 14.3014
18230 14.3063
18240 14.3168
18250 14.3168
18260 14.3127
18270 14.3289
18280 14.3654
18290 14.3942
18300 14.4001
18310 14.388
18320 14.3808
18330 14.3815
18340 14.3838
18350 14.3762
18360 14.3629
18370 14.3544
18380 14.3524
18390 14.3466
18400 14.3477
18410 14.3556
18420 14.3631
18430 14.3648
18440 14.3694
18450 14.3806
18460 14.3951
18470 14.4015
18480 14.4025
18490 14.4186
18500 14.4432
18510 14.4508
18520 14.4486
18530 14.448
18540 14.4595
18550 14.4718
18560 14.4772
18570 14.4924
18580 14.517
18590 14.5371
18600 14.5461
18610 14.5507
18620 14.5618
18630 14.5722
18640 14.5772
18650 14.5906
18660 14.6117
18670 14.6225
18680 14.62
18690 14.6141
18700 14.6011
18710 14.5987
18720 14.616
18730 14.6414
18740 14.6469
18750 14.6397
18760 14.6434
18770 14.6545
18780 14.6564
18790 14.6549
18800 14.6709
18810 14.6988
18820 14.722
18830 14.7282
18840 14.7333
18850 14.7488
18860 14.7713
18870 14.779
18880 14.7712
18890 14.7677
18900 14.7694
18910 14.7824
18920 14.7991
18930 14.801
18940 14.7957
18950 14.7942
18960 14.8052
18970 14.8066
18980 14.7999
18990 14.8034
19000 14.8258
19010 14.8426
19020 14.8388
19030 14.8438
19040 14.874
19050 14.902
19060 14.9112
19070 14.9145
19080 14.9182
19090 14.9249
19100 14.9294
19110 14.9287
19120 14.9291
19130 14.938
19140 14.9515
19150 14.9571
19160 14.9579
19170 14.9512
19180 14.944
19190 14.9384
19200 14.9308
19210 14.9346
19220 14.9488
19230 14.9698
19240 14.9783
19250 14.9751
19260 14.9761
19270 14.9776
19280 14.9751
19290 14.9678
19300 14.9596
19310 14.943
19320 14.9231
19330 14.9123
19340 14.928
19350 14.9492
19360 14.9415
19370 14.9163
19380 14.9113
19390 14.9208
19400 14.9131
19410 14.9029
19420 14.9101
19430 14.9239
19440 14.9359
19450 14.9361
19460 14.932
19470 14.9359
19480 14.9507
19490 14.9708
19500 14.9816
19510 14.9736
19520 14.9575
19530 14.9605
19540 14.976
19550 14.9827
19560 14.9771
19570 14.9805
19580 14.9911
19590 14.9977
19600 15.0052
19610 15.0073
19620 15.0014
19630 15.0048
19640 15.0213
19650 15.0403
19660 15.0527
19670 15.0652
19680 15.0741
19690 15.0792
19700 15.0924
19710 15.115
19720 15.1268
19730 15.1391
19740 15.1612
19750 15.1822
19760 15.1909
19770 15.1956
19780 15.2072
19790 15.2187
19800 15.2372
19810 15.2598
19820 15.2738
19830 15.2795
19840 15.2961
19850 15.321
19860 15.3408
19870 15.3528
19880 15.3633
19890 15.3726
19900 15.3788
19910 15.3738
19920 15.3689
19930 15.3778
19940 15.3985
19950 15.4171
19960 15.4182
19970 15.4188
19980 15.4371
19990 15.4659
20000 15.479
20010 15.4772
20020 15.4718
20030 15.4786
20040 15.4814
20050 15.4722
20060 15.4671
20070 15.4758
20080 15.4864
20090 15.4837
20100 15.4797
20110 15.4877
20120 15.504
20130 15.5071
20140 15.503
20150 15.5046
20160 15.5143
20170 15.534
20180 15.5542
20190 15.564
20200 15.5709
20210 15.5753
20220 15.5713
20230 15.5823
20240 15.6035
20250 15.6224
20260 15.6337
20270 15.6408
20280 15.6646
20290 15.6852
20300 15.6885
20310 15.6894
20320 15.7017
20330 15.7246
20340 15.7414
20350 15.7436
20360 15.7447
20370 15.7493
20380 15.7524
20390 15.7569
20400 15.7667
20410 15.7762
20420 15.7655
20430 15.7543
20440 15.7547
20450 15.7579
20460 15.7639
20470 15.769
20480 15.7566
20490 15.7397
20500 15.7274
20510 15.7087
20520 15.6946
20530 15.6908
20540 15.6953
20550 15.6983
20560 15.6993
20570 15.6917
20580 15.68
20590 15.6762
20600 15.6869
20610 15.6914
20620 15.6821
20630 15.6649
20640 15.6617
20650 15.6727
20660 15.6787
20670 15.678
20680 15.6852
20690 15.7064
20700 15.7215
20710 15.7393
20720 15.7616
20730 15.7616
20740 15.7452
20750 15.7297
20760 15.7264
20770 15.7313
20780 15.7451
20790 15.7514
20800 15.7512
20810 15.7548
20820 15.7747
20830 15.7948
20840 15.7977
20850 15.7937
20860 15.8108
20870 15.8396
20880 15.8467
20890 15.8397
20900 15.8457
20910 15.8608
20920 15.868
20930 15.879
20940 15.9068
20950 15.9423
20960 15.9675
20970 15.9682
20980 15.9482
20990 15.9386
21000 15.9595
21010 15.9838
21020 15.9857
21030 15.9773
21040 15.9822
21050 16.0001
21060 16.0097
21070 16.0058
21080 15.9972
21090 15.9897
21100 15.991
21110 15.9966
21120 15.9954
21130 15.9956
21140 16.0028
21150 16.0051
21160 16.0032
21170 16.0163
21180 16.0432
21190 16.0502
21200 16.0377
21210 16.0426
21220 16.0643
21230 16.0733
21240 16.0871
21250 16.0988
21260 16.0909
21270 16.071
21280 16.0668
21290 16.0699
21300 16.0709
21310 16.0698
21320 16.0679
21330 16.0715
21340 16.0756
21350 16.0748
21360 16.078
21370 16.093
21380 16.1152
21390 16.1411
21400 16.1612
21410 16.1682
21420 16.1733
21430 16.18
21440 16.1895
21450 16.2088
21460 16.2304
21470 16.236
21480 16.2347
21490 16.2454
21500 16.2637
21510 16.2583
21520 16.2419
21530 16.2439
21540 16.2628
21550 16.2749
21560 16.27
21570 16.2653
21580 16.2716
21590 16.2834
21600 16.3091
21610 16.3421
21620 16.3594
21630 16.3576
21640 16.36
21650 16.3797
21660 16.3903
21670 16.3857
21680 16.3882
21690 16.4014
21700 16.4174
21710 16.4339
21720 16.4534
21730 16.4659
21740 16.4706
21750 16.4863
21760 16.5084
21770 16.5059
21780 16.4958
21790 16.5041
21800 16.5186
21810 16.5397
21820 16.5569
21830 16.5632
21840 16.5619
21850 16.5613
21860 16.565
21870 16.5659
21880 16.5685
21890 16.5712
21900 16.5662
21910 16.5576
21920 16.5648
21930 16.5908
21940 16.611
21950 16.6277
21960 16.6486
21970 16.6692
21980 16.6777
21990 16.6639
22000 16.6513
22010 16.6596
22020 16.687
22030 16.7091
22040 16.7197
22050 16.7232
22060 16.7228
22070 16.7264
22080 16.7521
22090 16.7832
22100 16.7878
22110 16.7723
22120 16.7691
22130 16.7837
22140 16.7903
22150 16.7809
22160 16.775
22170 16.7787
22180 16.7705
22190 16.7643
22200 16.77
22210 16.7729
22220 16.7785
22230 16.7818
22240 16.7769
22250 16.7844
22260 16.8021
22270 16.8194
22280 16.8236
22290 16.8288
22300 16.8527
22310 16.8924
22320 16.9207
22330 16.9332
22340 16.951
22350 16.9656
22360 16.9667
22370 16.978
22380 17.0136
22390 17.0439
22400 17.0526
22410 17.0669
22420 17.0871
22430 17.0907
22440 17.0923
22450 17.1142
22460 17.1426
22470 17.1631
22480 17.1845
22490 17.2162
22500 17.2283
22510 17.2243
22520 17.2496
22530 17.2938
22540 17.3155
22550 17.3251
22560 17.3394
22570 17.3539
22580 17.3617
22590 17.3739
22600 17.3887
22610 17.3955
22620 17.3909
22630 17.385
22640 17.3972
22650 17.4166
22660 17.4321
22670 17.4286
22680 17.4272
22690 17.4304
22700 17.4251
22710 17.4217
22720 17.4296
22730 17.438
22740 17.4276
22750 17.4146
22760 17.4127
22770 17.4051
22780 17.3875
22790 17.368
22800 17.373
22810 17.3973
22820 17.4242
22830 17.442
22840 17.4534
22850 17.4609
22860 17.46
22870 17.4652
22880 17.4778
22890 17.4843
22900 17.4985
22910 17.521
22920 17.5263
22930 17.5233
22940 17.5337
22950 17.5548
22960 17.5655
22970 17.5698
22980 17.5766
22990 17.5852
23000 17.592
23010 17.5958
23020 17.6018
23030 17.6156
23040 17.6256
23050 17.6211
23060 17.6053
23070 17.5976
23080 17.6026
23090 17.6086
23100 17.6091
23110 17.6148
23120 17.6327
23130 17.6429
23140 17.639
23150 17.6416
23160 17.6608
23170 17.67
23180 17.6534
23190 17.636
23200 17.6425
23210 17.6662
23220 17.6719
23230 17.6708
23240 17.6786
23250 17.6919
23260 17.6967
23270 17.6972
23280 17.7116
23290 17.7204
23300 17.7148
23310 17.7221
23320 17.7432
23330 17.7669
23340 17.7933
23350 17.8115
23360 17.8142
23370 17.8113
23380 17.8158
23390 17.8263
23400 17.8379
23410 17.8433
23420 17.8454
23430 17.8593
23440 17.8812
23450 17.8957
23460 17.9052
23470 17.9003
23480 17.8893
23490 17.8898
23500 17.898
23510 17.9073
23520 17.9179
23530 17.9196
23540 17.9215
23550 17.9262
23560 17.933
23570 17.9346
23580 17.9359
23590 17.9423
23600 17.9536
23610 17.9806
23620 18.0084
23630 18.0058
23640 17.9983
23650 18.0163
23660 18.0392
23670 18.0458
23680 18.0392
23690 18.041
23700 18.061
23710 18.0745
23720 18.0788
23730 18.082
23740 18.0857
23750 18.0936
23760 18.1217
23770 18.1402
23780 18.1326
23790 18.1081
23800 18.1039
23810 18.1272
23820 18.1437
23830 18.1367
23840 18.1217
23850 18.1258
23860 18.1343
23870 18.136
23880 18.141
23890 18.153
23900 18.1606
23910 18.15
23920 18.1301
23930 18.1242
23940 18.1346
23950 18.1342
23960 18.1224
23970 18.12
23980 18.124
23990 18.1316
24000 18.14
24010 18.1604
24020 18.1759
24030 18.1759
24040 18.1617
24050 18.1457
24060 18.1433
24070 18.1515
24080 18.1633
24090 18.1636
24100 18.1521
24110 18.134
24120 18.1233
24130 18.1186
24140 18.112
24150 18.1049
24160 18.0991
24170 18.1092
24180 18.1165
24190 18.1142
24200 18.1111
24210 18.1198
24220 18.1338
24230 18.1424
24240 18.1463
24250 18.1577
24260 18.1833
24270 18.1947
24280 18.1935
24290 18.2097
24300 18.2331
24310 18.2465
24320 18.2588
24330 18.2886
24340 18.3162
24350 18.3276
24360 18.3441
24370 18.359
24380 18.3615
24390 18.3707
24400 18.3941
24410 18.4055
24420 18.4077
24430 18.4195
24440 18.4475
24450 18.4707
24460 18.4787
24470 18.4873
24480 18.5158
24490 18.5488
24500 18.5634
24510 18.5523
24520 18.5317
24530 18.5115
24540 18.5008
24550 18.5014
24560 18.4994
24570 18.4852
24580 18.4659
24590 18.4599
24600 18.4661
24610 18.452
24620 18.4254
24630 18.4173
24640 18.4255
24650 18.4321
24660 18.4309
24670 18.4316
24680 18.4328
24690 18.4279
24700 18.4152
24710 18.3974
24720 18.392
24730 18.3985
24740 18.4032
24750 18.4111
24760 18.4193
24770 18.4242
24780 18.431
24790 18.4418
24800 18.4501
24810 18.4636
24820 18.4757
24830 18.4856
24840 18.4979
24850 18.5068
24860 18.5118
24870 18.514
24880 18.5217
24890 18.5443
24900 18.5708
24910 18.5834
24920 18.598
24930 18.6195
24940 18.644
24950 18.6687
24960 18.6918
24970 18.7031
24980 18.7089
24990 18.7186
25000 18.7393
25010 18.7429
25020 18.7373
25030 18.747
25040 18.7724
25050 18.7958
25060 18.8111
25070 18.8123
25080 18.8209
25090 18.8336
25100 18.8399
25110 18.8461
25120 18.8581
25130 18.8685
25140 18.8689
25150 18.8758
25160 18.893
25170 18.9072
25180 18.9101
25190 18.9162
25200 18.9294
25210 18.941
25220 18.9412
25230 18.9393
25240 18.955
25250 18.9693
25260 18.9741
25270 18.9756
25280 18.966
25290 18.949
25300 18.9386
25310 18.9442
25320 18.9566
25330 18.9589
25340 18.9513
25350 18.9523
25360 18.9732
25370 18.99
25380 18.9913
25390 18.9835
25400 18.9936
25410 19.0305
25420 19.0632
25430 19.0787
25440 19.0847
25450 19.0977
25460 19.1158
25470 19.1286
25480 19.1441
25490 19.158
25500 19.17
25510 19.1662
25520 19.162
25530 19.1727
25540 19.2088
25550 19.2422
25560 19.2482
25570 19.2294
25580 19.2236
25590 19.2331
25600 19.2485
25610 19.2619
25620 19.2615
25630 19.2524
25640 19.2467
25650 19.2604
25660 19.2739
25670 19.281
25680 19.2878
25690 19.2903
25700 19.2835
25710 19.2812
25720 19.293
25730 19.3035
25740 19.31
25750 19.3257
25760 19.3501
25770 19.3593
25780 19.3637
25790 19.3821
25800 19.4022
25810 19.3979
25820 19.3872
25830 19.392
25840 19.4145
25850 19.4268
25860 19.4454
25870 19.4774
25880 19.4927
25890 19.4806
25900 19.4736
25910 19.4746
25920 19.4697
25930 19.461
25940 19.4637
25950 19.474
25960 19.4701
25970 19.4551
25980 19.4485
25990 19.4598
26000 19.4778
26010 19.5
26020 19.5207
26030 19.5349
26040 19.5435
26050 19.5487
26060 19.5491
26070 19.5543
26080 19.5645
26090 19.5787
26100 19.5906
26110 19.5993
26120 19.605
26130 19.6064
26140 19.6121
26150 19.6185
26160 19.6166
26170 19.6087
26180 19.6002
26190 19.5933
26200 19.5794
26210 19.5734
26220 19.5675
26230 19.5582
26240 19.5441
26250 19.5395
26260 19.553
26270 19.5701
26280 19.5906
26290 19.6095
26300 19.6208
26310 19.622
26320 19.6322
26330 19.6318
26340 19.609
26350 19.5917
26360 19.5925
26370 19.5847
26380 19.5769
26390 19.5823
26400 19.5971
26410 19.6038
26420 19.5957
26430 19.5973
26440 19.6107
26450 19.6172
26460 19.6151
26470 19.6212
26480 19.6296
26490 19.6233
26500 19.6067
26510 19.5994
26520 19.6151
26530 19.6357
26540 19.639
26550 19.6253
26560 19.6124
26570 19.6182
26580 19.638
26590 19.6568
26600 19.6663
26610 19.6714
26620 19.6879
26630 19.7075
26640 19.707
26650 19.6997
26660 19.7014
26670 19.7182
26680 19.7276
26690 19.7103
26700 19.6913
26710 19.6921
26720 19.7078
26730 19.7207
26740 19.7241
26750 19.7255
26760 19.7203
26770 19.7268
26780 19.7281
26790 19.7171
26800 19.7025
26810 19.6837
26820 19.6764
26830 19.6755
26840 19.6831
26850 19.6832
26860 19.6841
26870 19.7031
26880 19.7384
26890 19.7574
26900 19.7539
26910 19.7513
26920 19.755
26930 19.7613
26940 19.7786
26950 19.8039
26960 19.8359
26970 19.8571
26980 19.8554
26990 19.8526
27000 19.8726
27010 19.9066
27020 19.932
27030 19.9388
27040 19.9363
27050 19.9464
27060 19.9758
27070 19.9973
27080 20.0075
27090 20.0257
27100 20.0477
27110 20.0662
27120 20.0826
27130 20.1001
27140 20.1185
27150 20.1335
27160 20.1482
27170 20.1643
27180 20.1753
27190 20.177
27200 20.194
27210 20.2189
27220 20.2339
27230 20.2294
27240 20.2199
27250 20.2194
27260 20.2219
27270 20.2158
27280 20.1998
27290 20.1877
27300 20.1894
27310 20.1937
27320 20.1819
27330 20.158
27340 20.1352
27350 20.1273
27360 20.1248
27370 20.1191
27380 20.1001
27390 20.0699
27400 20.0389
27410 20.0262
27420 20.0206
27430 20.015
27440 20.0063
27450 19.9805
27460 19.9588
27470 19.9635
27480 19.9791
27490 19.9864
27500 19.989
27510 20
27520 20.0173
27530 20.0321
27540 20.0347
27550 20.041
27560 20.0511
27570 20.0682
27580 20.0752
27590 20.0829
27600 20.1
27610 20.1145
27620 20.1234
27630 20.1217
27640 20.1254
27650 20.1392
27660 20.1452
27670 20.1446
27680 20.1558
27690 20.1808
27700 20.1835
27710 20.1681
27720 20.1627
27730 20.1736
27740 20.1994
27750 20.2268
27760 20.2462
27770 20.2493
27780 20.2354
27790 20.2171
27800 20.2056
27810 20.1948
27820 20.1873
27830 20.2055
27840 20.2255
27850 20.2174
27860 20.1942
27870 20.1881
27880 20.1983
27890 20.2043
27900 20.2098
27910 20.2226
27920 20.2442
27930 20.2689
27940 20.2835
27950 20.2775
27960 20.2755
27970 20.2874
27980 20.3025
27990 20.3072
28000 20.3132
28010 20.3298
28020 20.355
28030 20.3618
28040 20.36
28050 20.372
28060 20.3904
28070 20.4073
28080 20.4165
28090 20.4207
28100 20.4314
28110 20.4398
28120 20.4389
28130 20.4257
28140 20.4162
28150 20.4165
28160 20.4335
28170 20.444
28180 20.4485
28190 20.4535
28200 20.4629
28210 20.4726
28220 20.4725
28230 20.466
28240 20.4581
28250 20.4633
28260 20.4821
28270 20.5073
28280 20.5129
28290 20.5032
28300 20.5072
28310 20.5351
28320 20.5714
28330 20.6007
28340 20.6211
28350 20.6271
28360 20.6281
28370 20.6299
28380 20.6368
28390 20.6483
28400 20.6536
28410 20.656
28420 20.668
28430 20.7007
28440 20.7335
28450 20.7392
28460 20.7439
28470 20.7667
28480 20.7966
28490 20.817
28500 20.8269
28510 20.8366
28520 20.8483
28530 20.8586
28540 20.8466
28550 20.8489
28560 20.8732
28570 20.8925
28580 20.8781
28590 20.865
28600 20.8795
28610 20.904
28620 20.9101
28630 20.9013
28640 20.8921
28650 20.8817
28660 20.8792
28670 20.8876
28680 20.8929
28690 20.8918
28700 20.9059
28710 20.9253
28720 20.9302
28730 20.9237
28740 20.9347
28750 20.9535
28760 20.9574
28770 20.9525
28780 20.9522
28790 20.9444
28800 20.9348
28810 20.9361
28820 20.9475
28830 20.9535
28840 20.9453
28850 20.9417
28860 20.9531
28870 20.9548
28880 20.947
28890 20.9491
28900 20.9615
28910 20.9555
28920 20.9458
28930 20.9599
28940 20.9852
28950 20.9887
28960 20.9918
28970 20.9967
28980 20.9982
28990 20.9948
29000 20.9947
29010 20.9984
29020 20.9933
29030 20.9942
29040 21.0005
29050 20.999
29060 21.0032
29070 21.0281
29080 21.0425
29090 21.046
29100 21.0641
29110 21.1083
29120 21.1538
29130 21.1797
29140 21.1937
29150 21.215
29160 21.241
29170 21.2609
29180 21.2631
29190 21.2606
29200 21.2657
29210 21.2781
29220 21.2887
29230 21.2951
29240 21.2927
29250 21.2844
29260 21.2766
29270 21.2928
29280 21.3196
29290 21.3238
29300 21.3172
29310 21.3216
29320 21.3412
29330 21.3552
29340 21.3508
29350 21.3419
29360 21.3427
29370 21.3542
29380 21.3705
29390 21.385
29400 21.3992
29410 21.4082
29420 21.4201
29430 21.4284
29440 21.4429
29450 21.4467
29460 21.4488
29470 21.4577
29480 21.468
29490 21.4694
29500 21.4493
29510 21.4325
29520 21.444
29530 21.4596
29540 21.4593
29550 21.4595
29560 21.4612
29570 21.4645
29580 21.4768
29590 21.4828
29600 21.483
29610 21.4861
29620 21.5023
29630 21.5142
29640 21.5196
29650 21.5204
29660 21.5184
29670 21.5284
29680 21.5586
29690 21.5948
29700 21.6241
29710 21.6497
29720 21.6714
29730 21.6987
29740 21.7371
29750 21.7631
29760 21.7726
29770 21.7958
29780 21.8325
29790 21.8651
29800 21.8836
29810 21.8939
29820 21.8984
29830 21.9105
29840 21.9307
29850 21.9475
29860 21.9563
29870 21.9602
29880 21.962
29890 21.957
29900 21.9659
29910 21.9889
29920 22.0083
29930 22.0166
29940 22.0266
29950 22.0342
29960 22.0304
29970 22.0313
29980 22.0515
29990 22.0697
30000 22.0738
30010 22.0713
30020 22.0634
30030 22.0705
30040 22.099
30050 22.1181
30060 22.1203
30070 22.1291
30080 22.1433
30090 22.1469
30100 22.1545
30110 22.1753
30120 22.1935
30130 22.1978
30140 22.1958
30150 22.1977
30160 22.1971
30170 22.1969
30180 22.1953
30190 22.1987
30200 22.1951
30210 22.1905
30220 22.193
30230 22.1933
30240 22.1961
30250 22.2061
30260 22.212
30270 22.2142
30280 22.2189
30290 22.2206
30300 22.2154
30310 22.2044
30320 22.1956
30330 22.204
30340 22.2203
30350 22.2229
30360 22.2058
30370 22.1943
30380 22.1993
30390 22.2029
30400 22.2084
30410 22.2105
30420 22.1966
30430 22.1746
30440 22.1656
30450 22.1734
30460 22.1842
30470 22.1852
30480 22.1818
30490 22.1895
30500 22.2019
30510 22.214
30520 22.2175
30530 22.2027
30540 22.2022
30550 22.2201
30560 22.2321
30570 22.2439
30580 22.2658
30590 22.2866
30600 22.2913
30610 22.2954
30620 22.2987
30630 22.3059
30640 22.3251
30650 22.3424
30660 22.333
30670 22.3139
30680 22.3115
30690 22.3123
30700 22.2995
30710 22.2964
30720 22.3211
30730 22.3408
30740 22.3328
30750 22.3358
30760 22.3708
30770 22.403
30780 22.4102
30790 22.4105
30800 22.428
30810 22.4496
30820 22.4616
30830 22.4661
30840 22.4761
30850 22.4947
30860 22.5119
30870 22.5126
30880 22.5071
30890 22.5175
30900 22.532
30910 22.5466
30920 22.5471
30930 22.5442
30940 22.5528
30950 22.5761
30960 22.6027
30970 22.6211
30980 22.6371
30990 22.6639
31000 22.6857
31010 22.6937
31020 22.7101
31030 22.7354
31040 22.7586
31050 22.7714
31060 22.7717
31070 22.7819
31080 22.8008
31090 22.8172
31100 22.8206
31110 22.8037
31120 22.7954
31130 22.8006
31140 22.8211
31150 22.8465
31160 22.8658
31170 22.8788
31180 22.887
31190 22.8887
31200 22.9055
31210 22.9325
31220 22.9473
31230 22.9349
31240 22.9197
31250 22.9384
31260 22.9698
31270 22.9922
31280 22.9947
31290 22.9899
31300 23.0117
31310 23.056
31320 23.0856
31330 23.0949
31340 23.0992
31350 23.1075
31360 23.1109
31370 23.1181
31380 23.1202
31390 23.128
31400 23.1481
31410 23.1733
31420 23.1818
31430 23.1872
31440 23.1946
31450 23.2058
31460 23.2211
31470 23.2399
31480 23.2543
31490 23.2649
31500 23.2843
31510 23.3119
31520 23.3432
31530 23.3532
31540 23.3446
31550 23.3424
31560 23.3417
31570 23.3453
31580 23.3557
31590 23.3683
31600 23.3699
31610 23.3645
31620 23.3681
31630 23.3718
31640 23.3652
31650 23.3579
31660 23.3487
31670 23.3351
31680 23.3363
31690 23.3485
31700 23.3609
31710 23.3614
31720 23.3669
31730 23.3907
31740 23.4238
31750 23.4403
31760 23.437
31770 23.4294
31780 23.438
31790 23.461
31800 23.4858
31810 23.4972
31820 23.5006
31830 23.512
31840 23.5385
31850 23.5621
31860 23.5763
31870 23.5952
31880 23.6137
31890 23.6262
31900 23.6408
31910 23.6488
31920 23.6364
31930 23.6198
31940 23.6203
31950 23.6425
31960 23.6653
31970 23.6674
31980 23.662
31990 23.6603
32000 23.6637
32010 23.6689
32020 23.6632
32030 23.6548
32040 23.6586
32050 23.6705
32060 23.6878
32070 23.6985
32080 23.7088
32090 23.7251
32100 23.7422
32110 23.7497
32120 23.753
32130 23.7558
32140 23.7776
32150 23.8226
32160 23.847
32170 23.8517
32180 23.8511
32190 23.8503
32200 23.8408
32210 23.8253
32220 23.8135
32230 23.8067
32240 23.7977
32250 23.801
32260 23.8163
32270 23.8446
32280 23.8656
32290 23.8703
32300 23.8671
32310 23.8715
32320 23.8836
32330 23.8932
32340 23.8917
32350 23.8974
32360 23.9168
32370 23.9268
32380 23.9085
32390 23.9088
32400 23.9289
32410 23.9329
32420 23.9307
32430 23.9512
32440 23.9724
32450 23.9743
32460 23.9732
32470 23.9766
32480 23.9836
32490 23.9843
32500 23.9859
32510 23.9901
32520 23.991
32530 23.9871
32540 23.9865
32550 23.9817
32560 23.9835
32570 24.0001
32580 24.0117
32590 24.0033
32600 23.9932
32610 23.998
32620 24.0096
32630 24.0161
32640 24.0296
32650 24.0567
32660 24.0759
32670 24.0676
32680 24.0622
32690 24.0861
32700 24.1159
32710 24.1245
32720 24.1225
32730 24.1325
32740 24.1531
32750 24.1644
32760 24.1705
32770 24.1774
32780 24.1777
32790 24.1778
32800 24.1858
32810 24.1852
32820 24.1842
32830 24.1937
32840 24.2003
32850 24.1937
32860 24.1884
32870 24.2117
32880 24.2407
32890 24.2545
32900 24.2602
32910 24.2655
32920 24.2687
32930 24.2739
32940 24.2816
32950 24.2883
32960 24.2927
32970 24.2955
32980 24.3012
32990 24.3119
33000 24.3105
33010 24.2941
33020 24.2957
33030 24.3265
33040 24.348
33050 24.3435
33060 24.3449
33070 24.3508
33080 24.3546
33090 24.367
33100 24.39
33110 24.412
33120 24.4304
33130 24.4416
33140 24.4375
33150 24.4332
33160 24.4378
33170 24.4469
33180 24.4354
33190 24.4204
33200 24.4237
33210 24.4431
33220 24.4697
33230 24.4903
33240 24.4992
33250 24.5051
33260 24.531
33270 24.5794
33280 24.6188
33290 24.6303
33300 24.6491
33310 24.666
33320 24.6671
33330 24.6665
33340 24.6701
33350 24.6742
33360 24.6676
33370 24.6564
33380 24.6622
33390 24.6929
33400 24.7198
33410 24.7267
33420 24.7134
33430 24.7033
33440 24.7103
33450 24.697
33460 24.6728
33470 24.6785
33480 24.7037
33490 24.7222
33500 24.7335
33510 24.7356
33520 24.745
33530 24.7566
33540 24.7719
33550 24.7818
33560 24.7759
33570 24.7656
33580 24.7682
33590 24.782
33600 24.7752
33610 24.7658
33620 24.7714
33630 24.7799
33640 24.7729
33650 24.7627
33660 24.7622
33670 24.7664
33680 24.7624
33690 24.7629
33700 24.776
33710 24.7962
33720 24.8156
33730 24.8369
33740 24.8392
33750 24.8302
33760 24.838
33770 24.853
33780 24.8374
33790 24.8137
33800 24.8211
33810 24.8445
33820 24.8447
33830 24.8263
33840 24.8248
33850 24.8392
33860 24.8522
33870 24.8484
33880 24.8392
33890 24.8343
33900 24.8395
33910 24.8494
33920 24.8483
33930 24.8358
33940 24.8357
33950 24.8353
33960 24.8448
33970 24.8594
33980 24.8732
33990 24.8863
34000 24.9097
34010 24.94
34020 24.9678
34030 24.979
34040 24.9735
34050 24.9682
34060 24.9671
34070 24.9626
34080 24.967
34090 24.9838
34100 24.9941
34110 24.9886
34120 24.9867
34130 25.0101
34140 25.0439
34150 25.0525
34160 25.0465
34170 25.0494
34180 25.0554
34190 25.0489
34200 25.0509
34210 25.0635
34220 25.0843
34230 25.1013
34240 25.1285
34250 25.1477
34260 25.148
34270 25.1553
34280 25.1789
34290 25.2008
34300 25.2204
34310 25.2467
34320 25.286
34330 25.3117
34340 25.3154
34350 25.3155
34360 25.3117
34370 25.3083
34380 25.313
34390 25.3243
34400 25.3365
34410 25.3453
34420 25.3466
34430 25.357
34440 25.3781
34450 25.3849
34460 25.3743
34470 25.3644
34480 25.3629
34490 25.3607
34500 25.357
34510 25.36
34520 25.3718
34530 25.3783
34540 25.3581
34550 25.3345
34560 25.3408
34570 25.3673
34580 25.3816
34590 25.3787
34600 25.3802
34610 25.3902
34620 25.4074
34630 25.4163
34640 25.4124
34650 25.4099
34660 25.4066
34670 25.3881
34680 25.3624
34690 25.3608
34700 25.3619
34710 25.3587
34720 25.3708
34730 25.4101
34740 25.4289
34750 25.4231
34760 25.4241
34770 25.4431
34780 25.4528
34790 25.4598
34800 25.4799
34810 25.4906
34820 25.4946
34830 25.5153
34840 25.5505
34850 25.577
34860 25.5842
34870 25.6131
34880 25.6655
34890 25.7031
34900 25.7035
34910 25.6897
34920 25.6841
34930 25.689
34940 25.7007
34950 25.7032
34960 25.7045
34970 25.7222
34980 25.7606
34990 25.8069
35000 25.8458
35010 25.8803
35020 25.8989
35030 25.894
35040 25.8779
35050 25.8658
35060 25.8592
35070 25.8604
35080 25.8719
35090 25.8827
35100 25.872
35110 25.8528
35120 25.8381
35130 25.8425
35140 25.8441
35150 25.8315
35160 25.8272
35170 25.8261
35180 25.8199
35190 25.8138
35200 25.8133
35210 25.805
35220 25.7969
35230 25.8025
35240 25.8143
35250 25.82
35260 25.8395
35270 25.868
35280 25.8751
35290 25.8699
35300 25.8843
35310 25.9333
35320 25.9688
35330 25.9632
35340 25.9513
35350 25.9568
35360 25.9652
35370 25.9576
35380 25.9514
35390 25.9591
35400 25.9567
35410 25.9408
35420 25.9425
35430 25.9549
35440 25.9533
35450 25.943
35460 25.944
35470 25.961
35480 25.985
35490 26.003
35500 26.0152
35510 26.0269
35520 26.0434
35530 26.055
35540 26.0499
35550 26.0374
35560 26.0364
35570 26.0604
35580 26.0822
35590 26.0882
35600 26.0918
35610 26.1098
35620 26.1258
35630 26.1411
35640 26.1665
35650 26.2001
35660 26.2246
35670 26.2455
35680 26.262
35690 26.2623
35700 26.2768
35710 26.2986
35720 26.3083
35730 26.3215
35740 26.3359
35750 26.3445
35760 26.3453
35770 26.3424
35780 26.3482
35790 26.3625
35800 26.3717
35810 26.3718
35820 26.3805
35830 26.397
35840 26.4161
35850 26.4275
35860 26.443
35870 26.4694
35880 26.4905
35890 26.4841
35900 26.4677
35910 26.4879
35920 26.5189
35930 26.5392
35940 26.5395
35950 26.5378
35960 26.5504
35970 26.5686
35980 26.5917
35990 26.6057
36000 26.6177
36010 26.6284
36020 26.6436
36030 26.6656
36040 26.6859
36050 26.6977
36060 26.6908
36070 26.6886
36080 26.6973
36090 26.6958
36100 26.6883
36110 26.694
36120 26.7083
36130 26.7083
36140 26.6951
36150 26.6939
36160 26.6954
36170 26.6885
36180 26.6793
36190 26.6922
36200 26.7171
36210 26.725
36220 26.7045
36230 26.6874
36240 26.6921
36250 26.6954
36260 26.6839
36270 26.6656
36280 26.645
36290 26.6265
36300 26.61
36310 26.5868
36320 26.5607
36330 26.5518
36340 26.5623
36350 26.5734
36360 26.5794
36370 26.5821
36380 26.5849
36390 26.5858
36400 26.6037
36410 26.6264
36420 26.6302
36430 26.6218
36440 26.612
36450 26.5985
36460 26.5936
36470 26.5858
36480 26.5715
36490 26.5703
36500 26.5924
36510 26.5998
36520 26.5733
36530 26.5606
36540 26.5726
36550 26.5788
36560 26.5799
36570 26.5794
36580 26.575
36590 26.5812
36600 26.6034
36610 26.6169
36620 26.6006
36630 26.5818
36640 26.581
36650 26.5899
36660 26.6019
36670 26.6158
36680 26.6292
36690 26.6386
36700 26.6453
36710 26.6542
36720 26.6521
36730 26.6294
36740 26.6111
36750 26.6044
36760 26.5975
36770 26.5821
36780 26.5807
36790 26.5957
36800 26.5958
36810 26.5752
36820 26.576
36830 26.594
36840 26.5982
36850 26.587
36860 26.5807
36870 26.5907
36880 26.5923
36890 26.5833
36900 26.5717
36910 26.5525
36920 26.5347
36930 26.5296
36940 26.5373
36950 26.5361
36960 26.5294
36970 26.5443
36980 26.5904
36990 26.6286
37000 26.6414
37010 26.6592
37020 26.6903
37030 26.7107
37040 26.7194
37050 26.7378
37060 26.7657
37070 26.7887
37080 26.8033
37090 26.815
37100 26.8158
37110 26.8235
37120 26.8539
37130 26.881
37140 26.8837
37150 26.8911
37160 26.92
37170 26.943
37180 26.9219
37190 26.8952
37200 26.9081
37210 26.9263
37220 26.9217
37230 26.9235
37240 26.9474
37250 26.9505
37260 26.9214
37270 26.902
37280 26.9139
37290 26.926
37300 26.922
37310 26.9128
37320 26.9207
37330 26.9418
37340 26.967
37350 26.9804
37360 26.9863
37370 26.9976
37380 27.0034
37390 27.0023
37400 26.9995
37410 27.0046
37420 27.012
37430 27.0243
37440 27.0309
37450 27.0269
37460 27.0286
37470 27.0445
37480 27.0678
37490 27.0896
37500 27.102
37510 27.1058
37520 27.1169
37530 27.1344
37540 27.1584
37550 27.1813
37560 27.2006
37570 27.2085
37580 27.2183
37590 27.2313
37600 27.2319
37610 27.2387
37620 27.2695
37630 27.2863
37640 27.2758
37650 27.2647
37660 27.2923
37670 27.3277
37680 27.3399
37690 27.3437
37700 27.3601
37710 27.3828
37720 27.3998
37730 27.4151
37740 27.4335
37750 27.4492
37760 27.4698
37770 27.4946
37780 27.5156
37790 27.5351
37800 27.5611
37810 27.5736
37820 27.564
37830 27.5577
37840 27.5728
37850 27.5952
37860 27.6055
37870 27.6024
37880 27.6048
37890 27.6173
37900 27.6193
37910 27.6085
37920 27.6019
37930 27.6082
37940 27.6259
37950 27.6403
37960 27.6423
37970 27.6355
37980 27.6347
37990 27.6558
38000 27.6794
38010 27.6995
38020 27.7012
38030 27.6914
38040 27.7017
38050 27.7376
38060 27.7602
38070 27.7599
38080 27.758
38090 27.7609
38100 27.7769
38110 27.8112
38120 27.8272
38130 27.8067
38140 27.7982
38150 27.8248
38160 27.8589
38170 27.8766
38180 27.8862
38190 27.9032
38200 27.9143
38210 27.9192
38220 27.9251
38230 27.9607
38240 27.9867
38250 27.9877
38260 27.9892
38270 28.0035
38280 28.0307
38290 28.0483
38300 28.047
38310 28.0467
38320 28.0553
38330 28.0706
38340 28.0853
38350 28.086
38360 28.0733
38370 28.0719
38380 28.0891
38390 28.1113
38400 28.1247
38410 28.1425
38420 28.1631
38430 28.1746
38440 28.1809
38450 28.2006
38460 28.2113
38470 28.2112
38480 28.2012
38490 28.1877
38500 28.1653
38510 28.1549
38520 28.1673
38530 28.1819
38540 28.1877
38550 28.1877
38560 28.1967
38570 28.2114
38580 28.2008
38590 28.1756
38600 28.1649
38610 28.1672
38620 28.16
38630 28.1522
38640 28.1517
38650 28.1452
38660 28.1335
38670 28.1372
38680 28.1526
38690 28.1508
38700 28.147
38710 28.1626
38720 28.1815
38730 28.1846
38740 28.1814
38750 28.1766
38760 28.1564
38770 28.1315
38780 28.1183
38790 28.1089
38800 28.1025
38810 28.0927
38820 28.0973
38830 28.1009
38840 28.0838
38850 28.0612
38860 28.048
38870 28.05
38880 28.0546
38890 28.0509
38900 28.0407
38910 28.0322
38920 28.0276
38930 28.0116
38940 27.9813
38950 27.9701
38960 27.978
38970 27.975
38980 27.9497
38990 27.9482
39000 27.9768
39010 27.9984
39020 28.0086
39030 28.0201
39040 28.0243
39050 28.0222
39060 28.0411
39070 28.0653
39080 28.0773
39090 28.0809
39100 28.0879
39110 28.1025
39120 28.1188
39130 28.1344
39140 28.1561
39150 28.1812
39160 28.1979
39170 28.2125
39180 28.2486
39190 28.2844
39200 28.2963
39210 28.2979
39220 28.2903
39230 28.2655
39240 28.2635
39250 28.2918
39260 28.3029
39270 28.2969
39280 28.3098
39290 28.3284
39300 28.3143
39310 28.2845
39320 28.2788
39330 28.2875
39340 28.2871
39350 28.2694
39360 28.2493
39370 28.2366
39380 28.2329
39390 28.2418
39400 28.2452
39410 28.234
39420 28.2255
39430 28.2207
39440 28.2213
39450 28.2331
39460 28.2463
39470 28.2433
39480 28.2355
39490 28.2502
39500 28.2695
39510 28.2706
39520 28.2659
39530 28.2721
39540 28.2826
39550 28.284
39560 28.2934
39570 28.3175
39580 28.3354
39590 28.3467
39600 28.3585
39610 28.3603
39620 28.3643
39630 28.3823
39640 28.4206
39650 28.444
39660 28.4361
39670 28.4267
39680 28.4451
39690 28.4808
39700 28.5108
39710 28.5423
39720 28.5743
39730 28.6095
39740 28.6351
39750 28.6479
39760 28.6572
39770 28.6709
39780 28.6869
39790 28.688
39800 28.682
39810 28.6812
39820 28.6773
39830 28.6762
39840 28.6853
39850 28.7013
39860 28.7043
39870 28.6918
39880 28.6754
39890 28.6755
39900 28.6858
39910 28.6922
39920 28.701
39930 28.7074
39940 28.7101
39950 28.7107
39960 28.7134
39970 28.7331
39980 28.76
39990 28.7753
40000 28.78
40010 28.7723
40020 28.7642
40030 28.7789
40040 28.7948
40050 28.7967
40060 28.7952
40070 28.788
40080 28.7757
40090 28.772
40100 28.7755
40110 28.779
40120 28.7926
40130 28.8157
40140 28.8232
40150 28.8112
40160 28.8011
40170 28.806
40180 28.8147
40190 28.815
40200 28.8121
40210 28.8177
40220 28.8401
40230 28.8565
40240 28.857
40250 28.8626
40260 28.8939
40270 28.9163
40280 28.9276
40290 28.9475
40300 28.9743
40310 28.9729
40320 28.9596
40330 28.961
40340 28.9753
40350 28.9902
40360 28.9782
40370 28.9526
40380 28.9431
40390 28.9396
40400 28.9364
40410 28.944
40420 28.9657
40430 28.9752
40440 28.969
40450 28.9877
40460 29.0218
40470 29.0379
40480 29.0318
40490 29.0324
40500 29.0282
40510 29.0136
40520 29.0012
40530 29.0009
40540 29.0311
40550 29.0603
40560 29.0504
40570 29.0446
40580 29.0765
40590 29.1028
40600 29.0832
40610 29.0519
40620 29.0475
40630 29.043
40640 29.0254
40650 29.0206
40660 29.025
40670 29.025
40680 29.0191
40690 29.0243
40700 29.0318
40710 29.0383
40720 29.0379
40730 29.0372
40740 29.0514
40750 29.0702
40760 29.0843
40770 29.0965
40780 29.129
40790 29.1583
40800 29.1702
40810 29.181
40820 29.1974
40830 29.2135
40840 29.2251
40850 29.2284
40860 29.2286
40870 29.2289
40880 29.2357
40890 29.2456
40900 29.2459
40910 29.2368
40920 29.2423
40930 29.2574
40940 29.256
40950 29.2436
40960 29.2313
40970 29.2299
40980 29.2316
40990 29.241
41000 29.2376
41010 29.2274
41020 29.2394
41030 29.2777
41040 29.3074
41050 29.3038
41060 29.2924
41070 29.302
41080 29.323
41090 29.3236
41100 29.3271
41110 29.3474
41120 29.3547
41130 29.3311
41140 29.2934
41150 29.2861
41160 29.3117
41170 29.3297
41180 29.3224
41190 29.3052
41200 29.2994
41210 29.2932
41220 29.2746
41230 29.2563
41240 29.2476
41250 29.2406
41260 29.237
41270 29.2378
41280 29.2468
41290 29.2519
41300 29.237
41310 29.2117
41320 29.2022
41330 29.2025
41340 29.2118
41350 29.2247
41360 29.2244
41370 29.2237
41380 29.2296
41390 29.2474
41400 29.2699
41410 29.2782
41420 29.2724
41430 29.2789
41440 29.2898
41450 29.2906
41460 29.2935
41470 29.3092
41480 29.3246
41490 29.3266
41500 29.3323
41510 29.3426
41520 29.3676
41530 29.4065
41540 29.4387
41550 29.4586
41560 29.467
41570 29.4808
41580 29.5045
41590 29.5383
41600 29.5669
41610 29.5855
41620 29.585
41630 29.581
41640 29.5855
41650 29.6045
41660 29.6258
41670 29.6438
41680 29.6582
41690 29.6599
41700 29.6749
41710 29.7128
41720 29.7345
41730 29.73
41740 29.7301
41750 29.7494
41760 29.7728
41770 29.7856
41780 29.7689
41790 29.7424
41800 29.7423
41810 29.769
41820 29.7916
41830 29.7928
41840 29.7992
41850 29.8257
41860 29.8525
41870 29.8767
41880 29.8936
41890 29.8904
41900 29.8888
41910 29.9084
41920 29.9278
41930 29.9301
41940 29.9424
41950 29.9649
41960 29.9588
41970 29.9345
41980 29.9427
41990 29.959
42000 29.9604
42010 29.9652
42020 29.9748
42030 29.971
42040 29.9713
42050 29.9932
42060 30.0189
42070 30.0234
42080 30.0266
42090 30.032
42100 30.0185
42110 29.9991
42120 29.9913
42130 29.9969
42140 29.993
42150 29.9817
42160 29.9697
42170 29.9516
42180 29.9403
42190 29.9453
42200 29.9499
42210 29.9443
42220 29.9487
42230 29.9731
42240 29.9897
42250 29.9955
42260 30.0054
42270 30.0204
42280 30.028
42290 30.0282
42300 30.0159
42310 30.0059
42320 30.0025
42330 29.9988
42340 29.993
42350 29.9932
42360 29.9981
42370 29.9904
42380 29.9654
42390 29.9491
42400 29.9449
42410 29.9488
42420 29.9601
42430 29.9821
42440 30.0064
42450 30.0218
42460 30.0501
42470 30.077
42480 30.0744
42490 30.0693
42500 30.0853
42510 30.0981
42520 30.0956
42530 30.1045
42540 30.1173
42550 30.1044
42560 30.0813
42570 30.0772
42580 30.0962
42590 30.106
42600 30.1063
42610 30.1276
42620 30.1611
42630 30.1733
42640 30.1708
42650 30.1742
42660 30.1701
42670 30.1696
42680 30.1717
42690 30.1596
42700 30.1518
42710 30.1684
42720 30.1955
42730 30.2079
42740 30.2096
42750 30.2157
42760 30.2086
42770 30.1995
42780 30.2155
42790 30.2364
42800 30.2413
42810 30.2429
42820 30.2375
42830 30.2417
42840 30.2583
42850 30.2731
42860 30.2748
42870 30.2781
42880 30.2918
42890 30.298
42900 30.2975
42910 30.3202
42920 30.3584
42930 30.3792
42940 30.3796
42950 30.3784
42960 30.3695
42970 30.3691
42980 30.391
42990 30.4082
43000 30.4002
43010 30.397
43020 30.4268
43030 30.4526
43040 30.4478
43050 30.4309
43060 30.4363
43070 30.4474
43080 30.459
43090 30.4524
43100 30.4476
43110 30.4639
43120 30.4889
43130 30.5144
43140 30.5409
43150 30.5463
43160 30.5448
43170 30.5619
43180 30.5907
43190 30.6245
43200 30.6443
43210 30.6372
43220 30.6228
43230 30.6335
43240 30.658
43250 30.6816
43260 30.7058
43270 30.7245
43280 30.7394
43290 30.7522
43300 30.7754
43310 30.7916
43320 30.7917
43330 30.7836
43340 30.7748
43350 30.7694
43360 30.7712
43370 30.7815
43380 30.8081
43390 30.83
43400 30.8199
43410 30.8053
43420 30.8146
43430 30.8229
43440 30.8171
43450 30.8266
43460 30.8596
43470 30.8746
43480 30.8489
43490 30.8372
43500 30.8502
43510 30.8572
43520 30.8491
43530 30.8517
43540 30.8444
43550 30.8246
43560 30.8234
43570 30.8366
43580 30.8571
43590 30.8666
43600 30.8714
43610 30.8726
43620 30.8665
43630 30.858
43640 30.8402
43650 30.8292
43660 30.8506
43670 30.8742
43680 30.8676
43690 30.8505
43700 30.8638
43710 30.8928
43720 30.902
43730 30.8948
43740 30.8835
43750 30.8818
43760 30.8889
43770 30.9001
43780 30.8952
43790 30.871
43800 30.8586
43810 30.8606
43820 30.8628
43830 30.854
43840 30.8446
43850 30.8437
43860 30.8495
43870 30.8437
43880 30.8449
43890 30.857
43900 30.8527
43910 30.8402
43920 30.8526
43930 30.8622
43940 30.8595
43950 30.8528
43960 30.8669
43970 30.8741
43980 30.8819
43990 30.9118
44000 30.9534
44010 30.9729
44020 30.9702
44030 30.9748
44040 30.9832
44050 30.9964
44060 31.0188
44070 31.0379
44080 31.0362
44090 31.0461
44100 31.0775
44110 31.1028
44120 31.1079
44130 31.1179
44140 31.1473
44150 31.1763
44160 31.1889
44170 31.2048
44180 31.2165
44190 31.2064
44200 31.2081
44210 31.244
44220 31.2858
44230 31.2873
44240 31.2741
44250 31.2864
44260 31.3231
44270 31.3553
44280 31.38
44290 31.3943
44300 31.402
44310 31.4076
44320 31.4176
44330 31.4332
44340 31.4297
44350 31.4269
44360 31.4435
44370 31.4755
44380 31.4959
44390 31.4965
44400 31.4789
44410 31.4636
44420 31.4812
44430 31.517
44440 31.5472
44450 31.5531
44460 31.5458
44470 31.5572
44480 31.5795
44490 31.5976
44500 31.6113
44510 31.6162
44520 31.608
44530 31.5933
44540 31.5841
44550 31.5718
44560 31.5532
44570 31.5433
44580 31.5362
44590 31.5318
44600 31.5281
44610 31.5052
44620 31.4848
44630 31.5034
44640 31.5322
44650 31.5179
44660 31.4829
44670 31.4721
44680 31.4823
44690 31.4863
44700 31.4704
44710 31.4537
44720 31.4297
44730 31.4024
44740 31.3994
44750 31.4057
44760 31.3893
44770 31.3756
44780 31.3807
44790 31.3763
44800 31.3568
44810 31.3494
44820 31.3583
44830 31.3743
44840 31.3886
44850 31.4147
44860 31.4523
44870 31.4714
44880 31.4668
44890 31.464
44900 31.4708
44910 31.4673
44920 31.4443
44930 31.4299
44940 31.4426
44950 31.4603
44960 31.4552
44970 31.4446
44980 31.4621
44990 31.4933
45000 31.5161
45010 31.5227
45020 31.5363
45030 31.5821
45040 31.6337
45050 31.6449
45060 31.633
45070 31.6411
45080 31.6682
45090 31.6824
45100 31.6935
45110 31.7253
45120 31.7568
45130 31.7622
45140 31.7599
45150 31.7843
45160 31.8167
45170 31.8118
45180 31.7788
45190 31.7632
45200 31.7799
45210 31.823
45220 31.8586
45230 31.8636
45240 31.8362
45250 31.8077
45260 31.8094
45270 31.8325
45280 31.8442
45290 31.8233
45300 31.7891
45310 31.7891
45320 31.8146
45330 31.8421
45340 31.8716
45350 31.8864
45360 31.8788
45370 31.865
45380 31.8693
45390 31.8995
45400 31.9193
45410 31.9219
45420 31.9166
45430 31.9066
45440 31.9008
45450 31.902
45460 31.9143
45470 31.9174
45480 31.9096
45490 31.8899
45500 31.8593
45510 31.8203
45520 31.7824
45530 31.7626
45540 31.7584
45550 31.7627
45560 31.7689
45570 31.7896
45580 31.8029
45590 31.7995
45600 31.8043
45610 31.8158
45620 31.8282
45630 31.8284
45640 31.8301
45650 31.8449
45660 31.8618
45670 31.8735
45680 31.8697
45690 31.8717
45700 31.8726
45710 31.8751
45720 31.8776
45730 31.8781
45740 31.8659
45750 31.8438
45760 31.8381
45770 31.8499
45780 31.8466
45790 31.8143
45800 31.7974
45810 31.8109
45820 31.8474
45830 31.8701
45840 31.8617
45850 31.8634
45860 31.8951
45870 31.9167
45880 31.9042
45890 31.8997
45900 31.9189
45910 31.935
45920 31.9309
45930 31.9215
45940 31.9318
45950 31.9553
45960 31.98
45970 31.9854
45980 31.9883
45990 32.0037
46000 32.0242
46010 32.0473
46020 32.0758
46030 32.0928
46040 32.0908
46050 32.0819
46060 32.0857
46070 32.0878
46080 32.0974
46090 32.1139
46100 32.1238
46110 32.1149
46120 32.1034
46130 32.1125
46140 32.1195
46150 32.111
46160 32.1006
46170 32.1011
46180 32.1061
46190 32.0848
46200 32.0532
46210 32.0524
46220 32.0905
46230 32.1226
46240 32.1338
46250 32.1303
46260 32.1221
46270 32.1372
46280 32.1821
46290 32.2251
46300 32.2336
46310 32.2365
46320 32.2584
46330 32.2987
46340 32.337
46350 32.3566
46360 32.3773
46370 32.4126
46380 32.4371
46390 32.4447
46400 32.4556
46410 32.4664
46420 32.4687
46430 32.4908
46440 32.5158
46450 32.5128
46460 32.4752
46470 32.4425
46480 32.4373
46490 32.4334
46500 32.4292
46510 32.429
46520 32.4353
46530 32.4395
46540 32.4359
46550 32.4415
46560 32.4469
46570 32.4459
46580 32.4559
46590 32.4798
46600 32.5021
46610 32.5032
46620 32.4898
46630 32.4806
46640 32.493
46650 32.5043
46660 32.489
46670 32.473
46680 32.4691
46690 32.4765
46700 32.4909
46710 32.5054
46720 32.5156
46730 32.5098
46740 32.5257
46750 32.5611
46760 32.5748
46770 32.5857
46780 32.626
46790 32.6677
46800 32.6807
46810 32.6805
46820 32.7044
46830 32.7322
46840 32.7376
46850 32.7206
46860 32.6899
46870 32.6624
46880 32.6376
46890 32.6321
46900 32.6402
46910 32.6325
46920 32.6204
46930 32.6369
46940 32.6656
46950 32.6698
46960 32.6551
46970 32.6525
46980 32.6634
46990 32.6492
47000 32.6267
47010 32.6401
47020 32.6605
47030 32.666
47040 32.6719
47050 32.6971
47060 32.7301
47070 32.7549
47080 32.7712
47090 32.7825
47100 32.7877
47110 32.8066
47120 32.8325
47130 32.8603
47140 32.8866
47150 32.9033
47160 32.9039
47170 32.8952
47180 32.895
47190 32.9222
47200 32.9406
47210 32.9411
47220 32.9452
47230 32.9569
47240 32.9442
47250 32.9205
47260 32.91
47270 32.9032
47280 32.9018
47290 32.9186
47300 32.9354
47310 32.9149
47320 32.8862
47330 32.8806
47340 32.8725
47350 32.8543
47360 32.8574
47370 32.8769
47380 32.8726
47390 32.8361
47400 32.8174
47410 32.8378
47420 32.8513
47430 32.827
47440 32.8063
47450 32.8276
47460 32.8565
47470 32.8676
47480 32.874
47490 32.8775
47500 32.8808
47510 32.8896
47520 32.8941
47530 32.9005
47540 32.9077
47550 32.913
47560 32.9185
47570 32.9341
47580 32.9509
47590 32.9767
47600 32.9973
47610 33.0003
47620 33.0166
47630 33.0572
47640 33.0931
47650 33.118
47660 33.1458
47670 33.1751
47680 33.1924
47690 33.2107
47700 33.2305
47710 33.2582
47720 33.2884
47730 33.3186
47740 33.3341
47750 33.327
47760 33.3245
47770 33.3322
47780 33.3418
47790 33.3569
47800 33.3739
47810 33.3773
47820 33.376
47830 33.3916
47840 33.4228
47850 33.4405
47860 33.4548
47870 33.4748
47880 33.4971
47890 33.4967
47900 33.484
47910 33.4927
47920 33.5265
47930 33.5513
47940 33.5695
47950 33.5879
47960 33.5998
47970 33.6005
47980 33.6026
47990 33.6215
48000 33.639
48010 33.6344
48020 33.6134
48030 33.6011
48040 33.6132
48050 33.6334
48060 33.6331
48070 33.627
48080 33.6093
48090 33.5944
48100 33.6069
48110 33.6181
48120 33.6106
48130 33.601
48140 33.6143
48150 33.6274
48160 33.6259
48170 33.617
48180 33.6219
48190 33.6233
48200 33.6111
48210 33.6162
48220 33.6438
48230 33.6563
48240 33.6234
48250 33.6015
48260 33.6201
48270 33.6387
48280 33.6495
48290 33.6567
48300 33.6639
48310 33.6429
48320 33.6224
48330 33.6263
48340 33.6287
48350 33.633
48360 33.6403
48370 33.647
48380 33.6644
48390 33.6749
48400 33.6812
48410 33.6794
48420 33.6784
48430 33.6742
48440 33.6814
48450 33.6817
48460 33.6555
48470 33.6261
48480 33.6337
48490 33.6543
48500 33.6501
48510 33.6399
48520 33.6491
48530 33.6794
48540 33.6849
48550 33.6684
48560 33.6724
48570 33.6908
48580 33.72
48590 33.7547
48600 33.7876
48610 33.7961
48620 33.8004
48630 33.8136
48640 33.8096
48650 33.7978
48660 33.8166
48670 33.8335
48680 33.8184
48690 33.8034
48700 33.8243
48710 33.8519
48720 33.8581
48730 33.8708
48740 33.8751
48750 33.8653
48760 33.8559
48770 33.8474
48780 33.8261
48790 33.8066
48800 33.8376
48810 33.8987
48820 33.9205
48830 33.9113
48840 33.9246
48850 33.9581
48860 33.9848
48870 33.9972
48880 34.0043
48890 34.0141
48900 34.0383
48910 34.0737
48920 34.0711
48930 34.0362
48940 34.0105
48950 34.0038
48960 33.9942
48970 33.9923
48980 34.0034
48990 34.0098
49000 34.0263
49010 34.0489
49020 34.0629
49030 34.0612
49040 34.0574
49050 34.0567
49060 34.061
49070 34.0728
49080 34.0975
49090 34.1073
49100 34.0956
49110 34.0965
49120 34.1122
49130 34.121
49140 34.1146
49150 34.0992
49160 34.0802
49170 34.0658
49180 34.0519
49190 34.062
49200 34.083
49210 34.0888
49220 34.0722
49230 34.0595
49240 34.0528
49250 34.0402
49260 34.0388
49270 34.0703
49280 34.1089
49290 34.127
49300 34.13
49310 34.1267
49320 34.1356
49330 34.157
49340 34.1733
49350 34.1763
49360 34.171
49370 34.1564
49380 34.133
49390 34.1243
49400 34.1275
49410 34.1153
49420 34.1224
49430 34.1556
49440 34.178
49450 34.1827
49460 34.1775
49470 34.1575
49480 34.1273
49490 34.1063
49500 34.117
49510 34.1361
49520 34.1341
49530 34.1226
49540 34.1365
49550 34.1653
49560 34.1837
49570 34.211
49580 34.2322
49590 34.2333
49600 34.2247
49610 34.2089
49620 34.2083
49630 34.2265
49640 34.2458
49650 34.2478
49660 34.2402
49670 34.254
49680 34.2924
49690 34.3209
49700 34.3226
49710 34.3319
49720 34.3444
49730 34.3167
49740 34.278
49750 34.2668
49760 34.2651
49770 34.234
49780 34.2087
49790 34.2142
49800 34.2151
49810 34.2051
49820 34.2071
49830 34.2254
49840 34.2382
49850 34.2266
49860 34.2287
49870 34.2464
49880 34.2693
49890 34.2836
49900 34.2885
49910 34.293
49920 34.3012
49930 34.3289
49940 34.368
49950 34.3941
49960 34.3886
49970 34.3711
49980 34.3717
49990 34.3738
50000 34.3657
50010 34.3565
50020 34.3661
50030 34.3888
50040 34.3905
50050 34.3965
50060 34.4419
50070 34.4766
50080 34.4864
50090 34.4897
50100 34.4935
50110 34.4878
50120 34.4832
50130 34.4826
50140 34.4701
50150 34.4449
50160 34.4523
50170 34.4742
50180 34.4843
50190 34.4834
50200 34.4906
50210 34.5146
50220 34.5375
50230 34.5384
50240 34.5136
50250 34.4975
50260 34.4974
50270 34.4803
50280 34.4534
50290 34.4305
50300 34.4243
50310 34.4305
50320 34.4288
50330 34.4402
50340 34.4471
50350 34.4427
50360 34.4283
50370 34.4335
50380 34.4633
50390 34.4823
50400 34.4679
50410 34.4648
50420 34.4943
50430 34.5132
50440 34.5108
50450 34.4904
50460 34.4632
50470 34.436
50480 34.4353
50490 34.4538
50500 34.4649
50510 34.4704
50520 34.4903
50530 34.5183
50540 34.5291
50550 34.5347
50560 34.5616
50570 34.5887
50580 34.5788
50590 34.5762
50600 34.6081
50610 34.6287
50620 34.6206
50630 34.6186
50640 34.6129
50650 34.601
50660 34.604
50670 34.6155
50680 34.6192
50690 34.6101
50700 34.6068
50710 34.6086
50720 34.612
50730 34.6324
50740 34.6621
50750 34.6864
50760 34.6975
50770 34.7129
50780 34.742
50790 34.7605
50800 34.7603
50810 34.7468
50820 34.7566
50830 34.7751
50840 34.7675
50850 34.7481
50860 34.7354
50870 34.7392
50880 34.7567
50890 34.7721
50900 34.7882
50910 34.8088
50920 34.8192
50930 34.8184
50940 34.8192
50950 34.8327
50960 34.8337
50970 34.8191
50980 34.806
50990 34.8102
51000 34.8218
51010 34.8231
51020 34.8347
51030 34.8402
51040 34.8283
51050 34.8241
51060 34.835
51070 34.832
51080 34.8158
51090 34.8122
51100 34.8321
51110 34.8447
51120 34.8356
51130 34.8236
51140 34.8172
51150 34.8253
51160 34.8463
51170 34.8608
51180 34.8678
51190 34.8699
51200 34.8695
51210 34.859
51220 34.8595
51230 34.8736
51240 34.8847
51250 34.8662
51260 34.8513
51270 34.8664
51280 34.8675
51290 34.8593
51300 34.8625
51310 34.8769
51320 34.8845
51330 34.8837
51340 34.888
51350 34.8992
51360 34.9156
51370 34.9439
51380 34.9696
51390 34.9782
51400 35.0052
51410 35.04
51420 35.047
51430 35.0365
51440 35.0254
51450 35.028
51460 35.0398
51470 35.0643
51480 35.0947
51490 35.0975
51500 35.0872
51510 35.0752
51520 35.0682
51530 35.0632
51540 35.0691
51550 35.0684
51560 35.0508
51570 35.0511
51580 35.064
51590 35.0848
51600 35.1136
51610 35.1398
51620 35.1482
51630 35.1681
51640 35.2158
51650 35.2529
51660 35.2637
51670 35.2685
51680 35.2841
51690 35.3005
51700 35.2883
51710 35.2716
51720 35.3001
51730 35.3519
51740 35.3819
51750 35.3673
51760 35.3578
51770 35.3894
51780 35.4322
51790 35.4457
51800 35.4284
51810 35.4056
51820 35.3925
51830 35.3923
51840 35.4166
51850 35.4488
51860 35.4543
51870 35.4467
51880 35.4608
51890 35.4951
51900 35.5084
51910 35.5096
51920 35.5289
51930 35.55
51940 35.5426
51950 35.5271
51960 35.5218
51970 35.5127
51980 35.5062
51990 35.5059
52000 35.4945
52010 35.4668
52020 35.4586
52030 35.4641
52040 35.4782
52050 35.4907
52060 35.4785
52070 35.469
52080 35.4803
52090 35.4837
52100 35.4614
52110 35.4487
52120 35.4701
52130 35.4845
52140 35.4644
52150 35.4622
52160 35.4872
52170 35.4933
52180 35.4881
52190 35.4877
52200 35.4867
52210 35.469
52220 35.4373
52230 35.4055
52240 35.3746
52250 35.3581
52260 35.351
52270 35.3508
52280 35.3383
52290 35.3219
52300 35.3156
52310 35.3241
52320 35.3217
52330 35.311
52340 35.3045
52350 35.3094
52360 35.3103
52370 35.3014
52380 35.3067
52390 35.3301
52400 35.3363
52410 35.3145
52420 35.3017
52430 35.3134
52440 35.3441
52450 35.3736
52460 35.3601
52470 35.3393
52480 35.3539
52490 35.385
52500 35.4019
52510 35.418
52520 35.4508
52530 35.4789
52540 35.4872
52550 35.5067
52560 35.5496
52570 35.5721
52580 35.5767
52590 35.5955
52600 35.6219
52610 35.6279
52620 35.6308
52630 35.654
52640 35.6818
52650 35.6892
52660 35.6887
52670 35.6961
52680 35.7109
52690 35.73
52700 35.7537
52710 35.7852
52720 35.8154
52730 35.8445
52740 35.8682
52750 35.888
52760 35.9107
52770 35.932
52780 35.9422
52790 35.9569
52800 35.9931
52810 36.0312
52820 36.0473
52830 36.0432
52840 36.0747
52850 36.1225
52860 36.1329
52870 36.1179
52880 36.113
52890 36.1089
52900 36.0956
52910 36.0979
52920 36.1263
52930 36.1568
52940 36.1476
52950 36.1328
52960 36.1453
52970 36.1651
52980 36.1765
52990 36.1857
53000 36.1908
53010 36.1757
53020 36.1573
53030 36.1606
53040 36.1848
53050 36.2255
53060 36.24
53070 36.2221
53080 36.2126
53090 36.2431
53100 36.2954
53110 36.3238
53120 36.3415
53130 36.3735
53140 36.3965
53150 36.4012
53160 36.4092
53170 36.4321
53180 36.4545
53190 36.466
53200 36.4724
53210 36.4756
53220 36.4865
53230 36.4965
53240 36.4833
53250 36.4471
53260 36.4257
53270 36.4377
53280 36.4411
53290 36.4204
53300 36.401
53310 36.4087
53320 36.4222
53330 36.4187
53340 36.4214
53350 36.4378
53360 36.4597
53370 36.4785
53380 36.4716
53390 36.4551
53400 36.4624
53410 36.4717
53420 36.4529
53430 36.4306
53440 36.4338
53450 36.4575
53460 36.4665
53470 36.4516
53480 36.434
53490 36.4298
53500 36.4437
53510 36.4896
53520 36.5342
53530 36.5366
53540 36.5155
53550 36.5026
53560 36.5039
53570 36.5069
53580 36.5091
53590 36.5117
53600 36.5211
53610 36.5397
53620 36.5546
53630 36.5762
53640 36.6128
53650 36.6329
53660 36.6269
53670 36.6133
53680 36.6159
53690 36.605
53700 36.5784
53710 36.5741
53720 36.5819
53730 36.5666
53740 36.5468
53750 36.5513
53760 36.5583
53770 36.5535
53780 36.5442
53790 36.5374
53800 36.5446
53810 36.556
53820 36.5679
53830 36.584
53840 36.6075
53850 36.6248
53860 36.6329
53870 36.6435
53880 36.6493
53890 36.6529
53900 36.6567
53910 36.6645
53920 36.6689
53930 36.659
53940 36.636
53950 36.6319
53960 36.6365
53970 36.6289
53980 36.6152
53990 36.6107
54000 36.6275
54010 36.6398
54020 36.6329
54030 36.6422
54040 36.6754
54050 36.686
54060 36.6812
54070 36.6806
54080 36.6839
54090 36.6837
54100 36.6824
54110 36.6831
54120 36.7005
54130 36.7298
54140 36.7537
54150 36.7852
54160 36.8185
54170 36.8382
54180 36.854
54190 36.878
54200 36.8924
54210 36.8926
54220 36.8932
54230 36.9121
54240 36.9311
54250 36.9316
54260 36.9391
54270 36.9695
54280 36.9794
54290 36.963
54300 36.9673
54310 36.9849
54320 36.9952
54330 36.997
54340 36.9951
54350 37.0036
54360 37.0204
54370 37.035
54380 37.0652
54390 37.0824
54400 37.1003
54410 37.1317
54420 37.1389
54430 37.1336
54440 37.1482
54450 37.1803
54460 37.1872
54470 37.1906
54480 37.2132
54490 37.2437
54500 37.2638
54510 37.2738
54520 37.2807
54530 37.2914
54540 37.3058
54550 37.3141
54560 37.322
54570 37.325
54580 37.3157
54590 37.3052
54600 37.3156
54610 37.3134
54620 37.3038
54630 37.3109
54640 37.3251
54650 37.3245
54660 37.3242
54670 37.3383
54680 37.3517
54690 37.3643
54700 37.3682
54710 37.3676
54720 37.3774
54730 37.3986
54740 37.4139
54750 37.4009
54760 37.3901
54770 37.416
54780 37.4505
54790 37.4526
54800 37.4469
54810 37.4522
54820 37.4761
54830 37.5065
54840 37.5259
54850 37.5408
54860 37.5592
54870 37.5798
54880 37.6015
54890 37.6018
54900 37.6023
54910 37.6306
54920 37.6517
54930 37.6503
54940 37.6585
54950 37.6888
54960 37.7196
54970 37.7426
54980 37.7463
54990 37.7381
55000 37.7306
55010 37.7339
55020 37.7215
55030 37.6908
55040 37.6853
55050 37.6939
55060 37.6788
55070 37.6539
55080 37.6458
55090 37.6572
55100 37.6561
55110 37.637
55120 37.6316
55130 37.6373
55140 37.6204
55150 37.5943
55160 37.5906
55170 37.5993
55180 37.5994
55190 37.5996
55200 37.6117
55210 37.6278
55220 37.6496
55230 37.6677
55240 37.6848
55250 37.7134
55260 37.7373
55270 37.7402
55280 37.7403
55290 37.7494
55300 37.7703
55310 37.7845
55320 37.7964
55330 37.8134
55340 37.8304
55350 37.8322
55360 37.8115
55370 37.7925
55380 37.8026
55390 37.8246
55400 37.8341
55410 37.8565
55420 37.8877
55430 37.9059
55440 37.9119
55450 37.9248
55460 37.9227
55470 37.9133
55480 37.9234
55490 37.9354
55500 37.9449
55510 37.9455
55520 37.9348
55530 37.9151
55540 37.9038
55550 37.9287
55560 37.9568
55570 37.9594
55580 37.9668
55590 37.979
55600 37.9644
55610 37.9467
55620 37.9434
55630 37.9639
55640 37.9732
55650 37.9492
55660 37.9162
55670 37.9096
55680 37.9064
55690 37.9103
55700 37.9023
55710 37.8855
55720 37.8629
55730 37.8571
55740 37.8696
55750 37.8722
55760 37.8508
55770 37.8307
55780 37.8331
55790 37.857
55800 37.8689
55810 37.8578
55820 37.8674
55830 37.9042
55840 37.9312
55850 37.9411
55860 37.9647
55870 38.0032
55880 38.0206
55890 38.0155
55900 38.0175
55910 38.0166
55920 38.0161
55930 38.0326
55940 38.0545
55950 38.0571
55960 38.0582
55970 38.0626
55980 38.066
55990 38.0559
56000 38.0539
56010 38.0588
56020 38.047
56030 38.0288
56040 38.0495
56050 38.0841
56060 38.0882
56070 38.0735
56080 38.0997
56090 38.1476
56100 38.1653
56110 38.1532
56120 38.1433
56130 38.1376
56140 38.1416
56150 38.1395
56160 38.1323
56170 38.145
56180 38.1763
56190 38.1914
56200 38.1917
56210 38.2032
56220 38.2106
56230 38.1914
56240 38.1911
56250 38.2261
56260 38.2519
56270 38.265
56280 38.2647
56290 38.244
56300 38.2117
56310 38.2178
56320 38.247
56330 38.2569
56340 38.229
56350 38.2111
56360 38.2392
56370 38.2847
56380 38.2942
56390 38.2831
56400 38.3016
56410 38.3285
56420 38.345
56430 38.3539
56440 38.3554
56450 38.3436
56460 38.3424
56470 38.3701
56480 38.3753
56490 38.3417
56500 38.3146
56510 38.3051
56520 38.2826
56530 38.253
56540 38.2527
56550 38.2792
56560 38.3038
56570 38.3314
56580 38.357
56590 38.3577
56600 38.3465
56610 38.3567
56620 38.388
56630 38.4116
56640 38.4246
56650 38.417
56660 38.4035
56670 38.4036
56680 38.4071
56690 38.4113
56700 38.4316
56710 38.4569
56720 38.4489
56730 38.4375
56740 38.458
56750 38.4942
56760 38.5215
56770 38.5443
56780 38.5599
56790 38.5641
56800 38.5727
56810 38.588
56820 38.611
56830 38.6251
56840 38.6398
56850 38.6776
56860 38.7171
56870 38.7452
56880 38.7731
56890 38.7843
56900 38.771
56910 38.7694
56920 38.7922
56930 38.8073
56940 38.7931
56950 38.7898
56960 38.8263
56970 38.8694
56980 38.8818
56990 38.8783
57000 38.908
57010 38.9598
57020 38.9897
57030 39.0125
57040 39.0502
57050 39.0612
57060 39.0628
57070 39.1021
57080 39.1425
57090 39.1455
57100 39.143
57110 39.1554
57120 39.1762
57130 39.1714
57140 39.1572
57150 39.1604
57160 39.1708
57170 39.1994
57180 39.2365
57190 39.2667
57200 39.2628
57210 39.2558
57220 39.2744
57230 39.2943
57240 39.2835
57250 39.2885
57260 39.3365
57270 39.3932
57280 39.4188
57290 39.4229
57300 39.4215
57310 39.4083
57320 39.3964
57330 39.4038
57340 39.4265
57350 39.4202
57360 39.3988
57370 39.3909
57380 39.3969
57390 39.3949
57400 39.3961
57410 39.4188
57420 39.4308
57430 39.4294
57440 39.4419
57450 39.4615
57460 39.491
57470 39.5007
57480 39.4881
57490 39.4898
57500 39.4914
57510 39.4627
57520 39.4406
57530 39.4557
57540 39.473
57550 39.4672
57560 39.4654
57570 39.4764
57580 39.4988
57590 39.5132
57600 39.5029
57610 39.5
57620 39.516
57630 39.5383
57640 39.5444
57650 39.5526
57660 39.5629
57670 39.5931
57680 39.6152
57690 39.6201
57700 39.6244
57710 39.6375
57720 39.651
57730 39.6559
57740 39.6558
57750 39.642
57760 39.6168
57770 39.6126
57780 39.6335
57790 39.6457
57800 39.6525
57810 39.6549
57820 39.6642
57830 39.6798
57840 39.6955
57850 39.7023
57860 39.7172
57870 39.7498
57880 39.782
57890 39.7913
57900 39.7998
57910 39.8191
57920 39.832
57930 39.8303
57940 39.8344
57950 39.8601
57960 39.8716
57970 39.8478
57980 39.8414
57990 39.8744
58000 39.9135
58010 39.9374
58020 39.9546
58030 39.962
58040 39.9587
58050 39.9522
58060 39.9462
58070 39.9452
58080 39.9506
58090 39.9478
58100 39.9267
58110 39.9012
58120 39.8978
58130 39.8947
58140 39.8879
58150 39.8926
58160 39.9054
58170 39.9183
58180 39.9433
58190 39.9772
58200 40.0012
58210 40.0124
58220 40.0473
58230 40.0844
58240 40.0977
58250 40.1302
58260 40.1836
58270 40.2149
58280 40.2
58290 40.1817
58300 40.2027
58310 40.2211
58320 40.2286
58330 40.2494
58340 40.2691
58350 40.2676
58360 40.2443
58370 40.2186
58380 40.1941
58390 40.1606
58400 40.1349
58410 40.1241
58420 40.1151
58430 40.1121
58440 40.1065
58450 40.0918
58460 40.0854
58470 40.0965
58480 40.1021
58490 40.0962
58500 40.0956
58510 40.0963
58520 40.0849
58530 40.0567
58540 40.0299
58550 40.0192
58560 40.015
58570 39.9965
58580 39.9793
58590 39.9806
58600 39.9921
58610 39.9917
58620 39.9872
58630 39.9845
58640 39.9792
58650 39.9751
58660 39.9802
58670 39.9951
58680 40.0211
58690 40.0341
58700 40.0325
58710 40.0221
58720 40.0056
58730 39.9902
58740 39.9786
58750 39.974
58760 39.9696
58770 39.9626
58780 39.9628
58790 39.9714
58800 39.9868
58810 39.9993
58820 39.9963
58830 39.9986
58840 40.0082
58850 40.034
58860 40.0683
58870 40.1011
58880 40.1261
58890 40.1464
58900 40.159
58910 40.1696
58920 40.1801
58930 40.1745
58940 40.1706
58950 40.1898
58960 40.2075
58970 40.2139
58980 40.2093
58990 40.2032
59000 40.2116
59010 40.236
59020 40.2393
59030 40.2231
59040 40.213
59050 40.2339
59060 40.241
59070 40.2242
59080 40.2134
59090 40.2133
59100 40.217
59110 40.2297
59120 40.2726
59130 40.3267
59140 40.3459
59150 40.3563
59160 40.3819
59170 40.3981
59180 40.3903
59190 40.3847
59200 40.3846
59210 40.4004
59220 40.4149
59230 40.408
59240 40.4126
59250 40.4443
59260 40.4831
59270 40.5085
59280 40.5002
59290 40.4982
59300 40.521
59310 40.5359
59320 40.5428
59330 40.5251
59340 40.5313
59350 40.5674
59360 40.5977
59370 40.6181
59380 40.6256
59390 40.6068
59400 40.6047
59410 40.6212
59420 40.5994
59430 40.5596
59440 40.5452
59450 40.5606
59460 40.5715
59470 40.5681
59480 40.5698
59490 40.5842
59500 40.5944
59510 40.5904
59520 40.574
59530 40.571
59540 40.5872
59550 40.5999
59560 40.6036
59570 40.5947
59580 40.5864
59590 40.5856
59600 40.5897
59610 40.5819
59620 40.5802
59630 40.5983
59640 40.6325
59650 40.6562
59660 40.6391
59670 40.6127
59680 40.6134
59690 40.6194
59700 40.6049
59710 40.5937
59720 40.6214
59730 40.6695
59740 40.6875
59750 40.6766
59760 40.6961
59770 40.7318
59780 40.7374
59790 40.7205
59800 40.7181
59810 40.7332
59820 40.7344
59830 40.7202
59840 40.712
59850 40.7086
59860 40.7176
59870 40.7329
59880 40.7484
59890 40.7728
59900 40.7933
59910 40.7926
59920 40.7804
59930 40.7699
59940 40.7671
59950 40.7736
59960 40.783
59970 40.7762
59980 40.7789
59990 40.7888
60000 40.794
60010 40.7945
60020 40.8061
60030 40.8163
60040 40.8041
60050 40.7763
60060 40.7745
60070 40.7951
60080 40.8152
60090 40.817
60100 40.8004
60110 40.7769
60120 40.7574
60130 40.7514
60140 40.7551
60150 40.7482
60160 40.7273
60170 40.7184
60180 40.7247
60190 40.724
60200 40.7298
60210 40.7497
60220 40.7666
60230 40.7802
60240 40.7862
60250 40.8021
60260 40.8248
60270 40.8475
60280 40.8716
60290 40.8946
60300 40.9188
60310 40.9262
60320 40.9158
60330 40.9049
60340 40.9125
60350 40.9192
60360 40.9225
60370 40.9226
60380 40.9158
60390 40.893
60400 40.8551
60410 40.8344
60420 40.839
60430 40.8377
60440 40.7977
60450 40.742
60460 40.7126
60470 40.718
60480 40.7456
60490 40.7603
60500 40.7528
60510 40.7504
60520 40.7552
60530 40.7504
60540 40.7429
60550 40.7643
60560 40.7883
60570 40.7929
60580 40.7988
60590 40.8118
60600 40.829
60610 40.8435
60620 40.8665
60630 40.8934
60640 40.9044
60650 40.9056
60660 40.9127
60670 40.9439
60680 40.9907
60690 41.0221
60700 41.0414
60710 41.0632
60720 41.0901
60730 41.087
60740 41.0593
60750 41.0582
60760 41.0951
60770 41.1237
60780 41.1302
60790 41.1425
60800 41.1613
60810 41.1644
60820 41.1557
60830 41.1615
60840 41.1836
60850 41.185
60860 41.1864
60870 41.1994
60880 41.2165
60890 41.2277
60900 41.2369
60910 41.2576
60920 41.2761
60930 41.2666
60940 41.2662
60950 41.3004
60960 41.3384
60970 41.3498
60980 41.344
60990 41.3468
61000 41.3477
61010 41.3398
61020 41.3276
61030 41.3149
61040 41.3171
61050 41.3405
61060 41.3635
61070 41.3776
61080 41.3826
61090 41.3872
61100 41.3974
61110 41.4168
61120 41.4149
61130 41.397
61140 41.3895
61150 41.3637
61160 41.3227
61170 41.2991
61180 41.2935
61190 41.2972
61200 41.3098
61210 41.333
61220 41.3448
61230 41.3361
61240 41.3212
61250 41.3311
61260 41.3654
61270 41.3881
61280 41.3828
61290 41.3733
61300 41.3692
61310 41.3738
61320 41.3832
61330 41.4039
61340 41.4228
61350 41.4184
61360 41.403
61370 41.4073
61380 41.419
61390 41.4305
61400 41.4439
61410 41.4653
61420 41.5021
61430 41.5228
61440 41.5186
61450 41.5191
61460 41.5283
61470 41.5471
61480 41.5667
61490 41.559
61500 41.5493
61510 41.5562
61520 41.556
61530 41.5587
61540 41.5629
61550 41.5787
61560 41.6142
61570 41.6369
61580 41.6381
61590 41.6607
61600 41.6804
61610 41.6786
61620 41.6607
61630 41.638
61640 41.629
61650 41.6484
61660 41.683
61670 41.6916
61680 41.6804
61690 41.6891
61700 41.7175
61710 41.7327
61720 41.7209
61730 41.7053
61740 41.6923
61750 41.6775
61760 41.6721
61770 41.6667
61780 41.6531
61790 41.6593
61800 41.6822
61810 41.6883
61820 41.6895
61830 41.7008
61840 41.7153
61850 41.7222
61860 41.7074
61870 41.7086
61880 41.727
61890 41.7271
61900 41.7146
61910 41.7137
61920 41.7186
61930 41.7102
61940 41.7074
61950 41.7214
61960 41.7324
61970 41.7245
61980 41.7276
61990 41.7477
62000 41.7525
62010 41.7423
62020 41.7569
62030 41.7994
62040 41.8303
62050 41.8166
62060 41.7989
62070 41.8139
62080 41.8344
62090 41.8317
62100 41.813
62110 41.8044
62120 41.8019
62130 41.8114
62140 41.8246
62150 41.8288
62160 41.8175
62170 41.8296
62180 41.8501
62190 41.8574
62200 41.834
62210 41.8148
62220 41.8233
62230 41.8328
62240 41.8258
62250 41.8127
62260 41.8153
62270 41.8203
62280 41.8145
62290 41.8215
62300 41.8476
62310 41.8762
62320 41.8749
62330 41.8789
62340 41.8949
62350 41.9115
62360 41.9092
62370 41.8956
62380 41.8878
62390 41.8772
62400 41.8687
62410 41.8769
62420 41.8955
62430 41.8902
62440 41.8979
62450 41.9222
62460 41.9384
62470 41.9373
62480 41.9334
62490 41.9405
62500 41.9584
62510 41.9578
62520 41.9378
62530 41.9288
62540 41.9232
62550 41.9426
62560 41.9645
62570 41.9695
62580 41.9736
62590 41.9847
62600 41.9907
62610 42.0018
62620 42.0337
62630 42.0688
62640 42.084
62650 42.0763
62660 42.0811
62670 42.1043
62680 42.121
62690 42.1467
62700 42.1813
62710 42.1977
62720 42.2028
62730 42.2414
62740 42.2844
62750 42.2945
62760 42.3074
62770 42.3414
62780 42.3702
62790 42.3804
62800 42.3931
62810 42.4073
62820 42.4212
62830 42.415
62840 42.4032
62850 42.417
62860 42.4623
62870 42.4908
62880 42.4961
62890 42.5088
62900 42.5429
62910 42.5737
62920 42.587
62930 42.5889
62940 42.5837
62950 42.5918
62960 42.6015
62970 42.582
62980 42.574
62990 42.5833
63000 42.582
63010 42.5646
63020 42.5729
63030 42.6016
63040 42.6178
63050 42.6244
63060 42.6312
63070 42.6393
63080 42.6416
63090 42.646
63100 42.6388
63110 42.6129
63120 42.5906
63130 42.5864
63140 42.602
63150 42.6231
63160 42.631
63170 42.6224
63180 42.6178
63190 42.6237
63200 42.6273
63210 42.6207
63220 42.6158
63230 42.6115
63240 42.5969
63250 42.5956
63260 42.6251
63270 42.6496
63280 42.6448
63290 42.637
63300 42.6549
63310 42.6889
63320 42.6907
63330 42.6779
63340 42.6742
63350 42.6782
63360 42.707
63370 42.7465
63380 42.7731
63390 42.7659
63400 42.7645
63410 42.7747
63420 42.7827
63430 42.7755
63440 42.7706
63450 42.7769
63460 42.786
63470 42.8007
63480 42.8005
63490 42.7773
63500 42.7633
63510 42.7648
63520 42.7807
63530 42.7877
63540 42.8021
63550 42.8382
63560 42.8764
63570 42.8946
63580 42.9081
63590 42.9332
63600 42.9509
63610 42.9522
63620 42.9654
63630 43.0102
63640 43.0488
63650 43.0575
63660 43.0756
63670 43.105
63680 43.1292
63690 43.1426
63700 43.1602
63710 43.1795
63720 43.2047
63730 43.218
63740 43.2103
63750 43.2029
63760 43.2105
63770 43.2269
63780 43.2281
63790 43.2173
63800 43.2078
63810 43.2151
63820 43.2378
63830 43.2477
63840 43.2466
63850 43.2578
63860 43.2802
63870 43.2955
63880 43.2883
63890 43.2761
63900 43.2793
63910 43.2922
63920 43.2877
63930 43.2674
63940 43.2711
63950 43.306
63960 43.324
63970 43.3189
63980 43.3207
63990 43.3352
64000 43.3346
64010 43.3315
64020 43.3656
64030 43.4073
64040 43.4069
64050 43.3948
64060 43.3886
64070 43.3782
64080 43.3656
64090 43.3735
64100 43.3748
64110 43.3552
64120 43.3335
64130 43.331
64140 43.3449
64150 43.3657
64160 43.3947
64170 43.3992
64180 43.367
64190 43.353
64200 43.3796
64210 43.4128
64220 43.4365
64230 43.4754
64240 43.5098
64250 43.5191
64260 43.5458
64270 43.5953
64280 43.635
64290 43.6466
64300 43.6528
64310 43.6697
64320 43.6833
64330 43.6602
64340 43.6325
64350 43.6483
64360 43.6892
64370 43.7051
64380 43.6989
64390 43.6984
64400 43.6965
64410 43.6827
64420 43.6638
64430 43.6633
64440 43.6698
64450 43.668
64460 43.6501
64470 43.6487
64480 43.6555
64490 43.6447
64500 43.6175
64510 43.5975
64520 43.5863
64530 43.5771
64540 43.5567
64550 43.5335
64560 43.5271
64570 43.5184
64580 43.5126
64590 43.5219
64600 43.5265
64610 43.5384
64620 43.554
64630 43.5581
64640 43.5552
64650 43.5648
64660 43.5943
64670 43.6246
64680 43.6462
64690 43.6633
64700 43.6803
64710 43.6798
64720 43.6732
64730 43.6663
64740 43.683
64750 43.702
64760 43.7001
64770 43.7071
64780 43.7388
64790 43.7712
64800 43.802
64810 43.8332
64820 43.8655
64830 43.8865
64840 43.8861
64850 43.8868
64860 43.907
64870 43.919
64880 43.9117
64890 43.8922
64900 43.8826
64910 43.8885
64920 43.8769
64930 43.8543
64940 43.8657
64950 43.8869
64960 43.8967
64970 43.8934
64980 43.8868
64990 43.895
65000 43.9137
65010 43.9303
65020 43.9195
65030 43.921
65040 43.9583
65050 43.9793
65060 43.9655
65070 43.9613
65080 43.9665
65090 43.9316
65100 43.8966
65110 43.8956
65120 43.8982
65130 43.865
65140 43.8267
65150 43.8263
65160 43.8401
65170 43.8294
65180 43.8077
65190 43.8083
65200 43.8227
65210 43.8468
65220 43.853
65230 43.8442
65240 43.847
65250 43.874
65260 43.9195
65270 43.9385
65280 43.9268
65290 43.9189
65300 43.9313
65310 43.9385
65320 43.9298
65330 43.914
65340 43.9297
65350 43.9626
65360 43.9772
65370 43.9709
65380 43.9772
65390 43.9882
65400 43.9873
65410 43.984
65420 43.9832
65430 43.983
65440 43.9818
65450 43.9868
65460 43.9977
65470 44.0104
65480 43.9993
65490 43.9807
65500 43.9863
65510 44.012
65520 44.0343
65530 44.0472
65540 44.0448
65550 44.0391
65560 44.0367
65570 44.0483
65580 44.0574
65590 44.0592
65600 44.0697
65610 44.1079
65620 44.167
65630 44.1963
65640 44.1914
65650 44.1828
65660 44.1972
65670 44.2289
65680 44.25
65690 44.2593
65700 44.2644
65710 44.2384
65720 44.2245
65730 44.2456
65740 44.2617
65750 44.2451
65760 44.2296
65770 44.2391
65780 44.2624
65790 44.2616
65800 44.244
65810 44.2399
65820 44.2515
65830 44.2595
65840 44.2576
65850 44.2268
65860 44.1955
65870 44.2114
65880 44.2451
65890 44.2523
65900 44.2586
65910 44.2819
65920 44.2882
65930 44.2579
65940 44.2277
65950 44.2287
65960 44.268
65970 44.3171
65980 44.3529
65990 44.3644
66000 44.3602
66010 44.3486
66020 44.3418
66030 44.3621
66040 44.3862
66050 44.3963
66060 44.4006
66070 44.4025
66080 44.3952
66090 44.3815
66100 44.373
66110 44.3863
66120 44.3959
66130 44.3875
66140 44.3949
66150 44.4125
66160 44.4303
66170 44.4443
66180 44.4505
66190 44.4454
66200 44.4555
66210 44.4908
66220 44.5336
66230 44.5435
66240 44.5322
66250 44.5353
66260 44.5407
66270 44.5292
66280 44.5171
66290 44.5318
66300 44.5632
66310 44.5947
66320 44.6225
66330 44.6436
66340 44.6664
66350 44.6883
66360 44.6985
66370 44.7145
66380 44.7427
66390 44.7562
66400 44.7592
66410 44.7534
66420 44.7505
66430 44.7529
66440 44.7679
66450 44.7878
66460 44.7962
66470 44.799
66480 44.8001
66490 44.819
66500 44.8515
66510 44.8713
66520 44.8666
66530 44.8651
66540 44.9166
66550 44.981
66560 44.969
66570 44.9091
66580 44.881
66590 44.8992
66600 44.8989
66610 44.8705
66620 44.8609
66630 44.8756
66640 44.8743
66650 44.8712
66660 44.8882
66670 44.9026
66680 44.9122
66690 44.9299
66700 44.9542
66710 44.9718
66720 44.984
66730 44.9914
66740 44.9933
66750 44.9823
66760 44.9805
66770 44.9855
66780 44.9702
66790 44.9449
66800 44.9349
66810 44.9314
66820 44.944
66830 44.9624
66840 44.9825
66850 45.016
66860 45.0702
66870 45.1165
66880 45.1273
66890 45.1439
66900 45.166
66910 45.1743
66920 45.1903
66930 45.2129
66940 45.2308
66950 45.2558
66960 45.3005
66970 45.3295
66980 45.3235
66990 45.3245
67000 45.3617
67010 45.4179
67020 45.4355
67030 45.4302
67040 45.4135
67050 45.4068
67060 45.439
67070 45.4896
67080 45.4894
67090 45.4625
67100 45.4669
67110 45.4831
67120 45.4725
67130 45.4409
67140 45.412
67150 45.3869
67160 45.3731
67170 45.3719
67180 45.3738
67190 45.3542
67200 45.3438
67210 45.3502
67220 45.3583
67230 45.368
67240 45.3831
67250 45.4053
67260 45.42
67270 45.4176
67280 45.4081
67290 45.3928
67300 45.3881
67310 45.379
67320 45.3565
67330 45.3316
67340 45.3269
67350 45.3425
67360 45.3792
67370 45.422
67380 45.4464
67390 45.4377
67400 45.438
67410 45.4507
67420 45.4534
67430 45.4459
67440 45.4525
67450 45.4636
67460 45.4789
67470 45.4882
67480 45.4781
67490 45.4693
67500 45.4804
67510 45.501
67520 45.5078
67530 45.5146
67540 45.521
67550 45.5246
67560 45.5194
67570 45.5078
67580 45.4946
67590 45.4919
67600 45.5106
67610 45.5383
67620 45.5581
67630 45.5477
67640 45.5332
67650 45.5251
67660 45.5341
67670 45.5293
67680 45.497
67690 45.4603
67700 45.43
67710 45.4215
67720 45.4309
67730 45.4408
67740 45.4426
67750 45.449
67760 45.4669
67770 45.4756
67780 45.4764
67790 45.4961
67800 45.5241
67810 45.5414
67820 45.5511
67830 45.5832
67840 45.6214
67850 45.6434
67860 45.6636
67870 45.7075
67880 45.7433
67890 45.7504
67900 45.7611
67910 45.7775
67920 45.7747
67930 45.7657
67940 45.7737
67950 45.7771
67960 45.7645
67970 45.7588
67980 45.7821
67990 45.8025
68000 45.7977
68010 45.7724
68020 45.7532
68030 45.7626
68040 45.7777
68050 45.7993
68060 45.8109
68070 45.8144
68080 45.8279
68090 45.8503
68100 45.8415
68110 45.8159
68120 45.8177
68130 45.8217
68140 45.8083
68150 45.7885
68160 45.7965
68170 45.8206
68180 45.8192
68190 45.7956
68200 45.7776
68210 45.7864
68220 45.7791
68230 45.7458
68240 45.743
68250 45.7594
68260 45.7632
68270 45.7558
68280 45.7544
68290 45.7549
68300 45.7358
68310 45.7082
68320 45.7092
68330 45.7282
68340 45.7494
68350 45.7822
68360 45.8145
68370 45.8378
68380 45.8572
68390 45.8877
68400 45.9196
68410 45.9487
68420 45.9814
68430 46.0145
68440 46.0372
68450 46.0476
68460 46.0617
68470 46.0826
68480 46.1135
68490 46.1241
68500 46.1222
68510 46.1305
68520 46.1467
68530 46.1539
68540 46.1719
68550 46.2082
68560 46.258
68570 46.3145
68580 46.3617
68590 46.3695
68600 46.3564
68610 46.3651
68620 46.3843
68630 46.3923
68640 46.3794
68650 46.3752
68660 46.3839
68670 46.3889
68680 46.3867
68690 46.3886
68700 46.3742
68710 46.3503
68720 46.3433
68730 46.3635
68740 46.3714
68750 46.352
68760 46.3239
68770 46.314
68780 46.3205
68790 46.3155
68800 46.3022
68810 46.301
68820 46.2913
68830 46.2806
68840 46.295
68850 46.3078
68860 46.302
68870 46.2748
68880 46.246
68890 46.2264
68900 46.2169
68910 46.2
68920 46.1824
68930 46.2031
68940 46.2222
68950 46.2209
68960 46.2228
68970 46.2219
68980 46.2149
68990 46.2298
69000 46.2496
69010 46.2405
69020 46.2222
69030 46.2246
69040 46.2101
69050 46.1607
69060 46.1238
69070 46.1177
69080 46.1261
69090 46.122
69100 46.123
69110 46.1356
69120 46.1425
69130 46.1472
69140 46.1739
69150 46.1978
69160 46.1826
69170 46.1331
69180 46.0975
69190 46.1087
69200 46.1351
69210 46.1365
69220 46.1114
69230 46.1046
69240 46.1393
69250 46.1796
69260 46.1631
69270 46.1282
69280 46.1378
69290 46.1731
69300 46.1865
69310 46.1891
69320 46.1999
69330 46.1932
69340 46.183
69350 46.1935
69360 46.2216
69370 46.2434
69380 46.2713
69390 46.3014
69400 46.3112
69410 46.3387
69420 46.3778
69430 46.3838
69440 46.3806
69450 46.3893
69460 46.4119
69470 46.4247
69480 46.4398
69490 46.4675
69500 46.4982
69510 46.5293
69520 46.5637
69530 46.5981
69540 46.6311
69550 46.6641
69560 46.6706
69570 46.6662
69580 46.6869
69590 46.7111
69600 46.714
69610 46.714
69620 46.7171
69630 46.6999
69640 46.6771
69650 46.6754
69660 46.6795
69670 46.6765
69680 46.6842
69690 46.6987
69700 46.6794
69710 46.6447
69720 46.6493
69730 46.6778
69740 46.7031
69750 46.7239
69760 46.7232
69770 46.7157
69780 46.7228
69790 46.7272
69800 46.7064
69810 46.7035
69820 46.7416
69830 46.7635
69840 46.7459
69850 46.7324
69860 46.7407
69870 46.7493
69880 46.7576
69890 46.7816
69900 46.8015
69910 46.8164
69920 46.827
69930 46.8407
69940 46.8646
69950 46.8732
69960 46.8709
69970 46.8586
69980 46.844
69990 46.8135
70000 46.7844
70010 46.7677
70020 46.7423
70030 46.7221
70040 46.725
70050 46.7386
70060 46.7452
70070 46.7457
70080 46.751
70090 46.772
70100 46.8098
70110 46.8336
70120 46.8487
70130 46.8739
70140 46.9013
70150 46.9123
70160 46.9215
70170 46.9413
70180 46.9703
70190 46.974
70200 46.9668
70210 46.9852
70220 47.0159
70230 47.028
70240 47.0367
70250 47.0502
70260 47.0559
70270 47.0777
70280 47.1024
70290 47.1174
70300 47.1417
70310 47.1632
70320 47.171
70330 47.1832
70340 47.2009
70350 47.191
70360 47.1445
70370 47.1183
70380 47.1293
70390 47.1441
70400 47.1282
70410 47.1152
70420 47.1334
70430 47.1637
70440 47.1659
70450 47.1761
70460 47.2128
70470 47.2237
70480 47.1809
70490 47.1498
70500 47.1657
70510 47.2136
70520 47.251
70530 47.2655
70540 47.2673
70550 47.2853
70560 47.3239
70570 47.3604
70580 47.3897
70590 47.4296
70600 47.4565
70610 47.4479
70620 47.4424
70630 47.4624
70640 47.4738
70650 47.4727
70660 47.4599
70670 47.4632
70680 47.4807
70690 47.4949
70700 47.4916
70710 47.4847
70720 47.4898
70730 47.5138
70740 47.5379
70750 47.5375
70760 47.5235
70770 47.513
70780 47.5139
70790 47.5312
70800 47.5412
70810 47.5333
70820 47.5248
70830 47.5233
70840 47.5247
70850 47.5236
70860 47.5281
70870 47.5362
70880 47.5402
70890 47.5386
70900 47.5415
70910 47.555
70920 47.5727
70930 47.5917
70940 47.6152
70950 47.6075
70960 47.5665
70970 47.5311
70980 47.5119
70990 47.5076
71000 47.5184
71010 47.5193
71020 47.5169
71030 47.5372
71040 47.5711
71050 47.596
71060 47.6051
71070 47.6235
71080 47.6469
71090 47.6482
71100 47.6283
71110 47.6195
71120 47.62
71130 47.617
71140 47.628
71150 47.6578
71160 47.6702
71170 47.6662
71180 47.6702
71190 47.6766
71200 47.6884
71210 47.6969
71220 47.6985
71230 47.7027
71240 47.7253
71250 47.7543
71260 47.7825
71270 47.7801
71280 47.7599
71290 47.7723
71300 47.792
71310 47.7866
71320 47.7923
71330 47.8255
71340 47.8681
71350 47.8981
71360 47.9193
71370 47.9247
71380 47.9223
71390 47.9306
71400 47.9675
71410 47.9745
71420 47.9292
71430 47.9091
71440 47.9391
71450 47.954
71460 47.9363
71470 47.9273
71480 47.9275
71490 47.9356
71500 47.9755
71510 48.0069
71520 47.9957
71530 47.9793
71540 47.9779
71550 47.9747
71560 47.9792
71570 48.0019
71580 48.0257
71590 48.0228
71600 48.016
71610 48.0364
71620 48.0608
71630 48.0459
71640 48.0102
71650 47.9906
71660 47.9875
71670 47.9738
71680 47.9702
71690 47.9801
71700 47.9877
71710 47.9769
71720 47.9574
71730 47.957
71740 47.9855
71750 48.0211
71760 48.0415
71770 48.0535
71780 48.0601
71790 48.0573
71800 48.0552
71810 48.0626
71820 48.1002
71830 48.1537
71840 48.194
71850 48.1955
71860 48.1946
71870 48.2086
71880 48.2248
71890 48.2521
71900 48.266
71910 48.2428
71920 48.2062
71930 48.1889
71940 48.1954
71950 48.2102
71960 48.207
71970 48.188
71980 48.1671
71990 48.1549
72000 48.155
72010 48.1558
72020 48.1742
72030 48.171
72040 48.1425
72050 48.123
72060 48.1095
72070 48.1074
72080 48.0903
72090 48.0598
72100 48.0444
72110 48.0503
72120 48.0464
72130 48.0366
72140 48.0357
72150 48.0353
72160 48.03
72170 48.0098
72180 47.9938
72190 47.9857
72200 47.9865
72210 47.9989
72220 48.0024
72230 48.0109
72240 48.0271
72250 48.0474
72260 48.0493
72270 48.041
72280 48.0286
72290 48.0244
72300 48.0362
72310 48.0544
72320 48.071
72330 48.064
72340 48.0395
72350 48.0354
72360 48.0475
72370 48.0415
72380 48.0301
72390 48.0438
72400 48.0759
72410 48.111
72420 48.1237
72430 48.1363
72440 48.1501
72450 48.1595
72460 48.1806
72470 48.2018
72480 48.2193
72490 48.245
72500 48.2747
72510 48.2885
72520 48.2579
72530 48.2184
72540 48.2132
72550 48.2299
72560 48.2321
72570 48.21
72580 48.202
72590 48.2086
72600 48.2182
72610 48.2305
72620 48.243
72630 48.258
72640 48.2705
72650 48.2859
72660 48.2965
72670 48.3177
72680 48.3436
72690 48.3547
72700 48.3465
72710 48.3362
72720 48.3457
72730 48.3494
72740 48.3494
72750 48.3711
72760 48.3954
72770 48.389
72780 48.3646
72790 48.3651
72800 48.3874
72810 48.4031
72820 48.4147
72830 48.4387
72840 48.4703
72850 48.4871
72860 48.4864
72870 48.4806
72880 48.4893
72890 48.525
72900 48.545
72910 48.5328
72920 48.5337
72930 48.5605
72940 48.5654
72950 48.5594
72960 48.5811
72970 48.6023
72980 48.5813
72990 48.5486
73000 48.5581
73010 48.5808
73020 48.5816
73030 48.57
73040 48.5586
73050 48.5417
73060 48.5444
73070 48.5875
73080 48.627
73090 48.6307
73100 48.6483
73110 48.6696
73120 48.6737
73130 48.6758
73140 48.6827
73150 48.686
73160 48.7013
73170 48.7418
73180 48.7671
73190 48.7746
73200 48.7803
73210 48.817
73220 48.86
73230 48.8808
73240 48.9
73250 48.9226
73260 48.9345
73270 48.9247
73280 48.9037
73290 48.914
73300 48.9588
73310 49.007
73320 49.0331
73330 49.0515
73340 49.0775
73350 49.1071
73360 49.103
73370 49.1053
73380 49.1357
73390 49.1752
73400 49.1689
73410 49.1409
73420 49.1422
73430 49.1616
73440 49.1799
73450 49.1722
73460 49.1456
73470 49.1299
73480 49.1464
73490 49.1796
73500 49.1876
73510 49.1805
73520 49.1916
73530 49.2311
73540 49.2534
73550 49.243
73560 49.2351
73570 49.2316
73580 49.2313
73590 49.2259
73600 49.2102
73610 49.2008
73620 49.2016
73630 49.2124
73640 49.2202
73650 49.2285
73660 49.2346
73670 49.2321
73680 49.2167
73690 49.1937
73700 49.1761
73710 49.1626
73720 49.1619
73730 49.1847
73740 49.2187
73750 49.2418
73760 49.2664
73770 49.3072
73780 49.3183
73790 49.3159
73800 49.3321
73810 49.3648
73820 49.3745
73830 49.3764
73840 49.3919
73850 49.4117
73860 49.4326
73870 49.4378
73880 49.44
73890 49.4417
73900 49.4456
73910 49.4407
73920 49.4248
73930 49.4288
73940 49.4561
73950 49.4784
73960 49.4804
73970 49.4696
73980 49.4676
73990 49.4948
74000 49.524
74010 49.5158
74020 49.4983
74030 49.5074
74040 49.5251
74050 49.5271
74060 49.5022
74070 49.4626
74080 49.4456
74090 49.4608
74100 49.4887
74110 49.4757
74120 49.4464
74130 49.445
74140 49.4696
74150 49.4802
74160 49.4609
74170 49.4392
74180 49.4435
74190 49.4522
74200 49.4514
74210 49.4494
74220 49.4351
74230 49.4165
74240 49.4219
74250 49.4316
74260 49.4144
74270 49.3843
74280 49.3827
74290 49.3904
74300 49.3851
74310 49.3666
74320 49.3544
74330 49.349
74340 49.3382
74350 49.346
74360 49.3551
74370 49.3447
74380 49.3341
74390 49.3257
74400 49.3264
74410 49.3322
74420 49.329
74430 49.3396
74440 49.3812
74450 49.4238
74460 49.4555
74470 49.4723
74480 49.4906
74490 49.5102
74500 49.5224
74510 49.5208
74520 49.5116
74530 49.5094
74540 49.5227
74550 49.5457
74560 49.5633
74570 49.5631
74580 49.5652
74590 49.5951
74600 49.6271
74610 49.6409
74620 49.6464
74630 49.6436
74640 49.6476
74650 49.6752
74660 49.7044
74670 49.7011
74680 49.6832
74690 49.6699
74700 49.6589
74710 49.6388
74720 49.6298
74730 49.6323
74740 49.6188
74750 49.5982
74760 49.61
74770 49.6496
74780 49.6756
74790 49.6675
74800 49.6446
74810 49.6411
74820 49.643
74830 49.6328
74840 49.6175
74850 49.5997
74860 49.6133
74870 49.6251
74880 49.608
74890 49.5945
74900 49.6128
74910 49.6343
74920 49.6029
74930 49.5643
74940 49.5721
74950 49.5987
74960 49.6135
74970 49.6106
74980 49.5963
74990 49.5924
75000 49.6156
75010 49.6351
75020 49.6373
75030 49.6315
75040 49.6347
75050 49.6454
75060 49.6506
75070 49.6369
75080 49.6104
75090 49.5978
75100 49.6068
75110 49.6064
75120 49.5993
75130 49.5993
75140 49.5929
75150 49.574
75160 49.5753
75170 49.6074
75180 49.6253
75190 49.6095
75200 49.5787
75210 49.5789
75220 49.6235
75230 49.6616
75240 49.6608
75250 49.6375
75260 49.6278
75270 49.6457
75280 49.6563
75290 49.649
75300 49.64
75310 49.6522
75320 49.6985
75330 49.7339
75340 49.7484
75350 49.7793
75360 49.8103
75370 49.8326
75380 49.8465
75390 49.8554
75400 49.8572
75410 49.863
75420 49.8928
75430 49.9135
75440 49.9166
75450 49.9018
75460 49.8749
75470 49.8626
75480 49.8736
75490 49.881
75500 49.8761
75510 49.8858
75520 49.919
75530 49.9413
75540 49.9305
75550 49.9117
75560 49.9304
75570 49.9574
75580 49.9583
75590 49.9556
75600 49.9714
75610 49.9937
75620 50.0119
75630 50.0309
75640 50.0549
75650 50.0684
75660 50.0783
75670 50.093
75680 50.1114
75690 50.1087
75700 50.0849
75710 50.0738
75720 50.0877
75730 50.0971
75740 50.081
75750 50.0718
75760 50.0989
75770 50.1157
75780 50.1041
75790 50.1209
75800 50.1904
75810 50.239
75820 50.2331
75830 50.2039
75840 50.1849
75850 50.1969
75860 50.2176
75870 50.2122
75880 50.1832
75890 50.1881
75900 50.2507
75910 50.3037
75920 50.3247
75930 50.3365
75940 50.3687
75950 50.3694
75960 50.3456
75970 50.3457
75980 50.3737
75990 50.4038
76000 50.4298
76010 50.4311
76020 50.422
76030 50.4338
76040 50.4661
76050 50.4761
76060 50.4491
76070 50.4382
76080 50.4569
76090 50.4481
76100 50.43
76110 50.4332
76120 50.449
76130 50.4585
76140 50.4803
76150 50.5277
76160 50.566
76170 50.5786
76180 50.5866
76190 50.6075
76200 50.6401
76210 50.6716
76220 50.6962
76230 50.728
76240 50.7604
76250 50.7838
76260 50.8147
76270 50.8656
76280 50.922
76290 50.9273
76300 50.9136
76310 50.948
76320 51.0125
76330 51.0341
76340 51.0206
76350 51.0129
76360 51.0227
76370 51.0197
76380 50.9986
76390 51.0106
76400 51.0111
76410 50.9726
76420 50.9278
76430 50.9264
76440 50.9367
76450 50.9327
76460 50.9288
76470 50.9398
76480 50.9465
76490 50.939
76500 50.9348
76510 50.9346
76520 50.9318
76530 50.9463
76540 50.958
76550 50.9493
76560 50.9527
76570 50.978
76580 51.0075
76590 51.0367
76600 51.0688
76610 51.1052
76620 51.1067
76630 51.1109
76640 51.1345
76650 51.1576
76660 51.176
76670 51.2047
76680 51.1991
76690 51.1452
76700 51.0967
76710 51.0768
76720 51.0821
76730 51.0794
76740 51.0684
76750 51.0444
76760 51.0124
76770 50.9874
76780 50.972
76790 50.9739
76800 50.9667
76810 50.9422
76820 50.9288
76830 50.9174
76840 50.8999
76850 50.8823
76860 50.8554
76870 50.8319
76880 50.8425
76890 50.8762
76900 50.8849
76910 50.8938
76920 50.9269
76930 50.9499
76940 50.9473
76950 50.9618
76960 50.9941
76970 50.9917
76980 50.9722
76990 50.9933
77000 51.0371
77010 51.0466
77020 51.0163
77030 51.0082
77040 51.0372
77050 51.0491
77060 51.0533
77070 51.0645
77080 51.0666
77090 51.0641
77100 51.0908
77110 51.1313
77120 51.1443
77130 51.1548
77140 51.188
77150 51.2069
77160 51.1789
77170 51.1407
77180 51.1302
77190 51.1275
77200 51.1229
77210 51.1158
77220 51.0975
77230 51.0828
77240 51.0888
77250 51.1028
77260 51.1025
77270 51.0982
77280 51.1004
77290 51.0961
77300 51.0828
77310 51.0826
77320 51.0825
77330 51.0866
77340 51.0901
77350 51.1071
77360 51.1388
77370 51.1502
77380 51.1521
77390 51.1711
77400 51.202
77410 51.2126
77420 51.1932
77430 51.1776
77440 51.1901
77450 51.1877
77460 51.1582
77470 51.1513
77480 51.1795
77490 51.2041
77500 51.2159
77510 51.2385
77520 51.274
77530 51.3154
77540 51.3472
77550 51.3648
77560 51.3778
77570 51.4004
77580 51.4327
77590 51.4625
77600 51.4687
77610 51.4527
77620 51.4516
77630 51.4755
77640 51.5073
77650 51.5367
77660 51.5553
77670 51.5876
77680 51.6118
77690 51.6349
77700 51.6552
77710 51.6572
77720 51.6645
77730 51.658
77740 51.6341
77750 51.6197
77760 51.6472
77770 51.6824
77780 51.6839
77790 51.6597
77800 51.6247
77810 51.5993
77820 51.5985
77830 51.6155
77840 51.6174
77850 51.6042
77860 51.6284
77870 51.6709
77880 51.6974
77890 51.7222
77900 51.7701
77910 51.8024
77920 51.8005
77930 51.7998
77940 51.8404
77950 51.8938
77960 51.9359
77970 51.9666
77980 51.981
77990 51.9729
78000 51.9866
78010 52.0138
78020 52.0186
78030 51.9848
78040 51.9545
78050 51.9621
78060 51.9947
78070 52.0093
78080 52.0056
78090 52.0021
78100 52.0164
78110 52.0292
78120 52.0382
78130 52.0376
78140 52.0299
78150 52.0399
78160 52.0728
78170 52.0872
78180 52.0769
78190 52.0818
78200 52.082
78210 52.0727
78220 52.0939
78230 52.132
78240 52.1327
78250 52.1021
78260 52.086
78270 52.0927
78280 52.1186
78290 52.161
78300 52.1742
78310 52.1605
78320 52.1684
78330 52.1987
78340 52.2049
78350 52.1751
78360 52.1464
78370 52.1435
78380 52.1517
78390 52.1469
78400 52.1324
78410 52.1153
78420 52.0978
78430 52.1021
78440 52.1229
78450 52.1365
78460 52.1318
78470 52.1082
78480 52.0878
78490 52.0984
78500 52.0966
78510 52.0706
78520 52.0379
78530 52.0363
78540 52.05
78550 52.037
78560 51.9938
78570 51.9678
78580 51.9808
78590 52.0021
78600 51.9931
78610 51.986
78620 51.9924
78630 51.996
78640 52.0235
78650 52.0496
78660 52.0295
78670 52.0253
78680 52.072
78690 52.1019
78700 52.097
78710 52.095
78720 52.1154
78730 52.117
78740 52.124
78750 52.1543
78760 52.1635
78770 52.1469
78780 52.1441
78790 52.1598
78800 52.1615
78810 52.1622
78820 52.1703
78830 52.1646
78840 52.1402
78850 52.1341
78860 52.1389
78870 52.1312
78880 52.1224
78890 52.1164
78900 52.1051
78910 52.0896
78920 52.0917
78930 52.1126
78940 52.1356
78950 52.1421
78960 52.1436
78970 52.1746
78980 52.2081
78990 52.2166
79000 52.2381
79010 52.2816
79020 52.3051
79030 52.2944
79040 52.2877
79050 52.3131
79060 52.3177
79070 52.2859
79080 52.2654
79090 52.2633
79100 52.2577
79110 52.2522
79120 52.2578
79130 52.2658
79140 52.2254
79150 52.1627
79160 52.1382
79170 52.1371
79180 52.1276
79190 52.1227
79200 52.1382
79210 52.1472
79220 52.1304
79230 52.1198
79240 52.13
79250 52.1541
79260 52.1542
79270 52.1334
79280 52.1457
79290 52.193
79300 52.2145
79310 52.2122
79320 52.2243
79330 52.2555
79340 52.2556
79350 52.2508
79360 52.2722
79370 52.3054
79380 52.315
79390 52.3186
79400 52.3345
79410 52.3627
79420 52.3896
79430 52.426
79440 52.4463
79450 52.4444
79460 52.4548
79470 52.4765
79480 52.4874
79490 52.4691
79500 52.4413
79510 52.426
79520 52.4327
79530 52.4524
79540 52.4655
79550 52.485
79560 52.5032
79570 52.4965
79580 52.4897
79590 52.506
79600 52.5142
79610 52.5282
79620 52.5551
79630 52.5834
79640 52.6005
79650 52.6117
79660 52.6176
79670 52.6441
79680 52.6783
79690 52.6978
79700 52.711
79710 52.7188
79720 52.7188
79730 52.7119
79740 52.7166
79750 52.7275
79760 52.7295
79770 52.7202
79780 52.7037
79790 52.6881
79800 52.6785
79810 52.6785
79820 52.6814
79830 52.6904
79840 52.6911
79850 52.6743
79860 52.66
79870 52.666
79880 52.6966
79890 52.7233
79900 52.7205
79910 52.7052
79920 52.6971
79930 52.7105
79940 52.7425
79950 52.7611
79960 52.7746
79970 52.8085
79980 52.8452
79990 52.8425
80000 52.8233
80010 52.8414
80020 52.8794
80030 52.8861
80040 52.88
80050 52.9026
80060 52.9237
80070 52.9233
80080 52.9343
80090 52.9724
80100 52.9894
80110 52.969
80120 52.9616
80130 52.9842
80140 53.0021
80150 53.0102
80160 53.0278
80170 53.0472
80180 53.0492
80190 53.0592
80200 53.1031
80210 53.155
80220 53.1802
80230 53.1799
80240 53.1987
80250 53.2354
80260 53.229
80270 53.2101
80280 53.2105
80290 53.2487
80300 53.2912
80310 53.3131
80320 53.3225
80330 53.3376
80340 53.3448
80350 53.3537
80360 53.3516
80370 53.3332
80380 53.3336
80390 53.3641
80400 53.3927
80410 53.4087
80420 53.407
80430 53.3899
80440 53.4007
80450 53.4322
80460 53.4333
80470 53.4219
80480 53.4313
80490 53.4203
80500 53.3974
80510 53.4009
80520 53.4285
80530 53.4337
80540 53.4262
80550 53.4294
80560 53.4422
80570 53.4424
80580 53.428
80590 53.426
80600 53.4357
80610 53.4481
80620 53.4602
80630 53.4579
80640 53.4436
80650 53.427
80660 53.4239
80670 53.4359
80680 53.4645
80690 53.4894
80700 53.488
80710 53.4838
80720 53.5131
80730 53.5297
80740 53.5315
80750 53.5429
80760 53.5618
80770 53.5842
80780 53.5962
80790 53.5987
80800 53.6059
80810 53.6331
80820 53.6663
80830 53.6977
80840 53.7252
80850 53.7455
80860 53.7642
80870 53.7844
80880 53.8016
80890 53.8128
80900 53.8346
80910 53.8675
80920 53.8962
80930 53.9087
80940 53.9204
80950 53.9301
80960 53.9375
80970 53.9647
80980 53.9855
80990 53.9814
81000 53.9894
81010 54.0225
81020 54.0427
81030 54.0367
81040 54.0362
81050 54.0547
81060 54.0459
81070 54.021
81080 54.0105
81090 54.0158
81100 54.019
81110 54.0183
81120 54.0194
81130 54.0286
81140 54.0434
81150 54.0536
81160 54.0503
81170 54.0595
81180 54.0773
81190 54.0724
81200 54.0568
81210 54.0302
81220 54.0068
81230 53.9895
81240 53.9951
81250 54.0004
81260 54.0093
81270 54.0114
81280 54.0115
81290 54.0424
81300 54.0672
81310 54.0638
81320 54.0467
81330 54.0494
81340 54.0607
81350 54.0625
81360 54.0616
81370 54.0805
81380 54.1
81390 54.1037
81400 54.0878
81410 54.0892
81420 54.1179
81430 54.14
81440 54.138
81450 54.1499
81460 54.191
81470 54.2406
81480 54.2732
81490 54.2978
81500 54.3216
81510 54.3322
81520 54.3415
81530 54.37
81540 54.3992
81550 54.4066
81560 54.4156
81570 54.4266
81580 54.3989
81590 54.3404
81600 54.3263
81610 54.3502
81620 54.3701
81630 54.3598
81640 54.342
81650 54.333
81660 54.3613
81670 54.3967
81680 54.4125
81690 54.3893
81700 54.3507
81710 54.3369
81720 54.3335
81730 54.3266
81740 54.3082
81750 54.2988
81760 54.3225
81770 54.374
81780 54.4128
81790 54.4214
81800 54.4336
81810 54.4645
81820 54.4868
81830 54.4687
81840 54.4669
81850 54.4922
81860 54.5071
81870 54.5114
81880 54.5325
81890 54.5705
81900 54.5979
81910 54.6203
81920 54.6452
81930 54.6499
81940 54.6606
81950 54.7027
81960 54.7067
81970 54.6531
81980 54.6207
81990 54.6492
82000 54.673
82010 54.6667
82020 54.6633
82030 54.6663
82040 54.6688
82050 54.6724
82060 54.6717
82070 54.6722
82080 54.6809
82090 54.6879
82100 54.701
82110 54.7327
82120 54.7645
82130 54.7825
82140 54.7864
82150 54.8038
82160 54.8344
82170 54.8505
82180 54.8258
82190 54.7997
82200 54.8089
82210 54.819
82220 54.7927
82230 54.7902
82240 54.825
82250 54.8495
82260 54.8168
82270 54.7819
82280 54.7752
82290 54.7876
82300 54.7887
82310 54.7763
82320 54.7703
82330 54.7659
82340 54.7536
82350 54.7563
82360 54.7674
82370 54.7731
82380 54.7713
82390 54.7748
82400 54.7949
82410 54.8079
82420 54.8138
82430 54.8399
82440 54.8871
82450 54.9101
82460 54.8894
82470 54.8695
82480 54.8736
82490 54.8983
82500 54.9109
82510 54.8941
82520 54.8706
82530 54.8641
82540 54.8809
82550 54.8957
82560 54.9191
82570 54.9507
82580 54.9848
82590 55.0182
82600 55.0323
82610 55.0133
82620 54.9903
82630 55.0248
82640 55.0878
82650 55.0991
82660 55.0672
82670 55.0576
82680 55.1026
82690 55.1678
82700 55.191
82710 55.1866
82720 55.1868
82730 55.2148
82740 55.236
82750 55.2359
82760 55.2342
82770 55.253
82780 55.2684
82790 55.262
82800 55.2402
82810 55.2042
82820 55.1888
82830 55.206
82840 55.2189
82850 55.2059
82860 55.181
82870 55.173
82880 55.178
82890 55.1835
82900 55.1895
82910 55.2076
82920 55.2256
82930 55.251
82940 55.2778
82950 55.2801
82960 55.2757
82970 55.266
82980 55.2651
82990 55.2542
83000 55.2312
83010 55.2229
83020 55.2319
83030 55.2548
83040 55.2764
83050 55.2853
83060 55.2762
83070 55.2564
83080 55.27
83090 55.317
83100 55.3359
83110 55.3182
83120 55.321
83130 55.3601
83140 55.3776
83150 55.367
83160 55.3797
83170 55.4211
83180 55.4645
83190 55.4754
83200 55.4871
83210 55.508
83220 55.5244
83230 55.5252
83240 55.539
83250 55.5684
83260 55.6086
83270 55.6379
83280 55.6478
83290 55.6651
83300 55.7061
83310 55.7656
83320 55.7775
83330 55.7554
83340 55.7802
83350 55.8276
83360 55.8335
83370 55.8364
83380 55.8713
83390 55.9004
83400 55.8883
83410 55.8634
83420 55.8792
83430 55.907
83440 55.904
83450 55.8778
83460 55.8624
83470 55.8767
83480 55.89
83490 55.89
83500 55.8822
83510 55.8692
83520 55.8438
83530 55.8278
83540 55.8442
83550 55.8612
83560 55.8474
83570 55.8295
83580 55.8471
83590 55.8563
83600 55.8451
83610 55.8732
83620 55.9177
83630 55.9041
83640 55.8512
83650 55.8419
83660 55.878
83670 55.9072
83680 55.9316
83690 55.9586
83700 55.981
83710 56.0039
83720 56.0479
83730 56.1051
83740 56.1457
83750 56.1512
83760 56.1728
83770 56.213
83780 56.2256
83790 56.2056
83800 56.1892
83810 56.1983
83820 56.2078
83830 56.2027
83840 56.1794
83850 56.1662
83860 56.1856
83870 56.2159
83880 56.2162
83890 56.187
83900 56.1616
83910 56.1467
83920 56.1194
83930 56.0887
83940 56.0834
83950 56.0922
83960 56.0901
83970 56.0796
83980 56.0669
83990 56.0771
84000 56.1163
84010 56.1434
84020 56.1327
84030 56.1288
84040 56.1534
84050 56.18
84060 56.1904
84070 56.1951
84080 56.195
84090 56.2082
84100 56.2548
84110 56.3025
84120 56.2991
84130 56.2838
84140 56.3145
84150 56.371
84160 56.3837
84170 56.3705
84180 56.385
84190 56.403
84200 56.4014
84210 56.428
84220 56.4495
84230 56.4287
84240 56.4022
84250 56.423
84260 56.4605
84270 56.4717
84280 56.4672
84290 56.4449
84300 56.4057
84310 56.38
84320 56.3801
84330 56.3831
84340 56.3888
84350 56.4012
84360 56.3996
84370 56.387
84380 56.4052
84390 56.437
84400 56.4356
84410 56.43
84420 56.4481
84430 56.4671
84440 56.4701
84450 56.4592
84460 56.4334
84470 56.3999
84480 56.3959
84490 56.4125
84500 56.4134
84510 56.4203
84520 56.4488
84530 56.4582
84540 56.4473
84550 56.4523
84560 56.4764
84570 56.477
84580 56.4608
84590 56.4553
84600 56.4459
84610 56.4369
84620 56.4372
84630 56.4609
84640 56.4914
84650 56.5013
84660 56.4835
84670 56.4788
84680 56.4944
84690 56.5067
84700 56.5074
84710 56.505
84720 56.5173
84730 56.5239
84740 56.5253
84750 56.5453
84760 56.5843
84770 56.6026
84780 56.5586
84790 56.5059
84800 56.4834
84810 56.4732
84820 56.4689
84830 56.4721
84840 56.4829
84850 56.4871
84860 56.5038
84870 56.5336
84880 56.555
84890 56.5395
84900 56.517
84910 56.4921
84920 56.4406
84930 56.3671
84940 56.3197
84950 56.3233
84960 56.3194
84970 56.3061
84980 56.308
84990 56.3114
85000 56.3023
85010 56.2855
85020 56.2725
85030 56.2611
85040 56.2455
85050 56.234
85060 56.2229
85070 56.2332
85080 56.2745
85090 56.3083
85100 56.3115
85110 56.3168
85120 56.344
85130 56.3591
85140 56.3402
85150 56.3257
85160 56.3309
85170 56.324
85180 56.3034
85190 56.3138
85200 56.3535
85210 56.3781
85220 56.3972
85230 56.4167
85240 56.4239
85250 56.4127
85260 56.418
85270 56.4505
85280 56.4705
85290 56.4627
85300 56.4519
85310 56.4382
85320 56.434
85330 56.4609
85340 56.4867
85350 56.4984
85360 56.5037
85370 56.5461
85380 56.5983
85390 56.6161
85400 56.5977
85410 56.5977
85420 56.6365
85430 56.6771
85440 56.7073
85450 56.7279
85460 56.7545
85470 56.7876
85480 56.8095
85490 56.8477
85500 56.9104
85510 56.9327
85520 56.9151
85530 56.9168
85540 56.94
85550 56.9394
85560 56.9046
85570 56.8614
85580 56.8606
85590 56.8579
85600 56.8224
85610 56.7817
85620 56.757
85630 56.7561
85640 56.7581
85650 56.7424
85660 56.7246
85670 56.7245
85680 56.7232
85690 56.7038
85700 56.6814
85710 56.6834
85720 56.6864
85730 56.6825
85740 56.6937
85750 56.7252
85760 56.7772
85770 56.8317
85780 56.8719
85790 56.8975
85800 56.9253
85810 56.9532
85820 56.9577
85830 56.9432
85840 56.9475
85850 56.9623
85860 56.9673
85870 56.9695
85880 56.9948
85890 57.0394
85900 57.0784
85910 57.0778
85920 57.056
85930 57.0287
85940 57.0295
85950 57.0388
85960 57.0618
85970 57.0798
85980 57.0941
85990 57.1019
86000 57.1036
86010 57.1096
86020 57.1258
86030 57.1526
86040 57.1569
86050 57.155
86060 57.1563
86070 57.159
86080 57.1441
86090 57.1193
86100 57.0988
86110 57.0791
86120 57.0661
86130 57.0835
86140 57.1137
86150 57.1215
86160 57.1394
86170 57.1701
86180 57.193
86190 57.1974
86200 57.2134
86210 57.2475
86220 57.2632
86230 57.2472
86240 57.2322
86250 57.2381
86260 57.263
86270 57.2708
86280 57.2589
86290 57.2347
86300 57.2162
86310 57.2195
86320 57.2254
86330 57.2211
86340 57.2232
86350 57.2466
86360 57.2841
86370 57.3127
86380 57.3338
86390 57.3597
86400 57.3929
86410 57.4276
86420 57.4282
86430 57.405
86440 57.4059
86450 57.4292
86460 57.4362
86470 57.4416
86480 57.4681
86490 57.5074
86500 57.531
86510 57.5337
86520 57.5366
86530 57.5676
86540 57.6013
86550 57.6184
86560 57.6148
86570 57.6279
86580 57.6573
86590 57.685
86600 57.6801
86610 57.664
86620 57.6702
86630 57.6811
86640 57.6736
86650 57.6553
86660 57.6654
86670 57.6835
86680 57.6906
86690 57.689
86700 57.6753
86710 57.6508
86720 57.6484
86730 57.6649
86740 57.678
86750 57.683
86760 57.6849
86770 57.6595
86780 57.627
86790 57.6281
86800 57.6445
86810 57.6441
86820 57.6319
86830 57.6159
86840 57.6005
86850 57.5966
86860 57.6178
86870 57.6412
86880 57.6366
86890 57.6241
86900 57.6242
86910 57.626
86920 57.6269
86930 57.6387
86940 57.6424
86950 57.6325
86960 57.6299
86970 57.6351
86980 57.6328
86990 57.6166
87000 57.5928
87010 57.5813
87020 57.594
87030 57.6121
87040 57.6349
87050 57.65
87060 57.6596
87070 57.6626
87080 57.6746
87090 57.683
87100 57.6754
87110 57.6911
87120 57.7107
87130 57.7112
87140 57.7061
87150 57.7074
87160 57.723
87170 57.7306
87180 57.7491
87190 57.7737
87200 57.7904
87210 57.7845
87220 57.7746
87230 57.7906
87240 57.8099
87250 57.8108
87260 57.8202
87270 57.8191
87280 57.829
87290 57.8545
87300 57.8565
87310 57.8405
87320 57.8346
87330 57.8755
87340 57.9037
87350 57.8726
87360 57.8529
87370 57.873
87380 57.895
87390 57.9155
87400 57.944
87410 57.9581
87420 57.935
87430 57.8783
87440 57.8364
87450 57.8329
87460 57.8316
87470 57.8195
87480 57.8318
87490 57.874
87500 57.8996
87510 57.8859
87520 57.8768
87530 57.8925
87540 57.9068
87550 57.9065
87560 57.9189
87570 57.9214
87580 57.9075
87590 57.9066
87600 57.9217
87610 57.9306
87620 57.9419
87630 57.9493
87640 57.9563
87650 57.9859
87660 58.0425
87670 58.0869
87680 58.0891
87690 58.1066
87700 58.1379
87710 58.1327
87720 58.1127
87730 58.1141
87740 58.1098
87750 58.0739
87760 58.0708
87770 58.1078
87780 58.1394
87790 58.1601
87800 58.1798
87810 58.1845
87820 58.1853
87830 58.2124
87840 58.2349
87850 58.2172
87860 58.2082
87870 58.2198
87880 58.2272
87890 58.2313
87900 58.2545
87910 58.2788
87920 58.2949
87930 58.3279
87940 58.372
87950 58.403
87960 58.4141
87970 58.4198
87980 58.4198
87990 58.4235
88000 58.4412
88010 58.4608
88020 58.4566
88030 58.4318
88040 58.4354
88050 58.468
88060 58.4952
88070 58.4992
88080 58.5024
88090 58.5066
88100 58.5073
88110 58.5037
88120 58.5111
88130 58.5278
88140 58.5506
88150 58.5586
88160 58.5321
88170 58.5118
88180 58.5213
88190 58.5486
88200 58.5579
88210 58.5597
88220 58.5672
88230 58.5753
88240 58.5735
88250 58.5856
88260 58.6087
88270 58.6204
88280 58.6359
88290 58.6699
88300 58.7018
88310 58.7325
88320 58.7778
88330 58.8299
88340 58.8562
88350 58.8697
88360 58.9048
88370 58.9287
88380 58.9409
88390 58.9376
88400 58.9323
88410 58.9329
88420 58.9524
88430 58.9699
88440 58.9598
88450 58.9392
88460 58.9376
88470 58.9321
88480 58.9421
88490 58.9948
88500 59.0297
88510 59.0126
88520 58.9941
88530 58.9898
88540 58.9979
88550 59.0161
88560 59.0567
88570 59.0946
88580 59.0924
88590 59.0839
88600 59.0978
88610 59.1294
88620 59.1384
88630 59.1186
88640 59.0953
88650 59.0928
88660 59.1158
88670 59.1396
88680 59.1321
88690 59.1238
88700 59.1326
88710 59.1412
88720 59.1264
88730 59.1151
88740 59.0906
88750 59.0471
88760 59.0207
88770 59.0251
88780 59.0313
88790 59.0047
88800 58.969
88810 58.9346
88820 58.939
88830 58.9732
88840 59.012
88850 59.0296
88860 59.0491
88870 59.079
88880 59.1071
88890 59.1021
88900 59.0975
88910 59.0993
88920 59.0997
88930 59.1031
88940 59.1413
88950 59.1831
88960 59.1908
88970 59.2073
88980 59.2472
88990 59.2876
89000 59.3113
89010 59.3267
89020 59.3322
89030 59.3199
89040 59.3414
89050 59.4054
89060 59.4421
89070 59.4462
89080 59.4773
89090 59.5072
89100 59.4832
89110 59.4456
89120 59.4477
89130 59.4668
89140 59.4659
89150 59.463
89160 59.4813
89170 59.5
89180 59.4991
89190 59.4784
89200 59.4596
89210 59.4544
89220 59.4677
89230 59.4805
89240 59.4905
89250 59.4901
89260 59.4859
89270 59.4603
89280 59.4503
89290 59.4605
89300 59.4858
89310 59.4889
89320 59.4519
89330 59.4152
89340 59.4071
89350 59.3892
89360 59.3603
89370 59.3659
89380 59.41
89390 59.4182
89400 59.3904
89410 59.3876
89420 59.4126
89430 59.4289
89440 59.4259
89450 59.4498
89460 59.5112
89470 59.5335
89480 59.5195
89490 59.5296
89500 59.5599
89510 59.5688
89520 59.5629
89530 59.5963
89540 59.6546
89550 59.6935
89560 59.6931
89570 59.6693
89580 59.6528
89590 59.6658
89600 59.6914
89610 59.7119
89620 59.7302
89630 59.7408
89640 59.7538
89650 59.7854
89660 59.8147
89670 59.8393
89680 59.8626
89690 59.8906
89700 59.8998
89710 59.8981
89720 59.9278
89730 59.9752
89740 59.9963
89750 59.9765
89760 59.9641
89770 59.9833
89780 60.0258
89790 60.0337
89800 60.0212
89810 60.0147
89820 59.9948
89830 59.9597
89840 59.9359
89850 59.9126
89860 59.875
89870 59.8427
89880 59.847
89890 59.8973
89900 59.939
89910 59.9449
89920 59.9296
89930 59.9198
89940 59.9162
89950 59.9289
89960 59.942
89970 59.9461
89980 59.9584
89990 59.9857
90000 59.9857
90010 59.9583
90020 59.9458
90030 59.9748
90040 59.9999
90050 59.9999
90060 60.0143
90070 60.0254
90080 60.0256
90090 60.0287
90100 60.0641
90110 60.1215
90120 60.1585
90130 60.1453
90140 60.1278
90150 60.1441
90160 60.1883
90170 60.2194
90180 60.2281
90190 60.2433
90200 60.2566
90210 60.2471
90220 60.2283
90230 60.2266
90240 60.2399
90250 60.2428
90260 60.2336
90270 60.2431
90280 60.2751
90290 60.2875
90300 60.2862
90310 60.2956
90320 60.3396
90330 60.3965
90340 60.4225
90350 60.425
90360 60.4214
90370 60.4158
90380 60.4069
90390 60.4239
90400 60.4674
90410 60.502
90420 60.5074
90430 60.5213
90440 60.5302
90450 60.5195
90460 60.5098
90470 60.5278
90480 60.5526
90490 60.5619
90500 60.5745
90510 60.589
90520 60.5887
90530 60.5881
90540 60.6045
90550 60.6138
90560 60.6065
90570 60.5965
90580 60.5967
90590 60.6145
90600 60.6328
90610 60.6289
90620 60.6105
90630 60.6111
90640 60.6326
90650 60.6418
90660 60.6319
90670 60.6453
90680 60.6708
90690 60.6747
90700 60.6702
90710 60.7074
90720 60.7749
90730 60.8125
90740 60.8041
90750 60.7837
90760 60.7663
90770 60.7686
90780 60.7774
90790 60.7945
90800 60.8023
90810 60.8004
90820 60.8141
90830 60.8389
90840 60.8646
90850 60.8719
90860 60.8833
90870 60.9217
90880 60.9653
90890 60.977
90900 60.9858
90910 60.9945
90920 61.0019
90930 61.0151
90940 61.0627
90950 61.1001
90960 61.111
90970 61.1167
90980 61.1114
90990 61.1101
91000 61.1233
91010 61.1266
91020 61.1132
91030 61.1135
91040 61.1231
91050 61.1072
91060 61.0982
91070 61.1317
91080 61.1421
91090 61.1209
91100 61.111
91110 61.13
91120 61.1444
91130 61.1543
91140 61.1636
91150 61.1708
91160 61.1752
91170 61.1734
91180 61.1627
91190 61.1465
91200 61.1391
91210 61.1382
91220 61.1289
91230 61.0999
91240 61.0838
91250 61.0894
91260 61.103
91270 61.1146
91280 61.1123
91290 61.1
91300 61.0719
91310 61.0551
91320 61.0692
91330 61.0766
91340 61.0764
91350 61.0855
91360 61.0848
91370 61.0822
91380 61.1015
91390 61.1153
91400 61.1197
91410 61.1417
91420 61.1704
91430 61.1787
91440 61.2036
91450 61.258
91460 61.2949
91470 61.3218
91480 61.3645
91490 61.394
91500 61.4001
91510 61.3918
91520 61.388
91530 61.4046
91540 61.4246
91550 61.429
91560 61.4256
91570 61.424
91580 61.4433
91590 61.4762
91600 61.4997
91610 61.5134
91620 61.5155
91630 61.5052
91640 61.4899
91650 61.5156
91660 61.5652
91670 61.5659
91680 61.5425
91690 61.5385
91700 61.5187
91710 61.473
91720 61.4587
91730 61.4909
91740 61.5053
91750 61.49
91760 61.4814
91770 61.4814
91780 61.4438
91790 61.3923
91800 61.3666
91810 61.356
91820 61.346
91830 61.341
91840 61.3441
91850 61.3539
91860 61.3566
91870 61.3296
91880 61.2816
91890 61.2431
91900 61.2167
91910 61.2008
91920 61.1934
91930 61.1982
91940 61.2128
91950 61.2167
91960 61.1964
91970 61.1829
91980 61.2107
91990 61.2532
92000 61.2852
92010 61.3154
92020 61.336
92030 61.3499
92040 61.396
92050 61.4458
92060 61.4839
92070 61.5157
92080 61.5393
92090 61.5436
92100 61.5574
92110 61.6073
92120 61.6515
92130 61.6602
92140 61.6676
92150 61.7091
92160 61.7606
92170 61.7573
92180 61.7254
92190 61.7233
92200 61.7281
92210 61.7264
92220 61.7378
92230 61.7904
92240 61.8282
92250 61.8303
92260 61.834
92270 61.8703
92280 61.9202
92290 61.9443
92300 61.9411
92310 61.9427
92320 61.9506
92330 61.9191
92340 61.8755
92350 61.8709
92360 61.8901
92370 61.8801
92380 61.8356
92390 61.8004
92400 61.799
92410 61.8165
92420 61.8294
92430 61.8385
92440 61.865
92450 61.8825
92460 61.8993
92470 61.9448
92480 62.0016
92490 62.0155
92500 62.0276
92510 62.0745
92520 62.1237
92530 62.1401
92540 62.1579
92550 62.2012
92560 62.249
92570 62.2554
92580 62.2817
92590 62.3421
92600 62.3966
92610 62.4338
92620 62.4623
92630 62.4746
92640 62.4993
92650 62.5539
92660 62.6065
92670 62.6435
92680 62.6628
92690 62.695
92700 62.7381
92710 62.7788
92720 62.8012
92730 62.8082
92740 62.8356
92750 62.8651
92760 62.8928
92770 62.9228
92780 62.9435
92790 62.9566
92800 62.9677
92810 62.982
92820 63.0094
92830 63.0317
92840 63.0404
92850 63.055
92860 63.0557
92870 63.0536
92880 63.0725
92890 63.0953
92900 63.0958
92910 63.0721
92920 63.0551
92930 63.0634
92940 63.0994
92950 63.1183
92960 63.1134
92970 63.1331
92980 63.1856
92990 63.2273
93000 63.2471
93010 63.2578
93020 63.2621
93030 63.2616
93040 63.275
93050 63.2919
93060 63.3131
93070 63.3321
93080 63.3511
93090 63.3851
93100 63.4179
93110 63.4224
93120 63.4086
93130 63.4094
93140 63.4334
93150 63.4533
93160 63.445
93170 63.4208
93180 63.4134
93190 63.4187
93200 63.4364
93210 63.4534
93220 63.4456
93230 63.4335
93240 63.4482
93250 63.4838
93260 63.4988
93270 63.5173
93280 63.5327
93290 63.5352
93300 63.5433
93310 63.564
93320 63.5925
93330 63.618
93340 63.6382
93350 63.6727
93360 63.6998
93370 63.6998
93380 63.6819
93390 63.6671
93400 63.6717
93410 63.695
93420 63.7259
93430 63.7273
93440 63.6943
93450 63.6927
93460 63.7225
93470 63.7323
93480 63.7201
93490 63.7255
93500 63.754
93510 63.781
93520 63.7971
93530 63.8282
93540 63.8598
93550 63.8804
93560 63.8923
93570 63.9026
93580 63.917
93590 63.9418
93600 63.9696
93610 63.9779
93620 63.9861
93630 63.9841
93640 63.9541
93650 63.9361
93660 63.9311
93670 63.9339
93680 63.9605
93690 63.9895
93700 63.975
93710 63.9482
93720 63.9438
93730 63.9493
93740 63.9391
93750 63.9424
93760 63.957
93770 63.9599
93780 63.936
93790 63.919
93800 63.9232
93810 63.9418
93820 63.9501
93830 63.9459
93840 63.9585
93850 63.96
93860 63.9609
93870 63.9781
93880 63.9874
93890 63.9834
93900 63.9626
93910 63.9444
93920 63.9411
93930 63.9329
93940 63.9389
93950 63.9631
93960 64.0011
93970 64.0091
93980 63.9767
93990 63.9341
94000 63.9181
94010 63.9134
94020 63.9142
94030 63.9061
94040 63.8973
94050 63.9033
94060 63.9072
94070 63.903
94080 63.8841
94090 63.8642
94100 63.873
94110 63.9033
94120 63.9152
94130 63.9031
94140 63.9223
94150 63.9656
94160 63.9942
94170 64.0263
94180 64.067
94190 64.094
94200 64.0996
94210 64.0849
94220 64.0731
94230 64.0565
94240 64.0321
94250 64.0352
94260 64.0691
94270 64.0881
94280 64.0675
94290 64.0493
94300 64.0635
94310 64.0583
94320 64.0215
94330 63.9848
94340 63.9843
94350 64.0074
94360 64.011
94370 63.9873
94380 63.9893
94390 64.043
94400 64.0946
94410 64.1024
94420 64.0962
94430 64.1471
94440 64.242
94450 64.2783
94460 64.2434
94470 64.188
94480 64.1752
94490 64.1903
94500 64.1873
94510 64.1826
94520 64.1879
94530 64.2035
94540 64.2178
94550 64.2314
94560 64.2534
94570 64.2827
94580 64.3019
94590 64.31
94600 64.3029
94610 64.295
94620 64.292
94630 64.2761
94640 64.2578
94650 64.2598
94660 64.2588
94670 64.2299
94680 64.204
94690 64.2052
94700 64.2117
94710 64.1822
94720 64.1579
94730 64.1716
94740 64.1975
94750 64.2089
94760 64.1847
94770 64.1592
94780 64.1396
94790 64.094
94800 64.0575
94810 64.0462
94820 64.0287
94830 64.0129
94840 64.0145
94850 64.0303
94860 64.0372
94870 64.058
94880 64.0755
94890 64.0674
94900 64.0612
94910 64.0857
94920 64.1105
94930 64.1107
94940 64.0969
94950 64.093
94960 64.1008
94970 64.0832
94980 64.0642
94990 64.0695
95000 64.1117
95010 64.1616
95020 64.1881
95030 64.2178
95040 64.2442
95050 64.2882
95060 64.3486
95070 64.3959
95080 64.4076
95090 64.4052
95100 64.4309
95110 64.4896
95120 64.5345
95130 64.537
95140 64.5256
95150 64.5521
95160 64.5857
95170 64.592
95180 64.5956
95190 64.5981
95200 64.5963
95210 64.6378
95220 64.7112
95230 64.7359
95240 64.7062
95250 64.6962
95260 64.7197
95270 64.7142
95280 64.6539
95290 64.6007
95300 64.579
95310 64.5838
95320 64.5834
95330 64.5472
95340 64.5042
95350 64.5101
95360 64.5361
95370 64.5093
95380 64.4702
95390 64.4542
95400 64.4394
95410 64.4262
95420 64.4368
95430 64.4378
95440 64.4087
95450 64.4105
95460 64.4466
95470 64.471
95480 64.4997
95490 64.5566
95500 64.6038
95510 64.6072
95520 64.6032
95530 64.6394
95540 64.6797
95550 64.6749
95560 64.6447
95570 64.6477
95580 64.6751
95590 64.6871
95600 64.6784
95610 64.6802
95620 64.6853
95630 64.6783
95640 64.6664
95650 64.6662
95660 64.6742
95670 64.7094
95680 64.7607
95690 64.7994
95700 64.8212
95710 64.8402
95720 64.8709
95730 64.9115
95740 64.9415
95750 64.9521
95760 64.9507
95770 64.9715
95780 65.0241
95790 65.0502
95800 65.0371
95810 65.0347
95820 65.0549
95830 65.0898
95840 65.1074
95850 65.1067
95860 65.1472
95870 65.214
95880 65.2402
95890 65.2362
95900 65.2586
95910 65.3159
95920 65.3378
95930 65.33
95940 65.3248
95950 65.3373
95960 65.3534
95970 65.3632
95980 65.3511
95990 65.3097
96000 65.2808
96010 65.2626
96020 65.2442
96030 65.2056
96040 65.1981
96050 65.237
96060 65.2757
96070 65.2842
96080 65.2752
96090 65.2801
96100 65.2957
96110 65.2885
96120 65.2618
96130 65.2441
96140 65.2451
96150 65.2679
96160 65.2979
96170 65.3353
96180 65.3565
96190 65.362
96200 65.3735
96210 65.3956
96220 65.4094
96230 65.4239
96240 65.4721
96250 65.5007
96260 65.496
96270 65.5159
96280 65.5753
96290 65.6043
96300 65.6045
96310 65.6287
96320 65.6639
96330 65.6797
96340 65.6973
96350 65.7384
96360 65.7751
96370 65.7957
96380 65.8076
96390 65.8158
96400 65.8069
96410 65.7994
96420 65.8126
96430 65.8146
96440 65.7776
96450 65.7525
96460 65.7844
96470 65.8269
96480 65.849
96490 65.8576
96500 65.8704
96510 65.8613
96520 65.8369
96530 65.8277
96540 65.8385
96550 65.8488
96560 65.8252
96570 65.8074
96580 65.8082
96590 65.8157
96600 65.8374
96610 65.8609
96620 65.8863
96630 65.9117
96640 65.9407
96650 65.968
96660 65.9907
96670 65.9987
96680 65.9891
96690 65.9887
96700 65.9952
96710 65.9847
96720 65.9545
96730 65.9352
96740 65.969
96750 66.017
96760 66.0259
96770 66.0102
96780 66.0234
96790 66.0501
96800 66.0733
96810 66.0832
96820 66.0731
96830 66.0703
96840 66.0792
96850 66.0957
96860 66.0943
96870 66.0853
96880 66.0973
96890 66.0962
96900 66.0668
96910 66.0533
96920 66.0629
96930 66.07
96940 66.0577
96950 66.0542
96960 66.0712
96970 66.0792
96980 66.0693
96990 66.0663
97000 66.088
97010 66.1032
97020 66.1203
97030 66.1542
97040 66.2015
97050 66.2536
97060 66.2899
97070 66.2978
97080 66.2951
97090 66.3142
97100 66.3294
97110 66.3247
97120 66.3478
97130 66.3878
97140 66.4118
97150 66.4356
97160 66.4645
97170 66.4613
97180 66.4454
97190 66.447
97200 66.4544
97210 66.4781
97220 66.5146
97230 66.5051
97240 66.4606
97250 66.4659
97260 66.5284
97270 66.5722
97280 66.552
97290 66.5268
97300 66.5231
97310 66.5418
97320 66.5702
97330 66.5765
97340 66.5571
97350 66.5426
97360 66.5511
97370 66.5721
97380 66.5841
97390 66.5712
97400 66.5499
97410 66.5323
97420 66.5345
97430 66.556
97440 66.5802
97450 66.6202
97460 66.6702
97470 66.7197
97480 66.7407
97490 66.7559
97500 66.7721
97510 66.7692
97520 66.7605
97530 66.7586
97540 66.7504
97550 66.7434
97560 66.7351
97570 66.7389
97580 66.7626
97590 66.7814
97600 66.7759
97610 66.7641
97620 66.7607
97630 66.7792
97640 66.7981
97650 66.8096
97660 66.8229
97670 66.8396
97680 66.8545
97690 66.8706
97700 66.8997
97710 66.9091
97720 66.8728
97730 66.8416
97740 66.8496
97750 66.8583
97760 66.8276
97770 66.7927
97780 66.789
97790 66.803
97800 66.8226
97810 66.8387
97820 66.8437
97830 66.8408
97840 66.8456
97850 66.842
97860 66.8037
97870 66.7438
97880 66.6899
97890 66.6903
97900 66.7099
97910 66.71
97920 66.6956
97930 66.6837
97940 66.6513
97950 66.5871
97960 66.5462
97970 66.5398
97980 66.5257
97990 66.4882
98000 66.4413
98010 66.4347
98020 66.4506
98030 66.4487
98040 66.4182
98050 66.3897
98060 66.3684
98070 66.3665
98080 66.3718
98090 66.3715
98100 66.364
98110 66.3664
98120 66.3807
98130 66.3917
98140 66.3872
98150 66.3646
98160 66.3457
98170 66.3592
98180 66.3681
98190 66.3462
98200 66.3012
98210 66.2708
98220 66.2613
98230 66.2597
98240 66.2543
98250 66.275
98260 66.302
98270 66.3163
98280 66.3127
98290 66.3123
98300 66.3067
98310 66.303
98320 66.3179
98330 66.357
98340 66.3609
98350 66.3349
98360 66.3276
98370 66.3668
98380 66.4201
98390 66.4511
98400 66.4798
98410 66.4745
98420 66.4528
98430 66.4469
98440 66.4857
98450 66.5194
98460 66.5269
98470 66.5412
98480 66.5555
98490 66.5593
98500 66.5529
98510 66.5628
98520 66.5713
98530 66.5545
98540 66.5314
98550 66.5273
98560 66.5449
98570 66.5774
98580 66.5951
98590 66.6068
98600 66.6283
98610 66.6759
98620 66.7051
98630 66.6987
98640 66.7049
98650 66.7237
98660 66.7295
98670 66.7273
98680 66.7362
98690 66.7446
98700 66.7644
98710 66.8004
98720 66.8204
98730 66.8377
98740 66.8651
98750 66.9042
98760 66.9335
98770 66.9491
98780 66.9435
98790 66.9338
98800 66.9545
98810 66.9982
98820 67.0197
98830 67.0103
98840 67.0093
98850 67.0369
98860 67.048
98870 67.0366
98880 67.0498
98890 67.0676
98900 67.066
98910 67.0605
98920 67.0666
98930 67.0689
98940 67.068
98950 67.0808
98960 67.1163
98970 67.1307
98980 67.122
98990 67.1118
99000 67.098
99010 67.0834
99020 67.0829
99030 67.0989
99040 67.1155
99050 67.1233
99060 67.127
99070 67.1421
99080 67.1642
99090 67.1857
99100 67.201
99110 67.1851
99120 67.1731
99130 67.1991
99140 67.2262
99150 67.2263
99160 67.2479
99170 67.3019
99180 67.343
99190 67.3457
99200 67.3294
99210 67.3334
99220 67.3507
99230 67.3544
99240 67.3809
99250 67.4073
99260 67.3945
99270 67.3795
99280 67.3958
99290 67.4149
99300 67.4085
99310 67.4185
99320 67.4241
99330 67.4014
99340 67.3658
99350 67.3553
99360 67.3792
99370 67.4178
99380 67.4312
99390 67.4443
99400 67.4761
99410 67.5128
99420 67.5384
99430 67.5701
99440 67.5819
99450 67.5898
99460 67.6193
99470 67.6627
99480 67.6948
99490 67.7007
99500 67.736
99510 67.7839
99520 67.8035
99530 67.8037
99540 67.8053
99550 67.8232
99560 67.8497
99570 67.8696
99580 67.8775
99590 67.8986
99600 67.9194
99610 67.9377
99620 67.9553
99630 67.9542
99640 67.9377
99650 67.9334
99660 67.9428
99670 67.9636
99680 68.002
99690 68.0388
99700 68.06
99710 68.0483
99720 68.0294
99730 68.0121
99740 68.0164
99750 68.0216
99760 68.0083
99770 67.981
99780 67.9719
99790 67.9965
99800 68.0264
99810 68.0204
99820 67.9905
99830 68.0225
99840 68.0812
99850 68.0854
99860 68.0546
99870 68.0524
99880 68.0594
99890 68.0816
99900 68.1218
99910 68.165
99920 68.1872
99930 68.1811
99940 68.1906
99950 68.202
99960 68.1968
99970 68.1988
99980 68.2152
99990 68.22
100000 68.2029
100010 68.1972
100020 68.201
100030 68.2018
100040 68.2123
100050 68.2092
100060 68.1911
100070 68.1997
100080 68.2236
100090 68.2248
100100 68.2165
100110 68.2417
100120 68.2574
100130 68.2357
100140 68.246
100150 68.2558
100160 68.2508
100170 68.2504
100180 68.2386
100190 68.1959
100200 68.1381
100210 68.0905
100220 68.0493
100230 68.0296
100240 68.0111
100250 67.9854
100260 67.9801
100270 68.0126
100280 68.0414
100290 68.0288
100300 68.016
100310 68.0386
100320 68.0505
100330 68.05
100340 68.0573
100350 68.0787
100360 68.0722
100370 68.0504
100380 68.0424
100390 68.0429
100400 68.0572
100410 68.0612
100420 68.0514
100430 68.0374
100440 68.058
100450 68.105
100460 68.1574
100470 68.2001
100480 68.2173
100490 68.2167
100500 68.2361
100510 68.2717
100520 68.2851
100530 68.2875
100540 68.3031
100550 68.305
100560 68.2982
100570 68.2982
100580 68.3001
100590 68.2871
100600 68.2685
100610 68.28
100620 68.2968
100630 68.3088
100640 68.3073
100650 68.316
100660 68.3446
100670 68.3753
100680 68.3988
100690 68.4256
100700 68.465
100710 68.4883
100720 68.5021
100730 68.527
100740 68.5365
100750 68.5233
100760 68.5142
100770 68.54
100780 68.5592
100790 68.5538
100800 68.5465
100810 68.5436
100820 68.5369
100830 68.5438
100840 68.5528
100850 68.5209
100860 68.4609
100870 68.4097
100880 68.3955
100890 68.4045
100900 68.4067
100910 68.3985
100920 68.4133
100930 68.442
100940 68.4658
100950 68.4773
100960 68.4741
100970 68.4646
100980 68.4645
100990 68.4925
101000 68.5178
101010 68.5006
101020 68.4942
101030 68.5126
101040 68.5298
101050 68.5391
101060 68.5556
101070 68.5886
101080 68.6259
101090 68.6449
101100 68.6492
101110 68.6641
101120 68.7008
101130 68.7285
101140 68.7324
101150 68.7321
101160 68.7414
101170 68.7693
101180 68.789
101190 68.8099
101200 68.8297
101210 68.8387
101220 68.8324
101230 68.8416
101240 68.8973
101250 68.937
101260 68.9442
101270 68.9426
101280 68.97
101290 69.0165
101300 69.0381
101310 69.0263
101320 69.0111
101330 69.0262
101340 69.0649
101350 69.0731
101360 69.0543
101370 69.056
101380 69.0964
101390 69.1282
101400 69.142
101410 69.18
101420 69.2228
101430 69.2556
101440 69.2684
101450 69.2831
101460 69.3016
101470 69.2964
101480 69.2869
101490 69.2778
101500 69.2933
101510 69.325
101520 69.3504
101530 69.344
101540 69.3427
101550 69.3524
101560 69.382
101570 69.4307
101580 69.4687
101590 69.4923
101600 69.5241
101610 69.5506
101620 69.5611
101630 69.5754
101640 69.6112
101650 69.6254
101660 69.6121
101670 69.625
101680 69.6476
101690 69.6462
101700 69.6488
101710 69.6668
101720 69.6725
101730 69.655
101740 69.6506
101750 69.6604
101760 69.6398
101770 69.6027
101780 69.5952
101790 69.6181
101800 69.6419
101810 69.6702
101820 69.693
101830 69.7075
101840 69.7294
101850 69.7693
101860 69.8209
101870 69.8647
101880 69.8937
101890 69.91
101900 69.936
101910 69.9715
101920 70.0071
101930 70.0393
101940 70.0396
101950 70.0263
101960 70.017
101970 69.9956
101980 69.9629
101990 69.9465
102000 69.9433
102010 69.9314
102020 69.9084
102030 69.9168
102040 69.9238
102050 69.9101
102060 69.8964
102070 69.8822
102080 69.9023
102090 69.9479
102100 69.9701
102110 69.9378
102120 69.9172
102130 69.9828
102140 70.0585
102150 70.0402
102160 69.9765
102170 69.9849
102180 70.0442
102190 70.0662
102200 70.0567
102210 70.0715
102220 70.113
102230 70.1412
102240 70.1357
102250 70.1264
102260 70.143
102270 70.1708
102280 70.1717
102290 70.1558
102300 70.1458
102310 70.163
102320 70.1767
102330 70.1853
102340 70.2002
102350 70.2144
102360 70.2154
102370 70.2456
102380 70.2965
102390 70.3163
102400 70.2891
102410 70.2918
102420 70.3214
102430 70.3364
102440 70.3338
102450 70.2981
102460 70.2598
102470 70.2611
102480 70.3079
102490 70.3564
102500 70.3727
102510 70.3695
102520 70.3661
102530 70.3899
102540 70.4439
102550 70.4871
102560 70.5003
102570 70.524
102580 70.557
102590 70.568
102600 70.5801
102610 70.627
102620 70.6612
102630 70.6419
102640 70.6206
102650 70.6355
102660 70.6503
102670 70.6215
102680 70.6034
102690 70.6196
102700 70.6206
102710 70.5881
102720 70.5625
102730 70.5581
102740 70.5383
102750 70.5252
102760 70.5284
102770 70.5206
102780 70.5334
102790 70.5815
102800 70.595
102810 70.5843
102820 70.5968
102830 70.6395
102840 70.6718
102850 70.6837
102860 70.6542
102870 70.5924
102880 70.5404
102890 70.5121
102900 70.476
102910 70.4319
102920 70.4031
102930 70.3983
102940 70.4153
102950 70.4706
102960 70.5185
102970 70.5187
102980 70.538
102990 70.6047
103000 70.6648
103010 70.6978
103020 70.7304
103030 70.7752
103040 70.7861
103050 70.7829
103060 70.8173
103070 70.8839
103080 70.9293
103090 70.9578
103100 70.9813
103110 70.9893
103120 71.0079
103130 71.0397
103140 71.085
103150 71.1232
103160 71.1791
103170 71.2653
103180 71.3159
103190 71.3106
103200 71.3076
103210 71.3325
103220 71.3452
103230 71.3319
103240 71.3214
103250 71.3263
103260 71.327
103270 71.3204
103280 71.3087
103290 71.3011
103300 71.3014
103310 71.2857
103320 71.237
103330 71.1976
103340 71.2001
103350 71.2236
103360 71.2283
103370 71.201
103380 71.1912
103390 71.189
103400 71.1671
103410 71.141
103420 71.1322
103430 71.1322
103440 71.1249
103450 71.1299
103460 71.1322
103470 71.1393
103480 71.1757
103490 71.232
103500 71.2777
103510 71.3043
103520 71.3358
103530 71.364
103540 71.3744
103550 71.4084
103560 71.4743
103570 71.5088
103580 71.484
103590 71.46
103600 71.4582
103610 71.4479
103620 71.4222
103630 71.4327
103640 71.4575
103650 71.4708
103660 71.4838
103670 71.4855
103680 71.4657
103690 71.4549
103700 71.4728
103710 71.4896
103720 71.4875
103730 71.4793
103740 71.4302
103750 71.349
103760 71.3152
103770 71.3247
103780 71.3108
103790 71.2869
103800 71.283
103810 71.2834
103820 71.2971
103830 71.3172
103840 71.3109
103850 71.2957
103860 71.3005
103870 71.3272
103880 71.355
103890 71.3621
103900 71.3431
103910 71.347
103920 71.3726
103930 71.3774
103940 71.362
103950 71.3581
103960 71.356
103970 71.3383
103980 71.3112
103990 71.2882
104000 71.3063
104010 71.3218
104020 71.3135
104030 71.3065
104040 71.3315
104050 71.353
104060 71.3434
104070 71.349
104080 71.3875
104090 71.4124
104100 71.4265
104110 71.4654
104120 71.5044
104130 71.5109
104140 71.5137
104150 71.5289
104160 71.5356
104170 71.523
104180 71.4975
104190 71.4947
104200 71.5206
104210 71.5405
104220 71.5457
104230 71.5671
104240 71.5743
104250 71.5505
104260 71.5506
104270 71.5835
104280 71.6168
104290 71.6226
104300 71.6186
104310 71.6343
104320 71.6871
104330 71.7354
104340 71.7484
104350 71.7353
104360 71.7202
104370 71.7117
104380 71.7
104390 71.6864
104400 71.6938
104410 71.7062
104420 71.7128
104430 71.7105
104440 71.7283
104450 71.7727
104460 71.8255
104470 71.8132
104480 71.7496
104490 71.7286
104500 71.7637
104510 71.76
104520 71.7121
104530 71.673
104540 71.6496
104550 71.6157
104560 71.6004
104570 71.6133
104580 71.6377
104590 71.6504
104600 71.6464
104610 71.6188
104620 71.6024
104630 71.6314
104640 71.6714
104650 71.6815
104660 71.6924
104670 71.742
104680 71.8114
104690 71.8645
104700 71.8894
104710 71.9078
104720 71.9279
104730 71.9423
104740 71.9622
104750 71.9917
104760 72.0202
104770 72.0387
104780 72.0602
104790 72.0711
104800 72.0748
104810 72.0919
104820 72.1172
104830 72.1383
104840 72.1904
104850 72.2216
104860 72.2296
104870 72.2554
104880 72.2969
104890 72.3054
104900 72.2748
104910 72.2615
104920 72.2989
104930 72.3115
104940 72.2625
104950 72.2053
104960 72.1766
104970 72.1658
104980 72.144
104990 72.1202
105000 72.1212
105010 72.1394
105020 72.1549
105030 72.1672
105040 72.2158
105050 72.2906
105060 72.3447
105070 72.3478
105080 72.3662
105090 72.4154
105100 72.4517
105110 72.4452
105120 72.4265
105130 72.4142
105140 72.4036
105150 72.3871
105160 72.3842
105170 72.4103
105180 72.4457
105190 72.4522
105200 72.4396
105210 72.4356
105220 72.4425
105230 72.4457
105240 72.4547
105250 72.4549
105260 72.4685
105270 72.4984
105280 72.5295
105290 72.5398
105300 72.5472
105310 72.5494
105320 72.5422
105330 72.558
105340 72.5902
105350 72.5868
105360 72.5556
105370 72.5722
105380 72.6103
105390 72.6069
105400 72.5731
105410 72.5496
105420 72.5518
105430 72.561
105440 72.5555
105450 72.521
105460 72.4829
105470 72.4605
105480 72.4617
105490 72.4637
105500 72.4402
105510 72.3944
105520 72.3479
105530 72.3289
105540 72.3417
105550 72.3594
105560 72.3393
105570 72.3202
105580 72.3231
105590 72.3378
105600 72.3462
105610 72.3525
105620 72.3582
105630 72.3517
105640 72.3569
105650 72.3774
105660 72.4018
105670 72.4193
105680 72.4269
105690 72.4229
105700 72.4368
105710 72.475
105720 72.4949
105730 72.4829
105740 72.4781
105750 72.4929
105760 72.4892
105770 72.4661
105780 72.4664
105790 72.477
105800 72.4651
105810 72.4612
105820 72.5121
105830 72.5627
105840 72.5554
105850 72.5301
105860 72.5476
105870 72.5751
105880 72.5765
105890 72.5584
105900 72.5578
105910 72.6049
105920 72.6683
105930 72.7192
105940 72.7319
105950 72.7196
105960 72.7335
105970 72.7996
105980 72.8693
105990 72.8789
106000 72.8698
106010 72.9142
106020 72.9649
106030 72.9599
106040 72.9302
106050 72.9037
106060 72.8918
106070 72.8996
106080 72.9315
106090 72.926
106100 72.8885
106110 72.8673
106120 72.8749
106130 72.8672
106140 72.8349
106150 72.8221
106160 72.8432
106170 72.865
106180 72.865
106190 72.8602
106200 72.8384
106210 72.7972
106220 72.7805
106230 72.7828
106240 72.7922
106250 72.826
106260 72.8709
106270 72.8781
106280 72.8782
106290 72.8974
106300 72.9138
106310 72.9026
106320 72.8752
106330 72.8822
106340 72.8988
106350 72.8994
106360 72.8853
106370 72.8644
106380 72.8555
106390 72.8609
106400 72.8829
106410 72.8965
106420 72.8891
106430 72.8856
106440 72.886
106450 72.8989
106460 72.8737
106470 72.8133
106480 72.779
106490 72.8003
106500 72.8287
106510 72.8162
106520 72.7962
106530 72.7994
106540 72.8014
106550 72.777
106560 72.7523
106570 72.7517
106580 72.773
106590 72.7833
106600 72.7749
106610 72.7585
106620 72.7331
106630 72.7113
106640 72.7021
106650 72.7125
106660 72.7076
106670 72.6804
106680 72.6805
106690 72.6897
106700 72.6734
106710 72.6697
106720 72.7023
106730 72.7415
106740 72.7573
106750 72.7596
106760 72.7585
106770 72.752
106780 72.7237
106790 72.7175
106800 72.749
106810 72.7865
106820 72.8014
106830 72.8435
106840 72.9089
106850 72.9383
106860 72.9681
106870 73.0441
106880 73.1251
106890 73.1668
106900 73.2209
106910 73.2927
106920 73.3227
106930 73.3193
106940 73.3357
106950 73.3709
106960 73.3719
106970 73.3577
106980 73.3425
106990 73.3171
107000 73.2829
107010 73.2726
107020 73.2858
107030 73.2945
107040 73.277
107050 73.2609
107060 73.2701
107070 73.2602
107080 73.2405
107090 73.2388
107100 73.2674
107110 73.2803
107120 73.2729
107130 73.2729
107140 73.2821
107150 73.2975
107160 73.3259
107170 73.3802
107180 73.4363
107190 73.4649
107200 73.459
107210 73.4343
107220 73.4263
107230 73.4581
107240 73.5095
107250 73.5311
107260 73.5385
107270 73.5688
107280 73.6093
107290 73.6146
107300 73.6091
107310 73.6208
107320 73.6361
107330 73.6526
107340 73.6588
107350 73.6555
107360 73.6231
107370 73.5937
107380 73.5724
107390 73.5552
107400 73.5438
107410 73.5396
107420 73.5423
107430 73.5677
107440 73.5946
107450 73.6301
107460 73.6498
107470 73.6564
107480 73.6606
107490 73.6705
107500 73.6996
107510 73.7113
107520 73.6887
107530 73.6652
107540 73.7012
107550 73.7352
107560 73.7289
107570 73.7391
107580 73.7952
107590 73.8479
107600 73.8996
107610 73.9639
107620 73.9975
107630 74.0011
107640 74.0193
107650 74.0517
107660 74.0525
107670 74.0267
107680 74.0352
107690 74.0395
107700 74.0218
107710 74.0223
107720 74.0642
107730 74.0919
107740 74.0914
107750 74.0953
107760 74.1144
107770 74.137
107780 74.1579
107790 74.2055
107800 74.2474
107810 74.269
107820 74.2861
107830 74.3019
107840 74.286
107850 74.2772
107860 74.3091
107870 74.3382
107880 74.3543
107890 74.3986
107900 74.4433
107910 74.4543
107920 74.4596
107930 74.4709
107940 74.4889
107950 74.5252
107960 74.5681
107970 74.6037
107980 74.6389
107990 74.6688
108000 74.6987
108010 74.7283
108020 74.7454
108030 74.7423
108040 74.7322
108050 74.7329
108060 74.7306
108070 74.7312
108080 74.7674
108090 74.8098
108100 74.7976
108110 74.774
108120 74.7847
108130 74.8058
108140 74.79
108150 74.7576
108160 74.7418
108170 74.7487
108180 74.7741
108190 74.8165
108200 74.8468
108210 74.8564
108220 74.8504
108230 74.881
108240 74.9325
108250 74.9363
108260 74.9287
108270 74.9722
108280 75.0077
108290 75.0155
108300 75.0144
108310 75.0332
108320 75.0405
108330 75.0534
108340 75.0963
108350 75.1041
108360 75.0768
108370 75.0781
108380 75.1059
108390 75.1053
108400 75.0804
108410 75.0707
108420 75.0581
108430 75.0482
108440 75.084
108450 75.138
108460 75.1432
108470 75.1025
108480 75.1186
108490 75.17
108500 75.1912
108510 75.196
108520 75.1966
108530 75.1942
108540 75.2013
108550 75.2177
108560 75.2139
108570 75.1994
108580 75.1942
108590 75.2087
108600 75.2006
108610 75.1726
108620 75.1503
108630 75.1404
108640 75.1465
108650 75.1603
108660 75.1815
108670 75.2133
108680 75.2375
108690 75.2433
108700 75.2447
108710 75.2717
108720 75.3377
108730 75.3905
108740 75.3852
108750 75.3648
108760 75.3641
108770 75.3823
108780 75.4071
108790 75.4335
108800 75.4562
108810 75.4512
108820 75.4133
108830 75.3861
108840 75.3817
108850 75.3891
108860 75.3937
108870 75.4042
108880 75.4185
108890 75.4424
108900 75.4652
108910 75.4852
108920 75.4878
108930 75.4606
108940 75.4367
108950 75.4307
108960 75.4308
108970 75.4267
108980 75.4414
108990 75.4786
109000 75.4963
109010 75.4633
109020 75.4201
109030 75.4295
109040 75.4687
109050 75.5127
109060 75.5501
109070 75.5727
109080 75.5782
109090 75.5796
109100 75.5963
109110 75.6042
109120 75.5964
109130 75.6029
109140 75.6216
109150 75.6068
109160 75.6
109170 75.6319
109180 75.6576
109190 75.6635
109200 75.6757
109210 75.6908
109220 75.689
109230 75.6928
109240 75.7107
109250 75.7332
109260 75.7478
109270 75.7752
109280 75.7912
109290 75.785
109300 75.7826
109310 75.8013
109320 75.8149
109330 75.8201
109340 75.8327
109350 75.843
109360 75.8328
109370 75.8103
109380 75.7979
109390 75.7921
109400 75.7769
109410 75.7388
109420 75.7106
109430 75.6944
109440 75.7013
109450 75.7234
109460 75.729
109470 75.7036
109480 75.6746
109490 75.6757
109500 75.6663
109510 75.6258
109520 75.6028
109530 75.6014
109540 75.612
109550 75.6399
109560 75.6547
109570 75.666
109580 75.6878
109590 75.7023
109600 75.7049
109610 75.7138
109620 75.7272
109630 75.7392
109640 75.7769
109650 75.8241
109660 75.8406
109670 75.8455
109680 75.8597
109690 75.8904
109700 75.9034
109710 75.895
109720 75.8982
109730 75.9184
109740 75.9379
109750 75.9501
109760 75.9523
109770 75.9624
109780 75.9837
109790 76.0409
109800 76.0803
109810 76.0992
109820 76.1249
109830 76.1394
109840 76.1419
109850 76.1553
109860 76.1612
109870 76.1538
109880 76.1376
109890 76.1313
109900 76.1621
109910 76.2096
109920 76.2409
109930 76.2462
109940 76.2631
109950 76.2948
109960 76.3046
109970 76.2919
109980 76.2928
109990 76.2958
110000 76.3059
110010 76.303
110020 76.2936
110030 76.2958
110040 76.3093
110050 76.3362
110060 76.3454
110070 76.3215
110080 76.3014
110090 76.3097
110100 76.3167
110110 76.3117
110120 76.2812
110130 76.227
110140 76.1898
110150 76.2013
110160 76.2468
110170 76.2602
110180 76.2269
110190 76.2055
110200 76.2182
110210 76.2452
110220 76.2699
110230 76.2869
110240 76.2891
110250 76.286
110260 76.2973
110270 76.2988
110280 76.2921
110290 76.3054
110300 76.3192
110310 76.2952
110320 76.2535
110330 76.2252
110340 76.2112
110350 76.2106
110360 76.2051
110370 76.176
110380 76.1317
110390 76.082
110400 76.0648
110410 76.0536
110420 76.0235
110430 76.0105
110440 76.0118
110450 75.9976
110460 75.9741
110470 75.9772
110480 76.0016
110490 76.0066
110500 75.9937
110510 75.9983
110520 76.0265
110530 76.0551
110540 76.0594
110550 76.0593
110560 76.0705
110570 76.101
110580 76.1134
110590 76.1203
110600 76.1492
110610 76.1836
110620 76.2143
110630 76.2475
110640 76.2827
110650 76.3104
110660 76.336
110670 76.3555
110680 76.3807
110690 76.426
110700 76.4589
110710 76.4592
110720 76.4672
110730 76.4964
110740 76.5046
110750 76.4857
110760 76.4923
110770 76.5045
110780 76.4932
110790 76.4672
110800 76.4516
110810 76.4549
110820 76.4571
110830 76.4597
110840 76.4654
110850 76.479
110860 76.4718
110870 76.4782
110880 76.5085
110890 76.5488
110900 76.574
110910 76.5597
110920 76.5444
110930 76.5534
110940 76.5769
110950 76.5784
110960 76.5707
110970 76.5731
110980 76.5905
110990 76.6174
111000 76.6526
111010 76.6934
111020 76.72
111030 76.7528
111040 76.7994
111050 76.8317
111060 76.855
111070 76.8831
111080 76.8946
111090 76.8879
111100 76.8755
111110 76.864
111120 76.8558
111130 76.838
111140 76.809
111150 76.7857
111160 76.7884
111170 76.7757
111180 76.7196
111190 76.6792
111200 76.6768
111210 76.6613
111220 76.6358
111230 76.6233
111240 76.6413
111250 76.6844
111260 76.7459
111270 76.7804
111280 76.7369
111290 76.6997
111300 76.7367
111310 76.8186
111320 76.8682
111330 76.8579
111340 76.8567
111350 76.8859
111360 76.8963
111370 76.8805
111380 76.8628
111390 76.857
111400 76.8406
111410 76.8094
111420 76.7965
111430 76.8294
111440 76.8435
111450 76.8155
111460 76.823
111470 76.8826
111480 76.9186
111490 76.9074
111500 76.8881
111510 76.8904
111520 76.9126
111530 76.9271
111540 76.9199
111550 76.9066
111560 76.9123
111570 76.948
111580 77.0079
111590 77.0524
111600 77.0637
111610 77.0692
111620 77.0707
111630 77.0409
111640 77.0075
111650 76.9871
111660 76.9688
111670 76.9515
111680 76.9408
111690 76.9272
111700 76.923
111710 76.927
111720 76.9493
111730 76.9868
111740 77.037
111750 77.092
111760 77.1422
111770 77.1797
111780 77.2117
111790 77.246
111800 77.2798
111810 77.3089
111820 77.3066
111830 77.2896
111840 77.2954
111850 77.3325
111860 77.3553
111870 77.3668
111880 77.3967
111890 77.449
111900 77.4644
111910 77.4622
111920 77.4936
111930 77.5232
111940 77.5255
111950 77.5278
111960 77.559
111970 77.5802
111980 77.5699
111990 77.5568
112000 77.5471
112010 77.5592
112020 77.5646
112030 77.5489
112040 77.505
112050 77.5059
112060 77.5597
112070 77.6227
112080 77.6537
112090 77.6568
112100 77.6726
112110 77.6863
112120 77.6665
112130 77.6487
112140 77.6661
112150 77.6814
112160 77.6724
112170 77.6541
112180 77.6365
112190 77.6241
112200 77.6262
112210 77.6435
112220 77.6537
112230 77.6436
112240 77.6217
112250 77.5757
112260 77.4975
112270 77.4405
112280 77.4258
112290 77.4144
112300 77.4229
112310 77.4252
112320 77.3896
112330 77.3478
112340 77.3411
112350 77.3492
112360 77.3075
112370 77.2573
112380 77.2557
112390 77.2829
112400 77.2825
112410 77.2366
112420 77.237
112430 77.2579
112440 77.2483
112450 77.2198
112460 77.216
112470 77.2179
112480 77.2017
112490 77.1951
112500 77.2101
112510 77.2328
112520 77.2512
112530 77.2861
112540 77.3294
112550 77.3473
112560 77.3575
112570 77.376
112580 77.4056
112590 77.4208
112600 77.4178
112610 77.4057
112620 77.3873
112630 77.3711
112640 77.3553
112650 77.3682
112660 77.3811
112670 77.3567
112680 77.333
112690 77.325
112700 77.3095
112710 77.2886
112720 77.2955
112730 77.3146
112740 77.305
112750 77.2968
112760 77.302
112770 77.3025
112780 77.2971
112790 77.3039
112800 77.3104
112810 77.3227
112820 77.3369
112830 77.3658
112840 77.3605
112850 77.3268
112860 77.3172
112870 77.3283
112880 77.3209
112890 77.2894
112900 77.2645
112910 77.2785
112920 77.3422
112930 77.3899
112940 77.3744
112950 77.3577
112960 77.3513
112970 77.3166
112980 77.2736
112990 77.2639
113000 77.2509
113010 77.1998
113020 77.1352
113030 77.0922
113040 77.0912
113050 77.089
113060 77.0969
113070 77.1161
113080 77.1262
113090 77.1078
113100 77.1044
113110 77.1206
113120 77.1168
113130 77.0991
113140 77.0676
113150 77.0565
113160 77.0671
113170 77.0839
113180 77.0929
113190 77.0754
113200 77.0404
113210 76.9948
113220 76.9604
113230 76.9532
113240 76.962
113250 76.9513
113260 76.9263
113270 76.9391
113280 76.9721
113290 76.9726
113300 76.9325
113310 76.9005
113320 76.8988
113330 76.8762
113340 76.856
113350 76.8801
113360 76.9096
113370 76.923
113380 76.9339
113390 76.9802
113400 77.0414
113410 77.0455
113420 77.0548
113430 77.1176
113440 77.1631
113450 77.1598
113460 77.1677
113470 77.1929
113480 77.2032
113490 77.2033
113500 77.1921
113510 77.1756
113520 77.1644
113530 77.1669
113540 77.1491
113550 77.1204
113560 77.1367
113570 77.1792
113580 77.1911
113590 77.2012
113600 77.2226
113610 77.2424
113620 77.2528
113630 77.2618
113640 77.261
113650 77.2698
113660 77.2806
113670 77.2658
113680 77.2319
113690 77.212
113700 77.2119
113710 77.216
113720 77.2139
113730 77.2162
113740 77.2081
113750 77.2037
113760 77.2216
113770 77.2461
113780 77.2569
113790 77.2683
113800 77.3084
113810 77.3455
113820 77.3512
113830 77.3484
113840 77.3709
113850 77.3792
113860 77.386
113870 77.4071
113880 77.4351
113890 77.4586
113900 77.4619
113910 77.4442
113920 77.429
113930 77.4338
113940 77.4744
113950 77.5169
113960 77.5543
113970 77.5802
113980 77.5815
113990 77.5627
114000 77.5593
114010 77.5846
114020 77.6145
114030 77.6205
114040 77.5987
114050 77.5871
114060 77.5967
114070 77.5984
114080 77.5766
114090 77.5739
114100 77.6188
114110 77.6538
114120 77.6486
114130 77.6306
114140 77.6411
114150 77.6697
114160 77.7111
114170 77.7444
114180 77.7558
114190 77.7485
114200 77.7335
114210 77.7356
114220 77.7862
114230 77.841
114240 77.8439
114250 77.7895
114260 77.7273
114270 77.7106
114280 77.7463
114290 77.784
114300 77.8022
114310 77.805
114320 77.8252
114330 77.8626
114340 77.8963
114350 77.9313
114360 77.9846
114370 78.0458
114380 78.0745
114390 78.0735
114400 78.0637
114410 78.0795
114420 78.1309
114430 78.1801
114440 78.1916
114450 78.2023
114460 78.2178
114470 78.2521
114480 78.3
114490 78.3457
114500 78.3737
114510 78.4076
114520 78.4478
114530 78.482
114540 78.4795
114550 78.4789
114560 78.5023
114570 78.5169
114580 78.5395
114590 78.5882
114600 78.6411
114610 78.679
114620 78.69
114630 78.7119
114640 78.7448
114650 78.7575
114660 78.7898
114670 78.858
114680 78.9049
114690 78.9125
114700 78.9338
114710 78.9738
114720 78.9742
114730 78.9352
114740 78.9359
114750 78.9738
114760 79.0035
114770 79.0304
114780 79.0354
114790 79.0067
114800 78.9885
114810 79.0205
114820 79.0405
114830 79.0197
114840 78.9876
114850 78.9778
114860 78.9914
114870 79.0322
114880 79.0714
114890 79.0853
114900 79.0747
114910 79.0672
114920 79.0688
114930 79.0737
114940 79.0699
114950 79.0515
114960 79.0124
114970 78.999
114980 79.0493
114990 79.1118
115000 79.112
115010 79.1118
115020 79.1595
115030 79.2165
115040 79.2163
115050 79.2042
115060 79.2151
115070 79.233
115080 79.25
115090 79.253
115100 79.2196
115110 79.1869
115120 79.1735
115130 79.1325
115140 79.0895
115150 79.0943
115160 79.1093
115170 79.0936
115180 79.0896
115190 79.1044
115200 79.1051
115210 79.0928
115220 79.0885
115230 79.0829
115240 79.0752
115250 79.0743
115260 79.1016
115270 79.1353
115280 79.1495
115290 79.1468
115300 79.1583
115310 79.1874
115320 79.23
115330 79.2496
115340 79.2316
115350 79.2145
115360 79.233
115370 79.2768
115380 79.3198
115390 79.3463
115400 79.3405
115410 79.297
115420 79.2517
115430 79.2623
115440 79.2924
115450 79.3098
115460 79.3301
115470 79.3626
115480 79.3993
115490 79.4098
115500 79.3746
115510 79.3533
115520 79.3506
115530 79.3562
115540 79.3462
115550 79.3148
115560 79.2863
115570 79.2803
115580 79.2998
115590 79.3002
115600 79.2826
115610 79.2784
115620 79.3193
115630 79.3689
115640 79.3869
115650 79.3673
115660 79.3435
115670 79.3195
115680 79.2975
115690 79.2687
115700 79.2285
115710 79.2097
115720 79.2282
115730 79.2737
115740 79.3334
115750 79.3731
115760 79.3795
115770 79.3632
115780 79.3338
115790 79.3318
115800 79.3698
115810 79.4268
115820 79.4506
115830 79.4654
115840 79.4965
115850 79.5186
115860 79.5226
115870 79.5498
115880 79.6119
115890 79.6668
115900 79.6856
115910 79.701
115920 79.7373
115930 79.7982
115940 79.8507
115950 79.9072
115960 79.9587
115970 79.9969
115980 80.053
115990 80.1059
116000 80.1264
116010 80.1249
116020 80.159
116030 80.2057
116040 80.2332
116050 80.2397
116060 80.2362
116070 80.2251
116080 80.2562
116090 80.3308
116100 80.3866
116110 80.4174
116120 80.465
116130 80.5261
116140 80.5538
116150 80.5577
116160 80.5719
116170 80.5851
116180 80.5981
116190 80.6137
116200 80.6267
116210 80.6427
116220 80.661
116230 80.7073
116240 80.7385
116250 80.7319
116260 80.7151
116270 80.7216
116280 80.7241
116290 80.7444
116300 80.7765
116310 80.7755
116320 80.757
116330 80.7453
116340 80.7332
116350 80.7041
116360 80.6819
116370 80.6783
116380 80.6775
116390 80.6665
116400 80.6412
116410 80.6343
116420 80.6357
116430 80.6516
116440 80.6979
116450 80.7187
116460 80.6893
116470 80.6522
116480 80.6648
116490 80.6875
116500 80.6698
116510 80.6455
116520 80.6451
116530 80.6679
116540 80.6911
116550 80.6956
116560 80.685
116570 80.6712
116580 80.6716
116590 80.6972
116600 80.7465
116610 80.7673
116620 80.7576
116630 80.762
116640 80.7844
116650 80.8001
116660 80.8122
116670 80.8171
116680 80.8132
116690 80.8211
116700 80.8489
116710 80.875
116720 80.9011
116730 80.9291
116740 80.9552
116750 80.9803
116760 80.9843
116770 80.9814
116780 80.9873
116790 81.0071
116800 81.0136
116810 81.0149
116820 81.0266
116830 81.0376
116840 81.054
116850 81.0865
116860 81.1113
116870 81.1288
116880 81.1046
116890 81.0548
116900 81.0429
116910 81.0491
116920 81.0574
116930 81.0586
116940 81.038
116950 81.0235
116960 81.0532
116970 81.0893
116980 81.1164
116990 81.1265
117000 81.1255
117010 81.1342
117020 81.1693
117030 81.1944
117040 81.2059
117050 81.2148
117060 81.2334
117070 81.2464
117080 81.2298
117090 81.2084
117100 81.1944
117110 81.1687
117120 81.1396
117130 81.1299
117140 81.1426
117150 81.1485
117160 81.1459
117170 81.157
117180 81.175
117190 81.1887
117200 81.2126
117210 81.2545
117220 81.2728
117230 81.2757
117240 81.2962
117250 81.323
117260 81.3498
117270 81.3933
117280 81.4167
117290 81.4097
117300 81.421
117310 81.4663
117320 81.5031
117330 81.5503
117340 81.6174
117350 81.6685
117360 81.6817
117370 81.7085
117380 81.7516
117390 81.7781
117400 81.7881
117410 81.7973
117420 81.8093
117430 81.8557
117440 81.8854
117450 81.8886
117460 81.8908
117470 81.9232
117480 81.9588
117490 81.9683
117500 81.9583
117510 81.9503
117520 81.9218
117530 81.8886
117540 81.8944
117550 81.9188
117560 81.9069
117570 81.8562
117580 81.8232
117590 81.7999
117600 81.767
117610 81.7432
117620 81.7562
117630 81.7848
117640 81.7993
117650 81.8241
117660 81.8633
117670 81.8864
117680 81.8906
117690 81.8761
117700 81.8669
117710 81.8855
117720 81.8948
117730 81.8756
117740 81.8571
117750 81.8566
117760 81.8725
117770 81.9006
117780 81.9428
117790 81.9579
117800 81.9559
117810 82.0018
117820 82.0644
117830 82.0688
117840 82.054
117850 82.0818
117860 82.1133
117870 82.114
117880 82.0934
117890 82.0595
117900 82.029
117910 82.0332
117920 82.0618
117930 82.0422
117940 82.0073
117950 82.0184
117960 82.0469
117970 82.0804
117980 82.1309
117990 82.1672
118000 82.1556
118010 82.1398
118020 82.1548
118030 82.168
118040 82.1461
118050 82.1043
118060 82.1045
118070 82.1386
118080 82.1499
118090 82.155
118100 82.199
118110 82.2455
118120 82.2445
118130 82.229
118140 82.2438
118150 82.2798
118160 82.3198
118170 82.3556
118180 82.3854
118190 82.4006
118200 82.427
118210 82.4689
118220 82.4964
118230 82.5491
118240 82.6205
118250 82.6614
118260 82.6497
118270 82.6335
118280 82.6476
118290 82.6513
118300 82.6438
118310 82.6357
118320 82.6564
118330 82.6851
118340 82.6861
118350 82.6746
118360 82.6876
118370 82.7304
118380 82.7423
118390 82.733
118400 82.7532
118410 82.7867
118420 82.7928
118430 82.7726
118440 82.7482
118450 82.7256
118460 82.6923
118470 82.6657
118480 82.6382
118490 82.5893
118500 82.5593
118510 82.5813
118520 82.5987
118530 82.585
118540 82.5502
118550 82.522
118560 82.5047
118570 82.4742
118580 82.4368
118590 82.4427
118600 82.4948
118610 82.5143
118620 82.4972
118630 82.4712
118640 82.4505
118650 82.4551
118660 82.4696
118670 82.5011
118680 82.5302
118690 82.5288
118700 82.5043
118710 82.497
118720 82.5205
118730 82.5475
118740 82.5261
118750 82.5084
118760 82.53
118770 82.5599
118780 82.5737
118790 82.58
118800 82.5814
118810 82.5576
118820 82.556
118830 82.599
118840 82.6331
118850 82.6482
118860 82.6563
118870 82.6895
118880 82.7455
118890 82.8198
118900 82.8737
118910 82.8759
118920 82.8412
118930 82.8105
118940 82.8119
118950 82.8357
118960 82.8658
118970 82.8942
118980 82.9189
118990 82.9422
119000 82.9393
119010 82.9143
119020 82.8845
119030 82.8543
119040 82.8385
119050 82.8478
119060 82.8577
119070 82.8304
119080 82.7627
119090 82.7186
119100 82.7415
119110 82.7878
119120 82.7676
119130 82.7118
119140 82.7044
119150 82.7422
119160 82.7705
119170 82.7702
119180 82.7605
119190 82.7519
119200 82.76
119210 82.7746
119220 82.7574
119230 82.7023
119240 82.6921
119250 82.7177
119260 82.7115
119270 82.6936
119280 82.7171
119290 82.7285
119300 82.7005
119310 82.694
119320 82.7343
119330 82.7459
119340 82.6893
119350 82.651
119360 82.6841
119370 82.7241
119380 82.7182
119390 82.7068
119400 82.716
119410 82.7309
119420 82.7351
119430 82.7379
119440 82.7469
119450 82.7624
119460 82.7489
119470 82.7384
119480 82.7566
119490 82.7806
119500 82.7839
119510 82.7733
119520 82.7594
119530 82.7788
119540 82.8265
119550 82.8674
119560 82.8741
119570 82.8835
119580 82.9038
119590 82.9185
119600 82.9297
119610 82.9541
119620 82.9612
119630 82.9517
119640 82.9545
119650 82.9514
119660 82.9288
119670 82.9056
119680 82.9028
119690 82.8664
119700 82.8183
119710 82.7991
119720 82.7814
119730 82.7727
119740 82.7494
119750 82.7048
119760 82.6683
119770 82.6543
119780 82.6529
119790 82.6582
119800 82.6619
119810 82.6462
119820 82.6406
119830 82.6593
119840 82.7011
119850 82.7427
119860 82.7653
119870 82.7613
119880 82.7519
119890 82.7627
119900 82.778
119910 82.7719
119920 82.7418
119930 82.7345
119940 82.7578
119950 82.7381
119960 82.6753
119970 82.644
119980 82.6654
119990 82.6996
120000 82.7063
120010 82.6877
120020 82.6936
120030 82.7211
120040 82.7427
120050 82.7586
120060 82.7714
120070 82.7959
120080 82.8296
120090 82.8582
120100 82.8884
120110 82.9318
120120 82.9647
120130 82.9922
120140 83.0215
120150 82.9885
120160 82.9178
120170 82.9276
120180 82.994
120190 82.9958
120200 82.9345
120210 82.9115
120220 82.9274
120230 82.909
120240 82.8749
120250 82.8807
120260 82.9252
120270 82.9727
120280 82.9948
120290 83.0207
120300 83.064
120310 83.0966
120320 83.0891
120330 83.0552
120340 83.062
120350 83.0864
120360 83.0602
120370 83.0184
120380 83.0242
120390 83.0487
120400 83.0282
120410 83.0064
120420 83.0338
120430 83.0738
120440 83.0871
120450 83.088
120460 83.0962
120470 83.1096
120480 83.1283
120490 83.1253
120500 83.0924
120510 83.0786
120520 83.1077
120530 83.1141
120540 83.0916
120550 83.0687
120560 83.0654
120570 83.0598
120580 83.0511
120590 83.0437
120600 83.0383
120610 83.0381
120620 83.0197
120630 82.969
120640 82.9217
120650 82.8927
120660 82.8766
120670 82.883
120680 82.9123
120690 82.9338
120700 82.9229
120710 82.894
120720 82.8713
120730 82.8905
120740 82.8995
120750 82.8866
120760 82.8622
120770 82.8481
120780 82.8473
120790 82.8487
120800 82.8373
120810 82.8148
120820 82.8045
120830 82.8018
120840 82.8022
120850 82.827
120860 82.8568
120870 82.8397
120880 82.7997
120890 82.7835
120900 82.8048
120910 82.8696
120920 82.9125
120930 82.9154
120940 82.9205
120950 82.955
120960 82.9949
120970 83.0024
120980 82.9754
120990 82.9622
121000 82.9844
121010 83.0188
121020 83.0339
121030 83.051
121040 83.0875
121050 83.1336
121060 83.1604
121070 83.1712
121080 83.1686
121090 83.1934
121100 83.2153
121110 83.2166
121120 83.2248
121130 83.2369
121140 83.2296
121150 83.206
121160 83.1944
121170 83.2227
121180 83.2787
121190 83.3
121200 83.3025
121210 83.3153
121220 83.3167
121230 83.3049
121240 83.3184
121250 83.3612
121260 83.3874
121270 83.3742
121280 83.3674
121290 83.3918
121300 83.4545
121310 83.5193
121320 83.5613
121330 83.5634
121340 83.5556
121350 83.5754
121360 83.603
121370 83.5911
121380 83.5639
121390 83.5878
121400 83.6282
121410 83.6381
121420 83.6634
121430 83.718
121440 83.7587
121450 83.7562
121460 83.7549
121470 83.8017
121480 83.8778
121490 83.9143
121500 83.9137
121510 83.9301
121520 83.951
121530 83.961
121540 83.9599
121550 83.9265
121560 83.8658
121570 83.8179
121580 83.7915
121590 83.7668
121600 83.7592
121610 83.7777
121620 83.7902
121630 83.7929
121640 83.7942
121650 83.794
121660 83.7808
121670 83.7815
121680 83.7896
121690 83.7846
121700 83.8085
121710 83.8721
121720 83.9112
121730 83.9165
121740 83.9386
121750 83.9785
121760 83.9771
121770 83.9649
121780 84.0103
121790 84.0743
121800 84.091
121810 84.0838
121820 84.1178
121830 84.1647
121840 84.1682
121850 84.1585
121860 84.1568
121870 84.156
121880 84.1558
121890 84.1581
121900 84.1694
121910 84.1857
121920 84.2139
121930 84.2343
121940 84.2455
121950 84.2779
121960 84.3017
121970 84.2947
121980 84.3
121990 84.3316
122000 84.3841
122010 84.4452
122020 84.4809
122030 84.4844
122040 84.4943
122050 84.5166
122060 84.5252
122070 84.544
122080 84.5431
122090 84.5454
122100 84.5708
122110 84.5966
122120 84.6199
122130 84.6381
122140 84.6444
122150 84.649
122160 84.6612
122170 84.6816
122180 84.6929
122190 84.6778
122200 84.6737
122210 84.6793
122220 84.6553
122230 84.6416
122240 84.7009
122250 84.7596
122260 84.7684
122270 84.7527
122280 84.7599
122290 84.7914
122300 84.8067
122310 84.8088
122320 84.7928
122330 84.7923
122340 84.8123
122350 84.8271
122360 84.8302
122370 84.8284
122380 84.8075
122390 84.7613
122400 84.7248
122410 84.7111
122420 84.6935
122430 84.6781
122440 84.6752
122450 84.6821
122460 84.6903
122470 84.6841
122480 84.6597
122490 84.6315
122500 84.6244
122510 84.6333
122520 84.6468
122530 84.6618
122540 84.6812
122550 84.6874
122560 84.6762
122570 84.668
122580 84.6584
122590 84.6527
122600 84.6548
122610 84.6559
122620 84.6326
122630 84.6288
122640 84.6582
122650 84.6926
122660 84.6976
122670 84.7298
122680 84.7968
122690 84.8102
122700 84.7708
122710 84.7542
122720 84.7685
122730 84.7888
122740 84.8044
122750 84.7959
122760 84.7547
122770 84.7324
122780 84.7491
122790 84.7621
122800 84.7481
122810 84.7185
122820 84.7269
122830 84.7586
122840 84.7661
122850 84.725
122860 84.6515
122870 84.6058
122880 84.6148
122890 84.6556
122900 84.6582
122910 84.6162
122920 84.5868
122930 84.6135
122940 84.6408
122950 84.6251
122960 84.6124
122970 84.6181
122980 84.63
122990 84.6325
123000 84.5894
123010 84.5371
123020 84.5554
123030 84.6235
123040 84.6578
123050 84.6245
123060 84.6099
123070 84.6452
123080 84.6713
123090 84.6885
123100 84.7334
123110 84.7843
123120 84.8043
123130 84.8215
123140 84.848
123150 84.8573
123160 84.8692
123170 84.923
123180 84.9573
123190 84.9341
123200 84.9078
123210 84.904
123220 84.9115
123230 84.9218
123240 84.9279
123250 84.9451
123260 84.9812
123270 85.0204
123280 85.0363
123290 85.0362
123300 85.044
123310 85.0719
123320 85.0885
123330 85.0732
123340 85.0738
123350 85.0992
123360 85.1064
123370 85.1086
123380 85.1321
123390 85.151
123400 85.1637
123410 85.2002
123420 85.2141
123430 85.1816
123440 85.1607
123450 85.1839
123460 85.1975
123470 85.1507
123480 85.1121
123490 85.1307
123500 85.1622
123510 85.1711
123520 85.1641
123530 85.1529
123540 85.154
123550 85.1747
123560 85.1964
123570 85.171
123580 85.1192
123590 85.0935
123600 85.0959
123610 85.0762
123620 85.0387
123630 85.034
123640 85.0573
123650 85.0596
123660 85.0412
123670 85.0519
123680 85.0634
123690 85.0444
123700 85.0312
123710 85.0483
123720 85.0751
123730 85.0842
123740 85.1005
123750 85.1061
123760 85.1216
123770 85.1639
123780 85.2352
123790 85.3055
123800 85.3386
123810 85.338
123820 85.3256
123830 85.3082
123840 85.3206
123850 85.3591
123860 85.3922
123870 85.4224
123880 85.4456
123890 85.4491
123900 85.4606
123910 85.5048
123920 85.5923
123930 85.657
123940 85.6444
123950 85.5904
123960 85.5828
123970 85.6382
123980 85.685
123990 85.6471
124000 85.5535
124010 85.5054
124020 85.5532
124030 85.6108
124040 85.6334
124050 85.6296
124060 85.5964
124070 85.5636
124080 85.5575
124090 85.5562
124100 85.5419
124110 85.5464
124120 85.5799
124130 85.5958
124140 85.6038
124150 85.6193
124160 85.6582
124170 85.6923
124180 85.6887
124190 85.6739
124200 85.6772
124210 85.6956
124220 85.6771
124230 85.6236
124240 85.5835
124250 85.5812
124260 85.5997
124270 85.6018
124280 85.5902
124290 85.5915
124300 85.6134
124310 85.6252
124320 85.6279
124330 85.6563
124340 85.6713
124350 85.6505
124360 85.6289
124370 85.6439
124380 85.6585
124390 85.6401
124400 85.6228
124410 85.6356
124420 85.6559
124430 85.6558
124440 85.6724
124450 85.7268
124460 85.7591
124470 85.7521
124480 85.7488
124490 85.7949
124500 85.8466
124510 85.8732
124520 85.8693
124530 85.8391
124540 85.8286
124550 85.841
124560 85.8636
124570 85.9136
124580 85.9821
124590 86.0139
124600 86.0081
124610 86.0172
124620 86.0407
124630 86.0446
124640 86.0212
124650 86.0196
124660 86.0366
124670 86.0152
124680 85.9548
124690 85.9341
124700 85.9617
124710 85.9841
124720 85.9803
124730 85.9689
124740 85.9743
124750 85.9992
124760 86.0338
124770 86.0269
124780 86.0068
124790 86.0272
124800 86.0605
124810 86.0709
124820 86.0757
124830 86.085
124840 86.111
124850 86.1608
124860 86.2059
124870 86.2333
124880 86.2451
124890 86.271
124900 86.3009
124910 86.3064
124920 86.3012
124930 86.2869
124940 86.2488
124950 86.2218
124960 86.2581
124970 86.3416
124980 86.427
124990 86.465
125000 86.4768
125010 86.5069
125020 86.5386
125030 86.5512
125040 86.5434
125050 86.5395
125060 86.5433
125070 86.5387
125080 86.5061
125090 86.5003
125100 86.5182
125110 86.5265
125120 86.5248
125130 86.55
125140 86.5708
125150 86.5863
125160 86.6067
125170 86.6256
125180 86.6346
125190 86.6388
125200 86.6602
125210 86.6932
125220 86.7025
125230 86.6976
125240 86.6816
125250 86.6825
125260 86.7128
125270 86.7282
125280 86.7057
125290 86.6718
125300 86.6934
125310 86.7415
125320 86.7435
125330 86.7205
125340 86.7357
125350 86.7809
125360 86.7901
125370 86.7762
125380 86.794
125390 86.8408
125400 86.8734
125410 86.8722
125420 86.8651
125430 86.8568
125440 86.8657
125450 86.8808
125460 86.8715
125470 86.8793
125480 86.9398
125490 86.9941
125500 87.0092
125510 87.0404
125520 87.0825
125530 87.1201
125540 87.1664
125550 87.2045
125560 87.1985
125570 87.1563
125580 87.1396
125590 87.1556
125600 87.1608
125610 87.1417
125620 87.1231
125630 87.1198
125640 87.1296
125650 87.1386
125660 87.1516
125670 87.1554
125680 87.148
125690 87.1527
125700 87.1695
125710 87.1889
125720 87.2189
125730 87.2615
125740 87.284
125750 87.2775
125760 87.2573
125770 87.2477
125780 87.2729
125790 87.3086
125800 87.3394
125810 87.3839
125820 87.4399
125830 87.4723
125840 87.4772
125850 87.4818
125860 87.4862
125870 87.4973
125880 87.5004
125890 87.4753
125900 87.448
125910 87.457
125920 87.4884
125930 87.5069
125940 87.5107
125950 87.5042
125960 87.5074
125970 87.5223
125980 87.5701
125990 87.6288
126000 87.6532
126010 87.6544
126020 87.6642
126030 87.7016
126040 87.7487
126050 87.7526
126060 87.7273
126070 87.7141
126080 87.7427
126090 87.7898
126100 87.8303
126110 87.8527
126120 87.8642
126130 87.9007
126140 87.9536
126150 87.977
126160 87.9692
126170 87.9578
126180 87.9551
126190 87.9727
126200 88.0084
126210 88.0307
126220 88.0308
126230 88.0392
126240 88.042
126250 88.0255
126260 88.0207
126270 88.0748
126280 88.151
126290 88.1914
126300 88.187
126310 88.1986
126320 88.2295
126330 88.2442
126340 88.2507
126350 88.2792
126360 88.3058
126370 88.3032
126380 88.2944
126390 88.306
126400 88.3029
126410 88.2958
126420 88.3286
126430 88.3758
126440 88.3633
126450 88.3267
126460 88.3253
126470 88.3262
126480 88.2977
126490 88.2758
126500 88.3055
126510 88.3243
126520 88.3105
126530 88.3069
126540 88.3141
126550 88.3137
126560 88.294
126570 88.2953
126580 88.3248
126590 88.3657
126600 88.3823
126610 88.3671
126620 88.3469
126630 88.3646
126640 88.4258
126650 88.4505
126660 88.4806
126670 88.5336
126680 88.5544
126690 88.5505
126700 88.5551
126710 88.5931
126720 88.6266
126730 88.6434
126740 88.6706
126750 88.6979
126760 88.7173
126770 88.732
126780 88.7433
126790 88.7061
126800 88.6353
126810 88.6125
126820 88.6333
126830 88.638
126840 88.6191
126850 88.5955
126860 88.5531
126870 88.5051
126880 88.5232
126890 88.5781
126900 88.5779
126910 88.5143
126920 88.4752
126930 88.4845
126940 88.4846
126950 88.4734
126960 88.4578
126970 88.4246
126980 88.3768
126990 88.3459
127000 88.337
127010 88.3278
127020 88.2759
127030 88.2374
127040 88.2427
127050 88.2359
127060 88.2189
127070 88.2327
127080 88.2603
127090 88.277
127100 88.299
127110 88.3404
127120 88.3647
127130 88.3653
127140 88.3897
127150 88.442
127160 88.4583
127170 88.425
127180 88.4242
127190 88.452
127200 88.4755
127210 88.4997
127220 88.5315
127230 88.5525
127240 88.5357
127250 88.5023
127260 88.5075
127270 88.5305
127280 88.5268
127290 88.5083
127300 88.4884
127310 88.4827
127320 88.4857
127330 88.4959
127340 88.5237
127350 88.5492
127360 88.5536
127370 88.574
127380 88.6164
127390 88.6189
127400 88.5962
127410 88.6116
127420 88.6498
127430 88.6648
127440 88.6655
127450 88.681
127460 88.7118
127470 88.7231
127480 88.7255
127490 88.7218
127500 88.723
127510 88.7292
127520 88.7157
127530 88.6941
127540 88.7071
127550 88.7376
127560 88.7389
127570 88.7275
127580 88.7548
127590 88.8102
127600 88.8289
127610 88.8243
127620 88.8437
127630 88.8844
127640 88.9012
127650 88.8978
127660 88.9052
127670 88.9411
127680 88.9827
127690 89.0269
127700 89.075
127710 89.1071
127720 89.1291
127730 89.17
127740 89.207
127750 89.2383
127760 89.2525
127770 89.2592
127780 89.2766
127790 89.2922
127800 89.2887
127810 89.2822
127820 89.2846
127830 89.3062
127840 89.3368
127850 89.3313
127860 89.3341
127870 89.3962
127880 89.4456
127890 89.4442
127900 89.4598
127910 89.5202
127920 89.5374
127930 89.4908
127940 89.4501
127950 89.4478
127960 89.4534
127970 89.4779
127980 89.5039
127990 89.5051
128000 89.4997
128010 89.5016
128020 89.5215
128030 89.5507
128040 89.5353
128050 89.491
128060 89.4869
128070 89.5038
128080 89.5166
128090 89.5295
128100 89.5353
128110 89.514
128120 89.5106
128130 89.5343
128140 89.5563
128150 89.5182
128160 89.456
128170 89.4421
128180 89.4712
128190 89.4827
128200 89.4634
128210 89.4795
128220 89.493
128230 89.4774
128240 89.4784
128250 89.5378
128260 89.5801
128270 89.5605
128280 89.5106
128290 89.4832
128300 89.4924
128310 89.4986
128320 89.4766
128330 89.4542
128340 89.4588
128350 89.4731
128360 89.4707
128370 89.4509
128380 89.4383
128390 89.433
128400 89.4277
128410 89.4663
128420 89.5229
128430 89.5505
128440 89.5634
128450 89.5999
128460 89.617
128470 89.6131
128480 89.6155
128490 89.6211
128500 89.6172
128510 89.6009
128520 89.5909
128530 89.5673
128540 89.5287
128550 89.5055
128560 89.5334
128570 89.5775
128580 89.5741
128590 89.5345
128600 89.522
128610 89.5215
128620 89.5044
128630 89.4915
128640 89.5005
128650 89.5441
128660 89.5708
128670 89.6028
128680 89.6446
128690 89.6657
128700 89.6876
128710 89.7347
128720 89.7772
128730 89.7867
128740 89.8011
128750 89.8343
128760 89.8439
128770 89.8563
128780 89.9124
128790 89.9447
128800 89.9243
128810 89.8877
128820 89.9029
128830 89.9404
128840 89.9712
128850 89.9962
128860 90.0122
128870 90.0071
128880 89.9795
128890 89.9764
128900 90.0171
128910 90.0341
128920 90.0158
128930 90.0003
128940 90.0137
128950 90.0116
128960 90.008
128970 90.0146
128980 90.0281
128990 90.0303
129000 90.0077
129010 89.968
129020 89.9295
129030 89.8858
129040 89.8446
129050 89.8219
129060 89.8032
129070 89.7774
129080 89.7517
129090 89.735
129100 89.7479
129110 89.7809
129120 89.7939
129130 89.7666
129140 89.7271
129150 89.7287
129160 89.7498
129170 89.7649
129180 89.751
129190 89.7497
129200 89.7554
129210 89.7412
129220 89.7608
129230 89.8187
129240 89.8658
129250 89.87
129260 89.8937
129270 89.9342
129280 89.9402
129290 89.9481
129300 89.9742
129310 90.0257
129320 90.0615
129330 90.0572
129340 90.0417
129350 90.0306
129360 90.0424
129370 90.0622
129380 90.0739
129390 90.095
129400 90.1408
129410 90.217
129420 90.279
129430 90.3093
129440 90.3347
129450 90.3923
129460 90.4675
129470 90.5182
129480 90.5413
129490 90.5467
129500 90.5652
129510 90.6113
129520 90.6774
129530 90.7059
129540 90.702
129550 90.6934
129560 90.7067
129570 90.7039
129580 90.6849
129590 90.6773
129600 90.6865
129610 90.6909
129620 90.7004
129630 90.7259
129640 90.7566
129650 90.7797
129660 90.7905
129670 90.7987
129680 90.818
129690 90.8482
129700 90.8824
129710 90.8961
129720 90.8707
129730 90.8443
129740 90.8383
129750 90.8224
129760 90.8376
129770 90.8673
129780 90.8729
129790 90.8635
129800 90.867
129810 90.8763
129820 90.8829
129830 90.8836
129840 90.8719
129850 90.8688
129860 90.8844
129870 90.9191
129880 90.9501
129890 90.9828
129900 91.0319
129910 91.09
129920 91.1323
129930 91.1694
129940 91.2114
129950 91.2261
129960 91.209
129970 91.1991
129980 91.2188
129990 91.2369
130000 91.2492
130010 91.2876
130020 91.2887
130030 91.2501
130040 91.2475
130050 91.3041
130060 91.336
130070 91.3152
130080 91.3069
130090 91.3263
130100 91.3618
130110 91.3738
130120 91.3734
130130 91.3865
130140 91.3679
130150 91.3228
130160 91.2847
130170 91.2456
130180 91.2335
130190 91.2393
130200 91.2156
130210 91.1866
130220 91.2089
130230 91.2581
130240 91.287
130250 91.2905
130260 91.296
130270 91.2954
130280 91.2775
130290 91.225
130300 91.1902
130310 91.1866
130320 91.2127
130330 91.2337
130340 91.2031
130350 91.1637
130360 91.1764
130370 91.2293
130380 91.2585
130390 91.2569
130400 91.2658
130410 91.3025
130420 91.3002
130430 91.2505
130440 91.2273
130450 91.2435
130460 91.2398
130470 91.2348
130480 91.2314
130490 91.2266
130500 91.2099
130510 91.1983
130520 91.1953
130530 91.1607
130540 91.12
130550 91.137
130560 91.1687
130570 91.1559
130580 91.1135
130590 91.1046
130600 91.1333
130610 91.1572
130620 91.175
130630 91.205
130640 91.23
130650 91.2387
130660 91.273
130670 91.3051
130680 91.3217
130690 91.2903
130700 91.2531
130710 91.2554
130720 91.2986
130730 91.3193
130740 91.3031
130750 91.275
130760 91.2769
130770 91.2804
130780 91.2953
130790 91.2873
130800 91.2591
130810 91.2345
130820 91.2194
130830 91.2055
130840 91.1971
130850 91.1839
130860 91.1762
130870 91.1836
130880 91.2062
130890 91.2256
130900 91.2361
130910 91.2445
130920 91.2759
130930 91.3163
130940 91.3203
130950 91.3241
130960 91.3782
130970 91.4196
130980 91.4231
130990 91.4358
131000 91.439
131010 91.3835
131020 91.3463
131030 91.3901
131040 91.4365
131050 91.4073
131060 91.3599
131070 91.3731
131080 91.429
131090 91.4418
131100 91.4164
131110 91.4172
131120 91.4403
131130 91.4466
131140 91.4351
131150 91.4336
131160 91.4155
131170 91.401
131180 91.435
131190 91.4808
131200 91.5066
131210 91.5084
131220 91.5081
131230 91.5092
131240 91.4855
131250 91.4734
131260 91.4639
131270 91.4529
131280 91.4636
131290 91.4804
131300 91.4834
131310 91.4885
131320 91.5169
131330 91.5281
131340 91.5072
131350 91.4632
131360 91.4387
131370 91.4101
131380 91.3802
131390 91.3781
131400 91.4031
131410 91.3994
131420 91.392
131430 91.4011
131440 91.4116
131450 91.4246
131460 91.4707
131470 91.5083
131480 91.4803
131490 91.4599
131500 91.4891
131510 91.528
131520 91.5179
131530 91.4936
131540 91.491
131550 91.4965
131560 91.5087
131570 91.5338
131580 91.5515
131590 91.5604
131600 91.5924
131610 91.6377
131620 91.6414
131630 91.6316
131640 91.6563
131650 91.6869
131660 91.682
131670 91.6976
131680 91.751
131690 91.7645
131700 91.7673
131710 91.8023
131720 91.8273
131730 91.8062
131740 91.7847
131750 91.8086
131760 91.8722
131770 91.8914
131780 91.8909
131790 91.8954
131800 91.8923
131810 91.8783
131820 91.8812
131830 91.89
131840 91.9036
131850 91.9088
131860 91.9227
131870 91.9401
131880 91.9682
131890 91.9988
131900 92.0059
131910 92.0047
131920 92.005
131930 92.0187
131940 92.0517
131950 92.0798
131960 92.0861
131970 92.0734
131980 92.0799
131990 92.1192
132000 92.1531
132010 92.136
132020 92.0951
132030 92.1008
132040 92.1322
132050 92.1349
132060 92.1501
132070 92.193
132080 92.2114
132090 92.2188
132100 92.267
132110 92.3172
132120 92.3006
132130 92.2652
132140 92.2681
132150 92.2871
132160 92.2554
132170 92.1879
132180 92.1096
132190 92.0419
132200 92.0048
132210 91.9916
132220 91.9888
132230 91.9923
132240 92.0171
132250 92.0411
132260 92.0218
132270 91.988
132280 91.9913
132290 92.013
132300 92.0245
132310 92.0154
132320 92.0163
132330 92.0277
132340 92.0338
132350 92.0492
132360 92.0793
132370 92.1155
132380 92.1245
132390 92.0919
132400 92.0708
132410 92.0586
132420 92.0143
132430 91.9776
132440 91.9781
132450 91.9886
132460 92.015
132470 92.0911
132480 92.1413
132490 92.1275
132500 92.1445
132510 92.2129
132520 92.2469
132530 92.2242
132540 92.2191
132550 92.2666
132560 92.2967
132570 92.2749
132580 92.2443
132590 92.2432
132600 92.2625
132610 92.2709
132620 92.2666
132630 92.2383
132640 92.1916
132650 92.1695
132660 92.168
132670 92.1344
132680 92.0868
132690 92.0563
132700 92.0281
132710 91.9864
132720 91.9474
132730 91.94
132740 91.9371
132750 91.9116
132760 91.8656
132770 91.8293
132780 91.8392
132790 91.8385
132800 91.8266
132810 91.8172
132820 91.8201
132830 91.8362
132840 91.8043
132850 91.7506
132860 91.7189
132870 91.711
132880 91.6945
132890 91.6678
132900 91.6632
132910 91.6647
132920 91.6391
132930 91.6305
132940 91.6616
132950 91.6956
132960 91.7094
132970 91.7062
132980 91.6967
132990 91.6873
133000 91.7002
133010 91.7116
133020 91.7013
133030 91.7275
133040 91.7422
133050 91.7154
133060 91.6978
133070 91.7158
133080 91.7435
133090 91.7772
133100 91.782
133110 91.7864
133120 91.7921
133130 91.7888
133140 91.7778
133150 91.7623
133160 91.7565
133170 91.7687
133180 91.7849
133190 91.7637
133200 91.7308
133210 91.7488
133220 91.7531
133230 91.7012
133240 91.6878
133250 91.751
133260 91.7636
133270 91.7065
133280 91.6912
133290 91.75
133300 91.7809
133310 91.7358
133320 91.7079
133330 91.7494
133340 91.8146
133350 91.8738
133360 91.9426
133370 92.0206
133380 92.0574
133390 92.0701
133400 92.0939
133410 92.1255
133420 92.1487
133430 92.1723
133440 92.1865
133450 92.1855
133460 92.1686
133470 92.1606
133480 92.1467
133490 92.119
133500 92.1169
133510 92.1342
133520 92.1382
133530 92.1285
133540 92.1373
133550 92.1689
133560 92.1886
133570 92.1736
133580 92.1772
133590 92.2416
133600 92.3152
133610 92.3455
133620 92.3552
133630 92.3929
133640 92.4573
133650 92.5304
133660 92.5798
133670 92.5968
133680 92.5962
133690 92.5968
133700 92.634
133710 92.6632
133720 92.653
133730 92.6277
133740 92.6112
133750 92.6023
133760 92.5884
133770 92.5562
133780 92.5223
133790 92.5067
133800 92.5112
133810 92.5254
133820 92.5347
133830 92.5313
133840 92.5102
133850 92.4545
133860 92.3949
133870 92.3575
133880 92.352
133890 92.3846
133900 92.4251
133910 92.4243
133920 92.4215
133930 92.4634
133940 92.5005
133950 92.5175
133960 92.5268
133970 92.5316
133980 92.5156
133990 92.5153
134000 92.5666
134010 92.6209
134020 92.6151
134030 92.589
134040 92.6043
134050 92.638
134060 92.6552
134070 92.6466
134080 92.6444
134090 92.643
134100 92.6136
134110 92.5605
134120 92.5521
134130 92.5685
134140 92.5666
134150 92.5946
134160 92.6551
134170 92.6655
134180 92.6436
134190 92.6355
134200 92.6357
134210 92.6183
134220 92.621
134230 92.6569
134240 92.6875
134250 92.6702
134260 92.6582
134270 92.7107
134280 92.7885
134290 92.8123
134300 92.8127
134310 92.8511
134320 92.8954
134330 92.9323
134340 92.9731
134350 92.9948
134360 92.9633
134370 92.9391
134380 92.9704
134390 93.0052
134400 92.9965
134410 92.9954
134420 93.0043
134430 92.9733
134440 92.939
134450 92.9391
134460 92.9337
134470 92.8908
134480 92.8824
134490 92.9309
134500 92.9534
134510 92.9409
134520 92.9488
134530 92.9749
134540 92.997
134550 93.0379
134560 93.0838
134570 93.1235
134580 93.1339
134590 93.1361
134600 93.1517
134610 93.1942
134620 93.232
134630 93.238
134640 93.2257
134650 93.2261
134660 93.2185
134670 93.2034
134680 93.2225
134690 93.2721
134700 93.2976
134710 93.2964
134720 93.3169
134730 93.3663
134740 93.3916
134750 93.3715
134760 93.3892
134770 93.4233
134780 93.4032
134790 93.3832
134800 93.3916
134810 93.3892
134820 93.3711
134830 93.3698
134840 93.3881
134850 93.406
134860 93.4226
134870 93.4401
134880 93.4707
134890 93.4956
134900 93.5135
134910 93.5436
134920 93.5658
134930 93.5658
134940 93.5539
134950 93.5452
134960 93.5586
134970 93.5925
134980 93.6342
134990 93.6832
135000 93.7199
135010 93.7472
135020 93.7681
135030 93.769
135040 93.7763
135050 93.8141
135060 93.8399
135070 93.8247
135080 93.8481
135090 93.9112
135100 93.9543
135110 93.9541
135120 93.9343
135130 93.9048
135140 93.8861
135150 93.8811
135160 93.8823
135170 93.8753
135180 93.8332
135190 93.7986
135200 93.7935
135210 93.8026
135220 93.7947
135230 93.7743
135240 93.7682
135250 93.7673
135260 93.7435
135270 93.7023
135280 93.6873
135290 93.6829
135300 93.6714
135310 93.6568
135320 93.6433
135330 93.631
135340 93.6216
135350 93.6199
135360 93.6228
135370 93.6365
135380 93.6453
135390 93.6565
135400 93.6702
135410 93.6674
135420 93.6646
135430 93.6655
135440 93.6496
135450 93.6427
135460 93.6708
135470 93.7075
135480 93.7009
135490 93.6615
135500 93.6636
135510 93.7073
135520 93.677
135530 93.6021
135540 93.5808
135550 93.6003
135560 93.5919
135570 93.5538
135580 93.5398
135590 93.5654
135600 93.5719
135610 93.5466
135620 93.5054
135630 93.4504
135640 93.4363
135650 93.4802
135660 93.5339
135670 93.5754
135680 93.62
135690 93.6807
135700 93.7297
135710 93.7607
135720 93.7821
135730 93.7931
135740 93.8189
135750 93.8661
135760 93.901
135770 93.9199
135780 93.9387
135790 93.9728
135800 94.0133
135810 94.0205
135820 93.9924
135830 93.9849
135840 93.9937
135850 93.9863
135860 93.962
135870 93.9441
135880 93.9637
135890 94.0143
135900 94.0711
135910 94.123
135920 94.1531
135930 94.1456
135940 94.1344
135950 94.1325
135960 94.1366
135970 94.1517
135980 94.1684
135990 94.1795
136000 94.1749
136010 94.2034
136020 94.2446
136030 94.2681
136040 94.2822
136050 94.2945
136060 94.307
136070 94.3231
136080 94.3335
136090 94.3042
136100 94.2682
136110 94.2719
136120 94.2654
136130 94.2366
136140 94.1858
136150 94.156
136160 94.1567
136170 94.163
136180 94.1677
136190 94.1757
136200 94.1804
136210 94.181
136220 94.1707
136230 94.1441
136240 94.1061
136250 94.0851
136260 94.0659
136270 94.0295
136280 94.0131
136290 94.0463
136300 94.0662
136310 94.0487
136320 94.045
136330 94.0842
136340 94.1397
136350 94.1674
136360 94.1898
136370 94.2273
136380 94.2622
136390 94.2743
136400 94.3138
136410 94.3885
136420 94.4139
136430 94.3954
136440 94.4229
136450 94.474
136460 94.4739
136470 94.4494
136480 94.4561
136490 94.4777
136500 94.4856
136510 94.4932
136520 94.5062
136530 94.5254
136540 94.5695
136550 94.6202
136560 94.6403
136570 94.6258
136580 94.623
136590 94.6323
136600 94.6108
136610 94.5833
136620 94.6051
136630 94.6119
136640 94.553
136650 94.5
136660 94.499
136670 94.5175
136680 94.5476
136690 94.6061
136700 94.6619
136710 94.6653
136720 94.6769
136730 94.7041
136740 94.7407
136750 94.7628
136760 94.7804
136770 94.7761
136780 94.7534
136790 94.7456
136800 94.7521
136810 94.7518
136820 94.7557
136830 94.7598
136840 94.7786
136850 94.8369
136860 94.9139
136870 94.985
136880 95.0327
136890 95.0357
136900 95.0118
136910 95.0107
136920 95.0623
136930 95.1013
136940 95.076
136950 95.0381
136960 95.044
136970 95.09
136980 95.1148
136990 95.1374
137000 95.1538
137010 95.163
137020 95.147
137030 95.1228
137040 95.1134
137050 95.1044
137060 95.0817
137070 95.067
137080 95.0662
137090 95.0624
137100 95.0466
137110 95.0319
137120 95.0175
137130 95.0063
137140 95.0175
137150 95.052
137160 95.0499
137170 95.0314
137180 95.0194
137190 95.0078
137200 95.0133
137210 95.0326
137220 95.0549
137230 95.0496
137240 95.0197
137250 95.0187
137260 95.0256
137270 95.0438
137280 95.0606
137290 95.046
137300 95.0034
137310 94.9891
137320 95.0138
137330 95.046
137340 95.0644
137350 95.0744
137360 95.0856
137370 95.1176
137380 95.1753
137390 95.2294
137400 95.2577
137410 95.2467
137420 95.2421
137430 95.2732
137440 95.3037
137450 95.3161
137460 95.3103
137470 95.3014
137480 95.2784
137490 95.2488
137500 95.2375
137510 95.2217
137520 95.2093
137530 95.2094
137540 95.2278
137550 95.2298
137560 95.2173
137570 95.2306
137580 95.2546
137590 95.2652
137600 95.269
137610 95.2702
137620 95.267
137630 95.2855
137640 95.3228
137650 95.3694
137660 95.3852
137670 95.3884
137680 95.3938
137690 95.3925
137700 95.4065
137710 95.433
137720 95.4495
137730 95.4262
137740 95.4105
137750 95.442
137760 95.4777
137770 95.4612
137780 95.4304
137790 95.435
137800 95.4519
137810 95.4399
137820 95.4381
137830 95.4623
137840 95.4535
137850 95.4085
137860 95.3862
137870 95.4093
137880 95.4328
137890 95.434
137900 95.4163
137910 95.3925
137920 95.3567
137930 95.3324
137940 95.3207
137950 95.2987
137960 95.2766
137970 95.2886
137980 95.3181
137990 95.3255
138000 95.3109
138010 95.3009
138020 95.2994
138030 95.2967
138040 95.3075
138050 95.3229
138060 95.3266
138070 95.3135
138080 95.3055
138090 95.3333
138100 95.3787
138110 95.3806
138120 95.3555
138130 95.3506
138140 95.3392
138150 95.294
138160 95.2273
138170 95.1939
138180 95.1911
138190 95.2005
138200 95.2003
138210 95.1923
138220 95.174
138230 95.1549
138240 95.1589
138250 95.1742
138260 95.163
138270 95.1578
138280 95.188
138290 95.232
138300 95.2539
138310 95.2345
138320 95.2218
138330 95.2316
138340 95.2516
138350 95.2418
138360 95.2097
138370 95.2034
138380 95.2217
138390 95.2245
138400 95.2099
138410 95.1897
138420 95.1746
138430 95.1553
138440 95.1567
138450 95.1757
138460 95.1917
138470 95.2186
138480 95.2502
138490 95.2629
138500 95.2656
138510 95.2805
138520 95.2698
138530 95.228
138540 95.2013
138550 95.2271
138560 95.2479
138570 95.2168
138580 95.1743
138590 95.1602
138600 95.1982
138610 95.2333
138620 95.2167
138630 95.1782
138640 95.1728
138650 95.1752
138660 95.1517
138670 95.1517
138680 95.1739
138690 95.1604
138700 95.1211
138710 95.1198
138720 95.1329
138730 95.0947
138740 95.048
138750 95.0593
138760 95.0897
138770 95.0948
138780 95.1059
138790 95.176
138800 95.2774
138810 95.362
138820 95.3744
138830 95.3482
138840 95.3385
138850 95.3507
138860 95.3584
138870 95.2986
138880 95.239
138890 95.2132
138900 95.2234
138910 95.238
138920 95.2176
138930 95.1651
138940 95.1259
138950 95.1167
138960 95.0906
138970 95.0532
138980 95.0433
138990 95.0404
139000 95.0358
139010 95.0342
139020 95.0308
139030 95.0108
139040 94.9814
139050 94.9713
139060 94.9617
139070 94.9308
139080 94.9085
139090 94.9133
139100 94.9247
139110 94.9448
139120 94.9691
139130 94.9947
139140 95.0086
139150 95.0042
139160 95.0024
139170 95.0616
139180 95.1284
139190 95.152
139200 95.1596
139210 95.1672
139220 95.1503
139230 95.1319
139240 95.1482
139250 95.1667
139260 95.1339
139270 95.103
139280 95.1192
139290 95.1519
139300 95.1527
139310 95.1507
139320 95.1424
139330 95.1384
139340 95.1664
139350 95.2008
139360 95.2182
139370 95.2177
139380 95.2276
139390 95.2426
139400 95.2617
139410 95.2854
139420 95.3026
139430 95.2985
139440 95.2886
139450 95.3078
139460 95.3631
139470 95.41
139480 95.4123
139490 95.3886
139500 95.3821
139510 95.3925
139520 95.4187
139530 95.4368
139540 95.435
139550 95.4001
139560 95.3736
139570 95.3709
139580 95.3695
139590 95.3674
139600 95.3671
139610 95.3815
139620 95.4003
139630 95.3755
139640 95.3623
139650 95.3773
139660 95.3609
139670 95.3176
139680 95.301
139690 95.3207
139700 95.3336
139710 95.3275
139720 95.3212
139730 95.3227
139740 95.3288
139750 95.3467
139760 95.3427
139770 95.3208
139780 95.3131
139790 95.3451
139800 95.4041
139810 95.4284
139820 95.3979
139830 95.3825
139840 95.4212
139850 95.4654
139860 95.4854
139870 95.5299
139880 95.5957
139890 95.6262
139900 95.5878
139910 95.538
139920 95.5353
139930 95.5677
139940 95.5823
139950 95.5676
139960 95.5773
139970 95.6144
139980 95.6502
139990 95.6967
140000 95.754
140010 95.7696
140020 95.7474
140030 95.7273
140040 95.7169
140050 95.6993
140060 95.6599
140070 95.6096
140080 95.6047
140090 95.6349
140100 95.6292
140110 95.5893
140120 95.6035
140130 95.633
140140 95.6407
140150 95.6365
140160 95.6623
140170 95.691
140180 95.6812
140190 95.6767
140200 95.6948
140210 95.7129
140220 95.7225
140230 95.7283
140240 95.7342
140250 95.7431
140260 95.7804
140270 95.7977
140280 95.7816
140290 95.7672
140300 95.7761
140310 95.7851
140320 95.7635
140330 95.7568
140340 95.8051
140350 95.857
140360 95.8784
140370 95.889
140380 95.8873
140390 95.8932
140400 95.9632
140410 96.0605
140420 96.1298
140430 96.1706
140440 96.2195
140450 96.2577
140460 96.2938
140470 96.3432
140480 96.3875
140490 96.4038
140500 96.4295
140510 96.462
140520 96.4558
140530 96.4279
140540 96.4467
140550 96.4936
140560 96.5016
140570 96.4897
140580 96.48
140590 96.4908
140600 96.52
140610 96.5533
140620 96.5633
140630 96.5458
140640 96.5204
140650 96.5495
140660 96.6135
140670 96.6461
140680 96.6243
140690 96.612
140700 96.639
140710 96.6473
140720 96.6271
140730 96.6164
140740 96.5988
140750 96.5771
140760 96.5699
140770 96.5642
140780 96.5514
140790 96.5347
140800 96.5126
140810 96.5104
140820 96.5024
140830 96.4863
140840 96.4824
140850 96.5016
140860 96.4988
140870 96.4768
140880 96.4871
140890 96.4996
140900 96.4921
140910 96.5206
140920 96.602
140930 96.6501
140940 96.6606
140950 96.7065
140960 96.7739
140970 96.8017
140980 96.791
140990 96.7949
141000 96.8028
141010 96.8158
141020 96.8422
141030 96.8616
141040 96.8521
141050 96.8213
141060 96.8067
141070 96.7972
141080 96.7906
141090 96.8019
141100 96.8205
141110 96.8233
141120 96.8281
141130 96.8171
141140 96.8095
141150 96.8035
141160 96.8118
141170 96.815
141180 96.7868
141190 96.7448
141200 96.7128
141210 96.6971
141220 96.723
141230 96.7621
141240 96.7704
141250 96.7703
141260 96.7501
141270 96.7229
141280 96.6878
141290 96.6707
141300 96.6924
141310 96.7037
141320 96.6742
141330 96.6384
141340 96.6566
141350 96.6955
141360 96.6897
141370 96.6685
141380 96.654
141390 96.6475
141400 96.6539
141410 96.6841
141420 96.7291
141430 96.73
141440 96.695
141450 96.6976
141460 96.7486
141470 96.7969
141480 96.809
141490 96.7998
141500 96.7862
141510 96.7875
141520 96.8204
141530 96.8287
141540 96.8377
141550 96.8887
141560 96.9135
141570 96.8847
141580 96.8491
141590 96.8649
141600 96.9171
141610 96.9215
141620 96.8792
141630 96.8937
141640 96.9605
141650 97.0021
141660 96.9893
141670 96.97
141680 96.9911
141690 97.0177
141700 97.0121
141710 97.0164
141720 97.0733
141730 97.124
141740 97.1264
141750 97.1288
141760 97.1796
141770 97.2308
141780 97.2265
141790 97.2388
141800 97.3302
141810 97.429
141820 97.4452
141830 97.4195
141840 97.4449
141850 97.5217
141860 97.5967
141870 97.6251
141880 97.6212
141890 97.6171
141900 97.6388
141910 97.6601
141920 97.6638
141930 97.6533
141940 97.6645
141950 97.6984
141960 97.7126
141970 97.7041
141980 97.7113
141990 97.7077
142000 97.6837
142010 97.685
142020 97.7445
142030 97.7547
142040 97.6823
142050 97.6398
142060 97.6856
142070 97.7436
142080 97.7632
142090 97.7831
142100 97.8057
142110 97.8254
142120 97.8567
142130 97.875
142140 97.8627
142150 97.859
142160 97.8786
142170 97.8684
142180 97.847
142190 97.8595
142200 97.9106
142210 97.9255
142220 97.9133
142230 97.9506
142240 97.9981
142250 98.0243
142260 98.0529
142270 98.0778
142280 98.0428
142290 97.9634
142300 97.9355
142310 97.9666
142320 97.9672
142330 97.9588
142340 97.948
142350 97.9526
142360 97.965
142370 97.9667
142380 97.9515
142390 97.9568
142400 97.9759
142410 97.9806
142420 97.9596
142430 97.9323
142440 97.9123
142450 97.8984
142460 97.9019
142470 97.9387
142480 97.9694
142490 97.9511
142500 97.9347
142510 97.9653
142520 97.9849
142530 97.9917
142540 98.0211
142550 98.0411
142560 98.0156
142570 98.0153
142580 98.0418
142590 98.0445
142600 98.0476
142610 98.0798
142620 98.0747
142630 98.0275
142640 97.9805
142650 97.9906
142660 98.0218
142670 98.0146
142680 98.012
142690 98.0316
142700 98.0383
142710 98.0221
142720 97.9993
142730 97.9872
142740 97.9997
142750 98.0536
142760 98.125
142770 98.1525
142780 98.1694
142790 98.2151
142800 98.283
142810 98.3305
142820 98.3754
142830 98.4458
142840 98.5036
142850 98.5122
142860 98.4929
142870 98.4867
142880 98.5304
142890 98.6069
142900 98.6568
142910 98.6719
142920 98.6815
142930 98.6985
142940 98.7142
142950 98.7113
142960 98.7087
142970 98.7321
142980 98.7799
142990 98.8192
143000 98.8104
143010 98.7689
143020 98.7584
143030 98.758
143040 98.7218
143050 98.6828
143060 98.6522
143070 98.6133
143080 98.5982
143090 98.6427
143100 98.7046
143110 98.6907
143120 98.6644
143130 98.7026
143140 98.7491
143150 98.7513
143160 98.7335
143170 98.7249
143180 98.7354
143190 98.763
143200 98.8098
143210 98.8398
143220 98.8513
143230 98.8584
143240 98.8623
143250 98.8668
143260 98.8903
143270 98.9244
143280 98.9293
143290 98.9193
143300 98.9447
143310 98.9723
143320 98.9664
143330 98.957
143340 98.9661
143350 98.9704
143360 98.9603
143370 98.9532
143380 98.9275
143390 98.8996
143400 98.8999
143410 98.8662
143420 98.8095
143430 98.8209
143440 98.8728
143450 98.8708
143460 98.8307
143470 98.8173
143480 98.8682
143490 98.9082
143500 98.91
143510 98.8869
143520 98.8642
143530 98.8811
143540 98.9025
143550 98.8889
143560 98.8517
143570 98.8539
143580 98.8956
143590 98.981
143600 99.054
143610 99.078
143620 99.0678
143630 99.076
143640 99.1124
143650 99.1581
143660 99.1714
143670 99.1731
143680 99.1855
143690 99.2026
143700 99.2188
143710 99.2286
143720 99.2364
143730 99.2206
143740 99.1766
143750 99.1497
143760 99.1667
143770 99.1905
143780 99.2083
143790 99.2201
143800 99.2287
143810 99.2236
143820 99.2106
143830 99.1968
143840 99.1695
143850 99.1249
143860 99.0671
143870 99.004
143880 98.9712
143890 98.9911
143900 99.0407
143910 99.0698
143920 99.0678
143930 99.0391
143940 99.0077
143950 98.9842
143960 98.9923
143970 99.036
143980 99.0613
143990 99.0352
144000 99.0305
144010 99.0644
144020 99.0874
144030 99.0733
144040 99.0734
144050 99.1063
144060 99.1355
144070 99.1614
144080 99.1955
144090 99.2231
144100 99.2486
144110 99.3037
144120 99.3498
144130 99.3486
144140 99.3217
144150 99.3433
144160 99.3794
144170 99.3847
144180 99.3868
144190 99.4223
144200 99.4427
144210 99.4549
144220 99.4677
144230 99.4783
144240 99.4908
144250 99.4785
144260 99.485
144270 99.5312
144280 99.5392
144290 99.5013
144300 99.493
144310 99.5114
144320 99.5229
144330 99.5216
144340 99.542
144350 99.5656
144360 99.5682
144370 99.5539
144380 99.5247
144390 99.5272
144400 99.5659
144410 99.5856
144420 99.5629
144430 99.5169
144440 99.5083
144450 99.5614
144460 99.6283
144470 99.6618
144480 99.6797
144490 99.6824
144500 99.6674
144510 99.6775
144520 99.6907
144530 99.698
144540 99.7361
144550 99.7821
144560 99.8036
144570 99.7882
144580 99.7874
144590 99.7998
144600 99.7918
144610 99.8099
144620 99.8861
144630 99.9479
144640 99.9498
144650 99.9328
144660 99.9562
144670 99.9843
144680 100
144690 100.027
144700 100.065
144710 100.088
144720 100.104
144730 100.099
144740 100.104
144750 100.162
144760 100.24
144770 100.277
144780 100.306
144790 100.379
144800 100.426
144810 100.443
144820 100.475
144830 100.53
144840 100.571
144850 100.601
144860 100.631
144870 100.639
144880 100.645
144890 100.656
144900 100.699
144910 100.749
144920 100.758
144930 100.726
144940 100.71
144950 100.738
144960 100.757
144970 100.725
144980 100.697
144990 100.683
145000 100.652
145010 100.612
145020 100.593
145030 100.587
145040 100.574
145050 100.559
145060 100.549
145070 100.56
145080 100.548
145090 100.529
145100 100.537
145110 100.563
145120 100.572
145130 100.541
145140 100.514
145150 100.491
145160 100.444
145170 100.393
145180 100.385
145190 100.385
145200 100.352
145210 100.326
145220 100.328
145230 100.343
145240 100.342
145250 100.306
145260 100.262
145270 100.245
145280 100.279
145290 100.3
145300 100.283
145310 100.252
145320 100.248
145330 100.265
145340 100.3
145350 100.311
145360 100.288
145370 100.267
145380 100.271
145390 100.279
145400 100.28
145410 100.266
145420 100.254
145430 100.237
145440 100.215
145450 100.247
145460 100.314
145470 100.336
145480 100.352
145490 100.389
145500 100.402
145510 100.396
145520 100.426
145530 100.465
145540 100.464
145550 100.463
145560 100.476
145570 100.486
145580 100.485
145590 100.495
145600 100.502
145610 100.5
145620 100.496
145630 100.489
145640 100.465
145650 100.439
145660 100.422
145670 100.421
145680 100.441
145690 100.446
145700 100.4
145710 100.37
145720 100.372
145730 100.376
145740 100.378
145750 100.366
145760 100.318
145770 100.287
145780 100.336
145790 100.389
145800 100.37
145810 100.32
145820 100.312
145830 100.358
145840 100.402
145850 100.399
145860 100.387
145870 100.394
145880 100.417
145890 100.434
145900 100.471
145910 100.509
145920 100.519
145930 100.523
145940 100.586
145950 100.667
145960 100.707
145970 100.707
145980 100.704
145990 100.711
146000 100.728
146010 100.738
146020 100.729
146030 100.751
146040 100.799
146050 100.802
146060 100.78
146070 100.776
146080 100.805
146090 100.838
146100 100.842
146110 100.82
146120 100.777
146130 100.744
146140 100.742
146150 100.737
146160 100.726
146170 100.717
146180 100.716
146190 100.751
146200 100.787
146210 100.803
146220 100.812
146230 100.841
146240 100.871
146250 100.875
146260 100.868
146270 100.895
146280 100.945
146290 100.955
146300 100.947
146310 100.981
146320 101.032
146330 101.044
146340 101.043
146350 101.033
146360 101.03
146370 101.04
146380 101.069
146390 101.117
146400 101.142
146410 101.155
146420 101.164
146430 101.187
146440 101.204
146450 101.22
146460 101.231
146470 101.23
146480 101.204
146490 101.193
146500 101.207
146510 101.213
146520 101.154
146530 101.093
146540 101.096
146550 101.148
146560 101.185
146570 101.187
146580 101.188
146590 101.198
146600 101.246
146610 101.313
146620 101.351
146630 101.365
146640 101.363
146650 101.346
146660 101.327
146670 101.35
146680 101.383
146690 101.383
146700 101.371
146710 101.338
146720 101.302
146730 101.319
146740 101.372
146750 101.397
146760 101.394
146770 101.435
146780 101.482
146790 101.462
146800 101.429
146810 101.475
146820 101.515
146830 101.463
146840 101.41
146850 101.432
146860 101.505
146870 101.552
146880 101.532
146890 101.512
146900 101.562
146910 101.628
146920 101.649
146930 101.647
146940 101.68
146950 101.75
146960 101.782
146970 101.757
146980 101.728
146990 101.736
147000 101.771
147010 101.773
147020 101.752
147030 101.763
147040 101.796
147050 101.795
147060 101.77
147070 101.769
147080 101.752
147090 101.715
147100 101.693
147110 101.692
147120 101.677
147130 101.663
147140 101.669
147150 101.681
147160 101.683
147170 101.692
147180 101.713
147190 101.749
147200 101.76
147210 101.767
147220 101.81
147230 101.875
147240 101.906
147250 101.904
147260 101.899
147270 101.893
147280 101.877
147290 101.858
147300 101.874
147310 101.902
147320 101.898
147330 101.878
147340 101.868
147350 101.836
147360 101.819
147370 101.82
147380 101.842
147390 101.854
147400 101.864
147410 101.875
147420 101.906
147430 101.937
147440 101.951
147450 101.979
147460 102.029
147470 102.062
147480 102.053
147490 102.023
147500 102.016
147510 102.026
147520 102.038
147530 102.06
147540 102.07
147550 102.064
147560 102.068
147570 102.095
147580 102.121
147590 102.126
147600 102.126
147610 102.12
147620 102.118
147630 102.111
147640 102.14
147650 102.196
147660 102.227
147670 102.242
147680 102.26
147690 102.278
147700 102.291
147710 102.322
147720 102.361
147730 102.397
147740 102.431
147750 102.439
147760 102.429
147770 102.423
147780 102.459
147790 102.493
147800 102.468
147810 102.451
147820 102.469
147830 102.461
147840 102.437
147850 102.446
147860 102.475
147870 102.483
147880 102.465
147890 102.453
147900 102.449
147910 102.421
147920 102.398
147930 102.386
147940 102.358
147950 102.333
147960 102.322
147970 102.303
147980 102.277
147990 102.264
148000 102.257
148010 102.226
148020 102.186
148030 102.176
148040 102.181
148050 102.179
148060 102.155
148070 102.128
148080 102.122
148090 102.137
148100 102.158
148110 102.126
148120 102.07
148130 102.079
148140 102.134
148150 102.152
148160 102.131
148170 102.128
148180 102.161
148190 102.201
148200 102.238
148210 102.266
148220 102.261
148230 102.261
148240 102.285
148250 102.299
148260 102.265
148270 102.222
148280 102.223
148290 102.261
148300 102.282
148310 102.288
148320 102.302
148330 102.32
148340 102.333
148350 102.34
148360 102.351
148370 102.381
148380 102.422
148390 102.454
148400 102.448
148410 102.41
148420 102.417
148430 102.488
148440 102.534
148450 102.542
148460 102.574
148470 102.596
148480 102.571
148490 102.566
148500 102.621
148510 102.691
148520 102.709
148530 102.699
148540 102.695
148550 102.683
148560 102.652
148570 102.628
148580 102.625
148590 102.628
148600 102.629
148610 102.644
148620 102.68
148630 102.717
148640 102.737
148650 102.756
148660 102.756
148670 102.75
148680 102.755
148690 102.735
148700 102.725
148710 102.753
148720 102.777
148730 102.76
148740 102.741
148750 102.763
148760 102.803
148770 102.837
148780 102.873
148790 102.886
148800 102.857
148810 102.854
148820 102.871
148830 102.874
148840 102.847
148850 102.835
148860 102.843
148870 102.826
148880 102.792
148890 102.794
148900 102.847
148910 102.912
148920 102.951
148930 102.969
148940 102.965
148950 102.97
148960 103.01
148970 103.032
148980 103.047
148990 103.065
149000 103.084
149010 103.069
149020 103.06
149030 103.068
149040 103.073
149050 103.074
149060 103.07
149070 103.064
149080 103.058
149090 103.054
149100 103.072
149110 103.111
149120 103.136
149130 103.136
149140 103.146
149150 103.152
149160 103.188
149170 103.247
149180 103.277
149190 103.31
149200 103.377
149210 103.432
149220 103.455
149230 103.472
149240 103.491
149250 103.493
149260 103.479
149270 103.464
149280 103.465
149290 103.483
149300 103.499
149310 103.515
149320 103.548
149330 103.562
149340 103.511
149350 103.421
149360 103.371
149370 103.379
149380 103.404
149390 103.405
149400 103.384
149410 103.375
149420 103.376
149430 103.39
149440 103.383
149450 103.332
149460 103.297
149470 103.3
149480 103.329
149490 103.374
149500 103.395
149510 103.409
149520 103.45
149530 103.495
149540 103.498
149550 103.507
149560 103.522
149570 103.519
149580 103.532
149590 103.555
149600 103.572
149610 103.579
149620 103.604
149630 103.645
149640 103.69
149650 103.73
149660 103.741
149670 103.742
149680 103.735
149690 103.711
149700 103.702
149710 103.671
149720 103.625
149730 103.58
149740 103.545
149750 103.539
149760 103.546
149770 103.554
149780 103.587
149790 103.646
149800 103.647
149810 103.599
149820 103.592
149830 103.615
149840 103.605
149850 103.58
149860 103.602
149870 103.63
149880 103.64
149890 103.653
149900 103.648
149910 103.622
149920 103.626
149930 103.663
149940 103.669
149950 103.616
149960 103.586
149970 103.594
149980 103.62
149990 103.656
150000 103.664
150010 103.621
150020 103.553
150030 103.523
150040 103.533
150050 103.53
150060 103.516
150070 103.507
150080 103.491
150090 103.455
150100 103.446
150110 103.472
150120 103.482
150130 103.488
150140 103.495
150150 103.481
150160 103.469
150170 103.491
150180 103.53
150190 103.538
150200 103.535
150210 103.545
150220 103.547
150230 103.537
150240 103.529
150250 103.537
150260 103.516
150270 103.483
150280 103.49
150290 103.53
150300 103.56
150310 103.585
150320 103.617
150330 103.616
150340 103.587
150350 103.571
150360 103.567
150370 103.557
150380 103.555
150390 103.562
150400 103.604
150410 103.682
150420 103.757
150430 103.793
150440 103.797
150450 103.824
150460 103.898
150470 103.954
150480 103.982
150490 104.019
150500 104.042
150510 104.033
150520 104.067
150530 104.129
150540 104.123
150550 104.061
150560 104.015
150570 103.991
150580 103.979
150590 103.963
150600 103.952
150610 103.964
150620 104
150630 104.055
150640 104.143
150650 104.166
150660 104.139
150670 104.148
150680 104.18
150690 104.196
150700 104.209
150710 104.257
150720 104.306
150730 104.313
150740 104.283
150750 104.282
150760 104.304
150770 104.282
150780 104.251
150790 104.254
150800 104.269
150810 104.294
150820 104.314
150830 104.316
150840 104.318
150850 104.328
150860 104.317
150870 104.271
150880 104.218
150890 104.183
150900 104.153
150910 104.132
150920 104.131
150930 104.144
150940 104.158
150950 104.178
150960 104.194
150970 104.2
150980 104.21
150990 104.239
151000 104.274
151010 104.279
151020 104.245
151030 104.243
151040 104.287
151050 104.308
151060 104.29
151070 104.278
151080 104.294
151090 104.295
151100 104.273
151110 104.234
151120 104.212
151130 104.236
151140 104.26
151150 104.267
151160 104.294
151170 104.331
151180 104.345
151190 104.342
151200 104.335
151210 104.316
151220 104.291
151230 104.265
151240 104.234
151250 104.2
151260 104.195
151270 104.205
151280 104.172
151290 104.111
151300 104.085
151310 104.104
151320 104.12
151330 104.088
151340 104.061
151350 104.095
151360 104.12
151370 104.101
151380 104.073
151390 104.046
151400 104.028
151410 104.009
151420 104.021
151430 104.037
151440 104.063
151450 104.109
151460 104.16
151470 104.171
151480 104.174
151490 104.197
151500 104.223
151510 104.234
151520 104.233
151530 104.238
151540 104.245
151550 104.273
151560 104.313
151570 104.311
151580 104.251
151590 104.218
151600 104.245
151610 104.273
151620 104.255
151630 104.218
151640 104.208
151650 104.246
151660 104.281
151670 104.299
151680 104.312
151690 104.317
151700 104.32
151710 104.312
151720 104.312
151730 104.34
151740 104.346
151750 104.347
151760 104.358
151770 104.371
151780 104.379
151790 104.356
151800 104.316
151810 104.304
151820 104.323
151830 104.312
151840 104.266
151850 104.269
151860 104.289
151870 104.296
151880 104.286
151890 104.29
151900 104.311
151910 104.334
151920 104.353
151930 104.367
151940 104.372
151950 104.391
151960 104.395
151970 104.382
151980 104.415
151990 104.483
152000 104.513
152010 104.518
152020 104.553
152030 104.578
152040 104.569
152050 104.562
152060 104.582
152070 104.572
152080 104.509
152090 104.452
152100 104.427
152110 104.392
152120 104.375
152130 104.431
152140 104.486
152150 104.461
152160 104.428
152170 104.443
152180 104.479
152190 104.504
152200 104.516
152210 104.522
152220 104.53
152230 104.517
152240 104.478
152250 104.436
152260 104.417
152270 104.428
152280 104.445
152290 104.458
152300 104.475
152310 104.507
152320 104.542
152330 104.546
152340 104.545
152350 104.566
152360 104.57
152370 104.546
152380 104.538
152390 104.556
152400 104.567
152410 104.576
152420 104.589
152430 104.594
152440 104.58
152450 104.576
152460 104.583
152470 104.608
152480 104.613
152490 104.585
152500 104.574
152510 104.602
152520 104.642
152530 104.672
152540 104.682
152550 104.687
152560 104.685
152570 104.667
152580 104.673
152590 104.705
152600 104.752
152610 104.783
152620 104.818
152630 104.876
152640 104.929
152650 104.983
152660 105.018
152670 105.038
152680 105.05
152690 105.038
152700 105.03
152710 105.042
152720 105.065
152730 105.079
152740 105.083
152750 105.074
152760 105.075
152770 105.064
152780 105.039
152790 105.057
152800 105.131
152810 105.182
152820 105.147
152830 105.09
152840 105.058
152850 105.066
152860 105.073
152870 105.046
152880 105.029
152890 105.028
152900 105.028
152910 105.036
152920 105.068
152930 105.102
152940 105.112
152950 105.088
152960 105.059
152970 105.052
152980 105.078
152990 105.1
153000 105.087
153010 105.066
153020 105.062
153030 105.052
153040 105.062
153050 105.096
153060 105.123
153070 105.139
153080 105.177
153090 105.21
153100 105.207
153110 105.193
153120 105.193
153130 105.194
153140 105.217
153150 105.252
153160 105.284
153170 105.309
153180 105.334
153190 105.377
153200 105.423
153210 105.48
153220 105.536
153230 105.531
153240 105.485
153250 105.481
153260 105.546
153270 105.605
153280 105.596
153290 105.601
153300 105.645
153310 105.677
153320 105.701
153330 105.732
153340 105.752
153350 105.802
153360 105.87
153370 105.9
153380 105.899
153390 105.924
153400 105.989
153410 106.05
153420 106.062
153430 106.043
153440 106.068
153450 106.148
153460 106.229
153470 106.265
153480 106.263
153490 106.256
153500 106.276
153510 106.322
153520 106.349
153530 106.326
153540 106.302
153550 106.316
153560 106.335
153570 106.348
153580 106.355
153590 106.347
153600 106.315
153610 106.292
153620 106.289
153630 106.283
153640 106.294
153650 106.331
153660 106.341
153670 106.323
153680 106.326
153690 106.346
153700 106.349
153710 106.357
153720 106.397
153730 106.419
153740 106.387
153750 106.392
153760 106.464
153770 106.482
153780 106.453
153790 106.444
153800 106.463
153810 106.499
153820 106.561
153830 106.622
153840 106.68
153850 106.723
153860 106.76
153870 106.826
153880 106.925
153890 106.991
153900 106.997
153910 107
153920 107.022
153930 107.033
153940 107.026
153950 107.011
153960 106.993
153970 107.005
153980 107.046
153990 107.08
154000 107.093
154010 107.115
154020 107.144
154030 107.15
154040 107.116
154050 107.121
154060 107.163
154070 107.17
154080 107.155
154090 107.154
154100 107.185
154110 107.217
154120 107.226
154130 107.224
154140 107.224
154150 107.198
154160 107.191
154170 107.182
154180 107.163
154190 107.179
154200 107.192
154210 107.189
154220 107.195
154230 107.21
154240 107.236
154250 107.242
154260 107.218
154270 107.174
154280 107.141
154290 107.138
154300 107.142
154310 107.179
154320 107.225
154330 107.25
154340 107.22
154350 107.177
154360 107.164
154370 107.207
154380 107.236
154390 107.213
154400 107.169
154410 107.15
154420 107.169
154430 107.199
154440 107.186
154450 107.154
154460 107.171
154470 107.192
154480 107.177
154490 107.144
154500 107.13
154510 107.118
154520 107.095
154530 107.072
154540 107.081
154550 107.106
154560 107.137
154570 107.15
154580 107.138
154590 107.129
154600 107.123
154610 107.11
154620 107.087
154630 107.075
154640 107.09
154650 107.13
154660 107.17
154670 107.157
154680 107.156
154690 107.217
154700 107.263
154710 107.222
154720 107.192
154730 107.194
154740 107.19
154750 107.19
154760 107.199
154770 107.168
154780 107.137
154790 107.133
154800 107.147
154810 107.179
154820 107.212
154830 107.265
154840 107.309
154850 107.324
154860 107.339
154870 107.358
154880 107.398
154890 107.443
154900 107.448
154910 107.429
154920 107.42
154930 107.446
154940 107.446
154950 107.408
154960 107.391
154970 107.374
154980 107.339
154990 107.326
155000 107.325
155010 107.307
155020 107.288
155030 107.286
155040 107.284
155050 107.297
155060 107.311
155070 107.306
155080 107.323
155090 107.362
155100 107.362
155110 107.326
155120 107.335
155130 107.387
155140 107.402
155150 107.36
155160 107.37
155170 107.449
155180 107.507
155190 107.493
155200 107.482
155210 107.542
155220 107.585
155230 107.577
155240 107.592
155250 107.642
155260 107.685
155270 107.715
155280 107.756
155290 107.784
155300 107.779
155310 107.793
155320 107.826
155330 107.852
155340 107.857
155350 107.837
155360 107.799
155370 107.779
155380 107.765
155390 107.748
155400 107.736
155410 107.728
155420 107.719
155430 107.721
155440 107.721
155450 107.703
155460 107.676
155470 107.66
155480 107.659
155490 107.69
155500 107.734
155510 107.753
155520 107.772
155530 107.789
155540 107.795
155550 107.811
155560 107.849
155570 107.877
155580 107.86
155590 107.81
155600 107.749
155610 107.716
155620 107.724
155630 107.732
155640 107.754
155650 107.771
155660 107.78
155670 107.793
155680 107.847
155690 107.898
155700 107.904
155710 107.855
155720 107.812
155730 107.846
155740 107.899
155750 107.87
155760 107.799
155770 107.786
155780 107.799
155790 107.816
155800 107.85
155810 107.88
155820 107.892
155830 107.9
155840 107.924
155850 107.958
155860 107.988
155870 108.024
155880 108.047
155890 108.067
155900 108.095
155910 108.114
155920 108.142
155930 108.184
155940 108.209
155950 108.212
155960 108.187
155970 108.144
155980 108.103
155990 108.093
156000 108.095
156010 108.057
156020 108.015
156030 108.011
156040 108.016
156050 108.008
156060 108.008
156070 108.031
156080 108.083
156090 108.126
156100 108.171
156110 108.234
156120 108.276
156130 108.292
156140 108.296
156150 108.293
156160 108.3
156170 108.324
156180 108.36
156190 108.39
156200 108.433
156210 108.498
156220 108.555
156230 108.571
156240 108.575
156250 108.575
156260 108.592
156270 108.647
156280 108.68
156290 108.665
156300 108.635
156310 108.621
156320 108.598
156330 108.587
156340 108.609
156350 108.613
156360 108.577
156370 108.562
156380 108.588
156390 108.6
156400 108.593
156410 108.612
156420 108.665
156430 108.686
156440 108.662
156450 108.657
156460 108.689
156470 108.701
156480 108.676
156490 108.654
156500 108.669
156510 108.68
156520 108.666
156530 108.657
156540 108.653
156550 108.665
156560 108.713
156570 108.754
156580 108.755
156590 108.74
156600 108.755
156610 108.756
156620 108.744
156630 108.766
156640 108.798
156650 108.821
156660 108.83
156670 108.84
156680 108.858
156690 108.864
156700 108.865
156710 108.875
156720 108.862
156730 108.853
156740 108.867
156750 108.88
156760 108.884
156770 108.889
156780 108.868
156790 108.845
156800 108.831
156810 108.816
156820 108.782
156830 108.754
156840 108.76
156850 108.768
156860 108.778
156870 108.788
156880 108.806
156890 108.828
156900 108.819
156910 108.81
156920 108.836
156930 108.864
156940 108.838
156950 108.818
156960 108.829
156970 108.82
156980 108.788
156990 108.783
157000 108.807
157010 108.833
157020 108.866
157030 108.899
157040 108.923
157050 108.923
157060 108.892
157070 108.848
157080 108.87
157090 108.913
157100 108.92
157110 108.918
157120 108.948
157130 108.998
157140 109.067
157150 109.136
157160 109.162
157170 109.155
157180 109.154
157190 109.136
157200 109.119
157210 109.131
157220 109.143
157230 109.143
157240 109.151
157250 109.171
157260 109.157
157270 109.12
157280 109.108
157290 109.148
157300 109.173
157310 109.158
157320 109.164
157330 109.178
157340 109.152
157350 109.139
157360 109.166
157370 109.206
157380 109.199
157390 109.18
157400 109.215
157410 109.265
157420 109.286
157430 109.304
157440 109.324
157450 109.323
157460 109.294
157470 109.324
157480 109.382
157490 109.427
157500 109.47
157510 109.507
157520 109.505
157530 109.487
157540 109.498
157550 109.525
157560 109.547
157570 109.549
157580 109.551
157590 109.559
157600 109.56
157610 109.579
157620 109.602
157630 109.611
157640 109.64
157650 109.689
157660 109.719
157670 109.727
157680 109.735
157690 109.747
157700 109.741
157710 109.753
157720 109.803
157730 109.848
157740 109.828
157750 109.778
157760 109.756
157770 109.757
157780 109.772
157790 109.764
157800 109.754
157810 109.782
157820 109.845
157830 109.876
157840 109.867
157850 109.874
157860 109.937
157870 109.988
157880 109.97
157890 109.914
157900 109.893
157910 109.912
157920 109.965
157930 110.006
157940 110.005
157950 110.019
157960 110.095
157970 110.132
157980 110.076
157990 110.074
158000 110.178
158010 110.271
158020 110.27
158030 110.254
158040 110.272
158050 110.293
158060 110.299
158070 110.3
158080 110.309
158090 110.318
158100 110.353
158110 110.37
158120 110.352
158130 110.344
158140 110.35
158150 110.335
158160 110.295
158170 110.221
158180 110.151
158190 110.131
158200 110.125
158210 110.085
158220 110.034
158230 110.026
158240 110.069
158250 110.119
158260 110.122
158270 110.131
158280 110.179
158290 110.206
158300 110.196
158310 110.196
158320 110.199
158330 110.219
158340 110.242
158350 110.251
158360 110.257
158370 110.287
158380 110.317
158390 110.325
158400 110.333
158410 110.335
158420 110.337
158430 110.335
158440 110.319
158450 110.29
158460 110.28
158470 110.303
158480 110.307
158490 110.271
158500 110.232
158510 110.218
158520 110.23
158530 110.271
158540 110.323
158550 110.323
158560 110.284
158570 110.31
158580 110.364
158590 110.362
158600 110.327
158610 110.317
158620 110.309
158630 110.297
158640 110.275
158650 110.266
158660 110.286
158670 110.285
158680 110.258
158690 110.247
158700 110.249
158710 110.229
158720 110.204
158730 110.213
158740 110.236
158750 110.235
158760 110.2
158770 110.167
158780 110.154
158790 110.177
158800 110.231
158810 110.286
158820 110.297
158830 110.27
158840 110.235
158850 110.209
158860 110.186
158870 110.164
158880 110.161
158890 110.179
158900 110.195
158910 110.174
158920 110.173
158930 110.235
158940 110.32
158950 110.364
158960 110.382
158970 110.403
158980 110.385
158990 110.359
159000 110.394
159010 110.46
159020 110.474
159030 110.467
159040 110.488
159050 110.504
159060 110.501
159070 110.51
159080 110.517
159090 110.506
159100 110.482
159110 110.457
159120 110.442
159130 110.419
159140 110.41
159150 110.397
159160 110.376
159170 110.366
159180 110.347
159190 110.336
159200 110.368
159210 110.376
159220 110.366
159230 110.376
159240 110.435
159250 110.491
159260 110.535
159270 110.578
159280 110.646
159290 110.706
159300 110.74
159310 110.774
159320 110.8
159330 110.813
159340 110.839
159350 110.897
159360 110.95
159370 110.956
159380 110.954
159390 110.987
159400 111.019
159410 111.017
159420 111.011
159430 111.019
159440 111.012
159450 110.971
159460 110.951
159470 110.963
159480 110.959
159490 110.922
159500 110.89
159510 110.922
159520 110.969
159530 110.944
159540 110.915
159550 110.933
159560 110.941
159570 110.872
159580 110.807
159590 110.781
159600 110.77
159610 110.755
159620 110.715
159630 110.699
159640 110.698
159650 110.679
159660 110.674
159670 110.664
159680 110.649
159690 110.633
159700 110.625
159710 110.605
159720 110.599
159730 110.645
159740 110.679
159750 110.652
159760 110.596
159770 110.59
159780 110.613
159790 110.639
159800 110.643
159810 110.611
159820 110.587
159830 110.596
159840 110.626
159850 110.664
159860 110.663
159870 110.653
159880 110.662
159890 110.688
159900 110.704
159910 110.721
159920 110.75
159930 110.791
159940 110.838
159950 110.869
159960 110.874
159970 110.863
159980 110.875
159990 110.877
160000 110.884
160010 110.904
160020 110.905
160030 110.918
160040 110.951
160050 110.982
160060 110.983
160070 110.983
160080 111.03
160090 111.07
160100 111.081
160110 111.079
160120 111.078
160130 111.089
160140 111.1
160150 111.107
160160 111.149
160170 111.219
160180 111.282
160190 111.282
160200 111.264
160210 111.299
160220 111.37
160230 111.393
160240 111.379
160250 111.391
160260 111.428
160270 111.462
160280 111.484
160290 111.522
160300 111.556
160310 111.564
160320 111.588
160330 111.64
160340 111.677
160350 111.708
160360 111.739
160370 111.779
160380 111.775
160390 111.741
160400 111.708
160410 111.688
160420 111.672
160430 111.67
160440 111.667
160450 111.667
160460 111.678
160470 111.676
160480 111.652
160490 111.62
160500 111.615
160510 111.628
160520 111.603
160530 111.544
160540 111.505
160550 111.512
160560 111.51
160570 111.467
160580 111.395
160590 111.37
160600 111.378
160610 111.361
160620 111.335
160630 111.336
160640 111.336
160650 111.311
160660 111.319
160670 111.351
160680 111.369
160690 111.364
160700 111.336
160710 111.303
160720 111.293
160730 111.274
160740 111.237
160750 111.183
160760 111.154
160770 111.121
160780 111.048
160790 110.985
160800 110.984
160810 111.035
160820 111.068
160830 111.086
160840 111.133
160850 111.174
160860 111.208
160870 111.237
160880 111.225
160890 111.212
160900 111.272
160910 111.331
160920 111.345
160930 111.349
160940 111.356
160950 111.348
160960 111.355
160970 111.361
160980 111.358
160990 111.389
161000 111.447
161010 111.481
161020 111.488
161030 111.502
161040 111.527
161050 111.537
161060 111.538
161070 111.57
161080 111.611
161090 111.625
161100 111.596
161110 111.567
161120 111.548
161130 111.528
161140 111.514
161150 111.527
161160 111.546
161170 111.544
161180 111.557
161190 111.574
161200 111.568
161210 111.547
161220 111.53
161230 111.506
161240 111.483
161250 111.489
161260 111.521
161270 111.566
161280 111.6
161290 111.626
161300 111.648
161310 111.669
161320 111.715
161330 111.761
161340 111.777
161350 111.761
161360 111.774
161370 111.779
161380 111.751
161390 111.736
161400 111.722
161410 111.678
161420 111.674
161430 111.742
161440 111.804
161450 111.79
161460 111.772
161470 111.791
161480 111.824
161490 111.852
161500 111.877
161510 111.908
161520 111.917
161530 111.89
161540 111.87
161550 111.892
161560 111.911
161570 111.927
161580 111.957
161590 111.998
161600 112.017
161610 112.005
161620 111.991
161630 111.991
161640 112.003
161650 112.012
161660 112.001
161670 112.003
161680 112.015
161690 112.04
161700 112.071
161710 112.066
161720 112.017
161730 112.013
161740 112.041
161750 112.02
161760 111.977
161770 111.952
161780 111.943
161790 111.915
161800 111.901
161810 111.937
161820 111.976
161830 112.014
161840 112.049
161850 112.06
161860 112.08
161870 112.142
161880 112.212
161890 112.259
161900 112.281
161910 112.292
161920 112.33
161930 112.369
161940 112.389
161950 112.392
161960 112.411
161970 112.426
161980 112.434
161990 112.427
162000 112.425
162010 112.448
162020 112.485
162030 112.477
162040 112.434
162050 112.393
162060 112.381
162070 112.403
162080 112.423
162090 112.443
162100 112.449
162110 112.418
162120 112.385
162130 112.402
162140 112.421
162150 112.395
162160 112.338
162170 112.292
162180 112.252
162190 112.241
162200 112.229
162210 112.208
162220 112.177
162230 112.178
162240 112.193
162250 112.172
162260 112.13
162270 112.145
162280 112.152
162290 112.121
162300 112.118
162310 112.163
162320 112.191
162330 112.191
162340 112.206
162350 112.23
162360 112.23
162370 112.238
162380 112.263
162390 112.287
162400 112.223
162410 112.147
162420 112.14
162430 112.183
162440 112.206
162450 112.223
162460 112.249
162470 112.268
162480 112.278
162490 112.305
162500 112.344
162510 112.368
162520 112.375
162530 112.331
162540 112.298
162550 112.323
162560 112.353
162570 112.342
162580 112.346
162590 112.378
162600 112.428
162610 112.469
162620 112.479
162630 112.499
162640 112.532
162650 112.555
162660 112.564
162670 112.603
162680 112.679
162690 112.741
162700 112.763
162710 112.764
162720 112.77
162730 112.783
162740 112.806
162750 112.846
162760 112.873
162770 112.875
162780 112.87
162790 112.897
162800 112.936
162810 112.947
162820 112.938
162830 112.927
162840 112.916
162850 112.935
162860 112.976
162870 112.952
162880 112.872
162890 112.844
162900 112.861
162910 112.888
162920 112.911
162930 112.957
162940 113.01
162950 113.049
162960 113.108
162970 113.159
162980 113.203
162990 113.256
163000 113.31
163010 113.367
163020 113.431
163030 113.501
163040 113.574
163050 113.606
163060 113.638
163070 113.695
163080 113.738
163090 113.744
163100 113.748
163110 113.803
163120 113.863
163130 113.869
163140 113.873
163150 113.901
163160 113.947
163170 113.995
163180 113.985
163190 113.949
163200 113.922
163210 113.872
163220 113.807
163230 113.77
163240 113.784
163250 113.759
163260 113.67
163270 113.576
163280 113.52
163290 113.496
163300 113.501
163310 113.519
163320 113.542
163330 113.562
163340 113.583
163350 113.621
163360 113.677
163370 113.705
163380 113.715
163390 113.734
163400 113.737
163410 113.749
163420 113.777
163430 113.834
163440 113.895
163450 113.903
163460 113.908
163470 113.972
163480 114.03
163490 114.034
163500 114.032
163510 114.084
163520 114.15
163530 114.199
163540 114.228
163550 114.236
163560 114.244
163570 114.265
163580 114.301
163590 114.353
163600 114.375
163610 114.352
163620 114.337
163630 114.346
163640 114.365
163650 114.361
163660 114.357
163670 114.382
163680 114.417
163690 114.424
163700 114.43
163710 114.471
163720 114.515
163730 114.517
163740 114.49
163750 114.456
163760 114.436
163770 114.411
163780 114.362
163790 114.307
163800 114.276
163810 114.296
163820 114.342
163830 114.351
163840 114.292
163850 114.234
163860 114.198
163870 114.177
163880 114.147
163890 114.143
163900 114.121
163910 114.056
163920 114.009
163930 113.985
163940 113.961
163950 113.918
163960 113.912
163970 113.941
163980 113.936
163990 113.916
164000 113.938
164010 113.99
164020 114.003
164030 113.979
164040 113.972
164050 114.027
164060 114.101
164070 114.121
164080 114.118
164090 114.117
164100 114.128
164110 114.124
164120 114.127
164130 114.156
164140 114.189
164150 114.216
164160 114.243
164170 114.264
164180 114.239
164190 114.235
164200 114.297
164210 114.373
164220 114.4
164230 114.397
164240 114.375
164250 114.365
164260 114.391
164270 114.456
164280 114.484
164290 114.44
164300 114.408
164310 114.433
164320 114.458
164330 114.473
164340 114.534
164350 114.611
164360 114.621
164370 114.6
164380 114.62
164390 114.638
164400 114.578
164410 114.489
164420 114.468
164430 114.473
164440 114.455
164450 114.433
164460 114.449
164470 114.496
164480 114.539
164490 114.57
164500 114.618
164510 114.676
164520 114.667
164530 114.613
164540 114.578
164550 114.549
164560 114.516
164570 114.529
164580 114.575
164590 114.585
164600 114.564
164610 114.569
164620 114.588
164630 114.573
164640 114.533
164650 114.527
164660 114.537
164670 114.521
164680 114.528
164690 114.551
164700 114.534
164710 114.509
164720 114.526
164730 114.578
164740 114.602
164750 114.594
164760 114.569
164770 114.566
164780 114.591
164790 114.616
164800 114.631
164810 114.62
164820 114.651
164830 114.728
164840 114.796
164850 114.822
164860 114.814
164870 114.811
164880 114.837
164890 114.877
164900 114.908
164910 114.913
164920 114.921
164930 114.939
164940 114.944
164950 114.945
164960 114.962
164970 114.988
164980 114.997
164990 115.011
165000 115.031
165010 115.065
165020 115.075
165030 115.055
165040 115.063
165050 115.131
165060 115.167
165070 115.142
165080 115.12
165090 115.135
165100 115.117
165110 115.073
165120 115.051
165130 115.042
165140 115.011
165150 114.973
165160 115.006
165170 115.049
165180 115.055
165190 115.047
165200 115.073
165210 115.102
165220 115.111
165230 115.105
165240 115.113
165250 115.147
165260 115.157
165270 115.118
165280 115.081
165290 115.078
165300 115.061
165310 115.013
165320 115.005
165330 115.058
165340 115.112
165350 115.119
165360 115.116
165370 115.111
165380 115.099
165390 115.085
165400 115.064
165410 115.041
165420 115.034
165430 115.092
165440 115.171
165450 115.226
165460 115.284
165470 115.348
165480 115.369
165490 115.363
165500 115.418
165510 115.485
165520 115.494
165530 115.464
165540 115.468
165550 115.49
165560 115.495
165570 115.503
165580 115.504
165590 115.5
165600 115.471
165610 115.462
165620 115.484
165630 115.506
165640 115.512
165650 115.503
165660 115.486
165670 115.487
165680 115.503
165690 115.477
165700 115.417
165710 115.404
165720 115.427
165730 115.412
165740 115.378
165750 115.37
165760 115.372
165770 115.36
165780 115.336
165790 115.324
165800 115.324
165810 115.312
165820 115.261
165830 115.215
165840 115.24
165850 115.284
165860 115.264
165870 115.199
165880 115.169
165890 115.169
165900 115.174
165910 115.165
165920 115.13
165930 115.096
165940 115.1
165950 115.115
165960 115.11
165970 115.101
165980 115.133
165990 115.179
166000 115.187
166010 115.187
166020 115.191
166030 115.207
166040 115.25
166050 115.32
166060 115.343
166070 115.345
166080 115.364
166090 115.355
166100 115.329
166110 115.324
166120 115.317
166130 115.302
166140 115.288
166150 115.282
166160 115.272
166170 115.256
166180 115.249
166190 115.243
166200 115.231
166210 115.23
166220 115.22
166230 115.192
166240 115.202
166250 115.272
166260 115.325
166270 115.315
166280 115.291
166290 115.288
166300 115.303
166310 115.334
166320 115.361
166330 115.375
166340 115.382
166350 115.391
166360 115.412
166370 115.405
166380 115.381
166390 115.379
166400 115.407
166410 115.411
166420 115.372
166430 115.357
166440 115.392
166450 115.417
166460 115.404
166470 115.42
166480 115.482
166490 115.504
166500 115.474
166510 115.483
166520 115.531
166530 115.552
166540 115.558
166550 115.575
166560 115.6
166570 115.601
166580 115.594
166590 115.585
166600 115.554
166610 115.527
166620 115.504
166630 115.515
166640 115.541
166650 115.584
166660 115.622
166670 115.665
166680 115.703
166690 115.711
166700 115.68
166710 115.657
166720 115.639
166730 115.608
166740 115.587
166750 115.59
166760 115.602
166770 115.623
166780 115.621
166790 115.625
166800 115.682
166810 115.759
166820 115.796
166830 115.817
166840 115.864
166850 115.913
166860 115.93
166870 115.938
166880 115.941
166890 115.957
166900 115.978
166910 115.991
166920 116.011
166930 116.019
166940 116.008
166950 116.006
166960 116.022
166970 116.053
166980 116.066
166990 116.058
167000 116.041
167010 116.035
167020 116.053
167030 116.098
167040 116.119
167050 116.128
167060 116.174
167070 116.24
167080 116.233
167090 116.167
167100 116.167
167110 116.242
167120 116.292
167130 116.277
167140 116.241
167150 116.232
167160 116.274
167170 116.317
167180 116.302
167190 116.246
167200 116.237
167210 116.282
167220 116.345
167230 116.377
167240 116.383
167250 116.396
167260 116.425
167270 116.464
167280 116.498
167290 116.511
167300 116.499
167310 116.482
167320 116.473
167330 116.443
167340 116.421
167350 116.425
167360 116.383
167370 116.366
167380 116.398
167390 116.417
167400 116.406
167410 116.424
167420 116.493
167430 116.537
167440 116.502
167450 116.467
167460 116.445
167470 116.422
167480 116.4
167490 116.416
167500 116.464
167510 116.473
167520 116.417
167530 116.343
167540 116.335
167550 116.374
167560 116.375
167570 116.322
167580 116.291
167590 116.302
167600 116.298
167610 116.273
167620 116.255
167630 116.233
167640 116.214
167650 116.208
167660 116.229
167670 116.254
167680 116.249
167690 116.212
167700 116.191
167710 116.219
167720 116.268
167730 116.313
167740 116.333
167750 116.337
167760 116.354
167770 116.375
167780 116.354
167790 116.306
167800 116.324
167810 116.4
167820 116.444
167830 116.44
167840 116.443
167850 116.456
167860 116.418
167870 116.394
167880 116.403
167890 116.409
167900 116.371
167910 116.34
167920 116.348
167930 116.373
167940 116.36
167950 116.334
167960 116.392
167970 116.486
167980 116.526
167990 116.507
168000 116.521
168010 116.573
168020 116.592
168030 116.571
168040 116.524
168050 116.524
168060 116.563
168070 116.585
168080 116.612
168090 116.652
168100 116.695
168110 116.73
168120 116.747
168130 116.76
168140 116.772
168150 116.752
168160 116.737
168170 116.741
168180 116.715
168190 116.676
168200 116.706
168210 116.756
168220 116.779
168230 116.769
168240 116.764
168250 116.757
168260 116.734
168270 116.752
168280 116.817
168290 116.869
168300 116.89
168310 116.924
168320 116.989
168330 117.031
168340 117.016
168350 116.972
168360 116.952
168370 116.967
168380 116.985
168390 117.006
168400 117.047
168410 117.031
168420 116.973
168430 116.955
168440 116.98
168450 117.003
168460 117.01
168470 117.001
168480 116.963
168490 116.932
168500 116.915
168510 116.93
168520 116.958
168530 116.953
168540 116.908
168550 116.884
168560 116.909
168570 116.969
168580 117.006
168590 117.015
168600 117.043
168610 117.093
168620 117.15
168630 117.195
168640 117.221
168650 117.251
168660 117.255
168670 117.232
168680 117.237
168690 117.255
168700 117.251
168710 117.232
168720 117.239
168730 117.23
168740 117.195
168750 117.162
168760 117.185
168770 117.233
168780 117.26
168790 117.26
168800 117.271
168810 117.3
168820 117.33
168830 117.359
168840 117.373
168850 117.369
168860 117.354
168870 117.373
168880 117.406
168890 117.428
168900 117.422
168910 117.433
168920 117.483
168930 117.532
168940 117.517
168950 117.491
168960 117.489
168970 117.525
168980 117.608
168990 117.69
169000 117.705
169010 117.684
169020 117.664
169030 117.644
169040 117.631
169050 117.633
169060 117.664
169070 117.691
169080 117.694
169090 117.719
169100 117.726
169110 117.691
169120 117.671
169130 117.698
169140 117.699
169150 117.642
169160 117.611
169170 117.618
169180 117.631
169190 117.625
169200 117.634
169210 117.643
169220 117.649
169230 117.679
169240 117.72
169250 117.755
169260 117.794
169270 117.836
169280 117.867
169290 117.902
169300 117.947
169310 117.991
169320 118.015
169330 118.031
169340 118.067
169350 118.101
169360 118.139
169370 118.192
169380 118.223
169390 118.252
169400 118.305
169410 118.367
169420 118.398
169430 118.4
169440 118.41
169450 118.447
169460 118.483
169470 118.488
169480 118.488
169490 118.508
169500 118.536
169510 118.541
169520 118.496
169530 118.494
169540 118.571
169550 118.648
169560 118.654
169570 118.613
169580 118.559
169590 118.505
169600 118.5
169610 118.553
169620 118.568
169630 118.532
169640 118.517
169650 118.541
169660 118.569
169670 118.584
169680 118.589
169690 118.553
169700 118.5
169710 118.495
169720 118.501
169730 118.471
169740 118.471
169750 118.518
169760 118.541
169770 118.559
169780 118.605
169790 118.618
169800 118.591
169810 118.569
169820 118.585
169830 118.617
169840 118.633
169850 118.644
169860 118.672
169870 118.688
169880 118.685
169890 118.691
169900 118.7
169910 118.69
169920 118.723
169930 118.787
169940 118.815
169950 118.816
169960 118.852
169970 118.895
169980 118.962
169990 119.027
170000 119.065
170010 119.077
170020 119.092
170030 119.121
170040 119.16
170050 119.202
170060 119.228
170070 119.227
170080 119.22
170090 119.242
170100 119.276
170110 119.266
170120 119.224
170130 119.214
170140 119.236
170150 119.232
170160 119.191
170170 119.119
170180 119.089
170190 119.111
170200 119.149
170210 119.155
170220 119.114
170230 119.116
170240 119.153
170250 119.16
170260 119.136
170270 119.115
170280 119.13
170290 119.152
170300 119.149
170310 119.148
170320 119.186
170330 119.212
170340 119.187
170350 119.141
170360 119.106
170370 119.115
170380 119.161
170390 119.171
170400 119.15
170410 119.152
170420 119.206
170430 119.293
170440 119.37
170450 119.444
170460 119.496
170470 119.496
170480 119.495
170490 119.508
170500 119.501
170510 119.487
170520 119.491
170530 119.508
170540 119.499
170550 119.463
170560 119.444
170570 119.425
170580 119.413
170590 119.414
170600 119.446
170610 119.498
170620 119.554
170630 119.593
170640 119.628
170650 119.657
170660 119.684
170670 119.712
170680 119.728
170690 119.706
170700 119.679
170710 119.706
170720 119.762
170730 119.782
170740 119.767
170750 119.77
170760 119.794
170770 119.833
170780 119.858
170790 119.893
170800 119.924
170810 119.913
170820 119.858
170830 119.817
170840 119.836
170850 119.828
170860 119.761
170870 119.698
170880 119.685
170890 119.685
170900 119.656
170910 119.629
170920 119.624
170930 119.631
170940 119.651
170950 119.649
170960 119.606
170970 119.537
170980 119.528
170990 119.563
171000 119.569
171010 119.555
171020 119.541
171030 119.518
171040 119.486
171050 119.487
171060 119.506
171070 119.498
171080 119.476
171090 119.463
171100 119.469
171110 119.468
171120 119.474
171130 119.474
171140 119.457
171150 119.422
171160 119.414
171170 119.449
171180 119.501
171190 119.518
171200 119.513
171210 119.509
171220 119.504
171230 119.51
171240 119.54
171250 119.569
171260 119.573
171270 119.575
171280 119.595
171290 119.621
171300 119.633
171310 119.635
171320 119.646
171330 119.675
171340 119.701
171350 119.718
171360 119.751
171370 119.787
171380 119.786
171390 119.757
171400 119.752
171410 119.768
171420 119.753
171430 119.718
171440 119.69
171450 119.684
171460 119.699
171470 119.702
171480 119.684
171490 119.654
171500 119.622
171510 119.62
171520 119.625
171530 119.612
171540 119.562
171550 119.519
171560 119.513
171570 119.518
171580 119.486
171590 119.473
171600 119.486
171610 119.499
171620 119.519
171630 119.557
171640 119.623
171650 119.674
171660 119.672
171670 119.637
171680 119.649
171690 119.67
171700 119.656
171710 119.617
171720 119.604
171730 119.628
171740 119.646
171750 119.631
171760 119.637
171770 119.654
171780 119.637
171790 119.597
171800 119.613
171810 119.619
171820 119.598
171830 119.642
171840 119.693
171850 119.683
171860 119.684
171870 119.736
171880 119.757
171890 119.717
171900 119.681
171910 119.687
171920 119.712
171930 119.706
171940 119.713
171950 119.729
171960 119.746
171970 119.72
171980 119.644
171990 119.611
172000 119.637
172010 119.664
172020 119.639
172030 119.59
172040 119.583
172050 119.598
172060 119.615
172070 119.632
172080 119.629
172090 119.614
172100 119.596
172110 119.587
172120 119.574
172130 119.541
172140 119.544
172150 119.576
172160 119.579
172170 119.572
172180 119.612
172190 119.669
172200 119.697
172210 119.727
172220 119.767
172230 119.817
172240 119.851
172250 119.884
172260 119.923
172270 119.959
172280 119.999
172290 120.03
172300 120.037
172310 120.018
172320 119.997
172330 119.992
172340 119.987
172350 119.989
172360 119.994
172370 119.956
172380 119.887
172390 119.867
172400 119.923
172410 119.999
172420 120.074
172430 120.141
172440 120.164
172450 120.163
172460 120.199
172470 120.24
172480 120.221
172490 120.2
172500 120.236
172510 120.266
172520 120.262
172530 120.283
172540 120.306
172550 120.308
172560 120.324
172570 120.348
172580 120.349
172590 120.345
172600 120.367
172610 120.399
172620 120.415
172630 120.422
172640 120.424
172650 120.449
172660 120.462
172670 120.46
172680 120.475
172690 120.502
172700 120.484
172710 120.483
172720 120.54
172730 120.573
172740 120.58
172750 120.633
172760 120.713
172770 120.72
172780 120.688
172790 120.693
172800 120.73
172810 120.799
172820 120.865
172830 120.902
172840 120.925
172850 120.973
172860 121.038
172870 121.07
172880 121.058
172890 121.045
172900 121.018
172910 121.006
172920 121.03
172930 121.055
172940 121.026
172950 120.994
172960 121.032
172970 121.09
172980 121.093
172990 121.08
173000 121.092
173010 121.106
173020 121.087
173030 121.077
173040 121.091
173050 121.077
173060 121.032
173070 120.991
173080 120.996
173090 121.016
173100 120.988
173110 120.94
173120 120.928
173130 120.959
173140 120.981
173150 121.006
173160 121.056
173170 121.109
173180 121.153
173190 121.186
173200 121.225
173210 121.256
173220 121.265
173230 121.229
173240 121.185
173250 121.181
173260 121.213
173270 121.243
173280 121.24
173290 121.224
173300 121.214
173310 121.212
173320 121.234
173330 121.238
173340 121.192
173350 121.171
173360 121.196
173370 121.226
173380 121.212
173390 121.192
173400 121.178
173410 121.17
173420 121.178
173430 121.178
173440 121.163
173450 121.165
173460 121.216
173470 121.253
173480 121.222
173490 121.178
173500 121.179
173510 121.203
173520 121.217
173530 121.174
173540 121.11
173550 121.091
173560 121.161
173570 121.215
173580 121.226
173590 121.23
173600 121.225
173610 121.201
173620 121.193
173630 121.228
173640 121.244
173650 121.228
173660 121.238
173670 121.243
173680 121.269
173690 121.329
173700 121.372
173710 121.38
173720 121.386
173730 121.439
173740 121.527
173750 121.559
173760 121.541
173770 121.55
173780 121.599
173790 121.611
173800 121.607
173810 121.642
173820 121.682
173830 121.71
173840 121.772
173850 121.843
173860 121.855
173870 121.819
173880 121.802
173890 121.802
173900 121.776
173910 121.734
173920 121.705
173930 121.701
173940 121.687
173950 121.671
173960 121.696
173970 121.768
173980 121.808
173990 121.777
174000 121.802
174010 121.907
174020 121.964
174030 121.947
174040 121.945
174050 121.997
174060 122.02
174070 121.984
174080 121.973
174090 121.999
174100 122.011
174110 122.029
174120 122.069
174130 122.071
174140 122.052
174150 122.061
174160 122.118
174170 122.175
174180 122.19
174190 122.202
174200 122.235
174210 122.249
174220 122.233
174230 122.232
174240 122.248
174250 122.251
174260 122.267
174270 122.323
174280 122.373
174290 122.359
174300 122.31
174310 122.288
174320 122.279
174330 122.243
174340 122.181
174350 122.156
174360 122.185
174370 122.226
174380 122.233
174390 122.223
174400 122.223
174410 122.222
174420 122.211
174430 122.213
174440 122.242
174450 122.276
174460 122.289
174470 122.291
174480 122.286
174490 122.279
174500 122.251
174510 122.203
174520 122.168
174530 122.152
174540 122.144
174550 122.14
174560 122.131
174570 122.12
174580 122.124
174590 122.122
174600 122.089
174610 122.092
174620 122.143
174630 122.187
174640 122.182
174650 122.159
174660 122.142
174670 122.146
174680 122.18
174690 122.206
174700 122.206
174710 122.195
174720 122.189
174730 122.189
174740 122.174
174750 122.195
174760 122.256
174770 122.274
174780 122.249
174790 122.26
174800 122.298
174810 122.309
174820 122.26
174830 122.222
174840 122.233
174850 122.241
174860 122.23
174870 122.227
174880 122.26
174890 122.268
174900 122.233
174910 122.25
174920 122.341
174930 122.387
174940 122.372
174950 122.394
174960 122.449
174970 122.461
174980 122.457
174990 122.475
175000 122.512
175010 122.519
175020 122.533
175030 122.589
175040 122.648
175050 122.657
175060 122.648
175070 122.665
175080 122.681
175090 122.696
175100 122.728
175110 122.747
175120 122.719
175130 122.669
175140 122.674
175150 122.738
175160 122.753
175170 122.701
175180 122.646
175190 122.631
175200 122.601
175210 122.585
175220 122.613
175230 122.635
175240 122.626
175250 122.628
175260 122.648
175270 122.643
175280 122.65
175290 122.644
175300 122.591
175310 122.533
175320 122.5
175330 122.482
175340 122.462
175350 122.46
175360 122.489
175370 122.502
175380 122.464
175390 122.465
175400 122.496
175410 122.513
175420 122.492
175430 122.45
175440 122.439
175450 122.5
175460 122.561
175470 122.563
175480 122.528
175490 122.511
175500 122.493
175510 122.466
175520 122.466
175530 122.477
175540 122.464
175550 122.445
175560 122.447
175570 122.423
175580 122.372
175590 122.327
175600 122.357
175610 122.431
175620 122.451
175630 122.41
175640 122.409
175650 122.446
175660 122.45
175670 122.42
175680 122.387
175690 122.359
175700 122.357
175710 122.402
175720 122.456
175730 122.479
175740 122.486
175750 122.523
175760 122.558
175770 122.579
175780 122.586
175790 122.591
175800 122.593
175810 122.589
175820 122.564
175830 122.543
175840 122.559
175850 122.596
175860 122.596
175870 122.614
175880 122.669
175890 122.704
175900 122.702
175910 122.69
175920 122.674
175930 122.683
175940 122.711
175950 122.744
175960 122.736
175970 122.68
175980 122.619
175990 122.608
176000 122.622
176010 122.636
176020 122.651
176030 122.67
176040 122.736
176050 122.79
176060 122.817
176070 122.84
176080 122.867
176090 122.906
176100 122.916
176110 122.921
176120 122.937
176130 122.943
176140 122.933
176150 122.926
176160 122.925
176170 122.936
176180 122.974
176190 122.999
176200 122.994
176210 122.986
176220 122.999
176230 123.026
176240 123.06
176250 123.1
176260 123.144
176270 123.182
176280 123.219
176290 123.219
176300 123.2
176310 123.198
176320 123.184
176330 123.148
176340 123.143
176350 123.191
176360 123.222
176370 123.204
176380 123.18
176390 123.214
176400 123.278
176410 123.308
176420 123.313
176430 123.309
176440 123.303
176450 123.31
176460 123.337
176470 123.356
176480 123.373
176490 123.414
176500 123.447
176510 123.415
176520 123.363
176530 123.371
176540 123.45
176550 123.532
176560 123.555
176570 123.533
176580 123.503
176590 123.497
176600 123.485
176610 123.465
176620 123.458
176630 123.476
176640 123.491
176650 123.491
176660 123.517
176670 123.558
176680 123.559
176690 123.53
176700 123.51
176710 123.496
176720 123.471
176730 123.447
176740 123.467
176750 123.498
176760 123.488
176770 123.455
176780 123.459
176790 123.475
176800 123.463
176810 123.464
176820 123.492
176830 123.53
176840 123.566
176850 123.583
176860 123.617
176870 123.644
176880 123.682
176890 123.719
176900 123.74
176910 123.736
176920 123.751
176930 123.778
176940 123.8
176950 123.792
176960 123.767
176970 123.745
176980 123.757
176990 123.825
177000 123.904
177010 123.936
177020 123.957
177030 123.984
177040 123.993
177050 123.988
177060 124.011
177070 124.04
177080 124.085
177090 124.15
177100 124.226
177110 124.261
177120 124.263
177130 124.267
177140 124.287
177150 124.312
177160 124.335
177170 124.343
177180 124.354
177190 124.383
177200 124.393
177210 124.36
177220 124.35
177230 124.406
177240 124.449
177250 124.432
177260 124.397
177270 124.379
177280 124.382
177290 124.459
177300 124.549
177310 124.566
177320 124.563
177330 124.643
177340 124.718
177350 124.666
177360 124.596
177370 124.601
177380 124.609
177390 124.583
177400 124.589
177410 124.649
177420 124.687
177430 124.693
177440 124.707
177450 124.751
177460 124.785
177470 124.785
177480 124.792
177490 124.793
177500 124.771
177510 124.751
177520 124.764
177530 124.831
177540 124.862
177550 124.862
177560 124.874
177570 124.927
177580 124.98
177590 125.003
177600 124.997
177610 124.973
177620 124.931
177630 124.897
177640 124.879
177650 124.889
177660 124.888
177670 124.879
177680 124.869
177690 124.868
177700 124.867
177710 124.848
177720 124.767
177730 124.653
177740 124.61
177750 124.592
177760 124.546
177770 124.516
177780 124.55
177790 124.573
177800 124.551
177810 124.561
177820 124.627
177830 124.676
177840 124.698
177850 124.717
177860 124.725
177870 124.719
177880 124.738
177890 124.782
177900 124.8
177910 124.769
177920 124.74
177930 124.774
177940 124.817
177950 124.795
177960 124.777
177970 124.808
177980 124.847
177990 124.883
178000 124.921
178010 124.971
178020 125.041
178030 125.123
178040 125.201
178050 125.255
178060 125.283
178070 125.306
178080 125.337
178090 125.36
178100 125.377
178110 125.382
178120 125.388
178130 125.427
178140 125.451
178150 125.419
178160 125.398
178170 125.422
178180 125.445
178190 125.404
178200 125.345
178210 125.306
178220 125.306
178230 125.294
178240 125.257
178250 125.204
178260 125.182
178270 125.187
178280 125.168
178290 125.133
178300 125.136
178310 125.179
178320 125.18
178330 125.14
178340 125.097
178350 125.074
178360 125.045
178370 125.023
178380 125.03
178390 125.069
178400 125.067
178410 125.019
178420 124.969
178430 124.918
178440 124.882
178450 124.893
178460 124.943
178470 124.941
178480 124.874
178490 124.833
178500 124.822
178510 124.816
178520 124.832
178530 124.87
178540 124.896
178550 124.918
178560 124.962
178570 125.004
178580 125.003
178590 124.97
178600 124.951
178610 124.94
178620 124.937
178630 124.932
178640 124.955
178650 125.014
178660 125.074
178670 125.102
178680 125.128
178690 125.161
178700 125.194
178710 125.261
178720 125.314
178730 125.351
178740 125.396
178750 125.435
178760 125.466
178770 125.486
178780 125.506
178790 125.542
178800 125.616
178810 125.692
178820 125.727
178830 125.765
178840 125.831
178850 125.848
178860 125.839
178870 125.855
178880 125.872
178890 125.876
178900 125.894
178910 125.929
178920 125.945
178930 125.927
178940 125.894
178950 125.866
178960 125.847
178970 125.869
178980 125.872
178990 125.868
179000 125.887
179010 125.917
179020 125.955
179030 126.007
179040 126.041
179050 126.07
179060 126.089
179070 126.075
179080 126.065
179090 126.101
179100 126.121
179110 126.135
179120 126.163
179130 126.197
179140 126.211
179150 126.209
179160 126.234
179170 126.283
179180 126.31
179190 126.34
179200 126.377
179210 126.421
179220 126.454
179230 126.489
179240 126.532
179250 126.557
179260 126.566
179270 126.625
179280 126.693
179290 126.708
179300 126.705
179310 126.721
179320 126.748
179330 126.758
179340 126.751
179350 126.729
179360 126.735
179370 126.74
179380 126.703
179390 126.649
179400 126.637
179410 126.684
179420 126.699
179430 126.703
179440 126.712
179450 126.73
179460 126.718
179470 126.696
179480 126.703
179490 126.758
179500 126.807
179510 126.857
179520 126.922
179530 126.972
179540 127.004
179550 127.032
179560 127.064
179570 127.098
179580 127.141
179590 127.185
179600 127.188
179610 127.176
179620 127.199
179630 127.246
179640 127.259
179650 127.272
179660 127.34
179670 127.406
179680 127.393
179690 127.335
179700 127.359
179710 127.44
179720 127.487
179730 127.444
179740 127.379
179750 127.374
179760 127.392
179770 127.378
179780 127.35
179790 127.359
179800 127.389
179810 127.418
179820 127.432
179830 127.428
179840 127.45
179850 127.469
179860 127.452
179870 127.404
179880 127.381
179890 127.379
179900 127.371
179910 127.357
179920 127.348
179930 127.333
179940 127.348
179950 127.412
179960 127.497
179970 127.523
179980 127.515
179990 127.544
180000 127.615
180010 127.665
180020 127.685
180030 127.656
180040 127.556
180050 127.492
180060 127.518
180070 127.557
180080 127.555
180090 127.548
180100 127.587
180110 127.588
180120 127.547
180130 127.534
180140 127.572
180150 127.605
180160 127.614
180170 127.62
180180 127.632
180190 127.643
180200 127.616
180210 127.569
180220 127.523
180230 127.516
180240 127.548
180250 127.572
180260 127.537
180270 127.521
180280 127.556
180290 127.583
180300 127.575
180310 127.584
180320 127.684
180330 127.74
180340 127.691
180350 127.631
180360 127.62
180370 127.622
180380 127.628
180390 127.626
180400 127.616
180410 127.616
180420 127.604
180430 127.602
180440 127.619
180450 127.633
180460 127.662
180470 127.679
180480 127.677
180490 127.693
180500 127.73
180510 127.759
180520 127.744
180530 127.745
180540 127.769
180550 127.797
180560 127.843
180570 127.929
180580 127.984
180590 127.964
180600 127.936
180610 127.921
180620 127.92
180630 127.899
180640 127.885
180650 127.892
180660 127.896
180670 127.902
180680 127.895
180690 127.887
180700 127.878
180710 127.853
180720 127.816
180730 127.758
180740 127.673
180750 127.615
180760 127.626
180770 127.673
180780 127.684
180790 127.663
180800 127.683
180810 127.729
180820 127.762
180830 127.809
180840 127.89
180850 127.941
180860 127.948
180870 127.965
180880 127.995
180890 127.993
180900 127.963
180910 127.95
180920 127.952
180930 127.919
180940 127.87
180950 127.841
180960 127.832
180970 127.819
180980 127.8
180990 127.781
181000 127.726
181010 127.676
181020 127.675
181030 127.669
181040 127.648
181050 127.657
181060 127.689
181070 127.734
181080 127.805
181090 127.861
181100 127.86
181110 127.854
181120 127.881
181130 127.885
181140 127.857
181150 127.833
181160 127.823
181170 127.834
181180 127.845
181190 127.839
181200 127.809
181210 127.784
181220 127.764
181230 127.71
181240 127.635
181250 127.624
181260 127.673
181270 127.74
181280 127.814
181290 127.859
181300 127.846
181310 127.825
181320 127.844
181330 127.905
181340 127.955
181350 127.961
181360 127.943
181370 127.948
181380 127.989
181390 128.003
181400 127.983
181410 127.981
181420 128.014
181430 128.015
181440 128.005
181450 128.043
181460 128.118
181470 128.162
181480 128.184
181490 128.191
181500 128.233
181510 128.327
181520 128.409
181530 128.409
181540 128.408
181550 128.44
181560 128.482
181570 128.533
181580 128.607
181590 128.665
181600 128.707
181610 128.749
181620 128.777
181630 128.793
181640 128.803
181650 128.799
181660 128.802
181670 128.833
181680 128.884
181690 128.933
181700 128.975
181710 129.016
181720 129.046
181730 129.082
181740 129.105
181750 129.126
181760 129.164
181770 129.21
181780 129.235
181790 129.196
181800 129.14
181810 129.119
181820 129.15
181830 129.188
181840 129.226
181850 129.267
181860 129.298
181870 129.317
181880 129.364
181890 129.436
181900 129.459
181910 129.413
181920 129.34
181930 129.297
181940 129.307
181950 129.334
181960 129.367
181970 129.394
181980 129.372
181990 129.349
182000 129.356
182010 129.376
182020 129.384
182030 129.412
182040 129.435
182050 129.422
182060 129.405
182070 129.387
182080 129.363
182090 129.347
182100 129.371
182110 129.388
182120 129.347
182130 129.322
182140 129.342
182150 129.346
182160 129.328
182170 129.333
182180 129.331
182190 129.307
182200 129.309
182210 129.317
182220 129.28
182230 129.222
182240 129.191
182250 129.189
182260 129.201
182270 129.207
182280 129.201
182290 129.212
182300 129.223
182310 129.21
182320 129.225
182330 129.273
182340 129.316
182350 129.296
182360 129.258
182370 129.264
182380 129.328
182390 129.373
182400 129.375
182410 129.331
182420 129.264
182430 129.206
182440 129.175
182450 129.179
182460 129.181
182470 129.195
182480 129.229
182490 129.251
182500 129.243
182510 129.211
182520 129.179
182530 129.188
182540 129.219
182550 129.22
182560 129.201
182570 129.17
182580 129.166
182590 129.223
182600 129.315
182610 129.345
182620 129.297
182630 129.274
182640 129.296
182650 129.329
182660 129.343
182670 129.383
182680 129.433
182690 129.458
182700 129.466
182710 129.492
182720 129.536
182730 129.538
182740 129.501
182750 129.458
182760 129.448
182770 129.451
182780 129.444
182790 129.421
182800 129.408
182810 129.436
182820 129.466
182830 129.475
182840 129.475
182850 129.464
182860 129.476
182870 129.504
182880 129.476
182890 129.42
182900 129.433
182910 129.492
182920 129.522
182930 129.545
182940 129.577
182950 129.563
182960 129.493
182970 129.435
182980 129.44
182990 129.449
183000 129.429
183010 129.416
183020 129.442
183030 129.479
183040 129.528
183050 129.555
183060 129.562
183070 129.562
183080 129.588
183090 129.636
183100 129.673
183110 129.687
183120 129.688
183130 129.679
183140 129.692
183150 129.733
183160 129.768
183170 129.799
183180 129.82
183190 129.848
183200 129.902
183210 129.965
183220 130.022
183230 130.032
183240 130.033
183250 130.069
183260 130.113
183270 130.14
183280 130.15
183290 130.16
183300 130.203
183310 130.288
183320 130.34
183330 130.357
183340 130.368
183350 130.384
183360 130.36
183370 130.334
183380 130.326
183390 130.323
183400 130.324
183410 130.326
183420 130.348
183430 130.369
183440 130.366
183450 130.348
183460 130.351
183470 130.358
183480 130.326
183490 130.269
183500 130.203
183510 130.142
183520 130.11
183530 130.099
183540 130.083
183550 130.069
183560 130.054
183570 130.06
183580 130.065
183590 130.044
183600 130.039
183610 130.067
183620 130.108
183630 130.146
183640 130.138
183650 130.139
183660 130.199
183670 130.257
183680 130.248
183690 130.239
183700 130.26
183710 130.257
183720 130.227
183730 130.216
183740 130.191
183750 130.135
183760 130.104
183770 130.12
183780 130.145
183790 130.136
183800 130.098
183810 130.099
183820 130.116
183830 130.096
183840 130.059
183850 130.052
183860 130.063
183870 130.078
183880 130.09
183890 130.089
183900 130.09
183910 130.117
183920 130.143
183930 130.176
183940 130.211
183950 130.216
183960 130.189
183970 130.184
183980 130.215
183990 130.255
184000 130.272
184010 130.272
184020 130.288
184030 130.333
184040 130.354
184050 130.337
184060 130.35
184070 130.365
184080 130.328
184090 130.275
184100 130.275
184110 130.283
184120 130.237
184130 130.172
184140 130.171
184150 130.203
184160 130.238
184170 130.269
184180 130.261
184190 130.255
184200 130.265
184210 130.24
184220 130.225
184230 130.256
184240 130.289
184250 130.3
184260 130.301
184270 130.295
184280 130.299
184290 130.295
184300 130.298
184310 130.278
184320 130.25
184330 130.222
184340 130.175
184350 130.134
184360 130.149
184370 130.197
184380 130.188
184390 130.156
184400 130.164
184410 130.177
184420 130.179
184430 130.173
184440 130.176
184450 130.186
184460 130.2
184470 130.212
184480 130.217
184490 130.218
184500 130.187
184510 130.165
184520 130.165
184530 130.155
184540 130.097
184550 130.054
184560 130.059
184570 130.091
184580 130.111
184590 130.116
184600 130.107
184610 130.106
184620 130.086
184630 130.053
184640 130.07
184650 130.127
184660 130.142
184670 130.1
184680 130.11
184690 130.142
184700 130.132
184710 130.077
184720 130.039
184730 130.025
184740 130.019
184750 130.009
184760 130.005
184770 130.01
184780 130.044
184790 130.078
184800 130.099
184810 130.086
184820 130.069
184830 130.076
184840 130.102
184850 130.149
184860 130.2
184870 130.213
184880 130.205
184890 130.233
184900 130.282
184910 130.3
184920 130.273
184930 130.26
184940 130.295
184950 130.365
184960 130.44
184970 130.485
184980 130.508
184990 130.549
185000 130.597
185010 130.63
185020 130.658
185030 130.683
185040 130.675
185050 130.644
185060 130.638
185070 130.632
185080 130.625
185090 130.652
185100 130.712
185110 130.767
185120 130.81
185130 130.866
185140 130.912
185150 130.961
185160 131.006
185170 131.046
185180 131.094
185190 131.119
185200 131.109
185210 131.069
185220 131.043
185230 131.06
185240 131.104
185250 131.125
185260 131.119
185270 131.101
185280 131.141
185290 131.205
185300 131.196
185310 131.163
185320 131.168
185330 131.213
185340 131.205
185350 131.157
185360 131.164
185370 131.173
185380 131.147
185390 131.112
185400 131.083
185410 131.051
185420 131.035
185430 131.025
185440 131.008
185450 131.021
185460 131.059
185470 131.074
185480 131.058
185490 131.025
185500 131.001
185510 131.008
185520 131.032
185530 131.021
185540 130.972
185550 130.963
185560 131.004
185570 131.038
185580 131.029
185590 131.012
185600 131.024
185610 131.039
185620 131.043
185630 131.059
185640 131.092
185650 131.111
185660 131.123
185670 131.128
185680 131.164
185690 131.205
185700 131.217
185710 131.202
185720 131.202
185730 131.247
185740 131.295
185750 131.296
185760 131.262
185770 131.238
185780 131.234
185790 131.25
185800 131.28
185810 131.341
185820 131.387
185830 131.408
185840 131.455
185850 131.522
185860 131.578
185870 131.589
185880 131.579
185890 131.601
185900 131.641
185910 131.675
185920 131.667
185930 131.654
185940 131.666
185950 131.66
185960 131.661
185970 131.669
185980 131.671
185990 131.637
186000 131.61
186010 131.587
186020 131.534
186030 131.469
186040 131.439
186050 131.423
186060 131.384
186070 131.343
186080 131.373
186090 131.419
186100 131.435
186110 131.402
186120 131.366
186130 131.339
186140 131.323
186150 131.315
186160 131.271
186170 131.208
186180 131.158
186190 131.115
186200 131.092
186210 131.089
186220 131.1
186230 131.09
186240 131.085
186250 131.097
186260 131.112
186270 131.14
186280 131.186
186290 131.221
186300 131.218
186310 131.213
186320 131.262
186330 131.33
186340 131.342
186350 131.317
186360 131.333
186370 131.363
186380 131.373
186390 131.366
186400 131.362
186410 131.38
186420 131.365
186430 131.343
186440 131.319
186450 131.3
186460 131.286
186470 131.284
186480 131.263
186490 131.205
186500 131.171
186510 131.172
186520 131.186
186530 131.183
186540 131.187
186550 131.176
186560 131.137
186570 131.125
186580 131.125
186590 131.123
186600 131.113
186610 131.085
186620 131.057
186630 131.084
186640 131.115
186650 131.105
186660 131.106
186670 131.124
186680 131.148
186690 131.174
186700 131.187
186710 131.185
186720 131.186
186730 131.256
186740 131.335
186750 131.353
186760 131.362
186770 131.399
186780 131.41
186790 131.395
186800 131.426
186810 131.53
186820 131.623
186830 131.638
186840 131.634
186850 131.62
186860 131.621
186870 131.636
186880 131.635
186890 131.609
186900 131.586
186910 131.609
186920 131.668
186930 131.722
186940 131.751
186950 131.732
186960 131.702
186970 131.695
186980 131.696
186990 131.702
187000 131.725
187010 131.727
187020 131.709
187030 131.717
187040 131.762
187050 131.789
187060 131.788
187070 131.828
187080 131.846
187090 131.823
187100 131.852
187110 131.938
187120 131.983
187130 131.961
187140 131.911
187150 131.891
187160 131.904
187170 131.939
187180 131.944
187190 131.943
187200 131.981
187210 132.007
187220 132.001
187230 131.993
187240 131.988
187250 131.96
187260 131.914
187270 131.848
187280 131.791
187290 131.786
187300 131.814
187310 131.81
187320 131.757
187330 131.689
187340 131.637
187350 131.636
187360 131.671
187370 131.682
187380 131.652
187390 131.655
187400 131.741
187410 131.827
187420 131.871
187430 131.89
187440 131.895
187450 131.89
187460 131.876
187470 131.919
187480 131.972
187490 132.002
187500 132.015
187510 132.006
187520 131.951
187530 131.898
187540 131.912
187550 131.946
187560 131.945
187570 131.905
187580 131.876
187590 131.898
187600 131.949
187610 131.955
187620 131.889
187630 131.845
187640 131.866
187650 131.869
187660 131.816
187670 131.737
187680 131.702
187690 131.717
187700 131.717
187710 131.737
187720 131.781
187730 131.798
187740 131.813
187750 131.833
187760 131.872
187770 131.933
187780 131.949
187790 131.898
187800 131.864
187810 131.911
187820 131.971
187830 131.972
187840 131.965
187850 131.962
187860 131.985
187870 132.042
187880 132.099
187890 132.127
187900 132.147
187910 132.197
187920 132.236
187930 132.226
187940 132.229
187950 132.268
187960 132.299
187970 132.287
187980 132.275
187990 132.298
188000 132.331
188010 132.373
188020 132.393
188030 132.408
188040 132.438
188050 132.453
188060 132.466
188070 132.483
188080 132.533
188090 132.579
188100 132.562
188110 132.531
188120 132.535
188130 132.557
188140 132.572
188150 132.563
188160 132.525
188170 132.516
188180 132.576
188190 132.625
188200 132.595
188210 132.583
188220 132.638
188230 132.681
188240 132.671
188250 132.688
188260 132.751
188270 132.793
188280 132.822
188290 132.863
