# Time-averaged data for fix msdo
# TimeStep c_mo[4]
0 2.1457e-29
10 0.00424102
20 0.0160574
30 0.0330931
40 0.0520005
50 0.0708483
60 0.0903478
70 0.108939
80 0.124494
90 0.138611
100 0.153209
110 0.168591
120 0.184455
130 0.20024
140 0.214208
150 0.226678
160 0.240948
170 0.260605
180 0.285065
190 0.310662
200 0.334427
210 0.353775
220 0.369324
230 0.384465
240 0.399874
250 0.413254
260 0.424261
270 0.435187
280 0.448143
290 0.462693
300 0.477614
310 0.490511
320 0.499744
330 0.507118
340 0.514304
350 0.521828
360 0.531322
370 0.544027
380 0.558212
390 0.572449
400 0.588334
410 0.604647
420 0.617781
430 0.624536
440 0.62707
450 0.632524
460 0.645462
470 0.663176
480 0.681304
490 0.700707
500 0.722361
510 0.743001
520 0.757336
530 0.765199
540 0.769257
550 0.771339
560 0.770273
570 0.767953
580 0.768488
590 0.771558
600 0.773427
610 0.772438
620 0.772398
630 0.776521
640 0.784022
650 0.794396
660 0.807141
670 0.820463
680 0.831888
690 0.840161
700 0.846313
710 0.851186
720 0.855156
730 0.860098
740 0.865921
750 0.870168
760 0.870256
770 0.868385
780 0.86908
790 0.871977
800 0.87397
810 0.871805
820 0.867438
830 0.86505
840 0.867323
850 0.872266
860 0.875829
870 0.876671
880 0.874699
890 0.870484
900 0.86113
910 0.846968
920 0.833152
930 0.822359
940 0.816964
950 0.817422
960 0.822966
970 0.830577
980 0.837741
990 0.844554
1000 0.852993
1010 0.860138
1020 0.862676
1030 0.862933
1040 0.864907
1050 0.869471
1060 0.877229
1070 0.887873
1080 0.899514
1090 0.91065
1100 0.919331
1110 0.926287
1120 0.93138
1130 0.934033
1140 0.935297
1150 0.935584
1160 0.936243
1170 0.937888
1180 0.937783
1190 0.937161
1200 0.941615
1210 0.951709
1220 0.963692
1230 0.97586
1240 0.988202
1250 0.999194
1260 1.00666
1270 1.01118
1280 1.01489
1290 1.01798
1300 1.01895
1310 1.01953
1320 1.02079
1330 1.02622
1340 1.03589
1350 1.04543
1360 1.05061
1370 1.05156
1380 1.0507
1390 1.04928
1400 1.04744
1410 1.04989
1420 1.05812
1430 1.06789
1440 1.07637
1450 1.08099
1460 1.08022
1470 1.0789
1480 1.08432
1490 1.09401
1500 1.10288
1510 1.11234
1520 1.12067
1530 1.12219
1540 1.1174
1550 1.11095
1560 1.10552
1570 1.10179
1580 1.1021
1590 1.10983
1600 1.12403
1610 1.13888
1620 1.1519
1630 1.16351
1640 1.17057
1650 1.17151
1660 1.16893
1670 1.16992
1680 1.17849
1690 1.19163
1700 1.20792
1710 1.22341
1720 1.23525
1730 1.23844
1740 1.23367
1750 1.22837
1760 1.22543
1770 1.22465
1780 1.22655
1790 1.22932
1800 1.23083
1810 1.23098
1820 1.23085
1830 1.23053
1840 1.22887
1850 1.22617
1860 1.22276
1870 1.22123
1880 1.22331
1890 1.22727
1900 1.22937
1910 1.22817
1920 1.22367
1930 1.21832
1940 1.21493
1950 1.2126
1960 1.21038
1970 1.21198
1980 1.22143
1990 1.23717
2000 1.25254
2010 1.26666
2020 1.2824
2030 1.30049
2040 1.31913
2050 1.33673
2060 1.35199
2070 1.36587
2080 1.38046
2090 1.39562
2100 1.40997
2110 1.42113
2120 1.42881
2130 1.43113
2140 1.42954
2150 1.42877
2160 1.43249
2170 1.44082
2180 1.45516
2190 1.47918
2200 1.51014
2210 1.5405
2220 1.56632
2230 1.5817
2240 1.58484
2250 1.58134
2260 1.57377
2270 1.56311
2280 1.55361
2290 1.55154
2300 1.55893
2310 1.57116
2320 1.58081
2330 1.57982
2340 1.57041
2350 1.56023
2360 1.55277
2370 1.55075
2380 1.55827
2390 1.57525
2400 1.59501
2410 1.61145
2420 1.62439
2430 1.62676
2440 1.61688
2450 1.60375
2460 1.59221
2470 1.58103
2480 1.57387
2490 1.57494
2500 1.58373
2510 1.59824
2520 1.61656
2530 1.63485
2540 1.64716
2550 1.65216
2560 1.65503
2570 1.6595
2580 1.66297
2590 1.66463
2600 1.66461
2610 1.66305
2620 1.65977
2630 1.65278
2640 1.64352
2650 1.63853
2660 1.64031
2670 1.64746
2680 1.65961
2690 1.67555
2700 1.69071
2710 1.69975
2720 1.70041
2730 1.69376
2740 1.68363
2750 1.67644
2760 1.67312
2770 1.67386
2780 1.68346
2790 1.70009
2800 1.71399
2810 1.71773
2820 1.71559
2830 1.71494
2840 1.71883
2850 1.72446
2860 1.73324
2870 1.74865
2880 1.76701
2890 1.78393
2900 1.79709
2910 1.80459
2920 1.80927
2930 1.81729
2940 1.82756
2950 1.83818
2960 1.84729
2970 1.85468
2980 1.85761
2990 1.85417
3000 1.84986
3010 1.84926
3020 1.85203
3030 1.85946
3040 1.87096
3050 1.8832
3060 1.89488
3070 1.90556
3080 1.90996
3090 1.90619
3100 1.89989
3110 1.90018
3120 1.91081
3130 1.92823
3140 1.94714
3150 1.96924
3160 1.99739
3170 2.0249
3180 2.04502
3190 2.05675
3200 2.06091
3210 2.06218
3220 2.06622
3230 2.07565
3240 2.08818
3250 2.10171
3260 2.11148
3270 2.11518
3280 2.11749
3290 2.12225
3300 2.12877
3310 2.13454
3320 2.14004
3330 2.14607
3340 2.15176
3350 2.15888
3360 2.16966
3370 2.17948
3380 2.18509
3390 2.192
3400 2.20336
3410 2.21896
3420 2.24064
3430 2.26995
3440 2.30019
3450 2.32246
3460 2.33771
3470 2.34968
3480 2.36172
3490 2.3712
3500 2.37616
3510 2.38117
3520 2.38804
3530 2.39662
3540 2.40713
3550 2.41744
3560 2.42566
3570 2.43028
3580 2.43537
3590 2.45073
3600 2.4806
3610 2.51991
3620 2.56042
3630 2.597
3640 2.62142
3650 2.62929
3660 2.62358
3670 2.61018
3680 2.59505
3690 2.57921
3700 2.56768
3710 2.57262
3720 2.59861
3730 2.63278
3740 2.66194
3750 2.68268
3760 2.69266
3770 2.69453
3780 2.69334
3790 2.69221
3800 2.69293
3810 2.69663
3820 2.70957
3830 2.73154
3840 2.75244
3850 2.76941
3860 2.78312
3870 2.79403
3880 2.8018
3890 2.80767
3900 2.81793
3910 2.82731
3920 2.82314
3930 2.81072
3940 2.80698
3950 2.80908
3960 2.80668
3970 2.80395
3980 2.80686
3990 2.81122
4000 2.81092
4010 2.81212
4020 2.82155
4030 2.83523
4040 2.84179
4050 2.83766
4060 2.83068
4070 2.82542
4080 2.81825
4090 2.81029
4100 2.80906
4110 2.81978
4120 2.84075
4130 2.86738
4140 2.89566
4150 2.92116
4160 2.93838
4170 2.94114
4180 2.92832
4190 2.90881
4200 2.89748
4210 2.90082
4220 2.91533
4230 2.9314
4240 2.94073
4250 2.94387
4260 2.94852
4270 2.95924
4280 2.96839
4290 2.97022
4300 2.96686
4310 2.96461
4320 2.96471
4330 2.96379
4340 2.96275
4350 2.95922
4360 2.94459
4370 2.92125
4380 2.90006
4390 2.886
4400 2.87629
4410 2.86843
4420 2.86443
4430 2.86581
4440 2.8723
4450 2.88227
4460 2.89028
4470 2.89322
4480 2.89407
4490 2.89548
4500 2.89996
4510 2.91074
4520 2.92738
4530 2.94535
4540 2.96317
4550 2.98508
4560 3.01033
4570 3.03422
4580 3.05613
4590 3.0776
4600 3.09375
4610 3.09734
4620 3.09217
4630 3.08668
4640 3.08376
4650 3.08404
4660 3.08858
4670 3.09663
4680 3.09853
4690 3.08496
4700 3.06237
4710 3.04552
4720 3.03593
4730 3.02981
4740 3.03035
4750 3.04213
4760 3.05844
4770 3.06535
4780 3.05901
4790 3.04917
4800 3.04519
4810 3.04612
4820 3.05669
4830 3.0823
4840 3.11729
4850 3.14874
4860 3.16851
4870 3.17469
4880 3.16609
4890 3.14521
4900 3.1193
4910 3.09499
4920 3.07812
4930 3.07075
4940 3.07288
4950 3.0846
4960 3.10144
4970 3.11555
4980 3.12455
4990 3.13161
5000 3.13718
5010 3.14029
5020 3.14104
5030 3.14751
5040 3.16411
5050 3.18727
5060 3.20853
5070 3.22602
5080 3.24392
5090 3.25947
5100 3.26905
5110 3.27358
5120 3.27622
5130 3.28001
5140 3.28346
5150 3.28743
5160 3.2912
5170 3.29372
5180 3.29766
5190 3.3091
5200 3.3258
5210 3.34012
5220 3.34776
5230 3.34672
5240 3.33736
5250 3.32417
5260 3.31227
5270 3.30523
5280 3.30322
5290 3.30607
5300 3.31347
5310 3.32506
5320 3.3372
5330 3.34255
5340 3.33898
5350 3.33046
5360 3.31866
5370 3.30766
5380 3.30337
5390 3.30453
5400 3.30512
5410 3.293
5420 3.27314
5430 3.26135
5440 3.25819
5450 3.25904
5460 3.26952
5470 3.29547
5480 3.32801
5490 3.35567
5500 3.37049
5510 3.3719
5520 3.36455
5530 3.35084
5540 3.33258
5550 3.31455
5560 3.30391
5570 3.30462
5580 3.3146
5590 3.33306
5600 3.35522
5610 3.38142
5620 3.41066
5630 3.43323
5640 3.44074
5650 3.433
5660 3.42134
5670 3.41778
5680 3.42348
5690 3.4342
5700 3.44428
5710 3.45111
5720 3.45855
5730 3.4724
5740 3.48873
5750 3.50119
5760 3.51415
5770 3.53013
5780 3.5394
5790 3.54432
5800 3.55799
5810 3.5817
5820 3.60588
5830 3.62776
5840 3.64833
5850 3.67039
5860 3.6926
5870 3.71334
5880 3.73126
5890 3.74426
5900 3.75442
5910 3.76787
5920 3.78669
5930 3.80923
5940 3.83236
5950 3.85357
5960 3.8756
5970 3.89593
5980 3.90904
5990 3.91803
6000 3.93233
6010 3.95123
6020 3.96951
6030 3.98686
6040 4.01321
6050 4.05249
6060 4.09222
6070 4.1207
6080 4.14054
6090 4.15609
6100 4.16502
6110 4.16563
6120 4.16036
6130 4.1617
6140 4.17496
6150 4.19028
6160 4.1992
6170 4.20833
6180 4.22334
6190 4.24019
6200 4.25844
6210 4.27731
6220 4.29065
6230 4.2927
6240 4.28786
6250 4.28468
6260 4.28621
6270 4.29484
6280 4.30794
6290 4.32069
6300 4.33391
6310 4.35032
6320 4.37149
6330 4.39111
6340 4.40312
6350 4.4074
6360 4.40737
6370 4.40309
6380 4.3915
6390 4.37543
6400 4.36448
6410 4.36636
6420 4.37743
6430 4.38819
6440 4.39535
6450 4.40348
6460 4.41265
6470 4.41799
6480 4.42115
6490 4.42406
6500 4.42833
6510 4.43404
6520 4.4393
6530 4.44569
6540 4.45563
6550 4.46442
6560 4.46589
6570 4.46
6580 4.45385
6590 4.45228
6600 4.45059
6610 4.45514
6620 4.47141
6630 4.49122
6640 4.50571
6650 4.51551
6660 4.52508
6670 4.53359
6680 4.54029
6690 4.5441
6700 4.54903
6710 4.55803
6720 4.57294
6730 4.59505
6740 4.61983
6750 4.63988
6760 4.64991
6770 4.6475
6780 4.63801
6790 4.63041
6800 4.62935
6810 4.63574
6820 4.65437
6830 4.68366
6840 4.71689
6850 4.74841
6860 4.7802
6870 4.81867
6880 4.85767
6890 4.88236
6900 4.89306
6910 4.90601
6920 4.92212
6930 4.93046
6940 4.93408
6950 4.94494
6960 4.96284
6970 4.97664
6980 4.98029
6990 4.97699
7000 4.97328
7010 4.97778
7020 4.99643
7030 5.02636
7040 5.05984
7050 5.09274
7060 5.12211
7070 5.14793
7080 5.17156
7090 5.18963
7100 5.20272
7110 5.21801
7120 5.23746
7130 5.25869
7140 5.27646
7150 5.28351
7160 5.28006
7170 5.27667
7180 5.27913
7190 5.27983
7200 5.27172
7210 5.26157
7220 5.25304
7230 5.24604
7240 5.2416
7250 5.24031
7260 5.24201
7270 5.2395
7280 5.22953
7290 5.2188
7300 5.21389
7310 5.21418
7320 5.21799
7330 5.22423
7340 5.22859
7350 5.23298
7360 5.24112
7370 5.25092
7380 5.25622
7390 5.25421
7400 5.24309
7410 5.22891
7420 5.22383
7430 5.22892
7440 5.23348
7450 5.23686
7460 5.23749
7470 5.2304
7480 5.21434
7490 5.19687
7500 5.1841
7510 5.17872
7520 5.17466
7530 5.16702
7540 5.15454
7550 5.13669
7560 5.11521
7570 5.09594
7580 5.08581
7590 5.08492
7600 5.08911
7610 5.10287
7620 5.13066
7630 5.16439
7640 5.19314
7650 5.21054
7660 5.222
7670 5.23866
7680 5.26626
7690 5.30423
7700 5.34402
7710 5.3779
7720 5.40488
7730 5.42169
7740 5.42801
7750 5.42857
7760 5.42735
7770 5.42556
7780 5.42841
7790 5.43521
7800 5.44383
7810 5.45571
7820 5.46793
7830 5.47378
7840 5.46729
7850 5.45253
7860 5.43841
7870 5.42443
7880 5.41319
7890 5.40609
7900 5.40543
7910 5.41619
7920 5.44501
7930 5.49094
7940 5.54466
7950 5.59267
7960 5.62149
7970 5.62621
7980 5.61324
7990 5.59275
8000 5.57299
8010 5.55964
8020 5.55492
8030 5.55802
8040 5.56706
8050 5.57977
8060 5.59335
8070 5.61357
8080 5.64095
8090 5.66457
8100 5.67423
8110 5.67413
8120 5.67766
8130 5.69012
8140 5.70924
8150 5.73491
8160 5.76694
8170 5.80219
8180 5.83664
8190 5.86721
8200 5.88735
8210 5.89436
8220 5.89101
8230 5.87776
8240 5.85002
8250 5.81768
8260 5.79765
8270 5.79699
8280 5.81584
8290 5.84975
8300 5.88202
8310 5.89859
8320 5.90398
8330 5.90808
8340 5.91152
8350 5.90866
8360 5.90442
8370 5.90067
8380 5.89692
8390 5.89497
8400 5.89703
8410 5.90273
8420 5.9044
8430 5.89596
8440 5.88375
8450 5.87364
8460 5.86717
8470 5.8612
8480 5.85964
8490 5.86514
8500 5.86645
8510 5.86181
8520 5.86247
8530 5.87199
8540 5.88243
8550 5.89197
8560 5.89939
8570 5.89255
8580 5.86873
8590 5.83327
8600 5.80067
8610 5.77995
8620 5.76992
8630 5.77028
8640 5.78528
8650 5.8182
8660 5.85433
8670 5.87763
8680 5.88838
8690 5.89351
8700 5.89209
8710 5.88426
8720 5.87856
8730 5.88401
8740 5.90374
8750 5.92878
8760 5.94864
8770 5.96373
8780 5.97351
8790 5.97945
8800 5.99312
8810 6.01982
8820 6.05499
8830 6.09088
8840 6.12578
8850 6.1629
8860 6.20102
8870 6.22746
8880 6.24038
8890 6.24486
8900 6.24088
8910 6.22209
8920 6.19374
8930 6.17242
8940 6.16506
8950 6.16283
8960 6.15669
8970 6.14649
8980 6.1334
8990 6.12111
9000 6.11737
9010 6.11922
9020 6.11529
9030 6.10376
9040 6.09454
9050 6.08786
9060 6.0781
9070 6.06519
9080 6.05926
9090 6.06111
9100 6.0663
9110 6.07452
9120 6.08366
9130 6.09553
9140 6.1092
9150 6.11824
9160 6.12277
9170 6.12644
9180 6.12939
9190 6.13161
9200 6.12409
9210 6.0975
9220 6.06166
9230 6.03282
9240 6.01504
9250 6.00308
9260 5.99581
9270 5.99235
9280 5.99388
9290 6.00199
9300 6.00845
9310 6.00863
9320 6.00564
9330 6.01295
9340 6.03558
9350 6.05991
9360 6.081
9370 6.10409
9380 6.12438
9390 6.13072
9400 6.12832
9410 6.13051
9420 6.13676
9430 6.14174
9440 6.14637
9450 6.14788
9460 6.14385
9470 6.13795
9480 6.13542
9490 6.13713
9500 6.13669
9510 6.13017
9520 6.11468
9530 6.09826
9540 6.08714
9550 6.08042
9560 6.07081
9570 6.05548
9580 6.04457
9590 6.0475
9600 6.05427
9610 6.05689
9620 6.05685
9630 6.05567
9640 6.05099
9650 6.04405
9660 6.03968
9670 6.0345
9680 6.02006
9690 6.00282
9700 5.99557
9710 5.99556
9720 5.99536
9730 5.99576
9740 5.99898
9750 6.00395
9760 6.01399
9770 6.02915
9780 6.04465
9790 6.0626
9800 6.08767
9810 6.12314
9820 6.16002
9830 6.18711
9840 6.19745
9850 6.19516
9860 6.18897
9870 6.18357
9880 6.18445
9890 6.18348
9900 6.17546
9910 6.16907
9920 6.1779
9930 6.19757
9940 6.21407
9950 6.23154
9960 6.2542
9970 6.2714
9980 6.27967
9990 6.28158
10000 6.27272
10010 6.25879
10020 6.26055
10030 6.27989
10040 6.30072
10050 6.3135
10060 6.32386
10070 6.33642
10080 6.35294
10090 6.37715
10100 6.41016
10110 6.44218
10120 6.46877
10130 6.49352
10140 6.50952
10150 6.51411
10160 6.51904
10170 6.51795
10180 6.49663
10190 6.45618
10200 6.40614
10210 6.35716
10220 6.32489
10230 6.31564
10240 6.32036
10250 6.32671
10260 6.32995
10270 6.32932
10280 6.32603
10290 6.32696
10300 6.3354
10310 6.34237
10320 6.34578
10330 6.35611
10340 6.37335
10350 6.39105
10360 6.41059
10370 6.43264
10380 6.4514
10390 6.47107
10400 6.49106
10410 6.49947
10420 6.49773
10430 6.4944
10440 6.48828
10450 6.47505
10460 6.46221
10470 6.45699
10480 6.45654
10490 6.45683
10500 6.45788
10510 6.45659
10520 6.45425
10530 6.45161
10540 6.44248
10550 6.42191
10560 6.40072
10570 6.39049
10580 6.3821
10590 6.36576
10600 6.34619
10610 6.33265
10620 6.32831
10630 6.32894
10640 6.33047
10650 6.32709
10660 6.32158
10670 6.32321
10680 6.3288
10690 6.32585
10700 6.32071
10710 6.33394
10720 6.36645
10730 6.39889
10740 6.42144
10750 6.43675
10760 6.45368
10770 6.47229
10780 6.48905
10790 6.49937
10800 6.49925
10810 6.49196
10820 6.48483
10830 6.47972
10840 6.47722
10850 6.48253
10860 6.48935
10870 6.49814
10880 6.52082
10890 6.5581
10900 6.59076
10910 6.60276
10920 6.60345
10930 6.5969
10940 6.57985
10950 6.55782
10960 6.54387
10970 6.53971
10980 6.53476
10990 6.52642
11000 6.52304
11010 6.5273
11020 6.53422
11030 6.54647
11040 6.56622
11050 6.58637
11060 6.60536
11070 6.63187
11080 6.66471
11090 6.69881
11100 6.73586
11110 6.7828
11120 6.83081
11130 6.86457
11140 6.88122
11150 6.88432
11160 6.88464
11170 6.89135
11180 6.90466
11190 6.92559
11200 6.95558
11210 6.9964
11220 7.04648
11230 7.09448
11240 7.12824
11250 7.15716
11260 7.19024
11270 7.22401
11280 7.24659
11290 7.24779
11300 7.2358
11310 7.23456
11320 7.25661
11330 7.2901
11340 7.32447
11350 7.35656
11360 7.38339
11370 7.39683
11380 7.39357
11390 7.37639
11400 7.35002
11410 7.31563
11420 7.27897
11430 7.24619
11440 7.22595
11450 7.22275
11460 7.22942
11470 7.23464
11480 7.23276
11490 7.22863
11500 7.22926
11510 7.23102
11520 7.2302
11530 7.23376
11540 7.25206
11550 7.28183
11560 7.30945
11570 7.32646
11580 7.33314
11590 7.33621
11600 7.33318
11610 7.32121
11620 7.30442
11630 7.29224
11640 7.28495
11650 7.27967
11660 7.28212
11670 7.29072
11680 7.28745
11690 7.25873
11700 7.21086
11710 7.16714
11720 7.14272
11730 7.13166
11740 7.12131
11750 7.11093
11760 7.10717
11770 7.11125
11780 7.11046
11790 7.08916
11800 7.05123
11810 7.02067
11820 7.00647
11830 7.00034
11840 6.99572
11850 6.99167
11860 6.99139
11870 6.99545
11880 7.00738
11890 7.02562
11900 7.04131
11910 7.04461
11920 7.03114
11930 7.01308
11940 7.00297
11950 7.00609
11960 7.02487
11970 7.05349
11980 7.0817
11990 7.10836
12000 7.13382
12010 7.15481
12020 7.16838
12030 7.17394
12040 7.17697
12050 7.17965
12060 7.18219
12070 7.18945
12080 7.21071
12090 7.24747
12100 7.28478
12110 7.31249
12120 7.33003
12130 7.34061
12140 7.35739
12150 7.38553
12160 7.42368
12170 7.46545
12180 7.50871
12190 7.54432
12200 7.56689
12210 7.58167
12220 7.59493
12230 7.6084
12240 7.61894
12250 7.62997
12260 7.647
12270 7.66818
12280 7.67828
12290 7.66986
12300 7.65141
12310 7.63203
12320 7.6097
12330 7.58887
12340 7.58563
12350 7.60201
12360 7.62703
12370 7.66042
12380 7.69745
12390 7.71811
12400 7.71621
12410 7.70675
12420 7.69965
12430 7.69839
12440 7.70638
12450 7.72308
12460 7.74445
12470 7.77016
12480 7.79582
12490 7.81854
12500 7.83565
12510 7.8438
12520 7.84127
12530 7.83039
12540 7.8168
12550 7.7985
12560 7.77491
12570 7.75473
12580 7.74442
12590 7.7485
12600 7.76845
12610 7.79999
12620 7.82658
12630 7.84035
12640 7.8473
12650 7.85615
12660 7.86271
12670 7.85613
12680 7.84409
12690 7.84193
12700 7.84014
12710 7.83504
12720 7.83292
12730 7.83198
12740 7.82995
12750 7.82718
12760 7.82682
12770 7.83181
12780 7.84558
12790 7.86871
12800 7.9028
12810 7.94057
12820 7.9749
12830 8.00045
12840 8.00849
12850 8.00171
12860 7.99423
12870 7.99807
12880 8.01149
12890 8.02772
12900 8.04722
12910 8.06688
12920 8.07765
12930 8.07256
12940 8.05682
12950 8.04543
12960 8.04871
12970 8.05481
12980 8.04677
12990 8.02918
13000 8.01449
13010 8.00035
13020 7.97943
13030 7.95842
13040 7.9536
13050 7.95868
13060 7.95964
13070 7.95403
13080 7.94615
13090 7.94075
13100 7.93581
13110 7.92819
13120 7.91867
13130 7.90709
13140 7.8978
13150 7.89158
13160 7.88514
13170 7.87884
13180 7.87048
13190 7.8649
13200 7.87223
13210 7.89807
13220 7.93742
13230 7.97651
13240 8.0015
13250 8.00472
13260 7.99097
13270 7.97114
13280 7.95113
13290 7.93017
13300 7.90813
13310 7.89107
13320 7.88727
13330 7.89244
13340 7.8952
13350 7.88932
13360 7.87902
13370 7.87432
13380 7.87981
13390 7.88558
13400 7.88499
13410 7.88878
13420 7.89911
13430 7.90631
13440 7.90724
13450 7.90958
13460 7.91771
13470 7.92024
13480 7.90608
13490 7.88092
13500 7.85477
13510 7.83701
13520 7.83862
13530 7.86369
13540 7.90232
13550 7.93671
13560 7.96127
13570 7.97606
13580 7.98018
13590 7.97304
13600 7.96302
13610 7.95879
13620 7.96071
13630 7.96474
13640 7.96654
13650 7.97439
13660 7.98979
13670 8.00187
13680 8.00969
13690 8.02358
13700 8.05399
13710 8.09894
13720 8.1425
13730 8.1711
13740 8.18404
13750 8.1853
13760 8.17964
13770 8.1683
13780 8.16388
13790 8.16899
13800 8.16311
13810 8.13988
13820 8.11453
13830 8.09683
13840 8.08418
13850 8.07675
13860 8.07539
13870 8.07824
13880 8.08324
13890 8.08636
13900 8.08779
13910 8.09203
13920 8.09199
13930 8.07641
13940 8.04757
13950 8.02263
13960 8.00928
13970 8.00159
13980 7.99778
13990 8.00417
14000 8.02315
14010 8.04119
14020 8.04839
14030 8.05486
14040 8.0678
14050 8.08267
14060 8.09691
14070 8.11135
14080 8.13062
14090 8.15239
14100 8.17024
14110 8.18794
14120 8.21152
14130 8.2396
14140 8.2658
14150 8.28999
14160 8.30959
14170 8.3253
14180 8.33305
14190 8.32147
14200 8.28994
14210 8.25006
14220 8.22248
14230 8.216
14240 8.21719
14250 8.21347
14260 8.20899
14270 8.21013
14280 8.21536
14290 8.21749
14300 8.21492
14310 8.20981
14320 8.20648
14330 8.20926
14340 8.21833
14350 8.22278
14360 8.21044
14370 8.18815
14380 8.16806
14390 8.15282
14400 8.14213
14410 8.1365
14420 8.13436
14430 8.12831
14440 8.11774
14450 8.1169
14460 8.13223
14470 8.15548
14480 8.17887
14490 8.20509
14500 8.23959
14510 8.27601
14520 8.30125
14530 8.31315
14540 8.31343
14550 8.30326
14560 8.28294
14570 8.2568
14580 8.22722
14590 8.20263
14600 8.19746
14610 8.20653
14620 8.21099
14630 8.21679
14640 8.23636
14650 8.265
14660 8.28702
14670 8.29917
14680 8.30796
14690 8.32111
14700 8.34096
14710 8.37223
14720 8.40832
14730 8.43254
14740 8.44487
14750 8.45371
14760 8.4576
14770 8.45785
14780 8.4565
14790 8.45816
14800 8.47397
14810 8.50389
14820 8.53335
14830 8.55014
14840 8.5563
14850 8.55622
14860 8.55096
14870 8.55505
14880 8.56807
14890 8.56392
14900 8.54034
14910 8.51506
14920 8.49314
14930 8.46708
14940 8.44169
14950 8.43244
14960 8.43515
14970 8.43844
14980 8.43159
14990 8.41348
15000 8.39139
15010 8.36545
15020 8.33684
15030 8.31236
15040 8.28742
15050 8.25994
15060 8.24199
15070 8.24088
15080 8.24991
15090 8.25712
15100 8.2576
15110 8.24687
15120 8.23303
15130 8.22894
15140 8.2307
15150 8.23249
15160 8.23798
15170 8.25424
15180 8.28182
15190 8.31765
15200 8.35852
15210 8.39661
15220 8.42677
15230 8.45366
15240 8.47976
15250 8.502
15260 8.52593
15270 8.55848
15280 8.5894
15290 8.60754
15300 8.6213
15310 8.64217
15320 8.66392
15330 8.68253
15340 8.70213
15350 8.72088
15360 8.7389
15370 8.75582
15380 8.76242
15390 8.75302
15400 8.7372
15410 8.72339
15420 8.71568
15430 8.71146
15440 8.69847
15450 8.683
15460 8.68531
15470 8.70751
15480 8.72904
15490 8.73483
15500 8.73015
15510 8.72395
15520 8.71817
15530 8.71334
15540 8.71563
15550 8.72766
15560 8.74974
15570 8.77959
15580 8.81054
15590 8.82847
15600 8.83312
15610 8.82958
15620 8.81726
15630 8.80553
15640 8.79832
15650 8.78576
15660 8.76604
15670 8.75294
15680 8.75064
15690 8.75482
15700 8.76278
15710 8.77118
15720 8.78028
15730 8.79374
15740 8.81323
15750 8.828
15760 8.83738
15770 8.85004
15780 8.86896
15790 8.89875
15800 8.93561
15810 8.96723
15820 8.99513
15830 9.02679
15840 9.06065
15850 9.09018
15860 9.11349
15870 9.13531
15880 9.15601
15890 9.16173
15900 9.15449
15910 9.14899
15920 9.15009
15930 9.15202
15940 9.1523
15950 9.1486
15960 9.12847
15970 9.09838
15980 9.07423
15990 9.06409
16000 9.0699
16010 9.09049
16020 9.11501
16030 9.1338
16040 9.14454
16050 9.15093
16060 9.15588
16070 9.16992
16080 9.19601
16090 9.22494
16100 9.25125
16110 9.27942
16120 9.30999
16130 9.33689
16140 9.35781
16150 9.37687
16160 9.39554
16170 9.41585
16180 9.43752
16190 9.45386
16200 9.46081
16210 9.46353
16220 9.45881
16230 9.44148
16240 9.41854
16250 9.3971
16260 9.3811
16270 9.37106
16280 9.36694
16290 9.36271
16300 9.35995
16310 9.36365
16320 9.3674
16330 9.36649
16340 9.37363
16350 9.40022
16360 9.4389
16370 9.47038
16380 9.49762
16390 9.53288
16400 9.56686
16410 9.59223
16420 9.61815
16430 9.65362
16440 9.69427
16450 9.73222
16460 9.76196
16470 9.77861
16480 9.78426
16490 9.78784
16500 9.79322
16510 9.7904
16520 9.77863
16530 9.76579
16540 9.76506
16550 9.78815
16560 9.83466
16570 9.88919
16580 9.93104
16590 9.94611
16600 9.94624
16610 9.94838
16620 9.95117
16630 9.95143
16640 9.95432
16650 9.96325
16660 9.96927
16670 9.9676
16680 9.96322
16690 9.96308
16700 9.96547
16710 9.97595
16720 10.0015
16730 10.0299
16740 10.048
16750 10.0543
16760 10.0548
16770 10.0598
16780 10.0665
16790 10.0653
16800 10.0484
16810 10.0177
16820 9.97956
16830 9.94462
16840 9.92825
16850 9.92692
16860 9.92582
16870 9.91764
16880 9.90701
16890 9.89645
16900 9.8842
16910 9.87671
16920 9.86996
16930 9.86154
16940 9.85934
16950 9.87493
16960 9.90243
16970 9.91967
16980 9.92113
16990 9.91836
17000 9.90865
17010 9.89551
17020 9.89731
17030 9.91731
17040 9.94214
17050 9.96341
17060 9.97542
17070 9.97409
17080 9.95978
17090 9.9341
17100 9.90671
17110 9.89297
17120 9.90556
17130 9.94109
17140 9.98994
17150 10.0428
17160 10.0957
17170 10.139
17180 10.1612
17190 10.1651
17200 10.1626
17210 10.159
17220 10.1609
17230 10.1682
17240 10.1721
17250 10.1691
17260 10.1585
17270 10.1387
17280 10.1135
17290 10.0892
17300 10.0641
17310 10.0467
17320 10.039
17330 10.0283
17340 10.0154
17350 10.0085
17360 10.0083
17370 10.0103
17380 10.0168
17390 10.026
17400 10.0272
17410 10.0077
17420 9.98238
17430 9.97003
17440 9.97168
17450 9.97969
17460 10.003
17470 10.0503
17480 10.1034
17490 10.1362
17500 10.1576
17510 10.1779
17520 10.1925
17530 10.1984
17540 10.2031
17550 10.2175
17560 10.2376
17570 10.2554
17580 10.2755
17590 10.2966
17600 10.3067
17610 10.3102
17620 10.3177
17630 10.3259
17640 10.3295
17650 10.3305
17660 10.3342
17670 10.3354
17680 10.3344
17690 10.3345
17700 10.3328
17710 10.3318
17720 10.3419
17730 10.3612
17740 10.378
17750 10.3914
17760 10.4048
17770 10.4111
17780 10.4007
17790 10.3737
17800 10.3471
17810 10.3358
17820 10.3343
17830 10.3356
17840 10.346
17850 10.3702
17860 10.3979
17870 10.4164
17880 10.4358
17890 10.4678
17900 10.5067
17910 10.5457
17920 10.5859
17930 10.6274
17940 10.6615
17950 10.6886
17960 10.7188
17970 10.7556
17980 10.7967
17990 10.8352
18000 10.8584
18010 10.8654
18020 10.8704
18030 10.8722
18040 10.8538
18050 10.8266
18060 10.8198
18070 10.8336
18080 10.8535
18090 10.8762
18100 10.8974
18110 10.8981
18120 10.879
18130 10.8642
18140 10.8672
18150 10.8806
18160 10.8981
18170 10.9133
18180 10.9169
18190 10.9131
18200 10.919
18210 10.9436
18220 10.9819
18230 11.0278
18240 11.0724
18250 11.1102
18260 11.1398
18270 11.1497
18280 11.1394
18290 11.1237
18300 11.1094
18310 11.0991
18320 11.0912
18330 11.0873
18340 11.0957
18350 11.1161
18360 11.1318
18370 11.1235
18380 11.0906
18390 11.0443
18400 10.9972
18410 10.9532
18420 10.9154
18430 10.8966
18440 10.8995
18450 10.9075
18460 10.9118
18470 10.925
18480 10.947
18490 10.9715
18500 11.0035
18510 11.0433
18520 11.0757
18530 11.0931
18540 11.1026
18550 11.1103
18560 11.1163
18570 11.1178
18580 11.1176
18590 11.1176
18600 11.1169
18610 11.1209
18620 11.1383
18630 11.1628
18640 11.1796
18650 11.1893
18660 11.2025
18670 11.2184
18680 11.2265
18690 11.2282
18700 11.2334
18710 11.2423
18720 11.2498
18730 11.2539
18740 11.2475
18750 11.2267
18760 11.2018
18770 11.1772
18780 11.1528
18790 11.1288
18800 11.1041
18810 11.0768
18820 11.0439
18830 11.0084
18840 10.9843
18850 10.9787
18860 10.9862
18870 10.9932
18880 10.9962
18890 10.9987
18900 10.9955
18910 10.9776
18920 10.9429
18930 10.9018
18940 10.8689
18950 10.8474
18960 10.8368
18970 10.8388
18980 10.8541
18990 10.8799
19000 10.9125
19010 10.9524
19020 10.994
19030 11.0232
19040 11.0248
19050 11.0164
19060 11.0173
19070 11.0256
19080 11.0417
19090 11.0654
19100 11.0963
19110 11.1361
19120 11.1696
19130 11.1806
19140 11.1764
19150 11.1658
19160 11.1443
19170 11.1056
19180 11.0571
19190 11.0116
19200 10.97
19210 10.9323
19220 10.9084
19230 10.9051
19240 10.9177
19250 10.9388
19260 10.9558
19270 10.9665
19280 10.9811
19290 10.9993
19300 11.0139
19310 11.0245
19320 11.0399
19330 11.0604
19340 11.0859
19350 11.1174
19360 11.1485
19370 11.169
19380 11.1772
19390 11.1734
19400 11.1506
19410 11.1114
19420 11.0737
19430 11.0522
19440 11.0497
19450 11.0775
19460 11.1345
19470 11.1981
19480 11.2498
19490 11.2932
19500 11.3357
19510 11.3666
19520 11.3817
19530 11.3889
19540 11.3889
19550 11.3701
19560 11.3322
19570 11.2925
19580 11.2681
19590 11.2662
19600 11.285
19610 11.3166
19620 11.35
19630 11.367
19640 11.3669
19650 11.3705
19660 11.3884
19670 11.4135
19680 11.4322
19690 11.4374
19700 11.4374
19710 11.445
19720 11.4554
19730 11.4625
19740 11.4646
19750 11.4678
19760 11.4714
19770 11.4743
19780 11.4771
19790 11.4752
19800 11.4815
19810 11.5098
19820 11.5582
19830 11.6129
19840 11.6668
19850 11.717
19860 11.7451
19870 11.7317
19880 11.6849
19890 11.6323
19900 11.6035
19910 11.6079
19920 11.6391
19930 11.6899
19940 11.7498
19950 11.8033
19960 11.8316
19970 11.8221
19980 11.7886
19990 11.7572
20000 11.7527
20010 11.782
20020 11.8396
20030 11.9074
20040 11.9575
20050 11.982
20060 11.9988
20070 12.0082
20080 12.0027
20090 11.9854
20100 11.9725
20110 11.968
20120 11.9714
20130 12.0013
20140 12.0651
20150 12.131
20160 12.1784
20170 12.2182
20180 12.2611
20190 12.2984
20200 12.3246
20210 12.3434
20220 12.3661
20230 12.3822
20240 12.375
20250 12.3654
20260 12.3719
20270 12.3859
20280 12.4035
20290 12.4266
20300 12.4365
20310 12.4117
20320 12.3481
20330 12.2616
20340 12.1709
20350 12.0963
20360 12.0579
20370 12.0579
20380 12.0782
20390 12.1033
20400 12.1302
20410 12.1516
20420 12.1582
20430 12.1571
20440 12.1548
20450 12.1483
20460 12.1363
20470 12.1236
20480 12.117
20490 12.1132
20500 12.1098
20510 12.1196
20520 12.1456
20530 12.1701
20540 12.1919
20550 12.2106
20560 12.217
20570 12.2067
20580 12.1878
20590 12.1715
20600 12.1657
20610 12.1733
20620 12.1828
20630 12.1898
20640 12.2075
20650 12.2427
20660 12.2805
20670 12.3034
20680 12.3098
20690 12.3111
20700 12.3141
20710 12.3172
20720 12.3196
20730 12.3116
20740 12.2929
20750 12.2843
20760 12.3006
20770 12.3322
20780 12.3658
20790 12.3953
20800 12.4252
20810 12.4618
20820 12.5054
20830 12.5493
20840 12.5923
20850 12.644
20860 12.7076
20870 12.7689
20880 12.8166
20890 12.857
20900 12.8945
20910 12.9219
20920 12.9276
20930 12.9142
20940 12.8879
20950 12.8538
20960 12.8175
20970 12.7911
20980 12.7826
20990 12.7934
21000 12.8209
21010 12.8634
21020 12.9116
21030 12.9473
21040 12.9523
21050 12.9261
21060 12.8822
21070 12.8472
21080 12.8438
21090 12.8758
21100 12.9291
21110 12.9902
21120 13.0502
21130 13.0947
21140 13.1178
21150 13.1257
21160 13.1234
21170 13.1206
21180 13.1212
21190 13.1272
21200 13.1432
21210 13.1661
21220 13.1822
21230 13.184
21240 13.1762
21250 13.1664
21260 13.1437
21270 13.1021
21280 13.0595
21290 13.0252
21300 12.9961
21310 12.9654
21320 12.9259
21330 12.8755
21340 12.8346
21350 12.8199
21360 12.8213
21370 12.8212
21380 12.8106
21390 12.7933
21400 12.7783
21410 12.7717
21420 12.7715
21430 12.7779
21440 12.7983
21450 12.8357
21460 12.871
21470 12.8837
21480 12.8761
21490 12.8655
21500 12.8508
21510 12.8418
21520 12.8528
21530 12.8825
21540 12.9163
21550 12.9489
21560 12.9755
21570 12.9903
21580 12.9944
21590 12.9948
21600 12.9865
21610 12.9676
21620 12.9535
21630 12.9514
21640 12.9562
21650 12.9713
21660 12.9995
21670 13.0335
21680 13.0606
21690 13.076
21700 13.0792
21710 13.0727
21720 13.0569
21730 13.0345
21740 13.0076
21750 12.9765
21760 12.9487
21770 12.9297
21780 12.928
21790 12.9517
21800 12.9957
21810 13.0409
21820 13.0724
21830 13.084
21840 13.0817
21850 13.0777
21860 13.0787
21870 13.0895
21880 13.1247
21890 13.1974
21900 13.2978
21910 13.3805
21920 13.4079
21930 13.3876
21940 13.3405
21950 13.2794
21960 13.2185
21970 13.1626
21980 13.1158
21990 13.0851
22000 13.0744
22010 13.0782
22020 13.0916
22030 13.1163
22040 13.1493
22050 13.1757
22060 13.1867
22070 13.1914
22080 13.1999
22090 13.2064
22100 13.2103
22110 13.2195
22120 13.246
22130 13.2906
22140 13.3227
22150 13.3198
22160 13.2973
22170 13.278
22180 13.2658
22190 13.2466
22200 13.2197
22210 13.1997
22220 13.1885
22230 13.184
22240 13.187
22250 13.2011
22260 13.2193
22270 13.2339
22280 13.2382
22290 13.2289
22300 13.2239
22310 13.233
22320 13.2399
22330 13.2301
22340 13.2156
22350 13.2095
22360 13.2087
22370 13.2026
22380 13.1891
22390 13.1771
22400 13.1653
22410 13.1502
22420 13.1363
22430 13.1235
22440 13.1021
22450 13.0766
22460 13.0646
22470 13.0776
22480 13.1059
22490 13.1386
22500 13.1674
22510 13.1855
22520 13.1844
22530 13.1707
22540 13.1505
22550 13.13
22560 13.1138
22570 13.1065
22580 13.1168
22590 13.1413
22600 13.1619
22610 13.167
22620 13.1624
22630 13.1489
22640 13.1323
22650 13.12
22660 13.1083
22670 13.1009
22680 13.1075
22690 13.1272
22700 13.1524
22710 13.1713
22720 13.186
22730 13.1971
22740 13.2107
22750 13.2319
22760 13.2532
22770 13.2515
22780 13.2281
22790 13.2073
22800 13.1948
22810 13.1743
22820 13.15
22830 13.142
22840 13.1533
22850 13.1782
22860 13.208
22870 13.235
22880 13.2526
22890 13.2655
22900 13.2856
22910 13.3072
22920 13.308
22930 13.2908
22940 13.2827
22950 13.2898
22960 13.3079
22970 13.3314
22980 13.3409
22990 13.328
23000 13.3067
23010 13.2875
23020 13.2882
23030 13.3181
23040 13.3573
23050 13.3859
23060 13.4054
23070 13.42
23080 13.4251
23090 13.4196
23100 13.4214
23110 13.4403
23120 13.4607
23130 13.4642
23140 13.4552
23150 13.4392
23160 13.4187
23170 13.4069
23180 13.4086
23190 13.4044
23200 13.3937
23210 13.3951
23220 13.4141
23230 13.428
23240 13.423
23250 13.416
23260 13.4155
23270 13.4146
23280 13.4132
23290 13.4137
23300 13.416
23310 13.4199
23320 13.4321
23330 13.4598
23340 13.4831
23350 13.4794
23360 13.4641
23370 13.4706
23380 13.5008
23390 13.5341
23400 13.5611
23410 13.5813
23420 13.5892
23430 13.5736
23440 13.535
23450 13.4798
23460 13.4196
23470 13.385
23480 13.391
23490 13.4188
23500 13.4572
23510 13.5013
23520 13.5383
23530 13.5561
23540 13.5601
23550 13.5636
23560 13.5751
23570 13.5988
23580 13.6254
23590 13.6423
23600 13.6512
23610 13.6592
23620 13.6634
23630 13.6663
23640 13.6792
23650 13.6992
23660 13.7144
23670 13.7276
23680 13.7477
23690 13.7718
23700 13.7781
23710 13.7666
23720 13.7519
23730 13.7536
23740 13.785
23750 13.8353
23760 13.8892
23770 13.933
23780 13.9594
23790 13.9698
23800 13.9666
23810 13.9592
23820 13.9503
23830 13.945
23840 13.9515
23850 13.9611
23860 13.9809
23870 14.0217
23880 14.0692
23890 14.0982
23900 14.1065
23910 14.0967
23920 14.0718
23930 14.0415
23940 14.0099
23950 13.987
23960 13.9918
23970 14.0245
23980 14.0619
23990 14.0952
24000 14.1215
24010 14.129
24020 14.1084
24030 14.0773
24040 14.0508
24050 14.0288
24060 14.0015
24070 13.9635
24080 13.9217
24090 13.8976
24100 13.9104
24110 13.9594
24120 14.0253
24130 14.0873
24140 14.1436
24150 14.1863
24160 14.2038
24170 14.2
24180 14.1793
24190 14.1539
24200 14.1436
24210 14.1677
24220 14.2193
24230 14.2816
24240 14.3377
24250 14.377
24260 14.4011
24270 14.4216
24280 14.4375
24290 14.4297
24300 14.3941
24310 14.3587
24320 14.3425
24330 14.3256
24340 14.3063
24350 14.3054
24360 14.3363
24370 14.3909
24380 14.4598
24390 14.5334
24400 14.6115
24410 14.6972
24420 14.7701
24430 14.8031
24440 14.7974
24450 14.7742
24460 14.7504
24470 14.7233
24480 14.6878
24490 14.6494
24500 14.6144
24510 14.5924
24520 14.5903
24530 14.5935
24540 14.5844
24550 14.5615
24560 14.5308
24570 14.5031
24580 14.495
24590 14.5061
24600 14.5248
24610 14.5529
24620 14.5863
24630 14.6085
24640 14.6107
24650 14.6005
24660 14.5902
24670 14.573
24680 14.5461
24690 14.5297
24700 14.5423
24710 14.5805
24720 14.6321
24730 14.6912
24740 14.7582
24750 14.8268
24760 14.8852
24770 14.9197
24780 14.9346
24790 14.9408
24800 14.9385
24810 14.937
24820 14.9408
24830 14.9429
24840 14.9361
24850 14.93
24860 14.9356
24870 14.9456
24880 14.9427
24890 14.9234
24900 14.8849
24910 14.8319
24920 14.7902
24930 14.7651
24940 14.741
24950 14.7285
24960 14.7319
24970 14.7353
24980 14.7254
24990 14.7042
25000 14.6755
25010 14.6499
25020 14.6269
25030 14.5963
25040 14.5562
25050 14.5188
25060 14.4947
25070 14.483
25080 14.4765
25090 14.4769
25100 14.4868
25110 14.4973
25120 14.5005
25130 14.5093
25140 14.5239
25150 14.5362
25160 14.5545
25170 14.5836
25180 14.6187
25190 14.6588
25200 14.7035
25210 14.7475
25220 14.7915
25230 14.8213
25240 14.8287
25250 14.8293
25260 14.8371
25270 14.8468
25280 14.8497
25290 14.8633
25300 14.9083
25310 14.9679
25320 15.0204
25330 15.0728
25340 15.121
25350 15.1446
25360 15.1504
25370 15.1587
25380 15.1714
25390 15.1801
25400 15.1739
25410 15.1514
25420 15.1137
25430 15.0691
25440 15.0222
25450 14.9843
25460 14.968
25470 14.9633
25480 14.9488
25490 14.9358
25500 14.9422
25510 14.9585
25520 14.9673
25530 14.9571
25540 14.9405
25550 14.9228
25560 14.9035
25570 14.8873
25580 14.8746
25590 14.869
25600 14.8868
25610 14.9348
25620 14.9934
25630 15.0517
25640 15.1099
25650 15.1646
25660 15.21
25670 15.2419
25680 15.2596
25690 15.273
25700 15.2972
25710 15.3285
25720 15.3556
25730 15.3779
25740 15.3986
25750 15.4215
25760 15.4406
25770 15.4487
25780 15.4471
25790 15.4489
25800 15.4538
25810 15.4497
25820 15.4342
25830 15.4165
25840 15.399
25850 15.3798
25860 15.3661
25870 15.3574
25880 15.3454
25890 15.3212
25900 15.2894
25910 15.2559
25920 15.2231
25930 15.1883
25940 15.1528
25950 15.1175
25960 15.0885
25970 15.0799
25980 15.095
25990 15.1198
26000 15.1482
26010 15.1717
26020 15.1826
26030 15.183
26040 15.1808
26050 15.1751
26060 15.1598
26070 15.1411
26080 15.1277
26090 15.1183
26100 15.1157
26110 15.1279
26120 15.1491
26130 15.1821
26140 15.2283
26150 15.2709
26160 15.301
26170 15.3243
26180 15.354
26190 15.4046
26200 15.4692
26210 15.5313
26220 15.5936
26230 15.6572
26240 15.7168
26250 15.7736
26260 15.8247
26270 15.851
26280 15.842
26290 15.8162
26300 15.8115
26310 15.8358
26320 15.8738
26330 15.9195
26340 15.9681
26350 15.9914
26360 15.9734
26370 15.9429
26380 15.9233
26390 15.902
26400 15.8784
26410 15.8756
26420 15.8837
26430 15.8703
26440 15.8497
26450 15.857
26460 15.8906
26470 15.9293
26480 15.9708
26490 16.0075
26500 16.0273
26510 16.0309
26520 16.0196
26530 15.9846
26540 15.9335
26550 15.8789
26560 15.8255
26570 15.785
26580 15.768
26590 15.7719
26600 15.7869
26610 15.8096
26620 15.8314
26630 15.8545
26640 15.8868
26650 15.9194
26660 15.9387
26670 15.9508
26680 15.9687
26690 15.9955
26700 16.0248
26710 16.0526
26720 16.0682
26730 16.0732
26740 16.0867
26750 16.1122
26760 16.1456
26770 16.1933
26780 16.2572
26790 16.324
26800 16.3752
26810 16.4041
26820 16.4154
26830 16.4141
26840 16.4075
26850 16.4021
26860 16.3928
26870 16.3829
26880 16.3923
26890 16.4198
26900 16.4445
26910 16.4549
26920 16.4596
26930 16.4582
26940 16.4559
26950 16.4595
26960 16.469
26970 16.4792
26980 16.4836
26990 16.4868
27000 16.4886
27010 16.4827
27020 16.4632
27030 16.4395
27040 16.4183
27050 16.4048
27060 16.41
27070 16.4337
27080 16.4641
27090 16.4842
27100 16.4852
27110 16.4773
27120 16.4775
27130 16.4885
27140 16.4991
27150 16.5006
27160 16.4957
27170 16.4986
27180 16.5198
27190 16.5436
27200 16.5551
27210 16.5603
27220 16.5692
27230 16.5804
27240 16.5828
27250 16.5783
27260 16.5803
27270 16.5987
27280 16.6256
27290 16.6514
27300 16.6769
27310 16.7092
27320 16.7396
27330 16.766
27340 16.804
27350 16.861
27360 16.9239
27370 16.9855
27380 17.0423
27390 17.0794
27400 17.0966
27410 17.1085
27420 17.1192
27430 17.1201
27440 17.1071
27450 17.0936
27460 17.0953
27470 17.1108
27480 17.1339
27490 17.1701
27500 17.2103
27510 17.2385
27520 17.2504
27530 17.2517
27540 17.2445
27550 17.219
27560 17.1786
27570 17.1406
27580 17.1131
27590 17.0936
27600 17.0867
27610 17.1043
27620 17.1458
27630 17.198
27640 17.2452
27650 17.2802
27660 17.2982
27670 17.2996
27680 17.2852
27690 17.2595
27700 17.2336
27710 17.2206
27720 17.2319
27730 17.2576
27740 17.2905
27750 17.3296
27760 17.3679
27770 17.3848
27780 17.3787
27790 17.3634
27800 17.3543
27810 17.3581
27820 17.3715
27830 17.391
27840 17.4095
27850 17.4185
27860 17.4162
27870 17.4021
27880 17.3842
27890 17.3764
27900 17.3837
27910 17.388
27920 17.367
27930 17.3273
27940 17.2966
27950 17.2714
27960 17.2393
27970 17.2051
27980 17.1751
27990 17.1355
28000 17.076
28010 17.0105
28020 16.953
28030 16.9103
28040 16.8821
28050 16.859
28060 16.8285
28070 16.7935
28080 16.7756
28090 16.7826
28100 16.7838
28110 16.7537
28120 16.7023
28130 16.6495
28140 16.6022
28150 16.5557
28160 16.5044
28170 16.4562
28180 16.4268
28190 16.4133
28200 16.4025
28210 16.3988
28220 16.4114
28230 16.4391
28240 16.4723
28250 16.5047
28260 16.5359
28270 16.5769
28280 16.6208
28290 16.6562
28300 16.6845
28310 16.703
28320 16.7121
28330 16.7087
28340 16.7009
28350 16.7045
28360 16.7235
28370 16.7565
28380 16.8039
28390 16.8595
28400 16.9121
28410 16.9531
28420 16.9819
28430 16.9972
28440 17.0037
28450 17.0052
28460 17.0064
28470 17.0092
28480 17.0179
28490 17.0406
28500 17.0719
28510 17.1053
28520 17.1348
28530 17.154
28540 17.1568
28550 17.1471
28560 17.1307
28570 17.111
28580 17.0917
28590 17.0798
28600 17.0819
28610 17.0881
28620 17.075
28630 17.0465
28640 17.0157
28650 16.9865
28660 16.9676
28670 16.958
28680 16.9552
28690 16.9636
28700 16.9819
28710 16.9912
28720 16.9902
28730 16.994
28740 17.0137
28750 17.0389
28760 17.0528
28770 17.0568
28780 17.053
28790 17.0478
28800 17.0572
28810 17.0835
28820 17.1114
28830 17.1211
28840 17.1026
28850 17.0707
28860 17.049
28870 17.0442
28880 17.0524
28890 17.0812
28900 17.1329
28910 17.1833
28920 17.2055
28930 17.2011
28940 17.1923
28950 17.1864
28960 17.1773
28970 17.1646
28980 17.1613
28990 17.1765
29000 17.2003
29010 17.2156
29020 17.2278
29030 17.2439
29040 17.2574
29050 17.2734
29060 17.307
29070 17.3496
29080 17.3944
29090 17.4491
29100 17.5039
29110 17.5371
29120 17.5437
29130 17.5478
29140 17.556
29150 17.5528
29160 17.5428
29170 17.5546
29180 17.5955
29190 17.6403
29200 17.6705
29210 17.6865
29220 17.6724
29230 17.6348
29240 17.6033
29250 17.6017
29260 17.634
29270 17.6826
29280 17.7324
29290 17.7639
29300 17.7643
29310 17.7367
29320 17.6899
29330 17.6351
29340 17.589
29350 17.5574
29360 17.5375
29370 17.5302
29380 17.5232
29390 17.5238
29400 17.5388
29410 17.5528
29420 17.5556
29430 17.5467
29440 17.5228
29450 17.4876
29460 17.4752
29470 17.5045
29480 17.5729
29490 17.6645
29500 17.7409
29510 17.7839
29520 17.8053
29530 17.8187
29540 17.8253
29550 17.8267
29560 17.8265
29570 17.8297
29580 17.8344
29590 17.8439
29600 17.8571
29610 17.8737
29620 17.9012
29630 17.9345
29640 17.9429
29650 17.9149
29660 17.8651
29670 17.809
29680 17.7555
29690 17.7178
29700 17.7032
29710 17.7098
29720 17.731
29730 17.746
29740 17.7372
29750 17.7151
29760 17.7036
29770 17.71
29780 17.7181
29790 17.7244
29800 17.7383
29810 17.751
29820 17.7346
29830 17.6873
29840 17.6369
29850 17.6022
29860 17.5678
29870 17.5269
29880 17.5001
29890 17.501
29900 17.5196
29910 17.5395
29920 17.559
29930 17.5773
29940 17.5924
29950 17.6153
29960 17.6395
29970 17.6582
29980 17.6857
29990 17.7144
30000 17.7174
30010 17.701
30020 17.6988
30030 17.7349
30040 17.7956
30050 17.8493
30060 17.8883
30070 17.9177
30080 17.94
30090 17.9517
30100 17.9659
30110 18.0001
30120 18.0571
30130 18.126
30140 18.1932
30150 18.2434
30160 18.2644
30170 18.2608
30180 18.2547
30190 18.2596
30200 18.2745
30210 18.2978
30220 18.3188
30230 18.3336
30240 18.3452
30250 18.3534
30260 18.3651
30270 18.3888
30280 18.4298
30290 18.4801
30300 18.5305
30310 18.5679
30320 18.5875
30330 18.5825
30340 18.5467
30350 18.4962
30360 18.4572
30370 18.4433
30380 18.4451
30390 18.4503
30400 18.4433
30410 18.4133
30420 18.3644
30430 18.3078
30440 18.2555
30450 18.2166
30460 18.1977
30470 18.2158
30480 18.2686
30490 18.3377
30500 18.4132
30510 18.488
30520 18.555
30530 18.6082
30540 18.6389
30550 18.6483
30560 18.6574
30570 18.6869
30580 18.7308
30590 18.7792
30600 18.8242
30610 18.8526
30620 18.8683
30630 18.8899
30640 18.9256
30650 18.9547
30660 18.9631
30670 18.9587
30680 18.9534
30690 18.9454
30700 18.9276
30710 18.9075
30720 18.8949
30730 18.8879
30740 18.8858
30750 18.8868
30760 18.8792
30770 18.8541
30780 18.8192
30790 18.7873
30800 18.7553
30810 18.7231
30820 18.6805
30830 18.623
30840 18.5598
30850 18.4973
30860 18.442
30870 18.3919
30880 18.3505
30890 18.326
30900 18.3177
30910 18.3124
30920 18.3019
30930 18.2943
30940 18.2944
30950 18.2891
30960 18.2697
30970 18.2479
30980 18.2438
30990 18.2481
31000 18.2408
31010 18.2231
31020 18.2151
31030 18.2273
31040 18.2536
31050 18.2735
31060 18.2794
31070 18.2785
31080 18.2739
31090 18.2625
31100 18.2475
31110 18.2393
31120 18.2365
31130 18.234
31140 18.2351
31150 18.2342
31160 18.2209
31170 18.2014
31180 18.1855
31190 18.1865
31200 18.2003
31210 18.2204
31220 18.242
31230 18.2622
31240 18.2862
31250 18.3032
31260 18.2998
31270 18.2966
31280 18.3262
31290 18.3672
31300 18.3875
31310 18.4
31320 18.4315
31330 18.4734
31340 18.4988
31350 18.5161
31360 18.55
31370 18.598
31380 18.6382
31390 18.6583
31400 18.6622
31410 18.6561
31420 18.6566
31430 18.6759
31440 18.6977
31450 18.7078
31460 18.7124
31470 18.7013
31480 18.6679
31490 18.6279
31500 18.6056
31510 18.6094
31520 18.6255
31530 18.6343
31540 18.6293
31550 18.6242
31560 18.6314
31570 18.6323
31580 18.6077
31590 18.5785
31600 18.5711
31610 18.5713
31620 18.5502
31630 18.5142
31640 18.4795
31650 18.4551
31660 18.4509
31670 18.4726
31680 18.5173
31690 18.5596
31700 18.5916
31710 18.6269
31720 18.6708
31730 18.7114
31740 18.7377
31750 18.7515
31760 18.7611
31770 18.7751
31780 18.8026
31790 18.8408
31800 18.871
31810 18.8877
31820 18.8894
31830 18.8736
31840 18.8495
31850 18.8304
31860 18.8185
31870 18.7998
31880 18.7707
31890 18.7419
31900 18.7215
31910 18.705
31920 18.6844
31930 18.6754
31940 18.6888
31950 18.7128
31960 18.7159
31970 18.6956
31980 18.6762
31990 18.6602
32000 18.6286
32010 18.5848
32020 18.5424
32030 18.5081
32040 18.4867
32050 18.4955
32060 18.5341
32070 18.5837
32080 18.6277
32090 18.665
32100 18.6947
32110 18.7308
32120 18.7829
32130 18.8485
32140 18.9117
32150 18.9594
32160 18.9931
32170 19.0195
32180 19.0419
32190 19.0638
32200 19.0822
32210 19.0894
32220 19.1037
32230 19.14
32240 19.1745
32250 19.1867
32260 19.1763
32270 19.1452
32280 19.0955
32290 19.0376
32300 18.9894
32310 18.9614
32320 18.9455
32330 18.9413
32340 18.9432
32350 18.9259
32360 18.8861
32370 18.8465
32380 18.8149
32390 18.786
32400 18.7572
32410 18.727
32420 18.695
32430 18.6683
32440 18.6564
32450 18.6557
32460 18.6549
32470 18.6534
32480 18.6479
32490 18.6307
32500 18.6165
32510 18.6273
32520 18.6605
32530 18.6918
32540 18.7109
32550 18.7355
32560 18.7622
32570 18.7752
32580 18.7826
32590 18.7957
32600 18.8194
32610 18.851
32620 18.8933
32630 18.9586
32640 19.0443
32650 19.1341
32660 19.2092
32670 19.2663
32680 19.3123
32690 19.3332
32700 19.315
32710 19.2816
32720 19.2682
32730 19.289
32740 19.3407
32750 19.4062
32760 19.4729
32770 19.5283
32780 19.5494
32790 19.5373
32800 19.5202
32810 19.518
32820 19.5336
32830 19.5449
32840 19.5242
32850 19.4736
32860 19.4237
32870 19.3863
32880 19.3616
32890 19.3632
32900 19.4118
32910 19.5013
32920 19.6063
32930 19.7168
32940 19.8151
32950 19.8819
32960 19.9124
32970 19.9178
32980 19.9162
32990 19.9071
33000 19.8992
33010 19.9013
33020 19.9099
33030 19.9135
33040 19.9056
33050 19.8948
33060 19.8862
33070 19.8752
33080 19.8644
33090 19.8498
33100 19.8352
33110 19.8408
33120 19.8741
33130 19.9165
33140 19.9477
33150 19.9471
33160 19.9098
33170 19.8609
33180 19.8359
33190 19.8341
33200 19.8483
33210 19.8858
33220 19.9412
33230 19.9873
33240 20.0099
33250 20.0173
33260 20.0131
33270 20.0065
33280 20.007
33290 20.0073
33300 19.9915
33310 19.9813
33320 19.9957
33330 20.0179
33340 20.0415
33350 20.0654
33360 20.0643
33370 20.0238
33380 19.9694
33390 19.9231
33400 19.887
33410 19.8632
33420 19.8478
33430 19.8393
33440 19.8391
33450 19.8375
33460 19.8335
33470 19.8313
33480 19.8319
33490 19.8327
33500 19.8302
33510 19.8068
33520 19.7662
33530 19.7283
33540 19.7032
33550 19.7029
33560 19.7397
33570 19.8099
33580 19.8859
33590 19.949
33600 20.0071
33610 20.0622
33620 20.1135
33630 20.176
33640 20.2518
33650 20.31
33660 20.3346
33670 20.3242
33680 20.291
33690 20.2669
33700 20.2688
33710 20.2773
33720 20.2724
33730 20.2474
33740 20.2161
33750 20.1834
33760 20.1504
33770 20.1227
33780 20.0949
33790 20.0601
33800 20.0183
33810 19.9728
33820 19.9427
33830 19.9459
33840 19.9712
33850 19.9919
33860 19.9954
33870 19.9971
33880 20.0146
33890 20.0448
33900 20.0861
33910 20.1414
33920 20.1861
33930 20.1909
33940 20.1629
33950 20.1221
33960 20.0781
33970 20.0481
33980 20.0532
33990 20.0828
34000 20.101
34010 20.0967
34020 20.0743
34030 20.0265
34040 19.9492
34050 19.867
34060 19.8036
34070 19.7723
34080 19.7804
34090 19.8241
34100 19.8817
34110 19.948
34120 20.0207
34130 20.0889
34140 20.132
34150 20.1468
34160 20.1441
34170 20.1384
34180 20.1394
34190 20.1458
34200 20.1655
34210 20.1986
34220 20.2246
34230 20.2176
34240 20.1725
34250 20.1037
34260 20.0382
34270 19.9936
34280 19.9778
34290 19.9872
34300 20.0146
34310 20.0575
34320 20.0955
34330 20.1111
34340 20.1113
34350 20.1095
34360 20.1171
34370 20.1238
34380 20.1212
34390 20.124
34400 20.1489
34410 20.1838
34420 20.21
34430 20.2242
34440 20.2269
34450 20.2216
34460 20.2286
34470 20.2532
34480 20.3056
34490 20.3902
34500 20.4757
34510 20.5326
34520 20.5646
34530 20.5737
34540 20.5517
34550 20.4972
34560 20.4332
34570 20.3835
34580 20.36
34590 20.3579
34600 20.3675
34610 20.3853
34620 20.4056
34630 20.4266
34640 20.443
34650 20.45
34660 20.4579
34670 20.4763
34680 20.5095
34690 20.5535
34700 20.6066
34710 20.6532
34720 20.6709
34730 20.6588
34740 20.6438
34750 20.6429
34760 20.6527
34770 20.6669
34780 20.6854
34790 20.704
34800 20.7183
34810 20.7299
34820 20.7434
34830 20.7527
34840 20.7499
34850 20.7475
34860 20.7572
34870 20.7623
34880 20.7463
34890 20.7208
34900 20.7033
34910 20.6875
34920 20.6702
34930 20.6511
34940 20.6226
34950 20.581
34960 20.5424
34970 20.5159
34980 20.5013
34990 20.4983
35000 20.532
35010 20.608
35020 20.6851
35030 20.7283
35040 20.7521
35050 20.7683
35060 20.7629
35070 20.7361
35080 20.706
35090 20.6872
35100 20.6862
35110 20.7051
35120 20.7412
35130 20.7862
35140 20.8359
35150 20.8942
35160 20.9387
35170 20.9437
35180 20.9174
35190 20.891
35200 20.8779
35210 20.8761
35220 20.8798
35230 20.8785
35240 20.8715
35250 20.8633
35260 20.8513
35270 20.8395
35280 20.8296
35290 20.8233
35300 20.8128
35310 20.7935
35320 20.7737
35330 20.7628
35340 20.7625
35350 20.7716
35360 20.782
35370 20.7748
35380 20.7378
35390 20.6904
35400 20.6558
35410 20.6435
35420 20.6694
35430 20.7399
35440 20.8373
35450 20.9305
35460 21.0064
35470 21.0582
35480 21.0882
35490 21.106
35500 21.1301
35510 21.1737
35520 21.2307
35530 21.2855
35540 21.3219
35550 21.3311
35560 21.3203
35570 21.305
35580 21.2932
35590 21.2747
35600 21.2442
35610 21.2
35620 21.1451
35630 21.086
35640 21.0216
35650 20.9527
35660 20.8945
35670 20.8541
35680 20.8157
35690 20.7799
35700 20.7532
35710 20.7107
35720 20.6485
35730 20.586
35740 20.5409
35750 20.5127
35760 20.5047
35770 20.5288
35780 20.5766
35790 20.6358
35800 20.7039
35810 20.7591
35820 20.7925
35830 20.8163
35840 20.8303
35850 20.8345
35860 20.8291
35870 20.8066
35880 20.7664
35890 20.7228
35900 20.6867
35910 20.6661
35920 20.6668
35930 20.6844
35940 20.7007
35950 20.7084
35960 20.7155
35970 20.7257
35980 20.7291
35990 20.7197
36000 20.7114
36010 20.7175
36020 20.7374
36030 20.7604
36040 20.7899
36050 20.8299
36060 20.8606
36070 20.8663
36080 20.8606
36090 20.8553
36100 20.8416
36110 20.8171
36120 20.7913
36130 20.7603
36140 20.7146
36150 20.6551
36160 20.6028
36170 20.5753
36180 20.5785
36190 20.6077
36200 20.6419
36210 20.6653
36220 20.6762
36230 20.6803
36240 20.6838
36250 20.6787
36260 20.6793
36270 20.6996
36280 20.7207
36290 20.7218
36300 20.703
36310 20.6674
36320 20.623
36330 20.59
36340 20.574
36350 20.5626
36360 20.5573
36370 20.5646
36380 20.5831
36390 20.6112
36400 20.6382
36410 20.6517
36420 20.6524
36430 20.6591
36440 20.6794
36450 20.7075
36460 20.7428
36470 20.7906
36480 20.85
36490 20.9116
36500 20.9661
36510 21.0083
36520 21.0278
36530 21.0321
36540 21.0358
36550 21.0388
36560 21.036
36570 21.039
36580 21.0643
36590 21.0932
36600 21.1141
36610 21.1371
36620 21.1602
36630 21.1705
36640 21.1698
36650 21.1734
36660 21.1833
36670 21.1982
36680 21.2271
36690 21.264
36700 21.2949
36710 21.3246
36720 21.3551
36730 21.3714
36740 21.3669
36750 21.3538
36760 21.3598
36770 21.3841
36780 21.405
36790 21.4269
36800 21.4683
36810 21.5147
36820 21.5415
36830 21.5402
36840 21.5281
36850 21.5204
36860 21.5173
36870 21.5008
36880 21.461
36890 21.407
36900 21.3527
36910 21.3044
36920 21.2616
36930 21.2379
36940 21.24
36950 21.2618
36960 21.2936
36970 21.3227
36980 21.3342
36990 21.3356
37000 21.3359
37010 21.3259
37020 21.3094
37030 21.3079
37040 21.3172
37050 21.3138
37060 21.2846
37070 21.2351
37080 21.1801
37090 21.132
37100 21.101
37110 21.0913
37120 21.1084
37130 21.1458
37140 21.1842
37150 21.2185
37160 21.2487
37170 21.2706
37180 21.28
37190 21.2824
37200 21.2918
37210 21.3153
37220 21.3492
37230 21.3894
37240 21.4223
37250 21.4394
37260 21.4586
37270 21.4906
37280 21.5199
37290 21.5342
37300 21.5428
37310 21.5496
37320 21.539
37330 21.5142
37340 21.4929
37350 21.475
37360 21.4569
37370 21.4355
37380 21.3983
37390 21.3533
37400 21.328
37410 21.3315
37420 21.3517
37430 21.3615
37440 21.3495
37450 21.3237
37460 21.2952
37470 21.2697
37480 21.2496
37490 21.2218
37500 21.189
37510 21.1696
37520 21.1785
37530 21.1993
37540 21.2047
37550 21.1939
37560 21.1877
37570 21.1905
37580 21.1902
37590 21.1748
37600 21.1447
37610 21.1023
37620 21.0561
37630 21.0219
37640 21.0168
37650 21.0398
37660 21.072
37670 21.0972
37680 21.1206
37690 21.146
37700 21.165
37710 21.1744
37720 21.1831
37730 21.1922
37740 21.2088
37750 21.2336
37760 21.2499
37770 21.2407
37780 21.2068
37790 21.1621
37800 21.1224
37810 21.0993
37820 21.0863
37830 21.0721
37840 21.0448
37850 21.0163
37860 21.0062
37870 21.0033
37880 21.0037
37890 21.0228
37900 21.0551
37910 21.0845
37920 21.1206
37930 21.1771
37940 21.2417
37950 21.2972
37960 21.3376
37970 21.3651
37980 21.3867
37990 21.408
38000 21.4239
38010 21.4318
38020 21.4437
38030 21.4657
38040 21.5026
38050 21.5477
38060 21.5858
38070 21.6152
38080 21.6479
38090 21.6946
38100 21.7326
38110 21.7434
38120 21.7378
38130 21.7349
38140 21.7357
38150 21.7331
38160 21.7315
38170 21.7368
38180 21.7367
38190 21.7272
38200 21.711
38210 21.6857
38220 21.6514
38230 21.612
38240 21.5889
38250 21.5952
38260 21.6307
38270 21.6921
38280 21.7574
38290 21.8021
38300 21.8225
38310 21.8266
38320 21.8166
38330 21.8068
38340 21.8192
38350 21.8516
38360 21.8844
38370 21.9118
38380 21.933
38390 21.9411
38400 21.9346
38410 21.925
38420 21.9359
38430 21.9731
38440 22.0211
38450 22.0526
38460 22.0596
38470 22.0607
38480 22.0652
38490 22.0669
38500 22.0637
38510 22.064
38520 22.076
38530 22.0942
38540 22.115
38550 22.1283
38560 22.1226
38570 22.1052
38580 22.0911
38590 22.0746
38600 22.0361
38610 21.9806
38620 21.9341
38630 21.8952
38640 21.8559
38650 21.8297
38660 21.8098
38670 21.777
38680 21.7468
38690 21.7414
38700 21.7465
38710 21.7362
38720 21.717
38730 21.7039
38740 21.7014
38750 21.7149
38760 21.744
38770 21.7875
38780 21.8331
38790 21.8632
38800 21.8674
38810 21.8564
38820 21.8469
38830 21.8427
38840 21.8405
38850 21.8559
38860 21.9093
38870 21.9875
38880 22.064
38890 22.1284
38900 22.1859
38910 22.2333
38920 22.2493
38930 22.2247
38940 22.1923
38950 22.1898
38960 22.2241
38970 22.2751
38980 22.3368
38990 22.4082
39000 22.4684
39010 22.4921
39020 22.478
39030 22.4455
39040 22.4152
39050 22.3855
39060 22.3614
39070 22.3594
39080 22.3774
39090 22.4067
39100 22.4419
39110 22.4747
39120 22.4989
39130 22.5243
39140 22.5546
39150 22.5915
39160 22.6365
39170 22.6974
39180 22.7811
39190 22.878
39200 22.9612
39210 23.0074
39220 23.0329
39230 23.076
39240 23.1414
39250 23.1982
39260 23.2316
39270 23.2525
39280 23.2681
39290 23.2701
39300 23.2594
39310 23.2497
39320 23.2388
39330 23.2252
39340 23.215
39350 23.2303
39360 23.2739
39370 23.3211
39380 23.3571
39390 23.3777
39400 23.3873
39410 23.3918
39420 23.4096
39430 23.441
39440 23.4575
39450 23.4447
39460 23.4181
39470 23.3939
39480 23.3711
39490 23.3545
39500 23.3426
39510 23.3346
39520 23.3133
39530 23.2733
39540 23.2333
39550 23.2181
39560 23.2196
39570 23.2068
39580 23.1797
39590 23.1563
39600 23.1362
39610 23.1129
39620 23.0877
39630 23.065
39640 23.0528
39650 23.0569
39660 23.0824
39670 23.1266
39680 23.1725
39690 23.1939
39700 23.1843
39710 23.1603
39720 23.1328
39730 23.1041
39740 23.0802
39750 23.0807
39760 23.1132
39770 23.1559
39780 23.1903
39790 23.2233
39800 23.2657
39810 23.298
39820 23.2995
39830 23.2752
39840 23.2471
39850 23.2215
39860 23.1973
39870 23.1732
39880 23.1414
39890 23.107
39900 23.098
39910 23.1198
39920 23.1635
39930 23.21
39940 23.2505
39950 23.2761
39960 23.2959
39970 23.304
39980 23.285
39990 23.2598
40000 23.269
40010 23.3127
40020 23.3592
40030 23.4003
40040 23.4434
40050 23.4863
40060 23.5135
40070 23.5184
40080 23.4996
40090 23.4463
40100 23.3709
40110 23.3107
40120 23.2877
40130 23.2851
40140 23.2745
40150 23.2491
40160 23.2348
40170 23.2415
40180 23.2475
40190 23.2405
40200 23.2371
40210 23.24
40220 23.2518
40230 23.2849
40240 23.336
40250 23.3759
40260 23.3903
40270 23.3924
40280 23.3808
40290 23.3586
40300 23.3504
40310 23.3648
40320 23.3994
40330 23.448
40340 23.4973
40350 23.5348
40360 23.5528
40370 23.5589
40380 23.5573
40390 23.5493
40400 23.5382
40410 23.5291
40420 23.52
40430 23.5178
40440 23.5354
40450 23.5771
40460 23.6234
40470 23.6537
40480 23.6837
40490 23.7251
40500 23.7682
40510 23.8049
40520 23.8398
40530 23.8689
40540 23.8787
40550 23.8675
40560 23.8423
40570 23.8088
40580 23.7768
40590 23.7641
40600 23.7823
40610 23.8071
40620 23.8166
40630 23.8063
40640 23.7812
40650 23.7483
40660 23.7166
40670 23.6982
40680 23.7022
40690 23.7322
40700 23.7819
40710 23.8329
40720 23.8772
40730 23.915
40740 23.9379
40750 23.939
40760 23.9136
40770 23.8691
40780 23.8298
40790 23.8187
40800 23.8382
40810 23.8718
40820 23.9174
40830 23.983
40840 24.0482
40850 24.0869
40860 24.1083
40870 24.1351
40880 24.1603
40890 24.1673
40900 24.1634
40910 24.1637
40920 24.1582
40930 24.1251
40940 24.0699
40950 24.0247
40960 24.0056
40970 24.0005
40980 23.999
40990 24.0048
41000 24.0102
41010 24.0027
41020 23.9926
41030 24.0036
41040 24.0414
41050 24.0877
41060 24.1314
41070 24.1682
41080 24.1867
41090 24.1781
41100 24.1543
41110 24.1311
41120 24.1164
41130 24.1013
41140 24.0871
41150 24.0728
41160 24.0599
41170 24.0664
41180 24.0896
41190 24.1029
41200 24.0997
41210 24.0978
41220 24.1103
41230 24.1426
41240 24.193
41250 24.2483
41260 24.3029
41270 24.3509
41280 24.3881
41290 24.4197
41300 24.4416
41310 24.44
41320 24.4125
41330 24.3905
41340 24.3866
41350 24.3884
41360 24.4044
41370 24.443
41380 24.4901
41390 24.5355
41400 24.5762
41410 24.6065
41420 24.6281
41430 24.6447
41440 24.6566
41450 24.6547
41460 24.6372
41470 24.5941
41480 24.534
41490 24.4825
41500 24.455
41510 24.4556
41520 24.4655
41530 24.4526
41540 24.4263
41550 24.4047
41560 24.3654
41570 24.3035
41580 24.2523
41590 24.2281
41600 24.2179
41610 24.2209
41620 24.2531
41630 24.3043
41640 24.352
41650 24.384
41660 24.396
41670 24.3945
41680 24.3958
41690 24.3969
41700 24.3898
41710 24.3709
41720 24.3457
41730 24.3175
41740 24.2925
41750 24.2815
41760 24.298
41770 24.3359
41780 24.3674
41790 24.3815
41800 24.383
41810 24.3837
41820 24.3945
41830 24.4164
41840 24.4469
41850 24.479
41860 24.49
41870 24.4777
41880 24.4626
41890 24.4591
41900 24.4513
41910 24.4304
41920 24.4075
41930 24.3955
41940 24.3947
41950 24.4028
41960 24.4262
41970 24.4649
41980 24.5078
41990 24.549
42000 24.5789
42010 24.5904
42020 24.5832
42030 24.5586
42040 24.5223
42050 24.4868
42060 24.4562
42070 24.4282
42080 24.4079
42090 24.399
42100 24.3989
42110 24.3996
42120 24.3946
42130 24.3848
42140 24.3681
42150 24.3484
42160 24.3318
42170 24.317
42180 24.2987
42190 24.279
42200 24.266
42210 24.2687
42220 24.2952
42230 24.3438
42240 24.3991
42250 24.4431
42260 24.4658
42270 24.4677
42280 24.4382
42290 24.376
42300 24.3072
42310 24.2493
42320 24.1996
42330 24.1601
42340 24.137
42350 24.13
42360 24.1433
42370 24.1793
42380 24.228
42390 24.2832
42400 24.3411
42410 24.3911
42420 24.4196
42430 24.4243
42440 24.4101
42450 24.3749
42460 24.3206
42470 24.2632
42480 24.2219
42490 24.2065
42500 24.2146
42510 24.2414
42520 24.2785
42530 24.3138
42540 24.3342
42550 24.3321
42560 24.3115
42570 24.2766
42580 24.2274
42590 24.1828
42600 24.1721
42610 24.1957
42620 24.216
42630 24.2131
42640 24.1977
42650 24.1697
42660 24.1198
42670 24.059
42680 24.0113
42690 23.9828
42700 23.9635
42710 23.9543
42720 23.959
42730 23.965
42740 23.9801
42750 24.0196
42760 24.0649
42770 24.1043
42780 24.1414
42790 24.1723
42800 24.1885
42810 24.1943
42820 24.2008
42830 24.203
42840 24.1924
42850 24.1669
42860 24.1294
42870 24.0965
42880 24.0681
42890 24.0438
42900 24.033
42910 24.0341
42920 24.0445
42930 24.0745
42940 24.1189
42950 24.1584
42960 24.1878
42970 24.2081
42980 24.2277
42990 24.2531
43000 24.2956
43010 24.3616
43020 24.4345
43030 24.5069
43040 24.5745
43050 24.6319
43060 24.6617
43070 24.6565
43080 24.645
43090 24.6422
43100 24.6488
43110 24.651
43120 24.6548
43130 24.6796
43140 24.7116
43150 24.724
43160 24.7222
43170 24.7162
43180 24.7038
43190 24.6916
43200 24.6865
43210 24.6754
43220 24.6492
43230 24.6222
43240 24.6
43250 24.5771
43260 24.5628
43270 24.5737
43280 24.6033
43290 24.6196
43300 24.6175
43310 24.6124
43320 24.597
43330 24.5759
43340 24.5791
43350 24.6096
43360 24.6573
43370 24.7317
43380 24.8337
43390 24.9516
43400 25.0623
43410 25.1461
43420 25.1935
43430 25.2186
43440 25.2349
43450 25.2491
43460 25.2748
43470 25.3175
43480 25.3722
43490 25.4268
43500 25.4841
43510 25.5496
43520 25.6216
43530 25.6938
43540 25.7429
43550 25.7448
43560 25.6987
43570 25.6266
43580 25.5361
43590 25.4296
43600 25.3377
43610 25.2966
43620 25.2921
43630 25.2865
43640 25.2685
43650 25.2401
43660 25.1921
43670 25.1253
43680 25.0535
43690 24.9994
43700 24.9828
43710 25.0069
43720 25.0606
43730 25.1325
43740 25.2126
43750 25.2669
43760 25.2774
43770 25.2675
43780 25.268
43790 25.2814
43800 25.2955
43810 25.3194
43820 25.3541
43830 25.3853
43840 25.4067
43850 25.4187
43860 25.4296
43870 25.4442
43880 25.4458
43890 25.4291
43900 25.4101
43910 25.3951
43920 25.3915
43930 25.4066
43940 25.4418
43950 25.4902
43960 25.5424
43970 25.5774
43980 25.5899
43990 25.5915
44000 25.5824
44010 25.5641
44020 25.5586
44030 25.5764
44040 25.6003
44050 25.6104
44060 25.6043
44070 25.6042
44080 25.6154
44090 25.629
44100 25.6354
44110 25.6245
44120 25.6039
44130 25.5885
44140 25.5865
44150 25.596
44160 25.6099
44170 25.6166
44180 25.6137
44190 25.6057
44200 25.6083
44210 25.6161
44220 25.6024
44230 25.5658
44240 25.5155
44250 25.4551
44260 25.3924
44270 25.3565
44280 25.3522
44290 25.3551
44300 25.3693
44310 25.4072
44320 25.4357
44330 25.4224
44340 25.3878
44350 25.3698
44360 25.3621
44370 25.3539
44380 25.3757
44390 25.4381
44400 25.5075
44410 25.5559
44420 25.589
44430 25.6117
44440 25.6234
44450 25.6103
44460 25.5708
44470 25.5261
44480 25.4891
44490 25.4655
44500 25.4636
44510 25.4819
44520 25.5089
44530 25.5292
44540 25.5355
44550 25.5309
44560 25.5151
44570 25.4794
44580 25.4251
44590 25.3713
44600 25.3368
44610 25.3238
44620 25.3264
44630 25.3401
44640 25.3584
44650 25.3917
44660 25.4444
44670 25.4882
44680 25.4909
44690 25.4694
44700 25.4677
44710 25.4853
44720 25.4915
44730 25.4913
44740 25.4938
44750 25.4887
44760 25.4661
44770 25.4397
44780 25.4072
44790 25.3517
44800 25.2864
44810 25.2182
44820 25.161
44830 25.1276
44840 25.1132
44850 25.1177
44860 25.1297
44870 25.1299
44880 25.124
44890 25.127
44900 25.1276
44910 25.1204
44920 25.1229
44930 25.1234
44940 25.1059
44950 25.0923
44960 25.11
44970 25.1465
44980 25.1946
44990 25.2564
45000 25.3212
45010 25.376
45020 25.4225
45030 25.4541
45040 25.4696
45050 25.4778
45060 25.4864
45070 25.4964
45080 25.4992
45090 25.4983
45100 25.5058
45110 25.5202
45120 25.52
45130 25.5053
45140 25.5019
45150 25.525
45160 25.5652
45170 25.6126
45180 25.6635
45190 25.7055
45200 25.7304
45210 25.7512
45220 25.7684
45230 25.7642
45240 25.747
45250 25.7365
45260 25.7368
45270 25.7422
45280 25.7489
45290 25.7724
45300 25.8268
45310 25.9042
45320 25.993
45330 26.0835
45340 26.148
45350 26.1672
45360 26.1608
45370 26.1552
45380 26.1596
45390 26.1789
45400 26.2154
45410 26.2628
45420 26.3179
45430 26.375
45440 26.4055
45450 26.4062
45460 26.405
45470 26.3981
45480 26.3561
45490 26.2875
45500 26.2277
45510 26.1918
45520 26.1654
45530 26.1466
45540 26.1452
45550 26.142
45560 26.1152
45570 26.0774
45580 26.0477
45590 26.0264
45600 26.0166
45610 26.0344
45620 26.0717
45630 26.1139
45640 26.171
45650 26.2339
45660 26.2772
45670 26.3007
45680 26.3177
45690 26.3409
45700 26.3501
45710 26.3302
45720 26.3058
45730 26.3007
45740 26.3079
45750 26.3057
45760 26.2853
45770 26.2472
45780 26.1797
45790 26.0871
45800 25.9967
45810 25.9311
45820 25.8998
45830 25.9032
45840 25.9433
45850 26.0143
45860 26.083
45870 26.1028
45880 26.0673
45890 26.0272
45900 26.0012
45910 25.9725
45920 25.943
45930 25.9249
45940 25.9177
45950 25.922
45960 25.9492
45970 26.003
45980 26.0645
45990 26.1233
46000 26.1799
46010 26.2319
46020 26.2759
46030 26.3135
46040 26.3399
46050 26.3469
46060 26.3289
46070 26.3014
46080 26.277
46090 26.2407
46100 26.1879
46110 26.139
46120 26.1134
46130 26.1008
46140 26.1
46150 26.1112
46160 26.1095
46170 26.0903
46180 26.0865
46190 26.1137
46200 26.146
46210 26.1624
46220 26.1751
46230 26.1983
46240 26.2293
46250 26.2464
46260 26.2373
46270 26.2095
46280 26.1656
46290 26.1083
46300 26.0608
46310 26.0319
46320 26.0155
46330 26.0222
46340 26.0589
46350 26.1045
46360 26.1261
46370 26.1144
46380 26.0837
46390 26.0435
46400 26.0014
46410 25.9727
46420 25.9766
46430 26.0251
46440 26.1074
46450 26.2021
46460 26.2988
46470 26.3908
46480 26.4497
46490 26.4573
46500 26.4304
46510 26.39
46520 26.3499
46530 26.3278
46540 26.3341
46550 26.3661
46560 26.3989
46570 26.4235
46580 26.4415
46590 26.4496
46600 26.4483
46610 26.4453
46620 26.4442
46630 26.4342
46640 26.4165
46650 26.4222
46660 26.4681
46670 26.5293
46680 26.5864
46690 26.6445
46700 26.6982
46710 26.7328
46720 26.7526
46730 26.7651
46740 26.77
46750 26.758
46760 26.73
46770 26.6953
46780 26.6675
46790 26.6659
46800 26.6902
46810 26.7112
46820 26.7166
46830 26.717
46840 26.7178
46850 26.709
46860 26.6784
46870 26.6392
46880 26.6106
46890 26.5903
46900 26.5731
46910 26.5585
46920 26.5507
46930 26.5434
46940 26.528
46950 26.5148
46960 26.5126
46970 26.5066
46980 26.4979
46990 26.5007
47000 26.5066
47010 26.5038
47020 26.4978
47030 26.4941
47040 26.485
47050 26.4765
47060 26.4887
47070 26.524
47080 26.5781
47090 26.6567
47100 26.7378
47110 26.8014
47120 26.8514
47130 26.8841
47140 26.8929
47150 26.8983
47160 26.9177
47170 26.9443
47180 26.9677
47190 26.9962
47200 27.038
47210 27.0878
47220 27.1305
47230 27.1623
47240 27.1869
47250 27.2065
47260 27.2115
47270 27.2073
47280 27.2295
47290 27.2851
47300 27.3594
47310 27.4359
47320 27.4841
47330 27.4825
47340 27.4533
47350 27.4251
47360 27.3716
47370 27.2863
47380 27.1972
47390 27.133
47400 27.0996
47410 27.0939
47420 27.119
47430 27.1646
47440 27.2014
47450 27.2209
47460 27.2403
47470 27.2525
47480 27.2464
47490 27.2214
47500 27.1959
47510 27.1824
47520 27.1677
47530 27.1639
47540 27.1976
47550 27.2507
47560 27.284
47570 27.2765
47580 27.246
47590 27.211
47600 27.1847
47610 27.1952
47620 27.242
47630 27.2828
47640 27.3031
47650 27.3162
47660 27.3185
47670 27.298
47680 27.2621
47690 27.2118
47700 27.1504
47710 27.0901
47720 27.0509
47730 27.0438
47740 27.0533
47750 27.0578
47760 27.0531
47770 27.0376
47780 27.0047
47790 26.9739
47800 26.98
47810 27.0157
47820 27.059
47830 27.1145
47840 27.1919
47850 27.2731
47860 27.3459
47870 27.4103
47880 27.4559
47890 27.4741
47900 27.4793
47910 27.4915
47920 27.5057
47930 27.5163
47940 27.5465
47950 27.6221
47960 27.7123
47970 27.7826
47980 27.8445
47990 27.923
48000 27.999
48010 28.0529
48020 28.1026
48030 28.1546
48040 28.1923
48050 28.2208
48060 28.2433
48070 28.2521
48080 28.2548
48090 28.2713
48100 28.3087
48110 28.3508
48120 28.3814
48130 28.4111
48140 28.4388
48150 28.4414
48160 28.4183
48170 28.3877
48180 28.3682
48190 28.3604
48200 28.3544
48210 28.3383
48220 28.305
48230 28.2495
48240 28.17
48250 28.0839
48260 28.0124
48270 27.9571
48280 27.9117
48290 27.8874
48300 27.8877
48310 27.8916
48320 27.8869
48330 27.8866
48340 27.9039
48350 27.9446
48360 28.0098
48370 28.0924
48380 28.1697
48390 28.2235
48400 28.2489
48410 28.2523
48420 28.232
48430 28.1924
48440 28.146
48450 28.1077
48460 28.0917
48470 28.0877
48480 28.0879
48490 28.099
48500 28.1189
48510 28.14
48520 28.1553
48530 28.1638
48540 28.1767
48550 28.2052
48560 28.2343
48570 28.2321
48580 28.2081
48590 28.1925
48600 28.19
48610 28.1785
48620 28.1519
48630 28.1179
48640 28.0939
48650 28.1033
48660 28.1306
48670 28.1322
48680 28.0927
48690 28.0415
48700 28.0076
48710 28.0024
48720 28.023
48730 28.0528
48740 28.0955
48750 28.1451
48760 28.184
48770 28.2034
48780 28.1992
48790 28.1874
48800 28.1917
48810 28.2219
48820 28.2651
48830 28.3037
48840 28.3285
48850 28.3301
48860 28.3043
48870 28.2627
48880 28.2064
48890 28.1252
48900 28.0351
48910 27.9639
48920 27.9222
48930 27.9099
48940 27.9204
48950 27.9365
48960 27.9506
48970 27.9554
48980 27.9411
48990 27.9227
49000 27.9282
49010 27.9548
49020 27.997
49030 28.046
49040 28.0943
49050 28.142
49060 28.1737
49070 28.1765
49080 28.1594
49090 28.1339
49100 28.1055
49110 28.0938
49120 28.1222
49130 28.1863
49140 28.2669
49150 28.3396
49160 28.3979
49170 28.448
49180 28.5064
49190 28.5707
49200 28.6257
49210 28.6544
49220 28.6534
49230 28.6446
49240 28.6407
49250 28.6452
49260 28.6416
49270 28.6144
49280 28.5662
49290 28.5022
49300 28.4182
49310 28.3263
49320 28.2401
49330 28.1698
49340 28.1239
49350 28.1182
49360 28.1474
49370 28.1846
49380 28.2161
49390 28.2305
49400 28.2174
49410 28.1844
49420 28.1471
49430 28.1082
49440 28.073
49450 28.0526
49460 28.0451
49470 28.0511
49480 28.0772
49490 28.1325
49500 28.1974
49510 28.2568
49520 28.307
49530 28.3454
49540 28.3646
49550 28.373
49560 28.3883
49570 28.4236
49580 28.4639
49590 28.4937
49600 28.5255
49610 28.5621
49620 28.5843
49630 28.57
49640 28.526
49650 28.4765
49660 28.4475
49670 28.4456
49680 28.4694
49690 28.521
49700 28.5746
49710 28.608
49720 28.6209
49730 28.6199
49740 28.6245
49750 28.6494
49760 28.6844
49770 28.7193
49780 28.7602
49790 28.7975
49800 28.8166
49810 28.817
49820 28.8106
49830 28.7956
49840 28.7701
49850 28.7397
49860 28.7151
49870 28.7089
49880 28.7351
49890 28.7946
49900 28.8825
49910 28.9844
49920 29.0657
49930 29.0932
49940 29.0694
49950 29.0155
49960 28.9566
49970 28.9189
49980 28.9203
49990 28.9663
50000 29.0399
50010 29.1202
50020 29.1871
50030 29.2278
50040 29.2405
50050 29.2302
50060 29.207
50070 29.1682
50080 29.1316
50090 29.1207
50100 29.1195
50110 29.1138
50120 29.1123
50130 29.1299
50140 29.1521
50150 29.1471
50160 29.12
50170 29.0883
50180 29.0749
50190 29.1021
50200 29.1562
50210 29.1993
50220 29.2152
50230 29.2264
50240 29.2434
50250 29.257
50260 29.2667
50270 29.2844
50280 29.3157
50290 29.3475
50300 29.3583
50310 29.3494
50320 29.3449
50330 29.3461
50340 29.334
50350 29.2977
50360 29.2532
50370 29.2108
50380 29.1706
50390 29.131
50400 29.0985
50410 29.0761
50420 29.0583
50430 29.0439
50440 29.045
50450 29.0536
50460 29.0628
50470 29.0699
50480 29.0693
50490 29.0584
50500 29.0501
50510 29.0555
50520 29.0762
50530 29.1222
50540 29.1969
50550 29.2748
50560 29.3316
50570 29.3682
50580 29.3876
50590 29.3675
50600 29.3148
50610 29.2755
50620 29.2558
50630 29.2465
50640 29.2525
50650 29.2675
50660 29.2674
50670 29.2588
50680 29.2723
50690 29.3129
50700 29.3546
50710 29.3781
50720 29.3869
50730 29.399
50740 29.4181
50750 29.4413
50760 29.4687
50770 29.4927
50780 29.5175
50790 29.5429
50800 29.5638
50810 29.5733
50820 29.5769
50830 29.5816
50840 29.5881
50850 29.5935
50860 29.607
50870 29.6435
50880 29.6868
50890 29.7235
50900 29.7503
50910 29.7559
50920 29.7337
50930 29.695
50940 29.6659
50950 29.6326
50960 29.5864
50970 29.5452
50980 29.5096
50990 29.4797
51000 29.4668
51010 29.4741
51020 29.4782
51030 29.4678
51040 29.4518
51050 29.4354
51060 29.4152
51070 29.3818
51080 29.3326
51090 29.2839
51100 29.2451
51110 29.2212
51120 29.2236
51130 29.2613
51140 29.324
51150 29.4009
51160 29.4734
51170 29.5141
51180 29.5322
51190 29.5556
51200 29.5951
51210 29.6462
51220 29.7031
51230 29.7474
51240 29.7753
51250 29.8031
51260 29.834
51270 29.863
51280 29.883
51290 29.8947
51300 29.9008
51310 29.9127
51320 29.9353
51330 29.951
51340 29.9604
51350 29.9808
51360 30.0091
51370 30.0327
51380 30.0522
51390 30.0863
51400 30.116
51410 30.1175
51420 30.0906
51430 30.0415
51440 29.9669
51450 29.8863
51460 29.8355
51470 29.8287
51480 29.8379
51490 29.8348
51500 29.8198
51510 29.8042
51520 29.7893
51530 29.7639
51540 29.7293
51550 29.7095
51560 29.7242
51570 29.7623
51580 29.8182
51590 29.8896
51600 29.9495
51610 29.9712
51620 29.9457
51630 29.8916
51640 29.8566
51650 29.8696
51660 29.9165
51670 29.9746
51680 30.0248
51690 30.0537
51700 30.0684
51710 30.0885
51720 30.119
51730 30.1325
51740 30.1302
51750 30.1356
51760 30.161
51770 30.2003
51780 30.2284
51790 30.2278
51800 30.2086
51810 30.1758
51820 30.1252
51830 30.0714
51840 30.0313
51850 30.0025
51860 29.9879
51870 29.988
51880 29.9895
51890 29.9963
51900 30.0144
51910 30.0326
51920 30.0182
51930 29.9821
51940 29.9592
51950 29.951
51960 29.9461
51970 29.9524
51980 29.98
51990 30.0269
52000 30.0712
52010 30.0951
52020 30.0916
52030 30.0785
52040 30.0703
52050 30.0626
52060 30.0557
52070 30.0609
52080 30.0738
52090 30.0752
52100 30.0659
52110 30.0649
52120 30.0657
52130 30.0632
52140 30.0579
52150 30.0491
52160 30.0416
52170 30.0465
52180 30.0609
52190 30.0707
52200 30.0656
52210 30.0516
52220 30.0487
52230 30.065
52240 30.0764
52250 30.0632
52260 30.0515
52270 30.0656
52280 30.084
52290 30.1022
52300 30.1263
52310 30.1377
52320 30.1331
52330 30.1529
52340 30.2216
52350 30.3014
52360 30.3512
52370 30.392
52380 30.4306
52390 30.453
52400 30.4695
52410 30.5
52420 30.5342
52430 30.562
52440 30.595
52450 30.633
52460 30.6469
52470 30.6351
52480 30.6291
52490 30.6488
52500 30.6921
52510 30.7284
52520 30.7282
52530 30.6866
52540 30.6115
52550 30.5281
52560 30.4593
52570 30.422
52580 30.4141
52590 30.4253
52600 30.4536
52610 30.4925
52620 30.5319
52630 30.5541
52640 30.5471
52650 30.5236
52660 30.4922
52670 30.4515
52680 30.4016
52690 30.3606
52700 30.3354
52710 30.3313
52720 30.35
52730 30.3856
52740 30.4107
52750 30.4013
52760 30.3755
52770 30.3525
52780 30.3366
52790 30.3358
52800 30.3501
52810 30.3567
52820 30.3459
52830 30.3334
52840 30.3224
52850 30.2991
52860 30.2763
52870 30.2772
52880 30.2934
52890 30.3199
52900 30.3519
52910 30.3707
52920 30.3657
52930 30.3468
52940 30.335
52950 30.3386
52960 30.3451
52970 30.3405
52980 30.3238
52990 30.3163
53000 30.32
53010 30.3282
53020 30.3297
53030 30.3129
53040 30.2851
53050 30.2604
53060 30.243
53070 30.2218
53080 30.1848
53090 30.1479
53100 30.126
53110 30.1201
53120 30.1206
53130 30.1193
53140 30.1206
53150 30.1234
53160 30.1192
53170 30.0898
53180 30.0234
53190 29.937
53200 29.8626
53210 29.8199
53220 29.7832
53230 29.7282
53240 29.67
53250 29.6363
53260 29.6285
53270 29.6196
53280 29.598
53290 29.5813
53300 29.5777
53310 29.5701
53320 29.5321
53330 29.4739
53340 29.4381
53350 29.4405
53360 29.4503
53370 29.4494
53380 29.4484
53390 29.4424
53400 29.4219
53410 29.3923
53420 29.3547
53430 29.3055
53440 29.2534
53450 29.2259
53460 29.2217
53470 29.2107
53480 29.187
53490 29.1879
53500 29.2241
53510 29.2878
53520 29.3645
53530 29.433
53540 29.4646
53550 29.4682
53560 29.4715
53570 29.4755
53580 29.4841
53590 29.5135
53600 29.5529
53610 29.584
53620 29.614
53630 29.6595
53640 29.7052
53650 29.7241
53660 29.7124
53670 29.6926
53680 29.6896
53690 29.7079
53700 29.7424
53710 29.7715
53720 29.7789
53730 29.7692
53740 29.7499
53750 29.7342
53760 29.7315
53770 29.741
53780 29.7571
53790 29.7652
53800 29.7531
53810 29.7283
53820 29.6878
53830 29.6338
53840 29.5696
53850 29.4908
53860 29.4049
53870 29.3489
53880 29.3437
53890 29.3609
53900 29.3749
53910 29.3853
53920 29.3843
53930 29.362
53940 29.3376
53950 29.3264
53960 29.3191
53970 29.3141
53980 29.32
53990 29.3379
54000 29.3589
54010 29.3845
54020 29.4131
54030 29.4334
54040 29.4486
54050 29.463
54060 29.4676
54070 29.4726
54080 29.4941
54090 29.5407
54100 29.6035
54110 29.6667
54120 29.7195
54130 29.7728
54140 29.8258
54150 29.8481
54160 29.8251
54170 29.7781
54180 29.7326
54190 29.688
54200 29.6413
54210 29.6131
54220 29.6208
54230 29.6518
54240 29.6931
54250 29.7361
54260 29.767
54270 29.7763
54280 29.7767
54290 29.7814
54300 29.7953
54310 29.8168
54320 29.8431
54330 29.8782
54340 29.9277
54350 29.9921
54360 30.0438
54370 30.0457
54380 29.9946
54390 29.9261
54400 29.8619
54410 29.805
54420 29.7793
54430 29.8156
54440 29.896
54450 29.9722
54460 30.0366
54470 30.1024
54480 30.1643
54490 30.2044
54500 30.2237
54510 30.2537
54520 30.3126
54530 30.387
54540 30.4558
54550 30.5143
54560 30.5727
54570 30.6257
54580 30.646
54590 30.6229
54600 30.5646
54610 30.4986
54620 30.461
54630 30.4599
54640 30.4693
54650 30.4655
54660 30.4567
54670 30.4441
54680 30.4319
54690 30.4129
54700 30.3986
54710 30.4027
54720 30.4219
54730 30.4501
54740 30.4762
54750 30.5178
54760 30.5844
54770 30.656
54780 30.7224
54790 30.7889
54800 30.8509
54810 30.8942
54820 30.9074
54830 30.909
54840 30.9162
54850 30.9427
54860 30.9996
54870 31.0751
54880 31.1442
54890 31.1958
54900 31.2287
54910 31.2436
54920 31.2396
54930 31.2239
54940 31.1969
54950 31.1521
54960 31.0886
54970 31.0267
54980 30.9851
54990 30.969
55000 30.9769
55010 31.0017
55020 31.0355
55030 31.0659
55040 31.0797
55050 31.0878
55060 31.1081
55070 31.1387
55080 31.1773
55090 31.2068
55100 31.2183
55110 31.2263
55120 31.2506
55130 31.2889
55140 31.3165
55150 31.3096
55160 31.2679
55170 31.2342
55180 31.2316
55190 31.254
55200 31.2926
55210 31.3506
55220 31.4347
55230 31.531
55240 31.5985
55250 31.6127
55260 31.5984
55270 31.5889
55280 31.5863
55290 31.5879
55300 31.5966
55310 31.6103
55320 31.6299
55330 31.66
55340 31.6932
55350 31.7132
55360 31.7237
55370 31.7392
55380 31.7466
55390 31.7325
55400 31.7168
55410 31.7201
55420 31.7109
55430 31.6686
55440 31.6094
55450 31.5628
55460 31.5482
55470 31.5541
55480 31.5681
55490 31.5768
55500 31.5717
55510 31.5642
55520 31.5683
55530 31.5952
55540 31.6298
55550 31.6727
55560 31.729
55570 31.7808
55580 31.8122
55590 31.8176
55600 31.7972
55610 31.7502
55620 31.6893
55630 31.6422
55640 31.6186
55650 31.6046
55660 31.5989
55670 31.6212
55680 31.6592
55690 31.6847
55700 31.6878
55710 31.6849
55720 31.6789
55730 31.6556
55740 31.6344
55750 31.6535
55760 31.7272
55770 31.8441
55780 31.9897
55790 32.1404
55800 32.2538
55810 32.3213
55820 32.3583
55830 32.3863
55840 32.4105
55850 32.4457
55860 32.502
55870 32.5698
55880 32.6388
55890 32.6956
55900 32.7294
55910 32.7365
55920 32.7276
55930 32.7147
55940 32.7069
55950 32.7094
55960 32.7323
55970 32.7786
55980 32.8294
55990 32.867
56000 32.8918
56010 32.9033
56020 32.9059
56030 32.8869
56040 32.83
56050 32.7468
56060 32.6672
56070 32.6079
56080 32.5659
56090 32.543
56100 32.549
56110 32.5864
56120 32.6316
56130 32.6547
56140 32.6486
56150 32.6104
56160 32.5413
56170 32.4567
56180 32.37
56190 32.2816
56200 32.2098
56210 32.169
56220 32.1628
56230 32.1698
56240 32.1754
56250 32.1731
56260 32.1406
56270 32.0711
56280 31.978
56290 31.9007
56300 31.8737
56310 31.903
56320 31.9669
56330 32.0395
56340 32.1037
56350 32.1419
56360 32.1524
56370 32.1381
56380 32.1294
56390 32.1437
56400 32.1547
56410 32.1553
56420 32.1812
56430 32.2462
56440 32.3408
56450 32.4289
56460 32.4772
56470 32.4853
56480 32.4755
56490 32.4745
56500 32.4793
56510 32.4777
56520 32.4763
56530 32.473
56540 32.4622
56550 32.4451
56560 32.4357
56570 32.4371
56580 32.4353
56590 32.4377
56600 32.4604
56610 32.4981
56620 32.5212
56630 32.5288
56640 32.5108
56650 32.4619
56660 32.4136
56670 32.3979
56680 32.406
56690 32.4199
56700 32.4546
56710 32.5029
56720 32.5421
56730 32.5717
56740 32.6031
56750 32.6214
56760 32.6054
56770 32.5445
56780 32.4614
56790 32.3921
56800 32.3537
56810 32.3495
56820 32.3785
56830 32.4265
56840 32.4715
56850 32.4977
56860 32.5073
56870 32.4983
56880 32.4643
56890 32.411
56900 32.3521
56910 32.3017
56920 32.2686
56930 32.2468
56940 32.2372
56950 32.2432
56960 32.2589
56970 32.2763
56980 32.2939
56990 32.3044
57000 32.2991
57010 32.2865
57020 32.2665
57030 32.2468
57040 32.2296
57050 32.2025
57060 32.167
57070 32.1533
57080 32.182
57090 32.2382
57100 32.3071
57110 32.3763
57120 32.4297
57130 32.4548
57140 32.4639
57150 32.4642
57160 32.4547
57170 32.4664
57180 32.5329
57190 32.6374
57200 32.737
57210 32.8077
57220 32.8532
57230 32.8798
57240 32.8903
57250 32.8865
57260 32.8885
57270 32.9088
57280 32.9609
57290 33.0255
57300 33.0772
57310 33.1114
57320 33.1328
57330 33.1416
57340 33.1401
57350 33.1466
57360 33.1696
57370 33.2
57380 33.2444
57390 33.306
57400 33.3692
57410 33.4225
57420 33.4732
57430 33.5305
57440 33.5849
57450 33.6278
57460 33.668
57470 33.7098
57480 33.7431
57490 33.7504
57500 33.7257
57510 33.6756
57520 33.6187
57530 33.5689
57540 33.5279
57550 33.4925
57560 33.4624
57570 33.4513
57580 33.4584
57590 33.4663
57600 33.442
57610 33.3754
57620 33.3052
57630 33.2603
57640 33.2363
57650 33.2264
57660 33.2298
57670 33.2578
57680 33.2997
57690 33.3309
57700 33.3369
57710 33.3328
57720 33.3406
57730 33.3731
57740 33.4239
57750 33.4777
57760 33.5287
57770 33.5714
57780 33.605
57790 33.6366
57800 33.6742
57810 33.7143
57820 33.7406
57830 33.7326
57840 33.6946
57850 33.6534
57860 33.619
57870 33.5876
57880 33.5616
57890 33.5311
57900 33.4958
57910 33.4681
57920 33.45
57930 33.4203
57940 33.3811
57950 33.3513
57960 33.3368
57970 33.3309
57980 33.3088
57990 33.2657
58000 33.2274
58010 33.2091
58020 33.1929
58030 33.1754
58040 33.1665
58050 33.178
58060 33.1931
58070 33.1993
58080 33.1922
58090 33.1579
58100 33.1017
58110 33.0499
58120 33.0136
58130 32.9753
58140 32.937
58150 32.9011
58160 32.8578
58170 32.8056
58180 32.7619
58190 32.7386
58200 32.7223
58210 32.7047
58220 32.6803
58230 32.6572
58240 32.6608
58250 32.6875
58260 32.7128
58270 32.7214
58280 32.7181
58290 32.7122
58300 32.707
58310 32.7069
58320 32.7187
58330 32.7444
58340 32.7857
58350 32.8412
58360 32.901
58370 32.9594
58380 33.024
58390 33.1074
58400 33.2008
58410 33.2904
58420 33.3781
58430 33.4628
58440 33.5273
58450 33.5558
58460 33.5381
58470 33.4965
58480 33.4675
58490 33.4477
58500 33.4406
58510 33.472
58520 33.5398
58530 33.6086
58540 33.6719
58550 33.7292
58560 33.7672
58570 33.791
58580 33.8014
58590 33.7879
58600 33.7407
58610 33.6875
58620 33.6566
58630 33.6387
58640 33.6211
58650 33.6006
58660 33.5751
58670 33.5451
58680 33.5218
58690 33.5056
58700 33.4915
58710 33.4798
58720 33.4663
58730 33.4578
58740 33.4751
58750 33.499
58760 33.5012
58770 33.5054
58780 33.5316
58790 33.5792
58800 33.6482
58810 33.7254
58820 33.7762
58830 33.7683
58840 33.7258
58850 33.6989
58860 33.6974
58870 33.7093
58880 33.7359
58890 33.768
58900 33.794
58910 33.8202
58920 33.853
58930 33.8875
58940 33.9119
58950 33.9306
58960 33.9553
58970 33.991
58980 34.0322
58990 34.0674
59000 34.0835
59010 34.095
59020 34.103
59030 34.0892
59040 34.0611
59050 34.0404
59060 34.0309
59070 34.023
59080 34.0107
59090 34.0114
59100 34.048
59110 34.1017
59120 34.1362
59130 34.138
59140 34.1247
59150 34.1138
59160 34.1029
59170 34.0854
59180 34.0555
59190 34.0262
59200 34.0036
59210 33.9932
59220 33.9991
59230 34.0093
59240 34.0183
59250 34.0139
59260 33.9884
59270 33.9663
59280 33.9703
59290 33.983
59300 33.9949
59310 34.0312
59320 34.0984
59330 34.1661
59340 34.2067
59350 34.2206
59360 34.2023
59370 34.1512
59380 34.0813
59390 34.0002
59400 33.9146
59410 33.8439
59420 33.8
59430 33.7768
59440 33.7672
59450 33.7563
59460 33.7346
59470 33.7004
59480 33.6569
59490 33.6138
59500 33.5676
59510 33.5232
59520 33.5055
59530 33.5138
59540 33.5206
59550 33.5154
59560 33.491
59570 33.4582
59580 33.4269
59590 33.3953
59600 33.368
59610 33.3598
59620 33.3852
59630 33.4324
59640 33.4856
59650 33.5502
59660 33.6134
59670 33.6495
59680 33.6535
59690 33.6339
59700 33.6069
59710 33.5989
59720 33.6118
59730 33.6389
59740 33.6906
59750 33.7679
59760 33.857
59770 33.9421
59780 34.0037
59790 34.0258
59800 34.026
59810 34.0291
59820 34.0495
59830 34.0844
59840 34.109
59850 34.1127
59860 34.1238
59870 34.1384
59880 34.1288
59890 34.0965
59900 34.0671
59910 34.0512
59920 34.037
59930 34.0189
59940 34.0112
59950 34.0167
59960 34.0359
59970 34.0754
59980 34.1275
59990 34.1881
60000 34.236
60010 34.2593
60020 34.2667
60030 34.266
60040 34.26
60050 34.2458
60060 34.2211
60070 34.2129
60080 34.2609
60090 34.3548
60100 34.4573
60110 34.5301
60120 34.5624
60130 34.5722
60140 34.5811
60150 34.5895
60160 34.5838
60170 34.5653
60180 34.56
60190 34.5892
60200 34.6564
60210 34.7322
60220 34.7823
60230 34.7841
60240 34.7517
60250 34.7304
60260 34.7221
60270 34.7313
60280 34.7728
60290 34.8454
60300 34.9118
60310 34.9354
60320 34.9198
60330 34.8887
60340 34.8462
60350 34.7908
60360 34.7408
60370 34.7065
60380 34.6913
60390 34.6959
60400 34.7217
60410 34.7542
60420 34.7737
60430 34.7678
60440 34.7443
60450 34.7237
60460 34.7306
60470 34.7454
60480 34.7305
60490 34.6957
60500 34.674
60510 34.671
60520 34.6743
60530 34.6862
60540 34.7062
60550 34.7143
60560 34.7041
60570 34.6713
60580 34.6196
60590 34.5628
60600 34.5
60610 34.4392
60620 34.3965
60630 34.3711
60640 34.3551
60650 34.3418
60660 34.3333
60670 34.3252
60680 34.3112
60690 34.2953
60700 34.2764
60710 34.2462
60720 34.2061
60730 34.1591
60740 34.1203
60750 34.1035
60760 34.1103
60770 34.1123
60780 34.0754
60790 34.0296
60800 34.0069
60810 34.0047
60820 34.0193
60830 34.0468
60840 34.0767
60850 34.0956
60860 34.1095
60870 34.1234
60880 34.1302
60890 34.1321
60900 34.1556
60910 34.1923
60920 34.2089
60930 34.2005
60940 34.1964
60950 34.2193
60960 34.2619
60970 34.3037
60980 34.3342
60990 34.3615
61000 34.3863
61010 34.419
61020 34.4794
61030 34.5693
61040 34.6532
61050 34.7083
61060 34.7505
61070 34.7902
61080 34.8215
61090 34.8372
61100 34.8499
61110 34.8671
61120 34.8782
61130 34.882
61140 34.8826
61150 34.8748
61160 34.8754
61170 34.9013
61180 34.9473
61190 34.9939
61200 35.0283
61210 35.0555
61220 35.0802
61230 35.0946
61240 35.0955
61250 35.1088
61260 35.1557
61270 35.2235
61280 35.2781
61290 35.3061
61300 35.3053
61310 35.2904
61320 35.2777
61330 35.2642
61340 35.2541
61350 35.2661
61360 35.2961
61370 35.3317
61380 35.3757
61390 35.4369
61400 35.507
61410 35.5867
61420 35.6751
61430 35.7503
61440 35.8005
61450 35.8265
61460 35.819
61470 35.7823
61480 35.7328
61490 35.6881
61500 35.6489
61510 35.6205
61520 35.6156
61530 35.638
61540 35.68
61550 35.705
61560 35.691
61570 35.6585
61580 35.6368
61590 35.6285
61600 35.6146
61610 35.6007
61620 35.6189
61630 35.6631
61640 35.6831
61650 35.6524
61660 35.5997
61670 35.5574
61680 35.5419
61690 35.5414
61700 35.5267
61710 35.5053
61720 35.5074
61730 35.5298
61740 35.5531
61750 35.5616
61760 35.555
61770 35.5508
61780 35.5517
61790 35.5357
61800 35.5009
61810 35.4667
61820 35.4403
61830 35.4073
61840 35.377
61850 35.3726
61860 35.3947
61870 35.4228
61880 35.4495
61890 35.4782
61900 35.516
61910 35.5602
61920 35.6119
61930 35.6617
61940 35.7036
61950 35.7421
61960 35.7811
61970 35.8188
61980 35.8545
61990 35.8675
62000 35.8533
62010 35.8424
62020 35.8598
62030 35.9103
62040 35.9851
62050 36.0791
62060 36.1886
62070 36.3067
62080 36.4173
62090 36.4932
62100 36.5304
62110 36.5492
62120 36.5616
62130 36.5619
62140 36.5342
62150 36.5048
62160 36.5183
62170 36.5711
62180 36.6358
62190 36.6912
62200 36.7436
62210 36.778
62220 36.7757
62230 36.7564
62240 36.7602
62250 36.7934
62260 36.841
62270 36.8851
62280 36.9267
62290 36.9862
62300 37.0623
62310 37.1277
62320 37.1571
62330 37.166
62340 37.1748
62350 37.1879
62360 37.2008
62370 37.2117
62380 37.2156
62390 37.2128
62400 37.1995
62410 37.1753
62420 37.1259
62430 37.0481
62440 36.9621
62450 36.8962
62460 36.8646
62470 36.8454
62480 36.8159
62490 36.8013
62500 36.8105
62510 36.8172
62520 36.8148
62530 36.8391
62540 36.9026
62550 36.9765
62560 37.0446
62570 37.1054
62580 37.1367
62590 37.118
62600 37.0626
62610 36.9923
62620 36.9156
62630 36.853
62640 36.8335
62650 36.8627
62660 36.91
62670 36.9574
62680 37.009
62690 37.0457
62700 37.0619
62710 37.0802
62720 37.1076
62730 37.134
62740 37.1699
62750 37.2352
62760 37.3192
62770 37.3978
62780 37.473
62790 37.5443
62800 37.5891
62810 37.5907
62820 37.5697
62830 37.537
62840 37.4957
62850 37.4869
62860 37.5493
62870 37.6633
62880 37.7799
62890 37.8723
62900 37.9359
62910 37.9573
62920 37.9261
62930 37.8515
62940 37.7828
62950 37.7473
62960 37.7291
62970 37.7255
62980 37.7395
62990 37.7744
63000 37.821
63010 37.8699
63020 37.9079
63030 37.9392
63040 37.9948
63050 38.0943
63060 38.2274
63070 38.3575
63080 38.4443
63090 38.4739
63100 38.4417
63110 38.3469
63120 38.2271
63130 38.1143
63140 38.0076
63150 37.9177
63160 37.8695
63170 37.8805
63180 37.927
63190 37.9647
63200 37.9711
63210 37.9499
63220 37.9087
63230 37.8795
63240 37.8853
63250 37.9291
63260 37.995
63270 38.0769
63280 38.1465
63290 38.1833
63300 38.2011
63310 38.2178
63320 38.2297
63330 38.2249
63340 38.2149
63350 38.2091
63360 38.202
63370 38.203
63380 38.2202
63390 38.2563
63400 38.3143
63410 38.3932
63420 38.4815
63430 38.563
63440 38.6001
63450 38.5756
63460 38.5249
63470 38.4846
63480 38.4419
63490 38.395
63500 38.3727
63510 38.3806
63520 38.4085
63530 38.4524
63540 38.48
63550 38.4534
63560 38.3822
63570 38.2855
63580 38.1714
63590 38.0637
63600 37.9801
63610 37.9353
63620 37.93
63630 37.9497
63640 37.9665
63650 37.9606
63660 37.9662
63670 38.0014
63680 38.0333
63690 38.0407
63700 38.0353
63710 38.0248
63720 38.0193
63730 38.0326
63740 38.0555
63750 38.066
63760 38.0583
63770 38.0344
63780 38.0073
63790 37.9928
63800 37.9897
63810 37.9803
63820 37.9671
63830 37.9757
63840 38.0182
63850 38.0815
63860 38.1464
63870 38.199
63880 38.2286
63890 38.2235
63900 38.1996
63910 38.1595
63920 38.0992
63930 38.037
63940 38.0052
63950 38.0121
63960 38.0468
63970 38.0973
63980 38.1636
63990 38.2149
64000 38.2154
64010 38.1786
64020 38.1328
64030 38.0871
64040 38.047
64050 38.0271
64060 38.0369
64070 38.0706
64080 38.1238
64090 38.1937
64100 38.2556
64110 38.292
64120 38.2894
64130 38.2491
64140 38.2041
64150 38.19
64160 38.181
64170 38.146
64180 38.0912
64190 38.0407
64200 38.0211
64210 38.0462
64220 38.1101
64230 38.1816
64240 38.2323
64250 38.2642
64260 38.2807
64270 38.2909
64280 38.2951
64290 38.2854
64300 38.2706
64310 38.2778
64320 38.3011
64330 38.3183
64340 38.3181
64350 38.3078
64360 38.3006
64370 38.2967
64380 38.2922
64390 38.2866
64400 38.2791
64410 38.2653
64420 38.242
64430 38.1945
64440 38.1064
64450 37.9932
64460 37.8761
64470 37.7666
64480 37.6999
64490 37.6872
64500 37.6956
64510 37.7029
64520 37.7187
64530 37.7402
64540 37.7488
64550 37.7278
64560 37.6842
64570 37.6381
64580 37.6275
64590 37.6757
64600 37.7708
64610 37.881
64620 37.9849
64630 38.0621
64640 38.0941
64650 38.0895
64660 38.0689
64670 38.0304
64680 37.9836
64690 37.9417
64700 37.9027
64710 37.8614
64720 37.824
64730 37.7907
64740 37.7528
64750 37.7251
64760 37.7364
64770 37.7714
64780 37.8126
64790 37.8561
64800 37.885
64810 37.8846
64820 37.8744
64830 37.8968
64840 37.9447
64850 37.9902
64860 38.0318
64870 38.0736
64880 38.1121
64890 38.1534
64900 38.1988
64910 38.2326
64920 38.2633
64930 38.3113
64940 38.3655
64950 38.4025
64960 38.4145
64970 38.4108
64980 38.418
64990 38.4289
65000 38.4178
65010 38.3995
65020 38.401
65030 38.4104
65040 38.4106
65050 38.4086
65060 38.4162
65070 38.4236
65080 38.425
65090 38.421
65100 38.4016
65110 38.368
65120 38.3428
65130 38.3267
65140 38.3098
65150 38.3008
65160 38.2935
65170 38.2838
65180 38.2872
65190 38.3092
65200 38.3533
65210 38.4105
65220 38.4492
65230 38.4502
65240 38.4233
65250 38.3889
65260 38.355
65270 38.3057
65280 38.2473
65290 38.2099
65300 38.2039
65310 38.211
65320 38.2038
65330 38.1846
65340 38.1646
65350 38.149
65360 38.1425
65370 38.1493
65380 38.1619
65390 38.183
65400 38.2244
65410 38.2904
65420 38.341
65430 38.3487
65440 38.3538
65450 38.3842
65460 38.4051
65470 38.3978
65480 38.3841
65490 38.3864
65500 38.4105
65510 38.4542
65520 38.5171
65530 38.5877
65540 38.6444
65550 38.6856
65560 38.7299
65570 38.7771
65580 38.8175
65590 38.8324
65600 38.8237
65610 38.817
65620 38.8178
65630 38.8136
65640 38.8116
65650 38.8199
65660 38.8304
65670 38.8287
65680 38.8253
65690 38.828
65700 38.8144
65710 38.782
65720 38.7446
65730 38.7042
65740 38.6552
65750 38.6088
65760 38.5967
65770 38.6111
65780 38.6162
65790 38.6107
65800 38.6126
65810 38.5989
65820 38.5567
65830 38.5098
65840 38.4611
65850 38.4211
65860 38.4206
65870 38.4471
65880 38.4697
65890 38.4839
65900 38.5119
65910 38.5598
65920 38.6072
65930 38.6369
65940 38.6596
65950 38.672
65960 38.6728
65970 38.6731
65980 38.6812
65990 38.7018
66000 38.7365
66010 38.7765
66020 38.8261
66030 38.8857
66040 38.9468
66050 38.9904
66060 39.0189
66070 39.0442
66080 39.0345
66090 38.9768
66100 38.9019
66110 38.8383
66120 38.7878
66130 38.749
66140 38.7436
66150 38.7656
66160 38.7862
66170 38.7939
66180 38.7985
66190 38.7975
66200 38.7925
66210 38.7858
66220 38.7775
66230 38.7757
66240 38.7876
66250 38.8183
66260 38.8559
66270 38.8982
66280 38.9442
66290 38.9706
66300 38.9692
66310 38.963
66320 38.9742
66330 38.9909
66340 39.0083
66350 39.0315
66360 39.0644
66370 39.0976
66380 39.1124
66390 39.0975
66400 39.0583
66410 39.0044
66420 38.9366
66430 38.8642
66440 38.8022
66450 38.7551
66460 38.7085
66470 38.6597
66480 38.6254
66490 38.6037
66500 38.5729
66510 38.5386
66520 38.5197
66530 38.5149
66540 38.5124
66550 38.5081
66560 38.5292
66570 38.5786
66580 38.6101
66590 38.6117
66600 38.6189
66610 38.6468
66620 38.6742
66630 38.6937
66640 38.7056
66650 38.7171
66660 38.7474
66670 38.8086
66680 38.8796
66690 38.9271
66700 38.9386
66710 38.9149
66720 38.8695
66730 38.8247
66740 38.8075
66750 38.8209
66760 38.8362
66770 38.8474
66780 38.8721
66790 38.9134
66800 38.9408
66810 38.9408
66820 38.9353
66830 38.9192
66840 38.8804
66850 38.8435
66860 38.8384
66870 38.8553
66880 38.8684
66890 38.8713
66900 38.8728
66910 38.8809
66920 38.8768
66930 38.8594
66940 38.8456
66950 38.854
66960 38.8796
66970 38.9117
66980 38.9339
66990 38.9311
67000 38.9183
67010 38.9092
67020 38.9029
67030 38.8946
67040 38.8853
67050 38.8809
67060 38.8735
67070 38.8466
67080 38.8102
67090 38.7713
67100 38.724
67110 38.6769
67120 38.6477
67130 38.6376
67140 38.6373
67150 38.6395
67160 38.6365
67170 38.6381
67180 38.6459
67190 38.6546
67200 38.6663
67210 38.6685
67220 38.6418
67230 38.5976
67240 38.553
67250 38.5008
67260 38.4566
67270 38.4488
67280 38.4682
67290 38.4995
67300 38.5349
67310 38.5524
67320 38.5404
67330 38.5023
67340 38.4548
67350 38.4002
67360 38.3298
67370 38.2493
67380 38.165
67390 38.0774
67400 37.9983
67410 37.9496
67420 37.9545
67430 38.0213
67440 38.1123
67450 38.181
67460 38.2076
67470 38.2045
67480 38.1971
67490 38.1905
67500 38.1644
67510 38.1264
67520 38.0993
67530 38.0873
67540 38.0739
67550 38.042
67560 37.9943
67570 37.9496
67580 37.9369
67590 37.9497
67600 37.9761
67610 38.0191
67620 38.0685
67630 38.1237
67640 38.1946
67650 38.2613
67660 38.3032
67670 38.3265
67680 38.3547
67690 38.3836
67700 38.4055
67710 38.4441
67720 38.5132
67730 38.5852
67740 38.6468
67750 38.7133
67760 38.779
67770 38.8129
67780 38.8237
67790 38.8389
67800 38.8557
67810 38.872
67820 38.8974
67830 38.9151
67840 38.9047
67850 38.8832
67860 38.8815
67870 38.9071
67880 38.9358
67890 38.9459
67900 38.9335
67910 38.9059
67920 38.8642
67930 38.8079
67940 38.7503
67950 38.6956
67960 38.6508
67970 38.6281
67980 38.6372
67990 38.6769
68000 38.7242
68010 38.7555
68020 38.7684
68030 38.7752
68040 38.7834
68050 38.7804
68060 38.7595
68070 38.7127
68080 38.642
68090 38.5711
68100 38.5157
68110 38.4673
68120 38.4163
68130 38.3677
68140 38.3272
68150 38.2895
68160 38.2659
68170 38.2602
68180 38.2601
68190 38.2622
68200 38.2683
68210 38.273
68220 38.2679
68230 38.2682
68240 38.2801
68250 38.291
68260 38.2964
68270 38.3092
68280 38.3263
68290 38.3385
68300 38.3437
68310 38.3519
68320 38.3565
68330 38.3532
68340 38.338
68350 38.313
68360 38.2893
68370 38.289
68380 38.3198
68390 38.3666
68400 38.4157
68410 38.4561
68420 38.4846
68430 38.5079
68440 38.5159
68450 38.5232
68460 38.5544
68470 38.6189
68480 38.7022
68490 38.7751
68500 38.8167
68510 38.8146
68520 38.7657
68530 38.7134
68540 38.6988
68550 38.7149
68560 38.7326
68570 38.7428
68580 38.7463
68590 38.7457
68600 38.7488
68610 38.7476
68620 38.7307
68630 38.6908
68640 38.6448
68650 38.6256
68660 38.6456
68670 38.7041
68680 38.7965
68690 38.905
68700 39.0136
68710 39.1055
68720 39.1577
68730 39.1719
68740 39.1583
68750 39.1265
68760 39.0994
68770 39.1069
68780 39.1624
68790 39.2437
68800 39.3207
68810 39.3783
68820 39.4266
68830 39.47
68840 39.4975
68850 39.5161
68860 39.5442
68870 39.5798
68880 39.6095
68890 39.6282
68900 39.6602
68910 39.7214
68920 39.7962
68930 39.8603
68940 39.9238
68950 39.9982
68960 40.0677
68970 40.1146
68980 40.1312
68990 40.1138
69000 40.0682
69010 40.0101
69020 39.9502
69030 39.8813
69040 39.8233
69050 39.809
69060 39.8303
69070 39.8506
69080 39.8577
69090 39.8711
69100 39.9057
69110 39.9491
69120 39.9886
69130 40.025
69140 40.0452
69150 40.0478
69160 40.0592
69170 40.0885
69180 40.1118
69190 40.1255
69200 40.1611
69210 40.2203
69220 40.2894
69230 40.3611
69240 40.4335
69250 40.5114
69260 40.5856
69270 40.6531
69280 40.7212
69290 40.7901
69300 40.8647
69310 40.9496
69320 41.0253
69330 41.0708
69340 41.0796
69350 41.0732
69360 41.0677
69370 41.0516
69380 41.0257
69390 41.0093
69400 41.0099
69410 41.0286
69420 41.0703
69430 41.1192
69440 41.161
69450 41.1898
69460 41.2035
69470 41.2066
69480 41.2041
69490 41.1825
69500 41.1444
69510 41.1303
69520 41.1656
69530 41.2326
69540 41.3055
69550 41.3704
69560 41.4093
69570 41.4234
69580 41.4186
69590 41.3956
69600 41.3698
69610 41.3433
69620 41.3225
69630 41.3294
69640 41.3615
69650 41.3886
69660 41.381
69670 41.3609
69680 41.3338
69690 41.2755
69700 41.1998
69710 41.158
69720 41.1531
69730 41.1413
69740 41.1175
69750 41.1011
69760 41.0816
69770 41.0447
69780 40.9924
69790 40.9291
69800 40.8685
69810 40.8406
69820 40.8533
69830 40.8744
69840 40.8813
69850 40.8773
69860 40.8617
69870 40.8349
69880 40.8128
69890 40.8414
69900 40.9168
69910 41.0118
69920 41.1247
69930 41.2382
69940 41.3079
69950 41.3134
69960 41.2756
69970 41.2149
69980 41.1456
69990 41.1057
70000 41.1243
70010 41.1951
70020 41.2893
70030 41.3958
70040 41.5094
70050 41.6106
70060 41.6668
70070 41.6712
70080 41.653
70090 41.642
70100 41.6427
70110 41.6452
70120 41.6582
70130 41.689
70140 41.7277
70150 41.7531
70160 41.7621
70170 41.7761
70180 41.8146
70190 41.8686
70200 41.923
70210 41.9667
70220 42.0002
70230 42.0139
70240 42.0069
70250 41.9862
70260 41.9549
70270 41.9239
70280 41.8902
70290 41.8663
70300 41.8745
70310 41.904
70320 41.943
70330 41.9878
70340 42.033
70350 42.0774
70360 42.1034
70370 42.1028
70380 42.0846
70390 42.0586
70400 42.0472
70410 42.0763
70420 42.1461
70430 42.2206
70440 42.2765
70450 42.3088
70460 42.3167
70470 42.2817
70480 42.1926
70490 42.0663
70500 41.9322
70510 41.8164
70520 41.7303
70530 41.6661
70540 41.6168
70550 41.5886
70560 41.5816
70570 41.5783
70580 41.5679
70590 41.542
70600 41.4888
70610 41.4171
70620 41.3612
70630 41.3382
70640 41.3292
70650 41.3182
70660 41.2931
70670 41.2439
70680 41.1931
70690 41.1586
70700 41.1521
70710 41.1762
70720 41.213
70730 41.2194
70740 41.1907
70750 41.1388
70760 41.0926
70770 41.0674
70780 41.0677
70790 41.0974
70800 41.1617
70810 41.2384
70820 41.2872
70830 41.2975
70840 41.2894
70850 41.2839
70860 41.2801
70870 41.2799
70880 41.2758
70890 41.2454
70900 41.1874
70910 41.1165
70920 41.0474
70930 40.9732
70940 40.9015
70950 40.8399
70960 40.7882
70970 40.7583
70980 40.769
70990 40.8468
71000 40.9614
71010 41.0736
71020 41.198
71030 41.3315
71040 41.4213
71050 41.4385
71060 41.4141
71070 41.397
71080 41.4005
71090 41.4097
71100 41.4221
71110 41.4517
71120 41.5066
71130 41.5703
71140 41.6095
71150 41.607
71160 41.5693
71170 41.4947
71180 41.398
71190 41.3176
71200 41.2888
71210 41.2995
71220 41.3372
71230 41.3979
71240 41.4576
71250 41.4929
71260 41.5119
71270 41.5232
71280 41.5307
71290 41.5242
71300 41.5046
71310 41.4876
71320 41.4783
71330 41.4771
71340 41.4857
71350 41.5053
71360 41.5282
71370 41.5406
71380 41.523
71390 41.4806
71400 41.4334
71410 41.4088
71420 41.4098
71430 41.4273
71440 41.4621
71450 41.5073
71460 41.5297
71470 41.5092
71480 41.4478
71490 41.3604
71500 41.2756
71510 41.1932
71520 41.1271
71530 41.119
71540 41.1702
71550 41.2459
71560 41.3158
71570 41.3652
71580 41.3879
71590 41.3702
71600 41.3297
71610 41.2956
71620 41.278
71630 41.2668
71640 41.2692
71650 41.3038
71660 41.3643
71670 41.4146
71680 41.4349
71690 41.4442
71700 41.4691
71710 41.4884
71720 41.4735
71730 41.4411
71740 41.4063
71750 41.3635
71760 41.3421
71770 41.3575
71780 41.3884
71790 41.4202
71800 41.4626
71810 41.5224
71820 41.5869
71830 41.6351
71840 41.6561
71850 41.6542
71860 41.6272
71870 41.5852
71880 41.5418
71890 41.5037
71900 41.4616
71910 41.4173
71920 41.3793
71930 41.3544
71940 41.3375
71950 41.3144
71960 41.2879
71970 41.2628
71980 41.2463
71990 41.2439
72000 41.2581
72010 41.2943
72020 41.3609
72030 41.4518
72040 41.5216
72050 41.5503
72060 41.557
72070 41.5659
72080 41.5744
72090 41.5749
72100 41.572
72110 41.5783
72120 41.5979
72130 41.6463
72140 41.7144
72150 41.7693
72160 41.7997
72170 41.8098
72180 41.8036
72190 41.7825
72200 41.7596
72210 41.7488
72220 41.7385
72230 41.7282
72240 41.7404
72250 41.774
72260 41.8041
72270 41.8255
72280 41.8447
72290 41.874
72300 41.9107
72310 41.9417
72320 41.965
72330 42.0003
72340 42.0557
72350 42.0925
72360 42.092
72370 42.1014
72380 42.1495
72390 42.205
72400 42.2463
72410 42.284
72420 42.3316
72430 42.3589
72440 42.3332
72450 42.2639
72460 42.1864
72470 42.111
72480 42.0268
72490 41.9546
72500 41.9095
72510 41.8807
72520 41.8735
72530 41.8919
72540 41.9274
72550 41.9887
72560 42.0699
72570 42.1395
72580 42.1761
72590 42.1732
72600 42.1361
72610 42.0704
72620 42.0099
72630 41.9754
72640 41.9752
72650 42.0089
72660 42.0679
72670 42.1265
72680 42.1516
72690 42.1457
72700 42.1273
72710 42.0831
72720 42.0089
72730 41.931
72740 41.8738
72750 41.8312
72760 41.8023
72770 41.7924
72780 41.7774
72790 41.7358
72800 41.6803
72810 41.6194
72820 41.5434
72830 41.4613
72840 41.4087
72850 41.4097
72860 41.4634
72870 41.5613
72880 41.6745
72890 41.7835
72900 41.8676
72910 41.9149
72920 41.9397
72930 41.9573
72940 41.9798
72950 42.0158
72960 42.0807
72970 42.174
72980 42.2811
72990 42.3881
73000 42.4797
73010 42.547
73020 42.5723
73030 42.5363
73040 42.4538
73050 42.3673
73060 42.3004
73070 42.263
73080 42.2565
73090 42.2718
73100 42.2942
73110 42.3181
73120 42.3546
73130 42.3955
73140 42.4216
73150 42.4304
73160 42.4181
73170 42.3652
73180 42.2822
73190 42.2023
73200 42.13
73210 42.074
73220 42.0592
73230 42.0917
73240 42.1477
73250 42.1956
73260 42.2226
73270 42.2263
73280 42.2136
73290 42.1961
73300 42.178
73310 42.1471
73320 42.1062
73330 42.0553
73340 41.9935
73350 41.927
73360 41.879
73370 41.8553
73380 41.849
73390 41.8808
73400 41.9574
73410 42.0364
73420 42.0811
73430 42.0959
73440 42.1017
73450 42.0915
73460 42.0565
73470 42.0148
73480 41.9713
73490 41.911
73500 41.8394
73510 41.7752
73520 41.7249
73530 41.6737
73540 41.6232
73550 41.5937
73560 41.5943
73570 41.6204
73580 41.671
73590 41.7259
73600 41.7569
73610 41.7668
73620 41.7608
73630 41.7344
73640 41.6929
73650 41.6648
73660 41.6515
73670 41.6305
73680 41.6093
73690 41.5922
73700 41.5594
73710 41.5039
73720 41.4596
73730 41.4676
73740 41.5023
73750 41.5297
73760 41.5516
73770 41.5644
73780 41.5509
73790 41.5135
73800 41.472
73810 41.4425
73820 41.4281
73830 41.4325
73840 41.4548
73850 41.4723
73860 41.4686
73870 41.4458
73880 41.3945
73890 41.3281
73900 41.2664
73910 41.2189
73920 41.1906
73930 41.1869
73940 41.2172
73950 41.2851
73960 41.3594
73970 41.4076
73980 41.4304
73990 41.4577
74000 41.5051
74010 41.5546
74020 41.5824
74030 41.5985
74040 41.6244
74050 41.6419
74060 41.645
74070 41.6573
74080 41.691
74090 41.7275
74100 41.7599
74110 41.815
74120 41.8717
74130 41.8789
74140 41.8437
74150 41.7832
74160 41.7026
74170 41.6264
74180 41.5839
74190 41.5866
74200 41.6303
74210 41.7089
74220 41.8167
74230 41.9346
74240 42.0307
74250 42.0901
74260 42.1175
74270 42.1057
74280 42.0709
74290 42.0625
74300 42.0743
74310 42.0799
74320 42.0703
74330 42.0472
74340 42.0137
74350 41.9885
74360 41.9812
74370 41.9741
74380 41.9621
74390 41.9451
74400 41.9138
74410 41.86
74420 41.8068
74430 41.7793
74440 41.7648
74450 41.7293
74460 41.6838
74470 41.6556
74480 41.6519
74490 41.6479
74500 41.6395
74510 41.6265
74520 41.6116
74530 41.5952
74540 41.5746
74550 41.552
74560 41.5281
74570 41.5113
74580 41.5064
74590 41.4904
74600 41.4511
74610 41.408
74620 41.3829
74630 41.3732
74640 41.3444
74650 41.3015
74660 41.2924
74670 41.3229
74680 41.3399
74690 41.3175
74700 41.2806
74710 41.2365
74720 41.1843
74730 41.1415
74740 41.1319
74750 41.1488
74760 41.1823
74770 41.2291
74780 41.2655
74790 41.2717
74800 41.2544
74810 41.2365
74820 41.2315
74830 41.2365
74840 41.2401
74850 41.255
74860 41.2976
74870 41.3455
74880 41.3749
74890 41.3937
74900 41.4117
74910 41.4166
74920 41.4071
74930 41.4046
74940 41.411
74950 41.4269
74960 41.4574
74970 41.484
74980 41.4957
74990 41.5051
75000 41.5321
75010 41.5803
75020 41.6445
75030 41.7077
75040 41.7626
75050 41.8019
75060 41.8243
75070 41.8239
75080 41.7992
75090 41.7746
75100 41.7535
75110 41.7232
75120 41.6762
75130 41.6255
75140 41.61
75150 41.6468
75160 41.7024
75170 41.7509
75180 41.8032
75190 41.8442
75200 41.8453
75210 41.8186
75220 41.8025
75230 41.7976
75240 41.7915
75250 41.795
75260 41.8237
75270 41.8727
75280 41.9259
75290 41.9743
75300 42.0146
75310 42.0432
75320 42.054
75330 42.0505
75340 42.0364
75350 42.0192
75360 41.9994
75370 41.9864
75380 41.9884
75390 41.9945
75400 41.9823
75410 41.9567
75420 41.9376
75430 41.9208
75440 41.8929
75450 41.8647
75460 41.8489
75470 41.8411
75480 41.8344
75490 41.8323
75500 41.8359
75510 41.8347
75520 41.8205
75530 41.7889
75540 41.7484
75550 41.7225
75560 41.7171
75570 41.7151
75580 41.7203
75590 41.7416
75600 41.7629
75610 41.7646
75620 41.7532
75630 41.7433
75640 41.7302
75650 41.7185
75660 41.7008
75670 41.6919
75680 41.6996
75690 41.7205
75700 41.7511
75710 41.7788
75720 41.7926
75730 41.8005
75740 41.8087
75750 41.8148
75760 41.8148
75770 41.822
75780 41.8333
75790 41.8495
75800 41.8767
75810 41.9055
75820 41.921
75830 41.9365
75840 41.9692
75850 41.9926
75860 41.9653
75870 41.9116
75880 41.8925
75890 41.9164
75900 41.9386
75910 41.9567
75920 41.9954
75930 42.0395
75940 42.0713
75950 42.0789
75960 42.0485
75970 41.9863
75980 41.9325
75990 41.9304
76000 41.9738
76010 42.0312
76020 42.0856
76030 42.1357
76040 42.1729
76050 42.1799
76060 42.1565
76070 42.1304
76080 42.0981
76090 42.0465
76100 42.0051
76110 41.9875
76120 41.975
76130 41.9783
76140 42.0142
76150 42.0484
76160 42.0365
76170 41.9809
76180 41.91
76190 41.8474
76200 41.8096
76210 41.7955
76220 41.7818
76230 41.7595
76240 41.7536
76250 41.7662
76260 41.7917
76270 41.8258
76280 41.8671
76290 41.9148
76300 41.9491
76310 41.9554
76320 41.9606
76330 41.9967
76340 42.053
76350 42.1214
76360 42.2095
76370 42.313
76380 42.4064
76390 42.4666
76400 42.4954
76410 42.5019
76420 42.5008
76430 42.4948
76440 42.4904
76450 42.4909
76460 42.5152
76470 42.561
76480 42.6143
76490 42.6747
76500 42.7477
76510 42.818
76520 42.8556
76530 42.8598
76540 42.8665
76550 42.8976
76560 42.9286
76570 42.9241
76580 42.8864
76590 42.8516
76600 42.8355
76610 42.8241
76620 42.8247
76630 42.8537
76640 42.9072
76650 42.9531
76660 42.9723
76670 42.9605
76680 42.9475
76690 42.9637
76700 43.0127
76710 43.0736
76720 43.1256
76730 43.1691
76740 43.2107
76750 43.241
76760 43.2606
76770 43.2937
76780 43.3268
76790 43.3148
76800 43.2384
76810 43.1218
76820 43.0229
76830 42.9643
76840 42.9293
76850 42.8878
76860 42.8307
76870 42.7927
76880 42.8099
76890 42.8526
76900 42.8721
76910 42.8749
76920 42.8632
76930 42.8054
76940 42.7186
76950 42.6568
76960 42.6294
76970 42.6292
76980 42.6643
76990 42.7126
77000 42.7448
77010 42.7645
77020 42.7871
77030 42.8159
77040 42.8317
77050 42.8186
77060 42.7848
77070 42.7427
77080 42.703
77090 42.668
77100 42.6509
77110 42.6607
77120 42.6751
77130 42.6811
77140 42.6633
77150 42.6331
77160 42.6229
77170 42.6298
77180 42.6469
77190 42.6675
77200 42.6949
77210 42.7236
77220 42.7289
77230 42.7106
77240 42.6959
77250 42.695
77260 42.6881
77270 42.6714
77280 42.6747
77290 42.7165
77300 42.7864
77310 42.8606
77320 42.9404
77330 43.0229
77340 43.0773
77350 43.0769
77360 43.0401
77370 43.0051
77380 42.9851
77390 42.9809
77400 42.9872
77410 43.0105
77420 43.057
77430 43.1023
77440 43.1064
77450 43.058
77460 42.9857
77470 42.9208
77480 42.8708
77490 42.8385
77500 42.843
77510 42.8771
77520 42.9051
77530 42.9021
77540 42.8712
77550 42.8269
77560 42.7988
77570 42.8059
77580 42.8166
77590 42.8067
77600 42.8009
77610 42.8062
77620 42.7992
77630 42.7809
77640 42.7828
77650 42.8011
77660 42.8108
77670 42.7997
77680 42.7663
77690 42.7283
77700 42.6976
77710 42.6754
77720 42.6746
77730 42.7154
77740 42.7796
77750 42.8431
77760 42.9096
77770 43.0038
77780 43.1162
77790 43.2247
77800 43.321
77810 43.4149
77820 43.5037
77830 43.5578
77840 43.5797
77850 43.5946
77860 43.6339
77870 43.7073
77880 43.7879
77890 43.8582
77900 43.9245
77910 43.994
77920 44.0597
77930 44.1275
77940 44.189
77950 44.215
77960 44.2104
77970 44.2017
77980 44.1936
77990 44.177
78000 44.1686
78010 44.1861
78020 44.2209
78030 44.2628
78040 44.3084
78050 44.3464
78060 44.3594
78070 44.3427
78080 44.3138
78090 44.2792
78100 44.2365
78110 44.1912
78120 44.1609
78130 44.1436
78140 44.1368
78150 44.1309
78160 44.1226
78170 44.0994
78180 44.0619
78190 44.0325
78200 44.015
78210 43.9997
78220 43.9837
78230 43.9562
78240 43.9124
78250 43.8713
78260 43.8502
78270 43.8521
78280 43.8646
78290 43.8635
78300 43.823
78310 43.7434
78320 43.648
78330 43.5617
78340 43.4828
78350 43.4139
78360 43.3667
78370 43.3364
78380 43.318
78390 43.3197
78400 43.3484
78410 43.3866
78420 43.4139
78430 43.4399
78440 43.4634
78450 43.4602
78460 43.4278
78470 43.4053
78480 43.4289
78490 43.493
78500 43.5843
78510 43.6809
78520 43.7393
78530 43.744
78540 43.7183
78550 43.6898
78560 43.6689
78570 43.6679
78580 43.6893
78590 43.7155
78600 43.7503
78610 43.8097
78620 43.8786
78630 43.9083
78640 43.8808
78650 43.8215
78660 43.7558
78670 43.7059
78680 43.6865
78690 43.6967
78700 43.7244
78710 43.7435
78720 43.7446
78730 43.7323
78740 43.6974
78750 43.6374
78760 43.565
78770 43.4889
78780 43.411
78790 43.3403
78800 43.3028
78810 43.2937
78820 43.291
78830 43.2946
78840 43.3114
78850 43.3273
78860 43.3138
78870 43.2629
78880 43.1873
78890 43.1115
78900 43.0405
78910 42.9753
78920 42.931
78930 42.9314
78940 42.9701
78950 43.0207
78960 43.0496
78970 43.0496
78980 43.0432
78990 43.0192
79000 42.9472
79010 42.8421
79020 42.7563
79030 42.7164
79040 42.7175
79050 42.751
79060 42.7941
79070 42.8344
79080 42.8799
79090 42.9299
79100 42.9512
79110 42.936
79120 42.9184
79130 42.9231
79140 42.954
79150 42.9962
79160 43.0267
79170 43.0372
79180 43.0233
79190 42.9821
79200 42.9343
79210 42.917
79220 42.9391
79230 42.973
79240 42.9944
79250 43.0246
79260 43.0726
79270 43.1238
79280 43.1776
79290 43.2119
79300 43.2127
79310 43.1777
79320 43.134
79330 43.1145
79340 43.126
79350 43.1395
79360 43.1317
79370 43.0979
79380 43.0439
79390 42.9642
79400 42.8641
79410 42.7728
79420 42.7143
79430 42.6865
79440 42.6583
79450 42.622
79460 42.5897
79470 42.5413
79480 42.4777
79490 42.4288
79500 42.4012
79510 42.372
79520 42.3361
79530 42.3059
79540 42.2689
79550 42.2155
79560 42.1663
79570 42.1554
79580 42.1851
79590 42.2249
79600 42.2516
79610 42.2487
79620 42.2099
79630 42.151
79640 42.0908
79650 42.056
79660 42.0787
79670 42.1577
79680 42.2453
79690 42.3146
79700 42.3547
79710 42.359
79720 42.3377
79730 42.2997
79740 42.2599
79750 42.2309
79760 42.2203
79770 42.241
79780 42.2805
79790 42.2994
79800 42.2988
79810 42.3006
79820 42.3112
79830 42.3205
79840 42.3272
79850 42.3471
79860 42.371
79870 42.3838
79880 42.3929
79890 42.4103
79900 42.4297
79910 42.4422
79920 42.4474
79930 42.448
79940 42.4545
79950 42.4701
79960 42.4882
79970 42.4963
79980 42.5068
79990 42.5401
80000 42.5817
80010 42.6123
80020 42.6423
80030 42.7003
80040 42.7798
80050 42.8476
80060 42.9018
80070 42.9593
80080 43.0239
80090 43.0799
80100 43.1161
80110 43.1285
80120 43.1222
80130 43.11
80140 43.0995
80150 43.0973
80160 43.1017
80170 43.1068
80180 43.1278
80190 43.1841
80200 43.2691
80210 43.3479
80220 43.3883
80230 43.396
80240 43.4069
80250 43.4376
80260 43.4743
80270 43.5086
80280 43.5341
80290 43.5378
80300 43.5064
80310 43.4411
80320 43.3589
80330 43.2866
80340 43.242
80350 43.2286
80360 43.2417
80370 43.2755
80380 43.296
80390 43.2762
80400 43.2154
80410 43.1431
80420 43.0714
80430 42.9983
80440 42.9366
80450 42.9101
80460 42.9276
80470 42.9653
80480 42.9962
80490 43.0293
80500 43.0731
80510 43.1179
80520 43.1415
80530 43.1289
80540 43.099
80550 43.0727
80560 43.0553
80570 43.0667
80580 43.1149
80590 43.1593
80600 43.1677
80610 43.1667
80620 43.1868
80630 43.2155
80640 43.2449
80650 43.276
80660 43.3128
80670 43.3667
80680 43.4402
80690 43.5042
80700 43.5434
80710 43.5585
80720 43.5609
80730 43.5474
80740 43.5141
80750 43.4758
80760 43.4422
80770 43.4209
80780 43.4362
80790 43.4796
80800 43.5205
80810 43.5499
80820 43.575
80830 43.6039
80840 43.6354
80850 43.6513
80860 43.6394
80870 43.6108
80880 43.594
80890 43.6034
80900 43.6384
80910 43.6988
80920 43.7824
80930 43.8342
80940 43.8149
80950 43.753
80960 43.6859
80970 43.6338
80980 43.6015
80990 43.6036
81000 43.6363
81010 43.6762
81020 43.7045
81030 43.708
81040 43.6788
81050 43.6433
81060 43.6394
81070 43.6603
81080 43.6841
81090 43.7208
81100 43.7621
81110 43.7884
81120 43.792
81130 43.7609
81140 43.6958
81150 43.621
81160 43.5771
81170 43.5869
81180 43.6263
81190 43.6743
81200 43.7204
81210 43.7499
81220 43.7508
81230 43.7098
81240 43.6406
81250 43.5635
81260 43.4928
81270 43.4528
81280 43.4631
81290 43.5177
81300 43.579
81310 43.6269
81320 43.6628
81330 43.6909
81340 43.7093
81350 43.7288
81360 43.7603
81370 43.7869
81380 43.7908
81390 43.7866
81400 43.7824
81410 43.769
81420 43.7483
81430 43.7345
81440 43.7432
81450 43.7806
81460 43.8398
81470 43.9077
81480 43.9694
81490 44.015
81500 44.0603
81510 44.1024
81520 44.122
81530 44.1267
81540 44.1436
81550 44.1809
81560 44.2174
81570 44.2396
81580 44.2633
81590 44.2974
81600 44.3226
81610 44.3181
81620 44.2893
81630 44.2517
81640 44.2061
81650 44.1595
81660 44.1289
81670 44.1299
81680 44.1434
81690 44.1442
81700 44.1129
81710 44.0446
81720 43.9651
81730 43.9276
81740 43.9429
81750 43.9537
81760 43.949
81770 43.9542
81780 43.9541
81790 43.9369
81800 43.9282
81810 43.9393
81820 43.9637
81830 43.9975
81840 44.0435
81850 44.0966
81860 44.1411
81870 44.1704
81880 44.2021
81890 44.2502
81900 44.3153
81910 44.4043
81920 44.4988
81930 44.5544
81940 44.571
81950 44.5777
81960 44.5775
81970 44.5681
81980 44.5662
81990 44.5779
82000 44.6033
82010 44.6274
82020 44.6485
82030 44.6817
82040 44.7276
82050 44.7766
82060 44.8208
82070 44.8643
82080 44.9008
82090 44.9206
82100 44.944
82110 44.966
82120 44.9585
82130 44.911
82140 44.8469
82150 44.7825
82160 44.7326
82170 44.7106
82180 44.6775
82190 44.6049
82200 44.5221
82210 44.4622
82220 44.4409
82230 44.4438
82240 44.4644
82250 44.4943
82260 44.5079
82270 44.489
82280 44.4479
82290 44.4013
82300 44.3501
82310 44.3126
82320 44.3091
82330 44.3365
82340 44.3715
82350 44.3967
82360 44.4152
82370 44.4386
82380 44.468
82390 44.4972
82400 44.5173
82410 44.5321
82420 44.5483
82430 44.5808
82440 44.6224
82450 44.6449
82460 44.6456
82470 44.634
82480 44.5974
82490 44.5237
82500 44.4621
82510 44.4534
82520 44.4525
82530 44.437
82540 44.4302
82550 44.4201
82560 44.3919
82570 44.3509
82580 44.3162
82590 44.2855
82600 44.2487
82610 44.2041
82620 44.1659
82630 44.1496
82640 44.1695
82650 44.2157
82660 44.2819
82670 44.3634
82680 44.4425
82690 44.5149
82700 44.5853
82710 44.6446
82720 44.6877
82730 44.7297
82740 44.7829
82750 44.8329
82760 44.8677
82770 44.9034
82780 44.9346
82790 44.9606
82800 44.9766
82810 44.9919
82820 45.01
82830 45.0309
82840 45.0426
82850 45.038
82860 45.0298
82870 45.0381
82880 45.0719
82890 45.1042
82900 45.104
82910 45.0855
82920 45.0798
82930 45.0818
82940 45.0658
82950 45.0277
82960 44.9799
82970 44.9286
82980 44.887
82990 44.8571
83000 44.8075
83010 44.7175
83020 44.5988
83030 44.4781
83040 44.3718
83050 44.2951
83060 44.2548
83070 44.2435
83080 44.2556
83090 44.2911
83100 44.3426
83110 44.4008
83120 44.439
83130 44.4509
83140 44.4482
83150 44.4461
83160 44.4453
83170 44.4427
83180 44.4457
83190 44.4644
83200 44.4853
83210 44.4718
83220 44.4342
83230 44.4008
83240 44.3623
83250 44.2923
83260 44.1933
83270 44.108
83280 44.0709
83290 44.103
83300 44.202
83310 44.3319
83320 44.4605
83330 44.5683
83340 44.6207
83350 44.6046
83360 44.5721
83370 44.5773
83380 44.6308
83390 44.7123
83400 44.8232
83410 44.95
83420 45.0444
83430 45.0791
83440 45.0605
83450 44.9987
83460 44.9085
83470 44.8131
83480 44.7468
83490 44.7356
83500 44.7422
83510 44.7338
83520 44.7295
83530 44.7516
83540 44.7941
83550 44.8391
83560 44.8802
83570 44.9324
83580 44.9972
83590 45.0509
83600 45.0846
83610 45.1049
83620 45.1166
83630 45.117
83640 45.108
83650 45.1108
83660 45.1376
83670 45.1732
83680 45.2203
83690 45.2754
83700 45.3101
83710 45.3064
83720 45.2695
83730 45.2286
83740 45.1949
83750 45.1633
83760 45.135
83770 45.115
83780 45.1004
83790 45.0767
83800 45.0498
83810 45.0258
83820 44.989
83830 44.9323
83840 44.8686
83850 44.8163
83860 44.7799
83870 44.7457
83880 44.6951
83890 44.6371
83900 44.5969
83910 44.5863
83920 44.6066
83930 44.6466
83940 44.675
83950 44.6692
83960 44.6343
83970 44.5902
83980 44.5279
83990 44.4564
84000 44.4133
84010 44.4025
84020 44.3958
84030 44.3893
84040 44.4086
84050 44.4519
84060 44.5011
84070 44.5653
84080 44.648
84090 44.7128
84100 44.7301
84110 44.7169
84120 44.6955
84130 44.6634
84140 44.6264
84150 44.6193
84160 44.6738
84170 44.777
84180 44.9006
84190 45.0254
84200 45.1351
84210 45.222
84220 45.2931
84230 45.3498
84240 45.388
84250 45.4243
84260 45.4787
84270 45.538
84280 45.5674
84290 45.5672
84300 45.5656
84310 45.5703
84320 45.5852
84330 45.5958
84340 45.5849
84350 45.544
84360 45.4951
84370 45.4669
84380 45.4491
84390 45.4057
84400 45.3379
84410 45.2776
84420 45.246
84430 45.2433
84440 45.2496
84450 45.24
84460 45.2031
84470 45.1568
84480 45.0946
84490 45.0015
84500 44.8904
84510 44.7999
84520 44.7439
84530 44.7222
84540 44.7503
84550 44.8116
84560 44.8617
84570 44.8916
84580 44.8888
84590 44.8404
84600 44.7684
84610 44.7142
84620 44.6913
84630 44.6942
84640 44.703
84650 44.7263
84660 44.7637
84670 44.7882
84680 44.7786
84690 44.7404
84700 44.7066
84710 44.6976
84720 44.6959
84730 44.6827
84740 44.6753
84750 44.6879
84760 44.726
84770 44.7845
84780 44.8443
84790 44.8891
84800 44.9282
84810 44.9532
84820 44.9418
84830 44.9093
84840 44.8996
84850 44.9229
84860 44.9614
84870 45.0061
84880 45.0678
84890 45.1533
84900 45.2498
84910 45.3348
84920 45.4044
84930 45.4733
84940 45.5428
84950 45.5966
84960 45.6243
84970 45.6286
84980 45.6092
84990 45.563
85000 45.504
85010 45.4675
85020 45.4731
85030 45.5088
85040 45.5344
85050 45.5262
85060 45.4947
85070 45.4585
85080 45.4247
85090 45.411
85100 45.4245
85110 45.4685
85120 45.5499
85130 45.6362
85140 45.6914
85150 45.7069
85160 45.6962
85170 45.6636
85180 45.6252
85190 45.5954
85200 45.5841
85210 45.5747
85220 45.5653
85230 45.5702
85240 45.6003
85250 45.6382
85260 45.6754
85270 45.7152
85280 45.7363
85290 45.714
85300 45.6639
85310 45.6167
85320 45.5765
85330 45.5264
85340 45.458
85350 45.3905
85360 45.3516
85370 45.3426
85380 45.3399
85390 45.3403
85400 45.3487
85410 45.3621
85420 45.3835
85430 45.4296
85440 45.4911
85450 45.5251
85460 45.5105
85470 45.4634
85480 45.4219
85490 45.3972
85500 45.3994
85510 45.4388
85520 45.4959
85530 45.558
85540 45.6215
85550 45.6682
85560 45.6845
85570 45.6905
85580 45.6949
85590 45.6783
85600 45.6236
85610 45.5498
85620 45.4962
85630 45.4703
85640 45.4574
85650 45.4468
85660 45.4658
85670 45.5443
85680 45.6765
85690 45.8192
85700 45.928
85710 45.9778
85720 45.9637
85730 45.9146
85740 45.879
85750 45.8742
85760 45.9111
85770 45.9812
85780 46.0619
85790 46.1304
85800 46.1798
85810 46.2092
85820 46.2285
85830 46.2468
85840 46.2711
85850 46.2934
85860 46.3064
85870 46.318
85880 46.3253
85890 46.3078
85900 46.2676
85910 46.2179
85920 46.1707
85930 46.128
85940 46.1058
85950 46.1323
85960 46.193
85970 46.2704
85980 46.3703
85990 46.4762
86000 46.5687
86010 46.6323
86020 46.6561
86030 46.6531
86040 46.6557
86050 46.6858
86060 46.7317
86070 46.7726
86080 46.8163
86090 46.8589
86100 46.8686
86110 46.8304
86120 46.7465
86130 46.6354
86140 46.5224
86150 46.4337
86160 46.3743
86170 46.3301
86180 46.3003
86190 46.2899
86200 46.2912
86210 46.2747
86220 46.2259
86230 46.1614
86240 46.0992
86250 46.0415
86260 45.9868
86270 45.9525
86280 45.9611
86290 46.0252
86300 46.1223
86310 46.2159
86320 46.3076
86330 46.403
86340 46.4864
86350 46.5376
86360 46.5456
86370 46.5336
86380 46.5574
86390 46.6305
86400 46.7004
86410 46.7297
86420 46.7461
86430 46.7656
86440 46.7626
86450 46.7544
86460 46.7825
86470 46.8389
86480 46.8841
86490 46.9221
86500 46.9733
86510 47.0258
86520 47.0576
86530 47.0685
86540 47.0658
86550 47.0483
86560 47.0302
86570 47.0359
86580 47.0752
86590 47.1263
86600 47.1725
86610 47.1987
86620 47.2051
86630 47.2203
86640 47.2648
86650 47.307
86660 47.2956
86670 47.2396
86680 47.1773
86690 47.1393
86700 47.1127
86710 47.0916
86720 47.0898
86730 47.1295
86740 47.2069
86750 47.2786
86760 47.3075
86770 47.296
86780 47.2693
86790 47.2369
86800 47.197
86810 47.1502
86820 47.1007
86830 47.0451
86840 46.9912
86850 46.9569
86860 46.9302
86870 46.8853
86880 46.8318
86890 46.7923
86900 46.7645
86910 46.7303
86920 46.6742
86930 46.5984
86940 46.5181
86950 46.4414
86960 46.3784
86970 46.3396
86980 46.3298
86990 46.3428
87000 46.3907
87010 46.4697
87020 46.5356
87030 46.5697
87040 46.5987
87050 46.6281
87060 46.6466
87070 46.6675
87080 46.7196
87090 46.7899
87100 46.8553
87110 46.9286
87120 47.0106
87130 47.0711
87140 47.0914
87150 47.1029
87160 47.1279
87170 47.1583
87180 47.184
87190 47.1995
87200 47.1939
87210 47.1668
87220 47.1433
87230 47.1321
87240 47.1251
87250 47.121
87260 47.1362
87270 47.1667
87280 47.1859
87290 47.1893
87300 47.1857
87310 47.1746
87320 47.154
87330 47.1035
87340 47.0125
87350 46.9048
87360 46.8149
87370 46.7554
87380 46.7267
87390 46.7096
87400 46.6645
87410 46.5752
87420 46.4814
87430 46.4182
87440 46.365
87450 46.3074
87460 46.2578
87470 46.222
87480 46.1939
87490 46.1846
87500 46.2139
87510 46.2586
87520 46.2967
87530 46.3572
87540 46.4349
87550 46.4963
87560 46.5239
87570 46.5144
87580 46.4758
87590 46.4395
87600 46.4485
87610 46.4835
87620 46.4967
87630 46.4951
87640 46.5139
87650 46.5572
87660 46.6048
87670 46.6436
87680 46.6791
87690 46.7167
87700 46.7668
87710 46.8294
87720 46.899
87730 46.9624
87740 46.996
87750 46.9836
87760 46.943
87770 46.9211
87780 46.9443
87790 46.9852
87800 47.0099
87810 47.0268
87820 47.0462
87830 47.0605
87840 47.0772
87850 47.1145
87860 47.1492
87870 47.1395
87880 47.1013
87890 47.086
87900 47.0991
87910 47.1293
87920 47.1745
87930 47.2277
87940 47.2833
87950 47.3276
87960 47.3472
87970 47.3466
87980 47.3649
87990 47.4072
88000 47.4346
88010 47.417
88020 47.3738
88030 47.3596
88040 47.365
88050 47.3475
88060 47.3272
88070 47.3391
88080 47.3689
88090 47.3954
88100 47.4319
88110 47.5084
88120 47.6282
88130 47.7627
88140 47.8871
88150 48.0011
88160 48.0895
88170 48.139
88180 48.1669
88190 48.1845
88200 48.1783
88210 48.1424
88220 48.1071
88230 48.1162
88240 48.1983
88250 48.3367
88260 48.4705
88270 48.55
88280 48.5819
88290 48.5913
88300 48.58
88310 48.5423
88320 48.4926
88330 48.4553
88340 48.4517
88350 48.4781
88360 48.5328
88370 48.6165
88380 48.7039
88390 48.7746
88400 48.8408
88410 48.9079
88420 48.9707
88430 48.9943
88440 48.9723
88450 48.9466
88460 48.9421
88470 48.9322
88480 48.8988
88490 48.8765
88500 48.8811
88510 48.8787
88520 48.8382
88530 48.7735
88540 48.7096
88550 48.6573
88560 48.6329
88570 48.6308
88580 48.6214
88590 48.6098
88600 48.6109
88610 48.6205
88620 48.6317
88630 48.6409
88640 48.6352
88650 48.5895
88660 48.5165
88670 48.4564
88680 48.4278
88690 48.4161
88700 48.4102
88710 48.4092
88720 48.4122
88730 48.4166
88740 48.4066
88750 48.3835
88760 48.3481
88770 48.3102
88780 48.2803
88790 48.2605
88800 48.2435
88810 48.2192
88820 48.2134
88830 48.232
88840 48.2361
88850 48.2056
88860 48.1774
88870 48.1769
88880 48.1793
88890 48.1991
88900 48.2713
88910 48.3831
88920 48.5088
88930 48.6604
88940 48.8296
88950 48.9579
88960 49.0059
88970 48.9802
88980 48.9041
88990 48.7876
89000 48.6616
89010 48.5722
89020 48.5272
89030 48.5148
89040 48.5189
89050 48.5238
89060 48.5264
89070 48.5325
89080 48.5422
89090 48.5536
89100 48.5528
89110 48.5488
89120 48.5682
89130 48.5984
89140 48.6083
89150 48.6032
89160 48.6044
89170 48.6309
89180 48.6901
89190 48.7666
89200 48.8618
89210 48.9898
89220 49.1346
89230 49.2475
89240 49.2958
89250 49.2873
89260 49.2466
89270 49.172
89280 49.0546
89290 48.9047
89300 48.7587
89310 48.6502
89320 48.5944
89330 48.6143
89340 48.6955
89350 48.773
89360 48.8041
89370 48.7811
89380 48.7095
89390 48.6258
89400 48.5674
89410 48.5218
89420 48.4807
89430 48.4549
89440 48.4283
89450 48.382
89460 48.3399
89470 48.3285
89480 48.3287
89490 48.3275
89500 48.3268
89510 48.3415
89520 48.3622
89530 48.3654
89540 48.346
89550 48.3135
89560 48.2753
89570 48.2241
89580 48.1574
89590 48.0854
89600 48.031
89610 48.0032
89620 48.0001
89630 48.0018
89640 48.0129
89650 48.0343
89660 48.0515
89670 48.0636
89680 48.0719
89690 48.0925
89700 48.1197
89710 48.1463
89720 48.1901
89730 48.257
89740 48.3203
89750 48.3599
89760 48.3905
89770 48.433
89780 48.4993
89790 48.591
89800 48.6738
89810 48.7138
89820 48.729
89830 48.7542
89840 48.7915
89850 48.8328
89860 48.8801
89870 48.9372
89880 49.0172
89890 49.1255
89900 49.2386
89910 49.3185
89920 49.3694
89930 49.4145
89940 49.4521
89950 49.4706
89960 49.4898
89970 49.5483
89980 49.6342
89990 49.7131
90000 49.7649
90010 49.8004
90020 49.8403
90030 49.8769
90040 49.9
90050 49.9102
90060 49.9127
90070 49.903
90080 49.8892
90090 49.8774
90100 49.8407
90110 49.7603
90120 49.6735
90130 49.6281
90140 49.64
90150 49.6963
90160 49.7592
90170 49.8083
90180 49.8479
90190 49.8722
90200 49.8925
90210 49.928
90220 49.9725
90230 50.0059
90240 50.0196
90250 50.0226
90260 50.0128
90270 49.9779
90280 49.9292
90290 49.8846
90300 49.8358
90310 49.7694
90320 49.707
90330 49.6683
90340 49.6574
90350 49.6633
90360 49.6451
90370 49.5893
90380 49.5189
90390 49.4693
90400 49.4512
90410 49.4456
90420 49.4649
90430 49.5274
90440 49.6076
90450 49.6637
90460 49.6842
90470 49.6728
90480 49.645
90490 49.6193
90500 49.6003
90510 49.579
90520 49.5617
90530 49.5598
90540 49.5702
90550 49.607
90560 49.6861
90570 49.7819
90580 49.8468
90590 49.8467
90600 49.8018
90610 49.7423
90620 49.6997
90630 49.7003
90640 49.7245
90650 49.7439
90660 49.7679
90670 49.8218
90680 49.8719
90690 49.8642
90700 49.8042
90710 49.712
90720 49.6047
90730 49.4815
90740 49.3681
90750 49.3226
90760 49.3537
90770 49.3992
90780 49.4011
90790 49.3576
90800 49.2936
90810 49.2216
90820 49.1541
90830 49.0998
90840 49.0747
90850 49.081
90860 49.1185
90870 49.1767
90880 49.2368
90890 49.2802
90900 49.2892
90910 49.2677
90920 49.2525
90930 49.2764
90940 49.3258
90950 49.3801
90960 49.4398
90970 49.5048
90980 49.5607
90990 49.5894
91000 49.5955
91010 49.5938
91020 49.5952
91030 49.5872
91040 49.5715
91050 49.5523
91060 49.5523
91070 49.5834
91080 49.6272
91090 49.6921
91100 49.7847
91110 49.8778
91120 49.9591
91130 50.0334
91140 50.1025
91150 50.1685
91160 50.2323
91170 50.2944
91180 50.3429
91190 50.3705
91200 50.3965
91210 50.4273
91220 50.4431
91230 50.4429
91240 50.455
91250 50.4861
91260 50.5144
91270 50.5176
91280 50.4979
91290 50.4788
91300 50.4763
91310 50.4804
91320 50.4741
91330 50.4508
91340 50.4253
91350 50.4348
91360 50.4832
91370 50.5277
91380 50.5518
91390 50.5753
91400 50.6072
91410 50.6392
91420 50.6592
91430 50.6678
91440 50.6784
91450 50.6841
91460 50.6822
91470 50.6625
91480 50.6255
91490 50.6099
91500 50.6419
91510 50.7017
91520 50.7817
91530 50.8875
91540 50.9865
91550 51.027
91560 51.0203
91570 50.9973
91580 50.9642
91590 50.9083
91600 50.8303
91610 50.7439
91620 50.6839
91630 50.6899
91640 50.748
91650 50.8202
91660 50.8843
91670 50.9439
91680 51.0021
91690 51.0379
91700 51.0423
91710 51.0348
91720 51.0351
91730 51.0368
91740 51.0532
91750 51.0907
91760 51.148
91770 51.2134
91780 51.2836
91790 51.3679
91800 51.4495
91810 51.4985
91820 51.5083
91830 51.4934
91840 51.455
91850 51.3983
91860 51.3315
91870 51.2862
91880 51.284
91890 51.3083
91900 51.3092
91910 51.2638
91920 51.2019
91930 51.1456
91940 51.0838
91950 50.9934
91960 50.9015
91970 50.866
91980 50.873
91990 50.8823
92000 50.9007
92010 50.9407
92020 50.9707
92030 50.9524
92040 50.9041
92050 50.8575
92060 50.8035
92070 50.7286
92080 50.6701
92090 50.6537
92100 50.6807
92110 50.7318
92120 50.7877
92130 50.84
92140 50.8818
92150 50.9011
92160 50.8822
92170 50.8386
92180 50.8023
92190 50.7704
92200 50.7267
92210 50.6923
92220 50.684
92230 50.69
92240 50.6887
92250 50.677
92260 50.6647
92270 50.6625
92280 50.6713
92290 50.681
92300 50.687
92310 50.6873
92320 50.6633
92330 50.6237
92340 50.5994
92350 50.6019
92360 50.6168
92370 50.6343
92380 50.6495
92390 50.6658
92400 50.6854
92410 50.7206
92420 50.7632
92430 50.7752
92440 50.7446
92450 50.6906
92460 50.6189
92470 50.539
92480 50.4803
92490 50.4667
92500 50.4907
92510 50.5266
92520 50.5745
92530 50.6322
92540 50.6807
92550 50.7142
92560 50.759
92570 50.8165
92580 50.8705
92590 50.9096
92600 50.9259
92610 50.9171
92620 50.8772
92630 50.817
92640 50.7833
92650 50.8113
92660 50.8776
92670 50.9325
92680 50.9428
92690 50.9135
92700 50.8738
92710 50.8379
92720 50.7945
92730 50.7662
92740 50.7624
92750 50.7756
92760 50.789
92770 50.7916
92780 50.8115
92790 50.8737
92800 50.9663
92810 51.0596
92820 51.1402
92830 51.2043
92840 51.2546
92850 51.3042
92860 51.3513
92870 51.3963
92880 51.4252
92890 51.4322
92900 51.4287
92910 51.4364
92920 51.4413
92930 51.4047
92940 51.3414
92950 51.2946
92960 51.2645
92970 51.2324
92980 51.2127
92990 51.2287
93000 51.2759
93010 51.35
93020 51.4214
93030 51.4781
93040 51.5251
93050 51.5555
93060 51.5534
93070 51.5153
93080 51.4709
93090 51.4469
93100 51.4515
93110 51.4769
93120 51.5181
93130 51.5589
93140 51.5558
93150 51.5018
93160 51.4284
93170 51.3488
93180 51.2719
93190 51.2147
93200 51.1972
93210 51.2309
93220 51.2895
93230 51.3292
93240 51.3454
93250 51.3453
93260 51.3316
93270 51.3125
93280 51.296
93290 51.282
93300 51.2763
93310 51.2974
93320 51.332
93330 51.3387
93340 51.3034
93350 51.2422
93360 51.178
93370 51.1053
93380 51.0218
93390 50.9442
93400 50.8987
93410 50.8918
93420 50.9213
93430 50.9834
93440 51.0595
93450 51.1184
93460 51.1478
93470 51.1533
93480 51.1394
93490 51.1125
93500 51.0817
93510 51.0471
93520 51.0183
93530 50.9993
93540 51.0008
93550 51.0323
93560 51.0813
93570 51.1352
93580 51.1823
93590 51.2108
93600 51.2183
93610 51.2108
93620 51.1924
93630 51.1917
93640 51.2092
93650 51.2056
93660 51.1776
93670 51.1608
93680 51.156
93690 51.1676
93700 51.2144
93710 51.2821
93720 51.3363
93730 51.3868
93740 51.4546
93750 51.5285
93760 51.6178
93770 51.7084
93780 51.7559
93790 51.7401
93800 51.68
93810 51.5997
93820 51.5169
93830 51.4369
93840 51.3831
93850 51.3671
93860 51.3587
93870 51.3441
93880 51.3393
93890 51.3423
93900 51.3336
93910 51.3125
93920 51.2995
93930 51.2857
93940 51.2391
93950 51.1566
93960 51.0686
93970 50.9885
93980 50.9
93990 50.8086
94000 50.7287
94010 50.6693
94020 50.6567
94030 50.6961
94040 50.7569
94050 50.803
94060 50.8093
94070 50.7476
94080 50.6242
94090 50.5014
94100 50.432
94110 50.4149
94120 50.4238
94130 50.4614
94140 50.5397
94150 50.6394
94160 50.7314
94170 50.8063
94180 50.867
94190 50.9235
94200 50.9705
94210 50.9845
94220 50.9732
94230 50.9554
94240 50.9272
94250 50.8983
94260 50.8984
94270 50.9388
94280 51.0033
94290 51.0689
94300 51.1475
94310 51.2414
94320 51.2967
94330 51.2793
94340 51.2383
94350 51.2049
94360 51.1544
94370 51.0873
94380 51.044
94390 51.029
94400 51.0055
94410 50.9611
94420 50.9045
94430 50.8482
94440 50.7881
94450 50.7302
94460 50.7025
94470 50.7073
94480 50.7242
94490 50.7397
94500 50.7606
94510 50.7837
94520 50.8117
94530 50.8312
94540 50.8203
94550 50.7735
94560 50.7311
94570 50.7161
94580 50.7213
94590 50.7395
94600 50.7787
94610 50.8388
94620 50.9117
94630 50.9891
94640 51.0616
94650 51.1089
94660 51.1288
94670 51.1278
94680 51.1233
94690 51.1441
94700 51.1917
94710 51.2362
94720 51.2514
94730 51.2574
94740 51.2726
94750 51.3042
94760 51.3572
94770 51.4128
94780 51.4459
94790 51.4475
94800 51.4248
94810 51.3999
94820 51.3804
94830 51.3415
94840 51.2976
94850 51.2763
94860 51.2938
94870 51.3382
94880 51.4061
94890 51.4987
94900 51.6072
94910 51.7087
94920 51.7746
94930 51.7866
94940 51.7487
94950 51.7189
94960 51.7312
94970 51.7449
94980 51.7284
94990 51.6914
95000 51.6406
95010 51.573
95020 51.5123
95030 51.4728
95040 51.4657
95050 51.4944
95060 51.5674
95070 51.6879
95080 51.8287
95090 51.9616
95100 52.0533
95110 52.0717
95120 52.01
95130 51.9203
95140 51.8372
95150 51.7546
95160 51.6908
95170 51.668
95180 51.6683
95190 51.6673
95200 51.6724
95210 51.6759
95220 51.642
95230 51.5694
95240 51.4928
95250 51.4471
95260 51.4491
95270 51.5115
95280 51.6331
95290 51.7848
95300 51.9186
95310 52.0029
95320 52.0418
95330 52.0659
95340 52.0965
95350 52.1299
95360 52.1616
95370 52.1994
95380 52.2605
95390 52.3259
95400 52.3747
95410 52.4262
95420 52.4847
95430 52.5268
95440 52.5415
95450 52.5315
95460 52.498
95470 52.4549
95480 52.429
95490 52.4323
95500 52.469
95510 52.5302
95520 52.5758
95530 52.5913
95540 52.6113
95550 52.6342
95560 52.6311
95570 52.6217
95580 52.6544
95590 52.7053
95600 52.7111
95610 52.6619
95620 52.6053
95630 52.5513
95640 52.4945
95650 52.4592
95660 52.473
95670 52.5209
95680 52.5805
95690 52.6486
95700 52.7149
95710 52.758
95720 52.7681
95730 52.7441
95740 52.7034
95750 52.6774
95760 52.6735
95770 52.6849
95780 52.7014
95790 52.7183
95800 52.7256
95810 52.7163
95820 52.7035
95830 52.6922
95840 52.6514
95850 52.5738
95860 52.5064
95870 52.4719
95880 52.457
95890 52.4641
95900 52.4948
95910 52.5167
95920 52.5037
95930 52.4667
95940 52.435
95950 52.4237
95960 52.4231
95970 52.4216
95980 52.4108
95990 52.3795
96000 52.3513
96010 52.3417
96020 52.3381
96030 52.339
96040 52.3708
96050 52.431
96060 52.5069
96070 52.5968
96080 52.6935
96090 52.7919
96100 52.8844
96110 52.9441
96120 52.9646
96130 52.9675
96140 52.969
96150 52.9715
96160 52.9473
96170 52.8928
96180 52.8418
96190 52.8026
96200 52.7753
96210 52.7541
96220 52.7234
96230 52.6624
96240 52.5887
96250 52.5409
96260 52.5288
96270 52.5418
96280 52.5645
96290 52.5951
96300 52.6155
96310 52.6082
96320 52.6005
96330 52.6099
96340 52.6258
96350 52.6389
96360 52.6422
96370 52.6264
96380 52.5994
96390 52.5873
96400 52.5823
96410 52.5639
96420 52.5441
96430 52.5369
96440 52.5335
96450 52.5195
96460 52.4963
96470 52.4747
96480 52.4578
96490 52.4478
96500 52.4642
96510 52.4996
96520 52.5068
96530 52.4843
96540 52.4672
96550 52.4569
96560 52.448
96570 52.4582
96580 52.4926
96590 52.5511
96600 52.6401
96610 52.7411
96620 52.8301
96630 52.8983
96640 52.9524
96650 52.9896
96660 53.0078
96670 53.0168
96680 53.0398
96690 53.0694
96700 53.064
96710 53.0201
96720 52.9933
96730 53.0057
96740 53.0395
96750 53.06
96760 53.0449
96770 52.9981
96780 52.9444
96790 52.9085
96800 52.9007
96810 52.9046
96820 52.9052
96830 52.9153
96840 52.9361
96850 52.9571
96860 52.994
96870 53.0517
96880 53.0987
96890 53.1265
96900 53.1472
96910 53.1521
96920 53.1339
96930 53.1273
96940 53.1579
96950 53.1879
96960 53.1732
96970 53.1291
96980 53.0937
96990 53.0712
97000 53.0441
97010 53.0025
97020 52.9765
97030 52.9874
97040 53.0231
97050 53.0485
97060 53.0531
97070 53.0419
97080 53.0483
97090 53.083
97100 53.1286
97110 53.1846
97120 53.2688
97130 53.3788
97140 53.4835
97150 53.5457
97160 53.556
97170 53.5461
97180 53.5444
97190 53.5478
97200 53.554
97210 53.5711
97220 53.6163
97230 53.6924
97240 53.8099
97250 53.9658
97260 54.1017
97270 54.1734
97280 54.1914
97290 54.1848
97300 54.1621
97310 54.1223
97320 54.0722
97330 54.0225
97340 53.9806
97350 53.9438
97360 53.9292
97370 53.9426
97380 53.962
97390 53.9696
97400 53.9664
97410 53.945
97420 53.8958
97430 53.8342
97440 53.7745
97450 53.7275
97460 53.6954
97470 53.6918
97480 53.7087
97490 53.7158
97500 53.7237
97510 53.7383
97520 53.7308
97530 53.6931
97540 53.6352
97550 53.5723
97560 53.5291
97570 53.5236
97580 53.539
97590 53.555
97600 53.5712
97610 53.5894
97620 53.5989
97630 53.5911
97640 53.58
97650 53.5858
97660 53.6166
97670 53.653
97680 53.6738
97690 53.6934
97700 53.725
97710 53.7518
97720 53.7519
97730 53.7356
97740 53.717
97750 53.681
97760 53.6224
97770 53.5561
97780 53.4987
97790 53.4548
97800 53.4287
97810 53.4248
97820 53.4395
97830 53.4719
97840 53.517
97850 53.5779
97860 53.6443
97870 53.7207
97880 53.8081
97890 53.8951
97900 53.9882
97910 54.1167
97920 54.281
97930 54.4344
97940 54.5465
97950 54.6021
97960 54.608
97970 54.592
97980 54.5591
97990 54.5012
98000 54.4505
98010 54.4446
98020 54.4816
98030 54.5405
98040 54.5735
98050 54.5615
98060 54.5209
98070 54.4651
98080 54.3843
98090 54.2931
98100 54.2056
98110 54.1088
98120 54.0015
98130 53.8958
98140 53.8026
98150 53.7402
98160 53.7087
98170 53.6882
98180 53.6641
98190 53.6388
98200 53.6117
98210 53.5936
98220 53.6098
98230 53.6655
98240 53.7391
98250 53.8272
98260 53.9255
98270 54.0001
98280 54.025
98290 54.0237
98300 54
98310 53.9365
98320 53.8453
98330 53.7621
98340 53.7187
98350 53.7373
98360 53.8245
98370 53.9627
98380 54.1096
98390 54.2388
98400 54.354
98410 54.4539
98420 54.5263
98430 54.57
98440 54.5848
98450 54.5689
98460 54.5266
98470 54.482
98480 54.4798
98490 54.5251
98500 54.5886
98510 54.6397
98520 54.6576
98530 54.6367
98540 54.6113
98550 54.5856
98560 54.5388
98570 54.4886
98580 54.4729
98590 54.5107
98600 54.5718
98610 54.6202
98620 54.6465
98630 54.6727
98640 54.7174
98650 54.7813
98660 54.8506
98670 54.9195
98680 55.0025
98690 55.093
98700 55.1538
98710 55.1636
98720 55.157
98730 55.1779
98740 55.2326
98750 55.2948
98760 55.3445
98770 55.4008
98780 55.4709
98790 55.526
98800 55.5405
98810 55.5258
98820 55.5105
98830 55.5096
98840 55.509
98850 55.4827
98860 55.4166
98870 55.3149
98880 55.1939
98890 55.0738
98900 54.957
98910 54.8244
98920 54.6611
98930 54.4907
98940 54.3506
98950 54.2625
98960 54.2091
98970 54.189
98980 54.2076
98990 54.2391
99000 54.2539
99010 54.2447
99020 54.2279
99030 54.2021
99040 54.1537
99050 54.0832
99060 53.9967
99070 53.9012
99080 53.8379
99090 53.8234
99100 53.8248
99110 53.8245
99120 53.8437
99130 53.8926
99140 53.9505
99150 53.9931
99160 54.0158
99170 54.0151
99180 53.9947
99190 53.9718
99200 53.9813
99210 54.0226
99220 54.0666
99230 54.0855
99240 54.0827
99250 54.0942
99260 54.1337
99270 54.1724
99280 54.1857
99290 54.1895
99300 54.195
99310 54.2038
99320 54.232
99330 54.3008
99340 54.4013
99350 54.5
99360 54.5762
99370 54.6254
99380 54.6627
99390 54.6842
99400 54.669
99410 54.6154
99420 54.5489
99430 54.5006
99440 54.4799
99450 54.4856
99460 54.4943
99470 54.4885
99480 54.4822
99490 54.477
99500 54.4586
99510 54.4289
99520 54.4224
99530 54.4428
99540 54.4612
99550 54.4747
99560 54.5017
99570 54.5548
99580 54.6285
99590 54.697
99600 54.7301
99610 54.735
99620 54.7365
99630 54.7311
99640 54.7187
99650 54.7212
99660 54.7557
99670 54.7963
99680 54.8318
99690 54.8842
99700 54.9451
99710 54.9802
99720 54.989
99730 54.9889
99740 54.9972
99750 55.0033
99760 54.9884
99770 54.9301
99780 54.8374
99790 54.7329
99800 54.6418
99810 54.5886
99820 54.5993
99830 54.6554
99840 54.712
99850 54.7355
99860 54.7325
99870 54.7287
99880 54.729
99890 54.7246
99900 54.7154
99910 54.7069
99920 54.6923
99930 54.6573
99940 54.597
99950 54.5476
99960 54.5306
99970 54.5468
99980 54.5901
99990 54.6511
100000 54.6984
100010 54.725
100020 54.7397
100030 54.7604
100040 54.7839
100050 54.8013
100060 54.8164
100070 54.8419
100080 54.8792
100090 54.9177
100100 54.935
100110 54.9213
100120 54.9064
100130 54.9017
100140 54.9066
100150 54.9401
100160 55.0013
100170 55.0762
100180 55.1468
100190 55.2127
100200 55.2709
100210 55.2953
100220 55.286
100230 55.2718
100240 55.2658
100250 55.2682
100260 55.2931
100270 55.3561
100280 55.4362
100290 55.4798
100300 55.491
100310 55.4855
100320 55.4678
100330 55.4339
100340 55.3877
100350 55.3333
100360 55.286
100370 55.2517
100380 55.2241
100390 55.1952
100400 55.1677
100410 55.1503
100420 55.1531
100430 55.1592
100440 55.1519
100450 55.1391
100460 55.125
100470 55.1024
100480 55.0609
100490 55.0261
100500 55.0315
100510 55.054
100520 55.049
100530 55.0029
100540 54.9487
100550 54.9125
100560 54.8948
100570 54.8812
100580 54.8535
100590 54.822
100600 54.7966
100610 54.7591
100620 54.6924
100630 54.6427
100640 54.644
100650 54.6744
100660 54.7211
100670 54.7866
100680 54.8398
100690 54.8459
100700 54.8336
100710 54.8514
100720 54.8999
100730 54.954
100740 54.9907
100750 55.0185
100760 55.0569
100770 55.09
100780 55.1035
100790 55.1089
100800 55.1152
100810 55.1145
100820 55.0973
100830 55.0774
100840 55.059
100850 55.0485
100860 55.0471
100870 55.0364
100880 55.0143
100890 55.0034
100900 55.0109
100910 55.0137
100920 54.9762
100930 54.9011
100940 54.8244
100950 54.7736
100960 54.7722
100970 54.8189
100980 54.8773
100990 54.9295
101000 54.9809
101010 55.0351
101020 55.0793
101030 55.0894
101040 55.0722
101050 55.0484
101060 55.0355
101070 55.0394
101080 55.0453
101090 55.0463
101100 55.0611
101110 55.1006
101120 55.1448
101130 55.1854
101140 55.2395
101150 55.316
101160 55.3886
101170 55.4463
101180 55.4879
101190 55.5201
101200 55.566
101210 55.6042
101220 55.6134
101230 55.6042
101240 55.6004
101250 55.5875
101260 55.5598
101270 55.5333
101280 55.5214
101290 55.5282
101300 55.5402
101310 55.5456
101320 55.5437
101330 55.5281
101340 55.4794
101350 55.3974
101360 55.3061
101370 55.2518
101380 55.249
101390 55.2893
101400 55.356
101410 55.4164
101420 55.4536
101430 55.4713
101440 55.5029
101450 55.5831
101460 55.7046
101470 55.8289
101480 55.9418
101490 56.0257
101500 56.0537
101510 56.0239
101520 55.9646
101530 55.8954
101540 55.8326
101550 55.8159
101560 55.8432
101570 55.8777
101580 55.911
101590 55.9535
101600 56.0017
101610 56.0425
101620 56.0684
101630 56.0986
101640 56.1483
101650 56.2114
101660 56.2915
101670 56.3831
101680 56.4485
101690 56.4568
101700 56.4238
101710 56.3694
101720 56.3096
101730 56.2613
101740 56.238
101750 56.2517
101760 56.3133
101770 56.3984
101780 56.4736
101790 56.5165
101800 56.5311
101810 56.5318
101820 56.5041
101830 56.4515
101840 56.4009
101850 56.3612
101860 56.3095
101870 56.239
101880 56.1662
101890 56.1067
101900 56.0659
101910 56.0365
101920 56.0326
101930 56.0708
101940 56.1326
101950 56.1693
101960 56.1603
101970 56.1162
101980 56.0489
101990 55.986
102000 55.9504
102010 55.945
102020 55.9609
102030 55.9966
102040 56.0505
102050 56.1089
102060 56.1549
102070 56.1866
102080 56.2002
102090 56.1932
102100 56.1625
102110 56.1162
102120 56.0683
102130 56.048
102140 56.0566
102150 56.0918
102160 56.1649
102170 56.2553
102180 56.3187
102190 56.3372
102200 56.3613
102210 56.4067
102220 56.4368
102230 56.4408
102240 56.4584
102250 56.5006
102260 56.5379
102270 56.5588
102280 56.5849
102290 56.6213
102300 56.6591
102310 56.7186
102320 56.7978
102330 56.871
102340 56.9283
102350 56.9852
102360 57.0565
102370 57.1217
102380 57.1511
102390 57.1516
102400 57.1353
102410 57.108
102420 57.0734
102430 57.0117
102440 56.9162
102450 56.8001
102460 56.7001
102470 56.6326
102480 56.5878
102490 56.5479
102500 56.5157
102510 56.5081
102520 56.5421
102530 56.6167
102540 56.7082
102550 56.7879
102560 56.8569
102570 56.9188
102580 56.9385
102590 56.9117
102600 56.8587
102610 56.8036
102620 56.7513
102630 56.6896
102640 56.6022
102650 56.4809
102660 56.3563
102670 56.2578
102680 56.1955
102690 56.1746
102700 56.2092
102710 56.2816
102720 56.3411
102730 56.3714
102740 56.3818
102750 56.3695
102760 56.3347
102770 56.2926
102780 56.2616
102790 56.2627
102800 56.3063
102810 56.3907
102820 56.4891
102830 56.5822
102840 56.6645
102850 56.7223
102860 56.7172
102870 56.6506
102880 56.5619
102890 56.4714
102900 56.4202
102910 56.4378
102920 56.4954
102930 56.548
102940 56.5778
102950 56.5839
102960 56.5699
102970 56.5491
102980 56.534
102990 56.5414
103000 56.577
103010 56.6424
103020 56.7141
103030 56.7593
103040 56.7655
103050 56.7291
103060 56.6549
103070 56.5682
103080 56.5064
103090 56.4727
103100 56.4656
103110 56.497
103120 56.5627
103130 56.6357
103140 56.7075
103150 56.7617
103160 56.7871
103170 56.78
103180 56.7563
103190 56.7375
103200 56.7219
103210 56.6959
103220 56.6607
103230 56.6312
103240 56.6047
103250 56.59
103260 56.6225
103270 56.7065
103280 56.781
103290 56.8034
103300 56.7776
103310 56.7188
103320 56.6433
103330 56.5852
103340 56.5716
103350 56.6025
103360 56.6545
103370 56.7098
103380 56.7711
103390 56.8387
103400 56.8943
103410 56.9407
103420 56.9757
103430 56.9786
103440 56.9586
103450 56.9401
103460 56.9312
103470 56.9268
103480 56.9405
103490 56.9887
103500 57.0501
103510 57.0863
103520 57.0937
103530 57.0868
103540 57.0619
103550 57.0194
103560 56.9982
103570 57.0126
103580 57.0109
103590 56.951
103600 56.8659
103610 56.7987
103620 56.7642
103630 56.7669
103640 56.7891
103650 56.8151
103660 56.8452
103670 56.8771
103680 56.9049
103690 56.9234
103700 56.9304
103710 56.9271
103720 56.9416
103730 56.9962
103740 57.0814
103750 57.1741
103760 57.2607
103770 57.3237
103780 57.3389
103790 57.2896
103800 57.2035
103810 57.105
103820 57.0108
103830 56.9227
103840 56.8313
103850 56.731
103860 56.639
103870 56.5929
103880 56.5956
103890 56.598
103900 56.5911
103910 56.6043
103920 56.6337
103930 56.6684
103940 56.7099
103950 56.7539
103960 56.7739
103970 56.772
103980 56.7602
103990 56.7296
104000 56.6804
104010 56.6302
104020 56.6003
104030 56.5961
104040 56.6148
104050 56.6756
104060 56.7856
104070 56.9074
104080 57.0008
104090 57.0627
104100 57.1003
104110 57.118
104120 57.1369
104130 57.1576
104140 57.1883
104150 57.2342
104160 57.2666
104170 57.2581
104180 57.2284
104190 57.1964
104200 57.1677
104210 57.1528
104220 57.1625
104230 57.1949
104240 57.2508
104250 57.3349
104260 57.4327
104270 57.5068
104280 57.5367
104290 57.5181
104300 57.4643
104310 57.3992
104320 57.3528
104330 57.3401
104340 57.3467
104350 57.3777
104360 57.4279
104370 57.4855
104380 57.5516
104390 57.6336
104400 57.708
104410 57.7607
104420 57.8117
104430 57.8661
104440 57.8937
104450 57.8927
104460 57.8968
104470 57.9228
104480 57.9648
104490 57.9935
104500 57.9803
104510 57.9447
104520 57.8949
104530 57.8366
104540 57.7815
104550 57.7256
104560 57.6702
104570 57.6191
104580 57.5939
104590 57.6072
104600 57.6265
104610 57.632
104620 57.6303
104630 57.6133
104640 57.577
104650 57.5322
104660 57.4863
104670 57.4656
104680 57.4902
104690 57.552
104700 57.6264
104710 57.7012
104720 57.752
104730 57.7279
104740 57.6187
104750 57.4861
104760 57.3789
104770 57.2869
104780 57.2046
104790 57.1779
104800 57.2311
104810 57.3251
104820 57.4253
104830 57.5172
104840 57.6069
104850 57.6988
104860 57.767
104870 57.785
104880 57.7794
104890 57.7868
104900 57.8024
104910 57.8093
104920 57.818
104930 57.824
104940 57.8046
104950 57.7595
104960 57.6916
104970 57.6236
104980 57.601
104990 57.6314
105000 57.6756
105010 57.6982
105020 57.7105
105030 57.734
105040 57.7705
105050 57.809
105060 57.8538
105070 57.9005
105080 57.9271
105090 57.9392
105100 57.959
105110 57.9867
105120 58.0192
105130 58.0508
105140 58.069
105150 58.0591
105160 58.0281
105170 58.0011
105180 57.9992
105190 58.0293
105200 58.0967
105210 58.1804
105220 58.2518
105230 58.303
105240 58.3262
105250 58.3261
105260 58.3055
105270 58.2758
105280 58.2526
105290 58.2321
105300 58.2059
105310 58.1745
105320 58.1403
105330 58.0968
105340 58.0523
105350 58.0308
105360 58.0334
105370 58.0341
105380 58.0187
105390 58.0338
105400 58.1053
105410 58.1977
105420 58.2606
105430 58.2557
105440 58.1935
105450 58.1146
105460 58.0575
105470 58.0464
105480 58.0642
105490 58.0692
105500 58.054
105510 58.0349
105520 57.993
105530 57.9234
105540 57.8688
105550 57.8548
105560 57.8854
105570 57.9412
105580 57.9999
105590 58.0338
105600 58.0723
105610 58.1431
105620 58.2294
105630 58.3198
105640 58.4071
105650 58.4667
105660 58.4826
105670 58.458
105680 58.4348
105690 58.4386
105700 58.4566
105710 58.4769
105720 58.485
105730 58.4761
105740 58.4789
105750 58.5144
105760 58.5691
105770 58.6156
105780 58.6572
105790 58.7002
105800 58.7162
105810 58.6682
105820 58.5924
105830 58.5446
105840 58.5256
105850 58.5387
105860 58.6019
105870 58.6863
105880 58.7527
105890 58.7878
105900 58.781
105910 58.736
105920 58.6724
105930 58.6213
105940 58.6108
105950 58.6415
105960 58.6787
105970 58.714
105980 58.7359
105990 58.7365
106000 58.7304
106010 58.7426
106020 58.7546
106030 58.7505
106040 58.7175
106050 58.6494
106060 58.5825
106070 58.5548
106080 58.5468
106090 58.5426
106100 58.5833
106110 58.684
106120 58.7924
106130 58.8765
106140 58.9574
106150 59.0342
106160 59.0522
106170 59.0034
106180 58.939
106190 58.8819
106200 58.8336
106210 58.8081
106220 58.8261
106230 58.8789
106240 58.9504
106250 59.0051
106260 58.9963
106270 58.9177
106280 58.8141
106290 58.7259
106300 58.6643
106310 58.6424
106320 58.6554
106330 58.6677
106340 58.6524
106350 58.5999
106360 58.5182
106370 58.4302
106380 58.3522
106390 58.2956
106400 58.2583
106410 58.233
106420 58.2304
106430 58.2529
106440 58.2913
106450 58.3474
106460 58.4299
106470 58.534
106480 58.6194
106490 58.6446
106500 58.5996
106510 58.5155
106520 58.4379
106530 58.3824
106540 58.3425
106550 58.3136
106560 58.31
106570 58.3438
106580 58.3896
106590 58.4014
106600 58.3813
106610 58.362
106620 58.3617
106630 58.3874
106640 58.4305
106650 58.4806
106660 58.5451
106670 58.6238
106680 58.6985
106690 58.7316
106700 58.7135
106710 58.6816
106720 58.6629
106730 58.6458
106740 58.6299
106750 58.6435
106760 58.6744
106770 58.7088
106780 58.7588
106790 58.8398
106800 58.9474
106810 59.0488
106820 59.1099
106830 59.1341
106840 59.1429
106850 59.148
106860 59.1619
106870 59.1869
106880 59.2213
106890 59.2699
106900 59.3474
106910 59.462
106920 59.5969
106930 59.7245
106940 59.823
106950 59.87
106960 59.8732
106970 59.8575
106980 59.8551
106990 59.8741
107000 59.9003
107010 59.9155
107020 59.926
107030 59.9201
107040 59.8841
107050 59.8307
107060 59.7975
107070 59.7892
107080 59.7723
107090 59.7165
107100 59.6397
107110 59.56
107120 59.4824
107130 59.4011
107140 59.3215
107150 59.277
107160 59.3012
107170 59.3679
107180 59.4368
107190 59.5061
107200 59.5538
107210 59.5458
107220 59.5099
107230 59.4813
107240 59.4542
107250 59.4227
107260 59.416
107270 59.4648
107280 59.5435
107290 59.6098
107300 59.6774
107310 59.7735
107320 59.8632
107330 59.8842
107340 59.8386
107350 59.7654
107360 59.6715
107370 59.556
107380 59.4379
107390 59.3444
107400 59.2831
107410 59.2438
107420 59.2096
107430 59.1766
107440 59.1727
107450 59.2136
107460 59.281
107470 59.3458
107480 59.4016
107490 59.4435
107500 59.4895
107510 59.5489
107520 59.6211
107530 59.6976
107540 59.7685
107550 59.8142
107560 59.8016
107570 59.7218
107580 59.6239
107590 59.5589
107600 59.541
107610 59.5364
107620 59.5158
107630 59.4876
107640 59.4506
107650 59.428
107660 59.4303
107670 59.4417
107680 59.4475
107690 59.4379
107700 59.4041
107710 59.3419
107720 59.2619
107730 59.1959
107740 59.1762
107750 59.1998
107760 59.2497
107770 59.3221
107780 59.4109
107790 59.4966
107800 59.5552
107810 59.5687
107820 59.5278
107830 59.4487
107840 59.387
107850 59.3728
107860 59.4006
107870 59.4595
107880 59.5354
107890 59.6139
107900 59.6903
107910 59.7589
107920 59.8203
107930 59.8718
107940 59.9057
107950 59.9144
107960 59.8974
107970 59.8651
107980 59.822
107990 59.7634
108000 59.6932
108010 59.6134
108020 59.5429
108030 59.4965
108040 59.4612
108050 59.4033
108060 59.3087
108070 59.1836
108080 59.0437
108090 58.9245
108100 58.8518
108110 58.8288
108120 58.8525
108130 58.8847
108140 58.8979
108150 58.8954
108160 58.8821
108170 58.8611
108180 58.8222
108190 58.7767
108200 58.728
108210 58.6786
108220 58.6298
108230 58.5798
108240 58.5121
108250 58.4463
108260 58.4068
108270 58.4017
108280 58.4114
108290 58.409
108300 58.4113
108310 58.4301
108320 58.455
108330 58.4512
108340 58.4069
108350 58.3461
108360 58.298
108370 58.2848
108380 58.2999
108390 58.3401
108400 58.4108
108410 58.4826
108420 58.5321
108430 58.5648
108440 58.5757
108450 58.5757
108460 58.5685
108470 58.5612
108480 58.5793
108490 58.6166
108500 58.6656
108510 58.7341
108520 58.8273
108530 58.9186
108540 58.988
108550 59.0254
108560 59.0313
108570 59.0095
108580 58.9842
108590 58.9726
108600 58.9624
108610 58.9576
108620 58.9779
108630 59.0237
108640 59.0481
108650 59.0278
108660 58.9836
108670 58.9586
108680 58.9598
108690 58.9645
108700 58.957
108710 58.9167
108720 58.8374
108730 58.7466
108740 58.6923
108750 58.687
108760 58.6953
108770 58.6866
108780 58.6655
108790 58.6499
108800 58.6459
108810 58.645
108820 58.6253
108830 58.5639
108840 58.4879
108850 58.4509
108860 58.4654
108870 58.4991
108880 58.5237
108890 58.5559
108900 58.6047
108910 58.6506
108920 58.6664
108930 58.6559
108940 58.6191
108950 58.5651
108960 58.5531
108970 58.6144
108980 58.691
108990 58.7288
109000 58.7423
109010 58.7682
109020 58.8103
109030 58.8582
109040 58.9166
109050 58.9629
109060 58.9844
109070 58.9767
109080 58.9521
109090 58.9438
109100 58.947
109110 58.9487
109120 58.9575
109130 58.9687
109140 58.9511
109150 58.9177
109160 58.9086
109170 58.924
109180 58.9586
109190 59.0289
109200 59.1344
109210 59.2334
109220 59.3029
109230 59.3719
109240 59.4492
109250 59.5028
109260 59.5339
109270 59.5566
109280 59.5754
109290 59.5851
109300 59.5576
109310 59.4907
109320 59.4258
109330 59.3977
109340 59.4197
109350 59.5011
109360 59.6319
109370 59.7726
109380 59.889
109390 59.9777
109400 60.051
109410 60.1269
109420 60.2094
109430 60.2723
109440 60.304
109450 60.3368
109460 60.3811
109470 60.4037
109480 60.372
109490 60.3103
109500 60.2601
109510 60.2315
109520 60.1969
109530 60.1564
109540 60.1257
109550 60.106
109560 60.0831
109570 60.056
109580 60.0406
109590 60.0586
109600 60.1102
109610 60.163
109620 60.1984
109630 60.1975
109640 60.1424
109650 60.0453
109660 59.9446
109670 59.8731
109680 59.8275
109690 59.7796
109700 59.7308
109710 59.6955
109720 59.6742
109730 59.6496
109740 59.6351
109750 59.6341
109760 59.6316
109770 59.6258
109780 59.6027
109790 59.5568
109800 59.512
109810 59.5
109820 59.5156
109830 59.5276
109840 59.5383
109850 59.5704
109860 59.6153
109870 59.6575
109880 59.6816
109890 59.6826
109900 59.6856
109910 59.7108
109920 59.7386
109930 59.7716
109940 59.8393
109950 59.9275
109960 60.0054
109970 60.0436
109980 60.0387
109990 60.0165
110000 59.9951
110010 59.9724
110020 59.954
110030 59.9336
110040 59.9019
110050 59.8726
110060 59.8597
110070 59.8498
110080 59.8218
110090 59.7851
110100 59.7349
110110 59.6429
110120 59.5314
110130 59.4493
110140 59.4179
110150 59.4297
110160 59.4847
110170 59.5604
110180 59.624
110190 59.6809
110200 59.7316
110210 59.7493
110220 59.7102
110230 59.6278
110240 59.5541
110250 59.5368
110260 59.5922
110270 59.6822
110280 59.7633
110290 59.846
110300 59.9408
110310 60.0077
110320 60.0293
110330 60.0235
110340 60.012
110350 60.0132
110360 60.0368
110370 60.0728
110380 60.1045
110390 60.1274
110400 60.1558
110410 60.1893
110420 60.208
110430 60.2234
110440 60.2659
110450 60.3452
110460 60.4414
110470 60.5236
110480 60.5825
110490 60.6147
110500 60.6122
110510 60.5848
110520 60.5451
110530 60.5029
110540 60.48
110550 60.4972
110560 60.5704
110570 60.6795
110580 60.7944
110590 60.8954
110600 60.976
110610 61.0412
110620 61.1145
110630 61.1969
110640 61.2633
110650 61.2838
110660 61.2603
110670 61.2184
110680 61.1875
110690 61.1801
110700 61.192
110710 61.2049
110720 61.2166
110730 61.222
110740 61.2242
110750 61.2354
110760 61.2585
110770 61.3025
110780 61.353
110790 61.3987
110800 61.4317
110810 61.4465
110820 61.4415
110830 61.4255
110840 61.3963
110850 61.3458
110860 61.2786
110870 61.2067
110880 61.1448
110890 61.1186
110900 61.1248
110910 61.127
110920 61.0962
110930 61.0518
110940 61.0123
110950 60.9607
110960 60.8799
110970 60.7867
110980 60.7362
110990 60.7525
111000 60.8008
111010 60.8477
111020 60.891
111030 60.9489
111040 61.0313
111050 61.1192
111060 61.1978
111070 61.2636
111080 61.3166
111090 61.3642
111100 61.4386
111110 61.552
111120 61.6666
111130 61.7633
111140 61.8402
111150 61.8879
111160 61.9055
111170 61.9054
111180 61.886
111190 61.8355
111200 61.7559
111210 61.6786
111220 61.6308
111230 61.6126
111240 61.6294
111250 61.6841
111260 61.7539
111270 61.8101
111280 61.8374
111290 61.8382
111300 61.82
111310 61.7841
111320 61.738
111330 61.702
111340 61.683
111350 61.658
111360 61.6187
111370 61.5614
111380 61.4985
111390 61.4485
111400 61.4126
111410 61.3743
111420 61.3295
111430 61.3006
111440 61.2976
111450 61.2861
111460 61.247
111470 61.2041
111480 61.1761
111490 61.1399
111500 61.0639
111510 60.9737
111520 60.8977
111530 60.8277
111540 60.7669
111550 60.7383
111560 60.7405
111570 60.7672
111580 60.8227
111590 60.9104
111600 61.0103
111610 61.0937
111620 61.1457
111630 61.18
111640 61.2156
111650 61.2581
111660 61.303
111670 61.3268
111680 61.3147
111690 61.2869
111700 61.2554
111710 61.1951
111720 61.098
111730 61.0246
111740 61.031
111750 61.1089
111760 61.2132
111770 61.3039
111780 61.3624
111790 61.3811
111800 61.3833
111810 61.3792
111820 61.343
111830 61.2949
111840 61.2666
111850 61.2519
111860 61.2442
111870 61.2607
111880 61.2641
111890 61.2302
111900 61.2034
111910 61.238
111920 61.3274
111930 61.4297
111940 61.53
111950 61.6354
111960 61.7161
111970 61.7453
111980 61.7514
111990 61.7644
112000 61.7842
112010 61.8179
112020 61.8781
112030 61.9387
112040 61.9639
112050 61.9524
112060 61.935
112070 61.9193
112080 61.8999
112090 61.8843
112100 61.8727
112110 61.8619
112120 61.8474
112130 61.8282
112140 61.8064
112150 61.8015
112160 61.8296
112170 61.8901
112180 61.9528
112190 61.9873
112200 62.0042
112210 62.0029
112220 61.9556
112230 61.8742
112240 61.8123
112250 61.7922
112260 61.792
112270 61.7961
112280 61.8
112290 61.7985
112300 61.7851
112310 61.7514
112320 61.7028
112330 61.647
112340 61.6026
112350 61.6092
112360 61.6937
112370 61.8047
112380 61.8717
112390 61.8948
112400 61.906
112410 61.9327
112420 61.9809
112430 62.0294
112440 62.0836
112450 62.1656
112460 62.2598
112470 62.3328
112480 62.381
112490 62.3997
112500 62.4026
112510 62.4144
112520 62.4465
112530 62.501
112540 62.5656
112550 62.6242
112560 62.6477
112570 62.6087
112580 62.5371
112590 62.4763
112600 62.4291
112610 62.3861
112620 62.3446
112630 62.3298
112640 62.3567
112650 62.4319
112660 62.5455
112670 62.6595
112680 62.7688
112690 62.8874
112700 63.0014
112710 63.0689
112720 63.0711
112730 63.033
112740 62.9826
112750 62.9282
112760 62.8741
112770 62.8227
112780 62.7854
112790 62.7749
112800 62.7838
112810 62.7987
112820 62.8169
112830 62.8499
112840 62.8861
112850 62.9107
112860 62.9452
112870 63.0011
112880 63.0592
112890 63.1058
112900 63.1357
112910 63.1452
112920 63.1428
112930 63.1502
112940 63.184
112950 63.2324
112960 63.277
112970 63.3285
112980 63.3936
112990 63.4409
113000 63.4353
113010 63.3941
113020 63.3536
113030 63.3298
113040 63.318
113050 63.3127
113060 63.3097
113070 63.3102
113080 63.3134
113090 63.3144
113100 63.3207
113110 63.3354
113120 63.3531
113130 63.357
113140 63.3383
113150 63.2986
113160 63.2304
113170 63.1363
113180 63.0487
113190 63.004
113200 63.0071
113210 63.0178
113220 62.9971
113230 62.9562
113240 62.9379
113250 62.9628
113260 63.0125
113270 63.0671
113280 63.1211
113290 63.1939
113300 63.2823
113310 63.3535
113320 63.3784
113330 63.3481
113340 63.3137
113350 63.3213
113360 63.3561
113370 63.3946
113380 63.4358
113390 63.4955
113400 63.5506
113410 63.5561
113420 63.5189
113430 63.4734
113440 63.4274
113450 63.3951
113460 63.3828
113470 63.3599
113480 63.3071
113490 63.2464
113500 63.2109
113510 63.2237
113520 63.2969
113530 63.4107
113540 63.5309
113550 63.6363
113560 63.7249
113570 63.7787
113580 63.7896
113590 63.7823
113600 63.7836
113610 63.7928
113620 63.8062
113630 63.8318
113640 63.8651
113650 63.872
113660 63.8446
113670 63.8085
113680 63.7687
113690 63.7316
113700 63.7192
113710 63.7391
113720 63.7847
113730 63.8409
113740 63.9006
113750 63.9379
113760 63.9387
113770 63.9055
113780 63.8493
113790 63.781
113800 63.7108
113810 63.6632
113820 63.6458
113830 63.6491
113840 63.6567
113850 63.6414
113860 63.6001
113870 63.5729
113880 63.5624
113890 63.5135
113900 63.4313
113910 63.37
113920 63.3389
113930 63.3102
113940 63.2828
113950 63.2727
113960 63.2678
113970 63.2434
113980 63.2216
113990 63.2327
114000 63.2578
114010 63.2807
114020 63.2677
114030 63.1992
114040 63.1034
114050 63.0226
114060 62.9759
114070 62.9608
114080 62.9747
114090 63.0071
114100 63.0489
114110 63.1084
114120 63.1759
114130 63.2399
114140 63.2997
114150 63.3561
114160 63.4055
114170 63.4297
114180 63.4052
114190 63.3396
114200 63.2549
114210 63.1651
114220 63.0873
114230 63.0263
114240 62.9783
114250 62.9733
114260 63.02
114270 63.0904
114280 63.1571
114290 63.2325
114300 63.298
114310 63.3304
114320 63.3497
114330 63.3873
114340 63.4279
114350 63.4439
114360 63.461
114370 63.4803
114380 63.4576
114390 63.4024
114400 63.3603
114410 63.3427
114420 63.3257
114430 63.3185
114440 63.336
114450 63.3597
114460 63.3793
114470 63.3954
114480 63.4099
114490 63.414
114500 63.4126
114510 63.4155
114520 63.4288
114530 63.4478
114540 63.4582
114550 63.4523
114560 63.4208
114570 63.38
114580 63.3659
114590 63.4021
114600 63.466
114610 63.518
114620 63.5657
114630 63.6053
114640 63.5922
114650 63.5448
114660 63.5285
114670 63.5381
114680 63.5264
114690 63.5241
114700 63.5588
114710 63.6263
114720 63.7051
114730 63.7889
114740 63.8503
114750 63.8595
114760 63.8306
114770 63.7877
114780 63.7444
114790 63.7232
114800 63.7453
114810 63.8
114820 63.8415
114830 63.8753
114840 63.9018
114850 63.893
114860 63.8467
114870 63.7851
114880 63.7371
114890 63.7193
114900 63.7234
114910 63.7457
114920 63.7786
114930 63.8234
114940 63.8715
114950 63.9164
114960 63.9576
114970 64.0087
114980 64.0875
114990 64.1843
115000 64.2616
115010 64.2903
115020 64.2829
115030 64.2746
115040 64.2895
115050 64.2981
115060 64.2615
115070 64.1835
115080 64.0878
115090 63.9885
115100 63.8956
115110 63.8243
115120 63.7536
115130 63.6653
115140 63.5918
115150 63.548
115160 63.5158
115170 63.4847
115180 63.4582
115190 63.4284
115200 63.3966
115210 63.3664
115220 63.3387
115230 63.3245
115240 63.3423
115250 63.3797
115260 63.4019
115270 63.4104
115280 63.4158
115290 63.396
115300 63.3348
115310 63.2606
115320 63.2145
115330 63.19
115340 63.1665
115350 63.1673
115360 63.1929
115370 63.1908
115380 63.1454
115390 63.0677
115400 62.9701
115410 62.8734
115420 62.8345
115430 62.8581
115440 62.9076
115450 62.9549
115460 62.9787
115470 62.9916
115480 63.0258
115490 63.0818
115500 63.1112
115510 63.0982
115520 63.0772
115530 63.0808
115540 63.1042
115550 63.1278
115560 63.1413
115570 63.1517
115580 63.1504
115590 63.129
115600 63.0916
115610 63.0461
115620 63.0023
115630 62.9726
115640 62.9376
115650 62.8824
115660 62.842
115670 62.8422
115680 62.8616
115690 62.8852
115700 62.9132
115710 62.9221
115720 62.9006
115730 62.8638
115740 62.8376
115750 62.83
115760 62.8434
115770 62.8918
115780 62.9944
115790 63.1313
115800 63.2718
115810 63.4232
115820 63.5778
115830 63.686
115840 63.7195
115850 63.7117
115860 63.6941
115870 63.6618
115880 63.61
115890 63.5732
115900 63.5862
115910 63.6276
115920 63.6688
115930 63.7128
115940 63.7531
115950 63.7787
115960 63.7836
115970 63.7681
115980 63.723
115990 63.6591
116000 63.6098
116010 63.5702
116020 63.535
116030 63.5233
116040 63.5428
116050 63.5766
116060 63.6183
116070 63.6646
116080 63.6983
116090 63.7277
116100 63.7647
116110 63.8001
116120 63.8212
116130 63.8273
116140 63.8354
116150 63.8732
116160 63.9346
116170 63.9755
116180 63.9824
116190 63.9842
116200 63.994
116210 64.0121
116220 64.0309
116230 64.0623
116240 64.117
116250 64.1722
116260 64.1902
116270 64.1745
116280 64.1703
116290 64.1855
116300 64.1967
116310 64.1883
116320 64.1737
116330 64.1599
116340 64.1441
116350 64.1194
116360 64.0834
116370 64.0338
116380 63.9734
116390 63.9207
116400 63.8786
116410 63.8292
116420 63.7712
116430 63.7244
116440 63.6864
116450 63.6532
116460 63.6473
116470 63.6788
116480 63.7552
116490 63.8818
116500 64.0406
116510 64.1904
116520 64.2922
116530 64.3352
116540 64.3435
116550 64.3455
116560 64.3349
116570 64.292
116580 64.2403
116590 64.2275
116600 64.263
116610 64.3174
116620 64.3856
116630 64.4739
116640 64.5568
116650 64.6059
116660 64.6163
116670 64.6096
116680 64.6139
116690 64.6332
116700 64.6609
116710 64.6886
116720 64.7202
116730 64.7516
116740 64.7565
116750 64.7286
116760 64.6923
116770 64.6709
116780 64.6645
116790 64.6539
116800 64.6259
116810 64.6046
116820 64.6054
116830 64.6122
116840 64.6071
116850 64.5751
116860 64.5263
116870 64.4784
116880 64.4382
116890 64.3926
116900 64.3665
116910 64.3993
116920 64.4896
116930 64.5922
116940 64.6813
116950 64.7411
116960 64.7514
116970 64.7179
116980 64.6763
116990 64.6539
117000 64.6425
117010 64.6493
117020 64.6957
117030 64.7708
117040 64.8425
117050 64.8783
117060 64.8698
117070 64.8297
117080 64.7692
117090 64.6879
117100 64.5788
117110 64.4693
117120 64.4031
117130 64.3578
117140 64.3087
117150 64.2613
117160 64.2279
117170 64.1924
117180 64.1547
117190 64.1369
117200 64.127
117210 64.097
117220 64.0687
117230 64.0877
117240 64.121
117250 64.1116
117260 64.0911
117270 64.1036
117280 64.1235
117290 64.1073
117300 64.0612
117310 63.9921
117320 63.9083
117330 63.8348
117340 63.7806
117350 63.7348
117360 63.6743
117370 63.6173
117380 63.6107
117390 63.6361
117400 63.6686
117410 63.7205
117420 63.7975
117430 63.8621
117440 63.8927
117450 63.896
117460 63.8645
117470 63.7801
117480 63.6539
117490 63.5417
117500 63.4834
117510 63.4734
117520 63.4841
117530 63.4986
117540 63.5359
117550 63.613
117560 63.7001
117570 63.7447
117580 63.6941
117590 63.5661
117600 63.4152
117610 63.2721
117620 63.1489
117630 63.0963
117640 63.133
117650 63.2172
117660 63.3113
117670 63.4049
117680 63.4865
117690 63.5192
117700 63.5074
117710 63.4718
117720 63.4175
117730 63.3914
117740 63.427
117750 63.5073
117760 63.5885
117770 63.6583
117780 63.7301
117790 63.8049
117800 63.8733
117810 63.9451
117820 64.0111
117830 64.0595
117840 64.1087
117850 64.1671
117860 64.202
117870 64.2002
117880 64.1986
117890 64.2076
117900 64.1941
117910 64.1803
117920 64.1995
117930 64.2355
117940 64.2418
117950 64.1959
117960 64.1062
117970 63.9988
117980 63.8979
117990 63.8087
118000 63.7463
118010 63.7301
118020 63.733
118030 63.7366
118040 63.7458
118050 63.7647
118060 63.7777
118070 63.7865
118080 63.7865
118090 63.7511
118100 63.713
118110 63.7164
118120 63.7567
118130 63.7812
118140 63.7739
118150 63.764
118160 63.7682
118170 63.7854
118180 63.8181
118190 63.8493
118200 63.8729
118210 63.8642
118220 63.8067
118230 63.7216
118240 63.6453
118250 63.6109
118260 63.6199
118270 63.6644
118280 63.7373
118290 63.8144
118300 63.8807
118310 63.9494
118320 64.0211
118330 64.0643
118340 64.0596
118350 64.0128
118360 63.9334
118370 63.8465
118380 63.7799
118390 63.7304
118400 63.7151
118410 63.7556
118420 63.8118
118430 63.8265
118440 63.8062
118450 63.7826
118460 63.7761
118470 63.7973
118480 63.8315
118490 63.8676
118500 63.9075
118510 63.9528
118520 64.0024
118530 64.0454
118540 64.0644
118550 64.0316
118560 63.9579
118570 63.8857
118580 63.8381
118590 63.8282
118600 63.8544
118610 63.8805
118620 63.9035
118630 63.9596
118640 64.0445
118650 64.1204
118660 64.1723
118670 64.2275
118680 64.3355
118690 64.4773
118700 64.6073
118710 64.7132
118720 64.8124
118730 64.9134
118740 65.0073
118750 65.0956
118760 65.1773
118770 65.2363
118780 65.2912
118790 65.3548
118800 65.4008
118810 65.4076
118820 65.3667
118830 65.2956
118840 65.2311
118850 65.1765
118860 65.1401
118870 65.1391
118880 65.1689
118890 65.1988
118900 65.2138
118910 65.2261
118920 65.2416
118930 65.2471
118940 65.2313
118950 65.1887
118960 65.1246
118970 65.0665
118980 65.0512
118990 65.0939
119000 65.1962
119010 65.329
119020 65.4428
119030 65.5026
119040 65.508
119050 65.479
119060 65.4346
119070 65.3865
119080 65.3371
119090 65.2787
119100 65.2355
119110 65.241
119120 65.2896
119130 65.3498
119140 65.3899
119150 65.4136
119160 65.4358
119170 65.4389
119180 65.4182
119190 65.3866
119200 65.3695
119210 65.4076
119220 65.5181
119230 65.6373
119240 65.6905
119250 65.6687
119260 65.6167
119270 65.5533
119280 65.4885
119290 65.4415
119300 65.4194
119310 65.4218
119320 65.427
119330 65.4286
119340 65.4206
119350 65.4028
119360 65.386
119370 65.3786
119380 65.3923
119390 65.4315
119400 65.4963
119410 65.5472
119420 65.5313
119430 65.4593
119440 65.3799
119450 65.3357
119460 65.3344
119470 65.3607
119480 65.4007
119490 65.4404
119500 65.4641
119510 65.4859
119520 65.5124
119530 65.5448
119540 65.5929
119550 65.6572
119560 65.7471
119570 65.8683
119580 65.9822
119590 66.0487
119600 66.0619
119610 66.0415
119620 66.0153
119630 66.0003
119640 65.9871
119650 65.977
119660 65.988
119670 66.0043
119680 65.9915
119690 65.9544
119700 65.9357
119710 65.9494
119720 65.9633
119730 65.9605
119740 65.9627
119750 65.9965
119760 66.0575
119770 66.1223
119780 66.1903
119790 66.2539
119800 66.295
119810 66.3092
119820 66.324
119830 66.3625
119840 66.417
119850 66.468
119860 66.5239
119870 66.5881
119880 66.6418
119890 66.6758
119900 66.6933
119910 66.7269
119920 66.7901
119930 66.8418
119940 66.8587
119950 66.8539
119960 66.8264
119970 66.7508
119980 66.6157
119990 66.4514
120000 66.3006
120010 66.1885
120020 66.1227
120030 66.0979
120040 66.0968
120050 66.1071
120060 66.1188
120070 66.1246
120080 66.095
120090 66.0452
120100 66.0231
120110 66.0251
120120 66.022
120130 66.0241
120140 66.0497
120150 66.0822
120160 66.1041
120170 66.1092
120180 66.0759
120190 65.997
120200 65.8831
120210 65.7538
120220 65.6216
120230 65.5183
120240 65.4958
120250 65.5632
120260 65.6863
120270 65.8048
120280 65.8774
120290 65.8894
120300 65.8482
120310 65.79
120320 65.7317
120330 65.6904
120340 65.6886
120350 65.7481
120360 65.8509
120370 65.9515
120380 66.0375
120390 66.1043
120400 66.1692
120410 66.2543
120420 66.3334
120430 66.3371
120440 66.2617
120450 66.1743
120460 66.1181
120470 66.0971
120480 66.0943
120490 66.0884
120500 66.075
120510 66.0662
120520 66.0593
120530 66.0329
120540 65.995
120550 65.981
120560 65.9913
120570 66.006
120580 66.026
120590 66.0727
120600 66.1304
120610 66.1921
120620 66.2639
120630 66.3537
120640 66.4508
120650 66.5151
120660 66.5188
120670 66.4882
120680 66.4706
120690 66.4787
120700 66.494
120710 66.4993
120720 66.4965
120730 66.4951
120740 66.4866
120750 66.4742
120760 66.4663
120770 66.4515
120780 66.4208
120790 66.3956
120800 66.4058
120810 66.4468
120820 66.4938
120830 66.5535
120840 66.6294
120850 66.7036
120860 66.761
120870 66.8047
120880 66.8329
120890 66.8461
120900 66.8681
120910 66.8945
120920 66.8995
120930 66.9063
120940 66.9145
120950 66.9214
120960 66.9274
120970 66.9409
120980 66.9576
120990 66.9744
121000 66.9943
121010 67.0057
121020 66.9746
121030 66.9058
121040 66.8334
121050 66.7693
121060 66.7089
121070 66.6446
121080 66.6057
121090 66.6393
121100 66.6973
121110 66.7119
121120 66.6855
121130 66.6468
121140 66.5984
121150 66.5538
121160 66.5312
121170 66.5323
121180 66.5214
121190 66.5033
121200 66.5191
121210 66.5926
121220 66.7158
121230 66.8555
121240 66.9877
121250 67.1013
121260 67.1861
121270 67.2348
121280 67.2524
121290 67.2754
121300 67.3088
121310 67.3286
121320 67.3387
121330 67.3816
121340 67.4551
121350 67.4985
121360 67.5189
121370 67.5562
121380 67.5953
121390 67.6311
121400 67.6653
121410 67.6726
121420 67.6384
121430 67.5961
121440 67.5534
121450 67.5067
121460 67.4835
121470 67.5085
121480 67.5574
121490 67.5919
121500 67.6043
121510 67.6032
121520 67.6038
121530 67.6014
121540 67.6015
121550 67.6285
121560 67.6822
121570 67.7335
121580 67.7651
121590 67.7982
121600 67.8513
121610 67.8901
121620 67.894
121630 67.8697
121640 67.8338
121650 67.8283
121660 67.8735
121670 67.932
121680 67.9764
121690 68.0076
121700 68.0228
121710 68.0179
121720 68.009
121730 67.9974
121740 67.9666
121750 67.9387
121760 67.9408
121770 67.9683
121780 68.0024
121790 68.0258
121800 68.0231
121810 67.9832
121820 67.8956
121830 67.7746
121840 67.6243
121850 67.4504
121860 67.2969
121870 67.1834
121880 67.0775
121890 66.9739
121900 66.8885
121910 66.8046
121920 66.6936
121930 66.553
121940 66.4236
121950 66.3362
121960 66.301
121970 66.3363
121980 66.44
121990 66.5855
122000 66.7257
122010 66.8163
122020 66.8413
122030 66.8274
122040 66.8111
122050 66.8135
122060 66.8228
122070 66.8491
122080 66.9004
122090 66.9797
122100 67.1087
122110 67.2913
122120 67.4855
122130 67.6235
122140 67.6799
122150 67.6774
122160 67.6389
122170 67.5953
122180 67.5539
122190 67.5365
122200 67.5794
122210 67.6745
122220 67.7813
122230 67.8559
122240 67.8904
122250 67.888
122260 67.8612
122270 67.8096
122280 67.7287
122290 67.6621
122300 67.6604
122310 67.7162
122320 67.7751
122330 67.8162
122340 67.8259
122350 67.7999
122360 67.7601
122370 67.7397
122380 67.7502
122390 67.7808
122400 67.8326
122410 67.9237
122420 68.0564
122430 68.208
122440 68.3257
122450 68.3862
122460 68.4192
122470 68.4484
122480 68.4826
122490 68.4972
122500 68.4769
122510 68.4367
122520 68.4095
122530 68.4058
122540 68.4095
122550 68.3953
122560 68.3523
122570 68.2769
122580 68.1705
122590 68.0572
122600 67.9531
122610 67.8522
122620 67.7644
122630 67.7093
122640 67.674
122650 67.628
122660 67.5604
122670 67.4888
122680 67.4188
122690 67.3237
122700 67.202
122710 67.0949
122720 67.0282
122730 66.9897
122740 66.9781
122750 66.989
122760 66.9782
122770 66.909
122780 66.8168
122790 66.7541
122800 66.7229
122810 66.7026
122820 66.725
122830 66.8028
122840 66.8972
122850 66.9935
122860 67.09
122870 67.1737
122880 67.2452
122890 67.2926
122900 67.3184
122910 67.3455
122920 67.3646
122930 67.3768
122940 67.388
122950 67.3892
122960 67.3695
122970 67.3445
122980 67.3199
122990 67.2954
123000 67.2729
123010 67.2532
123020 67.2355
123030 67.2312
123040 67.2564
123050 67.3187
123060 67.3961
123070 67.4637
123080 67.4957
123090 67.48
123100 67.4245
123110 67.3423
123120 67.2501
123130 67.184
123140 67.1683
123150 67.1815
123160 67.1821
123170 67.1662
123180 67.1543
123190 67.1596
123200 67.1809
123210 67.1972
123220 67.1917
123230 67.1832
123240 67.194
123250 67.23
123260 67.2837
123270 67.3528
123280 67.4393
123290 67.5194
123300 67.5718
123310 67.6059
123320 67.6211
123330 67.6064
123340 67.5687
123350 67.5479
123360 67.5572
123370 67.5964
123380 67.6824
123390 67.8059
123400 67.9147
123410 67.9889
123420 68.0566
123430 68.1268
123440 68.1549
123450 68.1296
123460 68.1083
123470 68.1317
123480 68.1738
123490 68.187
123500 68.1543
123510 68.1071
123520 68.0877
123530 68.095
123540 68.1128
123550 68.1451
123560 68.1804
123570 68.1977
123580 68.2036
123590 68.2123
123600 68.201
123610 68.1457
123620 68.0752
123630 68.0457
123640 68.0647
123650 68.0847
123660 68.0652
123670 68.012
123680 67.9299
123690 67.8198
123700 67.696
123710 67.5812
123720 67.4905
123730 67.4275
123740 67.3643
123750 67.2652
123760 67.1445
123770 67.0631
123780 67.0468
123790 67.0576
123800 67.0516
123810 67.0225
123820 66.977
123830 66.9264
123840 66.8814
123850 66.8611
123860 66.8525
123870 66.8487
123880 66.8728
123890 66.9118
123900 66.9344
123910 66.9367
123920 66.9233
123930 66.8676
123940 66.7724
123950 66.689
123960 66.6197
123970 66.5636
123980 66.5685
123990 66.649
124000 66.7829
124010 66.9362
124020 67.083
124030 67.2169
124040 67.3228
124050 67.3772
124060 67.3684
124070 67.3232
124080 67.2942
124090 67.3066
124100 67.3493
124110 67.4099
124120 67.4861
124130 67.562
124140 67.6422
124150 67.7543
124160 67.885
124170 67.9641
124180 67.9592
124190 67.9118
124200 67.8608
124210 67.8186
124220 67.7919
124230 67.7789
124240 67.7858
124250 67.8143
124260 67.8644
124270 67.9402
124280 68.056
124290 68.1993
124300 68.3077
124310 68.3499
124320 68.3558
124330 68.3289
124340 68.2591
124350 68.1779
124360 68.1242
124370 68.1224
124380 68.187
124390 68.3072
124400 68.4165
124410 68.4598
124420 68.4456
124430 68.3851
124440 68.26
124450 68.0906
124460 67.9562
124470 67.8905
124480 67.8586
124490 67.8483
124500 67.8679
124510 67.8859
124520 67.8733
124530 67.8438
124540 67.7846
124550 67.6848
124560 67.5716
124570 67.4977
124580 67.4598
124590 67.4144
124600 67.3565
124610 67.3021
124620 67.261
124630 67.2423
124640 67.2262
124650 67.2009
124660 67.161
124670 67.1198
124680 67.1029
124690 67.1229
124700 67.1558
124710 67.1971
124720 67.2762
124730 67.3704
124740 67.4293
124750 67.4345
124760 67.4123
124770 67.3884
124780 67.3689
124790 67.3789
124800 67.4599
124810 67.6141
124820 67.7941
124830 67.9546
124840 68.0677
124850 68.1224
124860 68.1337
124870 68.1271
124880 68.0955
124890 68.0132
124900 67.9057
124910 67.8221
124920 67.7807
124930 67.7859
124940 67.814
124950 67.8502
124960 67.8828
124970 67.91
124980 67.9319
124990 67.9639
125000 67.9835
125010 67.9682
125020 67.9483
125030 67.9624
125040 67.9901
125050 68.0116
125060 68.047
125070 68.1015
125080 68.1231
125090 68.0881
125100 68.0253
125110 67.9626
125120 67.9053
125130 67.8609
125140 67.84
125150 67.844
125160 67.8514
125170 67.847
125180 67.841
125190 67.8315
125200 67.7916
125210 67.7239
125220 67.6857
125230 67.6896
125240 67.7257
125250 67.7777
125260 67.8331
125270 67.8579
125280 67.8287
125290 67.7489
125300 67.661
125310 67.6007
125320 67.5796
125330 67.6158
125340 67.6967
125350 67.7637
125360 67.7999
125370 67.8318
125380 67.8561
125390 67.8384
125400 67.754
125410 67.6349
125420 67.5348
125430 67.4738
125440 67.4566
125450 67.4621
125460 67.4691
125470 67.485
125480 67.5321
125490 67.6004
125500 67.6648
125510 67.732
125520 67.8194
125530 67.9076
125540 67.974
125550 68.0161
125560 68.0476
125570 68.0557
125580 68.0195
125590 67.9633
125600 67.9325
125610 67.9844
125620 68.1127
125630 68.2612
125640 68.3812
125650 68.4463
125660 68.4488
125670 68.4083
125680 68.3628
125690 68.3208
125700 68.2739
125710 68.2122
125720 68.1397
125730 68.0737
125740 68.0079
125750 67.9286
125760 67.8522
125770 67.8001
125780 67.7841
125790 67.786
125800 67.8053
125810 67.8554
125820 67.9315
125830 68.0048
125840 68.0571
125850 68.0965
125860 68.1197
125870 68.1345
125880 68.156
125890 68.1686
125900 68.1481
125910 68.1227
125920 68.1166
125930 68.1033
125940 68.0559
125950 67.9904
125960 67.9464
125970 67.9334
125980 67.935
125990 67.9129
126000 67.8631
126010 67.8408
126020 67.8714
126030 67.9222
126040 67.9473
126050 67.9555
126060 67.9448
126070 67.9143
126080 67.8902
126090 67.9022
126100 67.9341
126110 67.9471
126120 67.9675
126130 68.0495
126140 68.188
126150 68.3426
126160 68.4746
126170 68.5551
126180 68.5861
126190 68.5902
126200 68.5955
126210 68.6276
126220 68.6733
126230 68.7214
126240 68.7834
126250 68.8637
126260 68.9175
126270 68.9117
126280 68.8652
126290 68.8049
126300 68.7306
126310 68.6637
126320 68.6255
126330 68.6251
126340 68.6683
126350 68.7345
126360 68.7848
126370 68.8263
126380 68.8597
126390 68.871
126400 68.8466
126410 68.7944
126420 68.7415
126430 68.7139
126440 68.7142
126450 68.7173
126460 68.7278
126470 68.7824
126480 68.8764
126490 68.9695
126500 69.0317
126510 69.0637
126520 69.0769
126530 69.0712
126540 69.059
126550 69.0608
126560 69.0718
126570 69.0961
126580 69.1585
126590 69.2395
126600 69.2916
126610 69.3038
126620 69.293
126630 69.2711
126640 69.2423
126650 69.2216
126660 69.2151
126670 69.2284
126680 69.2749
126690 69.3553
126700 69.4576
126710 69.5737
126720 69.6894
126730 69.7941
126740 69.8867
126750 69.955
126760 69.98
126770 69.9921
126780 70.0358
126790 70.1043
126800 70.1815
126810 70.2723
126820 70.3764
126830 70.4694
126840 70.5399
126850 70.5745
126860 70.5678
126870 70.5311
126880 70.4942
126890 70.4797
126900 70.4808
126910 70.4753
126920 70.4691
126930 70.4689
126940 70.4434
126950 70.3763
126960 70.2845
126970 70.1845
126980 70.0833
126990 69.9802
127000 69.8872
127010 69.8408
127020 69.8577
127030 69.9276
127040 70.0235
127050 70.1029
127060 70.139
127070 70.1452
127080 70.1647
127090 70.2049
127100 70.2507
127110 70.3178
127120 70.4141
127130 70.5198
127140 70.611
127150 70.6548
127160 70.6581
127170 70.6424
127180 70.6458
127190 70.6986
127200 70.796
127210 70.9138
127220 71.0208
127230 71.1132
127240 71.2035
127250 71.2874
127260 71.3604
127270 71.4248
127280 71.485
127290 71.5284
127300 71.544
127310 71.5411
127320 71.5473
127330 71.5879
127340 71.6476
127350 71.7001
127360 71.7485
127370 71.8038
127380 71.8793
127390 71.9799
127400 72.084
127410 72.1507
127420 72.1592
127430 72.1194
127440 72.0755
127450 72.0683
127460 72.0966
127470 72.1553
127480 72.235
127490 72.3121
127500 72.3709
127510 72.4149
127520 72.4633
127530 72.4964
127540 72.4704
127550 72.4069
127560 72.3665
127570 72.3586
127580 72.373
127590 72.3991
127600 72.4107
127610 72.4376
127620 72.5122
127630 72.5948
127640 72.6232
127650 72.5869
127660 72.5451
127670 72.5341
127680 72.5096
127690 72.4451
127700 72.3868
127710 72.3857
127720 72.4188
127730 72.457
127740 72.4893
127750 72.5109
127760 72.5054
127770 72.4744
127780 72.4298
127790 72.39
127800 72.3664
127810 72.3613
127820 72.3821
127830 72.4354
127840 72.504
127850 72.5727
127860 72.65
127870 72.7355
127880 72.8304
127890 72.9461
127900 73.0649
127910 73.127
127920 73.1139
127930 73.053
127940 72.9451
127950 72.7848
127960 72.6204
127970 72.541
127980 72.5631
127990 72.6217
128000 72.664
128010 72.6772
128020 72.6614
128030 72.6384
128040 72.6228
128050 72.6435
128060 72.7012
128070 72.7287
128080 72.714
128090 72.7026
128100 72.6935
128110 72.6577
128120 72.5963
128130 72.5367
128140 72.4711
128150 72.3983
128160 72.3392
128170 72.3135
128180 72.3328
128190 72.3796
128200 72.4249
128210 72.4449
128220 72.4542
128230 72.4863
128240 72.5321
128250 72.5579
128260 72.5475
128270 72.5322
128280 72.5442
128290 72.5843
128300 72.6343
128310 72.6807
128320 72.7089
128330 72.7157
128340 72.7084
128350 72.6879
128360 72.6642
128370 72.6667
128380 72.6969
128390 72.7442
128400 72.7964
128410 72.8276
128420 72.836
128430 72.8528
128440 72.8689
128450 72.8759
128460 72.9004
128470 72.9425
128480 72.9823
128490 73.0165
128500 73.0368
128510 73.0424
128520 73.0287
128530 72.9962
128540 72.9463
128550 72.9062
128560 72.8913
128570 72.8952
128580 72.9051
128590 72.9274
128600 72.9867
128610 73.0529
128620 73.079
128630 73.0868
128640 73.1259
128650 73.1944
128660 73.2806
128670 73.3971
128680 73.5491
128690 73.6966
128700 73.817
128710 73.9183
128720 73.9828
128730 74.0029
128740 74.0113
128750 74.0454
128760 74.096
128770 74.1369
128780 74.1731
128790 74.2066
128800 74.2237
128810 74.2288
128820 74.2444
128830 74.2391
128840 74.1847
128850 74.104
128860 74.0321
128870 73.954
128880 73.8536
128890 73.7697
128900 73.7206
128910 73.6917
128920 73.6743
128930 73.6971
128940 73.7507
128950 73.7859
128960 73.8095
128970 73.8547
128980 73.9212
128990 73.9813
129000 74.0231
129010 74.0713
129020 74.1238
129030 74.1646
129040 74.1995
129050 74.2443
129060 74.3043
129070 74.3829
129080 74.4384
129090 74.4558
129100 74.4591
129110 74.4689
129120 74.4511
129130 74.3703
129140 74.2654
129150 74.2003
129160 74.1739
129170 74.1496
129180 74.1315
129190 74.1539
129200 74.2182
129210 74.2838
129220 74.3295
129230 74.324
129240 74.248
129250 74.1423
129260 74.0491
129270 73.9604
129280 73.8509
129290 73.733
129300 73.6298
129310 73.529
129320 73.4031
129330 73.2704
129340 73.1547
129350 73.0744
129360 73.0311
129370 72.9921
129380 72.9356
129390 72.8766
129400 72.8394
129410 72.8104
129420 72.7619
129430 72.7034
129440 72.6558
129450 72.6343
129460 72.6454
129470 72.6597
129480 72.6622
129490 72.647
129500 72.6294
129510 72.6281
129520 72.6567
129530 72.6901
129540 72.7024
129550 72.7152
129560 72.7338
129570 72.7405
129580 72.745
129590 72.7729
129600 72.8085
129610 72.8404
129620 72.8893
129630 72.9592
129640 73.0175
129650 73.0323
129660 73.0177
129670 73.0058
129680 73.0041
129690 73.0007
129700 72.9848
129710 72.9532
129720 72.9289
129730 72.9256
129740 72.9239
129750 72.8975
129760 72.8534
129770 72.7776
129780 72.6445
129790 72.4777
129800 72.3527
129810 72.308
129820 72.3391
129830 72.4383
129840 72.5744
129850 72.6884
129860 72.7481
129870 72.7544
129880 72.7273
129890 72.6901
129900 72.6811
129910 72.7095
129920 72.7523
129930 72.79
129940 72.8218
129950 72.8337
129960 72.7984
129970 72.7478
129980 72.7316
129990 72.7385
130000 72.7389
130010 72.7319
130020 72.7174
130030 72.6989
130040 72.6997
130050 72.7339
130060 72.7565
130070 72.7491
130080 72.7427
130090 72.7466
130100 72.7468
130110 72.7536
130120 72.8037
130130 72.8943
130140 72.9887
130150 73.048
130160 73.053
130170 73.0327
130180 73.0265
130190 73.028
130200 73.0341
130210 73.0711
130220 73.1319
130230 73.195
130240 73.2517
130250 73.3102
130260 73.3739
130270 73.4315
130280 73.4724
130290 73.4995
130300 73.5136
130310 73.5274
130320 73.5582
130330 73.615
130340 73.7013
130350 73.8055
130360 73.889
130370 73.917
130380 73.8848
130390 73.8378
130400 73.8173
130410 73.8162
130420 73.8069
130430 73.7834
130440 73.7612
130450 73.7288
130460 73.6775
130470 73.6306
130480 73.6153
130490 73.6085
130500 73.5718
130510 73.531
130520 73.5424
130530 73.5871
130540 73.5955
130550 73.5854
130560 73.5914
130570 73.585
130580 73.5436
130590 73.4845
130600 73.4341
130610 73.4119
130620 73.3998
130630 73.3752
130640 73.3478
130650 73.3119
130660 73.2329
130670 73.136
130680 73.0734
130690 73.0518
130700 73.057
130710 73.1002
130720 73.208
130730 73.3522
130740 73.4681
130750 73.5353
130760 73.5903
130770 73.64
130780 73.6638
130790 73.6494
130800 73.6199
130810 73.6072
130820 73.6368
130830 73.7001
130840 73.724
130850 73.6853
130860 73.6363
130870 73.5982
130880 73.5582
130890 73.5288
130900 73.5599
130910 73.6537
130920 73.7557
130930 73.8346
130940 73.8843
130950 73.8918
130960 73.843
130970 73.763
130980 73.7031
130990 73.6749
131000 73.6673
131010 73.6897
131020 73.7574
131030 73.8744
131040 74.017
131050 74.1488
131060 74.2332
131070 74.2555
131080 74.2455
131090 74.2428
131100 74.2384
131110 74.2142
131120 74.1849
131130 74.1884
131140 74.251
131150 74.3621
131160 74.4611
131170 74.506
131180 74.483
131190 74.3831
131200 74.2164
131210 74.0214
131220 73.8456
131230 73.7264
131240 73.6793
131250 73.682
131260 73.7071
131270 73.738
131280 73.7583
131290 73.7711
131300 73.7794
131310 73.7802
131320 73.7818
131330 73.7982
131340 73.836
131350 73.8814
131360 73.9025
131370 73.8827
131380 73.8376
131390 73.7736
131400 73.7123
131410 73.7166
131420 73.8082
131430 73.9224
131440 74.0199
131450 74.1451
131460 74.2814
131470 74.3698
131480 74.4048
131490 74.4114
131500 74.3794
131510 74.3106
131520 74.2513
131530 74.2488
131540 74.3275
131550 74.4503
131560 74.562
131570 74.6273
131580 74.6391
131590 74.6155
131600 74.576
131610 74.562
131620 74.5828
131630 74.6146
131640 74.6626
131650 74.7609
131660 74.8833
131670 74.9764
131680 75.0255
131690 75.0168
131700 74.9592
131710 74.9012
131720 74.8728
131730 74.8576
131740 74.8604
131750 74.9247
131760 75.0279
131770 75.1203
131780 75.1972
131790 75.2599
131800 75.3054
131810 75.3391
131820 75.3788
131830 75.4304
131840 75.4778
131850 75.5166
131860 75.5474
131870 75.5602
131880 75.55
131890 75.539
131900 75.5484
131910 75.5692
131920 75.5873
131930 75.5968
131940 75.5676
131950 75.486
131960 75.4047
131970 75.3716
131980 75.3569
131990 75.3432
132000 75.3327
132010 75.3238
132020 75.3026
132030 75.2632
132040 75.2147
132050 75.1744
132060 75.156
132070 75.179
132080 75.2204
132090 75.2413
132100 75.2555
132110 75.3022
132120 75.3932
132130 75.4925
132140 75.5772
132150 75.6472
132160 75.6789
132170 75.6556
132180 75.6053
132190 75.539
132200 75.4661
132210 75.4094
132220 75.3838
132230 75.3763
132240 75.357
132250 75.3426
132260 75.3691
132270 75.4101
132280 75.4287
132290 75.4242
132300 75.4028
132310 75.366
132320 75.3186
132330 75.2747
132340 75.2482
132350 75.2625
132360 75.3185
132370 75.3865
132380 75.4317
132390 75.427
132400 75.3451
132410 75.1802
132420 75.0027
132430 74.9066
132440 74.9031
132450 74.9315
132460 74.9735
132470 75.0337
132480 75.0481
132490 74.9866
132500 74.9065
132510 74.8581
132520 74.8256
132530 74.7616
132540 74.6812
132550 74.6282
132560 74.6007
132570 74.5666
132580 74.503
132590 74.4158
132600 74.347
132610 74.3209
132620 74.3164
132630 74.3162
132640 74.3161
132650 74.3223
132660 74.3334
132670 74.3179
132680 74.2657
132690 74.2235
132700 74.2441
132710 74.322
132720 74.4156
132730 74.5278
132740 74.6682
132750 74.7998
132760 74.8941
132770 74.9655
132780 75.0026
132790 74.979
132800 74.9145
132810 74.8402
132820 74.7568
132830 74.6942
132840 74.6865
132850 74.7171
132860 74.795
132870 74.9304
132880 75.0829
132890 75.2153
132900 75.3171
132910 75.3738
132920 75.3792
132930 75.3577
132940 75.3314
132950 75.2911
132960 75.2307
132970 75.1864
132980 75.1847
132990 75.2138
133000 75.2467
133010 75.2726
133020 75.2876
133030 75.2878
133040 75.274
133050 75.2634
133060 75.2509
133070 75.2214
133080 75.1522
133090 75.0467
133100 74.9394
133110 74.8635
133120 74.8195
133130 74.7794
133140 74.7363
133150 74.728
133160 74.765
133170 74.8259
133180 74.8681
133190 74.8558
133200 74.8074
133210 74.7487
133220 74.6893
133230 74.6383
133240 74.598
133250 74.5819
133260 74.6178
133270 74.688
133280 74.7718
133290 74.8654
133300 74.9393
133310 74.9639
133320 74.946
133330 74.8916
133340 74.7992
133350 74.6925
133360 74.6123
133370 74.5942
133380 74.6235
133390 74.6851
133400 74.7467
133410 74.7632
133420 74.705
133430 74.5943
133440 74.4696
133450 74.3625
133460 74.3141
133470 74.3412
133480 74.4087
133490 74.4644
133500 74.5102
133510 74.5558
133520 74.5813
133530 74.555
133540 74.5011
133550 74.4661
133560 74.4302
133570 74.3676
133580 74.3229
133590 74.3333
133600 74.3903
133610 74.4499
133620 74.4658
133630 74.4339
133640 74.4159
133650 74.4181
133660 74.399
133670 74.357
133680 74.3142
133690 74.2717
133700 74.2378
133710 74.241
133720 74.2967
133730 74.3617
133740 74.4101
133750 74.4584
133760 74.4986
133770 74.4917
133780 74.4448
133790 74.4018
133800 74.3806
133810 74.3925
133820 74.4371
133830 74.49
133840 74.522
133850 74.5246
133860 74.5131
133870 74.5085
133880 74.5101
133890 74.4933
133900 74.4625
133910 74.4433
133920 74.4489
133930 74.4841
133940 74.5307
133950 74.5741
133960 74.6191
133970 74.6849
133980 74.7733
133990 74.8547
134000 74.9016
134010 74.9107
134020 74.906
134030 74.8916
134040 74.8479
134050 74.7791
134060 74.7026
134070 74.6317
134080 74.5754
134090 74.5269
134100 74.4822
134110 74.4581
134120 74.4733
134130 74.5222
134140 74.5692
134150 74.6027
134160 74.6373
134170 74.6696
134180 74.6725
134190 74.6591
134200 74.6489
134210 74.6454
134220 74.6455
134230 74.6459
134240 74.6503
134250 74.6654
134260 74.689
134270 74.7095
134280 74.7215
134290 74.7449
134300 74.8017
134310 74.9085
134320 75.0519
134330 75.2023
134340 75.3319
134350 75.4186
134360 75.4507
134370 75.4391
134380 75.4453
134390 75.4914
134400 75.5262
134410 75.5375
134420 75.5646
134430 75.5979
134440 75.6021
134450 75.5699
134460 75.5225
134470 75.4878
134480 75.4575
134490 75.4225
134500 75.422
134510 75.4755
134520 75.5686
134530 75.6488
134540 75.7002
134550 75.7422
134560 75.7597
134570 75.7468
134580 75.7183
134590 75.6881
134600 75.672
134610 75.6822
134620 75.725
134630 75.7876
134640 75.8608
134650 75.9332
134660 75.9795
134670 75.9976
134680 76.0089
134690 76.0081
134700 75.9813
134710 75.9579
134720 75.9536
134730 75.965
134740 75.9709
134750 75.9579
134760 75.915
134770 75.8236
134780 75.7127
134790 75.6199
134800 75.5476
134810 75.4845
134820 75.433
134830 75.3902
134840 75.3582
134850 75.3727
134860 75.4411
134870 75.5411
134880 75.6273
134890 75.6856
134900 75.7005
134910 75.6673
134920 75.6037
134930 75.5387
134940 75.4847
134950 75.4506
134960 75.4505
134970 75.4931
134980 75.5615
134990 75.6257
135000 75.6879
135010 75.7522
135020 75.8097
135030 75.8475
135040 75.8738
135050 75.928
135060 76.0093
135070 76.0585
135080 76.0484
135090 76.0056
135100 75.9473
135110 75.8897
135120 75.8615
135130 75.8655
135140 75.883
135150 75.9081
135160 75.9366
135170 75.9299
135180 75.8664
135190 75.7787
135200 75.6759
135210 75.558
135220 75.4664
135230 75.4396
135240 75.4689
135250 75.5275
135260 75.583
135270 75.6206
135280 75.6592
135290 75.7109
135300 75.7381
135310 75.756
135320 75.804
135330 75.8945
135340 76.0103
135350 76.1121
135360 76.1785
135370 76.1979
135380 76.1738
135390 76.1276
135400 76.0591
135410 75.9755
135420 75.9213
135430 75.9398
135440 75.9989
135450 76.055
135460 76.1098
135470 76.1671
135480 76.207
135490 76.2142
135500 76.2114
135510 76.2025
135520 76.1753
135530 76.1613
135540 76.2117
135550 76.3033
135560 76.3699
135570 76.3745
135580 76.3346
135590 76.266
135600 76.1601
135610 76.0334
135620 75.9094
135630 75.8081
135640 75.7329
135650 75.7192
135660 75.7808
135670 75.8768
135680 75.9736
135690 76.0708
135700 76.146
135710 76.153
135720 76.1122
135730 76.0646
135740 76.0292
135750 76.0154
135760 76.0245
135770 76.0432
135780 76.06
135790 76.0596
135800 76.0389
135810 76.0105
135820 75.9919
135830 75.9661
135840 75.9266
135850 75.9028
135860 75.9151
135870 75.953
135880 76.0141
135890 76.0712
135900 76.1076
135910 76.1173
135920 76.1155
135930 76.1069
135940 76.1011
135950 76.1299
135960 76.2081
135970 76.3132
135980 76.4347
135990 76.5416
136000 76.6183
136010 76.6769
136020 76.7324
136030 76.7994
136040 76.8727
136050 76.9282
136060 76.9311
136070 76.8828
136080 76.8002
136090 76.6907
136100 76.5754
136110 76.4959
136120 76.4607
136130 76.455
136140 76.4634
136150 76.4726
136160 76.4667
136170 76.4341
136180 76.3813
136190 76.3347
136200 76.3211
136210 76.324
136220 76.3317
136230 76.3305
136240 76.3187
136250 76.304
136260 76.3227
136270 76.3665
136280 76.3969
136290 76.3929
136300 76.3547
136310 76.3041
136320 76.2664
136330 76.2406
136340 76.2179
136350 76.2185
136360 76.2648
136370 76.3514
136380 76.4627
136390 76.5654
136400 76.6263
136410 76.6516
136420 76.6487
136430 76.6262
136440 76.6005
136450 76.5683
136460 76.5365
136470 76.5343
136480 76.5489
136490 76.552
136500 76.5519
136510 76.575
136520 76.6334
136530 76.7164
136540 76.7979
136550 76.8469
136560 76.847
136570 76.8201
136580 76.7915
136590 76.7391
136600 76.6471
136610 76.554
136620 76.5077
136630 76.5198
136640 76.5782
136650 76.6592
136660 76.734
136670 76.7909
136680 76.8406
136690 76.8921
136700 76.9221
136710 76.9414
136720 76.9611
136730 76.9708
136740 76.9671
136750 76.9553
136760 76.9444
136770 76.9841
136780 77.0989
136790 77.2515
136800 77.4155
136810 77.5819
136820 77.7218
136830 77.8175
136840 77.8552
136850 77.8539
136860 77.8326
136870 77.8059
136880 77.7877
136890 77.7854
136900 77.7972
136910 77.8211
136920 77.8716
136930 77.953
136940 78.0438
136950 78.1074
136960 78.1259
136970 78.1083
136980 78.0764
136990 78.0281
137000 77.9618
137010 77.8997
137020 77.8569
137030 77.8154
137040 77.804
137050 77.8525
137060 77.9364
137070 77.969
137080 77.9209
137090 77.83
137100 77.7237
137110 77.6266
137120 77.5873
137130 77.5996
137140 77.6271
137150 77.6661
137160 77.7195
137170 77.7758
137180 77.8116
137190 77.8152
137200 77.8141
137210 77.8446
137220 77.9099
137230 77.9915
137240 78.0573
137250 78.0833
137260 78.0878
137270 78.0829
137280 78.0718
137290 78.0696
137300 78.0636
137310 78.037
137320 77.9869
137330 77.9391
137340 77.9037
137350 77.8753
137360 77.8638
137370 77.8484
137380 77.8156
137390 77.8212
137400 77.8916
137410 77.9933
137420 78.1072
137430 78.2154
137440 78.3007
137450 78.3774
137460 78.4508
137470 78.4902
137480 78.5138
137490 78.5556
137500 78.6179
137510 78.6879
137520 78.7527
137530 78.8048
137540 78.8351
137550 78.8245
137560 78.7737
137570 78.7222
137580 78.6948
137590 78.6723
137600 78.66
137610 78.68
137620 78.7465
137630 78.8554
137640 78.985
137650 79.1074
137660 79.1935
137670 79.2347
137680 79.2326
137690 79.1977
137700 79.1631
137710 79.1491
137720 79.1534
137730 79.1872
137740 79.2516
137750 79.3253
137760 79.3963
137770 79.4536
137780 79.4562
137790 79.3824
137800 79.266
137810 79.1526
137820 79.0375
137830 78.9204
137840 78.8354
137850 78.8102
137860 78.8352
137870 78.8883
137880 78.9493
137890 79.0019
137900 79.032
137910 79.0445
137920 79.0415
137930 79.0173
137940 78.9523
137950 78.8496
137960 78.7531
137970 78.6971
137980 78.665
137990 78.6381
138000 78.6421
138010 78.6868
138020 78.755
138030 78.8429
138040 78.9421
138050 79.0307
138060 79.1062
138070 79.1711
138080 79.2128
138090 79.2529
138100 79.3343
138110 79.4551
138120 79.5642
138130 79.6479
138140 79.716
138150 79.7397
138160 79.717
138170 79.6679
138180 79.6198
138190 79.5792
138200 79.5458
138210 79.5095
138220 79.4605
138230 79.392
138240 79.3096
138250 79.2194
138260 79.1119
138270 79.0149
138280 78.9663
138290 78.9848
138300 79.0617
138310 79.1671
138320 79.2856
138330 79.3922
138340 79.4606
138350 79.4944
138360 79.5202
138370 79.5329
138380 79.524
138390 79.503
138400 79.5
138410 79.5333
138420 79.5796
138430 79.621
138440 79.6544
138450 79.6803
138460 79.6938
138470 79.7126
138480 79.7383
138490 79.7531
138500 79.7654
138510 79.8127
138520 79.9217
138530 80.0501
138540 80.1267
138550 80.1436
138560 80.1096
138570 80.0184
138580 79.9173
138590 79.8752
138600 79.9094
138610 80.0114
138620 80.1481
138630 80.2665
138640 80.3253
138650 80.3115
138660 80.2576
138670 80.1844
138680 80.1118
138690 80.0878
138700 80.1122
138710 80.1742
138720 80.2621
138730 80.3498
138740 80.4082
138750 80.4211
138760 80.3887
138770 80.3107
138780 80.2194
138790 80.1611
138800 80.1528
138810 80.1747
138820 80.204
138830 80.2348
138840 80.2659
138850 80.2862
138860 80.3294
138870 80.4227
138880 80.5442
138890 80.658
138900 80.7484
138910 80.8189
138920 80.8806
138930 80.9226
138940 80.9027
138950 80.8155
138960 80.6922
138970 80.5592
138980 80.4423
138990 80.365
139000 80.3277
139010 80.3111
139020 80.2975
139030 80.2798
139040 80.267
139050 80.2535
139060 80.2477
139070 80.2757
139080 80.3286
139090 80.3862
139100 80.4426
139110 80.4964
139120 80.5235
139130 80.5085
139140 80.4979
139150 80.5252
139160 80.5896
139170 80.6867
139180 80.8031
139190 80.9045
139200 80.9903
139210 81.081
139220 81.1491
139230 81.1586
139240 81.1002
139250 81.0101
139260 80.927
139270 80.8672
139280 80.8468
139290 80.867
139300 80.9299
139310 81.0183
139320 81.122
139330 81.2287
139340 81.3123
139350 81.3684
139360 81.4153
139370 81.448
139380 81.4532
139390 81.4288
139400 81.4078
139410 81.4429
139420 81.5404
139430 81.6491
139440 81.7429
139450 81.8334
139460 81.9129
139470 81.9418
139480 81.9198
139490 81.8982
139500 81.8702
139510 81.8365
139520 81.838
139530 81.8552
139540 81.8202
139550 81.7221
139560 81.6292
139570 81.5727
139580 81.52
139590 81.4683
139600 81.4542
139610 81.4675
139620 81.4736
139630 81.4798
139640 81.5389
139650 81.649
139660 81.7651
139670 81.8377
139680 81.861
139690 81.8631
139700 81.8576
139710 81.8517
139720 81.8572
139730 81.8689
139740 81.8743
139750 81.9028
139760 81.9848
139770 82.0994
139780 82.2122
139790 82.292
139800 82.3401
139810 82.3803
139820 82.3879
139830 82.3175
139840 82.2087
139850 82.1236
139860 82.0749
139870 82.0546
139880 82.0288
139890 81.9837
139900 81.9655
139910 81.9928
139920 82.0261
139930 82.0498
139940 82.0603
139950 82.0496
139960 82.0002
139970 81.9262
139980 81.845
139990 81.7627
140000 81.7016
140010 81.6891
140020 81.7201
140030 81.776
140040 81.8587
140050 81.9838
140060 82.1231
140070 82.2113
140080 82.2181
140090 82.1618
140100 82.0702
140110 81.98
140120 81.9198
140130 81.8825
140140 81.8473
140150 81.7999
140160 81.7526
140170 81.6978
140180 81.6359
140190 81.5599
140200 81.47
140210 81.3873
140220 81.3195
140230 81.2536
140240 81.1865
140250 81.113
140260 81.0459
140270 81.0059
140280 80.9922
140290 80.9899
140300 80.9908
140310 80.9905
140320 80.9852
140330 80.9746
140340 80.9395
140350 80.8781
140360 80.8166
140370 80.7711
140380 80.7477
140390 80.7235
140400 80.673
140410 80.6069
140420 80.5283
140430 80.4565
140440 80.41
140450 80.3899
140460 80.3882
140470 80.4071
140480 80.4564
140490 80.5361
140500 80.631
140510 80.6964
140520 80.7136
140530 80.7113
140540 80.709
140550 80.689
140560 80.6289
140570 80.5583
140580 80.5182
140590 80.5446
140600 80.6341
140610 80.731
140620 80.7686
140630 80.7549
140640 80.739
140650 80.7466
140660 80.7598
140670 80.7791
140680 80.8098
140690 80.847
140700 80.8867
140710 80.9282
140720 80.9679
140730 80.9859
140740 80.979
140750 80.976
140760 80.9988
140770 81.0508
140780 81.1205
140790 81.1908
140800 81.2541
140810 81.3054
140820 81.3414
140830 81.3331
140840 81.2858
140850 81.2236
140860 81.1677
140870 81.1342
140880 81.1014
140890 81.0861
140900 81.13
140910 81.215
140920 81.2954
140930 81.3725
140940 81.4542
140950 81.503
140960 81.5031
140970 81.4676
140980 81.4117
140990 81.3606
141000 81.334
141010 81.3277
141020 81.3258
141030 81.3448
141040 81.4036
141050 81.4846
141060 81.5636
141070 81.6299
141080 81.6578
141090 81.647
141100 81.6372
141110 81.6169
141120 81.5609
141130 81.4914
141140 81.4405
141150 81.424
141160 81.4591
141170 81.5473
141180 81.6649
141190 81.7853
141200 81.8908
141210 81.9387
141220 81.8988
141230 81.8041
141240 81.7137
141250 81.6418
141260 81.5546
141270 81.4847
141280 81.5029
141290 81.6068
141300 81.7405
141310 81.8643
141320 81.9334
141330 81.9267
141340 81.8836
141350 81.8524
141360 81.8434
141370 81.8384
141380 81.852
141390 81.888
141400 81.929
141410 81.965
141420 81.9819
141430 81.9413
141440 81.8283
141450 81.678
141460 81.5114
141470 81.3259
141480 81.1569
141490 81.0577
141500 81.0398
141510 81.0829
141520 81.1583
141530 81.2659
141540 81.3859
141550 81.4762
141560 81.5281
141570 81.5517
141580 81.5466
141590 81.5002
141600 81.4338
141610 81.3879
141620 81.3849
141630 81.4201
141640 81.4864
141650 81.5825
141660 81.6747
141670 81.7051
141680 81.6545
141690 81.5651
141700 81.4865
141710 81.4343
141720 81.378
141730 81.3275
141740 81.3341
141750 81.3871
141760 81.4365
141770 81.4436
141780 81.4094
141790 81.374
141800 81.3755
141810 81.435
141820 81.526
141830 81.6214
141840 81.7021
141850 81.7494
141860 81.7464
141870 81.7005
141880 81.6588
141890 81.6383
141900 81.6585
141910 81.7373
141920 81.8589
141930 81.9923
141940 82.0951
141950 82.1451
141960 82.144
141970 82.1084
141980 82.0478
141990 81.9629
142000 81.8516
142010 81.752
142020 81.708
142030 81.7101
142040 81.7333
142050 81.782
142060 81.8569
142070 81.942
142080 82.0236
142090 82.0914
142100 82.1119
142110 82.0772
142120 82.0469
142130 82.0582
142140 82.0872
142150 82.081
142160 82.0276
142170 81.9535
142180 81.8692
142190 81.7999
142200 81.7892
142210 81.8343
142220 81.8889
142230 81.9107
142240 81.8891
142250 81.8464
142260 81.831
142270 81.8402
142280 81.8158
142290 81.7563
142300 81.7122
142310 81.7069
142320 81.7218
142330 81.7413
142340 81.7606
142350 81.7901
142360 81.8387
142370 81.8864
142380 81.8872
142390 81.8348
142400 81.7661
142410 81.7173
142420 81.6804
142430 81.6579
142440 81.6658
142450 81.6962
142460 81.7419
142470 81.7968
142480 81.8399
142490 81.87
142500 81.8951
142510 81.8937
142520 81.8639
142530 81.8481
142540 81.8673
142550 81.9063
142560 81.977
142570 82.1027
142580 82.2493
142590 82.3895
142600 82.505
142610 82.5732
142620 82.5839
142630 82.5731
142640 82.5743
142650 82.5896
142660 82.5895
142670 82.5644
142680 82.516
142690 82.4483
142700 82.3788
142710 82.3311
142720 82.3133
142730 82.3192
142740 82.3445
142750 82.3598
142760 82.3579
142770 82.3809
142780 82.4271
142790 82.4892
142800 82.5656
142810 82.6264
142820 82.6705
142830 82.7076
142840 82.7267
142850 82.7287
142860 82.7192
142870 82.7215
142880 82.755
142890 82.8142
142900 82.8725
142910 82.9411
142920 83.0456
142930 83.1562
142940 83.2096
142950 83.2043
142960 83.1719
142970 83.1117
142980 83.0183
142990 82.8956
143000 82.7625
143010 82.6702
143020 82.6816
143030 82.7847
143040 82.9029
143050 83.0057
143060 83.1016
143070 83.1785
143080 83.2372
143090 83.2833
143100 83.3156
143110 83.3299
143120 83.3485
143130 83.3715
143140 83.3835
143150 83.3845
143160 83.3842
143170 83.3962
143180 83.4228
143190 83.4363
143200 83.4166
143210 83.3899
143220 83.3875
143230 83.4026
143240 83.3981
143250 83.3557
143260 83.2699
143270 83.1528
143280 83.0066
143290 82.8627
143300 82.7884
143310 82.8279
143320 82.9372
143330 83.0463
143340 83.1506
143350 83.2609
143360 83.3277
143370 83.2874
143380 83.1673
143390 83.0412
143400 82.9275
143410 82.8328
143420 82.7928
143430 82.82
143440 82.8653
143450 82.8871
143460 82.9083
143470 82.9269
143480 82.9253
143490 82.9021
143500 82.8882
143510 82.9126
143520 82.9691
143530 83.0385
143540 83.1207
143550 83.1971
143560 83.251
143570 83.297
143580 83.3455
143590 83.3621
143600 83.3299
143610 83.2642
143620 83.2046
143630 83.1714
143640 83.1592
143650 83.1593
143660 83.1899
143670 83.249
143680 83.2981
143690 83.3037
143700 83.2505
143710 83.1473
143720 83.031
143730 82.928
143740 82.8591
143750 82.835
143760 82.8209
143770 82.7715
143780 82.6901
143790 82.6095
143800 82.5414
143810 82.4875
143820 82.4418
143830 82.3853
143840 82.3227
143850 82.2909
143860 82.3129
143870 82.364
143880 82.4063
143890 82.4513
143900 82.5069
143910 82.5355
143920 82.5215
143930 82.4807
143940 82.4238
143950 82.347
143960 82.2656
143970 82.2036
143980 82.1564
143990 82.1223
144000 82.1175
144010 82.1326
144020 82.148
144030 82.1666
144040 82.1798
144050 82.1747
144060 82.1706
144070 82.1836
144080 82.1928
144090 82.1871
144100 82.1668
144110 82.1475
144120 82.127
144130 82.1122
144140 82.1402
144150 82.222
144160 82.3294
144170 82.408
144180 82.4176
144190 82.3541
144200 82.2633
144210 82.1913
144220 82.175
144230 82.2165
144240 82.3162
144250 82.4616
144260 82.6055
144270 82.7263
144280 82.8124
144290 82.8615
144300 82.8774
144310 82.8636
144320 82.8414
144330 82.8368
144340 82.8706
144350 82.93
144360 83.0074
144370 83.116
144380 83.2293
144390 83.3046
144400 83.3392
144410 83.3492
144420 83.3513
144430 83.3378
144440 83.3115
144450 83.2772
144460 83.2357
144470 83.1985
144480 83.1819
144490 83.1601
144500 83.1206
144510 83.0714
144520 83.047
144530 83.0426
144540 82.9992
144550 82.8821
144560 82.7206
144570 82.5653
144580 82.4471
144590 82.3928
144600 82.4109
144610 82.4873
144620 82.6016
144630 82.7283
144640 82.8281
144650 82.8914
144660 82.927
144670 82.9374
144680 82.9327
144690 82.9347
144700 82.9453
144710 82.9406
144720 82.9242
144730 82.9122
144740 82.8743
144750 82.7897
144760 82.7141
144770 82.6895
144780 82.675
144790 82.6302
144800 82.6124
144810 82.6415
144820 82.6624
144830 82.6571
144840 82.6582
144850 82.6556
144860 82.6327
144870 82.6111
144880 82.6272
144890 82.6861
144900 82.7696
144910 82.8534
144920 82.9288
144930 82.9928
144940 83.0579
144950 83.11
144960 83.1163
144970 83.0866
144980 83.0626
144990 83.0473
145000 83.0186
145010 82.9875
145020 82.9771
145030 82.9775
145040 82.9857
145050 83.0033
145060 83.0061
145070 82.9709
145080 82.9358
145090 82.9387
145100 82.973
145110 82.9906
145120 82.9777
145130 82.9754
145140 83.0068
145150 83.0385
145160 83.0397
145170 83.0227
145180 83.0166
145190 83.0231
145200 83.0199
145210 82.9986
145220 82.983
145230 83.0171
145240 83.111
145250 83.2205
145260 83.3329
145270 83.4684
145280 83.6403
145290 83.7973
145300 83.89
145310 83.9454
145320 83.979
145330 83.9546
145340 83.8681
145350 83.7603
145360 83.6675
145370 83.6188
145380 83.6293
145390 83.6781
145400 83.7237
145410 83.7387
145420 83.7233
145430 83.6918
145440 83.6519
145450 83.6164
145460 83.581
145470 83.5394
145480 83.5193
145490 83.5425
145500 83.6046
145510 83.6954
145520 83.8012
145530 83.9002
145540 83.9954
145550 84.0997
145560 84.1883
145570 84.2364
145580 84.247
145590 84.2246
145600 84.1909
145610 84.1516
145620 84.137
145630 84.1791
145640 84.2559
145650 84.3356
145660 84.413
145670 84.4697
145680 84.4714
145690 84.4038
145700 84.3008
145710 84.2089
145720 84.138
145730 84.0799
145740 84.0233
145750 83.9885
145760 83.985
145770 83.9662
145780 83.9054
145790 83.8085
145800 83.7117
145810 83.6234
145820 83.5531
145830 83.5167
145840 83.4907
145850 83.4472
145860 83.422
145870 83.4039
145880 83.3491
145890 83.2789
145900 83.251
145910 83.281
145920 83.35
145930 83.4454
145940 83.5433
145950 83.6058
145960 83.6345
145970 83.6141
145980 83.5407
145990 83.4754
146000 83.4515
146010 83.412
146020 83.332
146030 83.2701
146040 83.2563
146050 83.2706
146060 83.3224
146070 83.4085
146080 83.5218
146090 83.6717
146100 83.8434
146110 84.0201
146120 84.1882
146130 84.3371
146140 84.4534
146150 84.5026
146160 84.4701
146170 84.3793
146180 84.2574
146190 84.145
146200 84.0709
146210 84.0238
146220 83.998
146230 84.0189
146240 84.0573
146250 84.0496
146260 84.0136
146270 83.9962
146280 83.9864
146290 83.96
146300 83.9397
146310 83.943
146320 83.9483
146330 83.9642
146340 83.9972
146350 84.0154
146360 83.997
146370 83.9606
146380 83.9217
146390 83.8621
146400 83.7772
146410 83.7177
146420 83.7071
146430 83.7434
146440 83.7828
146450 83.7884
146460 83.7584
146470 83.7278
146480 83.7293
146490 83.7252
146500 83.6724
146510 83.5882
146520 83.4987
146530 83.4286
146540 83.4056
146550 83.4063
146560 83.3629
146570 83.2719
146580 83.1839
146590 83.1028
146600 82.9864
146610 82.8464
146620 82.7139
146630 82.6065
146640 82.5399
146650 82.5058
146660 82.4996
146670 82.524
146680 82.5725
146690 82.6263
146700 82.6673
146710 82.6789
146720 82.6425
146730 82.601
146740 82.5951
146750 82.6126
146760 82.6198
146770 82.6304
146780 82.6722
146790 82.7467
146800 82.8476
146810 82.9627
146820 83.0509
146830 83.0929
146840 83.1037
146850 83.09
146860 83.0325
146870 82.9495
146880 82.8927
146890 82.8783
146900 82.9006
146910 82.9611
146920 83.0224
146930 83.0651
146940 83.1215
146950 83.203
146960 83.2734
146970 83.3013
146980 83.3021
146990 83.297
147000 83.3073
147010 83.3349
147020 83.3654
147030 83.3749
147040 83.3725
147050 83.3877
147060 83.4311
147070 83.4805
147080 83.5351
147090 83.6051
147100 83.6875
147110 83.7648
147120 83.8358
147130 83.8949
147140 83.9292
147150 83.9551
147160 83.9982
147170 84.0507
147180 84.0928
147190 84.1304
147200 84.1755
147210 84.2233
147220 84.2478
147230 84.2196
147240 84.1253
147250 83.9994
147260 83.8903
147270 83.8301
147280 83.8299
147290 83.8674
147300 83.9156
147310 83.9281
147320 83.9131
147330 83.905
147340 83.8754
147350 83.7891
147360 83.6801
147370 83.5991
147380 83.5647
147390 83.5791
147400 83.6364
147410 83.7049
147420 83.7286
147430 83.6992
147440 83.6546
147450 83.6041
147460 83.553
147470 83.5234
147480 83.5362
147490 83.6041
147500 83.7161
147510 83.8365
147520 83.9424
147530 84.0403
147540 84.1363
147550 84.1936
147560 84.2261
147570 84.2685
147580 84.3161
147590 84.3536
147600 84.401
147610 84.4739
147620 84.535
147630 84.5671
147640 84.5854
147650 84.6051
147660 84.6389
147670 84.6705
147680 84.6675
147690 84.6416
147700 84.6138
147710 84.5943
147720 84.5888
147730 84.596
147740 84.5975
147750 84.5624
147760 84.4849
147770 84.3926
147780 84.3331
147790 84.3259
147800 84.3744
147810 84.4611
147820 84.5444
147830 84.6067
147840 84.6493
147850 84.6368
147860 84.5427
147870 84.4347
147880 84.3731
147890 84.3466
147900 84.3468
147910 84.3778
147920 84.432
147930 84.5229
147940 84.6455
147950 84.7499
147960 84.8047
147970 84.8115
147980 84.7971
147990 84.7732
148000 84.751
148010 84.7482
148020 84.7558
148030 84.7581
148040 84.7492
148050 84.7189
148060 84.655
148070 84.5701
148080 84.471
148090 84.3352
148100 84.1924
148110 84.0995
148120 84.0647
148130 84.0518
148140 84.0561
148150 84.0687
148160 84.0551
148170 84.0148
148180 83.9682
148190 83.9286
148200 83.8878
148210 83.8628
148220 83.868
148230 83.8912
148240 83.9114
148250 83.9255
148260 83.9523
148270 83.9986
148280 84.0601
148290 84.1098
148300 84.1194
148310 84.1113
148320 84.113
148330 84.1111
148340 84.0935
148350 84.0919
148360 84.1292
148370 84.1664
148380 84.1798
148390 84.1845
148400 84.1866
148410 84.1737
148420 84.1364
148430 84.1078
148440 84.1187
148450 84.1459
148460 84.1638
148470 84.1689
148480 84.1832
148490 84.2105
148500 84.2257
148510 84.2245
148520 84.2213
148530 84.2207
148540 84.2221
148550 84.2198
148560 84.2192
148570 84.2387
148580 84.2815
148590 84.3276
148600 84.3674
148610 84.4229
148620 84.5005
148630 84.5636
148640 84.5662
148650 84.5103
148660 84.4618
148670 84.4591
148680 84.4841
148690 84.4986
148700 84.4785
148710 84.4498
148720 84.4422
148730 84.4375
148740 84.4183
148750 84.3639
148760 84.2822
148770 84.1996
148780 84.1294
148790 84.0601
148800 83.9815
148810 83.8978
148820 83.8386
148830 83.8222
148840 83.8206
148850 83.7963
148860 83.742
148870 83.6835
148880 83.6228
148890 83.5568
148900 83.4961
148910 83.4704
148920 83.4794
148930 83.4836
148940 83.4534
148950 83.3923
148960 83.348
148970 83.3277
148980 83.3019
148990 83.2696
149000 83.2501
149010 83.2284
149020 83.2131
149030 83.1988
149040 83.1627
149050 83.1122
149060 83.0572
149070 82.9855
149080 82.8906
149090 82.8251
149100 82.849
149110 82.9359
149120 83.0376
149130 83.1664
149140 83.3331
149150 83.5013
149160 83.6404
149170 83.7233
149180 83.7493
149190 83.7537
149200 83.7527
149210 83.7612
149220 83.7749
149230 83.7996
149240 83.8396
149250 83.9198
149260 84.0625
149270 84.2502
149280 84.4354
149290 84.5922
149300 84.7107
149310 84.7784
149320 84.7804
149330 84.7312
149340 84.6929
149350 84.712
149360 84.7589
149370 84.7887
149380 84.7769
149390 84.7343
149400 84.6821
149410 84.6242
149420 84.5643
149430 84.5217
149440 84.5062
149450 84.5262
149460 84.5534
149470 84.5519
149480 84.5443
149490 84.5704
149500 84.6305
149510 84.6868
149520 84.7267
149530 84.7377
149540 84.7222
149550 84.6983
149560 84.6693
149570 84.6183
149580 84.5515
149590 84.5014
149600 84.5005
149610 84.5346
149620 84.5779
149630 84.6221
149640 84.6757
149650 84.7504
149660 84.8333
149670 84.9136
149680 85.0009
149690 85.113
149700 85.248
149710 85.377
149720 85.4761
149730 85.5455
149740 85.6194
149750 85.7323
149760 85.8773
149770 86.0144
149780 86.1204
149790 86.2202
149800 86.3142
149810 86.3495
149820 86.3105
149830 86.2557
149840 86.2249
149850 86.2151
149860 86.2245
149870 86.2658
149880 86.3186
149890 86.3536
149900 86.3615
149910 86.359
149920 86.3442
149930 86.3102
149940 86.2616
149950 86.1909
149960 86.1021
149970 86.057
149980 86.0718
149990 86.0994
150000 86.1203
150010 86.1493
150020 86.2266
150030 86.3701
150040 86.5583
150050 86.7351
150060 86.8513
150070 86.905
150080 86.9021
150090 86.8564
150100 86.7711
150110 86.673
150120 86.6157
150130 86.6139
150140 86.6402
150150 86.6493
150160 86.5986
150170 86.4915
150180 86.3591
150190 86.2079
150200 86.0401
150210 85.8867
150220 85.7798
150230 85.7326
150240 85.7289
150250 85.7476
150260 85.7747
150270 85.8189
150280 85.8705
150290 85.9112
150300 85.9703
150310 86.0546
150320 86.115
150330 86.1201
150340 86.1028
150350 86.1195
150360 86.152
150370 86.1769
150380 86.1703
150390 86.1239
150400 86.0726
150410 86.0465
150420 86.0316
150430 86.0259
150440 86.0099
150450 85.9406
150460 85.831
150470 85.7492
150480 85.7253
150490 85.7288
150500 85.7464
150510 85.798
150520 85.8742
150530 85.9535
150540 86.057
150550 86.1722
150560 86.2449
150570 86.2696
150580 86.2822
150590 86.2852
150600 86.2524
150610 86.2047
150620 86.1711
150630 86.1487
150640 86.1191
150650 86.1001
150660 86.1349
150670 86.2039
150680 86.2701
150690 86.3244
150700 86.3733
150710 86.4436
150720 86.5454
150730 86.6627
150740 86.7983
150750 86.9655
150760 87.1339
150770 87.2714
150780 87.3861
150790 87.4694
150800 87.5146
150810 87.5257
150820 87.5103
150830 87.4713
150840 87.4175
150850 87.3677
150860 87.3124
150870 87.2476
150880 87.205
150890 87.2058
150900 87.2109
150910 87.1796
150920 87.1283
150930 87.0739
150940 86.9985
150950 86.9064
150960 86.841
150970 86.82
150980 86.8568
150990 86.9534
151000 87.0861
151010 87.2306
151020 87.3635
151030 87.4571
151040 87.4979
151050 87.5112
151060 87.5061
151070 87.4812
151080 87.4496
151090 87.4369
151100 87.4385
151110 87.4525
151120 87.4715
151130 87.4812
151140 87.4662
151150 87.4418
151160 87.4199
151170 87.4003
151180 87.3823
151190 87.392
151200 87.4808
151210 87.6472
151220 87.8435
151230 88.0313
151240 88.1901
151250 88.3172
151260 88.3988
151270 88.4295
151280 88.4351
151290 88.449
151300 88.4726
151310 88.4842
151320 88.5064
151330 88.5682
151340 88.6466
151350 88.72
151360 88.7963
151370 88.8849
151380 88.9647
151390 89.0472
151400 89.1607
151410 89.287
151420 89.3841
151430 89.4229
151440 89.404
151450 89.3436
151460 89.247
151470 89.1238
151480 89.0168
151490 88.97
151500 88.989
151510 89.05
151520 89.1311
151530 89.2227
151540 89.2986
151550 89.3454
151560 89.3292
151570 89.2377
151580 89.1176
151590 89.0206
151600 88.9721
151610 88.9401
151620 88.9194
151630 88.9309
151640 88.9612
151650 88.9914
151660 89.0085
151670 89.011
151680 89.0021
151690 88.9839
151700 88.9545
151710 88.8995
151720 88.818
151730 88.7375
151740 88.6634
151750 88.6052
151760 88.6002
151770 88.6451
151780 88.6988
151790 88.7397
151800 88.7904
151810 88.8801
151820 88.9916
151830 89.1126
151840 89.2216
151850 89.2712
151860 89.2584
151870 89.2293
151880 89.2053
151890 89.1899
151900 89.1885
151910 89.2039
151920 89.2253
151930 89.2253
151940 89.2023
151950 89.2018
151960 89.2295
151970 89.2645
151980 89.2866
151990 89.3023
152000 89.3414
152010 89.382
152020 89.3755
152030 89.322
152040 89.243
152050 89.1364
152060 89.011
152070 88.889
152080 88.8045
152090 88.7712
152100 88.7471
152110 88.7284
152120 88.7216
152130 88.7275
152140 88.7278
152150 88.7029
152160 88.6605
152170 88.6381
152180 88.6583
152190 88.7057
152200 88.792
152210 88.9368
152220 89.111
152230 89.2436
152240 89.3246
152250 89.405
152260 89.4787
152270 89.5108
152280 89.5358
152290 89.5944
152300 89.6509
152310 89.6888
152320 89.7273
152330 89.76
152340 89.7711
152350 89.7787
152360 89.8049
152370 89.8223
152380 89.8211
152390 89.8597
152400 89.9442
152410 90.0165
152420 90.0354
152430 90.0191
152440 90.0067
152450 90.0217
152460 90.0691
152470 90.1418
152480 90.2304
152490 90.3236
152500 90.3831
152510 90.4133
152520 90.4358
152530 90.427
152540 90.3836
152550 90.3252
152560 90.2625
152570 90.2063
152580 90.181
152590 90.1899
152600 90.2217
152610 90.2421
152620 90.2362
152630 90.2071
152640 90.1345
152650 90.0019
152660 89.8221
152670 89.6352
152680 89.4576
152690 89.2935
152700 89.1815
152710 89.1295
152720 89.0911
152730 89.0446
152740 89.0145
152750 89.0153
152760 89.0509
152770 89.1074
152780 89.152
152790 89.1867
152800 89.2454
152810 89.3298
152820 89.3946
152830 89.4165
152840 89.429
152850 89.4676
152860 89.5363
152870 89.621
152880 89.7089
152890 89.7912
152900 89.8379
152910 89.8276
152920 89.7898
152930 89.7736
152940 89.7778
152950 89.7774
152960 89.7587
152970 89.7296
152980 89.688
152990 89.6388
153000 89.579
153010 89.5049
153020 89.4091
153030 89.2789
153040 89.118
153050 88.9484
153060 88.7744
153070 88.6034
153080 88.4678
153090 88.3915
153100 88.3758
153110 88.4036
153120 88.4553
153130 88.5249
153140 88.5881
153150 88.6122
153160 88.5903
153170 88.5207
153180 88.4153
153190 88.3187
153200 88.2702
153210 88.2527
153220 88.2312
153230 88.2023
153240 88.1795
153250 88.1678
153260 88.1522
153270 88.1261
153280 88.1027
153290 88.0981
153300 88.1145
153310 88.1338
153320 88.1308
153330 88.0906
153340 88.0249
153350 87.9548
153360 87.8868
153370 87.8235
153380 87.7967
153390 87.8261
153400 87.8957
153410 87.9728
153420 88.0408
153430 88.1244
153440 88.2326
153450 88.3383
153460 88.4302
153470 88.5284
153480 88.6324
153490 88.7244
153500 88.7748
153510 88.755
153520 88.6792
153530 88.5853
153540 88.4923
153550 88.4021
153560 88.3118
153570 88.232
153580 88.2208
153590 88.2816
153600 88.3631
153610 88.4463
153620 88.5394
153630 88.6441
153640 88.7771
153650 88.9337
153660 89.073
153670 89.163
153680 89.2161
153690 89.249
153700 89.2844
153710 89.3382
153720 89.3965
153730 89.4333
153740 89.4165
153750 89.3316
153760 89.2133
153770 89.0939
153780 88.9758
153790 88.8715
153800 88.7999
153810 88.7523
153820 88.6995
153830 88.6492
153840 88.6211
153850 88.6388
153860 88.7033
153870 88.7906
153880 88.8573
153890 88.8891
153900 88.8969
153910 88.8547
153920 88.7534
153930 88.6374
153940 88.5666
153950 88.5669
153960 88.6232
153970 88.6985
153980 88.7451
153990 88.7441
154000 88.7256
154010 88.7271
154020 88.7639
154030 88.8338
154040 88.9384
154050 89.0551
154060 89.1509
154070 89.1991
154080 89.1939
154090 89.1202
154100 88.9909
154110 88.8389
154120 88.691
154130 88.6061
154140 88.6171
154150 88.6914
154160 88.7581
154170 88.7786
154180 88.7589
154190 88.7228
154200 88.694
154210 88.6762
154220 88.661
154230 88.6401
154240 88.597
154250 88.5351
154260 88.4797
154270 88.4374
154280 88.4325
154290 88.4541
154300 88.4668
154310 88.4767
154320 88.4671
154330 88.4147
154340 88.3464
154350 88.3293
154360 88.3713
154370 88.4456
154380 88.5197
154390 88.5809
154400 88.6273
154410 88.6467
154420 88.6359
154430 88.6272
154440 88.663
154450 88.7517
154460 88.8727
154470 89.0143
154480 89.1594
154490 89.28
154500 89.3433
154510 89.328
154520 89.2487
154530 89.1494
154540 89.0669
154550 89.0206
154560 89.0342
154570 89.1008
154580 89.1637
154590 89.185
154600 89.1846
154610 89.1586
154620 89.0659
154630 88.9072
154640 88.7269
154650 88.6004
154660 88.5537
154670 88.5509
154680 88.55
154690 88.5529
154700 88.5909
154710 88.657
154720 88.7031
154730 88.7068
154740 88.6867
154750 88.6782
154760 88.7161
154770 88.7986
154780 88.8939
154790 88.9954
154800 89.0946
154810 89.1582
154820 89.1703
154830 89.1652
154840 89.1446
154850 89.0915
154860 89.0301
154870 88.9935
154880 88.9895
154890 89.0043
154900 89.0285
154910 89.0591
154920 89.0889
154930 89.0988
154940 89.0895
154950 89.0984
154960 89.137
154970 89.1614
154980 89.1517
154990 89.1452
155000 89.161
155010 89.1932
155020 89.2452
155030 89.3224
155040 89.3794
155050 89.3752
155060 89.3372
155070 89.2941
155080 89.2379
155090 89.1674
155100 89.0859
155110 89.012
155120 88.9571
155130 88.9004
155140 88.838
155150 88.8193
155160 88.8535
155170 88.9089
155180 88.9576
155190 88.9809
155200 88.981
155210 88.9499
155220 88.9116
155230 88.8731
155240 88.8
155250 88.7141
155260 88.6946
155270 88.7654
155280 88.9
155290 89.084
155300 89.2985
155310 89.4702
155320 89.5416
155330 89.542
155340 89.5316
155350 89.5351
155360 89.5445
155370 89.5569
155380 89.6076
155390 89.7241
155400 89.8735
155410 90.0001
155420 90.0939
155430 90.1625
155440 90.2005
155450 90.219
155460 90.2089
155470 90.1865
155480 90.2029
155490 90.2966
155500 90.4251
155510 90.5382
155520 90.6375
155530 90.707
155540 90.7466
155550 90.7609
155560 90.7563
155570 90.7522
155580 90.7603
155590 90.7803
155600 90.7948
155610 90.7628
155620 90.6883
155630 90.5997
155640 90.4846
155650 90.3453
155660 90.2389
155670 90.1784
155680 90.1356
155690 90.1293
155700 90.1724
155710 90.2017
155720 90.1571
155730 90.0504
155740 89.9315
155750 89.8185
155760 89.7192
155770 89.636
155780 89.5812
155790 89.5748
155800 89.6075
155810 89.6462
155820 89.7044
155830 89.7711
155840 89.8138
155850 89.8172
155860 89.7822
155870 89.7427
155880 89.778
155890 89.9186
155900 90.1299
155910 90.3476
155920 90.5044
155930 90.5829
155940 90.6156
155950 90.6453
155960 90.6759
155970 90.6957
155980 90.735
155990 90.8238
156000 90.9178
156010 90.9305
156020 90.8427
156030 90.7266
156040 90.6261
156050 90.5508
156060 90.472
156070 90.3931
156080 90.356
156090 90.3735
156100 90.4377
156110 90.545
156120 90.7021
156130 90.8697
156140 90.9876
156150 91.0729
156160 91.1624
156170 91.2459
156180 91.2961
156190 91.2907
156200 91.2261
156210 91.1472
156220 91.0938
156230 91.0609
156240 91.0294
156250 90.9787
156260 90.8995
156270 90.808
156280 90.74
156290 90.698
156300 90.6876
156310 90.7195
156320 90.7844
156330 90.8498
156340 90.8883
156350 90.9199
156360 90.9491
156370 90.9635
156380 90.9584
156390 90.9272
156400 90.8901
156410 90.9065
156420 90.9723
156430 91.0349
156440 91.077
156450 91.1288
156460 91.1962
156470 91.2605
156480 91.3127
156490 91.3478
156500 91.3501
156510 91.3283
156520 91.3282
156530 91.374
156540 91.4612
156550 91.5801
156560 91.7115
156570 91.8177
156580 91.8686
156590 91.8868
156600 91.8734
156610 91.8415
156620 91.8128
156630 91.8034
156640 91.837
156650 91.9007
156660 91.9374
156670 91.939
156680 91.9315
156690 91.9085
156700 91.8698
156710 91.8355
156720 91.8022
156730 91.7701
156740 91.7626
156750 91.804
156760 91.8931
156770 92.0124
156780 92.1413
156790 92.246
156800 92.3168
156810 92.3644
156820 92.3819
156830 92.3611
156840 92.2937
156850 92.1938
156860 92.0811
156870 91.9788
156880 91.9194
156890 91.9084
156900 91.9611
156910 92.0797
156920 92.1941
156930 92.2342
156940 92.203
156950 92.1298
156960 92.0335
156970 91.9258
156980 91.8209
156990 91.7062
157000 91.587
157010 91.4824
157020 91.4021
157030 91.3384
157040 91.2801
157050 91.2283
157060 91.1971
157070 91.1945
157080 91.2048
157090 91.2183
157100 91.2424
157110 91.2717
157120 91.3032
157130 91.3454
157140 91.3868
157150 91.4154
157160 91.4166
157170 91.3767
157180 91.3481
157190 91.3546
157200 91.3627
157210 91.3795
157220 91.447
157230 91.564
157240 91.7164
157250 91.8975
157260 92.0777
157270 92.2126
157280 92.3061
157290 92.381
157300 92.4181
157310 92.4001
157320 92.3354
157330 92.2553
157340 92.214
157350 92.2081
157360 92.2055
157370 92.1995
157380 92.198
157390 92.1999
157400 92.2033
157410 92.198
157420 92.1555
157430 92.0906
157440 92.0417
157450 92.0044
157460 91.9637
157470 91.9329
157480 91.9431
157490 92.0209
157500 92.1591
157510 92.3153
157520 92.4676
157530 92.6308
157540 92.7797
157550 92.8543
157560 92.8305
157570 92.7515
157580 92.6673
157590 92.5999
157600 92.5694
157610 92.582
157620 92.6178
157630 92.6456
157640 92.6553
157650 92.6467
157660 92.6302
157670 92.6217
157680 92.6058
157690 92.5734
157700 92.5618
157710 92.5835
157720 92.6141
157730 92.6227
157740 92.6124
157750 92.6036
157760 92.5991
157770 92.5689
157780 92.4945
157790 92.4129
157800 92.3443
157810 92.2779
157820 92.2349
157830 92.2341
157840 92.2488
157850 92.2787
157860 92.337
157870 92.4271
157880 92.5297
157890 92.6075
157900 92.6472
157910 92.6555
157920 92.6284
157930 92.5542
157940 92.4176
157950 92.2428
157960 92.0992
157970 92.0251
157980 92.0264
157990 92.0829
158000 92.1645
158010 92.2479
158020 92.3021
158030 92.3276
158040 92.3625
158050 92.4312
158060 92.5079
158070 92.5569
158080 92.5687
158090 92.5597
158100 92.5423
158110 92.519
158120 92.5106
158130 92.5342
158140 92.5649
158150 92.5886
158160 92.6466
158170 92.7476
158180 92.8425
158190 92.9273
158200 93.0276
158210 93.141
158220 93.2268
158230 93.2599
158240 93.2693
158250 93.275
158260 93.2833
158270 93.3016
158280 93.3473
158290 93.4423
158300 93.5766
158310 93.7017
158320 93.783
158330 93.8286
158340 93.8504
158350 93.8388
158360 93.7578
158370 93.624
158380 93.4871
158390 93.3744
158400 93.295
158410 93.272
158420 93.3081
158430 93.3539
158440 93.3767
158450 93.3723
158460 93.3488
158470 93.3189
158480 93.2796
158490 93.1998
158500 93.0828
158510 92.995
158520 92.9762
158530 93.0068
158540 93.0295
158550 93.0218
158560 92.988
158570 92.9378
158580 92.8653
158590 92.7429
158600 92.5821
158610 92.4413
158620 92.3646
158630 92.3303
158640 92.317
158650 92.3195
158660 92.3437
158670 92.3729
158680 92.3843
158690 92.3506
158700 92.2924
158710 92.2612
158720 92.2978
158730 92.3774
158740 92.4368
158750 92.4856
158760 92.5539
158770 92.6245
158780 92.678
158790 92.7087
158800 92.7317
158810 92.7559
158820 92.7772
158830 92.7968
158840 92.8367
158850 92.8926
158860 92.927
158870 92.952
158880 92.9954
158890 93.0528
158900 93.115
158910 93.165
158920 93.1763
158930 93.1553
158940 93.137
158950 93.1477
158960 93.1721
158970 93.1756
158980 93.1613
158990 93.1444
159000 93.1268
159010 93.1083
159020 93.0829
159030 93.0363
159040 92.9853
159050 92.9386
159060 92.8683
159070 92.7545
159080 92.6177
159090 92.501
159100 92.4221
159110 92.3579
159120 92.2815
159130 92.2137
159140 92.1904
159150 92.2109
159160 92.2374
159170 92.247
159180 92.2321
159190 92.214
159200 92.1686
159210 92.0793
159220 91.9963
159230 91.9692
159240 91.9936
159250 92.0211
159260 92.019
159270 91.997
159280 91.9812
159290 91.9672
159300 91.947
159310 91.9307
159320 91.9295
159330 91.9327
159340 91.942
159350 91.9674
159360 92.0089
159370 92.0546
159380 92.0763
159390 92.0631
159400 92.0168
159410 91.9633
159420 91.8882
159430 91.7721
159440 91.6632
159450 91.6144
159460 91.6326
159470 91.6655
159480 91.6923
159490 91.7357
159500 91.7945
159510 91.8422
159520 91.851
159530 91.8202
159540 91.7736
159550 91.7216
159560 91.6822
159570 91.6984
159580 91.7806
159590 91.8863
159600 91.9805
159610 92.0493
159620 92.0943
159630 92.113
159640 92.0711
159650 91.9648
159660 91.8189
159670 91.6612
159680 91.5522
159690 91.5421
159700 91.6119
159710 91.7282
159720 91.8537
159730 91.9377
159740 91.9622
159750 91.9455
159760 91.9025
159770 91.8653
159780 91.8802
159790 91.9379
159800 91.9945
159810 92.0174
159820 91.9969
159830 91.9356
159840 91.8387
159850 91.7201
159860 91.595
159870 91.4853
159880 91.4139
159890 91.3944
159900 91.4344
159910 91.5249
159920 91.639
159930 91.7196
159940 91.7382
159950 91.733
159960 91.7209
159970 91.7003
159980 91.6476
159990 91.5884
160000 91.5772
160010 91.6026
160020 91.6175
160030 91.6191
160040 91.5912
160050 91.5173
160060 91.4399
160070 91.3902
160080 91.3594
160090 91.3379
160100 91.3435
160110 91.3712
160120 91.3859
160130 91.3806
160140 91.3706
160150 91.361
160160 91.3567
160170 91.371
160180 91.4032
160190 91.4535
160200 91.5233
160210 91.6221
160220 91.7146
160230 91.7399
160240 91.6776
160250 91.5802
160260 91.5174
160270 91.4919
160280 91.4917
160290 91.536
160300 91.642
160310 91.8012
160320 91.9606
160330 92.0701
160340 92.1521
160350 92.2449
160360 92.3319
160370 92.3858
160380 92.4076
160390 92.3998
160400 92.3768
160410 92.3423
160420 92.2894
160430 92.2573
160440 92.2829
160450 92.3531
160460 92.4211
160470 92.4627
160480 92.5039
160490 92.5751
160500 92.6638
160510 92.7351
160520 92.7791
160530 92.8354
160540 92.9261
160550 93.012
160560 93.0773
160570 93.1126
160580 93.0926
160590 93.0419
160600 93.0191
160610 93.0267
160620 93.0372
160630 93.0616
160640 93.1441
160650 93.2572
160660 93.3434
160670 93.3936
160680 93.438
160690 93.4715
160700 93.4848
160710 93.5123
160720 93.5773
160730 93.6186
160740 93.59
160750 93.5356
160760 93.4991
160770 93.4751
160780 93.4502
160790 93.4171
160800 93.3793
160810 93.3439
160820 93.3225
160830 93.3135
160840 93.2849
160850 93.2131
160860 93.1243
160870 93.0377
160880 92.9421
160890 92.8482
160900 92.7715
160910 92.7038
160920 92.64
160930 92.5732
160940 92.509
160950 92.4519
160960 92.4141
160970 92.4018
160980 92.423
160990 92.4897
161000 92.6062
161010 92.7344
161020 92.8273
161030 92.8853
161040 92.9404
161050 92.9856
161060 92.9933
161070 92.9842
161080 92.9981
161090 93.0233
161100 93.0394
161110 93.0751
161120 93.1266
161130 93.1666
161140 93.2106
161150 93.2622
161160 93.3118
161170 93.3414
161180 93.3409
161190 93.3056
161200 93.2076
161210 93.0706
161220 92.9262
161230 92.7765
161240 92.6325
161250 92.4885
161260 92.3423
161270 92.2066
161280 92.1226
161290 92.0807
161300 92.0294
161310 91.9582
161320 91.851
161330 91.6908
161340 91.4914
161350 91.2965
161360 91.1432
161370 91.039
161380 90.9873
161390 90.9921
161400 91.0478
161410 91.1539
161420 91.2809
161430 91.3826
161440 91.4822
161450 91.6128
161460 91.7312
161470 91.7821
161480 91.7943
161490 91.8102
161500 91.8326
161510 91.846
161520 91.8682
161530 91.9186
161540 91.9797
161550 92.0376
161560 92.0939
161570 92.1075
161580 92.0593
161590 91.9938
161600 91.9605
161610 91.9636
161620 91.9897
161630 92.032
161640 92.0753
161650 92.1024
161660 92.1267
161670 92.1722
161680 92.2391
161690 92.3103
161700 92.3689
161710 92.4024
161720 92.4085
161730 92.4012
161740 92.4082
161750 92.404
161760 92.3677
161770 92.3036
161780 92.226
161790 92.1429
161800 92.0746
161810 92.0537
161820 92.0984
161830 92.1809
161840 92.265
161850 92.3221
161860 92.3436
161870 92.3448
161880 92.3388
161890 92.3098
161900 92.2535
161910 92.1831
161920 92.0977
161930 92.0056
161940 91.9193
161950 91.8571
161960 91.8431
161970 91.853
161980 91.8731
161990 91.8884
162000 91.8911
162010 91.9012
162020 91.915
162030 91.9301
162040 91.9656
162050 92.017
162060 92.0423
162070 92
162080 91.9309
162090 91.8881
162100 91.8779
162110 91.8741
162120 91.8845
162130 91.9132
162140 91.9523
162150 92.0001
162160 92.0547
162170 92.108
162180 92.1419
162190 92.1307
162200 92.0625
162210 91.9618
162220 91.8681
162230 91.7885
162240 91.7088
162250 91.6486
162260 91.663
162270 91.7701
162280 91.8999
162290 91.9872
162300 92.0139
162310 91.9501
162320 91.7826
162330 91.5613
162340 91.3402
162350 91.1469
162360 90.9721
162370 90.8093
162380 90.6632
162390 90.5615
162400 90.5341
162410 90.5861
162420 90.685
162430 90.7662
162440 90.7904
162450 90.7965
162460 90.7975
162470 90.743
162480 90.6378
162490 90.5575
162500 90.5356
162510 90.5214
162520 90.5139
162530 90.5426
162540 90.5899
162550 90.6146
162560 90.6224
162570 90.6043
162580 90.5425
162590 90.4615
162600 90.414
162610 90.4027
162620 90.3932
162630 90.3977
162640 90.4086
162650 90.4161
162660 90.4262
162670 90.4298
162680 90.4036
162690 90.3593
162700 90.3574
162710 90.4008
162720 90.4377
162730 90.466
162740 90.4853
162750 90.4733
162760 90.4262
162770 90.4027
162780 90.4393
162790 90.4874
162800 90.5304
162810 90.5824
162820 90.6122
162830 90.5757
162840 90.4589
162850 90.2963
162860 90.1256
162870 89.9773
162880 89.8808
162890 89.829
162900 89.809
162910 89.8247
162920 89.8549
162930 89.8942
162940 89.9464
162950 89.9761
162960 89.9625
162970 89.9406
162980 89.9316
162990 89.9385
163000 89.9931
163010 90.0896
163020 90.1884
163030 90.2774
163040 90.3644
163050 90.4532
163060 90.5162
163070 90.5212
163080 90.4674
163090 90.3885
163100 90.3372
163110 90.3318
163120 90.3473
163130 90.3744
163140 90.4149
163150 90.4854
163160 90.5819
163170 90.6663
163180 90.7089
163190 90.7036
163200 90.6392
163210 90.5374
163220 90.4645
163230 90.4532
163240 90.4963
163250 90.5785
163260 90.6726
163270 90.7463
163280 90.7722
163290 90.7482
163300 90.6914
163310 90.6133
163320 90.5261
163330 90.4561
163340 90.4238
163350 90.4241
163360 90.4415
163370 90.4796
163380 90.5177
163390 90.5314
163400 90.5184
163410 90.4848
163420 90.4569
163430 90.4461
163440 90.4532
163450 90.4632
163460 90.4616
163470 90.4556
163480 90.4337
163490 90.3943
163500 90.3539
163510 90.3312
163520 90.3358
163530 90.3579
163540 90.3808
163550 90.414
163560 90.4527
163570 90.4879
163580 90.5333
163590 90.6187
163600 90.7399
163610 90.8519
163620 90.9412
163630 91.0243
163640 91.1046
163650 91.1803
163660 91.2597
163670 91.3407
163680 91.419
163690 91.4771
163700 91.507
163710 91.5332
163720 91.5747
163730 91.6245
163740 91.6562
163750 91.6756
163760 91.7107
163770 91.7538
163780 91.7848
163790 91.788
163800 91.78
163810 91.7983
163820 91.8466
163830 91.8989
163840 91.955
163850 92.028
163860 92.1165
163870 92.1988
163880 92.2361
163890 92.2297
163900 92.1915
163910 92.1287
163920 92.0708
163930 92.0471
163940 92.0467
163950 92.057
163960 92.1
163970 92.1721
163980 92.2454
163990 92.3138
164000 92.3982
164010 92.4772
164020 92.5167
164030 92.52
164040 92.5011
164050 92.4815
164060 92.4915
164070 92.5449
164080 92.6166
164090 92.6671
164100 92.6868
164110 92.6597
164120 92.6016
164130 92.5229
164140 92.4222
164150 92.3079
164160 92.1984
164170 92.138
164180 92.1658
164190 92.2475
164200 92.3286
164210 92.363
164220 92.3419
164230 92.282
164240 92.2056
164250 92.122
164260 92.0456
164270 91.9989
164280 91.9832
164290 91.9901
164300 91.9907
164310 91.9495
164320 91.8669
164330 91.7829
164340 91.7062
164350 91.6163
164360 91.5068
164370 91.416
164380 91.3949
164390 91.4473
164400 91.5401
164410 91.673
164420 91.8499
164430 92.0165
164440 92.1286
164450 92.2146
164460 92.2993
164470 92.3804
164480 92.4454
164490 92.5202
164500 92.6368
164510 92.7571
164520 92.8387
164530 92.8919
164540 92.9482
164550 93.0058
164560 93.0582
164570 93.0886
164580 93.0898
164590 93.0848
164600 93.104
164610 93.1399
164620 93.1632
164630 93.1573
164640 93.1447
164650 93.1119
164660 93.0214
164670 92.8856
164680 92.7522
164690 92.6562
164700 92.6138
164710 92.6128
164720 92.6341
164730 92.6406
164740 92.5974
164750 92.4776
164760 92.3154
164770 92.1727
164780 92.0526
164790 91.9578
164800 91.8897
164810 91.8398
164820 91.8138
164830 91.8098
164840 91.7989
164850 91.774
164860 91.7513
164870 91.7347
164880 91.7089
164890 91.6678
164900 91.633
164910 91.6134
164920 91.5874
164930 91.5322
164940 91.4477
164950 91.3637
164960 91.3062
164970 91.2721
164980 91.2562
164990 91.2442
165000 91.2463
165010 91.2666
165020 91.2676
165030 91.241
165040 91.2171
165050 91.216
165060 91.2137
165070 91.2242
165080 91.2647
165090 91.2976
165100 91.3065
165110 91.2883
165120 91.2221
165130 91.1384
165140 91.07
165150 91.0236
165160 90.9872
165170 90.9509
165180 90.9364
165190 90.9532
165200 90.9897
165210 91.0433
165220 91.077
165230 91.0752
165240 91.082
165250 91.1172
165260 91.1691
165270 91.2468
165280 91.3425
165290 91.3886
165300 91.3765
165310 91.3629
165320 91.3792
165330 91.4172
165340 91.4528
165350 91.457
165360 91.4312
165370 91.4183
165380 91.4169
165390 91.3983
165400 91.368
165410 91.3717
165420 91.4231
165430 91.4717
165440 91.4869
165450 91.4948
165460 91.5175
165470 91.5338
165480 91.5287
165490 91.5486
165500 91.6052
165510 91.6862
165520 91.7801
165530 91.8622
165540 91.9231
165550 91.9666
165560 92.0034
165570 92.0481
165580 92.0924
165590 92.1417
165600 92.1857
165610 92.2307
165620 92.3243
165630 92.4457
165640 92.5242
165650 92.5433
165660 92.5389
165670 92.5287
165680 92.5375
165690 92.5794
165700 92.6088
165710 92.5832
165720 92.5206
165730 92.4649
165740 92.4308
165750 92.4198
165760 92.4176
165770 92.3985
165780 92.3665
165790 92.3444
165800 92.3108
165810 92.2552
165820 92.2053
165830 92.1586
165840 92.094
165850 92.0339
165860 92.0269
165870 92.074
165880 92.1355
165890 92.178
165900 92.2157
165910 92.2709
165920 92.3305
165930 92.3604
165940 92.3583
165950 92.3191
165960 92.2622
165970 92.2437
165980 92.2895
165990 92.3576
166000 92.3965
166010 92.4176
166020 92.4574
166030 92.5089
166040 92.5324
166050 92.5252
166060 92.4975
166070 92.4515
166080 92.4169
166090 92.4025
166100 92.4013
166110 92.412
166120 92.4217
166130 92.4187
166140 92.3936
166150 92.3764
166160 92.4033
166170 92.4294
166180 92.3873
166190 92.2601
166200 92.1124
166210 92.0043
166220 91.9439
166230 91.8965
166240 91.8558
166250 91.834
166260 91.8383
166270 91.8552
166280 91.8711
166290 91.864
166300 91.8235
166310 91.781
166320 91.7608
166330 91.7572
166340 91.7958
166350 91.9061
166360 92.0714
166370 92.2798
166380 92.5358
166390 92.7839
166400 92.957
166410 93.0658
166420 93.1561
166430 93.2513
166440 93.3538
166450 93.4598
166460 93.5494
166470 93.5965
166480 93.6119
166490 93.6277
166500 93.6431
166510 93.6583
166520 93.7019
166530 93.7853
166540 93.8743
166550 93.9279
166560 93.9546
166570 93.9574
166580 93.9052
166590 93.7991
166600 93.6917
166610 93.6239
166620 93.5912
166630 93.589
166640 93.6282
166650 93.6857
166660 93.7223
166670 93.7481
166680 93.7803
166690 93.8195
166700 93.8556
166710 93.8942
166720 93.9501
166730 94.029
166740 94.1223
166750 94.1961
166760 94.2309
166770 94.244
166780 94.2726
166790 94.2972
166800 94.2936
166810 94.2895
166820 94.294
166830 94.2571
166840 94.169
166850 94.0716
166860 94.0069
166870 93.978
166880 93.9437
166890 93.8883
166900 93.8108
166910 93.7583
166920 93.7574
166930 93.791
166940 93.839
166950 93.8878
166960 93.9073
166970 93.8872
166980 93.8677
166990 93.8673
167000 93.8844
167010 93.9134
167020 93.9379
167030 93.9424
167040 93.9089
167050 93.8511
167060 93.7823
167070 93.6997
167080 93.6252
167090 93.5963
167100 93.606
167110 93.6342
167120 93.6776
167130 93.759
167140 93.8603
167150 93.9382
167160 93.9621
167170 93.9143
167180 93.8133
167190 93.6999
167200 93.6152
167210 93.5969
167220 93.647
167230 93.7501
167240 93.8837
167250 94.007
167260 94.0982
167270 94.1735
167280 94.2408
167290 94.2982
167300 94.3361
167310 94.3395
167320 94.3215
167330 94.3083
167340 94.3106
167350 94.311
167360 94.3002
167370 94.3023
167380 94.323
167390 94.3482
167400 94.3786
167410 94.4153
167420 94.4228
167430 94.3443
167440 94.2148
167450 94.078
167460 93.9727
167470 93.8878
167480 93.7879
167490 93.6958
167500 93.6461
167510 93.6393
167520 93.6498
167530 93.6886
167540 93.7748
167550 93.893
167560 94.0302
167570 94.167
167580 94.2671
167590 94.316
167600 94.3417
167610 94.378
167620 94.4042
167630 94.4179
167640 94.435
167650 94.4698
167660 94.5167
167670 94.5379
167680 94.5014
167690 94.4254
167700 94.3592
167710 94.3487
167720 94.3969
167730 94.4932
167740 94.6423
167750 94.8407
167760 95.0535
167770 95.2346
167780 95.3782
167790 95.4962
167800 95.5678
167810 95.5799
167820 95.5616
167830 95.5314
167840 95.4776
167850 95.4189
167860 95.4055
167870 95.4567
167880 95.5517
167890 95.631
167900 95.6684
167910 95.6669
167920 95.6394
167930 95.5856
167940 95.482
167950 95.3217
167960 95.1319
167970 94.9731
167980 94.8959
167990 94.8892
168000 94.8949
168010 94.8756
168020 94.8321
168030 94.7748
168040 94.6974
168050 94.5999
168060 94.4887
168070 94.3888
168080 94.3397
168090 94.3337
168100 94.3487
168110 94.3846
168120 94.4373
168130 94.4829
168140 94.51
168150 94.5273
168160 94.5234
168170 94.4856
168180 94.4339
168190 94.3921
168200 94.3589
168210 94.3286
168220 94.3031
168230 94.2756
168240 94.2499
168250 94.2294
168260 94.2102
168270 94.2089
168280 94.2403
168290 94.3021
168300 94.3589
168310 94.4039
168320 94.4869
168330 94.6286
168340 94.7711
168350 94.8796
168360 94.9604
168370 95.0435
168380 95.1104
168390 95.1528
168400 95.1924
168410 95.2496
168420 95.3248
168430 95.3872
168440 95.4032
168450 95.3753
168460 95.3244
168470 95.2692
168480 95.2031
168490 95.1284
168500 95.0616
168510 95.014
168520 94.9737
168530 94.9564
168540 94.9825
168550 95.0211
168560 95.0404
168570 95.0683
168580 95.1173
168590 95.1678
168600 95.2188
168610 95.2629
168620 95.2856
168630 95.2981
168640 95.3205
168650 95.3349
168660 95.2884
168670 95.1781
168680 95.0716
168690 94.9919
168700 94.9251
168710 94.8962
168720 94.9063
168730 94.8996
168740 94.8587
168750 94.8236
168760 94.8257
168770 94.8351
168780 94.8033
168790 94.7178
168800 94.602
168810 94.4813
168820 94.3779
168830 94.2822
168840 94.1662
168850 94.0509
168860 93.9477
168870 93.8502
168880 93.771
168890 93.7458
168900 93.754
168910 93.7475
168920 93.7187
168930 93.6857
168940 93.651
168950 93.6266
168960 93.6391
168970 93.6903
168980 93.7633
168990 93.8442
169000 93.9039
169010 93.9212
169020 93.9308
169030 93.9741
169040 94.0266
169050 94.0424
169060 94.029
169070 93.9987
169080 93.927
169090 93.8304
169100 93.7828
169110 93.8149
169120 93.8985
169130 93.9964
169140 94.0835
169150 94.158
169160 94.2075
169170 94.2047
169180 94.1545
169190 94.09
169200 94.0194
169210 93.9611
169220 93.9398
169230 93.9642
169240 94.0412
169250 94.1842
169260 94.3761
169270 94.5579
169280 94.6993
169290 94.7928
169300 94.8193
169310 94.789
169320 94.7535
169330 94.7476
169340 94.7734
169350 94.8057
169360 94.8234
169370 94.8092
169380 94.7563
169390 94.6857
169400 94.6055
169410 94.4887
169420 94.3549
169430 94.2321
169440 94.121
169450 94.0345
169460 94.0229
169470 94.07
169480 94.0903
169490 94.0346
169500 93.9496
169510 93.9105
169520 93.919
169530 93.9472
169540 93.9982
169550 94.0791
169560 94.1533
169570 94.2034
169580 94.2463
169590 94.3005
169600 94.3442
169610 94.3299
169620 94.2412
169630 94.1206
169640 94.003
169650 93.8656
169660 93.7402
169670 93.6675
169680 93.6572
169690 93.6786
169700 93.7036
169710 93.7195
169720 93.7262
169730 93.7156
169740 93.6606
169750 93.5658
169760 93.4739
169770 93.414
169780 93.3746
169790 93.3327
169800 93.2966
169810 93.271
169820 93.2766
169830 93.326
169840 93.3998
169850 93.4708
169860 93.5458
169870 93.6303
169880 93.6928
169890 93.7174
169900 93.7175
169910 93.7062
169920 93.6855
169930 93.6767
169940 93.687
169950 93.6859
169960 93.6452
169970 93.5753
169980 93.4953
169990 93.4164
170000 93.3442
170010 93.2864
170020 93.2572
170030 93.2328
170040 93.1924
170050 93.1337
170060 93.0766
170070 93.0149
170080 92.8972
170090 92.7222
170100 92.5484
170110 92.4291
170120 92.3977
170130 92.4769
170140 92.625
170150 92.7859
170160 92.9392
170170 93.0731
170180 93.1321
170190 93.0889
170200 92.9842
170210 92.8679
170220 92.7753
170230 92.7172
170240 92.6977
170250 92.7376
170260 92.8165
170270 92.8935
170280 92.944
170290 92.9414
170300 92.8903
170310 92.823
170320 92.756
170330 92.6861
170340 92.6021
170350 92.5223
170360 92.4641
170370 92.4162
170380 92.3545
170390 92.2891
170400 92.2353
170410 92.1795
170420 92.12
170430 92.082
170440 92.0843
170450 92.1186
170460 92.1641
170470 92.1891
170480 92.2176
170490 92.2816
170500 92.3378
170510 92.3515
170520 92.3523
170530 92.3939
170540 92.4755
170550 92.5584
170560 92.6189
170570 92.6575
170580 92.6843
170590 92.7236
170600 92.7798
170610 92.8389
170620 92.8856
170630 92.9265
170640 92.9541
170650 92.9303
170660 92.8814
170670 92.8597
170680 92.8753
170690 92.8952
170700 92.9183
170710 92.9825
170720 93.0939
170730 93.2279
170740 93.3256
170750 93.3325
170760 93.2926
170770 93.2781
170780 93.2668
170790 93.2174
170800 93.1503
170810 93.1241
170820 93.1373
170830 93.1636
170840 93.2108
170850 93.2821
170860 93.3497
170870 93.3769
170880 93.3559
170890 93.3034
170900 93.2438
170910 93.2096
170920 93.2123
170930 93.2344
170940 93.2625
170950 93.2929
170960 93.3002
170970 93.2598
170980 93.1851
170990 93.0899
171000 93.0011
171010 92.941
171020 92.9035
171030 92.8699
171040 92.8566
171050 92.8765
171060 92.9117
171070 92.9678
171080 93.0347
171090 93.098
171100 93.1509
171110 93.1816
171120 93.1762
171130 93.1656
171140 93.1849
171150 93.2355
171160 93.296
171170 93.3629
171180 93.4417
171190 93.5433
171200 93.649
171210 93.7453
171220 93.8546
171230 93.9744
171240 94.0616
171250 94.0922
171260 94.1044
171270 94.1367
171280 94.2014
171290 94.2805
171300 94.3243
171310 94.2858
171320 94.2011
171330 94.1194
171340 94.0282
171350 93.9188
171360 93.8385
171370 93.8079
171380 93.8346
171390 93.8973
171400 93.966
171410 94.03
171420 94.1031
171430 94.1668
171440 94.1696
171450 94.1125
171460 94.0397
171470 93.9697
171480 93.8823
171490 93.7671
171500 93.6479
171510 93.5446
171520 93.4645
171530 93.4073
171540 93.3738
171550 93.3839
171560 93.4181
171570 93.446
171580 93.4752
171590 93.5
171600 93.4933
171610 93.4363
171620 93.3321
171630 93.2351
171640 93.1835
171650 93.1656
171660 93.1494
171670 93.1183
171680 93.0851
171690 93.0758
171700 93.0795
171710 93.0699
171720 93.0293
171730 92.9547
171740 92.8731
171750 92.8297
171760 92.844
171770 92.8796
171780 92.9292
171790 93.0125
171800 93.1191
171810 93.2022
171820 93.2272
171830 93.2172
171840 93.2214
171850 93.2369
171860 93.2263
171870 93.1813
171880 93.1372
171890 93.0982
171900 93.0606
171910 93.0274
171920 92.9832
171930 92.9033
171940 92.8015
171950 92.7083
171960 92.6326
171970 92.5835
171980 92.5619
171990 92.5579
172000 92.5554
172010 92.5516
172020 92.5511
172030 92.5518
172040 92.55
172050 92.541
172060 92.5358
172070 92.566
172080 92.6657
172090 92.8148
172100 92.9709
172110 93.1409
172120 93.3331
172130 93.4771
172140 93.5325
172150 93.5108
172160 93.4233
172170 93.3027
172180 93.2138
172190 93.2096
172200 93.2599
172210 93.3146
172220 93.3581
172230 93.3929
172240 93.4358
172250 93.4784
172260 93.5079
172270 93.5088
172280 93.4822
172290 93.4624
172300 93.4838
172310 93.5335
172320 93.5899
172330 93.6313
172340 93.6506
172350 93.6585
172360 93.6726
172370 93.6814
172380 93.6441
172390 93.5345
172400 93.3679
172410 93.1759
172420 93.0183
172430 92.9588
172440 93.0134
172450 93.1257
172460 93.248
172470 93.3535
172480 93.4292
172490 93.4977
172500 93.5735
172510 93.6441
172520 93.6912
172530 93.7179
172540 93.7382
172550 93.7562
172560 93.7883
172570 93.8303
172580 93.8637
172590 93.9047
172600 93.987
172610 94.078
172620 94.0935
172630 94.0517
172640 94.0209
172650 93.9875
172660 93.9094
172670 93.8045
172680 93.7224
172690 93.654
172700 93.5922
172710 93.5921
172720 93.6669
172730 93.7424
172740 93.7717
172750 93.7707
172760 93.7336
172770 93.6397
172780 93.518
172790 93.4228
172800 93.3687
172810 93.3291
172820 93.323
172830 93.3577
172840 93.4065
172850 93.4433
172860 93.4702
172870 93.4859
172880 93.4924
172890 93.4709
172900 93.3989
172910 93.2954
172920 93.2192
172930 93.1961
172940 93.2153
172950 93.2675
172960 93.3615
172970 93.4902
172980 93.6247
172990 93.7543
173000 93.8639
173010 93.9096
173020 93.8636
173030 93.7405
173040 93.5901
173050 93.4494
173060 93.3275
173070 93.2331
173080 93.2053
173090 93.249
173100 93.3257
173110 93.4013
173120 93.47
173130 93.514
173140 93.5242
173150 93.5426
173160 93.5766
173170 93.6033
173180 93.642
173190 93.7074
173200 93.7907
173210 93.8595
173220 93.8957
173230 93.8989
173240 93.8738
173250 93.7868
173260 93.6254
173270 93.428
173280 93.2265
173290 93.0259
173300 92.8339
173310 92.702
173320 92.6766
173330 92.7232
173340 92.7974
173350 92.8732
173360 92.9455
173370 93.0097
173380 93.058
173390 93.0962
173400 93.1272
173410 93.1558
173420 93.199
173430 93.2348
173440 93.2355
173450 93.1904
173460 93.1052
173470 93.0309
173480 92.9831
173490 92.944
173500 92.9247
173510 92.9535
173520 92.9986
173530 93.0326
173540 93.0671
173550 93.1038
173560 93.0957
173570 93.0507
173580 93.0119
173590 92.9876
173600 92.9795
173610 92.9838
173620 92.9923
173630 92.9811
173640 92.9257
173650 92.8307
173660 92.7037
173670 92.5449
173680 92.3745
173690 92.2423
173700 92.1469
173710 92.0719
173720 91.9965
173730 91.9029
173740 91.8022
173750 91.7212
173760 91.6799
173770 91.6891
173780 91.7199
173790 91.7445
173800 91.7673
173810 91.788
173820 91.7816
173830 91.7277
173840 91.6802
173850 91.6805
173860 91.7028
173870 91.7408
173880 91.8039
173890 91.8837
173900 91.9474
173910 91.9844
173920 92.0063
173930 92.0277
173940 92.0607
173950 92.092
173960 92.1185
173970 92.1228
173980 92.0747
173990 91.9785
174000 91.8368
174010 91.6747
174020 91.5477
174030 91.4814
174040 91.4573
174050 91.4219
174060 91.3562
174070 91.3176
174080 91.3433
174090 91.4071
174100 91.4387
174110 91.4189
174120 91.369
174130 91.3034
174140 91.2445
174150 91.2149
174160 91.1955
174170 91.1724
174180 91.1572
174190 91.1488
174200 91.1332
174210 91.1393
174220 91.1829
174230 91.2256
174240 91.2305
174250 91.1956
174260 91.129
174270 91.0505
174280 90.9789
174290 90.9272
174300 90.9068
174310 90.9034
174320 90.9234
174330 90.9709
174340 91.01
174350 91.0132
174360 90.9936
174370 90.9944
174380 91.0338
174390 91.1083
174400 91.2229
174410 91.3647
174420 91.4866
174430 91.5876
174440 91.7027
174450 91.8182
174460 91.8967
174470 91.9186
174480 91.9072
174490 91.8957
174500 91.8753
174510 91.8447
174520 91.8136
174530 91.7777
174540 91.7277
174550 91.6665
174560 91.6084
174570 91.5937
174580 91.6597
174590 91.7936
174600 91.9478
174610 92.0835
174620 92.1826
174630 92.2551
174640 92.3142
174650 92.3937
174660 92.5024
174670 92.6315
174680 92.7863
174690 92.9817
174700 93.1713
174710 93.2912
174720 93.3484
174730 93.3867
174740 93.4247
174750 93.4467
174760 93.4513
174770 93.4646
174780 93.5122
174790 93.611
174800 93.748
174810 93.8801
174820 93.9775
174830 94.0599
174840 94.1426
174850 94.175
174860 94.1452
174870 94.072
174880 93.9771
174890 93.8541
174900 93.7112
174910 93.596
174920 93.5357
174930 93.5098
174940 93.4862
174950 93.4574
174960 93.4433
174970 93.4335
174980 93.4
174990 93.3643
175000 93.3542
175010 93.3405
175020 93.3068
175030 93.2932
175040 93.291
175050 93.2602
175060 93.2093
175070 93.1698
175080 93.1204
175090 93.0326
175100 92.8893
175110 92.7108
175120 92.5563
175130 92.4765
175140 92.4641
175150 92.4808
175160 92.4929
175170 92.5007
175180 92.51
175190 92.5205
175200 92.5368
175210 92.5648
175220 92.5981
175230 92.63
175240 92.6665
175250 92.7218
175260 92.7765
175270 92.7921
175280 92.7391
175290 92.617
175300 92.4448
175310 92.2806
175320 92.16
175330 92.0815
175340 92.0417
175350 92.0405
175360 92.0598
175370 92.0828
175380 92.0836
175390 92.0228
175400 91.9025
175410 91.7577
175420 91.6238
175430 91.5311
175440 91.4966
175450 91.5276
175460 91.6088
175470 91.7144
175480 91.8177
175490 91.8895
175500 91.9164
175510 91.9376
175520 91.9857
175530 92.0505
175540 92.1025
175550 92.17
175560 92.2656
175570 92.3566
175580 92.4295
175590 92.4881
175600 92.5091
175610 92.4823
175620 92.4471
175630 92.4421
175640 92.4514
175650 92.4263
175660 92.3475
175670 92.2444
175680 92.1714
175690 92.1396
175700 92.1339
175710 92.1549
175720 92.1713
175730 92.1736
175740 92.1989
175750 92.2667
175760 92.3409
175770 92.3911
175780 92.4253
175790 92.4496
175800 92.4312
175810 92.3403
175820 92.1756
175830 91.9715
175840 91.786
175850 91.6559
175860 91.58
175870 91.5391
175880 91.5417
175890 91.6028
175900 91.6715
175910 91.6905
175920 91.6886
175930 91.7123
175940 91.7618
175950 91.799
175960 91.7952
175970 91.7504
175980 91.6938
175990 91.6569
176000 91.6449
176010 91.6504
176020 91.6737
176030 91.7172
176040 91.7832
176050 91.8849
176060 92.0024
176070 92.1054
176080 92.1926
176090 92.2568
176100 92.2846
176110 92.2742
176120 92.249
176130 92.2317
176140 92.2093
176150 92.1718
176160 92.1498
176170 92.1635
176180 92.1812
176190 92.1484
176200 92.0558
176210 91.9322
176220 91.795
176230 91.688
176240 91.6384
176250 91.6269
176260 91.6028
176270 91.5701
176280 91.5649
176290 91.578
176300 91.6013
176310 91.6515
176320 91.7265
176330 91.8128
176340 91.8823
176350 91.9056
176360 91.902
176370 91.8938
176380 91.8643
176390 91.7865
176400 91.6879
176410 91.6237
176420 91.6272
176430 91.6752
176440 91.7018
176450 91.6742
176460 91.6094
176470 91.5225
176480 91.4411
176490 91.4081
176500 91.4397
176510 91.4839
176520 91.4955
176530 91.4773
176540 91.4097
176550 91.3082
176560 91.1973
176570 91.0851
176580 90.9826
176590 90.9119
176600 90.8852
176610 90.8991
176620 90.9325
176630 90.9586
176640 90.978
176650 91.0182
176660 91.0715
176670 91.0759
176680 91.0057
176690 90.8961
176700 90.7679
176710 90.6311
176720 90.5352
176730 90.5101
176740 90.5426
176750 90.6063
176760 90.6516
176770 90.6798
176780 90.7366
176790 90.8076
176800 90.8435
176810 90.8325
176820 90.812
176830 90.8031
176840 90.8109
176850 90.8474
176860 90.9046
176870 90.96
176880 90.9969
176890 91.0236
176900 91.0368
176910 91.0099
176920 90.9422
176930 90.8878
176940 90.8738
176950 90.8715
176960 90.8731
176970 90.8879
176980 90.9113
176990 90.9012
177000 90.8475
177010 90.7953
177020 90.7765
177030 90.7972
177040 90.8608
177050 90.9496
177060 91.0639
177070 91.204
177080 91.3224
177090 91.3957
177100 91.4515
177110 91.4845
177120 91.4569
177130 91.3753
177140 91.3211
177150 91.3282
177160 91.3688
177170 91.4344
177180 91.5208
177190 91.5726
177200 91.5668
177210 91.5389
177220 91.5202
177230 91.5012
177240 91.482
177250 91.4979
177260 91.5631
177270 91.6326
177280 91.6873
177290 91.7345
177300 91.7457
177310 91.7268
177320 91.7259
177330 91.744
177340 91.7693
177350 91.8152
177360 91.8831
177370 91.9417
177380 91.9594
177390 91.9675
177400 91.9885
177410 92.0142
177420 92.0334
177430 92.0493
177440 92.0681
177450 92.1244
177460 92.2477
177470 92.3821
177480 92.4649
177490 92.4893
177500 92.475
177510 92.4324
177520 92.3908
177530 92.3354
177540 92.251
177550 92.1683
177560 92.1403
177570 92.1229
177580 92.0715
177590 92.0337
177600 92.0274
177610 92.0159
177620 91.9709
177630 91.921
177640 91.8808
177650 91.8501
177660 91.8436
177670 91.8431
177680 91.7942
177690 91.7116
177700 91.6447
177710 91.6021
177720 91.5862
177730 91.6273
177740 91.7115
177750 91.8171
177760 91.9343
177770 92.0283
177780 92.0607
177790 92.033
177800 91.9726
177810 91.9046
177820 91.8354
177830 91.7817
177840 91.7493
177850 91.7434
177860 91.7772
177870 91.8452
177880 91.9141
177890 91.9668
177900 92.0169
177910 92.0716
177920 92.1014
177930 92.0731
177940 92.0118
177950 91.9525
177960 91.8797
177970 91.7909
177980 91.7048
177990 91.6362
178000 91.5808
178010 91.5255
178020 91.4674
178030 91.4258
178040 91.4347
178050 91.4633
178060 91.4613
178070 91.4334
178080 91.4049
178090 91.388
178100 91.3866
178110 91.3988
178120 91.432
178130 91.4883
178140 91.5412
178150 91.557
178160 91.55
178170 91.5418
178180 91.5652
178190 91.5994
178200 91.6361
178210 91.6893
178220 91.7536
178230 91.8145
178240 91.8641
178250 91.9173
178260 91.9519
178270 91.9412
178280 91.9125
178290 91.9161
178300 91.9683
178310 92.047
178320 92.1218
178330 92.1716
178340 92.1957
178350 92.2171
178360 92.231
178370 92.2302
178380 92.2178
178390 92.2091
178400 92.1979
178410 92.1783
178420 92.1552
178430 92.1088
178440 92.0213
178450 91.9321
178460 91.8636
178470 91.817
178480 91.7898
178490 91.7527
178500 91.6732
178510 91.558
178520 91.4422
178530 91.3311
178540 91.2031
178550 91.0638
178560 90.9662
178570 90.9374
178580 90.9561
178590 91.0003
178600 91.0807
178610 91.1705
178620 91.2398
178630 91.2842
178640 91.3249
178650 91.3902
178660 91.4749
178670 91.5583
178680 91.6354
178690 91.7151
178700 91.7712
178710 91.7686
178720 91.7247
178730 91.6711
178740 91.6461
178750 91.6519
178760 91.6826
178770 91.7303
178780 91.7909
178790 91.8443
178800 91.8913
178810 91.9242
178820 91.9284
178830 91.9053
178840 91.856
178850 91.8021
178860 91.7604
178870 91.7458
178880 91.7644
178890 91.8192
178900 91.9113
178910 91.9882
178920 92.0064
178930 91.9793
178940 91.9246
178950 91.8592
178960 91.7901
178970 91.722
178980 91.6685
178990 91.6361
179000 91.6272
179010 91.5996
179020 91.5208
179030 91.4314
179040 91.3723
179050 91.3558
179060 91.3836
179070 91.4589
179080 91.5659
179090 91.6879
179100 91.8207
179110 91.932
179120 91.9935
179130 92.0092
179140 91.9899
179150 91.9468
179160 91.8954
179170 91.8751
179180 91.88
179190 91.8643
179200 91.8411
179210 91.848
179220 91.8722
179230 91.8972
179240 91.9262
179250 91.9491
179260 91.9402
179270 91.9019
179280 91.8556
179290 91.8412
179300 91.8671
179310 91.9121
179320 91.9474
179330 91.9589
179340 91.9504
179350 91.9338
179360 91.9177
179370 91.8843
179380 91.8633
179390 91.8931
179400 91.9538
179410 92.0078
179420 92.0616
179430 92.1158
179440 92.1395
179450 92.1128
179460 92.0427
179470 91.9452
179480 91.8323
179490 91.7098
179500 91.6003
179510 91.5418
179520 91.545
179530 91.5816
179540 91.6212
179550 91.657
179560 91.6873
179570 91.7034
179580 91.7046
179590 91.6894
179600 91.6526
179610 91.6133
179620 91.6053
179630 91.6186
179640 91.6081
179650 91.5337
179660 91.4223
179670 91.3027
179680 91.1661
179690 91.0142
179700 90.8686
179710 90.7612
179720 90.6752
179730 90.6112
179740 90.5982
179750 90.6288
179760 90.6651
179770 90.692
179780 90.7094
179790 90.7121
179800 90.698
179810 90.703
179820 90.7614
179830 90.8568
179840 90.9561
179850 91.072
179860 91.1818
179870 91.2264
179880 91.2148
179890 91.185
179900 91.1649
179910 91.1625
179920 91.1641
179930 91.1683
179940 91.1906
179950 91.2381
179960 91.3081
179970 91.3867
179980 91.4652
179990 91.5328
180000 91.565
180010 91.5615
180020 91.5622
180030 91.602
180040 91.6533
180050 91.6861
180060 91.7135
180070 91.746
180080 91.7774
180090 91.805
180100 91.84
180110 91.8648
180120 91.861
180130 91.8496
180140 91.8505
180150 91.8704
180160 91.9
180170 91.9331
180180 91.9561
180190 91.9724
180200 91.9777
180210 91.9432
180220 91.8789
180230 91.8292
180240 91.8052
180250 91.8048
180260 91.8514
180270 91.9208
180280 91.9458
180290 91.9088
180300 91.8749
180310 91.8631
180320 91.8443
180330 91.8458
180340 91.8768
180350 91.8998
180360 91.8773
180370 91.8234
180380 91.7659
180390 91.7315
180400 91.7262
180410 91.7258
180420 91.718
180430 91.7104
180440 91.7116
180450 91.6996
180460 91.6649
180470 91.6181
180480 91.5642
180490 91.4908
180500 91.4097
180510 91.3325
180520 91.2666
180530 91.2065
180540 91.1803
180550 91.1774
180560 91.1572
180570 91.1181
180580 91.0532
180590 90.954
180600 90.841
180610 90.7424
180620 90.6458
180630 90.5377
180640 90.4342
180650 90.3214
180660 90.187
180670 90.0661
180680 90.0068
180690 90.0109
180700 90.0599
180710 90.1443
180720 90.2522
180730 90.3502
180740 90.4098
180750 90.435
180760 90.4365
180770 90.4579
180780 90.5362
180790 90.6364
180800 90.7113
180810 90.752
180820 90.7528
180830 90.7317
180840 90.7185
180850 90.6992
180860 90.6446
180870 90.57
180880 90.5124
180890 90.4803
180900 90.4394
180910 90.397
180920 90.386
180930 90.4204
180940 90.4921
180950 90.5677
180960 90.6113
180970 90.6383
180980 90.6702
180990 90.7049
181000 90.7289
181010 90.7531
181020 90.7648
181030 90.7736
181040 90.8433
181050 90.9765
181060 91.1073
181070 91.1915
181080 91.265
181090 91.3534
181100 91.4332
181110 91.4839
181120 91.5106
181130 91.5421
181140 91.5987
181150 91.656
181160 91.6763
181170 91.6931
181180 91.7446
181190 91.7966
181200 91.8264
181210 91.8492
181220 91.8525
181230 91.7936
181240 91.6948
181250 91.6141
181260 91.5685
181270 91.548
181280 91.5491
181290 91.5629
181300 91.5932
181310 91.638
181320 91.6832
181330 91.7049
181340 91.7204
181350 91.761
181360 91.8329
181370 91.9178
181380 92.0071
181390 92.0923
181400 92.1274
181410 92.1038
181420 92.0651
181430 92.0222
181440 91.9567
181450 91.8952
181460 91.8617
181470 91.8511
181480 91.8634
181490 91.904
181500 91.9415
181510 91.9532
181520 91.9568
181530 91.9678
181540 91.9655
181550 91.9657
181560 92.005
181570 92.0573
181580 92.0891
181590 92.13
181600 92.2043
181610 92.2631
181620 92.2757
181630 92.2718
181640 92.2648
181650 92.2255
181660 92.1493
181670 92.0581
181680 91.9335
181690 91.7673
181700 91.5984
181710 91.4653
181720 91.3625
181730 91.2751
181740 91.1755
181750 91.0473
181760 90.9204
181770 90.8542
181780 90.8837
181790 90.9698
181800 91.0546
181810 91.117
181820 91.1566
181830 91.1741
181840 91.1924
181850 91.2139
181860 91.2172
181870 91.2001
181880 91.1733
181890 91.1368
181900 91.1041
181910 91.101
181920 91.1103
181930 91.1163
181940 91.1009
181950 91.0303
181960 90.9296
181970 90.8537
181980 90.8041
181990 90.7317
182000 90.6208
182010 90.5092
182020 90.4382
182030 90.4164
182040 90.4468
182050 90.5249
182060 90.6242
182070 90.6985
182080 90.7321
182090 90.7318
182100 90.6874
182110 90.6085
182120 90.5423
182130 90.5174
182140 90.5365
182150 90.6078
182160 90.7301
182170 90.8499
182180 90.9333
182190 90.9857
182200 91.0032
182210 90.9941
182220 90.9778
182230 90.981
182240 91.0165
182250 91.0716
182260 91.1065
182270 91.1005
182280 91.0606
182290 90.9923
182300 90.9002
182310 90.8093
182320 90.7285
182330 90.672
182340 90.6275
182350 90.5702
182360 90.5199
182370 90.4945
182380 90.4785
182390 90.4351
182400 90.3738
182410 90.3522
182420 90.4067
182430 90.5042
182440 90.5884
182450 90.6434
182460 90.7137
182470 90.7943
182480 90.8476
182490 90.8774
182500 90.9054
182510 90.9626
182520 91.0591
182530 91.1663
182540 91.2268
182550 91.1984
182560 91.0958
182570 90.9724
182580 90.8896
182590 90.8848
182600 90.9181
182610 90.9162
182620 90.8602
182630 90.7798
182640 90.7003
182650 90.6241
182660 90.5631
182670 90.5372
182680 90.5674
182690 90.6614
182700 90.7857
182710 90.9077
182720 91.0187
182730 91.0895
182740 91.1135
182750 91.1194
182760 91.1476
182770 91.1937
182780 91.2062
182790 91.1992
182800 91.2421
182810 91.3603
182820 91.5221
182830 91.7033
182840 91.9108
182850 92.1236
182860 92.3024
182870 92.4425
182880 92.5447
182890 92.5685
182900 92.4917
182910 92.3634
182920 92.258
182930 92.2137
182940 92.2151
182950 92.2515
182960 92.3152
182970 92.3902
182980 92.4623
182990 92.5041
183000 92.4802
183010 92.401
183020 92.2938
183030 92.1649
183040 92.0189
183050 91.878
183060 91.7556
183070 91.6402
183080 91.5525
183090 91.5352
183100 91.5535
183110 91.5517
183120 91.5666
183130 91.6628
183140 91.8123
183150 91.9356
183160 92.0186
183170 92.0891
183180 92.1598
183190 92.2138
183200 92.2535
183210 92.2975
183220 92.3572
183230 92.4236
183240 92.4804
183250 92.5118
183260 92.5175
183270 92.5224
183280 92.539
183290 92.5625
183300 92.5988
183310 92.6453
183320 92.6838
183330 92.7156
183340 92.7619
183350 92.7809
183360 92.7352
183370 92.6854
183380 92.716
183390 92.8327
183400 92.9803
183410 93.1276
183420 93.2541
183430 93.354
183440 93.4529
183450 93.5501
183460 93.6186
183470 93.6597
183480 93.6921
183490 93.7244
183500 93.7711
183510 93.8367
183520 93.8774
183530 93.8727
183540 93.8487
183550 93.8334
183560 93.835
183570 93.8487
183580 93.852
183590 93.8479
183600 93.8517
183610 93.8643
183620 93.876
183630 93.8908
183640 93.9339
183650 94.0068
183660 94.0753
183670 94.1261
183680 94.1751
183690 94.2465
183700 94.3396
183710 94.4266
183720 94.4999
183730 94.5687
183740 94.6323
183750 94.6656
183760 94.6803
183770 94.6808
183780 94.6619
183790 94.6614
183800 94.7064
183810 94.7784
183820 94.8563
183830 94.926
183840 94.9615
183850 94.9118
183860 94.7694
183870 94.5931
183880 94.4799
183890 94.453
183900 94.4692
183910 94.5014
183920 94.539
183930 94.5813
183940 94.6232
183950 94.6656
183960 94.7073
183970 94.7261
183980 94.7011
183990 94.6342
184000 94.5625
184010 94.5435
184020 94.5849
184030 94.625
184040 94.6412
184050 94.6812
184060 94.7648
184070 94.8583
184080 94.9581
184090 95.0731
184100 95.1578
184110 95.2107
184120 95.2758
184130 95.4049
184140 95.5563
184150 95.6644
184160 95.6854
184170 95.6009
184180 95.4659
184190 95.3732
184200 95.3445
184210 95.3396
184220 95.3403
184230 95.3699
184240 95.4298
184250 95.4931
184260 95.5446
184270 95.572
184280 95.5805
184290 95.6026
184300 95.6501
184310 95.6855
184320 95.6941
184330 95.6788
184340 95.6406
184350 95.5943
184360 95.5692
184370 95.5628
184380 95.5692
184390 95.569
184400 95.5108
184410 95.4013
184420 95.2842
184430 95.182
184440 95.0873
184450 95.0157
184460 94.9855
184470 94.9977
184480 95.0308
184490 95.0498
184500 95.0568
184510 95.0687
184520 95.071
184530 95.0643
184540 95.0439
184550 95.0012
184560 94.9743
184570 94.9868
184580 95.0392
184590 95.1143
184600 95.1832
184610 95.2493
184620 95.3512
184630 95.4978
184640 95.6449
184650 95.7559
184660 95.8237
184670 95.8675
184680 95.8933
184690 95.905
184700 95.9165
184710 95.9484
184720 96.0106
184730 96.0644
184740 96.075
184750 96.0504
184760 96.0358
184770 96.0307
184780 96.0147
184790 96.0181
184800 96.0543
184810 96.0932
184820 96.1372
184830 96.2262
184840 96.3527
184850 96.4684
184860 96.5301
184870 96.5196
184880 96.4466
184890 96.34
184900 96.24
184910 96.1645
184920 96.0926
184930 96.0181
184940 95.9605
184950 95.9158
184960 95.8437
184970 95.7306
184980 95.6065
184990 95.4843
185000 95.3772
185010 95.3167
185020 95.3226
185030 95.3484
185040 95.3429
185050 95.3029
185060 95.2509
185070 95.2212
185080 95.2697
185090 95.3985
185100 95.5319
185110 95.6232
185120 95.7084
185130 95.8055
185140 95.8577
185150 95.852
185160 95.8355
185170 95.8195
185180 95.8208
185190 95.8827
185200 95.9908
185210 96.0853
185220 96.1249
185230 96.0993
185240 96.0427
185250 95.9733
185260 95.9443
185270 95.9848
185280 96.0491
185290 96.0835
185300 96.0505
185310 95.9589
185320 95.8419
185330 95.7407
185340 95.6599
185350 95.5798
185360 95.4957
185370 95.4222
185380 95.3861
185390 95.3812
185400 95.3566
185410 95.2875
185420 95.2037
185430 95.127
185440 95.0369
185450 94.9326
185460 94.8418
185470 94.8087
185480 94.862
185490 94.9676
185500 95.0531
185510 95.0862
185520 95.0654
185530 95.0255
185540 95.0046
185550 95.0183
185560 95.0524
185570 95.09
185580 95.1399
185590 95.1857
185600 95.2162
185610 95.2311
185620 95.2332
185630 95.2244
185640 95.2236
185650 95.2565
185660 95.3412
185670 95.4654
185680 95.598
185690 95.7151
185700 95.7893
185710 95.8145
185720 95.8019
185730 95.7956
185740 95.8267
185750 95.8838
185760 95.9521
185770 96.0394
185780 96.1455
185790 96.206
185800 96.1891
185810 96.1526
185820 96.1285
185830 96.0816
185840 96.0218
185850 95.9748
185860 95.9247
185870 95.8582
185880 95.8093
185890 95.787
185900 95.7775
185910 95.7946
185920 95.8245
185930 95.8458
185940 95.8552
185950 95.8319
185960 95.786
185970 95.7416
185980 95.7131
185990 95.6859
186000 95.6398
186010 95.571
186020 95.4823
186030 95.3835
186040 95.2872
186050 95.2123
186060 95.1651
186070 95.1404
186080 95.1263
186090 95.1409
186100 95.1922
186110 95.2646
186120 95.3317
186130 95.413
186140 95.5255
186150 95.6383
186160 95.7018
186170 95.7061
186180 95.6682
186190 95.6028
186200 95.5008
186210 95.3368
186220 95.1492
186230 95.0169
186240 94.9765
186250 94.9734
186260 94.9503
186270 94.9056
186280 94.8817
186290 94.8902
186300 94.8991
186310 94.8877
186320 94.8471
186330 94.7871
186340 94.7032
186350 94.5913
186360 94.4859
186370 94.4419
186380 94.4834
186390 94.5629
186400 94.631
186410 94.6715
186420 94.7092
186430 94.7593
186440 94.8315
186450 94.9266
186460 95.0338
186470 95.1507
186480 95.2557
186490 95.3093
186500 95.3166
186510 95.3024
186520 95.285
186530 95.2489
186540 95.1813
186550 95.1265
186560 95.1275
186570 95.1591
186580 95.1761
186590 95.1793
186600 95.1763
186610 95.1551
186620 95.1299
186630 95.1265
186640 95.1279
186650 95.1137
186660 95.0992
186670 95.1198
186680 95.1365
186690 95.1202
186700 95.095
186710 95.0605
186720 94.9833
186730 94.8638
186740 94.7611
186750 94.7136
186760 94.7094
186770 94.7173
186780 94.7307
186790 94.7444
186800 94.7517
186810 94.7616
186820 94.7818
186830 94.7835
186840 94.7523
186850 94.7247
186860 94.7523
186870 94.8487
186880 94.9671
186890 95.0714
186900 95.1854
186910 95.304
186920 95.411
186930 95.472
186940 95.4722
186950 95.4472
186960 95.4095
186970 95.3578
186980 95.3064
186990 95.2664
187000 95.2635
187010 95.2998
187020 95.3389
187030 95.3739
187040 95.3984
187050 95.4263
187060 95.4651
187070 95.5126
187080 95.5562
187090 95.5872
187100 95.612
187110 95.6466
187120 95.6873
187130 95.7119
187140 95.7509
187150 95.8301
187160 95.9224
187170 96.0233
187180 96.1485
187190 96.2878
187200 96.4125
187210 96.517
187220 96.5805
187230 96.582
187240 96.531
187250 96.4549
187260 96.3751
187270 96.3282
187280 96.337
187290 96.375
187300 96.4069
187310 96.4128
187320 96.3967
187330 96.3782
187340 96.3731
187350 96.3723
187360 96.3746
187370 96.3793
187380 96.3577
187390 96.3182
187400 96.3111
187410 96.3379
187420 96.3424
187430 96.326
187440 96.3057
187450 96.2958
187460 96.3058
187470 96.3125
187480 96.2778
187490 96.1923
187500 96.0806
187510 95.9837
187520 95.9188
187530 95.8789
187540 95.854
187550 95.8249
187560 95.8044
187570 95.8095
187580 95.8321
187590 95.8354
187600 95.8061
187610 95.7412
187620 95.666
187630 95.6246
187640 95.6259
187650 95.6419
187660 95.6695
187670 95.6995
187680 95.7059
187690 95.6918
187700 95.6818
187710 95.681
187720 95.6633
187730 95.629
187740 95.6007
187750 95.598
187760 95.6346
187770 95.6983
187780 95.7581
187790 95.7835
187800 95.7917
187810 95.8126
187820 95.8387
187830 95.8523
187840 95.8694
187850 95.9315
187860 96.0209
187870 96.102
187880 96.1665
187890 96.1947
187900 96.1842
187910 96.1753
187920 96.1527
187930 96.0804
187940 95.9553
187950 95.7972
187960 95.6425
187970 95.5289
187980 95.4551
187990 95.4187
188000 95.4
188010 95.378
188020 95.3663
188030 95.3538
188040 95.3292
188050 95.298
188060 95.2518
188070 95.2034
188080 95.1803
188090 95.171
188100 95.1494
188110 95.1252
188120 95.1313
188130 95.1627
188140 95.2064
188150 95.2679
188160 95.3401
188170 95.4093
188180 95.4704
188190 95.527
188200 95.5668
188210 95.5881
188220 95.5942
188230 95.5961
188240 95.5872
188250 95.5686
188260 95.5398
188270 95.4951
188280 95.4476
188290 95.4145
188300 95.3913
188310 95.3749
188320 95.3972
188330 95.4816
188340 95.5979
188350 95.7215
188360 95.8413
188370 95.9033
188380 95.8697
188390 95.7692
188400 95.6407
188410 95.5121
188420 95.4498
188430 95.4912
188440 95.5584
188450 95.6032
188460 95.662
188470 95.7489
188480 95.852
188490 95.976
188500 96.1078
188510 96.2225
188520 96.342
188530 96.4658
188540 96.5334
188550 96.5538
188560 96.5733
188570 96.5717
188580 96.498
188590 96.3659
188600 96.237
188610 96.129
188620 96.0465
188630 96.0201
188640 96.0635
188650 96.1472
188660 96.2415
188670 96.3108
188680 96.3365
188690 96.3154
188700 96.2516
188710 96.1645
188720 96.0964
188730 96.0814
188740 96.1394
188750 96.259
188760 96.4181
188770 96.5693
188780 96.6691
188790 96.7199
188800 96.7679
188810 96.8146
188820 96.8507
188830 96.8895
188840 96.9474
188850 97.0107
188860 97.0353
188870 97.0102
188880 96.9433
188890 96.8643
188900 96.8142
188910 96.8161
188920 96.8434
188930 96.8382
188940 96.814
188950 96.8008
188960 96.7967
188970 96.7914
188980 96.7716
188990 96.7393
189000 96.7116
189010 96.6894
189020 96.6739
189030 96.6825
189040 96.7002
189050 96.7097
189060 96.7079
189070 96.7319
189080 96.7708
189090 96.768
189100 96.7045
189110 96.5892
189120 96.4189
189130 96.2187
189140 96.0488
189150 95.942
189160 95.8758
189170 95.8187
189180 95.7755
189190 95.776
189200 95.8082
189210 95.8601
189220 95.9062
189230 95.9223
189240 95.8851
189250 95.806
189260 95.7246
189270 95.6747
189280 95.6628
189290 95.661
189300 95.6531
189310 95.6349
189320 95.6129
189330 95.5924
189340 95.5722
189350 95.5705
189360 95.6018
189370 95.6293
189380 95.628
189390 95.6471
189400 95.7281
189410 95.8313
189420 95.9256
189430 96.0011
189440 96.048
189450 96.0714
189460 96.0863
189470 96.1256
189480 96.2097
189490 96.3116
189500 96.4133
189510 96.5232
189520 96.6461
189530 96.7653
189540 96.8483
189550 96.8842
189560 96.8881
189570 96.8899
189580 96.8992
189590 96.8948
189600 96.8697
189610 96.839
189620 96.8213
189630 96.8108
189640 96.7811
189650 96.728
189660 96.6905
189670 96.6834
189680 96.6535
189690 96.5774
189700 96.5158
189710 96.54
189720 96.6313
189730 96.7331
189740 96.8616
189750 97.0417
189760 97.2476
189770 97.4132
189780 97.5085
189790 97.5459
189800 97.5271
189810 97.4534
189820 97.3414
189830 97.2232
189840 97.1165
189850 97.0381
189860 96.994
189870 96.9518
189880 96.8845
189890 96.8053
189900 96.7188
189910 96.6141
189920 96.5161
189930 96.4562
189940 96.4299
189950 96.4151
189960 96.394
189970 96.3624
189980 96.3376
189990 96.3247
190000 96.3165
190010 96.3035
190020 96.2784
190030 96.2533
190040 96.2437
190050 96.2337
190060 96.2087
190070 96.171
190080 96.1168
190090 96.0557
190100 96.0285
190110 96.0351
190120 96.0454
190130 96.0468
190140 96.0496
190150 96.0904
190160 96.1721
190170 96.2726
190180 96.3887
190190 96.4911
190200 96.5156
190210 96.442
190220 96.3438
190230 96.291
190240 96.2981
190250 96.3391
190260 96.367
190270 96.3947
190280 96.4222
190290 96.4106
190300 96.3614
190310 96.3113
190320 96.2723
190330 96.2624
190340 96.2879
190350 96.3163
190360 96.3491
190370 96.4077
190380 96.486
190390 96.5713
190400 96.6784
190410 96.787
190420 96.8296
190430 96.8063
190440 96.7628
190450 96.7132
190460 96.6564
190470 96.5632
190480 96.4243
190490 96.2697
190500 96.1197
190510 95.9977
190520 95.9292
190530 95.8932
190540 95.8546
190550 95.7959
190560 95.7067
190570 95.6018
190580 95.5074
190590 95.4469
190600 95.4102
190610 95.3625
190620 95.3135
190630 95.2843
190640 95.2792
190650 95.2847
190660 95.2969
190670 95.3236
190680 95.3845
190690 95.4723
190700 95.5579
190710 95.6426
190720 95.7216
190730 95.7815
190740 95.8328
190750 95.8817
190760 95.9023
190770 95.8977
190780 95.9011
190790 95.9045
190800 95.8519
190810 95.7307
190820 95.5869
190830 95.4643
190840 95.3883
190850 95.3785
190860 95.4114
190870 95.4588
190880 95.5023
190890 95.5203
190900 95.5063
190910 95.4581
190920 95.3856
190930 95.3324
190940 95.3362
190950 95.4013
190960 95.5077
190970 95.6567
190980 95.8302
190990 96.0013
191000 96.1465
191010 96.2514
191020 96.2825
191030 96.251
191040 96.214
191050 96.1959
191060 96.2052
191070 96.2308
191080 96.251
191090 96.2231
191100 96.1499
191110 96.0919
191120 96.0739
191130 96.0678
191140 96.0484
191150 96.0133
191160 95.9736
191170 95.9204
191180 95.8309
191190 95.7506
191200 95.7392
191210 95.7985
191220 95.8933
191230 96.0161
191240 96.1461
191250 96.2752
191260 96.396
191270 96.5188
191280 96.6515
191290 96.746
191300 96.7801
191310 96.777
191320 96.7579
191330 96.7064
191340 96.6183
191350 96.5246
191360 96.4589
191370 96.4401
191380 96.4444
191390 96.4411
191400 96.4196
191410 96.3861
191420 96.3368
191430 96.2929
191440 96.2873
191450 96.3182
191460 96.3389
191470 96.3189
191480 96.2548
191490 96.1744
191500 96.1049
191510 96.0502
191520 96.0139
191530 96.0093
191540 96.0443
191550 96.0956
191560 96.1004
191570 96.0558
191580 96.0081
191590 95.9949
191600 96.0078
191610 96.0119
191620 95.9917
191630 95.9461
191640 95.9105
191650 95.9107
191660 95.9312
191670 95.9594
191680 95.9961
191690 96.0425
191700 96.109
191710 96.174
191720 96.1776
191730 96.1168
191740 96.0537
191750 96.024
191760 96.0175
191770 96.0196
191780 96.0109
191790 95.9748
191800 95.9142
191810 95.8309
191820 95.7148
191830 95.5995
191840 95.5334
191850 95.5342
191860 95.5861
191870 95.6743
191880 95.7774
191890 95.8859
191900 96.0111
191910 96.1333
191920 96.2236
191930 96.2599
191940 96.2407
191950 96.1899
191960 96.1347
191970 96.1039
191980 96.1099
191990 96.1423
192000 96.193
192010 96.2543
192020 96.2993
192030 96.3216
192040 96.3506
192050 96.3793
192060 96.3902
192070 96.3728
192080 96.3385
192090 96.3157
192100 96.2914
192110 96.2424
192120 96.19
192130 96.1494
192140 96.1004
192150 96.0434
192160 96.0007
192170 95.994
192180 96.0366
192190 96.1092
192200 96.1798
192210 96.2527
192220 96.336
192230 96.4178
192240 96.517
192250 96.6375
192260 96.6976
192270 96.6544
192280 96.5515
192290 96.4626
192300 96.404
192310 96.3841
192320 96.424
192330 96.5028
192340 96.5959
192350 96.7123
192360 96.8307
192370 96.9281
192380 97.0068
192390 97.085
192400 97.1668
192410 97.2424
192420 97.3402
192430 97.4777
192440 97.6203
192450 97.731
192460 97.8132
192470 97.8538
192480 97.8508
192490 97.8577
192500 97.8854
192510 97.9002
192520 97.8993
192530 97.8882
192540 97.8792
192550 97.9014
192560 97.9653
192570 98.0336
192580 98.0957
192590 98.1554
192600 98.1917
192610 98.2045
192620 98.2176
192630 98.2043
192640 98.1418
192650 98.0793
192660 98.0584
192670 98.0432
192680 98.0223
192690 98.0246
192700 98.0631
192710 98.1127
192720 98.1682
192730 98.2345
192740 98.293
192750 98.3313
192760 98.3658
192770 98.4023
192780 98.4619
192790 98.5332
192800 98.5959
192810 98.6405
192820 98.6448
192830 98.5978
192840 98.5416
192850 98.5404
192860 98.6143
192870 98.7374
192880 98.8838
192890 99.0366
192900 99.1608
192910 99.2389
192920 99.2771
192930 99.2879
192940 99.2996
192950 99.3476
192960 99.4396
192970 99.5768
192980 99.7384
192990 99.8906
193000 99.9943
193010 100.057
193020 100.13
193030 100.221
193040 100.282
193050 100.296
193060 100.282
193070 100.237
193080 100.16
193090 100.077
193100 100.032
193110 100.036
193120 100.052
193130 100.044
193140 99.9985
193150 99.8934
193160 99.753
193170 99.641
193180 99.5713
193190 99.5211
193200 99.4839
193210 99.4628
193220 99.45
193230 99.4242
193240 99.3698
193250 99.3084
193260 99.241
193270 99.1756
193280 99.1444
193290 99.1419
193300 99.1291
193310 99.1038
193320 99.0861
193330 99.093
193340 99.1315
193350 99.158
193360 99.1592
193370 99.1568
193380 99.1231
193390 99.0282
193400 98.9158
193410 98.8751
193420 98.9134
193430 98.9477
193440 98.9354
193450 98.9078
193460 98.8721
193470 98.8138
193480 98.7586
193490 98.723
193500 98.6882
193510 98.638
193520 98.6064
193530 98.6234
193540 98.6813
193550 98.7679
193560 98.8617
193570 98.915
193580 98.8915
193590 98.8161
193600 98.7482
193610 98.7148
193620 98.722
193630 98.7624
193640 98.8054
193650 98.8235
193660 98.8125
193670 98.8312
193680 98.924
193690 99.0587
193700 99.1793
193710 99.2717
193720 99.3426
193730 99.3899
193740 99.4032
193750 99.371
193760 99.2973
193770 99.2067
193780 99.1266
193790 99.0724
193800 99.0281
193810 98.9791
193820 98.9391
193830 98.9319
193840 98.9309
193850 98.9095
193860 98.8764
193870 98.8463
193880 98.8356
193890 98.8426
193900 98.8473
193910 98.8491
193920 98.8546
193930 98.8469
193940 98.8475
193950 98.8984
193960 98.9901
193970 99.0992
193980 99.2014
193990 99.2794
194000 99.3146
194010 99.2953
194020 99.2763
194030 99.28
194040 99.2743
194050 99.2754
194060 99.3288
194070 99.4152
194080 99.5086
194090 99.6207
194100 99.754
194110 99.8707
194120 99.9415
194130 99.9871
194140 100.034
194150 100.096
194160 100.175
194170 100.236
194180 100.245
194190 100.228
194200 100.226
194210 100.249
194220 100.279
194230 100.284
194240 100.25
194250 100.189
194260 100.103
194270 99.97
194280 99.7771
194290 99.5669
194300 99.4145
194310 99.3343
194320 99.2867
194330 99.288
194340 99.3643
194350 99.4647
194360 99.4821
194370 99.3902
194380 99.2575
194390 99.1561
194400 99.1055
194410 99.0858
194420 99.0679
194430 99.0385
194440 99.0347
194450 99.116
194460 99.2866
194470 99.4754
194480 99.6205
194490 99.7183
194500 99.7811
194510 99.8043
194520 99.8306
194530 99.8366
194540 99.7741
194550 99.6496
194560 99.5166
194570 99.3934
194580 99.2927
194590 99.2394
194600 99.2302
194610 99.2403
194620 99.2782
194630 99.3851
194640 99.5638
194650 99.7811
194660 99.9989
194670 100.206
194680 100.367
194690 100.447
194700 100.479
194710 100.491
194720 100.472
194730 100.432
194740 100.396
194750 100.364
194760 100.335
194770 100.331
194780 100.351
194790 100.362
194800 100.339
194810 100.272
194820 100.194
194830 100.16
194840 100.176
194850 100.215
194860 100.282
194870 100.373
194880 100.456
194890 100.514
194900 100.531
194910 100.487
194920 100.388
194930 100.265
194940 100.15
194950 100.07
194960 100.034
194970 100.031
194980 100.04
194990 100.06
195000 100.088
195010 100.114
195020 100.13
195030 100.144
195040 100.136
195050 100.117
195060 100.131
195070 100.188
195080 100.276
195090 100.388
195100 100.509
195110 100.634
195120 100.763
195130 100.876
195140 100.957
195150 100.996
195160 100.996
195170 100.954
195180 100.877
195190 100.817
195200 100.793
195210 100.757
195220 100.695
195230 100.662
195240 100.677
195250 100.701
195260 100.712
195270 100.755
195280 100.831
195290 100.889
195300 100.937
195310 101.019
195320 101.134
195330 101.26
195340 101.384
195350 101.465
195360 101.48
195370 101.447
195380 101.393
195390 101.316
195400 101.238
195410 101.233
195420 101.324
195430 101.459
195440 101.576
195450 101.652
195460 101.692
195470 101.692
195480 101.653
195490 101.583
195500 101.504
195510 101.451
195520 101.449
195530 101.482
195540 101.513
195550 101.539
195560 101.554
195570 101.555
195580 101.547
195590 101.544
195600 101.561
195610 101.616
195620 101.692
195630 101.74
195640 101.722
195650 101.672
195660 101.641
195670 101.617
195680 101.58
195690 101.531
195700 101.501
195710 101.528
195720 101.593
195730 101.645
195740 101.668
195750 101.676
195760 101.683
195770 101.71
195780 101.753
195790 101.78
195800 101.786
195810 101.795
195820 101.824
195830 101.87
195840 101.925
195850 101.966
195860 101.976
195870 101.961
195880 101.944
195890 101.973
195900 102.054
195910 102.156
195920 102.268
195930 102.384
195940 102.489
195950 102.546
195960 102.542
195970 102.512
195980 102.488
195990 102.465
196000 102.442
196010 102.425
196020 102.415
196030 102.388
196040 102.334
196050 102.261
196060 102.198
196070 102.178
196080 102.209
196090 102.296
196100 102.412
196110 102.513
196120 102.591
196130 102.66
196140 102.727
196150 102.786
196160 102.807
196170 102.773
196180 102.738
196190 102.711
196200 102.659
196210 102.597
196220 102.588
196230 102.647
196240 102.731
196250 102.814
196260 102.898
196270 102.952
196280 102.978
196290 103.02
196300 103.073
196310 103.115
196320 103.124
196330 103.102
196340 103.109
196350 103.177
196360 103.289
196370 103.404
196380 103.508
196390 103.592
196400 103.639
196410 103.662
196420 103.689
196430 103.704
196440 103.656
196450 103.556
196460 103.48
196470 103.454
196480 103.456
196490 103.464
196500 103.476
196510 103.47
196520 103.435
196530 103.394
196540 103.345
196550 103.272
196560 103.222
196570 103.284
196580 103.438
196590 103.573
196600 103.658
196610 103.662
196620 103.568
196630 103.412
196640 103.254
196650 103.146
196660 103.09
196670 103.094
196680 103.151
196690 103.218
196700 103.251
196710 103.225
196720 103.129
196730 103.005
196740 102.894
196750 102.822
196760 102.786
196770 102.776
196780 102.813
196790 102.891
196800 102.962
196810 103.003
196820 103.037
196830 103.073
196840 103.092
196850 103.069
196860 103.02
196870 102.967
196880 102.936
196890 102.926
196900 102.916
196910 102.88
196920 102.803
196930 102.703
196940 102.614
196950 102.553
196960 102.556
196970 102.646
196980 102.763
196990 102.84
197000 102.872
197010 102.875
197020 102.843
197030 102.772
197040 102.656
197050 102.528
197060 102.458
197070 102.459
197080 102.474
197090 102.471
197100 102.48
197110 102.508
197120 102.508
197130 102.456
197140 102.406
197150 102.414
197160 102.493
197170 102.611
197180 102.742
197190 102.851
197200 102.924
197210 102.971
197220 102.988
197230 102.998
197240 103.024
197250 103.049
197260 103.056
197270 103.082
197280 103.156
197290 103.257
197300 103.362
197310 103.451
197320 103.5
197330 103.543
197340 103.596
197350 103.644
197360 103.68
197370 103.712
197380 103.772
197390 103.872
197400 103.96
197410 104.001
197420 103.989
197430 103.933
197440 103.863
197450 103.797
197460 103.74
197470 103.695
197480 103.688
197490 103.693
197500 103.66
197510 103.59
197520 103.531
197530 103.538
197540 103.613
197550 103.688
197560 103.729
197570 103.768
197580 103.796
197590 103.766
197600 103.673
197610 103.595
197620 103.581
197630 103.593
197640 103.616
197650 103.669
197660 103.723
197670 103.747
197680 103.759
197690 103.765
197700 103.748
197710 103.705
197720 103.652
197730 103.612
197740 103.592
197750 103.593
197760 103.609
197770 103.616
197780 103.626
197790 103.642
197800 103.659
197810 103.671
197820 103.662
197830 103.63
197840 103.607
197850 103.63
197860 103.692
197870 103.737
197880 103.76
197890 103.797
197900 103.86
197910 103.947
197920 104.046
197930 104.122
197940 104.15
197950 104.163
197960 104.204
197970 104.257
197980 104.277
197990 104.305
198000 104.366
198010 104.43
198020 104.49
198030 104.556
198040 104.633
198050 104.732
198060 104.855
198070 104.988
198080 105.128
198090 105.267
198100 105.4
198110 105.485
198120 105.483
198130 105.397
198140 105.279
198150 105.145
198160 105.024
198170 104.934
198180 104.883
198190 104.864
198200 104.828
198210 104.78
198220 104.747
198230 104.71
198240 104.643
198250 104.576
198260 104.571
198270 104.645
198280 104.753
198290 104.85
198300 104.929
198310 104.977
198320 104.96
198330 104.895
198340 104.811
198350 104.719
198360 104.66
198370 104.671
198380 104.743
198390 104.828
198400 104.925
198410 105.043
198420 105.154
198430 105.232
198440 105.277
198450 105.313
198460 105.33
198470 105.31
198480 105.253
198490 105.175
198500 105.1
198510 105.053
198520 105.033
198530 105.012
198540 104.968
198550 104.943
198560 104.954
198570 104.943
198580 104.856
198590 104.724
198600 104.597
198610 104.496
198620 104.421
198630 104.372
198640 104.356
198650 104.374
198660 104.379
198670 104.31
198680 104.174
198690 104.03
198700 103.914
198710 103.843
198720 103.83
198730 103.861
198740 103.902
198750 103.935
198760 103.966
198770 104.006
198780 104.044
198790 104.099
198800 104.199
198810 104.293
198820 104.317
198830 104.256
198840 104.158
198850 104.062
198860 103.994
198870 103.925
198880 103.85
198890 103.818
198900 103.827
198910 103.843
198920 103.847
198930 103.815
198940 103.757
198950 103.706
198960 103.691
198970 103.671
198980 103.611
198990 103.544
199000 103.534
199010 103.585
199020 103.644
199030 103.699
199040 103.762
199050 103.817
199060 103.856
199070 103.891
199080 103.943
199090 104.031
199100 104.127
199110 104.211
199120 104.303
199130 104.422
199140 104.533
199150 104.61
199160 104.672
199170 104.73
199180 104.753
199190 104.734
199200 104.672
199210 104.573
199220 104.479
199230 104.405
199240 104.374
199250 104.418
199260 104.534
199270 104.694
199280 104.851
199290 104.965
199300 104.996
199310 104.947
199320 104.848
199330 104.714
199340 104.575
199350 104.513
199360 104.549
199370 104.615
199380 104.668
199390 104.723
199400 104.785
199410 104.823
199420 104.843
199430 104.87
199440 104.919
199450 104.96
199460 104.964
199470 104.964
199480 104.987
199490 105.016
199500 105.039
199510 105.066
199520 105.061
199530 104.984
199540 104.878
199550 104.816
199560 104.795
199570 104.794
199580 104.785
199590 104.758
199600 104.708
199610 104.636
199620 104.561
199630 104.486
199640 104.416
199650 104.388
199660 104.409
199670 104.43
199680 104.422
199690 104.416
199700 104.408
199710 104.375
199720 104.351
199730 104.341
199740 104.322
199750 104.311
199760 104.364
199770 104.509
199780 104.689
199790 104.847
199800 104.98
199810 105.082
199820 105.132
199830 105.146
199840 105.152
199850 105.131
199860 105.073
199870 105.034
199880 105.027
199890 105.036
199900 105.089
199910 105.198
199920 105.301
199930 105.333
199940 105.275
199950 105.141
199960 104.934
199970 104.686
199980 104.463
199990 104.311
200000 104.245
