# Time-averaged data for fix msdw
# TimeStep c_mw[4]
0 3.77357e-13
10 0.0247058
20 0.071071
30 0.10001
40 0.112577
50 0.127125
60 0.149359
70 0.173146
80 0.198018
90 0.219743
100 0.239433
110 0.257946
120 0.277253
130 0.29667
140 0.31545
150 0.334455
160 0.353503
170 0.373361
180 0.392439
190 0.409291
200 0.424767
210 0.438627
220 0.451473
230 0.466195
240 0.482406
250 0.495444
260 0.506096
270 0.517848
280 0.526524
290 0.536238
300 0.548715
310 0.559487
320 0.564094
330 0.570588
340 0.580634
350 0.591631
360 0.601145
370 0.607566
380 0.615819
390 0.627802
400 0.635542
410 0.64145
420 0.648304
430 0.657065
440 0.666366
450 0.674247
460 0.682017
470 0.692087
480 0.702321
490 0.711141
500 0.717775
510 0.723313
520 0.730398
530 0.735909
540 0.738332
550 0.742331
560 0.748289
570 0.753699
580 0.75802
590 0.762968
600 0.771765
610 0.780195
620 0.786581
630 0.792063
640 0.797011
650 0.799258
660 0.800361
670 0.80482
680 0.813637
690 0.824057
700 0.833987
710 0.843173
720 0.851044
730 0.855148
740 0.859698
750 0.866352
760 0.871726
770 0.877299
780 0.882308
790 0.886871
800 0.893793
810 0.905099
820 0.914063
830 0.919331
840 0.926241
850 0.931553
860 0.934449
870 0.939585
880 0.944157
890 0.945271
900 0.946944
910 0.950646
920 0.953677
930 0.957205
940 0.960981
950 0.965135
960 0.971407
970 0.975915
980 0.982032
990 0.988271
1000 0.991069
1010 0.991866
1020 0.993715
1030 0.998978
1040 1.00334
1050 1.00547
1060 1.00782
1070 1.00885
1080 1.01236
1090 1.01708
1100 1.01923
1110 1.0201
1120 1.02333
1130 1.02596
1140 1.02637
1150 1.03035
1160 1.03729
1170 1.04151
1180 1.04357
1190 1.0461
1200 1.05301
1210 1.06008
1220 1.06592
1230 1.07058
1240 1.07669
1250 1.08249
1260 1.08749
1270 1.09401
1280 1.09955
1290 1.10249
1300 1.10728
1310 1.11166
1320 1.11298
1330 1.11084
1340 1.11187
1350 1.11862
1360 1.1247
1370 1.12683
1380 1.12893
1390 1.13199
1400 1.13434
1410 1.13555
1420 1.14006
1430 1.1458
1440 1.14812
1450 1.15394
1460 1.16042
1470 1.16086
1480 1.1641
1490 1.1716
1500 1.17721
1510 1.17968
1520 1.18275
1530 1.18654
1540 1.18819
1550 1.19201
1560 1.20145
1570 1.20992
1580 1.21442
1590 1.21557
1600 1.21725
1610 1.22206
1620 1.22487
1630 1.22567
1640 1.22487
1650 1.22703
1660 1.23321
1670 1.2381
1680 1.23697
1690 1.23702
1700 1.23943
1710 1.24304
1720 1.24629
1730 1.24655
1740 1.24577
1750 1.24773
1760 1.25016
1770 1.24565
1780 1.23975
1790 1.23739
1800 1.23989
1810 1.24204
1820 1.24106
1830 1.23958
1840 1.239
1850 1.24046
1860 1.24316
1870 1.24605
1880 1.24987
1890 1.25106
1900 1.25118
1910 1.25461
1920 1.26121
1930 1.26706
1940 1.27038
1950 1.26999
1960 1.26716
1970 1.26688
1980 1.27327
1990 1.28075
2000 1.28758
2010 1.29249
2020 1.29477
2030 1.29368
2040 1.29265
2050 1.2964
2060 1.29979
2070 1.29834
2080 1.29952
2090 1.30628
2100 1.31305
2110 1.31892
2120 1.32847
2130 1.33462
2140 1.33514
2150 1.33423
2160 1.34129
2170 1.35559
2180 1.36614
2190 1.37146
2200 1.37863
2210 1.38657
2220 1.39603
2230 1.40708
2240 1.41695
2250 1.42198
2260 1.42597
2270 1.43244
2280 1.43938
2290 1.44754
2300 1.45357
2310 1.45984
2320 1.46887
2330 1.47746
2340 1.48381
2350 1.49539
2360 1.50635
2370 1.51428
2380 1.52
2390 1.52661
2400 1.53306
2410 1.53775
2420 1.53791
2430 1.53768
2440 1.54338
2450 1.55372
2460 1.56104
2470 1.56285
2480 1.56017
2490 1.56302
2500 1.56951
2510 1.57128
2520 1.57024
2530 1.56753
2540 1.56736
2550 1.56839
2560 1.5655
2570 1.5624
2580 1.56085
2590 1.56376
2600 1.5694
2610 1.57783
2620 1.58308
2630 1.58539
2640 1.58958
2650 1.59695
2660 1.60188
2670 1.60231
2680 1.59827
2690 1.5955
2700 1.59659
2710 1.60162
2720 1.60691
2730 1.60881
2740 1.60211
2750 1.59499
2760 1.59563
2770 1.60288
2780 1.60852
2790 1.61148
2800 1.61695
2810 1.62002
2820 1.62208
2830 1.62555
2840 1.62796
2850 1.62915
2860 1.63461
2870 1.64379
2880 1.64899
2890 1.65178
2900 1.65385
2910 1.65826
2920 1.66505
2930 1.66896
2940 1.67129
2950 1.67552
2960 1.68113
2970 1.69241
2980 1.70447
2990 1.7137
3000 1.72181
3010 1.7264
3020 1.72895
3030 1.73158
3040 1.7399
3050 1.75212
3060 1.76113
3070 1.76425
3080 1.76845
3090 1.77318
3100 1.77468
3110 1.77455
3120 1.77834
3130 1.78821
3140 1.7981
3150 1.80645
3160 1.8108
3170 1.81731
3180 1.82775
3190 1.83253
3200 1.83324
3210 1.83951
3220 1.84808
3230 1.85276
3240 1.85752
3250 1.86209
3260 1.86723
3270 1.87456
3280 1.87503
3290 1.87118
3300 1.87203
3310 1.87908
3320 1.89013
3330 1.89844
3340 1.9042
3350 1.90896
3360 1.91288
3370 1.91602
3380 1.919
3390 1.91994
3400 1.92104
3410 1.92259
3420 1.92523
3430 1.9292
3440 1.93593
3450 1.94189
3460 1.94939
3470 1.96141
3480 1.97182
3490 1.97712
3500 1.98052
3510 1.98829
3520 1.9945
3530 1.99831
3540 2.00633
3550 2.02253
3560 2.03375
3570 2.03455
3580 2.03518
3590 2.03957
3600 2.04242
3610 2.04671
3620 2.05416
3630 2.06178
3640 2.067
3650 2.07237
3660 2.07911
3670 2.08315
3680 2.08874
3690 2.09694
3700 2.10502
3710 2.11186
3720 2.11298
3730 2.11088
3740 2.11329
3750 2.11998
3760 2.12936
3770 2.14087
3780 2.14837
3790 2.15126
3800 2.15142
3810 2.1547
3820 2.16215
3830 2.16674
3840 2.16451
3850 2.16746
3860 2.18065
3870 2.19122
3880 2.19658
3890 2.2012
3900 2.2045
3910 2.20425
3920 2.20635
3930 2.21185
3940 2.21503
3950 2.21751
3960 2.22192
3970 2.22459
3980 2.22558
3990 2.22776
4000 2.23144
4010 2.23706
4020 2.24424
4030 2.24471
4040 2.23682
4050 2.2336
4060 2.24191
4070 2.25076
4080 2.25146
4090 2.25326
4100 2.26211
4110 2.2681
4120 2.27271
4130 2.28079
4140 2.28739
4150 2.29242
4160 2.29665
4170 2.29845
4180 2.30506
4190 2.31509
4200 2.3186
4210 2.31744
4220 2.31776
4230 2.31957
4240 2.32165
4250 2.32408
4260 2.32525
4270 2.32609
4280 2.32814
4290 2.3316
4300 2.3288
4310 2.32758
4320 2.32789
4330 2.33391
4340 2.34272
4350 2.34553
4360 2.34794
4370 2.35349
4380 2.36205
4390 2.36875
4400 2.373
4410 2.37723
4420 2.38234
4430 2.3886
4440 2.39258
4450 2.39266
4460 2.39644
4470 2.4035
4480 2.40715
4490 2.40963
4500 2.40912
4510 2.4064
4520 2.40681
4530 2.41023
4540 2.41509
4550 2.42036
4560 2.42431
4570 2.42088
4580 2.41534
4590 2.41521
4600 2.41923
4610 2.42087
4620 2.42108
4630 2.42331
4640 2.427
4650 2.43398
4660 2.44118
4670 2.44421
4680 2.44349
4690 2.4476
4700 2.45586
4710 2.45858
4720 2.45684
4730 2.46127
4740 2.46637
4750 2.4696
4760 2.47864
4770 2.4867
4780 2.48708
4790 2.4847
4800 2.48321
4810 2.48175
4820 2.48352
4830 2.48386
4840 2.48304
4850 2.48025
4860 2.47421
4870 2.4692
4880 2.46717
4890 2.46338
4900 2.45956
4910 2.46085
4920 2.46984
4930 2.47501
4940 2.47232
4950 2.47484
4960 2.48186
4970 2.48408
4980 2.48059
4990 2.47488
5000 2.47427
5010 2.48053
5020 2.48796
5030 2.49211
5040 2.49086
5050 2.48995
5060 2.49489
5070 2.50292
5080 2.50342
5090 2.49919
5100 2.49897
5110 2.50322
5120 2.51088
5130 2.51857
5140 2.52388
5150 2.53058
5160 2.53778
5170 2.54407
5180 2.54635
5190 2.54457
5200 2.5477
5210 2.55918
5220 2.56934
5230 2.57473
5240 2.5807
5250 2.59156
5260 2.59869
5270 2.60053
5280 2.6027
5290 2.61041
5300 2.62071
5310 2.63119
5320 2.63972
5330 2.6415
5340 2.6436
5350 2.65162
5360 2.65945
5370 2.65961
5380 2.65887
5390 2.66697
5400 2.67376
5410 2.67174
5420 2.67189
5430 2.67849
5440 2.68186
5450 2.68708
5460 2.69459
5470 2.69806
5480 2.69608
5490 2.69728
5500 2.70536
5510 2.71518
5520 2.71941
5530 2.71918
5540 2.71845
5550 2.72556
5560 2.74066
5570 2.75444
5580 2.76301
5590 2.76924
5600 2.76927
5610 2.76664
5620 2.77071
5630 2.782
5640 2.79088
5650 2.79455
5660 2.79825
5670 2.80528
5680 2.81121
5690 2.80947
5700 2.80693
5710 2.80992
5720 2.81434
5730 2.8175
5740 2.82386
5750 2.82841
5760 2.83418
5770 2.83744
5780 2.83433
5790 2.8348
5800 2.84187
5810 2.8392
5820 2.82964
5830 2.8219
5840 2.81888
5850 2.82081
5860 2.82563
5870 2.83284
5880 2.83696
5890 2.8396
5900 2.84471
5910 2.84965
5920 2.85609
5930 2.86155
5940 2.86636
5950 2.87148
5960 2.87558
5970 2.88237
5980 2.89173
5990 2.89925
6000 2.90394
6010 2.9079
6020 2.91073
6030 2.91616
6040 2.92258
6050 2.92499
6060 2.9225
6070 2.92157
6080 2.92641
6090 2.93688
6100 2.95122
6110 2.96109
6120 2.95994
6130 2.95251
6140 2.95647
6150 2.97222
6160 2.98837
6170 2.9934
6180 2.99021
6190 2.98691
6200 2.99192
6210 3.0014
6220 3.00479
6230 3.00617
6240 3.015
6250 3.02468
6260 3.02962
6270 3.03383
6280 3.04258
6290 3.0515
6300 3.0578
6310 3.06327
6320 3.06835
6330 3.07474
6340 3.08672
6350 3.09485
6360 3.09626
6370 3.09584
6380 3.09885
6390 3.10247
6400 3.10596
6410 3.10711
6420 3.10771
6430 3.10663
6440 3.10955
6450 3.11716
6460 3.1238
6470 3.12652
6480 3.12495
6490 3.12505
6500 3.12748
6510 3.12951
6520 3.12517
6530 3.11849
6540 3.11746
6550 3.12185
6560 3.12337
6570 3.11926
6580 3.11291
6590 3.10703
6600 3.10883
6610 3.11569
6620 3.12317
6630 3.12616
6640 3.12483
6650 3.12472
6660 3.12819
6670 3.13276
6680 3.13388
6690 3.14103
6700 3.15376
6710 3.16089
6720 3.16767
6730 3.17525
6740 3.17556
6750 3.1761
6760 3.17918
6770 3.18137
6780 3.18109
6790 3.17911
6800 3.17609
6810 3.1698
6820 3.17109
6830 3.18152
6840 3.19323
6850 3.19416
6860 3.19291
6870 3.19559
6880 3.20223
6890 3.20799
6900 3.20997
6910 3.21057
6920 3.21521
6930 3.22974
6940 3.25035
6950 3.26245
6960 3.26672
6970 3.26819
6980 3.2681
6990 3.2746
7000 3.28189
7010 3.28656
7020 3.29134
7030 3.29323
7040 3.29716
7050 3.31004
7060 3.32038
7070 3.32295
7080 3.32364
7090 3.32285
7100 3.31551
7110 3.30998
7120 3.31321
7130 3.32058
7140 3.32713
7150 3.33051
7160 3.3329
7170 3.33177
7180 3.33062
7190 3.32558
7200 3.32095
7210 3.32434
7220 3.33205
7230 3.33534
7240 3.33217
7250 3.3303
7260 3.33156
7270 3.33988
7280 3.34973
7290 3.35231
7300 3.35476
7310 3.36465
7320 3.37678
7330 3.38224
7340 3.3788
7350 3.38174
7360 3.39206
7370 3.39867
7380 3.40085
7390 3.40018
7400 3.39973
7410 3.40681
7420 3.4176
7430 3.42522
7440 3.42911
7450 3.42562
7460 3.41908
7470 3.41977
7480 3.42646
7490 3.42806
7500 3.42657
7510 3.42521
7520 3.42927
7530 3.44127
7540 3.44733
7550 3.44492
7560 3.44349
7570 3.44092
7580 3.43716
7590 3.43786
7600 3.43969
7610 3.4352
7620 3.43655
7630 3.44452
7640 3.45011
7650 3.45451
7660 3.46334
7670 3.47555
7680 3.4823
7690 3.48503
7700 3.48886
7710 3.49469
7720 3.49956
7730 3.50437
7740 3.5055
7750 3.50372
7760 3.50437
7770 3.51326
7780 3.52199
7790 3.52589
7800 3.52643
7810 3.53102
7820 3.54118
7830 3.55354
7840 3.56587
7850 3.57697
7860 3.5834
7870 3.58596
7880 3.58575
7890 3.58656
7900 3.58479
7910 3.5877
7920 3.59547
7930 3.60093
7940 3.59988
7950 3.59926
7960 3.59983
7970 3.60004
7980 3.60561
7990 3.60605
8000 3.60395
8010 3.60655
8020 3.61547
8030 3.62105
8040 3.62572
8050 3.63063
8060 3.63003
8070 3.6319
8080 3.64098
8090 3.64787
8100 3.64989
8110 3.65471
8120 3.65895
8130 3.66442
8140 3.67861
8150 3.68823
8160 3.6822
8170 3.67192
8180 3.66708
8190 3.66315
8200 3.66064
8210 3.66618
8220 3.68008
8230 3.68723
8240 3.68514
8250 3.68722
8260 3.69541
8270 3.69346
8280 3.69353
8290 3.70782
8300 3.71912
8310 3.71847
8320 3.72266
8330 3.73635
8340 3.74814
8350 3.75073
8360 3.75152
8370 3.75221
8380 3.75443
8390 3.75594
8400 3.75362
8410 3.74989
8420 3.74611
8430 3.74337
8440 3.74456
8450 3.75474
8460 3.76659
8470 3.7747
8480 3.77794
8490 3.77754
8500 3.77714
8510 3.78308
8520 3.78668
8530 3.78506
8540 3.78564
8550 3.79089
8560 3.79613
8570 3.80351
8580 3.81042
8590 3.81242
8600 3.81502
8610 3.81743
8620 3.81332
8630 3.80694
8640 3.80708
8650 3.8062
8660 3.8042
8670 3.80244
8680 3.80166
8690 3.8038
8700 3.80733
8710 3.806
8720 3.80738
8730 3.82101
8740 3.83622
8750 3.84539
8760 3.8498
8770 3.85114
8780 3.85458
8790 3.85884
8800 3.86337
8810 3.86266
8820 3.86419
8830 3.87065
8840 3.8723
8850 3.86884
8860 3.86562
8870 3.8672
8880 3.87383
8890 3.87632
8900 3.87422
8910 3.87308
8920 3.87872
8930 3.88499
8940 3.88482
8950 3.88529
8960 3.88664
8970 3.88706
8980 3.88275
8990 3.87436
9000 3.8669
9010 3.86666
9020 3.86601
9030 3.87064
9040 3.8801
9050 3.88589
9060 3.88972
9070 3.89616
9080 3.90106
9090 3.90274
9100 3.90185
9110 3.8986
9120 3.90086
9130 3.90605
9140 3.90671
9150 3.90167
9160 3.89481
9170 3.88946
9180 3.88762
9190 3.88373
9200 3.88167
9210 3.88675
9220 3.88785
9230 3.88871
9240 3.89622
9250 3.90055
9260 3.8956
9270 3.89311
9280 3.89463
9290 3.89244
9300 3.88756
9310 3.88539
9320 3.88899
9330 3.89335
9340 3.89179
9350 3.88607
9360 3.88407
9370 3.89165
9380 3.90662
9390 3.91954
9400 3.93077
9410 3.93951
9420 3.9454
9430 3.94899
9440 3.95333
9450 3.95662
9460 3.95626
9470 3.95759
9480 3.96364
9490 3.9642
9500 3.95694
9510 3.95433
9520 3.95447
9530 3.95027
9540 3.94257
9550 3.92989
9560 3.92245
9570 3.92637
9580 3.92833
9590 3.91921
9600 3.91456
9610 3.91593
9620 3.91852
9630 3.9215
9640 3.92433
9650 3.93077
9660 3.93378
9670 3.92662
9680 3.91908
9690 3.91761
9700 3.91515
9710 3.91197
9720 3.91774
9730 3.92472
9740 3.92356
9750 3.92163
9760 3.92881
9770 3.93331
9780 3.93364
9790 3.94165
9800 3.95096
9810 3.9527
9820 3.95295
9830 3.95341
9840 3.95578
9850 3.95764
9860 3.95861
9870 3.96236
9880 3.96906
9890 3.9761
9900 3.98316
9910 3.98946
9920 3.99496
9930 3.99966
9940 3.99876
9950 3.99851
9960 4.00614
9970 4.01444
9980 4.01844
9990 4.02422
10000 4.03068
10010 4.03781
10020 4.03569
10030 4.02639
10040 4.02935
10050 4.03823
10060 4.04083
10070 4.03908
10080 4.03936
10090 4.03855
10100 4.03429
10110 4.03718
10120 4.04315
10130 4.0467
10140 4.04832
10150 4.05394
10160 4.06506
10170 4.07006
10180 4.07158
10190 4.07263
10200 4.07684
10210 4.08402
10220 4.09368
10230 4.10417
10240 4.10795
10250 4.11024
10260 4.11359
10270 4.12471
10280 4.13837
10290 4.13935
10300 4.13189
10310 4.12529
10320 4.12536
10330 4.12951
10340 4.13037
10350 4.12933
10360 4.13515
10370 4.1442
10380 4.14746
10390 4.15042
10400 4.15528
10410 4.1559
10420 4.1561
10430 4.15353
10440 4.15086
10450 4.15575
10460 4.15967
10470 4.15501
10480 4.1478
10490 4.14487
10500 4.14077
10510 4.13501
10520 4.13254
10530 4.13184
10540 4.13409
10550 4.14082
10560 4.14646
10570 4.14542
10580 4.1408
10590 4.14139
10600 4.14829
10610 4.15562
10620 4.16088
10630 4.16584
10640 4.17363
10650 4.17632
10660 4.18183
10670 4.19357
10680 4.20827
10690 4.21631
10700 4.21255
10710 4.21205
10720 4.22805
10730 4.24425
10740 4.24492
10750 4.24433
10760 4.25286
10770 4.2631
10780 4.2684
10790 4.27901
10800 4.29187
10810 4.29641
10820 4.30156
10830 4.30869
10840 4.30946
10850 4.30709
10860 4.31395
10870 4.33356
10880 4.343
10890 4.34282
10900 4.34463
10910 4.3495
10920 4.35362
10930 4.35864
10940 4.35054
10950 4.3404
10960 4.34191
10970 4.35371
10980 4.35881
10990 4.35783
11000 4.35892
11010 4.36208
11020 4.36962
11030 4.37924
11040 4.38715
11050 4.38672
11060 4.38002
11070 4.37214
11080 4.36879
11090 4.36768
11100 4.37136
11110 4.37203
11120 4.3587
11130 4.34457
11140 4.33743
11150 4.33966
11160 4.33829
11170 4.33335
11180 4.3318
11190 4.33728
11200 4.34503
11210 4.3518
11220 4.35763
11230 4.36788
11240 4.37959
11250 4.37914
11260 4.37541
11270 4.38186
11280 4.39379
11290 4.40221
11300 4.4088
11310 4.41186
11320 4.41593
11330 4.43017
11340 4.44736
11350 4.44943
11360 4.44504
11370 4.44802
11380 4.44594
11390 4.44571
11400 4.45104
11410 4.44623
11420 4.43634
11430 4.44393
11440 4.46075
11450 4.4652
11460 4.46121
11470 4.46817
11480 4.48354
11490 4.49767
11500 4.51225
11510 4.52802
11520 4.53824
11530 4.54654
11540 4.55433
11550 4.56013
11560 4.56618
11570 4.5787
11580 4.59232
11590 4.59898
11600 4.59875
11610 4.59809
11620 4.60108
11630 4.61106
11640 4.61663
11650 4.61306
11660 4.61288
11670 4.61698
11680 4.61983
11690 4.61985
11700 4.62256
11710 4.62252
11720 4.61174
11730 4.59829
11740 4.59789
11750 4.61104
11760 4.61819
11770 4.60924
11780 4.59998
11790 4.60173
11800 4.60589
11810 4.60837
11820 4.61087
11830 4.61092
11840 4.60987
11850 4.61388
11860 4.61796
11870 4.61803
11880 4.62018
11890 4.63197
11900 4.63994
11910 4.63838
11920 4.63513
11930 4.63902
11940 4.64609
11950 4.65022
11960 4.65416
11970 4.65655
11980 4.6589
11990 4.66317
12000 4.66567
12010 4.65662
12020 4.65201
12030 4.65933
12040 4.66744
12050 4.66733
12060 4.6676
12070 4.67064
12080 4.66818
12090 4.66476
12100 4.67092
12110 4.68177
12120 4.68265
12130 4.67398
12140 4.66747
12150 4.67438
12160 4.69295
12170 4.7055
12180 4.70945
12190 4.71387
12200 4.72145
12210 4.72578
12220 4.72564
12230 4.72856
12240 4.7296
12250 4.72976
12260 4.74069
12270 4.74977
12280 4.75137
12290 4.75704
12300 4.76531
12310 4.76741
12320 4.76591
12330 4.76712
12340 4.76422
12350 4.76579
12360 4.77554
12370 4.78249
12380 4.77935
12390 4.77112
12400 4.76139
12410 4.75599
12420 4.75886
12430 4.7651
12440 4.76026
12450 4.75003
12460 4.74728
12470 4.75279
12480 4.75666
12490 4.75898
12500 4.75809
12510 4.74999
12520 4.73647
12530 4.74009
12540 4.75226
12550 4.74823
12560 4.73615
12570 4.72936
12580 4.72477
12590 4.71493
12600 4.71112
12610 4.72478
12620 4.73629
12630 4.74048
12640 4.73765
12650 4.73452
12660 4.73518
12670 4.7378
12680 4.73663
12690 4.73201
12700 4.72773
12710 4.72876
12720 4.72858
12730 4.72589
12740 4.71503
12750 4.69812
12760 4.68655
12770 4.68902
12780 4.70436
12790 4.71311
12800 4.71948
12810 4.72808
12820 4.72954
12830 4.73318
12840 4.73982
12850 4.74192
12860 4.73406
12870 4.72947
12880 4.7387
12890 4.74717
12900 4.74703
12910 4.7448
12920 4.74591
12930 4.7508
12940 4.75213
12950 4.75474
12960 4.76898
12970 4.7826
12980 4.78893
12990 4.79548
13000 4.79842
13010 4.79537
13020 4.79612
13030 4.79849
13040 4.79724
13050 4.798
13060 4.80912
13070 4.82357
13080 4.83323
13090 4.84083
13100 4.85178
13110 4.87065
13120 4.88804
13130 4.89022
13140 4.88921
13150 4.903
13160 4.92166
13170 4.93141
13180 4.93119
13190 4.93439
13200 4.94216
13210 4.95115
13220 4.95904
13230 4.96788
13240 4.96938
13250 4.96312
13260 4.953
13270 4.94424
13280 4.94097
13290 4.93965
13300 4.943
13310 4.95184
13320 4.95821
13330 4.95814
13340 4.95613
13350 4.95069
13360 4.95032
13370 4.95834
13380 4.97082
13390 4.97574
13400 4.97775
13410 4.98225
13420 4.98823
13430 4.996
13440 5.0067
13450 5.015
13460 5.02224
13470 5.02514
13480 5.02553
13490 5.02823
13500 5.03406
13510 5.04179
13520 5.04825
13530 5.04594
13540 5.04208
13550 5.04287
13560 5.04744
13570 5.05112
13580 5.05236
13590 5.05382
13600 5.05257
13610 5.04687
13620 5.04386
13630 5.04447
13640 5.04483
13650 5.04586
13660 5.05178
13670 5.06087
13680 5.06405
13690 5.06406
13700 5.07107
13710 5.07928
13720 5.08184
13730 5.07898
13740 5.07912
13750 5.0809
13760 5.07993
13770 5.07491
13780 5.06778
13790 5.06232
13800 5.0658
13810 5.07413
13820 5.08423
13830 5.09095
13840 5.08687
13850 5.08508
13860 5.09381
13870 5.10978
13880 5.12292
13890 5.13034
13900 5.13038
13910 5.12855
13920 5.12761
13930 5.12461
13940 5.13013
13950 5.13537
13960 5.1311
13970 5.12471
13980 5.12504
13990 5.13153
14000 5.14717
14010 5.15997
14020 5.16367
14030 5.16364
14040 5.16254
14050 5.16468
14060 5.17386
14070 5.18143
14080 5.18509
14090 5.18294
14100 5.17896
14110 5.1817
14120 5.18796
14130 5.19245
14140 5.19426
14150 5.18474
14160 5.17557
14170 5.17324
14180 5.17057
14190 5.16656
14200 5.16661
14210 5.16799
14220 5.16658
14230 5.16425
14240 5.15856
14250 5.15367
14260 5.14638
14270 5.13773
14280 5.13169
14290 5.12835
14300 5.12738
14310 5.12891
14320 5.12609
14330 5.12725
14340 5.1342
14350 5.13567
14360 5.137
14370 5.14678
14380 5.15357
14390 5.15343
14400 5.15642
14410 5.1684
14420 5.17383
14430 5.17634
14440 5.19001
14450 5.20532
14460 5.21387
14470 5.21958
14480 5.23047
14490 5.25174
14500 5.27031
14510 5.27502
14520 5.26842
14530 5.26846
14540 5.28018
14550 5.29408
14560 5.29887
14570 5.29856
14580 5.29212
14590 5.2895
14600 5.30255
14610 5.31985
14620 5.32663
14630 5.31715
14640 5.30857
14650 5.31196
14660 5.32596
14670 5.34155
14680 5.34999
14690 5.35329
14700 5.35483
14710 5.34959
14720 5.34014
14730 5.3378
14740 5.33476
14750 5.32934
14760 5.32821
14770 5.32903
14780 5.32491
14790 5.32341
14800 5.33379
14810 5.35254
14820 5.36336
14830 5.36224
14840 5.35988
14850 5.36025
14860 5.36083
14870 5.36845
14880 5.37808
14890 5.38069
14900 5.37145
14910 5.37479
14920 5.39621
14930 5.41216
14940 5.4118
14950 5.41082
14960 5.415
14970 5.41518
14980 5.41165
14990 5.41081
15000 5.40221
15010 5.38677
15020 5.3704
15030 5.35409
15040 5.34401
15050 5.33923
15060 5.33323
15070 5.3292
15080 5.32874
15090 5.3284
15100 5.33055
15110 5.33504
15120 5.33955
15130 5.33937
15140 5.33841
15150 5.34389
15160 5.3544
15170 5.35732
15180 5.3523
15190 5.35586
15200 5.36507
15210 5.36678
15220 5.36206
15230 5.35807
15240 5.35803
15250 5.36658
15260 5.38107
15270 5.38958
15280 5.38474
15290 5.37499
15300 5.37012
15310 5.36969
15320 5.36655
15330 5.35862
15340 5.34795
15350 5.3449
15360 5.34974
15370 5.35478
15380 5.35493
15390 5.35518
15400 5.35434
15410 5.35384
15420 5.36027
15430 5.36497
15440 5.35844
15450 5.34913
15460 5.34766
15470 5.34822
15480 5.35154
15490 5.36381
15500 5.37009
15510 5.36289
15520 5.36665
15530 5.38315
15540 5.39195
15550 5.39669
15560 5.40523
15570 5.41404
15580 5.41558
15590 5.41983
15600 5.42637
15610 5.42852
15620 5.4256
15630 5.42637
15640 5.42573
15650 5.42261
15660 5.42165
15670 5.42754
15680 5.4321
15690 5.43792
15700 5.43651
15710 5.43242
15720 5.43892
15730 5.45214
15740 5.46279
15750 5.4639
15760 5.46523
15770 5.47438
15780 5.48856
15790 5.49496
15800 5.49777
15810 5.49963
15820 5.49798
15830 5.49669
15840 5.49431
15850 5.49557
15860 5.49808
15870 5.49755
15880 5.49472
15890 5.49641
15900 5.49939
15910 5.49868
15920 5.49908
15930 5.49809
15940 5.49306
15950 5.48764
15960 5.48129
15970 5.47517
15980 5.4724
15990 5.47074
16000 5.46668
16010 5.46807
16020 5.47481
16030 5.47497
16040 5.4713
16050 5.46932
16060 5.47428
16070 5.47947
16080 5.47828
16090 5.48017
16100 5.48929
16110 5.49919
16120 5.50922
16130 5.51956
16140 5.53002
16150 5.53785
16160 5.54174
16170 5.55343
16180 5.56572
16190 5.56946
16200 5.56808
16210 5.56954
16220 5.57338
16230 5.5762
16240 5.5771
16250 5.5819
16260 5.58026
16270 5.57706
16280 5.58004
16290 5.58791
16300 5.59207
16310 5.59745
16320 5.6107
16330 5.63136
16340 5.64491
16350 5.64789
16360 5.64977
16370 5.65662
16380 5.67022
16390 5.67897
16400 5.67439
16410 5.67013
16420 5.67757
16430 5.68647
16440 5.69418
16450 5.70879
16460 5.71924
16470 5.71693
16480 5.71316
16490 5.7198
16500 5.73005
16510 5.73935
16520 5.75225
16530 5.76214
16540 5.76915
16550 5.7808
16560 5.79606
16570 5.80946
16580 5.82012
16590 5.83117
16600 5.83751
16610 5.84141
16620 5.84659
16630 5.8538
16640 5.86033
16650 5.86855
16660 5.87652
16670 5.87826
16680 5.87463
16690 5.87419
16700 5.88258
16710 5.89422
16720 5.89852
16730 5.89861
16740 5.90312
16750 5.90983
16760 5.91055
16770 5.91242
16780 5.9238
16790 5.9298
16800 5.92355
16810 5.92451
16820 5.93697
16830 5.94991
16840 5.95473
16850 5.95718
16860 5.96085
16870 5.96673
16880 5.9805
16890 5.99246
16900 5.99835
16910 5.99506
16920 5.99513
16930 6.00364
16940 6.01551
16950 6.03048
16960 6.04395
16970 6.05377
16980 6.05731
16990 6.05794
17000 6.06451
17010 6.07893
17020 6.08803
17030 6.07348
17040 6.05512
17050 6.05718
17060 6.06706
17070 6.07114
17080 6.0668
17090 6.0673
17100 6.0693
17110 6.07063
17120 6.07123
17130 6.07601
17140 6.07831
17150 6.07972
17160 6.08756
17170 6.09232
17180 6.09013
17190 6.0881
17200 6.09766
17210 6.11023
17220 6.11382
17230 6.11601
17240 6.11832
17250 6.11485
17260 6.11505
17270 6.12685
17280 6.13931
17290 6.14085
17300 6.14057
17310 6.14336
17320 6.15262
17330 6.1572
17340 6.15232
17350 6.14272
17360 6.13824
17370 6.13882
17380 6.15132
17390 6.15985
17400 6.15697
17410 6.15432
17420 6.16276
17430 6.17645
17440 6.18048
17450 6.16695
17460 6.15005
17470 6.14622
17480 6.1503
17490 6.14972
17500 6.13981
17510 6.13246
17520 6.1315
17530 6.1368
17540 6.14132
17550 6.14847
17560 6.15178
17570 6.14968
17580 6.15074
17590 6.14172
17600 6.12591
17610 6.12589
17620 6.14289
17630 6.15022
17640 6.13902
17650 6.1351
17660 6.13795
17670 6.13303
17680 6.12687
17690 6.13063
17700 6.13074
17710 6.12884
17720 6.12718
17730 6.12447
17740 6.12057
17750 6.12023
17760 6.12179
17770 6.12274
17780 6.1315
17790 6.13284
17800 6.1343
17810 6.14271
17820 6.15327
17830 6.16255
17840 6.16468
17850 6.15182
17860 6.14156
17870 6.1433
17880 6.14707
17890 6.15086
17900 6.16108
17910 6.17238
17920 6.17396
17930 6.17799
17940 6.1896
17950 6.19524
17960 6.20022
17970 6.20672
17980 6.21031
17990 6.20269
18000 6.20027
18010 6.21248
18020 6.2213
18030 6.22383
18040 6.22813
18050 6.2466
18060 6.26364
18070 6.26872
18080 6.26678
18090 6.26904
18100 6.273
18110 6.28138
18120 6.28987
18130 6.29402
18140 6.29442
18150 6.29424
18160 6.29192
18170 6.29014
18180 6.28809
18190 6.28272
18200 6.27983
18210 6.28825
18220 6.30532
18230 6.31267
18240 6.30611
18250 6.30382
18260 6.30949
18270 6.3134
18280 6.30691
18290 6.30003
18300 6.29837
18310 6.29178
18320 6.28291
18330 6.28532
18340 6.29333
18350 6.30232
18360 6.31085
18370 6.31577
18380 6.31691
18390 6.31301
18400 6.30823
18410 6.31431
18420 6.32647
18430 6.3296
18440 6.32741
18450 6.32434
18460 6.32562
18470 6.3296
18480 6.33595
18490 6.33956
18500 6.3355
18510 6.32523
18520 6.31888
18530 6.32662
18540 6.33694
18550 6.33466
18560 6.32881
18570 6.33094
18580 6.33655
18590 6.33581
18600 6.33627
18610 6.33956
18620 6.33814
18630 6.33433
18640 6.33895
18650 6.35288
18660 6.35943
18670 6.3602
18680 6.36751
18690 6.36834
18700 6.35504
18710 6.3528
18720 6.37066
18730 6.37803
18740 6.37836
18750 6.38814
18760 6.40199
18770 6.41319
18780 6.41791
18790 6.41457
18800 6.41258
18810 6.42005
18820 6.42744
18830 6.43154
18840 6.4339
18850 6.43018
18860 6.43194
18870 6.44646
18880 6.45522
18890 6.44484
18900 6.43588
18910 6.43788
18920 6.44136
18930 6.44632
18940 6.45646
18950 6.46576
18960 6.46111
18970 6.4519
18980 6.45041
18990 6.45268
19000 6.45223
19010 6.44714
19020 6.446
19030 6.44721
19040 6.4494
19050 6.45277
19060 6.45037
19070 6.44641
19080 6.44268
19090 6.43572
19100 6.43012
19110 6.43003
19120 6.43
19130 6.422
19140 6.41579
19150 6.41768
19160 6.42206
19170 6.42267
19180 6.42813
19190 6.43773
19200 6.43745
19210 6.43122
19220 6.43102
19230 6.43315
19240 6.437
19250 6.43821
19260 6.44519
19270 6.45121
19280 6.45524
19290 6.45476
19300 6.44839
19310 6.44172
19320 6.44373
19330 6.45225
19340 6.4582
19350 6.45958
19360 6.46216
19370 6.46903
19380 6.47456
19390 6.48024
19400 6.48246
19410 6.47807
19420 6.48092
19430 6.49078
19440 6.49457
19450 6.49147
19460 6.49341
19470 6.49987
19480 6.50566
19490 6.50574
19500 6.49994
19510 6.50616
19520 6.51726
19530 6.51702
19540 6.5106
19550 6.51057
19560 6.51955
19570 6.53127
19580 6.53472
19590 6.53292
19600 6.53419
19610 6.53568
19620 6.53797
19630 6.53902
19640 6.53602
19650 6.53356
19660 6.53733
19670 6.54081
19680 6.5349
19690 6.53086
19700 6.53023
19710 6.53215
19720 6.54017
19730 6.54427
19740 6.54076
19750 6.53857
19760 6.53973
19770 6.54038
19780 6.53721
19790 6.53281
19800 6.53056
19810 6.52679
19820 6.52876
19830 6.53554
19840 6.5351
19850 6.53271
19860 6.54199
19870 6.5556
19880 6.5566
19890 6.55096
19900 6.55115
19910 6.55003
19920 6.55095
19930 6.56099
19940 6.57131
19950 6.57447
19960 6.57947
19970 6.58421
19980 6.58779
19990 6.58975
20000 6.59203
20010 6.60206
20020 6.6149
20030 6.61133
20040 6.6036
20050 6.60102
20060 6.60073
20070 6.60039
20080 6.60057
20090 6.59819
20100 6.58592
20110 6.57252
20120 6.57131
20130 6.58173
20140 6.59091
20150 6.58556
20160 6.57741
20170 6.5811
20180 6.59342
20190 6.61084
20200 6.62283
20210 6.62142
20220 6.62238
20230 6.64362
20240 6.66796
20250 6.68144
20260 6.6896
20270 6.69429
20280 6.69384
20290 6.69435
20300 6.6973
20310 6.69242
20320 6.68216
20330 6.68003
20340 6.68921
20350 6.69912
20360 6.69953
20370 6.70211
20380 6.70472
20390 6.70368
20400 6.70231
20410 6.69906
20420 6.69102
20430 6.68701
20440 6.67979
20450 6.67582
20460 6.68408
20470 6.68882
20480 6.68272
20490 6.67007
20500 6.66593
20510 6.66927
20520 6.66466
20530 6.65388
20540 6.64346
20550 6.6404
20560 6.64267
20570 6.6453
20580 6.64739
20590 6.65432
20600 6.66243
20610 6.66308
20620 6.66013
20630 6.66319
20640 6.67467
20650 6.68803
20660 6.70107
20670 6.70798
20680 6.70952
20690 6.70683
20700 6.70705
20710 6.71463
20720 6.71783
20730 6.70989
20740 6.70127
20750 6.69662
20760 6.68942
20770 6.68378
20780 6.68093
20790 6.67895
20800 6.66891
20810 6.66122
20820 6.65753
20830 6.64744
20840 6.63725
20850 6.63528
20860 6.63356
20870 6.62589
20880 6.61306
20890 6.60255
20900 6.59161
20910 6.58936
20920 6.58795
20930 6.57768
20940 6.57601
20950 6.58589
20960 6.59029
20970 6.58539
20980 6.59366
20990 6.60779
21000 6.60552
21010 6.59528
21020 6.60104
21030 6.61519
21040 6.62886
21050 6.6414
21060 6.65342
21070 6.65602
21080 6.65085
21090 6.65732
21100 6.67848
21110 6.69771
21120 6.69777
21130 6.69073
21140 6.68481
21150 6.69277
21160 6.71352
21170 6.72396
21180 6.72395
21190 6.732
21200 6.75256
21210 6.77021
21220 6.78409
21230 6.79207
21240 6.79302
21250 6.78726
21260 6.7841
21270 6.79176
21280 6.80072
21290 6.79827
21300 6.78921
21310 6.78726
21320 6.78832
21330 6.78223
21340 6.78196
21350 6.79472
21360 6.80582
21370 6.80749
21380 6.80624
21390 6.80134
21400 6.80493
21410 6.82081
21420 6.82365
21430 6.81383
21440 6.80993
21450 6.81047
21460 6.81314
21470 6.81407
21480 6.81306
21490 6.81256
21500 6.81005
21510 6.81087
21520 6.81267
21530 6.81027
21540 6.80966
21550 6.81096
21560 6.80982
21570 6.81245
21580 6.82184
21590 6.83085
21600 6.83645
21610 6.83282
21620 6.82531
21630 6.82789
21640 6.82951
21650 6.81733
21660 6.80185
21670 6.79834
21680 6.79815
21690 6.79884
21700 6.80266
21710 6.80456
21720 6.80076
21730 6.79927
21740 6.79735
21750 6.79561
21760 6.80471
21770 6.82028
21780 6.82757
21790 6.82976
21800 6.83681
21810 6.85161
21820 6.86083
21830 6.86375
21840 6.87458
21850 6.89245
21860 6.91584
21870 6.93307
21880 6.93685
21890 6.93258
21900 6.94021
21910 6.95607
21920 6.95565
21930 6.94385
21940 6.93769
21950 6.9326
21960 6.9258
21970 6.9278
21980 6.93404
21990 6.93362
22000 6.92833
22010 6.92463
22020 6.9248
22030 6.92466
22040 6.91985
22050 6.91393
22060 6.9106
22070 6.90835
22080 6.91145
22090 6.91375
22100 6.91194
22110 6.91261
22120 6.92003
22130 6.93387
22140 6.94399
22150 6.94978
22160 6.94573
22170 6.94499
22180 6.95055
22190 6.95652
22200 6.95271
22210 6.94217
22220 6.94259
22230 6.95469
22240 6.96733
22250 6.97199
22260 6.97298
22270 6.97902
22280 6.97359
22290 6.94642
22300 6.92091
22310 6.92459
22320 6.93153
22330 6.9242
22340 6.91421
22350 6.90697
22360 6.90509
22370 6.91052
22380 6.90986
22390 6.90457
22400 6.9056
22410 6.90558
22420 6.88834
22430 6.87855
22440 6.88698
22450 6.89034
22460 6.89127
22470 6.89933
22480 6.90289
22490 6.89647
22500 6.89942
22510 6.91766
22520 6.92905
22530 6.92983
22540 6.92698
22550 6.92539
22560 6.93404
22570 6.94576
22580 6.95874
22590 6.97157
22600 6.97472
22610 6.97461
22620 6.99216
22630 7.00844
22640 7.00976
22650 7.00741
22660 7.00891
22670 7.01705
22680 7.02851
22690 7.03743
22700 7.04217
22710 7.0423
22720 7.05106
22730 7.06609
22740 7.07417
22750 7.07688
22760 7.0789
22770 7.08997
22780 7.10114
22790 7.0989
22800 7.0913
22810 7.09626
22820 7.10909
22830 7.11009
22840 7.10298
22850 7.09518
22860 7.08847
22870 7.07998
22880 7.07203
22890 7.0669
22900 7.06161
22910 7.06104
22920 7.06556
22930 7.06406
22940 7.06126
22950 7.06691
22960 7.07369
22970 7.06712
22980 7.06009
22990 7.07471
23000 7.09113
23010 7.08924
23020 7.08306
23030 7.09108
23040 7.09899
23050 7.09671
23060 7.09833
23070 7.10419
23080 7.10806
23090 7.11513
23100 7.12418
23110 7.1189
23120 7.11214
23130 7.12807
23140 7.14344
23150 7.14246
23160 7.13667
23170 7.14322
23180 7.15037
23190 7.1457
23200 7.15007
23210 7.1606
23220 7.15552
23230 7.13697
23240 7.12797
23250 7.13389
23260 7.13174
23270 7.11399
23280 7.09912
23290 7.09765
23300 7.10255
23310 7.10036
23320 7.09171
23330 7.08845
23340 7.09008
23350 7.09167
23360 7.09538
23370 7.09229
23380 7.08348
23390 7.08045
23400 7.08322
23410 7.07377
23420 7.0578
23430 7.05279
23440 7.0589
23450 7.06417
23460 7.0613
23470 7.05707
23480 7.0646
23490 7.07367
23500 7.07205
23510 7.07244
23520 7.07374
23530 7.07211
23540 7.08457
23550 7.10137
23560 7.10886
23570 7.11818
23580 7.12529
23590 7.12853
23600 7.13305
23610 7.14274
23620 7.1516
23630 7.14769
23640 7.1378
23650 7.12808
23660 7.1245
23670 7.12507
23680 7.13909
23690 7.15941
23700 7.16822
23710 7.1644
23720 7.16307
23730 7.17169
23740 7.18263
23750 7.19614
23760 7.21559
23770 7.227
23780 7.22555
23790 7.22526
23800 7.22917
23810 7.2273
23820 7.2251
23830 7.22539
23840 7.22724
23850 7.22689
23860 7.22412
23870 7.21673
23880 7.20485
23890 7.19525
23900 7.18933
23910 7.18126
23920 7.1841
23930 7.1971
23940 7.20133
23950 7.19957
23960 7.19832
23970 7.19373
23980 7.18743
23990 7.18894
24000 7.19369
24010 7.20185
24020 7.2127
24030 7.22994
24040 7.24509
24050 7.25476
24060 7.25719
24070 7.25488
24080 7.26307
24090 7.27359
24100 7.28081
24110 7.28685
24120 7.29719
24130 7.30984
24140 7.31747
24150 7.31816
24160 7.32857
24170 7.34684
24180 7.3623
24190 7.36999
24200 7.37771
24210 7.3823
24220 7.38524
24230 7.39685
24240 7.41028
24250 7.41004
24260 7.40824
24270 7.40889
24280 7.40913
24290 7.41441
24300 7.42894
24310 7.44473
24320 7.46048
24330 7.47827
24340 7.489
24350 7.49459
24360 7.50403
24370 7.5131
24380 7.51271
24390 7.51975
24400 7.53452
24410 7.54055
24420 7.53983
24430 7.5411
24440 7.55239
24450 7.56559
24460 7.56403
24470 7.56465
24480 7.57512
24490 7.58268
24500 7.58017
24510 7.57122
24520 7.56194
24530 7.55853
24540 7.55809
24550 7.54664
24560 7.53295
24570 7.53165
24580 7.53935
24590 7.546
24600 7.54736
24610 7.54947
24620 7.55555
24630 7.55401
24640 7.55467
24650 7.56453
24660 7.57635
24670 7.58062
24680 7.58179
24690 7.58543
24700 7.59327
24710 7.60789
24720 7.61658
24730 7.61387
24740 7.60815
24750 7.6143
24760 7.62356
24770 7.62448
24780 7.61764
24790 7.61653
24800 7.61837
24810 7.61596
24820 7.61032
24830 7.61322
24840 7.61464
24850 7.60793
24860 7.60489
24870 7.60169
24880 7.59583
24890 7.5964
24900 7.59767
24910 7.5832
24920 7.5758
24930 7.58814
24940 7.59447
24950 7.58791
24960 7.58792
24970 7.60216
24980 7.61249
24990 7.60885
25000 7.60462
25010 7.60161
25020 7.59315
25030 7.58539
25040 7.58803
25050 7.59172
25060 7.587
25070 7.58029
25080 7.58265
25090 7.57998
25100 7.57526
25110 7.57327
25120 7.57793
25130 7.57582
25140 7.5637
25150 7.55425
25160 7.55432
25170 7.55531
25180 7.54987
25190 7.5476
25200 7.55002
25210 7.54899
25220 7.5474
25230 7.54898
25240 7.54938
25250 7.5443
25260 7.54246
25270 7.54236
25280 7.54303
25290 7.54654
25300 7.53406
25310 7.50316
25320 7.48453
25330 7.48383
25340 7.48702
25350 7.48931
25360 7.49347
25370 7.48746
25380 7.48877
25390 7.50132
25400 7.49945
25410 7.48619
25420 7.49353
25430 7.50979
25440 7.51153
25450 7.51321
25460 7.5214
25470 7.52047
25480 7.5082
25490 7.50485
25500 7.51632
25510 7.52712
25520 7.52173
25530 7.5102
25540 7.50157
25550 7.49948
25560 7.50845
25570 7.51757
25580 7.51646
25590 7.51867
25600 7.52442
25610 7.53097
25620 7.54001
25630 7.55322
25640 7.5714
25650 7.58413
25660 7.58036
25670 7.57172
25680 7.56546
25690 7.56571
25700 7.57689
25710 7.59337
25720 7.6056
25730 7.60281
25740 7.60432
25750 7.62042
25760 7.63594
25770 7.64397
25780 7.65255
25790 7.66623
25800 7.67153
25810 7.66651
25820 7.66648
25830 7.67803
25840 7.69366
25850 7.70845
25860 7.70915
25870 7.70428
25880 7.70662
25890 7.71485
25900 7.71813
25910 7.71462
25920 7.71358
25930 7.71796
25940 7.71487
25950 7.71143
25960 7.71341
25970 7.7057
25980 7.69001
25990 7.68968
26000 7.7045
26010 7.70722
26020 7.68941
26030 7.67438
26040 7.67561
26050 7.67828
26060 7.67699
26070 7.67744
26080 7.67244
26090 7.6592
26100 7.64862
26110 7.65116
26120 7.65745
26130 7.66322
26140 7.66724
26150 7.67042
26160 7.675
26170 7.68636
26180 7.69899
26190 7.71476
26200 7.7263
26210 7.73991
26220 7.75048
26230 7.76471
26240 7.78343
26250 7.80418
26260 7.81511
26270 7.81817
26280 7.81802
26290 7.81825
26300 7.83019
26310 7.85011
26320 7.86931
26330 7.88249
26340 7.89241
26350 7.89448
26360 7.89156
26370 7.89578
26380 7.90252
26390 7.90563
26400 7.90559
26410 7.90964
26420 7.91184
26430 7.90697
26440 7.89401
26450 7.88615
26460 7.88711
26470 7.88415
26480 7.88097
26490 7.8863
26500 7.88852
26510 7.87882
26520 7.87736
26530 7.88756
26540 7.89113
26550 7.88931
26560 7.89775
26570 7.90599
26580 7.90634
26590 7.90741
26600 7.9108
26610 7.91221
26620 7.91443
26630 7.9125
26640 7.89832
26650 7.8904
26660 7.89391
26670 7.89643
26680 7.89618
26690 7.89358
26700 7.88987
26710 7.89058
26720 7.88849
26730 7.88596
26740 7.89319
26750 7.90229
26760 7.90647
26770 7.91347
26780 7.9226
26790 7.92593
26800 7.92784
26810 7.92746
26820 7.9189
26830 7.90728
26840 7.8988
26850 7.89211
26860 7.88807
26870 7.88862
26880 7.89459
26890 7.89408
26900 7.89335
26910 7.89643
26920 7.90204
26930 7.89858
26940 7.89469
26950 7.90218
26960 7.90743
26970 7.90171
26980 7.90097
26990 7.9111
27000 7.918
27010 7.92094
27020 7.92436
27030 7.93338
27040 7.94863
27050 7.9648
27060 7.96987
27070 7.96467
27080 7.96633
27090 7.96724
27100 7.96484
27110 7.96766
27120 7.97341
27130 7.96939
27140 7.96433
27150 7.96877
27160 7.96615
27170 7.9591
27180 7.96203
27190 7.97415
27200 7.97915
27210 7.98167
27220 7.98542
27230 7.98367
27240 7.98119
27250 7.98266
27260 7.97998
27270 7.97095
27280 7.96317
27290 7.9582
27300 7.95463
27310 7.95167
27320 7.95093
27330 7.94813
27340 7.95562
27350 7.97106
27360 7.97147
27370 7.95916
27380 7.95766
27390 7.9658
27400 7.96957
27410 7.96957
27420 7.97253
27430 7.98401
27440 7.99457
27450 7.99999
27460 8.00694
27470 8.00971
27480 8.01644
27490 8.02044
27500 8.0181
27510 8.01171
27520 8.00445
27530 8.00716
27540 7.99929
27550 7.98224
27560 7.98108
27570 7.99082
27580 7.98784
27590 7.98023
27600 7.97586
27610 7.97284
27620 7.96469
27630 7.96816
27640 7.98581
27650 7.99741
27660 7.99112
27670 7.98166
27680 7.98067
27690 7.99537
27700 8.00879
27710 8.01465
27720 8.02425
27730 8.03944
27740 8.04288
27750 8.03957
27760 8.04336
27770 8.05675
27780 8.06351
27790 8.0718
27800 8.08576
27810 8.0927
27820 8.08886
27830 8.09539
27840 8.1147
27850 8.13489
27860 8.14189
27870 8.14412
27880 8.156
27890 8.17
27900 8.16347
27910 8.15309
27920 8.15545
27930 8.16856
27940 8.18004
27950 8.18152
27960 8.17701
27970 8.17723
27980 8.19142
27990 8.20785
28000 8.20274
28010 8.20222
28020 8.22117
28030 8.2378
28040 8.2435
28050 8.25522
28060 8.27181
28070 8.27972
28080 8.26909
28090 8.25807
28100 8.2758
28110 8.30015
28120 8.30174
28130 8.28757
28140 8.27537
28150 8.26903
28160 8.26942
28170 8.27809
28180 8.28443
28190 8.28023
28200 8.27579
28210 8.28265
28220 8.29796
28230 8.30484
28240 8.30274
28250 8.30164
28260 8.30291
28270 8.29278
28280 8.28317
28290 8.28182
28300 8.28309
28310 8.29092
28320 8.3026
28330 8.30485
28340 8.30046
28350 8.30337
28360 8.30627
28370 8.31127
28380 8.32124
28390 8.3183
28400 8.30408
28410 8.29429
28420 8.29228
28430 8.2998
28440 8.31765
28450 8.33543
28460 8.34561
28470 8.35637
28480 8.35586
28490 8.34535
28500 8.34874
28510 8.35731
28520 8.3565
28530 8.3482
28540 8.35514
28550 8.36392
28560 8.35394
28570 8.34773
28580 8.36075
28590 8.3693
28600 8.3642
28610 8.36875
28620 8.3777
28630 8.38031
28640 8.38628
28650 8.3968
28660 8.4035
28670 8.40455
28680 8.40117
28690 8.39664
28700 8.39156
28710 8.3829
28720 8.37433
28730 8.38162
28740 8.40296
28750 8.41066
28760 8.39848
28770 8.39355
28780 8.41372
28790 8.43293
28800 8.42758
28810 8.41795
28820 8.42394
28830 8.44008
28840 8.45858
28850 8.47659
28860 8.49264
28870 8.50509
28880 8.51816
28890 8.53148
28900 8.54801
28910 8.56022
28920 8.56405
28930 8.56619
28940 8.57038
28950 8.58127
28960 8.58942
28970 8.5954
28980 8.6087
28990 8.62228
29000 8.63755
29010 8.65
29020 8.65921
29030 8.67252
29040 8.68369
29050 8.68439
29060 8.6788
29070 8.67698
29080 8.66727
29090 8.644
29100 8.63287
29110 8.63691
29120 8.63606
29130 8.63096
29140 8.63231
29150 8.63369
29160 8.63951
29170 8.65734
29180 8.66923
29190 8.65627
29200 8.63445
29210 8.62912
29220 8.63942
29230 8.64512
29240 8.63541
29250 8.61714
29260 8.60131
29270 8.59951
29280 8.6085
29290 8.61793
29300 8.6287
29310 8.6422
29320 8.65404
29330 8.65162
29340 8.6497
29350 8.66439
29360 8.68872
29370 8.69917
29380 8.69394
29390 8.69112
29400 8.69821
29410 8.70172
29420 8.70337
29430 8.70659
29440 8.70827
29450 8.70817
29460 8.70622
29470 8.70747
29480 8.70752
29490 8.70324
29500 8.69294
29510 8.68599
29520 8.68693
29530 8.69239
29540 8.68241
29550 8.66982
29560 8.66784
29570 8.66701
29580 8.65647
29590 8.64914
29600 8.64501
29610 8.64087
29620 8.63608
29630 8.64266
29640 8.65066
29650 8.65521
29660 8.65952
29670 8.67188
29680 8.68236
29690 8.68199
29700 8.68035
29710 8.68032
29720 8.6759
29730 8.66927
29740 8.66971
29750 8.67838
29760 8.67885
29770 8.66187
29780 8.65232
29790 8.66179
29800 8.67196
29810 8.67248
29820 8.66754
29830 8.66463
29840 8.66251
29850 8.65483
29860 8.65366
29870 8.65981
29880 8.66419
29890 8.6584
29900 8.65013
29910 8.6616
29920 8.67702
29930 8.6774
29940 8.67241
29950 8.67724
29960 8.68554
29970 8.69357
29980 8.69931
29990 8.69499
30000 8.68932
30010 8.69775
30020 8.71617
30030 8.7279
30040 8.73736
30050 8.7468
30060 8.74214
30070 8.73716
30080 8.73317
30090 8.72872
30100 8.72423
30110 8.71988
30120 8.71441
30130 8.70599
30140 8.69251
30150 8.686
30160 8.67959
30170 8.66659
30180 8.64762
30190 8.63895
30200 8.63606
30210 8.63171
30220 8.63388
30230 8.6355
30240 8.63241
30250 8.63178
30260 8.63205
30270 8.62287
30280 8.60948
30290 8.60464
30300 8.60437
30310 8.60329
30320 8.59878
30330 8.59546
30340 8.59566
30350 8.59682
30360 8.6021
30370 8.60943
30380 8.61425
30390 8.6108
30400 8.60323
30410 8.59954
30420 8.5942
30430 8.5896
30440 8.58597
30450 8.57945
30460 8.57712
30470 8.57966
30480 8.5752
30490 8.56922
30500 8.56474
30510 8.56354
30520 8.55809
30530 8.55421
30540 8.55974
30550 8.56
30560 8.56139
30570 8.56974
30580 8.57548
30590 8.58218
30600 8.59651
30610 8.61106
30620 8.61914
30630 8.6166
30640 8.61462
30650 8.62353
30660 8.64641
30670 8.66533
30680 8.6696
30690 8.6699
30700 8.6759
30710 8.69211
30720 8.70799
30730 8.71314
30740 8.71259
30750 8.71718
30760 8.72844
30770 8.72983
30780 8.71506
30790 8.70178
30800 8.70659
30810 8.71407
30820 8.71751
30830 8.72704
30840 8.73913
30850 8.74517
30860 8.74951
30870 8.75652
30880 8.76325
30890 8.76448
30900 8.77009
30910 8.76862
30920 8.75664
30930 8.75567
30940 8.76981
30950 8.78388
30960 8.79308
30970 8.80488
30980 8.81477
30990 8.8174
31000 8.81791
31010 8.8248
31020 8.83548
31030 8.84637
31040 8.85415
31050 8.85495
31060 8.85967
31070 8.87182
31080 8.87823
31090 8.8811
31100 8.8899
31110 8.89888
31120 8.91123
31130 8.92186
31140 8.91648
31150 8.90715
31160 8.90853
31170 8.9166
31180 8.93482
31190 8.95076
31200 8.95385
31210 8.9567
31220 8.96273
31230 8.96148
31240 8.96426
31250 8.98604
31260 9.01237
31270 9.02354
31280 9.0219
31290 9.02772
31300 9.03269
31310 9.03079
31320 9.03456
31330 9.04627
31340 9.05306
31350 9.05067
31360 9.04783
31370 9.05137
31380 9.04826
31390 9.03812
31400 9.0436
31410 9.06005
31420 9.06581
31430 9.05702
31440 9.04968
31450 9.04604
31460 9.04354
31470 9.03934
31480 9.03258
31490 9.02089
31500 9.00202
31510 8.99376
31520 8.99157
31530 8.9832
31540 8.97542
31550 8.97477
31560 8.96126
31570 8.94905
31580 8.9495
31590 8.96384
31600 8.9699
31610 8.96311
31620 8.95556
31630 8.95444
31640 8.94867
31650 8.9339
31660 8.92132
31670 8.91501
31680 8.90864
31690 8.90483
31700 8.90556
31710 8.90351
31720 8.90345
31730 8.90873
31740 8.91734
31750 8.92528
31760 8.93197
31770 8.94346
31780 8.95638
31790 8.9661
31800 8.96478
31810 8.95782
31820 8.95902
31830 8.957
31840 8.94588
31850 8.94096
31860 8.95227
31870 8.96604
31880 8.96477
31890 8.95906
31900 8.96185
31910 8.97102
31920 8.98271
31930 8.99166
31940 8.99438
31950 8.99716
31960 8.99867
31970 9.01271
31980 9.04048
31990 9.05372
32000 9.04424
32010 9.03463
32020 9.03356
32030 9.02906
32040 9.01874
32050 9.01371
32060 9.01546
32070 9.02273
32080 9.02602
32090 9.02629
32100 9.02267
32110 9.01632
32120 9.01426
32130 9.02406
32140 9.03311
32150 9.03218
32160 9.0286
32170 9.02313
32180 9.01688
32190 9.01633
32200 9.02565
32210 9.03469
32220 9.03988
32230 9.04343
32240 9.04997
32250 9.06133
32260 9.08257
32270 9.09623
32280 9.09908
32290 9.10499
32300 9.10861
32310 9.09912
32320 9.09047
32330 9.096
32340 9.10172
32350 9.09908
32360 9.09589
32370 9.0986
32380 9.1024
32390 9.10205
32400 9.09618
32410 9.09682
32420 9.11164
32430 9.11933
32440 9.12126
32450 9.14377
32460 9.16328
32470 9.16602
32480 9.16674
32490 9.17695
32500 9.19726
32510 9.22388
32520 9.2368
32530 9.24116
32540 9.24405
32550 9.25169
32560 9.26514
32570 9.282
32580 9.29457
32590 9.29623
32600 9.29175
32610 9.28981
32620 9.28592
32630 9.27473
32640 9.27568
32650 9.2848
32660 9.28871
32670 9.28888
32680 9.2883
32690 9.29514
32700 9.30541
32710 9.30911
32720 9.31729
32730 9.32758
32740 9.33272
32750 9.33131
32760 9.33122
32770 9.33943
32780 9.34368
32790 9.33932
32800 9.33685
32810 9.34007
32820 9.35007
32830 9.36056
32840 9.36162
32850 9.36442
32860 9.37557
32870 9.37577
32880 9.36811
32890 9.37574
32900 9.37974
32910 9.37254
32920 9.3753
32930 9.39353
32940 9.40631
32950 9.40515
32960 9.41302
32970 9.43878
32980 9.46258
32990 9.46603
33000 9.4622
33010 9.4742
33020 9.49671
33030 9.50953
33040 9.50805
33050 9.50838
33060 9.52134
33070 9.52382
33080 9.51048
33090 9.50168
33100 9.50326
33110 9.51266
33120 9.52173
33130 9.52575
33140 9.53292
33150 9.53376
33160 9.52944
33170 9.5269
33180 9.52723
33190 9.52236
33200 9.51731
33210 9.51131
33220 9.5096
33230 9.51156
33240 9.51452
33250 9.51259
33260 9.51687
33270 9.52549
33280 9.53137
33290 9.53278
33300 9.53021
33310 9.52506
33320 9.52153
33330 9.52334
33340 9.5225
33350 9.52358
33360 9.52812
33370 9.5309
33380 9.53109
33390 9.53739
33400 9.54538
33410 9.55529
33420 9.56945
33430 9.57874
33440 9.57776
33450 9.58206
33460 9.59523
33470 9.59807
33480 9.60298
33490 9.62076
33500 9.6259
33510 9.62065
33520 9.62164
33530 9.62294
33540 9.61926
33550 9.61658
33560 9.61085
33570 9.60781
33580 9.60381
33590 9.59018
33600 9.59191
33610 9.60587
33620 9.60532
33630 9.59263
33640 9.58186
33650 9.57427
33660 9.56698
33670 9.56654
33680 9.56997
33690 9.57543
33700 9.56863
33710 9.55876
33720 9.55437
33730 9.56643
33740 9.57593
33750 9.5705
33760 9.55725
33770 9.54235
33780 9.53509
33790 9.5342
33800 9.53183
33810 9.51603
33820 9.50064
33830 9.50242
33840 9.51439
33850 9.51834
33860 9.5147
33870 9.50811
33880 9.4994
33890 9.4994
33900 9.49336
33910 9.47847
33920 9.47293
33930 9.47295
33940 9.4661
33950 9.46426
33960 9.46941
33970 9.46747
33980 9.46685
33990 9.47631
34000 9.47854
34010 9.47377
34020 9.48392
34030 9.51411
34040 9.53237
34050 9.53012
34060 9.53241
34070 9.53862
34080 9.53667
34090 9.53559
34100 9.53799
34110 9.53265
34120 9.52274
34130 9.52139
34140 9.52665
34150 9.52416
34160 9.52072
34170 9.53133
34180 9.54447
34190 9.54646
34200 9.54922
34210 9.56582
34220 9.58852
34230 9.60447
34240 9.59901
34250 9.59093
34260 9.60028
34270 9.62082
34280 9.6335
34290 9.63925
34300 9.64899
34310 9.65729
34320 9.65804
34330 9.65446
34340 9.65945
34350 9.66897
34360 9.67287
34370 9.67671
34380 9.68422
34390 9.69311
34400 9.69674
34410 9.69613
34420 9.69529
34430 9.69461
34440 9.70035
34450 9.70406
34460 9.71222
34470 9.7256
34480 9.73524
34490 9.73877
34500 9.73553
34510 9.73882
34520 9.7463
34530 9.74572
34540 9.73986
34550 9.73979
34560 9.74188
34570 9.73744
34580 9.74126
34590 9.75073
34600 9.75976
34610 9.76578
34620 9.77578
34630 9.792
34640 9.80256
34650 9.8094
34660 9.81903
34670 9.82896
34680 9.84091
34690 9.84743
34700 9.84743
34710 9.84645
34720 9.84129
34730 9.83437
34740 9.83356
34750 9.83282
34760 9.81968
34770 9.80388
34780 9.79721
34790 9.80331
34800 9.79869
34810 9.77514
34820 9.75786
34830 9.754
34840 9.75676
34850 9.75714
34860 9.75095
34870 9.74861
34880 9.74668
34890 9.74231
34900 9.73845
34910 9.72759
34920 9.71694
34930 9.71472
34940 9.71873
34950 9.73148
34960 9.74501
34970 9.74107
34980 9.7289
34990 9.73324
35000 9.74087
35010 9.74198
35020 9.74931
35030 9.75921
35040 9.7632
35050 9.771
35060 9.77434
35070 9.76793
35080 9.76205
35090 9.76563
35100 9.77063
35110 9.76917
35120 9.76522
35130 9.76216
35140 9.76465
35150 9.766
35160 9.75687
35170 9.75476
35180 9.76658
35190 9.77778
35200 9.78662
35210 9.79288
35220 9.79633
35230 9.79525
35240 9.79339
35250 9.79907
35260 9.81363
35270 9.81789
35280 9.80819
35290 9.79435
35300 9.78774
35310 9.78662
35320 9.79338
35330 9.79722
35340 9.79896
35350 9.80775
35360 9.82018
35370 9.83198
35380 9.85087
35390 9.86307
35400 9.86548
35410 9.86537
35420 9.86614
35430 9.86504
35440 9.85979
35450 9.85841
35460 9.85782
35470 9.85768
35480 9.85545
35490 9.86359
35500 9.87072
35510 9.86715
35520 9.86444
35530 9.87051
35540 9.88525
35550 9.89649
35560 9.88859
35570 9.8736
35580 9.8768
35590 9.88181
35600 9.87404
35610 9.86855
35620 9.86532
35630 9.87233
35640 9.88998
35650 9.90314
35660 9.89802
35670 9.885
35680 9.88008
35690 9.87751
35700 9.87669
35710 9.87101
35720 9.85418
35730 9.84622
35740 9.86121
35750 9.87115
35760 9.8658
35770 9.85841
35780 9.85967
35790 9.8609
35800 9.86029
35810 9.85451
35820 9.84706
35830 9.84147
35840 9.84071
35850 9.845
35860 9.84136
35870 9.83025
35880 9.82585
35890 9.82441
35900 9.82187
35910 9.82679
35920 9.83144
35930 9.82684
35940 9.82171
35950 9.83465
35960 9.84912
35970 9.84844
35980 9.84458
35990 9.84197
36000 9.84985
36010 9.86881
36020 9.88009
36030 9.876
36040 9.87912
36050 9.88608
36060 9.88296
36070 9.87725
36080 9.88707
36090 9.9043
36100 9.91747
36110 9.9194
36120 9.91983
36130 9.92183
36140 9.91819
36150 9.91702
36160 9.91734
36170 9.91053
36180 9.90229
36190 9.90385
36200 9.90714
36210 9.90689
36220 9.91373
36230 9.92403
36240 9.93076
36250 9.93742
36260 9.94483
36270 9.94913
36280 9.94486
36290 9.93312
36300 9.92545
36310 9.92566
36320 9.93212
36330 9.93091
36340 9.92649
36350 9.9271
36360 9.92382
36370 9.91454
36380 9.90916
36390 9.9052
36400 9.89921
36410 9.90249
36420 9.90713
36430 9.89944
36440 9.88867
36450 9.88928
36460 9.90598
36470 9.9276
36480 9.93559
36490 9.93414
36500 9.93594
36510 9.95021
36520 9.96605
36530 9.9735
36540 9.98124
36550 9.98307
36560 9.98425
36570 9.98873
36580 9.9996
36590 10.0107
36600 10.0155
36610 10.0232
36620 10.0277
36630 10.033
36640 10.0458
36650 10.0482
36660 10.0332
36670 10.0198
36680 10.0201
36690 10.0211
36700 10.0111
36710 10.0038
36720 10.004
36730 9.99424
36740 9.97663
36750 9.96957
36760 9.96716
36770 9.96449
36780 9.97486
36790 9.98638
36800 9.97998
36810 9.96892
36820 9.96641
36830 9.96982
36840 9.97047
36850 9.97011
36860 9.97529
36870 9.98864
36880 10.0025
36890 10.0069
36900 9.99431
36910 9.98926
36920 10.0049
36930 10.0231
36940 10.0355
36950 10.0385
36960 10.0398
36970 10.05
36980 10.0625
36990 10.067
37000 10.0616
37010 10.0617
37020 10.0651
37030 10.072
37040 10.0781
37050 10.0759
37060 10.0734
37070 10.0824
37080 10.0917
37090 10.0951
37100 10.1066
37110 10.1192
37120 10.1205
37130 10.1276
37140 10.1552
37150 10.1922
37160 10.2139
37170 10.223
37180 10.2347
37190 10.2359
37200 10.2396
37210 10.263
37220 10.2876
37230 10.2848
37240 10.2763
37250 10.2828
37260 10.2896
37270 10.291
37280 10.3043
37290 10.3199
37300 10.3164
37310 10.3124
37320 10.3246
37330 10.3393
37340 10.3411
37350 10.3341
37360 10.3248
37370 10.3121
37380 10.3044
37390 10.2985
37400 10.2902
37410 10.2937
37420 10.3022
37430 10.2974
37440 10.2888
37450 10.292
37460 10.2979
37470 10.2961
37480 10.2895
37490 10.2833
37500 10.2812
37510 10.2814
37520 10.2836
37530 10.2829
37540 10.2931
37550 10.3023
37560 10.2982
37570 10.2812
37580 10.2679
37590 10.2741
37600 10.2836
37610 10.2811
37620 10.275
37630 10.2679
37640 10.2627
37650 10.2533
37660 10.2458
37670 10.2396
37680 10.2297
37690 10.2285
37700 10.2315
37710 10.236
37720 10.2465
37730 10.263
37740 10.2704
37750 10.2776
37760 10.2916
37770 10.3047
37780 10.3166
37790 10.316
37800 10.3034
37810 10.2951
37820 10.3033
37830 10.318
37840 10.3297
37850 10.3351
37860 10.3336
37870 10.3314
37880 10.3338
37890 10.3313
37900 10.3347
37910 10.3371
37920 10.3328
37930 10.3256
37940 10.3237
37950 10.3224
37960 10.3197
37970 10.3196
37980 10.3128
37990 10.2998
38000 10.2943
38010 10.2979
38020 10.2974
38030 10.2899
38040 10.2857
38050 10.2809
38060 10.2726
38070 10.2684
38080 10.265
38090 10.2585
38100 10.2566
38110 10.2648
38120 10.2758
38130 10.2777
38140 10.2747
38150 10.281
38160 10.2942
38170 10.3025
38180 10.3059
38190 10.3149
38200 10.3281
38210 10.3448
38220 10.3627
38230 10.3744
38240 10.3715
38250 10.3708
38260 10.3939
38270 10.4183
38280 10.4281
38290 10.427
38300 10.4179
38310 10.4042
38320 10.4089
38330 10.4208
38340 10.4207
38350 10.4167
38360 10.4197
38370 10.4258
38380 10.4345
38390 10.4342
38400 10.4229
38410 10.428
38420 10.4543
38430 10.4712
38440 10.4617
38450 10.4544
38460 10.4532
38470 10.4509
38480 10.4505
38490 10.4557
38500 10.4516
38510 10.4385
38520 10.4335
38530 10.4384
38540 10.4428
38550 10.4376
38560 10.4365
38570 10.4296
38580 10.421
38590 10.4184
38600 10.4202
38610 10.4165
38620 10.4229
38630 10.4342
38640 10.4291
38650 10.4237
38660 10.4309
38670 10.4394
38680 10.4382
38690 10.441
38700 10.4429
38710 10.433
38720 10.4386
38730 10.4616
38740 10.4644
38750 10.4503
38760 10.447
38770 10.4541
38780 10.4553
38790 10.4493
38800 10.4421
38810 10.448
38820 10.4556
38830 10.4589
38840 10.4611
38850 10.4598
38860 10.445
38870 10.4313
38880 10.4287
38890 10.4269
38900 10.4122
38910 10.3955
38920 10.3976
38930 10.4036
38940 10.4025
38950 10.3983
38960 10.3994
38970 10.3984
38980 10.3928
38990 10.3868
39000 10.3873
39010 10.3886
39020 10.3845
39030 10.3891
39040 10.4011
39050 10.4041
39060 10.4025
39070 10.4102
39080 10.4281
39090 10.4435
39100 10.4471
39110 10.4451
39120 10.4471
39130 10.4469
39140 10.4427
39150 10.4364
39160 10.4363
39170 10.4534
39180 10.4736
39190 10.4857
39200 10.495
39210 10.5072
39220 10.5149
39230 10.5207
39240 10.5284
39250 10.5334
39260 10.5275
39270 10.5226
39280 10.5223
39290 10.5128
39300 10.5109
39310 10.5237
39320 10.5251
39330 10.5174
39340 10.5196
39350 10.5182
39360 10.5084
39370 10.4986
39380 10.4948
39390 10.4973
39400 10.51
39410 10.5254
39420 10.5405
39430 10.5618
39440 10.5817
39450 10.5885
39460 10.5991
39470 10.6177
39480 10.6291
39490 10.6302
39500 10.628
39510 10.6266
39520 10.633
39530 10.6512
39540 10.6653
39550 10.6662
39560 10.6624
39570 10.6554
39580 10.6509
39590 10.6571
39600 10.6682
39610 10.6722
39620 10.6756
39630 10.6818
39640 10.6815
39650 10.6814
39660 10.6963
39670 10.7125
39680 10.7148
39690 10.7124
39700 10.7173
39710 10.7146
39720 10.7055
39730 10.7021
39740 10.7014
39750 10.6994
39760 10.6947
39770 10.694
39780 10.6985
39790 10.7033
39800 10.7002
39810 10.7054
39820 10.7181
39830 10.7329
39840 10.7355
39850 10.7288
39860 10.7205
39870 10.7084
39880 10.6952
39890 10.6901
39900 10.6906
39910 10.6899
39920 10.6868
39930 10.6742
39940 10.6622
39950 10.6614
39960 10.6678
39970 10.6688
39980 10.6664
39990 10.6683
40000 10.6813
40010 10.7032
40020 10.7149
40030 10.7174
40040 10.7232
40050 10.7346
40060 10.7451
40070 10.7479
40080 10.7496
40090 10.7483
40100 10.7422
40110 10.7394
40120 10.7486
40130 10.7563
40140 10.7554
40150 10.7541
40160 10.756
40170 10.7596
40180 10.7619
40190 10.7667
40200 10.7819
40210 10.7968
40220 10.7964
40230 10.791
40240 10.7954
40250 10.7958
40260 10.797
40270 10.8017
40280 10.8021
40290 10.8005
40300 10.8031
40310 10.8046
40320 10.7987
40330 10.8001
40340 10.8079
40350 10.8241
40360 10.8331
40370 10.8353
40380 10.8382
40390 10.8413
40400 10.8407
40410 10.8396
40420 10.8506
40430 10.8578
40440 10.848
40450 10.8381
40460 10.846
40470 10.8637
40480 10.875
40490 10.8813
40500 10.8814
40510 10.8834
40520 10.8953
40530 10.8997
40540 10.9012
40550 10.9117
40560 10.9284
40570 10.947
40580 10.9601
40590 10.9629
40600 10.9652
40610 10.9672
40620 10.9593
40630 10.9519
40640 10.9583
40650 10.9719
40660 10.9642
40670 10.959
40680 10.9708
40690 10.9831
40700 10.9822
40710 10.9831
40720 10.9909
40730 10.993
40740 10.9874
40750 10.9891
40760 11.0027
40770 11.012
40780 11.0125
40790 11.012
40800 11.0244
40810 11.0378
40820 11.0353
40830 11.0315
40840 11.0441
40850 11.0624
40860 11.0657
40870 11.0652
40880 11.0684
40890 11.0659
40900 11.0585
40910 11.0513
40920 11.0575
40930 11.0715
40940 11.0784
40950 11.0906
40960 11.1139
40970 11.1368
40980 11.1446
40990 11.1484
41000 11.1679
41010 11.1946
41020 11.2062
41030 11.2052
41040 11.2178
41050 11.2348
41060 11.234
41070 11.2346
41080 11.2528
41090 11.275
41100 11.2789
41110 11.274
41120 11.2679
41130 11.2544
41140 11.2378
41150 11.2345
41160 11.2433
41170 11.2374
41180 11.2208
41190 11.2155
41200 11.2128
41210 11.205
41220 11.2092
41230 11.2224
41240 11.2325
41250 11.2395
41260 11.2447
41270 11.24
41280 11.2304
41290 11.2331
41300 11.2428
41310 11.2418
41320 11.2317
41330 11.2276
41340 11.2421
41350 11.263
41360 11.271
41370 11.2567
41380 11.2495
41390 11.2537
41400 11.2439
41410 11.241
41420 11.2586
41430 11.2634
41440 11.2623
41450 11.2754
41460 11.2905
41470 11.298
41480 11.3144
41490 11.3269
41500 11.3196
41510 11.3158
41520 11.3307
41530 11.3396
41540 11.3357
41550 11.3369
41560 11.3407
41570 11.3358
41580 11.3284
41590 11.3276
41600 11.3214
41610 11.3241
41620 11.3303
41630 11.3296
41640 11.3282
41650 11.328
41660 11.3261
41670 11.3282
41680 11.3382
41690 11.3475
41700 11.3428
41710 11.3358
41720 11.3278
41730 11.3243
41740 11.334
41750 11.357
41760 11.3716
41770 11.3694
41780 11.3618
41790 11.359
41800 11.357
41810 11.3634
41820 11.3764
41830 11.3905
41840 11.4011
41850 11.4073
41860 11.4184
41870 11.4315
41880 11.4352
41890 11.4427
41900 11.4632
41910 11.4816
41920 11.4894
41930 11.4911
41940 11.4871
41950 11.4783
41960 11.4702
41970 11.4716
41980 11.4803
41990 11.4777
42000 11.4711
42010 11.4708
42020 11.4754
42030 11.4711
42040 11.4773
42050 11.4958
42060 11.5069
42070 11.508
42080 11.5154
42090 11.5379
42100 11.5557
42110 11.5591
42120 11.5638
42130 11.5787
42140 11.5916
42150 11.606
42160 11.6177
42170 11.6267
42180 11.6295
42190 11.6324
42200 11.6394
42210 11.6563
42220 11.6716
42230 11.6874
42240 11.7127
42250 11.7311
42260 11.7432
42270 11.7567
42280 11.7595
42290 11.7543
42300 11.7618
42310 11.7741
42320 11.7761
42330 11.7816
42340 11.7994
42350 11.807
42360 11.7993
42370 11.8112
42380 11.8411
42390 11.8577
42400 11.8569
42410 11.8608
42420 11.8653
42430 11.8653
42440 11.869
42450 11.8786
42460 11.8936
42470 11.9034
42480 11.9089
42490 11.9155
42500 11.9249
42510 11.9227
42520 11.9182
42530 11.9203
42540 11.9239
42550 11.9152
42560 11.9055
42570 11.902
42580 11.9009
42590 11.9015
42600 11.8973
42610 11.8871
42620 11.8837
42630 11.8927
42640 11.9068
42650 11.91
42660 11.9007
42670 11.9045
42680 11.9125
42690 11.9089
42700 11.9028
42710 11.9072
42720 11.9041
42730 11.8911
42740 11.8822
42750 11.881
42760 11.8885
42770 11.9039
42780 11.9016
42790 11.8872
42800 11.8864
42810 11.8948
42820 11.8854
42830 11.8658
42840 11.8648
42850 11.8656
42860 11.8546
42870 11.8584
42880 11.877
42890 11.8868
42900 11.8874
42910 11.8871
42920 11.8927
42930 11.8985
42940 11.9024
42950 11.9024
42960 11.8978
42970 11.8987
42980 11.8976
42990 11.9036
43000 11.9131
43010 11.9073
43020 11.8876
43030 11.8772
43040 11.8784
43050 11.8689
43060 11.851
43070 11.854
43080 11.8664
43090 11.8646
43100 11.8526
43110 11.8522
43120 11.8561
43130 11.8408
43140 11.8275
43150 11.8286
43160 11.8223
43170 11.813
43180 11.8142
43190 11.8239
43200 11.8297
43210 11.8256
43220 11.8146
43230 11.8047
43240 11.8152
43250 11.8398
43260 11.8559
43270 11.8611
43280 11.8511
43290 11.8451
43300 11.8543
43310 11.8633
43320 11.8675
43330 11.8722
43340 11.8743
43350 11.8662
43360 11.8635
43370 11.8778
43380 11.8894
43390 11.8995
43400 11.9062
43410 11.9075
43420 11.9043
43430 11.9063
43440 11.9159
43450 11.9193
43460 11.9266
43470 11.9377
43480 11.9413
43490 11.933
43500 11.9224
43510 11.917
43520 11.9143
43530 11.9106
43540 11.909
43550 11.9025
43560 11.9004
43570 11.9014
43580 11.9015
43590 11.8899
43600 11.8684
43610 11.8484
43620 11.8296
43630 11.8114
43640 11.8012
43650 11.7976
43660 11.7948
43670 11.7862
43680 11.7733
43690 11.7655
43700 11.7726
43710 11.7835
43720 11.7878
43730 11.7831
43740 11.7703
43750 11.752
43760 11.7524
43770 11.748
43780 11.7339
43790 11.7366
43800 11.753
43810 11.7619
43820 11.7652
43830 11.7802
43840 11.8014
43850 11.8122
43860 11.8244
43870 11.8434
43880 11.8419
43890 11.8268
43900 11.8276
43910 11.8406
43920 11.8459
43930 11.8446
43940 11.8447
43950 11.852
43960 11.8666
43970 11.8717
43980 11.8665
43990 11.8572
44000 11.8568
44010 11.8783
44020 11.8949
44030 11.8912
44040 11.8934
44050 11.9108
44060 11.9266
44070 11.9281
44080 11.9242
44090 11.9243
44100 11.918
44110 11.9192
44120 11.9303
44130 11.9396
44140 11.946
44150 11.9623
44160 11.9786
44170 11.9847
44180 11.9833
44190 11.9845
44200 11.9946
44210 12.0056
44220 12.0123
44230 12.012
44240 12.0037
44250 12.0032
44260 12.0091
44270 12.0148
44280 12.0114
44290 11.9934
44300 11.9856
44310 11.9972
44320 12.005
44330 12.0008
44340 11.9873
44350 11.9743
44360 11.9722
44370 11.9801
44380 11.9902
44390 11.9954
44400 12.0018
44410 12.0111
44420 12.0194
44430 12.0246
44440 12.0259
44450 12.0354
44460 12.0478
44470 12.0429
44480 12.0283
44490 12.0209
44500 12.0219
44510 12.0295
44520 12.0446
44530 12.0465
44540 12.0383
44550 12.0374
44560 12.0491
44570 12.0629
44580 12.0705
44590 12.0692
44600 12.0671
44610 12.0643
44620 12.0672
44630 12.0835
44640 12.0918
44650 12.0933
44660 12.1018
44670 12.1056
44680 12.1126
44690 12.1242
44700 12.1175
44710 12.0995
44720 12.0977
44730 12.1009
44740 12.0988
44750 12.1017
44760 12.1021
44770 12.0868
44780 12.0724
44790 12.0859
44800 12.1043
44810 12.1127
44820 12.1088
44830 12.106
44840 12.1101
44850 12.1188
44860 12.1214
44870 12.1231
44880 12.1339
44890 12.1446
44900 12.1498
44910 12.1511
44920 12.1542
44930 12.1642
44940 12.1781
44950 12.1971
44960 12.2051
44970 12.1913
44980 12.1759
44990 12.1795
45000 12.2009
45010 12.2248
45020 12.2378
45030 12.2416
45040 12.2388
45050 12.2336
45060 12.2249
45070 12.2112
45080 12.2076
45090 12.2094
45100 12.2115
45110 12.2059
45120 12.1902
45130 12.1753
45140 12.1805
45150 12.1953
45160 12.1916
45170 12.179
45180 12.1678
45190 12.1635
45200 12.1698
45210 12.1766
45220 12.1738
45230 12.1582
45240 12.1383
45250 12.1332
45260 12.1382
45270 12.1368
45280 12.129
45290 12.1208
45300 12.1106
45310 12.1056
45320 12.1163
45330 12.138
45340 12.1589
45350 12.1736
45360 12.1747
45370 12.1821
45380 12.2032
45390 12.2134
45400 12.2069
45410 12.2046
45420 12.2048
45430 12.2014
45440 12.2015
45450 12.2035
45460 12.2014
45470 12.1998
45480 12.2028
45490 12.21
45500 12.2115
45510 12.2123
45520 12.222
45530 12.2349
45540 12.2501
45550 12.2596
45560 12.2641
45570 12.2691
45580 12.2746
45590 12.2704
45600 12.2703
45610 12.2754
45620 12.2814
45630 12.2896
45640 12.2934
45650 12.2885
45660 12.2825
45670 12.2848
45680 12.291
45690 12.2893
45700 12.2833
45710 12.2838
45720 12.2929
45730 12.2946
45740 12.2999
45750 12.3071
45760 12.3129
45770 12.3179
45780 12.3279
45790 12.3358
45800 12.332
45810 12.3185
45820 12.3122
45830 12.304
45840 12.2901
45850 12.2858
45860 12.3005
45870 12.3217
45880 12.3257
45890 12.3189
45900 12.33
45910 12.346
45920 12.358
45930 12.3679
45940 12.3664
45950 12.3581
45960 12.36
45970 12.3689
45980 12.3712
45990 12.3674
46000 12.3745
46010 12.3914
46020 12.4122
46030 12.4228
46040 12.4212
46050 12.4182
46060 12.4205
46070 12.4219
46080 12.4262
46090 12.4381
46100 12.4501
46110 12.4538
46120 12.4575
46130 12.4656
46140 12.4799
46150 12.4976
46160 12.5066
46170 12.509
46180 12.517
46190 12.5267
46200 12.527
46210 12.5265
46220 12.5315
46230 12.5419
46240 12.5675
46250 12.5946
46260 12.6005
46270 12.6104
46280 12.6428
46290 12.6724
46300 12.6743
46310 12.6804
46320 12.7042
46330 12.7247
46340 12.7313
46350 12.7296
46360 12.7344
46370 12.7445
46380 12.7456
46390 12.7517
46400 12.7706
46410 12.791
46420 12.794
46430 12.7894
46440 12.7962
46450 12.8093
46460 12.817
46470 12.8139
46480 12.8176
46490 12.833
46500 12.8378
46510 12.8362
46520 12.847
46530 12.8597
46540 12.8536
46550 12.8481
46560 12.8475
46570 12.8343
46580 12.8034
46590 12.7739
46600 12.752
46610 12.7401
46620 12.7483
46630 12.7515
46640 12.7348
46650 12.7192
46660 12.7197
46670 12.7254
46680 12.7241
46690 12.7267
46700 12.7328
46710 12.7271
46720 12.7161
46730 12.7025
46740 12.6832
46750 12.6685
46760 12.6632
46770 12.6652
46780 12.6539
46790 12.6352
46800 12.63
46810 12.6333
46820 12.6187
46830 12.5993
46840 12.5949
46850 12.6066
46860 12.6158
46870 12.6191
46880 12.6266
46890 12.6288
46900 12.6238
46910 12.6269
46920 12.6349
46930 12.6294
46940 12.6246
46950 12.6383
46960 12.6576
46970 12.6519
46980 12.6394
46990 12.6487
47000 12.6593
47010 12.6504
47020 12.6397
47030 12.6403
47040 12.6418
47050 12.6337
47060 12.6293
47070 12.6436
47080 12.6659
47090 12.6701
47100 12.6581
47110 12.656
47120 12.662
47130 12.6664
47140 12.6657
47150 12.661
47160 12.6526
47170 12.6465
47180 12.641
47190 12.6455
47200 12.6433
47210 12.6316
47220 12.6222
47230 12.6176
47240 12.6195
47250 12.6187
47260 12.6202
47270 12.6266
47280 12.6296
47290 12.6199
47300 12.6058
47310 12.5955
47320 12.5889
47330 12.5995
47340 12.6119
47350 12.6066
47360 12.5938
47370 12.5917
47380 12.5993
47390 12.6038
47400 12.6066
47410 12.5989
47420 12.5877
47430 12.586
47440 12.5896
47450 12.5894
47460 12.5907
47470 12.5964
47480 12.6024
47490 12.6004
47500 12.5959
47510 12.6077
47520 12.6227
47530 12.632
47540 12.6383
47550 12.6436
47560 12.6464
47570 12.6448
47580 12.6458
47590 12.6547
47600 12.6612
47610 12.6528
47620 12.6426
47630 12.6488
47640 12.6537
47650 12.649
47660 12.6513
47670 12.6705
47680 12.6897
47690 12.701
47700 12.6993
47710 12.6997
47720 12.7161
47730 12.7383
47740 12.7659
47750 12.7929
47760 12.8189
47770 12.8328
47780 12.8374
47790 12.8396
47800 12.8463
47810 12.8601
47820 12.874
47830 12.8782
47840 12.8728
47850 12.8691
47860 12.8715
47870 12.878
47880 12.8854
47890 12.8926
47900 12.8974
47910 12.8997
47920 12.898
47930 12.8961
47940 12.9017
47950 12.9101
47960 12.9147
47970 12.9191
47980 12.9131
47990 12.9037
48000 12.9182
48010 12.9349
48020 12.9296
48030 12.9118
48040 12.9003
48050 12.889
48060 12.8813
48070 12.8796
48080 12.8728
48090 12.8565
48100 12.8514
48110 12.8642
48120 12.8672
48130 12.8597
48140 12.8529
48150 12.8545
48160 12.8525
48170 12.855
48180 12.8666
48190 12.8691
48200 12.8592
48210 12.8547
48220 12.8578
48230 12.8618
48240 12.8594
48250 12.8516
48260 12.8373
48270 12.8212
48280 12.8124
48290 12.8159
48300 12.825
48310 12.8331
48320 12.8425
48330 12.8472
48340 12.8414
48350 12.8391
48360 12.8485
48370 12.8548
48380 12.8621
48390 12.8751
48400 12.8891
48410 12.8977
48420 12.9057
48430 12.9083
48440 12.9143
48450 12.9211
48460 12.9201
48470 12.9181
48480 12.927
48490 12.9407
48500 12.9483
48510 12.9522
48520 12.9603
48530 12.9676
48540 12.9769
48550 12.9822
48560 12.977
48570 12.9711
48580 12.9727
48590 12.9752
48600 12.97
48610 12.9685
48620 12.9742
48630 12.9752
48640 12.9775
48650 12.9876
48660 12.9977
48670 13.0092
48680 13.0238
48690 13.0379
48700 13.0549
48710 13.0672
48720 13.0746
48730 13.0916
48740 13.1164
48750 13.1331
48760 13.1408
48770 13.1489
48780 13.1553
48790 13.1597
48800 13.1712
48810 13.1883
48820 13.1973
48830 13.2128
48840 13.2276
48850 13.2253
48860 13.2211
48870 13.2404
48880 13.2681
48890 13.2774
48900 13.2712
48910 13.2658
48920 13.2675
48930 13.2754
48940 13.2954
48950 13.3093
48960 13.3166
48970 13.3303
48980 13.3439
48990 13.3514
49000 13.3676
49010 13.3869
49020 13.4014
49030 13.4154
49040 13.4239
49050 13.4293
49060 13.4392
49070 13.4437
49080 13.4417
49090 13.4458
49100 13.4547
49110 13.4527
49120 13.4531
49130 13.461
49140 13.4619
49150 13.4536
49160 13.4517
49170 13.4628
49180 13.4763
49190 13.4801
49200 13.4745
49210 13.4638
49220 13.4574
49230 13.4431
49240 13.4349
49250 13.4516
49260 13.4681
49270 13.4766
49280 13.4743
49290 13.478
49300 13.5024
49310 13.5338
49320 13.5428
49330 13.5408
49340 13.5592
49350 13.5864
49360 13.5996
49370 13.6016
49380 13.5964
49390 13.5933
49400 13.5956
49410 13.5985
49420 13.6079
49430 13.6227
49440 13.6186
49450 13.6094
49460 13.6068
49470 13.602
49480 13.5931
49490 13.5892
49500 13.5927
49510 13.6083
49520 13.6264
49530 13.6336
49540 13.6356
49550 13.6421
49560 13.6493
49570 13.6594
49580 13.6757
49590 13.6828
49600 13.6694
49610 13.649
49620 13.635
49630 13.631
49640 13.6295
49650 13.6167
49660 13.6074
49670 13.6146
49680 13.6093
49690 13.598
49700 13.6031
49710 13.6188
49720 13.6287
49730 13.6323
49740 13.6531
49750 13.692
49760 13.7287
49770 13.7424
49780 13.7382
49790 13.7432
49800 13.7622
49810 13.7706
49820 13.7632
49830 13.7642
49840 13.7847
49850 13.8026
49860 13.7967
49870 13.784
49880 13.786
49890 13.7906
49900 13.7862
49910 13.7796
49920 13.7786
49930 13.7768
49940 13.7699
49950 13.76
49960 13.7543
49970 13.7639
49980 13.7735
49990 13.7817
50000 13.8052
50010 13.8165
50020 13.7967
50030 13.7769
50040 13.7836
50050 13.795
50060 13.7979
50070 13.7996
50080 13.8091
50090 13.8179
50100 13.8307
50110 13.842
50120 13.8381
50130 13.8401
50140 13.8552
50150 13.8697
50160 13.8794
50170 13.8785
50180 13.8731
50190 13.8643
50200 13.8525
50210 13.849
50220 13.8448
50230 13.8259
50240 13.8067
50250 13.8035
50260 13.8005
50270 13.786
50280 13.7742
50290 13.775
50300 13.7785
50310 13.7846
50320 13.7921
50330 13.7927
50340 13.7952
50350 13.8155
50360 13.8342
50370 13.8403
50380 13.8406
50390 13.8358
50400 13.828
50410 13.8204
50420 13.8146
50430 13.8183
50440 13.8311
50450 13.8508
50460 13.8577
50470 13.8617
50480 13.8741
50490 13.8683
50500 13.8522
50510 13.8598
50520 13.8746
50530 13.8612
50540 13.8381
50550 13.8374
50560 13.8504
50570 13.8683
50580 13.8788
50590 13.8808
50600 13.8775
50610 13.8766
50620 13.8866
50630 13.9029
50640 13.9159
50650 13.9253
50660 13.9235
50670 13.9176
50680 13.9126
50690 13.9113
50700 13.9073
50710 13.9096
50720 13.9187
50730 13.9234
50740 13.9227
50750 13.9186
50760 13.9205
50770 13.9394
50780 13.9614
50790 13.9656
50800 13.9573
50810 13.9496
50820 13.9593
50830 13.9772
50840 13.9887
50850 13.9866
50860 13.9863
50870 14.0003
50880 14.0156
50890 14.0229
50900 14.0224
50910 14.0128
50920 13.9952
50930 13.9895
50940 14.0014
50950 14.0036
50960 13.9941
50970 14.0002
50980 14.0087
50990 13.9962
51000 13.9748
51010 13.9759
51020 13.9903
51030 14.0015
51040 14.0024
51050 13.9982
51060 13.9929
51070 14.0009
51080 14.0208
51090 14.0386
51100 14.0565
51110 14.072
51120 14.0693
51130 14.0571
51140 14.0604
51150 14.0661
51160 14.0662
51170 14.0619
51180 14.0554
51190 14.0543
51200 14.0685
51210 14.078
51220 14.064
51230 14.0553
51240 14.0705
51250 14.0771
51260 14.0618
51270 14.0554
51280 14.066
51290 14.0748
51300 14.092
51310 14.1183
51320 14.1322
51330 14.1352
51340 14.1353
51350 14.1315
51360 14.1278
51370 14.1321
51380 14.1401
51390 14.1429
51400 14.1458
51410 14.159
51420 14.1793
51430 14.1876
51440 14.1833
51450 14.191
51460 14.2107
51470 14.2254
51480 14.2288
51490 14.2163
51500 14.2076
51510 14.2167
51520 14.2252
51530 14.2176
51540 14.2108
51550 14.2047
51560 14.1984
51570 14.204
51580 14.22
51590 14.2312
51600 14.2267
51610 14.2332
51620 14.2473
51630 14.2472
51640 14.2494
51650 14.2677
51660 14.2819
51670 14.2834
51680 14.2719
51690 14.2542
51700 14.2423
51710 14.2359
51720 14.2352
51730 14.2394
51740 14.2474
51750 14.258
51760 14.2621
51770 14.2641
51780 14.2789
51790 14.297
51800 14.3045
51810 14.3136
51820 14.3354
51830 14.3506
51840 14.3429
51850 14.3415
51860 14.356
51870 14.3682
51880 14.3587
51890 14.341
51900 14.329
51910 14.3271
51920 14.334
51930 14.3412
51940 14.3362
51950 14.3397
51960 14.3566
51970 14.3784
51980 14.3993
51990 14.4033
52000 14.3974
52010 14.3986
52020 14.405
52030 14.405
52040 14.4136
52050 14.4314
52060 14.4369
52070 14.4252
52080 14.4182
52090 14.4221
52100 14.4294
52110 14.4359
52120 14.4463
52130 14.4489
52140 14.4525
52150 14.4598
52160 14.4604
52170 14.4549
52180 14.4431
52190 14.4271
52200 14.4223
52210 14.4398
52220 14.4592
52230 14.4605
52240 14.4613
52250 14.4689
52260 14.4724
52270 14.4789
52280 14.4836
52290 14.4828
52300 14.4838
52310 14.4757
52320 14.4662
52330 14.4598
52340 14.4643
52350 14.4672
52360 14.4625
52370 14.4637
52380 14.4706
52390 14.4744
52400 14.4775
52410 14.4747
52420 14.4687
52430 14.4643
52440 14.4619
52450 14.4583
52460 14.451
52470 14.4344
52480 14.4143
52490 14.406
52500 14.4175
52510 14.433
52520 14.4447
52530 14.4504
52540 14.4556
52550 14.467
52560 14.4729
52570 14.4687
52580 14.472
52590 14.4898
52600 14.4919
52610 14.4734
52620 14.4654
52630 14.4644
52640 14.4603
52650 14.4565
52660 14.4516
52670 14.4573
52680 14.4696
52690 14.4811
52700 14.4939
52710 14.5008
52720 14.4979
52730 14.5008
52740 14.5231
52750 14.5472
52760 14.5592
52770 14.5583
52780 14.56
52790 14.5773
52800 14.6017
52810 14.6157
52820 14.6249
52830 14.6383
52840 14.663
52850 14.6895
52860 14.6967
52870 14.6836
52880 14.68
52890 14.6917
52900 14.7012
52910 14.7067
52920 14.7132
52930 14.7154
52940 14.7115
52950 14.7043
52960 14.7004
52970 14.7072
52980 14.7054
52990 14.7018
53000 14.7108
53010 14.7225
53020 14.7112
53030 14.6937
53040 14.6855
53050 14.6871
53060 14.6866
53070 14.682
53080 14.6814
53090 14.6789
53100 14.6666
53110 14.6538
53120 14.6553
53130 14.6556
53140 14.6468
53150 14.6405
53160 14.6485
53170 14.6532
53180 14.6467
53190 14.6409
53200 14.6353
53210 14.6315
53220 14.6333
53230 14.6396
53240 14.6375
53250 14.6286
53260 14.6225
53270 14.6261
53280 14.6349
53290 14.6441
53300 14.6489
53310 14.6479
53320 14.6449
53330 14.6461
53340 14.659
53350 14.6641
53360 14.6588
53370 14.6486
53380 14.6393
53390 14.6408
53400 14.6457
53410 14.6463
53420 14.6398
53430 14.6333
53440 14.6411
53450 14.6564
53460 14.6561
53470 14.6479
53480 14.6475
53490 14.6609
53500 14.6694
53510 14.6728
53520 14.6755
53530 14.6722
53540 14.6581
53550 14.6543
53560 14.6703
53570 14.6789
53580 14.6796
53590 14.67
53600 14.6528
53610 14.6423
53620 14.6383
53630 14.6403
53640 14.6554
53650 14.675
53660 14.6873
53670 14.6972
53680 14.7171
53690 14.7333
53700 14.7428
53710 14.75
53720 14.7584
53730 14.7578
53740 14.7492
53750 14.7489
53760 14.7603
53770 14.7755
53780 14.7747
53790 14.768
53800 14.7688
53810 14.7763
53820 14.7886
53830 14.7996
53840 14.8053
53850 14.7975
53860 14.7992
53870 14.8152
53880 14.8327
53890 14.8431
53900 14.8432
53910 14.8278
53920 14.7988
53930 14.7907
53940 14.7914
53950 14.7803
53960 14.7745
53970 14.7866
53980 14.8019
53990 14.8194
54000 14.8281
54010 14.8191
54020 14.8148
54030 14.8279
54040 14.849
54050 14.861
54060 14.8659
54070 14.8668
54080 14.8647
54090 14.8794
54100 14.9106
54110 14.9217
54120 14.9073
54130 14.8883
54140 14.8858
54150 14.8962
54160 14.9042
54170 14.9048
54180 14.9049
54190 14.9093
54200 14.9001
54210 14.8809
54220 14.8754
54230 14.8867
54240 14.89
54250 14.8743
54260 14.8675
54270 14.8793
54280 14.8846
54290 14.8776
54300 14.8728
54310 14.8582
54320 14.8381
54330 14.8345
54340 14.8336
54350 14.8258
54360 14.8317
54370 14.8485
54380 14.8544
54390 14.8501
54400 14.8461
54410 14.8403
54420 14.8517
54430 14.8768
54440 14.8883
54450 14.8782
54460 14.8728
54470 14.8873
54480 14.8878
54490 14.8775
54500 14.8715
54510 14.8642
54520 14.8434
54530 14.8328
54540 14.8335
54550 14.8247
54560 14.8024
54570 14.7853
54580 14.7865
54590 14.7854
54600 14.7813
54610 14.7827
54620 14.7866
54630 14.7889
54640 14.7911
54650 14.7944
54660 14.8048
54670 14.8287
54680 14.8521
54690 14.8566
54700 14.8553
54710 14.8556
54720 14.856
54730 14.852
54740 14.8582
54750 14.86
54760 14.856
54770 14.8569
54780 14.8709
54790 14.8916
54800 14.9123
54810 14.9396
54820 14.9706
54830 15.0022
54840 15.0094
54850 15.0047
54860 15.0045
54870 15.0188
54880 15.0381
54890 15.044
54900 15.0312
54910 15.0162
54920 15.0102
54930 15.0069
54940 15.0166
54950 15.0335
54960 15.0301
54970 15.0152
54980 15.0168
54990 15.0245
55000 15.021
55010 15.0213
55020 15.0301
55030 15.0424
55040 15.0565
55050 15.0662
55060 15.0649
55070 15.0691
55080 15.0717
55090 15.0653
55100 15.06
55110 15.0649
55120 15.076
55130 15.0928
55140 15.1067
55150 15.124
55160 15.1303
55170 15.1286
55180 15.1281
55190 15.1244
55200 15.1205
55210 15.1177
55220 15.109
55230 15.0893
55240 15.0694
55250 15.0569
55260 15.0406
55270 15.0324
55280 15.0393
55290 15.0381
55300 15.0164
55310 15.0008
55320 14.998
55330 14.9891
55340 14.9808
55350 14.9886
55360 14.9973
55370 14.996
55380 15.0052
55390 15.0184
55400 15.0225
55410 15.0138
55420 14.999
55430 14.989
55440 14.9798
55450 14.9697
55460 14.9634
55470 14.9634
55480 14.9617
55490 14.9645
55500 14.969
55510 14.9637
55520 14.9501
55530 14.9423
55540 14.9418
55550 14.9517
55560 14.9605
55570 14.9546
55580 14.9492
55590 14.9464
55600 14.938
55610 14.9299
55620 14.9342
55630 14.9324
55640 14.9231
55650 14.9281
55660 14.942
55670 14.9465
55680 14.945
55690 14.9431
55700 14.9513
55710 14.96
55720 14.9664
55730 14.9727
55740 14.9622
55750 14.9439
55760 14.9441
55770 14.9515
55780 14.9491
55790 14.9549
55800 14.9646
55810 14.9611
55820 14.9523
55830 14.9498
55840 14.9612
55850 14.9745
55860 14.9752
55870 14.9637
55880 14.9602
55890 14.9554
55900 14.9346
55910 14.9065
55920 14.8848
55930 14.8681
55940 14.8618
55950 14.8662
55960 14.8724
55970 14.8767
55980 14.8779
55990 14.8869
56000 14.9
56010 14.9097
56020 14.9155
56030 14.9228
56040 14.9384
56050 14.949
56060 14.9396
56070 14.9307
56080 14.9371
56090 14.9417
56100 14.9261
56110 14.9088
56120 14.9165
56130 14.9379
56140 14.9494
56150 14.9446
56160 14.9491
56170 14.9577
56180 14.952
56190 14.9472
56200 14.9476
56210 14.939
56220 14.9265
56230 14.9226
56240 14.9214
56250 14.9165
56260 14.9243
56270 14.9413
56280 14.95
56290 14.9556
56300 14.9657
56310 14.9783
56320 14.9819
56330 14.9793
56340 14.9843
56350 14.9891
56360 14.9985
56370 15.0202
56380 15.0395
56390 15.0479
56400 15.0546
56410 15.0477
56420 15.0341
56430 15.0346
56440 15.0475
56450 15.0503
56460 15.0485
56470 15.0576
56480 15.0693
56490 15.0809
56500 15.0905
56510 15.0955
56520 15.0908
56530 15.0839
56540 15.0735
56550 15.0587
56560 15.039
56570 15.0414
56580 15.0711
56590 15.0945
56600 15.1007
56610 15.1105
56620 15.1256
56630 15.1268
56640 15.1369
56650 15.1624
56660 15.1691
56670 15.1556
56680 15.1505
56690 15.1536
56700 15.1548
56710 15.1468
56720 15.1396
56730 15.1308
56740 15.1311
56750 15.1492
56760 15.1693
56770 15.1695
56780 15.1657
56790 15.1736
56800 15.1731
56810 15.1591
56820 15.1555
56830 15.1682
56840 15.1777
56850 15.1712
56860 15.1649
56870 15.1581
56880 15.1535
56890 15.1531
56900 15.1585
56910 15.1669
56920 15.1681
56930 15.1669
56940 15.1574
56950 15.1438
56960 15.125
56970 15.1101
56980 15.1037
56990 15.1003
57000 15.0883
57010 15.0882
57020 15.0993
57030 15.0971
57040 15.0873
57050 15.0924
57060 15.108
57070 15.1256
57080 15.1399
57090 15.1445
57100 15.1514
57110 15.1633
57120 15.1648
57130 15.1595
57140 15.1623
57150 15.1643
57160 15.1614
57170 15.1428
57180 15.1232
57190 15.1252
57200 15.1319
57210 15.1248
57220 15.1133
57230 15.1157
57240 15.1388
57250 15.152
57260 15.1446
57270 15.138
57280 15.1438
57290 15.1393
57300 15.1301
57310 15.1462
57320 15.1778
57330 15.1939
57340 15.1986
57350 15.2062
57360 15.2231
57370 15.2352
57380 15.2484
57390 15.2619
57400 15.2687
57410 15.2713
57420 15.2662
57430 15.2644
57440 15.2743
57450 15.2827
57460 15.282
57470 15.2714
57480 15.2521
57490 15.2416
57500 15.2589
57510 15.282
57520 15.2927
57530 15.2915
57540 15.284
57550 15.2678
57560 15.256
57570 15.2513
57580 15.2539
57590 15.2552
57600 15.249
57610 15.2434
57620 15.2391
57630 15.2294
57640 15.2201
57650 15.2284
57660 15.245
57670 15.2477
57680 15.2401
57690 15.2488
57700 15.2616
57710 15.271
57720 15.285
57730 15.3055
57740 15.31
57750 15.3012
57760 15.3088
57770 15.3354
57780 15.3576
57790 15.3698
57800 15.3832
57810 15.3958
57820 15.396
57830 15.3985
57840 15.4221
57850 15.4634
57860 15.4799
57870 15.4708
57880 15.4716
57890 15.4736
57900 15.4682
57910 15.4633
57920 15.4612
57930 15.4496
57940 15.4469
57950 15.451
57960 15.4563
57970 15.4588
57980 15.457
57990 15.4504
58000 15.4528
58010 15.465
58020 15.4653
58030 15.4597
58040 15.4536
58050 15.4375
58060 15.4238
58070 15.4312
58080 15.4429
58090 15.4367
58100 15.4236
58110 15.4225
58120 15.4377
58130 15.4501
58140 15.4626
58150 15.4662
58160 15.4652
58170 15.462
58180 15.4611
58190 15.4581
58200 15.4476
58210 15.4614
58220 15.4831
58230 15.4914
58240 15.4918
58250 15.4847
58260 15.4889
58270 15.5018
58280 15.5174
58290 15.5268
58300 15.5234
58310 15.5168
58320 15.5254
58330 15.5456
58340 15.5529
58350 15.545
58360 15.539
58370 15.5405
58380 15.5371
58390 15.5358
58400 15.5456
58410 15.5554
58420 15.5572
58430 15.56
58440 15.5553
58450 15.5447
58460 15.5422
58470 15.5415
58480 15.546
58490 15.5571
58500 15.5573
58510 15.5435
58520 15.5355
58530 15.5437
58540 15.545
58550 15.5387
58560 15.5344
58570 15.534
58580 15.527
58590 15.5235
58600 15.5325
58610 15.5342
58620 15.5265
58630 15.537
58640 15.5673
58650 15.5893
58660 15.5884
58670 15.5698
58680 15.5522
58690 15.5455
58700 15.552
58710 15.5753
58720 15.5952
58730 15.5916
58740 15.5865
58750 15.5872
58760 15.5873
58770 15.5879
58780 15.5842
58790 15.5732
58800 15.5703
58810 15.586
58820 15.6068
58830 15.612
58840 15.5978
58850 15.5909
58860 15.6005
58870 15.618
58880 15.6443
58890 15.6631
58900 15.6613
58910 15.6597
58920 15.6691
58930 15.6748
58940 15.6856
58950 15.713
58960 15.729
58970 15.7302
58980 15.7384
58990 15.7603
59000 15.7644
59010 15.7498
59020 15.7365
59030 15.738
59040 15.7387
59050 15.7289
59060 15.7243
59070 15.7268
59080 15.7191
59090 15.7018
59100 15.6912
59110 15.6844
59120 15.6728
59130 15.6475
59140 15.6154
59150 15.5967
59160 15.6032
59170 15.6242
59180 15.6295
59190 15.6267
59200 15.631
59210 15.6352
59220 15.6372
59230 15.6301
59240 15.6201
59250 15.6166
59260 15.6279
59270 15.6387
59280 15.6455
59290 15.654
59300 15.6675
59310 15.6912
59320 15.7113
59330 15.729
59340 15.745
59350 15.7502
59360 15.7579
59370 15.7726
59380 15.7778
59390 15.763
59400 15.7512
59410 15.7722
59420 15.798
59430 15.804
59440 15.813
59450 15.8305
59460 15.8311
59470 15.8159
59480 15.8059
59490 15.8119
59500 15.822
59510 15.8327
59520 15.8355
59530 15.8291
59540 15.8303
59550 15.8383
59560 15.8275
59570 15.8075
59580 15.8005
59590 15.8072
59600 15.8023
59610 15.7885
59620 15.7696
59630 15.7476
59640 15.7319
59650 15.7219
59660 15.7126
59670 15.7042
59680 15.7007
59690 15.6911
59700 15.6773
59710 15.6726
59720 15.6829
59730 15.692
59740 15.6773
59750 15.6533
59760 15.6523
59770 15.6643
59780 15.6624
59790 15.6468
59800 15.6462
59810 15.6513
59820 15.6475
59830 15.6493
59840 15.6518
59850 15.6412
59860 15.6326
59870 15.6514
59880 15.6777
59890 15.687
59900 15.6858
59910 15.6837
59920 15.6934
59930 15.7052
59940 15.6998
59950 15.6837
59960 15.6731
59970 15.6738
59980 15.6714
59990 15.6522
60000 15.6322
60010 15.6109
60020 15.5986
60030 15.6004
60040 15.6076
60050 15.5962
60060 15.5784
60070 15.5734
60080 15.57
60090 15.57
60100 15.5708
60110 15.5659
60120 15.5632
60130 15.5703
60140 15.5778
60150 15.5864
60160 15.5922
60170 15.6041
60180 15.6227
60190 15.6284
60200 15.6256
60210 15.6276
60220 15.6284
60230 15.6274
60240 15.6342
60250 15.653
60260 15.6728
60270 15.6809
60280 15.6844
60290 15.7015
60300 15.7152
60310 15.7155
60320 15.7027
60330 15.6927
60340 15.6855
60350 15.6738
60360 15.6681
60370 15.6782
60380 15.6835
60390 15.6668
60400 15.642
60410 15.6393
60420 15.6577
60430 15.6621
60440 15.6583
60450 15.6581
60460 15.6586
60470 15.6542
60480 15.6438
60490 15.6338
60500 15.6366
60510 15.6391
60520 15.6421
60530 15.6343
60540 15.6176
60550 15.6032
60560 15.6013
60570 15.6114
60580 15.6179
60590 15.6078
60600 15.5953
60610 15.6096
60620 15.6203
60630 15.6077
60640 15.5941
60650 15.5949
60660 15.5925
60670 15.5915
60680 15.5925
60690 15.5729
60700 15.5506
60710 15.5489
60720 15.5611
60730 15.5592
60740 15.5407
60750 15.5179
60760 15.5116
60770 15.5112
60780 15.5151
60790 15.5232
60800 15.5259
60810 15.5286
60820 15.5386
60830 15.5466
60840 15.5444
60850 15.5488
60860 15.5666
60870 15.5812
60880 15.5821
60890 15.5873
60900 15.5925
60910 15.5892
60920 15.5883
60930 15.6022
60940 15.6306
60950 15.6587
60960 15.6675
60970 15.6568
60980 15.6487
60990 15.6467
61000 15.6468
61010 15.6574
61020 15.6849
61030 15.7005
61040 15.705
61050 15.7195
61060 15.7269
61070 15.7314
61080 15.742
61090 15.7523
61100 15.7636
61110 15.7806
61120 15.7838
61130 15.7738
61140 15.7668
61150 15.7723
61160 15.7822
61170 15.7943
61180 15.8047
61190 15.816
61200 15.8253
61210 15.8319
61220 15.8385
61230 15.8371
61240 15.84
61250 15.853
61260 15.866
61270 15.8697
61280 15.8769
61290 15.8952
61300 15.9132
61310 15.9155
61320 15.9043
61330 15.8791
61340 15.8582
61350 15.855
61360 15.8562
61370 15.8465
61380 15.8314
61390 15.8228
61400 15.8233
61410 15.8306
61420 15.834
61430 15.8317
61440 15.8226
61450 15.8132
61460 15.8047
61470 15.8024
61480 15.8062
61490 15.7968
61500 15.7763
61510 15.7489
61520 15.7267
61530 15.708
61540 15.7081
61550 15.7222
61560 15.7205
61570 15.713
61580 15.7202
61590 15.7221
61600 15.7072
61610 15.7009
61620 15.7113
61630 15.7205
61640 15.716
61650 15.7132
61660 15.7234
61670 15.7357
61680 15.7424
61690 15.7506
61700 15.7625
61710 15.776
61720 15.7883
61730 15.8074
61740 15.8322
61750 15.8526
61760 15.8637
61770 15.8727
61780 15.8929
61790 15.9128
61800 15.9225
61810 15.9347
61820 15.9396
61830 15.9213
61840 15.9012
61850 15.9057
61860 15.9258
61870 15.9244
61880 15.9136
61890 15.9214
61900 15.9345
61910 15.9353
61920 15.9234
61930 15.9126
61940 15.9148
61950 15.9214
61960 15.9242
61970 15.9159
61980 15.9084
61990 15.9124
62000 15.9129
62010 15.8982
62020 15.8847
62030 15.8833
62040 15.884
62050 15.8873
62060 15.8917
62070 15.8853
62080 15.8736
62090 15.874
62100 15.8868
62110 15.8969
62120 15.8942
62130 15.8986
62140 15.9172
62150 15.9274
62160 15.916
62170 15.9065
62180 15.9109
62190 15.9162
62200 15.9176
62210 15.9154
62220 15.9165
62230 15.9207
62240 15.9263
62250 15.9196
62260 15.9028
62270 15.8871
62280 15.8881
62290 15.9084
62300 15.9361
62310 15.9546
62320 15.9753
62330 16.0059
62340 16.023
62350 16.0233
62360 16.0281
62370 16.0545
62380 16.085
62390 16.0996
62400 16.1157
62410 16.14
62420 16.1557
62430 16.1616
62440 16.1552
62450 16.1428
62460 16.1474
62470 16.1643
62480 16.1645
62490 16.1377
62500 16.1286
62510 16.1481
62520 16.1483
62530 16.1356
62540 16.1395
62550 16.1391
62560 16.1224
62570 16.1043
62580 16.103
62590 16.1217
62600 16.1396
62610 16.1375
62620 16.1309
62630 16.1341
62640 16.1352
62650 16.1293
62660 16.1316
62670 16.1428
62680 16.1391
62690 16.1261
62700 16.1157
62710 16.1134
62720 16.1147
62730 16.109
62740 16.0998
62750 16.0849
62760 16.0839
62770 16.0997
62780 16.1019
62790 16.0953
62800 16.1031
62810 16.1159
62820 16.1145
62830 16.1195
62840 16.1441
62850 16.1559
62860 16.1408
62870 16.1334
62880 16.1498
62890 16.1554
62900 16.1445
62910 16.1462
62920 16.1522
62930 16.1444
62940 16.1327
62950 16.1313
62960 16.1414
62970 16.1674
62980 16.1992
62990 16.2194
63000 16.224
63010 16.2288
63020 16.2354
63030 16.2311
63040 16.2173
63050 16.2163
63060 16.2256
63070 16.2298
63080 16.2371
63090 16.2441
63100 16.2388
63110 16.2392
63120 16.255
63130 16.2608
63140 16.2468
63150 16.2356
63160 16.2389
63170 16.2494
63180 16.2527
63190 16.256
63200 16.2559
63210 16.2657
63220 16.2765
63230 16.2776
63240 16.2715
63250 16.2618
63260 16.2605
63270 16.2721
63280 16.2881
63290 16.3014
63300 16.3157
63310 16.3211
63320 16.323
63330 16.3437
63340 16.355
63350 16.3466
63360 16.3326
63370 16.3324
63380 16.3354
63390 16.3475
63400 16.3671
63410 16.3777
63420 16.3674
63430 16.3591
63440 16.3515
63450 16.3431
63460 16.3342
63470 16.3203
63480 16.3113
63490 16.3148
63500 16.328
63510 16.3359
63520 16.3353
63530 16.3375
63540 16.3476
63550 16.3501
63560 16.3543
63570 16.3678
63580 16.3838
63590 16.3738
63600 16.3493
63610 16.3478
63620 16.3649
63630 16.3754
63640 16.3754
63650 16.3758
63660 16.379
63670 16.3904
63680 16.41
63690 16.4173
63700 16.4104
63710 16.4001
63720 16.3999
63730 16.4089
63740 16.4146
63750 16.4046
63760 16.3942
63770 16.3892
63780 16.3806
63790 16.3723
63800 16.3703
63810 16.3617
63820 16.3488
63830 16.3431
63840 16.3527
63850 16.3712
63860 16.3776
63870 16.3602
63880 16.3311
63890 16.3204
63900 16.3251
63910 16.3246
63920 16.3106
63930 16.2953
63940 16.2977
63950 16.3049
63960 16.3082
63970 16.3114
63980 16.3104
63990 16.3176
64000 16.3321
64010 16.346
64020 16.3516
64030 16.3535
64040 16.3599
64050 16.3726
64060 16.3714
64070 16.3736
64080 16.3847
64090 16.384
64100 16.3896
64110 16.3976
64120 16.3955
64130 16.3922
64140 16.3928
64150 16.389
64160 16.3826
64170 16.378
64180 16.3824
64190 16.4037
64200 16.4187
64210 16.4157
64220 16.414
64230 16.4205
64240 16.4385
64250 16.4552
64260 16.4584
64270 16.45
64280 16.4588
64290 16.4785
64300 16.4971
64310 16.5177
64320 16.5424
64330 16.5519
64340 16.562
64350 16.5901
64360 16.6106
64370 16.6062
64380 16.5987
64390 16.6032
64400 16.6005
64410 16.5957
64420 16.595
64430 16.5896
64440 16.5911
64450 16.5986
64460 16.5964
64470 16.5837
64480 16.5832
64490 16.6011
64500 16.6078
64510 16.5933
64520 16.5913
64530 16.5971
64540 16.5959
64550 16.6083
64560 16.6221
64570 16.6298
64580 16.6349
64590 16.6365
64600 16.6393
64610 16.6577
64620 16.6786
64630 16.687
64640 16.6964
64650 16.7111
64660 16.719
64670 16.719
64680 16.732
64690 16.7379
64700 16.7253
64710 16.7185
64720 16.7185
64730 16.7225
64740 16.7372
64750 16.7521
64760 16.7437
64770 16.7344
64780 16.7532
64790 16.7666
64800 16.7611
64810 16.7591
64820 16.7823
64830 16.7939
64840 16.7919
64850 16.8009
64860 16.8108
64870 16.8005
64880 16.7891
64890 16.7859
64900 16.7838
64910 16.7857
64920 16.7855
64930 16.8008
64940 16.8166
64950 16.8231
64960 16.8123
64970 16.8045
64980 16.8149
64990 16.8273
65000 16.8286
65010 16.817
65020 16.8183
65030 16.8264
65040 16.8253
65050 16.8153
65060 16.807
65070 16.8076
65080 16.8082
65090 16.8038
65100 16.8062
65110 16.8118
65120 16.8035
65130 16.7995
65140 16.819
65150 16.8434
65160 16.8449
65170 16.8357
65180 16.8329
65190 16.842
65200 16.8584
65210 16.8659
65220 16.8593
65230 16.8504
65240 16.8461
65250 16.8472
65260 16.8469
65270 16.8397
65280 16.8377
65290 16.829
65300 16.8121
65310 16.8128
65320 16.8233
65330 16.8252
65340 16.837
65350 16.8552
65360 16.8483
65370 16.8222
65380 16.8189
65390 16.8345
65400 16.8315
65410 16.8109
65420 16.794
65430 16.7873
65440 16.7801
65450 16.7771
65460 16.7835
65470 16.7926
65480 16.7979
65490 16.8041
65500 16.8159
65510 16.8387
65520 16.8493
65530 16.8461
65540 16.8533
65550 16.8748
65560 16.875
65570 16.8653
65580 16.8657
65590 16.8757
65600 16.8802
65610 16.8842
65620 16.8866
65630 16.88
65640 16.8706
65650 16.8763
65660 16.8819
65670 16.8831
65680 16.887
65690 16.89
65700 16.8996
65710 16.9074
65720 16.9078
65730 16.904
65740 16.915
65750 16.9267
65760 16.9254
65770 16.9255
65780 16.93
65790 16.9318
65800 16.9251
65810 16.9275
65820 16.9352
65830 16.9411
65840 16.9506
65850 16.9513
65860 16.9466
65870 16.9554
65880 16.97
65890 16.9857
65900 17.0022
65910 17.002
65920 16.9869
65930 16.988
65940 17.005
65950 17.022
65960 17.0321
65970 17.0338
65980 17.0325
65990 17.0421
66000 17.0473
66010 17.0403
66020 17.0363
66030 17.0484
66040 17.0638
66050 17.0675
66060 17.0622
66070 17.0691
66080 17.0947
66090 17.1135
66100 17.1081
66110 17.1078
66120 17.1231
66130 17.1383
66140 17.1467
66150 17.1458
66160 17.1378
66170 17.1311
66180 17.1293
66190 17.1337
66200 17.1474
66210 17.1553
66220 17.154
66230 17.1488
66240 17.1392
66250 17.1152
66260 17.0799
66270 17.0508
66280 17.028
66290 17.016
66300 17.0234
66310 17.0376
66320 17.0511
66330 17.0574
66340 17.0598
66350 17.0716
66360 17.091
66370 17.1085
66380 17.1233
66390 17.1154
66400 17.1106
66410 17.1295
66420 17.1476
66430 17.1473
66440 17.148
66450 17.1614
66460 17.1737
66470 17.1888
66480 17.2186
66490 17.241
66500 17.2461
66510 17.2513
66520 17.2567
66530 17.2671
66540 17.2853
66550 17.2768
66560 17.2532
66570 17.2554
66580 17.2746
66590 17.2726
66600 17.2649
66610 17.2614
66620 17.2608
66630 17.2626
66640 17.2582
66650 17.2505
66660 17.245
66670 17.2463
66680 17.2487
66690 17.2483
66700 17.2407
66710 17.2309
66720 17.2251
66730 17.2398
66740 17.2483
66750 17.2386
66760 17.2339
66770 17.2383
66780 17.238
66790 17.2385
66800 17.2562
66810 17.2696
66820 17.2686
66830 17.2713
66840 17.2868
66850 17.2958
66860 17.2949
66870 17.2901
66880 17.2913
66890 17.2952
66900 17.2935
66910 17.277
66920 17.2719
66930 17.2882
66940 17.3027
66950 17.2939
66960 17.285
66970 17.3014
66980 17.3319
66990 17.3512
67000 17.3483
67010 17.346
67020 17.3527
67030 17.3651
67040 17.3764
67050 17.3958
67060 17.4126
67070 17.4151
67080 17.423
67090 17.4354
67100 17.4322
67110 17.432
67120 17.4517
67130 17.4564
67140 17.441
67150 17.4408
67160 17.45
67170 17.4467
67180 17.4333
67190 17.427
67200 17.4295
67210 17.4291
67220 17.4162
67230 17.4106
67240 17.412
67250 17.4094
67260 17.4072
67270 17.4044
67280 17.3908
67290 17.391
67300 17.3972
67310 17.3962
67320 17.3859
67330 17.368
67340 17.359
67350 17.3604
67360 17.3742
67370 17.3812
67380 17.3822
67390 17.3937
67400 17.4045
67410 17.4035
67420 17.4052
67430 17.4145
67440 17.4214
67450 17.4242
67460 17.4317
67470 17.4342
67480 17.434
67490 17.4374
67500 17.4372
67510 17.4339
67520 17.4363
67530 17.4448
67540 17.4588
67550 17.4738
67560 17.4766
67570 17.4699
67580 17.4918
67590 17.5221
67600 17.5266
67610 17.5145
67620 17.5149
67630 17.5283
67640 17.5164
67650 17.5072
67660 17.5148
67670 17.5225
67680 17.5292
67690 17.5466
67700 17.5542
67710 17.5482
67720 17.5312
67730 17.523
67740 17.5277
67750 17.5373
67760 17.5401
67770 17.532
67780 17.5163
67790 17.5056
67800 17.5024
67810 17.5019
67820 17.4832
67830 17.4639
67840 17.468
67850 17.4779
67860 17.4724
67870 17.4626
67880 17.462
67890 17.4756
67900 17.4865
67910 17.4861
67920 17.4921
67930 17.5029
67940 17.5008
67950 17.5022
67960 17.5223
67970 17.5423
67980 17.5528
67990 17.5657
68000 17.5652
68010 17.5537
68020 17.5615
68030 17.5763
68040 17.5799
68050 17.5828
68060 17.5869
68070 17.5847
68080 17.5734
68090 17.5766
68100 17.5869
68110 17.5873
68120 17.5782
68130 17.5884
68140 17.6104
68150 17.6228
68160 17.6041
68170 17.5696
68180 17.5613
68190 17.5827
68200 17.5964
68210 17.5956
68220 17.6001
68230 17.605
68240 17.6018
68250 17.6007
68260 17.6101
68270 17.6067
68280 17.581
68290 17.5694
68300 17.5758
68310 17.577
68320 17.5739
68330 17.5784
68340 17.5888
68350 17.6012
68360 17.6166
68370 17.6215
68380 17.6227
68390 17.6329
68400 17.6391
68410 17.6357
68420 17.6252
68430 17.6236
68440 17.6366
68450 17.6491
68460 17.6521
68470 17.6556
68480 17.6673
68490 17.6806
68500 17.6809
68510 17.6763
68520 17.6776
68530 17.684
68540 17.6979
68550 17.7106
68560 17.7176
68570 17.7307
68580 17.7426
68590 17.7488
68600 17.75
68610 17.7533
68620 17.7717
68630 17.7883
68640 17.7892
68650 17.7947
68660 17.8075
68670 17.821
68680 17.8391
68690 17.8571
68700 17.8555
68710 17.8495
68720 17.8604
68730 17.8727
68740 17.8648
68750 17.8533
68760 17.8438
68770 17.8332
68780 17.8324
68790 17.8215
68800 17.7953
68810 17.786
68820 17.8063
68830 17.8171
68840 17.8012
68850 17.7962
68860 17.8074
68870 17.8195
68880 17.8198
68890 17.81
68900 17.8051
68910 17.8041
68920 17.8013
68930 17.7922
68940 17.7811
68950 17.7819
68960 17.7837
68970 17.78
68980 17.786
68990 17.8075
69000 17.8272
69010 17.8242
69020 17.8181
69030 17.837
69040 17.8659
69050 17.8774
69060 17.8835
69070 17.8882
69080 17.9014
69090 17.9327
69100 17.9556
69110 17.9544
69120 17.9608
69130 17.9835
69140 17.9996
69150 17.9981
69160 17.9928
69170 17.981
69180 17.965
69190 17.9577
69200 17.9574
69210 17.9596
69220 17.9554
69230 17.9369
69240 17.9187
69250 17.9282
69260 17.9405
69270 17.9296
69280 17.9128
69290 17.905
69300 17.8999
69310 17.8958
69320 17.8929
69330 17.8895
69340 17.8882
69350 17.8797
69360 17.8653
69370 17.8552
69380 17.8595
69390 17.8595
69400 17.8415
69410 17.8344
69420 17.8407
69430 17.8457
69440 17.844
69450 17.8334
69460 17.8168
69470 17.8085
69480 17.8223
69490 17.8285
69500 17.8295
69510 17.8373
69520 17.848
69530 17.8608
69540 17.8782
69550 17.8814
69560 17.8715
69570 17.8712
69580 17.8855
69590 17.8885
69600 17.884
69610 17.8849
69620 17.8831
69630 17.8715
69640 17.8628
69650 17.8639
69660 17.8627
69670 17.8374
69680 17.8169
69690 17.8187
69700 17.8157
69710 17.8043
69720 17.8078
69730 17.814
69740 17.806
69750 17.8004
69760 17.7951
69770 17.7803
69780 17.767
69790 17.7682
69800 17.7663
69810 17.7547
69820 17.7415
69830 17.7286
69840 17.7118
69850 17.7147
69860 17.7334
69870 17.7299
69880 17.7136
69890 17.7102
69900 17.7165
69910 17.713
69920 17.7072
69930 17.7097
69940 17.7214
69950 17.7314
69960 17.7496
69970 17.7721
69980 17.7848
69990 17.7827
70000 17.7763
70010 17.7671
70020 17.7491
70030 17.7537
70040 17.7573
70050 17.7412
70060 17.7226
70070 17.7128
70080 17.7119
70090 17.7126
70100 17.7165
70110 17.7157
70120 17.7099
70130 17.7072
70140 17.7101
70150 17.7097
70160 17.7169
70170 17.7267
70180 17.7294
70190 17.7435
70200 17.7632
70210 17.7642
70220 17.7614
70230 17.7788
70240 17.8025
70250 17.8101
70260 17.818
70270 17.8332
70280 17.8424
70290 17.8458
70300 17.8527
70310 17.867
70320 17.8799
70330 17.8879
70340 17.8938
70350 17.892
70360 17.8817
70370 17.8725
70380 17.8682
70390 17.8652
70400 17.8506
70410 17.8435
70420 17.8542
70430 17.8573
70440 17.848
70450 17.846
70460 17.8521
70470 17.8628
70480 17.8735
70490 17.8742
70500 17.8705
70510 17.8719
70520 17.8685
70530 17.856
70540 17.8541
70550 17.8672
70560 17.8813
70570 17.8761
70580 17.867
70590 17.8693
70600 17.8688
70610 17.861
70620 17.87
70630 17.896
70640 17.9092
70650 17.9008
70660 17.9022
70670 17.9155
70680 17.9101
70690 17.8953
70700 17.8961
70710 17.8962
70720 17.8898
70730 17.8957
70740 17.9135
70750 17.9165
70760 17.9142
70770 17.9116
70780 17.9092
70790 17.9046
70800 17.9011
70810 17.9009
70820 17.9033
70830 17.907
70840 17.904
70850 17.893
70860 17.898
70870 17.9159
70880 17.9262
70890 17.9416
70900 17.9616
70910 17.9623
70920 17.9595
70930 17.9784
70940 17.9985
70950 18.0259
70960 18.0607
70970 18.0854
70980 18.0998
70990 18.1085
71000 18.1104
71010 18.1119
71020 18.1287
71030 18.1595
71040 18.1739
71050 18.1822
71060 18.1915
71070 18.2015
71080 18.2144
71090 18.2296
71100 18.2251
71110 18.206
71120 18.1894
71130 18.1632
71140 18.1427
71150 18.1471
71160 18.1554
71170 18.1456
71180 18.1501
71190 18.1771
71200 18.1948
71210 18.1902
71220 18.1775
71230 18.1734
71240 18.1783
71250 18.1731
71260 18.165
71270 18.1549
71280 18.1495
71290 18.146
71300 18.1459
71310 18.1483
71320 18.1399
71330 18.1244
71340 18.1173
71350 18.1249
71360 18.1173
71370 18.0941
71380 18.0865
71390 18.0803
71400 18.0617
71410 18.0479
71420 18.04
71430 18.0358
71440 18.0371
71450 18.0399
71460 18.0402
71470 18.0316
71480 18.0267
71490 18.0226
71500 18.013
71510 18.0089
71520 18.0258
71530 18.0465
71540 18.0484
71550 18.0479
71560 18.0557
71570 18.0664
71580 18.0776
71590 18.0889
71600 18.094
71610 18.0844
71620 18.0709
71630 18.0726
71640 18.0907
71650 18.1031
71660 18.1113
71670 18.1292
71680 18.1559
71690 18.1689
71700 18.1666
71710 18.1668
71720 18.1786
71730 18.1893
71740 18.1852
71750 18.1825
71760 18.1871
71770 18.1876
71780 18.1805
71790 18.1777
71800 18.1807
71810 18.1742
71820 18.1593
71830 18.1541
71840 18.161
71850 18.1787
71860 18.1835
71870 18.1849
71880 18.1913
71890 18.2049
71900 18.2228
71910 18.2409
71920 18.2429
71930 18.2479
71940 18.2649
71950 18.2708
71960 18.2657
71970 18.27
71980 18.2754
71990 18.2539
72000 18.2259
72010 18.2136
72020 18.1996
72030 18.1919
72040 18.2014
72050 18.2109
72060 18.2083
72070 18.1907
72080 18.1858
72090 18.1945
72100 18.1875
72110 18.1732
72120 18.1721
72130 18.1765
72140 18.1825
72150 18.1996
72160 18.2123
72170 18.2113
72180 18.2128
72190 18.2185
72200 18.2054
72210 18.1772
72220 18.1773
72230 18.2004
72240 18.2039
72250 18.2051
72260 18.2172
72270 18.2235
72280 18.2186
72290 18.2216
72300 18.2184
72310 18.2009
72320 18.1933
72330 18.1953
72340 18.1976
72350 18.1899
72360 18.1776
72370 18.1703
72380 18.166
72390 18.16
72400 18.1714
72410 18.1954
72420 18.1914
72430 18.1781
72440 18.1894
72450 18.2118
72460 18.2067
72470 18.184
72480 18.1741
72490 18.1717
72500 18.1633
72510 18.1664
72520 18.1794
72530 18.1826
72540 18.1786
72550 18.1803
72560 18.1843
72570 18.1985
72580 18.2072
72590 18.2086
72600 18.2091
72610 18.2202
72620 18.2354
72630 18.243
72640 18.2484
72650 18.2603
72660 18.2684
72670 18.2815
72680 18.2897
72690 18.2847
72700 18.2872
72710 18.2832
72720 18.2658
72730 18.2493
72740 18.2477
72750 18.2498
72760 18.2416
72770 18.2282
72780 18.2186
72790 18.2293
72800 18.2443
72810 18.2435
72820 18.236
72830 18.2323
72840 18.2397
72850 18.2514
72860 18.2499
72870 18.2448
72880 18.243
72890 18.2388
72900 18.2332
72910 18.2291
72920 18.2355
72930 18.2448
72940 18.2484
72950 18.2432
72960 18.2545
72970 18.2684
72980 18.2723
72990 18.2776
73000 18.2823
73010 18.2725
73020 18.2613
73030 18.2567
73040 18.2431
73050 18.2234
73060 18.2163
73070 18.2167
73080 18.2173
73090 18.2307
73100 18.2599
73110 18.2738
73120 18.2768
73130 18.2844
73140 18.2992
73150 18.31
73160 18.3079
73170 18.3003
73180 18.3086
73190 18.3266
73200 18.3495
73210 18.3685
73220 18.3777
73230 18.3688
73240 18.3519
73250 18.3568
73260 18.3731
73270 18.3748
73280 18.3811
73290 18.4076
73300 18.4274
73310 18.4241
73320 18.4292
73330 18.4482
73340 18.4463
73350 18.4231
73360 18.4265
73370 18.4482
73380 18.4473
73390 18.4381
73400 18.4454
73410 18.4511
73420 18.4342
73430 18.4122
73440 18.4098
73450 18.4186
73460 18.417
73470 18.4173
73480 18.4187
73490 18.4194
73500 18.4198
73510 18.4249
73520 18.4413
73530 18.4497
73540 18.431
73550 18.4096
73560 18.4116
73570 18.4134
73580 18.3902
73590 18.3642
73600 18.3732
73610 18.3919
73620 18.4047
73630 18.409
73640 18.3982
73650 18.3817
73660 18.3817
73670 18.3902
73680 18.3951
73690 18.3929
73700 18.3809
73710 18.3828
73720 18.3938
73730 18.387
73740 18.3692
73750 18.3721
73760 18.3801
73770 18.38
73780 18.3741
73790 18.3905
73800 18.4141
73810 18.408
73820 18.3886
73830 18.4046
73840 18.4313
73850 18.4267
73860 18.4083
73870 18.4118
73880 18.4244
73890 18.4323
73900 18.4394
73910 18.4547
73920 18.4523
73930 18.4386
73940 18.4324
73950 18.4349
73960 18.4357
73970 18.4402
73980 18.4351
73990 18.4237
74000 18.4146
74010 18.4157
74020 18.4226
74030 18.4257
74040 18.4456
74050 18.4731
74060 18.4773
74070 18.4607
74080 18.4476
74090 18.4559
74100 18.4708
74110 18.4731
74120 18.4711
74130 18.4804
74140 18.5058
74150 18.5268
74160 18.5348
74170 18.5461
74180 18.5685
74190 18.593
74200 18.6045
74210 18.6111
74220 18.6302
74230 18.6563
74240 18.6672
74250 18.6616
74260 18.6621
74270 18.6667
74280 18.675
74290 18.6758
74300 18.665
74310 18.6539
74320 18.6452
74330 18.6287
74340 18.6175
74350 18.6254
74360 18.6328
74370 18.6259
74380 18.6101
74390 18.6079
74400 18.6328
74410 18.6585
74420 18.6635
74430 18.6708
74440 18.6925
74450 18.7093
74460 18.7167
74470 18.7275
74480 18.7414
74490 18.7441
74500 18.7542
74510 18.78
74520 18.79
74530 18.7867
74540 18.7978
74550 18.8111
74560 18.8015
74570 18.7878
74580 18.7953
74590 18.8101
74600 18.8106
74610 18.8173
74620 18.8341
74630 18.839
74640 18.8378
74650 18.8414
74660 18.8462
74670 18.8481
74680 18.8487
74690 18.8531
74700 18.8595
74710 18.8598
74720 18.8471
74730 18.8439
74740 18.8521
74750 18.8555
74760 18.8618
74770 18.8782
74780 18.8769
74790 18.8537
74800 18.8506
74810 18.867
74820 18.865
74830 18.8603
74840 18.8671
74850 18.8733
74860 18.8673
74870 18.8676
74880 18.8859
74890 18.9077
74900 18.9301
74910 18.9538
74920 18.9775
74930 18.999
74940 18.9986
74950 18.9837
74960 18.986
74970 18.9949
74980 18.9882
74990 18.9763
75000 18.9604
75010 18.9555
75020 18.9599
75030 18.9583
75040 18.9516
75050 18.946
75060 18.9444
75070 18.9514
75080 18.9568
75090 18.945
75100 18.9241
75110 18.9242
75120 18.9407
75130 18.948
75140 18.957
75150 18.9833
75160 18.9933
75170 18.9768
75180 18.9733
75190 18.9803
75200 18.9698
75210 18.9433
75220 18.927
75230 18.9183
75240 18.9198
75250 18.9259
75260 18.9261
75270 18.9183
75280 18.9163
75290 18.9325
75300 18.9532
75310 18.9507
75320 18.9295
75330 18.9312
75340 18.9535
75350 18.9536
75360 18.9508
75370 18.9688
75380 18.9862
75390 18.988
75400 18.9791
75410 18.9733
75420 18.978
75430 18.9757
75440 18.9592
75450 18.9455
75460 18.9475
75470 18.9436
75480 18.926
75490 18.9289
75500 18.9432
75510 18.9492
75520 18.9569
75530 18.9621
75540 18.9556
75550 18.9506
75560 18.9519
75570 18.947
75580 18.9448
75590 18.9416
75600 18.9279
75610 18.9078
75620 18.897
75630 18.8964
75640 18.8979
75650 18.8988
75660 18.9044
75670 18.9162
75680 18.9245
75690 18.9307
75700 18.9427
75710 18.9448
75720 18.9419
75730 18.9379
75740 18.9354
75750 18.9432
75760 18.9677
75770 18.991
75780 19.0039
75790 19.0191
75800 19.0467
75810 19.0585
75820 19.0621
75830 19.0695
75840 19.0664
75850 19.0519
75860 19.056
75870 19.0713
75880 19.0745
75890 19.0825
75900 19.0933
75910 19.0937
75920 19.0885
75930 19.0886
75940 19.0851
75950 19.0872
75960 19.1068
75970 19.1072
75980 19.0897
75990 19.095
76000 19.1139
76010 19.1076
76020 19.0937
76030 19.0959
76040 19.1146
76050 19.1316
76060 19.1531
76070 19.1811
76080 19.2016
76090 19.2114
76100 19.2166
76110 19.2099
76120 19.1961
76130 19.1973
76140 19.2177
76150 19.2257
76160 19.209
76170 19.1983
76180 19.1947
76190 19.1934
76200 19.2064
76210 19.2234
76220 19.2274
76230 19.2271
76240 19.236
76250 19.2411
76260 19.2435
76270 19.2436
76280 19.2527
76290 19.2791
76300 19.284
76310 19.2628
76320 19.2657
76330 19.2848
76340 19.2874
76350 19.279
76360 19.2776
76370 19.2843
76380 19.2903
76390 19.2917
76400 19.2776
76410 19.2566
76420 19.2552
76430 19.2742
76440 19.2796
76450 19.2689
76460 19.2586
76470 19.2523
76480 19.2645
76490 19.2761
76500 19.2482
76510 19.2044
76520 19.1889
76530 19.188
76540 19.1784
76550 19.1744
76560 19.1905
76570 19.1986
76580 19.1952
76590 19.1843
76600 19.184
76610 19.1921
76620 19.19
76630 19.1917
76640 19.2135
76650 19.2249
76660 19.2204
76670 19.2241
76680 19.2303
76690 19.2226
76700 19.2111
76710 19.2105
76720 19.215
76730 19.2047
76740 19.1955
76750 19.1943
76760 19.1904
76770 19.1845
76780 19.189
76790 19.2079
76800 19.2186
76810 19.2165
76820 19.2125
76830 19.2258
76840 19.2434
76850 19.2435
76860 19.2273
76870 19.2202
76880 19.2283
76890 19.237
76900 19.2263
76910 19.2061
76920 19.2051
76930 19.2154
76940 19.2095
76950 19.1872
76960 19.1676
76970 19.1613
76980 19.1568
76990 19.1395
77000 19.1196
77010 19.1132
77020 19.1223
77030 19.1305
77040 19.125
77050 19.1265
77060 19.132
77070 19.1276
77080 19.1293
77090 19.1408
77100 19.1343
77110 19.1185
77120 19.115
77130 19.1142
77140 19.1134
77150 19.1161
77160 19.1255
77170 19.1285
77180 19.1179
77190 19.1112
77200 19.1217
77210 19.1375
77220 19.1441
77230 19.1427
77240 19.1591
77250 19.1915
77260 19.2206
77270 19.2287
77280 19.2286
77290 19.242
77300 19.2557
77310 19.2571
77320 19.253
77330 19.2589
77340 19.2772
77350 19.283
77360 19.2909
77370 19.3058
77380 19.3118
77390 19.3212
77400 19.337
77410 19.3511
77420 19.3459
77430 19.334
77440 19.3248
77450 19.3204
77460 19.3098
77470 19.289
77480 19.2663
77490 19.2611
77500 19.2676
77510 19.2559
77520 19.2305
77530 19.2212
77540 19.2429
77550 19.2621
77560 19.2556
77570 19.2364
77580 19.2216
77590 19.2158
77600 19.2206
77610 19.218
77620 19.2191
77630 19.2323
77640 19.2303
77650 19.216
77660 19.2195
77670 19.2263
77680 19.2309
77690 19.2421
77700 19.2543
77710 19.2504
77720 19.2491
77730 19.2421
77740 19.2309
77750 19.2219
77760 19.2197
77770 19.2009
77780 19.1761
77790 19.1686
77800 19.1921
77810 19.2122
77820 19.2131
77830 19.2124
77840 19.2317
77850 19.2515
77860 19.2567
77870 19.2547
77880 19.2588
77890 19.2653
77900 19.2668
77910 19.265
77920 19.2611
77930 19.2586
77940 19.2736
77950 19.2946
77960 19.2868
77970 19.2634
77980 19.2589
77990 19.271
78000 19.2851
78010 19.2886
78020 19.2841
78030 19.2781
78040 19.2818
78050 19.3024
78060 19.3216
78070 19.3241
78080 19.318
78090 19.3238
78100 19.3526
78110 19.3763
78120 19.3758
78130 19.3558
78140 19.3399
78150 19.3481
78160 19.3543
78170 19.3438
78180 19.336
78190 19.3378
78200 19.3422
78210 19.3451
78220 19.3508
78230 19.3565
78240 19.3487
78250 19.3208
78260 19.2948
78270 19.2796
78280 19.2789
78290 19.2921
78300 19.3036
78310 19.2998
78320 19.2937
78330 19.3043
78340 19.3363
78350 19.366
78360 19.3676
78370 19.3518
78380 19.3446
78390 19.3588
78400 19.381
78410 19.3907
78420 19.378
78430 19.3776
78440 19.3982
78450 19.4112
78460 19.4069
78470 19.4136
78480 19.4367
78490 19.4504
78500 19.4465
78510 19.4366
78520 19.4329
78530 19.4361
78540 19.4347
78550 19.4225
78560 19.3951
78570 19.3765
78580 19.3808
78590 19.3949
78600 19.4101
78610 19.4203
78620 19.4132
78630 19.3932
78640 19.3862
78650 19.3908
78660 19.3982
78670 19.4005
78680 19.4045
78690 19.4232
78700 19.4303
78710 19.414
78720 19.398
78730 19.407
78740 19.4351
78750 19.4682
78760 19.4925
78770 19.4948
78780 19.4937
78790 19.513
78800 19.527
78810 19.5152
78820 19.515
78830 19.5405
78840 19.5504
78850 19.5396
78860 19.5402
78870 19.5472
78880 19.5482
78890 19.5491
78900 19.5504
78910 19.5362
78920 19.5084
78930 19.4893
78940 19.4808
78950 19.466
78960 19.4462
78970 19.4217
78980 19.402
78990 19.3993
79000 19.4061
79010 19.4068
79020 19.4023
79030 19.3974
79040 19.3859
79050 19.3696
79060 19.3629
79070 19.3663
79080 19.3576
79090 19.3437
79100 19.3375
79110 19.3375
79120 19.3462
79130 19.3606
79140 19.3703
79150 19.3795
79160 19.3942
79170 19.4039
79180 19.4095
79190 19.4269
79200 19.4373
79210 19.4375
79220 19.4364
79230 19.4457
79240 19.4617
79250 19.476
79260 19.4822
79270 19.4859
79280 19.4792
79290 19.4719
79300 19.479
79310 19.4908
79320 19.4907
79330 19.49
79340 19.5107
79350 19.5311
79360 19.5375
79370 19.5417
79380 19.5415
79390 19.5375
79400 19.5334
79410 19.5235
79420 19.5164
79430 19.5202
79440 19.5379
79450 19.5515
79460 19.562
79470 19.5707
79480 19.5606
79490 19.5417
79500 19.5526
79510 19.5836
79520 19.6128
79530 19.6336
79540 19.64
79550 19.6474
79560 19.6693
79570 19.6927
79580 19.7052
79590 19.7092
79600 19.7264
79610 19.7426
79620 19.7313
79630 19.703
79640 19.7027
79650 19.7074
79660 19.7012
79670 19.6862
79680 19.666
79690 19.6618
79700 19.673
79710 19.6931
79720 19.7065
79730 19.7069
79740 19.7069
79750 19.7218
79760 19.737
79770 19.733
79780 19.7088
79790 19.6789
79800 19.6576
79810 19.6413
79820 19.638
79830 19.6495
79840 19.6632
79850 19.6612
79860 19.6411
79870 19.6297
79880 19.6317
79890 19.6319
79900 19.6217
79910 19.6212
79920 19.6357
79930 19.6381
79940 19.6211
79950 19.6038
79960 19.6074
79970 19.6354
79980 19.6636
79990 19.671
80000 19.6744
80010 19.6905
80020 19.7113
80030 19.718
80040 19.7093
80050 19.6964
80060 19.6844
80070 19.6859
80080 19.6853
80090 19.6754
80100 19.6623
80110 19.6462
80120 19.6426
80130 19.6489
80140 19.6567
80150 19.6446
80160 19.6055
80170 19.5758
80180 19.5712
80190 19.5535
80200 19.5287
80210 19.5173
80220 19.5116
80230 19.4947
80240 19.4848
80250 19.4903
80260 19.4954
80270 19.5012
80280 19.5191
80290 19.5234
80300 19.5113
80310 19.5173
80320 19.5428
80330 19.5523
80340 19.5466
80350 19.5443
80360 19.5433
80370 19.5398
80380 19.5379
80390 19.5294
80400 19.5228
80410 19.5325
80420 19.5466
80430 19.5441
80440 19.5264
80450 19.5273
80460 19.543
80470 19.5556
80480 19.5745
80490 19.5977
80500 19.613
80510 19.6302
80520 19.646
80530 19.6444
80540 19.6389
80550 19.6482
80560 19.6606
80570 19.6642
80580 19.6567
80590 19.648
80600 19.6401
80610 19.6453
80620 19.6603
80630 19.6785
80640 19.6901
80650 19.6933
80660 19.6996
80670 19.7051
80680 19.7033
80690 19.7006
80700 19.7083
80710 19.7229
80720 19.7309
80730 19.7303
80740 19.7353
80750 19.7516
80760 19.7624
80770 19.7597
80780 19.7598
80790 19.7649
80800 19.7671
80810 19.7738
80820 19.7841
80830 19.7807
80840 19.7572
80850 19.7558
80860 19.7791
80870 19.7905
80880 19.766
80890 19.7456
80900 19.7445
80910 19.7405
80920 19.7305
80930 19.7153
80940 19.7059
80950 19.7147
80960 19.7398
80970 19.7624
80980 19.7693
80990 19.7674
81000 19.7746
81010 19.7853
81020 19.7907
81030 19.7926
81040 19.7946
81050 19.7917
81060 19.7859
81070 19.7857
81080 19.7777
81090 19.766
81100 19.7624
81110 19.7579
81120 19.7461
81130 19.7411
81140 19.7451
81150 19.7371
81160 19.7305
81170 19.7363
81180 19.7347
81190 19.7308
81200 19.7398
81210 19.742
81220 19.7208
81230 19.7047
81240 19.7082
81250 19.7004
81260 19.6806
81270 19.6696
81280 19.6662
81290 19.6631
81300 19.6537
81310 19.6541
81320 19.6691
81330 19.6742
81340 19.6722
81350 19.6732
81360 19.6713
81370 19.6709
81380 19.6766
81390 19.6831
81400 19.6928
81410 19.7059
81420 19.7151
81430 19.7389
81440 19.7491
81450 19.7309
81460 19.7142
81470 19.732
81480 19.7412
81490 19.7179
81500 19.7071
81510 19.7136
81520 19.71
81530 19.7128
81540 19.7289
81550 19.7266
81560 19.7096
81570 19.713
81580 19.7169
81590 19.7107
81600 19.7164
81610 19.7345
81620 19.756
81630 19.7755
81640 19.7717
81650 19.7728
81660 19.775
81670 19.7687
81680 19.7642
81690 19.7721
81700 19.7712
81710 19.7624
81720 19.757
81730 19.7675
81740 19.7788
81750 19.7902
81760 19.791
81770 19.7832
81780 19.7783
81790 19.7751
81800 19.769
81810 19.7767
81820 19.7826
81830 19.7742
81840 19.7696
81850 19.7752
81860 19.7797
81870 19.7846
81880 19.7926
81890 19.7998
81900 19.8177
81910 19.8474
81920 19.8649
81930 19.8742
81940 19.8894
81950 19.8959
81960 19.8862
81970 19.8653
81980 19.8515
81990 19.8622
82000 19.8619
82010 19.8406
82020 19.8215
82030 19.821
82040 19.8493
82050 19.8788
82060 19.8832
82070 19.8694
82080 19.8744
82090 19.8892
82100 19.8849
82110 19.8687
82120 19.8697
82130 19.8727
82140 19.8519
82150 19.8266
82160 19.8231
82170 19.8398
82180 19.8579
82190 19.8754
82200 19.8933
82210 19.9019
82220 19.9079
82230 19.9266
82240 19.9391
82250 19.9265
82260 19.9121
82270 19.9199
82280 19.9215
82290 19.9066
82300 19.9045
82310 19.9088
82320 19.9009
82330 19.886
82340 19.8848
82350 19.8849
82360 19.8836
82370 19.8792
82380 19.8669
82390 19.8534
82400 19.849
82410 19.8434
82420 19.8279
82430 19.8108
82440 19.8195
82450 19.8429
82460 19.8436
82470 19.8122
82480 19.7854
82490 19.7883
82500 19.785
82510 19.7623
82520 19.7563
82530 19.757
82540 19.7539
82550 19.7534
82560 19.7583
82570 19.7549
82580 19.7522
82590 19.746
82600 19.7374
82610 19.7247
82620 19.7065
82630 19.6989
82640 19.7077
82650 19.7202
82660 19.7243
82670 19.7412
82680 19.7722
82690 19.7998
82700 19.8171
82710 19.8298
82720 19.8385
82730 19.8498
82740 19.8693
82750 19.8852
82760 19.8996
82770 19.9121
82780 19.9227
82790 19.9349
82800 19.9581
82810 19.9748
82820 19.9764
82830 19.9881
82840 20.009
82850 20.012
82860 19.9943
82870 19.9929
82880 20.0247
82890 20.0461
82900 20.0483
82910 20.0556
82920 20.0596
82930 20.0546
82940 20.071
82950 20.0948
82960 20.0835
82970 20.0695
82980 20.0742
82990 20.0806
83000 20.0677
83010 20.0515
83020 20.0511
83030 20.0581
83040 20.061
83050 20.0538
83060 20.0417
83070 20.0451
83080 20.0544
83090 20.0542
83100 20.0584
83110 20.0594
83120 20.0543
83130 20.0632
83140 20.0728
83150 20.0762
83160 20.0843
83170 20.1014
83180 20.1119
83190 20.1154
83200 20.1188
83210 20.1111
83220 20.0955
83230 20.0829
83240 20.069
83250 20.0521
83260 20.0422
83270 20.0432
83280 20.0489
83290 20.0531
83300 20.055
83310 20.0493
83320 20.0471
83330 20.0658
83340 20.0953
83350 20.106
83360 20.1211
83370 20.1629
83380 20.1958
83390 20.2029
83400 20.2002
83410 20.1933
83420 20.1968
83430 20.2123
83440 20.2052
83450 20.1873
83460 20.1966
83470 20.2144
83480 20.1988
83490 20.1781
83500 20.1729
83510 20.1749
83520 20.1724
83530 20.1644
83540 20.1595
83550 20.1718
83560 20.1825
83570 20.1887
83580 20.2
83590 20.2012
83600 20.2053
83610 20.2137
83620 20.2219
83630 20.2367
83640 20.2412
83650 20.2315
83660 20.2318
83670 20.2595
83680 20.2823
83690 20.2741
83700 20.2812
83710 20.3088
83720 20.3202
83730 20.3253
83740 20.3261
83750 20.3283
83760 20.3504
83770 20.3809
83780 20.3938
83790 20.3862
83800 20.3808
83810 20.384
83820 20.3918
83830 20.4062
83840 20.4224
83850 20.4342
83860 20.4397
83870 20.4419
83880 20.4297
83890 20.4169
83900 20.4107
83910 20.4135
83920 20.433
83930 20.4519
83940 20.4533
83950 20.4449
83960 20.4493
83970 20.4595
83980 20.4547
83990 20.4497
84000 20.464
84010 20.4836
84020 20.4979
84030 20.5055
84040 20.4983
84050 20.4966
84060 20.5012
84070 20.499
84080 20.4985
84090 20.4999
84100 20.5
84110 20.5081
84120 20.5199
84130 20.5244
84140 20.522
84150 20.515
84160 20.4984
84170 20.4862
84180 20.4915
84190 20.4966
84200 20.4841
84210 20.4708
84220 20.4847
84230 20.5092
84240 20.5123
84250 20.4977
84260 20.4955
84270 20.5076
84280 20.5222
84290 20.5239
84300 20.5087
84310 20.4875
84320 20.475
84330 20.473
84340 20.4686
84350 20.4521
84360 20.4459
84370 20.4542
84380 20.4531
84390 20.452
84400 20.471
84410 20.4952
84420 20.5081
84430 20.5239
84440 20.5376
84450 20.5396
84460 20.5271
84470 20.5169
84480 20.5288
84490 20.5484
84500 20.5567
84510 20.5421
84520 20.5256
84530 20.5278
84540 20.5401
84550 20.5529
84560 20.5562
84570 20.5587
84580 20.5598
84590 20.5654
84600 20.5559
84610 20.5477
84620 20.5673
84630 20.5865
84640 20.5847
84650 20.5767
84660 20.5796
84670 20.588
84680 20.607
84690 20.6298
84700 20.6448
84710 20.6491
84720 20.6452
84730 20.6461
84740 20.6628
84750 20.6831
84760 20.684
84770 20.6781
84780 20.683
84790 20.6813
84800 20.6641
84810 20.6647
84820 20.6796
84830 20.6781
84840 20.6529
84850 20.6306
84860 20.6276
84870 20.6398
84880 20.6462
84890 20.6501
84900 20.6526
84910 20.6518
84920 20.6508
84930 20.6567
84940 20.6591
84950 20.6559
84960 20.6562
84970 20.6646
84980 20.6705
84990 20.668
85000 20.6698
85010 20.678
85020 20.6797
85030 20.6866
85040 20.7017
85050 20.6908
85060 20.668
85070 20.6656
85080 20.6925
85090 20.7047
85100 20.6901
85110 20.6857
85120 20.6941
85130 20.693
85140 20.6762
85150 20.668
85160 20.6781
85170 20.6936
85180 20.703
85190 20.714
85200 20.7174
85210 20.6961
85220 20.672
85230 20.6709
85240 20.6841
85250 20.6912
85260 20.6836
85270 20.6865
85280 20.7068
85290 20.7265
85300 20.7356
85310 20.7219
85320 20.7089
85330 20.7222
85340 20.7446
85350 20.7452
85360 20.7287
85370 20.7153
85380 20.706
85390 20.7052
85400 20.7307
85410 20.7519
85420 20.7442
85430 20.7255
85440 20.7157
85450 20.7024
85460 20.6797
85470 20.6612
85480 20.6541
85490 20.6377
85500 20.6151
85510 20.6059
85520 20.5906
85530 20.5776
85540 20.5841
85550 20.5859
85560 20.5794
85570 20.592
85580 20.6299
85590 20.6582
85600 20.6681
85610 20.6848
85620 20.7185
85630 20.7387
85640 20.7436
85650 20.7656
85660 20.8011
85670 20.8187
85680 20.8103
85690 20.7934
85700 20.7916
85710 20.8235
85720 20.8679
85730 20.892
85740 20.8935
85750 20.9024
85760 20.9125
85770 20.9204
85780 20.938
85790 20.9548
85800 20.9535
85810 20.9623
85820 20.9774
85830 20.9801
85840 20.9962
85850 21.0103
85860 20.9986
85870 20.992
85880 21.007
85890 21.0071
85900 20.9934
85910 20.9982
85920 21.0092
85930 21.0243
85940 21.0414
85950 21.0591
85960 21.0718
85970 21.0842
85980 21.1051
85990 21.1393
86000 21.1871
86010 21.212
86020 21.2092
86030 21.2339
86040 21.2623
86050 21.2501
86060 21.2319
86070 21.2326
86080 21.2365
86090 21.2257
86100 21.2038
86110 21.1929
86120 21.189
86130 21.1714
86140 21.1495
86150 21.1391
86160 21.1366
86170 21.1378
86180 21.1379
86190 21.1348
86200 21.1177
86210 21.1066
86220 21.1039
86230 21.0988
86240 21.0941
86250 21.0848
86260 21.0772
86270 21.0804
86280 21.0841
86290 21.0984
86300 21.1101
86310 21.1113
86320 21.0944
86330 21.0811
86340 21.0729
86350 21.0619
86360 21.062
86370 21.0749
86380 21.089
86390 21.1042
86400 21.1282
86410 21.146
86420 21.1588
86430 21.1661
86440 21.1715
86450 21.1743
86460 21.1758
86470 21.1733
86480 21.167
86490 21.1772
86500 21.206
86510 21.2231
86520 21.2257
86530 21.2254
86540 21.2325
86550 21.2511
86560 21.2695
86570 21.2669
86580 21.2421
86590 21.2233
86600 21.2214
86610 21.2211
86620 21.2221
86630 21.2265
86640 21.2171
86650 21.2008
86660 21.2046
86670 21.2072
86680 21.2042
86690 21.2189
86700 21.2395
86710 21.2519
86720 21.2514
86730 21.2558
86740 21.2692
86750 21.2774
86760 21.2773
86770 21.2742
86780 21.2651
86790 21.2481
86800 21.2439
86810 21.2533
86820 21.2575
86830 21.2637
86840 21.2779
86850 21.2772
86860 21.2505
86870 21.2405
86880 21.2543
86890 21.2637
86900 21.254
86910 21.2489
86920 21.2594
86930 21.244
86940 21.2269
86950 21.2373
86960 21.2397
86970 21.2246
86980 21.2171
86990 21.2119
87000 21.2027
87010 21.1932
87020 21.1941
87030 21.1985
87040 21.2025
87050 21.2017
87060 21.2012
87070 21.1979
87080 21.1849
87090 21.1669
87100 21.1531
87110 21.1419
87120 21.1343
87130 21.141
87140 21.1522
87150 21.1666
87160 21.1918
87170 21.2137
87180 21.23
87190 21.2468
87200 21.2673
87210 21.2818
87220 21.2747
87230 21.2663
87240 21.2771
87250 21.298
87260 21.2971
87270 21.2909
87280 21.2982
87290 21.3079
87300 21.3085
87310 21.3211
87320 21.3315
87330 21.3273
87340 21.3159
87350 21.3268
87360 21.3646
87370 21.3853
87380 21.3726
87390 21.3431
87400 21.335
87410 21.3203
87420 21.3054
87430 21.3074
87440 21.3126
87450 21.3088
87460 21.3052
87470 21.2991
87480 21.2848
87490 21.2889
87500 21.3057
87510 21.302
87520 21.286
87530 21.2782
87540 21.2686
87550 21.2454
87560 21.2366
87570 21.2533
87580 21.2626
87590 21.2601
87600 21.2732
87610 21.2947
87620 21.3043
87630 21.3114
87640 21.3247
87650 21.3208
87660 21.3044
87670 21.2986
87680 21.3107
87690 21.3228
87700 21.3398
87710 21.3507
87720 21.3427
87730 21.3306
87740 21.3319
87750 21.342
87760 21.3404
87770 21.3419
87780 21.3445
87790 21.3431
87800 21.3503
87810 21.3713
87820 21.385
87830 21.3771
87840 21.3729
87850 21.3869
87860 21.402
87870 21.4023
87880 21.3981
87890 21.4053
87900 21.4142
87910 21.4297
87920 21.4396
87930 21.4406
87940 21.4542
87950 21.4833
87960 21.4972
87970 21.5005
87980 21.5223
87990 21.543
88000 21.5497
88010 21.5546
88020 21.5602
88030 21.5622
88040 21.5539
88050 21.559
88060 21.5733
88070 21.5826
88080 21.5845
88090 21.5704
88100 21.5588
88110 21.5631
88120 21.5755
88130 21.5809
88140 21.5706
88150 21.5682
88160 21.5933
88170 21.6284
88180 21.6529
88190 21.6704
88200 21.6737
88210 21.6726
88220 21.6881
88230 21.7047
88240 21.6963
88250 21.6858
88260 21.6914
88270 21.7162
88280 21.7451
88290 21.7651
88300 21.7641
88310 21.7578
88320 21.7591
88330 21.7676
88340 21.7631
88350 21.7515
88360 21.7526
88370 21.749
88380 21.7292
88390 21.7067
88400 21.7109
88410 21.7243
88420 21.7211
88430 21.709
88440 21.7109
88450 21.7117
88460 21.7088
88470 21.7081
88480 21.7035
88490 21.6903
88500 21.6913
88510 21.7027
88520 21.7094
88530 21.7114
88540 21.7217
88550 21.7256
88560 21.7042
88570 21.6814
88580 21.6651
88590 21.6537
88600 21.6448
88610 21.6421
88620 21.6502
88630 21.6693
88640 21.6848
88650 21.6824
88660 21.6729
88670 21.6797
88680 21.6901
88690 21.6821
88700 21.6789
88710 21.7057
88720 21.7391
88730 21.7467
88740 21.7396
88750 21.7428
88760 21.7528
88770 21.7402
88780 21.725
88790 21.7336
88800 21.7435
88810 21.7386
88820 21.7344
88830 21.7458
88840 21.7663
88850 21.7591
88860 21.7291
88870 21.7085
88880 21.7038
88890 21.6947
88900 21.6747
88910 21.6588
88920 21.6547
88930 21.6549
88940 21.651
88950 21.6454
88960 21.64
88970 21.6449
88980 21.6534
88990 21.6393
89000 21.6237
89010 21.6111
89020 21.6008
89030 21.5844
89040 21.5693
89050 21.5497
89060 21.5328
89070 21.5179
89080 21.505
89090 21.5159
89100 21.5341
89110 21.5359
89120 21.5187
89130 21.5043
89140 21.5112
89150 21.5387
89160 21.5576
89170 21.5539
89180 21.5423
89190 21.5294
89200 21.526
89210 21.5294
89220 21.5433
89230 21.56
89240 21.5715
89250 21.5794
89260 21.5723
89270 21.562
89280 21.5683
89290 21.5801
89300 21.5746
89310 21.5557
89320 21.5494
89330 21.5617
89340 21.5773
89350 21.6004
89360 21.6181
89370 21.627
89380 21.6291
89390 21.6427
89400 21.6566
89410 21.6543
89420 21.6565
89430 21.68
89440 21.6934
89450 21.6892
89460 21.7042
89470 21.7218
89480 21.715
89490 21.7147
89500 21.7265
89510 21.7237
89520 21.7318
89530 21.7375
89540 21.7228
89550 21.7167
89560 21.742
89570 21.7676
89580 21.7617
89590 21.7461
89600 21.7402
89610 21.7473
89620 21.7607
89630 21.7649
89640 21.7551
89650 21.7768
89660 21.808
89670 21.8195
89680 21.8226
89690 21.84
89700 21.8612
89710 21.8772
89720 21.8934
89730 21.9072
89740 21.9232
89750 21.9377
89760 21.9523
89770 21.9494
89780 21.9209
89790 21.8898
89800 21.8846
89810 21.9032
89820 21.9152
89830 21.9103
89840 21.9021
89850 21.8813
89860 21.8607
89870 21.8512
89880 21.8446
89890 21.8233
89900 21.8065
89910 21.8152
89920 21.8205
89930 21.8081
89940 21.8075
89950 21.8324
89960 21.8493
89970 21.842
89980 21.8322
89990 21.8335
90000 21.843
90010 21.8437
90020 21.8456
90030 21.8463
90040 21.8442
90050 21.849
90060 21.8755
90070 21.9078
90080 21.9081
90090 21.9066
90100 21.9278
90110 21.9484
90120 21.9419
90130 21.9268
90140 21.9175
90150 21.9118
90160 21.9053
90170 21.9022
90180 21.8952
90190 21.8803
90200 21.8778
90210 21.8933
90220 21.9008
90230 21.8984
90240 21.8992
90250 21.9151
90260 21.9306
90270 21.9332
90280 21.9438
90290 21.9462
90300 21.9321
90310 21.9203
90320 21.9118
90330 21.8912
90340 21.8767
90350 21.8801
90360 21.8841
90370 21.877
90380 21.8676
90390 21.8634
90400 21.8753
90410 21.8879
90420 21.8822
90430 21.8601
90440 21.8308
90450 21.8176
90460 21.8132
90470 21.8105
90480 21.7936
90490 21.7712
90500 21.7689
90510 21.7759
90520 21.7698
90530 21.7582
90540 21.7645
90550 21.789
90560 21.7976
90570 21.7896
90580 21.793
90590 21.808
90600 21.8137
90610 21.8187
90620 21.8317
90630 21.8377
90640 21.8185
90650 21.7976
90660 21.8042
90670 21.835
90680 21.8676
90690 21.8965
90700 21.9135
90710 21.9232
90720 21.9346
90730 21.9503
90740 21.96
90750 21.9618
90760 21.9662
90770 21.969
90780 21.9607
90790 21.959
90800 21.9753
90810 21.9921
90820 21.9838
90830 21.9607
90840 21.9565
90850 21.9696
90860 21.9908
90870 21.9987
90880 21.995
90890 21.9942
90900 22.0043
90910 22.0018
90920 21.9829
90930 21.9762
90940 21.9822
90950 21.9725
90960 21.961
90970 21.9597
90980 21.9668
90990 22.0003
91000 22.0321
91010 22.0312
91020 22.0168
91030 22.014
91040 22.0148
91050 22.0255
91060 22.0319
91070 22.0214
91080 22.0262
91090 22.0546
91100 22.067
91110 22.0429
91120 22.019
91130 22.0137
91140 22.0147
91150 22.004
91160 22.0009
91170 21.9905
91180 21.9689
91190 21.9638
91200 21.9807
91210 21.9983
91220 22.0055
91230 22.0155
91240 22.0315
91250 22.0543
91260 22.0798
91270 22.1007
91280 22.1176
91290 22.1202
91300 22.116
91310 22.1131
91320 22.1127
91330 22.1179
91340 22.1203
91350 22.1261
91360 22.1322
91370 22.1461
91380 22.1649
91390 22.1886
91400 22.202
91410 22.1994
91420 22.1982
91430 22.2101
91440 22.2156
91450 22.2141
91460 22.202
91470 22.1897
91480 22.1999
91490 22.222
91500 22.2248
91510 22.218
91520 22.2225
91530 22.2483
91540 22.2694
91550 22.2774
91560 22.2892
91570 22.2922
91580 22.2867
91590 22.303
91600 22.3266
91610 22.3242
91620 22.322
91630 22.3383
91640 22.3429
91650 22.3472
91660 22.3576
91670 22.3515
91680 22.331
91690 22.319
91700 22.312
91710 22.2866
91720 22.2645
91730 22.2523
91740 22.225
91750 22.2057
91760 22.2134
91770 22.2128
91780 22.1951
91790 22.1837
91800 22.1794
91810 22.1746
91820 22.1685
91830 22.1759
91840 22.1968
91850 22.2027
91860 22.1942
91870 22.1939
91880 22.2022
91890 22.2158
91900 22.2191
91910 22.2262
91920 22.2358
91930 22.2261
91940 22.2116
91950 22.2199
91960 22.2277
91970 22.2178
91980 22.2004
91990 22.1847
92000 22.1697
92010 22.1512
92020 22.1468
92030 22.1506
92040 22.1539
92050 22.1539
92060 22.1678
92070 22.1843
92080 22.1783
92090 22.1605
92100 22.1393
92110 22.1309
92120 22.1411
92130 22.1476
92140 22.1409
92150 22.1343
92160 22.1368
92170 22.1484
92180 22.1591
92190 22.1589
92200 22.1643
92210 22.1769
92220 22.197
92230 22.2027
92240 22.1988
92250 22.2076
92260 22.234
92270 22.2495
92280 22.2522
92290 22.2695
92300 22.2783
92310 22.2615
92320 22.2624
92330 22.2821
92340 22.2821
92350 22.2722
92360 22.2789
92370 22.2834
92380 22.2719
92390 22.2608
92400 22.2506
92410 22.2324
92420 22.218
92430 22.2127
92440 22.2206
92450 22.2356
92460 22.2471
92470 22.2441
92480 22.2241
92490 22.2066
92500 22.2044
92510 22.2125
92520 22.2253
92530 22.242
92540 22.2581
92550 22.2634
92560 22.2687
92570 22.2738
92580 22.2808
92590 22.2926
92600 22.3123
92610 22.3314
92620 22.3549
92630 22.3749
92640 22.3821
92650 22.3972
92660 22.4032
92670 22.4019
92680 22.404
92690 22.4094
92700 22.4077
92710 22.4012
92720 22.3972
92730 22.3932
92740 22.3921
92750 22.4061
92760 22.4228
92770 22.4237
92780 22.4221
92790 22.4317
92800 22.4423
92810 22.4468
92820 22.4411
92830 22.4298
92840 22.4278
92850 22.4309
92860 22.4318
92870 22.4314
92880 22.437
92890 22.4543
92900 22.4703
92910 22.486
92920 22.5099
92930 22.5323
92940 22.5337
92950 22.5308
92960 22.5576
92970 22.5837
92980 22.5775
92990 22.5673
93000 22.5664
93010 22.5558
93020 22.5388
93030 22.5421
93040 22.5583
93050 22.5558
93060 22.5444
93070 22.5483
93080 22.552
93090 22.5414
93100 22.5326
93110 22.5248
93120 22.5072
93130 22.5018
93140 22.5096
93150 22.5107
93160 22.5069
93170 22.5089
93180 22.5271
93190 22.5448
93200 22.5354
93210 22.5065
93220 22.4818
93230 22.4632
93240 22.4493
93250 22.4467
93260 22.4581
93270 22.4678
93280 22.4845
93290 22.5023
93300 22.5109
93310 22.5128
93320 22.533
93330 22.5692
93340 22.5872
93350 22.5869
93360 22.589
93370 22.5969
93380 22.5898
93390 22.5943
93400 22.6109
93410 22.6227
93420 22.6215
93430 22.6166
93440 22.6256
93450 22.6515
93460 22.682
93470 22.6993
93480 22.6958
93490 22.685
93500 22.6661
93510 22.6776
93520 22.7225
93530 22.7556
93540 22.7531
93550 22.7343
93560 22.7329
93570 22.7415
93580 22.7314
93590 22.7133
93600 22.7129
93610 22.7183
93620 22.7145
93630 22.7049
93640 22.6894
93650 22.6843
93660 22.6862
93670 22.6956
93680 22.7005
93690 22.7121
93700 22.733
93710 22.7434
93720 22.7369
93730 22.7381
93740 22.7432
93750 22.7392
93760 22.7342
93770 22.7425
93780 22.7505
93790 22.7587
93800 22.77
93810 22.783
93820 22.7995
93830 22.8168
93840 22.8283
93850 22.8438
93860 22.8466
93870 22.8331
93880 22.8113
93890 22.8114
93900 22.8124
93910 22.8062
93920 22.796
93930 22.7872
93940 22.7777
93950 22.7735
93960 22.7821
93970 22.797
93980 22.8083
93990 22.8064
94000 22.8019
94010 22.8122
94020 22.8228
94030 22.8113
94040 22.7995
94050 22.8047
94060 22.8119
94070 22.8074
94080 22.8032
94090 22.813
94100 22.8113
94110 22.7982
94120 22.7857
94130 22.7714
94140 22.756
94150 22.7462
94160 22.741
94170 22.7528
94180 22.7858
94190 22.8169
94200 22.826
94210 22.821
94220 22.813
94230 22.8165
94240 22.8105
94250 22.7946
94260 22.796
94270 22.809
94280 22.7962
94290 22.7661
94300 22.7473
94310 22.7537
94320 22.7469
94330 22.7212
94340 22.7104
94350 22.7018
94360 22.6988
94370 22.7044
94380 22.7184
94390 22.7267
94400 22.7332
94410 22.736
94420 22.7418
94430 22.752
94440 22.7613
94450 22.7664
94460 22.7599
94470 22.7431
94480 22.7303
94490 22.7228
94500 22.7138
94510 22.7052
94520 22.6911
94530 22.6813
94540 22.674
94550 22.6586
94560 22.6283
94570 22.61
94580 22.6153
94590 22.6183
94600 22.6096
94610 22.6066
94620 22.6033
94630 22.6062
94640 22.6112
94650 22.6022
94660 22.5868
94670 22.5868
94680 22.5989
94690 22.5995
94700 22.592
94710 22.6112
94720 22.6404
94730 22.6627
94740 22.6659
94750 22.6604
94760 22.6501
94770 22.6524
94780 22.655
94790 22.6591
94800 22.6774
94810 22.6847
94820 22.6706
94830 22.6596
94840 22.6709
94850 22.6926
94860 22.7006
94870 22.6974
94880 22.7012
94890 22.699
94900 22.6869
94910 22.6914
94920 22.7105
94930 22.7099
94940 22.6834
94950 22.6713
94960 22.675
94970 22.6704
94980 22.6699
94990 22.6837
95000 22.6995
95010 22.7136
95020 22.7264
95030 22.7228
95040 22.7114
95050 22.7127
95060 22.7212
95070 22.7211
95080 22.7225
95090 22.7323
95100 22.7516
95110 22.7479
95120 22.7264
95130 22.7216
95140 22.7273
95150 22.7272
95160 22.7193
95170 22.7172
95180 22.7218
95190 22.7338
95200 22.7467
95210 22.7405
95220 22.735
95230 22.7447
95240 22.7463
95250 22.7246
95260 22.7059
95270 22.692
95280 22.6816
95290 22.6813
95300 22.6813
95310 22.6717
95320 22.6691
95330 22.6859
95340 22.6852
95350 22.6628
95360 22.6574
95370 22.6755
95380 22.6847
95390 22.6751
95400 22.6545
95410 22.6393
95420 22.6345
95430 22.6415
95440 22.651
95450 22.6513
95460 22.6385
95470 22.6305
95480 22.64
95490 22.6654
95500 22.6929
95510 22.7123
95520 22.7288
95530 22.7435
95540 22.7538
95550 22.7577
95560 22.7591
95570 22.7649
95580 22.7806
95590 22.7928
95600 22.794
95610 22.7813
95620 22.7768
95630 22.7815
95640 22.7688
95650 22.7501
95660 22.7575
95670 22.7646
95680 22.7538
95690 22.7395
95700 22.7408
95710 22.7477
95720 22.7472
95730 22.7552
95740 22.7726
95750 22.7754
95760 22.7785
95770 22.798
95780 22.8125
95790 22.8112
95800 22.8197
95810 22.8263
95820 22.8292
95830 22.8336
95840 22.8395
95850 22.8551
95860 22.8687
95870 22.8721
95880 22.8795
95890 22.8932
95900 22.8977
95910 22.8837
95920 22.8686
95930 22.8655
95940 22.8656
95950 22.8765
95960 22.9026
95970 22.9242
95980 22.9327
95990 22.9388
96000 22.9626
96010 22.9948
96020 23.0164
96030 23.025
96040 23.0316
96050 23.0385
96060 23.0447
96070 23.0557
96080 23.0747
96090 23.0741
96100 23.0651
96110 23.0787
96120 23.1124
96130 23.1405
96140 23.1492
96150 23.1489
96160 23.1456
96170 23.1461
96180 23.1627
96190 23.1853
96200 23.1839
96210 23.1801
96220 23.1963
96230 23.2284
96240 23.238
96250 23.2275
96260 23.2343
96270 23.2471
96280 23.2438
96290 23.2363
96300 23.2477
96310 23.2666
96320 23.2828
96330 23.3071
96340 23.318
96350 23.324
96360 23.3529
96370 23.3903
96380 23.3916
96390 23.361
96400 23.3419
96410 23.3348
96420 23.3284
96430 23.3191
96440 23.32
96450 23.3133
96460 23.293
96470 23.2778
96480 23.2853
96490 23.2976
96500 23.2998
96510 23.3009
96520 23.2969
96530 23.2881
96540 23.2741
96550 23.2564
96560 23.2571
96570 23.2685
96580 23.2848
96590 23.2978
96600 23.2962
96610 23.2768
96620 23.2543
96630 23.2558
96640 23.2659
96650 23.2504
96660 23.2308
96670 23.2299
96680 23.2262
96690 23.1997
96700 23.1906
96710 23.1919
96720 23.1799
96730 23.1643
96740 23.1585
96750 23.1593
96760 23.1631
96770 23.1661
96780 23.1687
96790 23.1668
96800 23.1466
96810 23.1151
96820 23.0817
96830 23.0758
96840 23.0895
96850 23.0876
96860 23.0903
96870 23.1235
96880 23.1381
96890 23.1221
96900 23.1255
96910 23.1647
96920 23.1913
96930 23.1882
96940 23.1851
96950 23.1935
96960 23.2053
96970 23.2245
96980 23.2348
96990 23.2335
97000 23.2388
97010 23.2599
97020 23.2749
97030 23.2739
97040 23.2788
97050 23.2805
97060 23.2764
97070 23.2805
97080 23.2916
97090 23.3092
97100 23.318
97110 23.3179
97120 23.3214
97130 23.3322
97140 23.3403
97150 23.3443
97160 23.3498
97170 23.3575
97180 23.3713
97190 23.4021
97200 23.4278
97210 23.4276
97220 23.4235
97230 23.4242
97240 23.4304
97250 23.4374
97260 23.4504
97270 23.4612
97280 23.4537
97290 23.4499
97300 23.4533
97310 23.4428
97320 23.4387
97330 23.441
97340 23.4351
97350 23.4217
97360 23.4305
97370 23.4495
97380 23.4416
97390 23.421
97400 23.4278
97410 23.4564
97420 23.4554
97430 23.433
97440 23.4232
97450 23.4189
97460 23.4025
97470 23.3742
97480 23.3598
97490 23.3642
97500 23.3761
97510 23.3814
97520 23.3593
97530 23.3337
97540 23.3384
97550 23.3583
97560 23.3528
97570 23.3249
97580 23.3234
97590 23.3456
97600 23.3555
97610 23.3616
97620 23.3615
97630 23.3489
97640 23.3456
97650 23.3616
97660 23.3773
97670 23.3748
97680 23.3798
97690 23.3961
97700 23.3925
97710 23.3745
97720 23.3724
97730 23.3729
97740 23.3741
97750 23.3886
97760 23.4027
97770 23.4081
97780 23.4073
97790 23.4119
97800 23.4126
97810 23.4128
97820 23.4082
97830 23.4007
97840 23.41
97850 23.4238
97860 23.4241
97870 23.434
97880 23.4399
97890 23.4194
97900 23.422
97910 23.439
97920 23.4399
97930 23.4301
97940 23.4435
97950 23.4738
97960 23.4792
97970 23.4599
97980 23.4444
97990 23.4387
98000 23.4331
98010 23.4229
98020 23.4207
98030 23.4154
98040 23.3974
98050 23.3929
98060 23.3984
98070 23.3854
98080 23.3614
98090 23.346
98100 23.3406
98110 23.3357
98120 23.3375
98130 23.3407
98140 23.3378
98150 23.3312
98160 23.3268
98170 23.3111
98180 23.2767
98190 23.2488
98200 23.2343
98210 23.2323
98220 23.2342
98230 23.2369
98240 23.248
98250 23.2741
98260 23.2845
98270 23.2804
98280 23.2918
98290 23.3092
98300 23.3085
98310 23.3078
98320 23.3098
98330 23.3055
98340 23.3072
98350 23.3236
98360 23.3375
98370 23.3292
98380 23.322
98390 23.3357
98400 23.358
98410 23.383
98420 23.4034
98430 23.3944
98440 23.3893
98450 23.4085
98460 23.4268
98470 23.426
98480 23.4226
98490 23.4356
98500 23.4518
98510 23.4578
98520 23.4571
98530 23.4583
98540 23.455
98550 23.4692
98560 23.4959
98570 23.4959
98580 23.4997
98590 23.5253
98600 23.5346
98610 23.5243
98620 23.5287
98630 23.5398
98640 23.539
98650 23.5354
98660 23.5255
98670 23.5131
98680 23.5268
98690 23.5373
98700 23.5276
98710 23.5217
98720 23.5203
98730 23.5095
98740 23.5044
98750 23.5205
98760 23.5338
98770 23.5409
98780 23.5539
98790 23.5588
98800 23.5535
98810 23.5605
98820 23.5816
98830 23.5951
98840 23.6028
98850 23.6293
98860 23.6674
98870 23.6776
98880 23.683
98890 23.6998
98900 23.7071
98910 23.7055
98920 23.711
98930 23.7125
98940 23.7074
98950 23.702
98960 23.7039
98970 23.7008
98980 23.7029
98990 23.7153
99000 23.7197
99010 23.716
99020 23.7086
99030 23.7033
99040 23.681
99050 23.6622
99060 23.6521
99070 23.6423
99080 23.6297
99090 23.6149
99100 23.6089
99110 23.6103
99120 23.6202
99130 23.6277
99140 23.6273
99150 23.6198
99160 23.6219
99170 23.6299
99180 23.6392
99190 23.6574
99200 23.6749
99210 23.6903
99220 23.6934
99230 23.7013
99240 23.7296
99250 23.7499
99260 23.7526
99270 23.7593
99280 23.7642
99290 23.7661
99300 23.7773
99310 23.7941
99320 23.807
99330 23.8236
99340 23.8344
99350 23.8384
99360 23.8461
99370 23.8532
99380 23.8637
99390 23.8708
99400 23.8751
99410 23.8929
99420 23.912
99430 23.9171
99440 23.9198
99450 23.943
99460 23.9536
99470 23.9548
99480 23.962
99490 23.9631
99500 23.9624
99510 23.9715
99520 23.9725
99530 23.9591
99540 23.9505
99550 23.9296
99560 23.8865
99570 23.864
99580 23.8611
99590 23.8444
99600 23.8238
99610 23.8204
99620 23.8039
99630 23.7789
99640 23.7832
99650 23.806
99660 23.7983
99670 23.7626
99680 23.7564
99690 23.764
99700 23.7712
99710 23.7882
99720 23.7892
99730 23.7798
99740 23.7888
99750 23.8309
99760 23.871
99770 23.8832
99780 23.8815
99790 23.9006
99800 23.9311
99810 23.9545
99820 23.9544
99830 23.9471
99840 23.9684
99850 24.0068
99860 24.0299
99870 24.0228
99880 24.0082
99890 24.0055
99900 24.0114
99910 24.0228
99920 24.0334
99930 24.0386
99940 24.0273
99950 24.0255
99960 24.0366
99970 24.0398
99980 24.0351
99990 24.0412
100000 24.044
100010 24.039
100020 24.0311
100030 24.0202
100040 24.0087
100050 23.9985
100060 23.9913
100070 23.9976
100080 24.0185
100090 24.0418
100100 24.0538
100110 24.0654
100120 24.0867
100130 24.1091
100140 24.1181
100150 24.1047
100160 24.0991
100170 24.1134
100180 24.137
100190 24.162
100200 24.1657
100210 24.1469
100220 24.1319
100230 24.1258
100240 24.1191
100250 24.1063
100260 24.0928
100270 24.0834
100280 24.0793
100290 24.0753
100300 24.0724
100310 24.0736
100320 24.058
100330 24.0244
100340 23.9973
100350 23.9932
100360 23.9877
100370 23.9821
100380 23.9804
100390 23.981
100400 23.9842
100410 23.9958
100420 24.0277
100430 24.0568
100440 24.0861
100450 24.117
100460 24.1471
100470 24.1577
100480 24.178
100490 24.2118
100500 24.223
100510 24.214
100520 24.2027
100530 24.205
100540 24.2249
100550 24.2346
100560 24.2314
100570 24.2252
100580 24.2309
100590 24.2376
100600 24.2174
100610 24.1935
100620 24.1831
100630 24.1676
100640 24.151
100650 24.1485
100660 24.1455
100670 24.142
100680 24.1376
100690 24.1214
100700 24.1067
100710 24.1043
100720 24.1183
100730 24.1419
100740 24.1537
100750 24.1485
100760 24.1608
100770 24.195
100780 24.2137
100790 24.2062
100800 24.2001
100810 24.2053
100820 24.2088
100830 24.2265
100840 24.2356
100850 24.2315
100860 24.2298
100870 24.2346
100880 24.2339
100890 24.2276
100900 24.233
100910 24.2353
100920 24.2288
100930 24.2387
100940 24.2438
100950 24.2288
100960 24.225
100970 24.2501
100980 24.2516
100990 24.2373
101000 24.2345
101010 24.2376
101020 24.2323
101030 24.2281
101040 24.226
101050 24.2212
101060 24.2175
101070 24.2208
101080 24.2362
101090 24.2666
101100 24.2934
101110 24.3156
101120 24.3324
101130 24.344
101140 24.3456
101150 24.3529
101160 24.3724
101170 24.3802
101180 24.3718
101190 24.3571
101200 24.3493
101210 24.3517
101220 24.3564
101230 24.3547
101240 24.3494
101250 24.3612
101260 24.372
101270 24.3642
101280 24.355
101290 24.3654
101300 24.378
101310 24.3717
101320 24.3654
101330 24.3766
101340 24.3792
101350 24.3578
101360 24.3318
101370 24.3207
101380 24.3243
101390 24.3413
101400 24.3609
101410 24.3688
101420 24.3853
101430 24.4067
101440 24.4202
101450 24.4286
101460 24.4329
101470 24.4248
101480 24.4184
101490 24.4094
101500 24.4066
101510 24.4074
101520 24.4016
101530 24.4092
101540 24.4415
101550 24.4856
101560 24.5156
101570 24.5344
101580 24.5569
101590 24.5761
101600 24.5885
101610 24.5957
101620 24.5839
101630 24.5803
101640 24.5929
101650 24.5923
101660 24.5678
101670 24.55
101680 24.5516
101690 24.5527
101700 24.5484
101710 24.5469
101720 24.5535
101730 24.558
101740 24.5663
101750 24.586
101760 24.5988
101770 24.6076
101780 24.6177
101790 24.622
101800 24.6234
101810 24.6223
101820 24.6315
101830 24.6427
101840 24.6472
101850 24.6555
101860 24.662
101870 24.655
101880 24.6476
101890 24.6456
101900 24.6491
101910 24.6572
101920 24.6484
101930 24.6364
101940 24.6352
101950 24.6431
101960 24.638
101970 24.6127
101980 24.5991
101990 24.5856
102000 24.5605
102010 24.5512
102020 24.5641
102030 24.5749
102040 24.5659
102050 24.5608
102060 24.5744
102070 24.583
102080 24.5719
102090 24.5733
102100 24.5741
102110 24.5457
102120 24.5156
102130 24.5105
102140 24.5081
102150 24.4966
102160 24.4757
102170 24.4533
102180 24.4433
102190 24.4647
102200 24.4948
102210 24.493
102220 24.4744
102230 24.4747
102240 24.4844
102250 24.4982
102260 24.5214
102270 24.5318
102280 24.5275
102290 24.5271
102300 24.5473
102310 24.5718
102320 24.5916
102330 24.6126
102340 24.6222
102350 24.6172
102360 24.6249
102370 24.6423
102380 24.6349
102390 24.6223
102400 24.629
102410 24.6339
102420 24.6141
102430 24.5924
102440 24.584
102450 24.5919
102460 24.6146
102470 24.6268
102480 24.6321
102490 24.6326
102500 24.6323
102510 24.6448
102520 24.6619
102530 24.6641
102540 24.6624
102550 24.6729
102560 24.6756
102570 24.666
102580 24.6682
102590 24.6682
102600 24.6476
102610 24.6284
102620 24.625
102630 24.6436
102640 24.6705
102650 24.6755
102660 24.6676
102670 24.6893
102680 24.7207
102690 24.7383
102700 24.7311
102710 24.7125
102720 24.7169
102730 24.747
102740 24.7803
102750 24.7812
102760 24.7677
102770 24.7622
102780 24.7779
102790 24.8087
102800 24.8337
102810 24.8413
102820 24.8355
102830 24.8432
102840 24.8567
102850 24.8547
102860 24.8359
102870 24.8312
102880 24.8415
102890 24.8415
102900 24.8386
102910 24.8397
102920 24.8468
102930 24.8454
102940 24.8272
102950 24.8199
102960 24.8166
102970 24.7998
102980 24.786
102990 24.7761
103000 24.7588
103010 24.729
103020 24.7078
103030 24.717
103040 24.7207
103050 24.6938
103060 24.6711
103070 24.675
103080 24.6932
103090 24.6985
103100 24.683
103110 24.6782
103120 24.6807
103130 24.6679
103140 24.6545
103150 24.6509
103160 24.651
103170 24.6488
103180 24.6526
103190 24.6539
103200 24.6671
103210 24.6909
103220 24.7014
103230 24.6928
103240 24.6946
103250 24.7069
103260 24.7239
103270 24.7512
103280 24.7771
103290 24.7596
103300 24.7451
103310 24.7613
103320 24.772
103330 24.7601
103340 24.7639
103350 24.7783
103360 24.7696
103370 24.7436
103380 24.7254
103390 24.7357
103400 24.7636
103410 24.7698
103420 24.7488
103430 24.7433
103440 24.7685
103450 24.7894
103460 24.7862
103470 24.7768
103480 24.7834
103490 24.7947
103500 24.8016
103510 24.8001
103520 24.7909
103530 24.7808
103540 24.7787
103550 24.7712
103560 24.7516
103570 24.7386
103580 24.7462
103590 24.7532
103600 24.7488
103610 24.7551
103620 24.769
103630 24.7721
103640 24.7663
103650 24.7565
103660 24.7521
103670 24.7621
103680 24.7612
103690 24.738
103700 24.7028
103710 24.6886
103720 24.697
103730 24.6995
103740 24.6975
103750 24.7017
103760 24.7033
103770 24.7131
103780 24.7403
103790 24.771
103800 24.8008
103810 24.8163
103820 24.8115
103830 24.8174
103840 24.8418
103850 24.8552
103860 24.8467
103870 24.8344
103880 24.8488
103890 24.8635
103900 24.8495
103910 24.8307
103920 24.8251
103930 24.823
103940 24.8411
103950 24.8754
103960 24.8722
103970 24.8422
103980 24.831
103990 24.8376
104000 24.837
104010 24.8272
104020 24.8257
104030 24.8351
104040 24.8526
104050 24.8658
104060 24.8708
104070 24.8718
104080 24.8712
104090 24.8594
104100 24.8475
104110 24.8375
104120 24.8232
104130 24.8045
104140 24.7897
104150 24.7962
104160 24.8048
104170 24.7994
104180 24.7938
104190 24.7969
104200 24.805
104210 24.8139
104220 24.8389
104230 24.8712
104240 24.8868
104250 24.8992
104260 24.9266
104270 24.9479
104280 24.957
104290 24.958
104300 24.974
104310 25.0005
104320 25.0278
104330 25.0449
104340 25.0407
104350 25.0303
104360 25.032
104370 25.0567
104380 25.0888
104390 25.0961
104400 25.0883
104410 25.0821
104420 25.0862
104430 25.1
104440 25.0952
104450 25.0709
104460 25.0589
104470 25.0715
104480 25.0828
104490 25.0802
104500 25.0627
104510 25.0547
104520 25.0599
104530 25.0633
104540 25.0632
104550 25.0668
104560 25.0527
104570 25.0398
104580 25.0592
104590 25.0935
104600 25.108
104610 25.1128
104620 25.1187
104630 25.1262
104640 25.1361
104650 25.1362
104660 25.1242
104670 25.1293
104680 25.1508
104690 25.1575
104700 25.1526
104710 25.1491
104720 25.1543
104730 25.1645
104740 25.1716
104750 25.1635
104760 25.15
104770 25.1661
104780 25.1941
104790 25.1999
104800 25.1967
104810 25.1978
104820 25.1953
104830 25.1947
104840 25.202
104850 25.2016
104860 25.2076
104870 25.2292
104880 25.2346
104890 25.2218
104900 25.2332
104910 25.2542
104920 25.2635
104930 25.2594
104940 25.2508
104950 25.243
104960 25.2379
104970 25.2399
104980 25.2548
104990 25.2634
105000 25.2484
105010 25.2304
105020 25.2455
105030 25.2839
105040 25.3085
105050 25.2968
105060 25.2629
105070 25.2486
105080 25.2535
105090 25.248
105100 25.2406
105110 25.2556
105120 25.2759
105130 25.2775
105140 25.2807
105150 25.3005
105160 25.3215
105170 25.3245
105180 25.3148
105190 25.3111
105200 25.3196
105210 25.3431
105220 25.3557
105230 25.3425
105240 25.3198
105250 25.292
105260 25.2706
105270 25.2798
105280 25.2901
105290 25.2844
105300 25.285
105310 25.3087
105320 25.3131
105330 25.2869
105340 25.2674
105350 25.2604
105360 25.2593
105370 25.2693
105380 25.275
105390 25.2832
105400 25.2917
105410 25.2913
105420 25.293
105430 25.2919
105440 25.278
105450 25.2791
105460 25.3043
105470 25.3181
105480 25.3051
105490 25.29
105500 25.2968
105510 25.3042
105520 25.3011
105530 25.3087
105540 25.3421
105550 25.3646
105560 25.3556
105570 25.3451
105580 25.3395
105590 25.326
105600 25.3135
105610 25.3241
105620 25.3473
105630 25.3689
105640 25.3772
105650 25.3778
105660 25.3847
105670 25.4006
105680 25.4152
105690 25.4114
105700 25.3973
105710 25.3853
105720 25.3799
105730 25.3743
105740 25.3523
105750 25.3169
105760 25.2983
105770 25.3036
105780 25.3066
105790 25.3094
105800 25.317
105810 25.3245
105820 25.3313
105830 25.3517
105840 25.3736
105850 25.3764
105860 25.3728
105870 25.3676
105880 25.357
105890 25.3471
105900 25.3459
105910 25.3561
105920 25.3782
105930 25.3946
105940 25.3995
105950 25.4012
105960 25.417
105970 25.4504
105980 25.4586
105990 25.4442
106000 25.4439
106010 25.4475
106020 25.4369
106030 25.4201
106040 25.4117
106050 25.4223
106060 25.4366
106070 25.4502
106080 25.4727
106090 25.4895
106100 25.4798
106110 25.4582
106120 25.4537
106130 25.4547
106140 25.4559
106150 25.4482
106160 25.4281
106170 25.4008
106180 25.3758
106190 25.3795
106200 25.3983
106210 25.4079
106220 25.4028
106230 25.3838
106240 25.3633
106250 25.3518
106260 25.3591
106270 25.3799
106280 25.4017
106290 25.409
106300 25.4192
106310 25.4421
106320 25.4607
106330 25.4685
106340 25.486
106350 25.5086
106360 25.5313
106370 25.5468
106380 25.5577
106390 25.5706
106400 25.5759
106410 25.5839
106420 25.5872
106430 25.598
106440 25.6094
106450 25.6183
106460 25.624
106470 25.6367
106480 25.6367
106490 25.6232
106500 25.6184
106510 25.6216
106520 25.609
106530 25.6096
106540 25.6212
106550 25.6127
106560 25.5844
106570 25.5709
106580 25.5696
106590 25.5566
106600 25.5591
106610 25.5819
106620 25.6012
106630 25.6238
106640 25.6378
106650 25.6388
106660 25.6434
106670 25.6485
106680 25.6443
106690 25.645
106700 25.6575
106710 25.663
106720 25.6613
106730 25.6576
106740 25.6635
106750 25.6745
106760 25.6822
106770 25.6784
106780 25.6693
106790 25.6497
106800 25.6352
106810 25.6301
106820 25.6311
106830 25.6455
106840 25.6619
106850 25.6581
106860 25.65
106870 25.6658
106880 25.6807
106890 25.6732
106900 25.666
106910 25.6653
106920 25.677
106930 25.6937
106940 25.6849
106950 25.6533
106960 25.6299
106970 25.6338
106980 25.6439
106990 25.6479
107000 25.642
107010 25.6416
107020 25.636
107030 25.6289
107040 25.6242
107050 25.6188
107060 25.6123
107070 25.6202
107080 25.635
107090 25.6392
107100 25.6436
107110 25.6596
107120 25.6842
107130 25.6877
107140 25.6875
107150 25.6878
107160 25.6776
107170 25.6839
107180 25.7063
107190 25.711
107200 25.7064
107210 25.6972
107220 25.6867
107230 25.6929
107240 25.7038
107250 25.7041
107260 25.6988
107270 25.6926
107280 25.6763
107290 25.6605
107300 25.6494
107310 25.6419
107320 25.6487
107330 25.6693
107340 25.6784
107350 25.6858
107360 25.7109
107370 25.7319
107380 25.7456
107390 25.7754
107400 25.7837
107410 25.7635
107420 25.7594
107430 25.7775
107440 25.7749
107450 25.7592
107460 25.7716
107470 25.8003
107480 25.8077
107490 25.7924
107500 25.7645
107510 25.7464
107520 25.7399
107530 25.7465
107540 25.7415
107550 25.7384
107560 25.7386
107570 25.7385
107580 25.7418
107590 25.7539
107600 25.7595
107610 25.7411
107620 25.7348
107630 25.7527
107640 25.7616
107650 25.7475
107660 25.7559
107670 25.7772
107680 25.7773
107690 25.7728
107700 25.779
107710 25.7939
107720 25.8141
107730 25.8259
107740 25.8281
107750 25.835
107760 25.8442
107770 25.8519
107780 25.8524
107790 25.8491
107800 25.8477
107810 25.8523
107820 25.8655
107830 25.8782
107840 25.8764
107850 25.8793
107860 25.8897
107870 25.8926
107880 25.8909
107890 25.8963
107900 25.9154
107910 25.9257
107920 25.9249
107930 25.9321
107940 25.9541
107950 25.959
107960 25.9333
107970 25.914
107980 25.9245
107990 25.9387
108000 25.9502
108010 25.9516
108020 25.9429
108030 25.9461
108040 25.9636
108050 25.9692
108060 25.9708
108070 25.9644
108080 25.9561
108090 25.9612
108100 25.9816
108110 25.9881
108120 25.963
108130 25.9413
108140 25.939
108150 25.9344
108160 25.9268
108170 25.9226
108180 25.9134
108190 25.9175
108200 25.9453
108210 25.9714
108220 25.9836
108230 25.9779
108240 25.9801
108250 25.9881
108260 25.9824
108270 25.9821
108280 25.9869
108290 25.9647
108300 25.9337
108310 25.9347
108320 25.9395
108330 25.9154
108340 25.8866
108350 25.8752
108360 25.8711
108370 25.872
108380 25.878
108390 25.871
108400 25.8645
108410 25.8619
108420 25.8779
108430 25.9204
108440 25.9365
108450 25.9104
108460 25.912
108470 25.9385
108480 25.9514
108490 25.9723
108500 26.0145
108510 26.0214
108520 25.9921
108530 25.9682
108540 25.9707
108550 25.9804
108560 25.9591
108570 25.9324
108580 25.9329
108590 25.9525
108600 25.9696
108610 25.977
108620 25.9792
108630 25.9838
108640 25.9881
108650 25.9878
108660 25.9904
108670 25.9883
108680 25.9975
108690 26.0163
108700 26.0153
108710 25.9966
108720 25.9863
108730 25.9773
108740 25.9777
108750 26.0086
108760 26.0627
108770 26.0913
108780 26.0976
108790 26.1016
108800 26.1057
108810 26.0985
108820 26.0924
108830 26.0952
108840 26.0887
108850 26.0927
108860 26.1028
108870 26.0988
108880 26.0847
108890 26.0897
108900 26.1092
108910 26.1186
108920 26.1257
108930 26.1493
108940 26.1585
108950 26.1687
108960 26.2068
108970 26.2419
108980 26.259
108990 26.2773
109000 26.306
109010 26.3264
109020 26.326
109030 26.3166
109040 26.3269
109050 26.3426
109060 26.3297
109070 26.3031
109080 26.2887
109090 26.2938
109100 26.3044
109110 26.3115
109120 26.2991
109130 26.2753
109140 26.2739
109150 26.2748
109160 26.264
109170 26.2744
109180 26.297
109190 26.2916
109200 26.2709
109210 26.2501
109220 26.2451
109230 26.2526
109240 26.2492
109250 26.2378
109260 26.2332
109270 26.2311
109280 26.2299
109290 26.2428
109300 26.2564
109310 26.2496
109320 26.2245
109330 26.2104
109340 26.1955
109350 26.1664
109360 26.1337
109370 26.1177
109380 26.1142
109390 26.1093
109400 26.0865
109410 26.0608
109420 26.0677
109430 26.0759
109440 26.0771
109450 26.081
109460 26.0834
109470 26.0897
109480 26.0966
109490 26.1124
109500 26.1277
109510 26.1268
109520 26.1296
109530 26.1525
109540 26.1736
109550 26.1828
109560 26.2105
109570 26.2534
109580 26.2831
109590 26.2943
109600 26.2917
109610 26.2947
109620 26.3238
109630 26.3485
109640 26.3458
109650 26.3474
109660 26.3716
109670 26.3906
109680 26.3974
109690 26.4179
109700 26.4422
109710 26.4543
109720 26.474
109730 26.5018
109740 26.5162
109750 26.5077
109760 26.492
109770 26.5065
109780 26.5327
109790 26.5337
109800 26.5172
109810 26.5007
109820 26.5171
109830 26.5436
109840 26.5461
109850 26.5174
109860 26.4894
109870 26.4723
109880 26.4458
109890 26.4202
109900 26.412
109910 26.4115
109920 26.4068
109930 26.4121
109940 26.417
109950 26.3929
109960 26.3653
109970 26.3656
109980 26.3729
109990 26.3657
110000 26.3449
110010 26.3378
110020 26.3456
110030 26.3471
110040 26.3484
110050 26.3572
110060 26.3591
110070 26.358
110080 26.3559
110090 26.3551
110100 26.3517
110110 26.3671
110120 26.3955
110130 26.3967
110140 26.3833
110150 26.3738
110160 26.3759
110170 26.3965
110180 26.4223
110190 26.4294
110200 26.448
110210 26.4752
110220 26.4718
110230 26.4535
110240 26.4527
110250 26.4703
110260 26.4683
110270 26.4568
110280 26.4684
110290 26.482
110300 26.4851
110310 26.4996
110320 26.5066
110330 26.4947
110340 26.4856
110350 26.499
110360 26.5219
110370 26.5405
110380 26.5645
110390 26.5712
110400 26.5508
110410 26.5207
110420 26.5152
110430 26.5249
110440 26.5173
110450 26.4925
110460 26.4868
110470 26.4976
110480 26.4975
110490 26.485
110500 26.4802
110510 26.4929
110520 26.513
110530 26.5436
110540 26.5767
110550 26.5972
110560 26.6197
110570 26.6237
110580 26.6243
110590 26.6344
110600 26.6568
110610 26.6876
110620 26.707
110630 26.7119
110640 26.7216
110650 26.7326
110660 26.7317
110670 26.7306
110680 26.7363
110690 26.7279
110700 26.7109
110710 26.7048
110720 26.7127
110730 26.7201
110740 26.7108
110750 26.691
110760 26.6774
110770 26.6814
110780 26.6783
110790 26.6497
110800 26.6335
110810 26.6498
110820 26.6522
110830 26.6378
110840 26.6478
110850 26.6637
110860 26.6774
110870 26.6833
110880 26.6778
110890 26.677
110900 26.6895
110910 26.6912
110920 26.6882
110930 26.689
110940 26.6922
110950 26.6867
110960 26.6843
110970 26.7029
110980 26.719
110990 26.7114
111000 26.6966
111010 26.6919
111020 26.6909
111030 26.6878
111040 26.6742
111050 26.6545
111060 26.6267
111070 26.6043
111080 26.5942
111090 26.5908
111100 26.5931
111110 26.5976
111120 26.5939
111130 26.5918
111140 26.5934
111150 26.6015
111160 26.6023
111170 26.5875
111180 26.5666
111190 26.5622
111200 26.5808
111210 26.6012
111220 26.6112
111230 26.6261
111240 26.6389
111250 26.6397
111260 26.6439
111270 26.6646
111280 26.6769
111290 26.6677
111300 26.6545
111310 26.6569
111320 26.6513
111330 26.6492
111340 26.66
111350 26.6823
111360 26.6862
111370 26.6811
111380 26.6842
111390 26.6812
111400 26.6618
111410 26.6446
111420 26.6496
111430 26.6632
111440 26.6719
111450 26.6635
111460 26.6466
111470 26.645
111480 26.6656
111490 26.6845
111500 26.6888
111510 26.6979
111520 26.7136
111530 26.727
111540 26.75
111550 26.77
111560 26.7592
111570 26.7317
111580 26.7335
111590 26.7701
111600 26.787
111610 26.783
111620 26.8032
111630 26.8391
111640 26.8505
111650 26.8402
111660 26.8279
111670 26.8332
111680 26.8491
111690 26.8443
111700 26.8368
111710 26.8486
111720 26.8797
111730 26.8941
111740 26.8823
111750 26.865
111760 26.8594
111770 26.8477
111780 26.8204
111790 26.7963
111800 26.7812
111810 26.7746
111820 26.7797
111830 26.795
111840 26.8081
111850 26.8062
111860 26.8072
111870 26.8138
111880 26.8287
111890 26.841
111900 26.8517
111910 26.8648
111920 26.8788
111930 26.8827
111940 26.8731
111950 26.8649
111960 26.8674
111970 26.8803
111980 26.8794
111990 26.8668
112000 26.8592
112010 26.865
112020 26.8589
112030 26.8399
112040 26.8308
112050 26.8299
112060 26.8092
112070 26.7889
112080 26.7984
112090 26.8187
112100 26.8263
112110 26.8283
112120 26.8464
112130 26.8721
112140 26.8863
112150 26.8912
112160 26.9028
112170 26.9246
112180 26.9384
112190 26.9371
112200 26.9229
112210 26.9125
112220 26.9204
112230 26.9424
112240 26.9542
112250 26.9749
112260 26.997
112270 26.9999
112280 27.0014
112290 27.0106
112300 27.0197
112310 27.0449
112320 27.068
112330 27.0844
112340 27.1038
112350 27.115
112360 27.1214
112370 27.1187
112380 27.1139
112390 27.1149
112400 27.134
112410 27.1439
112420 27.1214
112430 27.0919
112440 27.0759
112450 27.061
112460 27.0486
112470 27.0433
112480 27.0331
112490 27.0177
112500 27.0149
112510 27.029
112520 27.0409
112530 27.04
112540 27.0524
112550 27.0512
112560 27.0317
112570 27.0339
112580 27.0469
112590 27.0473
112600 27.0351
112610 27.0206
112620 27.0068
112630 26.997
112640 27.0016
112650 27.0018
112660 27.0044
112670 27.0215
112680 27.0202
112690 27.0186
112700 27.0436
112710 27.0658
112720 27.067
112730 27.0691
112740 27.0845
112750 27.1027
112760 27.114
112770 27.1176
112780 27.1315
112790 27.16
112800 27.1864
112810 27.1887
112820 27.1688
112830 27.1871
112840 27.2328
112850 27.2483
112860 27.2307
112870 27.2172
112880 27.2259
112890 27.2497
112900 27.2582
112910 27.2499
112920 27.245
112930 27.262
112940 27.2797
112950 27.2635
112960 27.2368
112970 27.2285
112980 27.2448
112990 27.2593
113000 27.2702
113010 27.2936
113020 27.3278
113030 27.3503
113040 27.3539
113050 27.3521
113060 27.3847
113070 27.4235
113080 27.4358
113090 27.4388
113100 27.4687
113110 27.5029
113120 27.5023
113130 27.4844
113140 27.4954
113150 27.5164
113160 27.5219
113170 27.5228
113180 27.5195
113190 27.51
113200 27.4843
113210 27.4692
113220 27.4551
113230 27.4395
113240 27.4326
113250 27.4315
113260 27.4383
113270 27.4473
113280 27.4258
113290 27.3945
113300 27.3857
113310 27.405
113320 27.4253
113330 27.4355
113340 27.4359
113350 27.4376
113360 27.4502
113370 27.4684
113380 27.475
113390 27.4581
113400 27.437
113410 27.4222
113420 27.4261
113430 27.4523
113440 27.4687
113450 27.468
113460 27.4683
113470 27.4669
113480 27.4679
113490 27.4712
113500 27.4724
113510 27.4739
113520 27.4727
113530 27.4615
113540 27.4662
113550 27.4848
113560 27.4758
113570 27.451
113580 27.4588
113590 27.4708
113600 27.4721
113610 27.4942
113620 27.5343
113630 27.5544
113640 27.5428
113650 27.5373
113660 27.5477
113670 27.5559
113680 27.5606
113690 27.5613
113700 27.5621
113710 27.5752
113720 27.5793
113730 27.5734
113740 27.5687
113750 27.5603
113760 27.5431
113770 27.5343
113780 27.5456
113790 27.5411
113800 27.529
113810 27.5384
113820 27.5593
113830 27.5674
113840 27.5729
113850 27.5723
113860 27.5596
113870 27.5506
113880 27.559
113890 27.5619
113900 27.5563
113910 27.556
113920 27.565
113930 27.5905
113940 27.6315
113950 27.6577
113960 27.658
113970 27.6601
113980 27.6716
113990 27.6785
114000 27.6852
114010 27.7114
114020 27.7309
114030 27.7425
114040 27.7734
114050 27.8026
114060 27.8003
114070 27.8069
114080 27.8212
114090 27.8065
114100 27.7908
114110 27.7953
114120 27.7893
114130 27.765
114140 27.7565
114150 27.7516
114160 27.7328
114170 27.7082
114180 27.7017
114190 27.7178
114200 27.7367
114210 27.7452
114220 27.766
114230 27.7723
114240 27.7576
114250 27.7537
114260 27.7621
114270 27.7622
114280 27.7534
114290 27.753
114300 27.7625
114310 27.7546
114320 27.7175
114330 27.6911
114340 27.6913
114350 27.6967
114360 27.6846
114370 27.6613
114380 27.654
114390 27.663
114400 27.6726
114410 27.6874
114420 27.6916
114430 27.6762
114440 27.6536
114450 27.6524
114460 27.6607
114470 27.6671
114480 27.6717
114490 27.6861
114500 27.7105
114510 27.7268
114520 27.7379
114530 27.7447
114540 27.7466
114550 27.7454
114560 27.7486
114570 27.7531
114580 27.7698
114590 27.7888
114600 27.7926
114610 27.7821
114620 27.7761
114630 27.7888
114640 27.8031
114650 27.8158
114660 27.8341
114670 27.8398
114680 27.8352
114690 27.8494
114700 27.8671
114710 27.881
114720 27.8923
114730 27.8821
114740 27.8533
114750 27.832
114760 27.8208
114770 27.8053
114780 27.8059
114790 27.8039
114800 27.7911
114810 27.7905
114820 27.8063
114830 27.8058
114840 27.8016
114850 27.8172
114860 27.8263
114870 27.8331
114880 27.8496
114890 27.8585
114900 27.8531
114910 27.8594
114920 27.8869
114930 27.8963
114940 27.888
114950 27.9011
114960 27.9147
114970 27.913
114980 27.9089
114990 27.9174
115000 27.9409
115010 27.9492
115020 27.9321
115030 27.9123
115040 27.912
115050 27.9135
115060 27.9117
115070 27.9212
115080 27.9341
115090 27.9288
115100 27.9181
115110 27.9334
115120 27.9489
115130 27.9369
115140 27.9085
115150 27.8832
115160 27.8762
115170 27.8746
115180 27.869
115190 27.868
115200 27.8855
115210 27.9013
115220 27.8925
115230 27.8791
115240 27.8829
115250 27.88
115260 27.8738
115270 27.875
115280 27.8618
115290 27.8382
115300 27.8236
115310 27.8102
115320 27.7916
115330 27.7941
115340 27.7998
115350 27.7778
115360 27.7549
115370 27.7504
115380 27.7575
115390 27.7708
115400 27.7761
115410 27.7594
115420 27.7478
115430 27.7584
115440 27.7721
115450 27.7958
115460 27.8062
115470 27.7925
115480 27.7764
115490 27.7604
115500 27.7418
115510 27.7368
115520 27.7459
115530 27.7497
115540 27.7452
115550 27.7453
115560 27.7562
115570 27.7604
115580 27.774
115590 27.7885
115600 27.8049
115610 27.8267
115620 27.8383
115630 27.8484
115640 27.8456
115650 27.8315
115660 27.8216
115670 27.8165
115680 27.8211
115690 27.8275
115700 27.8448
115710 27.8592
115720 27.8426
115730 27.8325
115740 27.8396
115750 27.8487
115760 27.8546
115770 27.8446
115780 27.83
115790 27.8278
115800 27.8391
115810 27.8492
115820 27.8298
115830 27.8156
115840 27.8337
115850 27.8721
115860 27.9061
115870 27.9179
115880 27.914
115890 27.9221
115900 27.9247
115910 27.8985
115920 27.8595
115930 27.8416
115940 27.8332
115950 27.8209
115960 27.8057
115970 27.7994
115980 27.7951
115990 27.793
116000 27.78
116010 27.7778
116020 27.7914
116030 27.8056
116040 27.8199
116050 27.8341
116060 27.8353
116070 27.8161
116080 27.7979
116090 27.7907
116100 27.7991
116110 27.8159
116120 27.8237
116130 27.8189
116140 27.8224
116150 27.8341
116160 27.8463
116170 27.8466
116180 27.8248
116190 27.7972
116200 27.778
116210 27.7823
116220 27.7894
116230 27.7681
116240 27.7371
116250 27.7501
116260 27.7849
116270 27.7784
116280 27.7545
116290 27.7515
116300 27.7437
116310 27.7344
116320 27.7267
116330 27.7339
116340 27.7463
116350 27.7581
116360 27.7642
116370 27.7481
116380 27.7144
116390 27.6927
116400 27.6912
116410 27.6925
116420 27.6889
116430 27.6773
116440 27.6624
116450 27.6714
116460 27.6867
116470 27.7033
116480 27.7383
116490 27.7686
116500 27.7808
116510 27.803
116520 27.8384
116530 27.8492
116540 27.8427
116550 27.8495
116560 27.8497
116570 27.8524
116580 27.8674
116590 27.8692
116600 27.864
116610 27.8901
116620 27.9174
116630 27.9109
116640 27.9099
116650 27.9276
116660 27.9281
116670 27.9248
116680 27.9317
116690 27.9453
116700 27.9533
116710 27.9514
116720 27.9526
116730 27.9831
116740 28.0143
116750 28.0313
116760 28.0498
116770 28.0767
116780 28.1022
116790 28.1244
116800 28.1336
116810 28.1255
116820 28.11
116830 28.1042
116840 28.0998
116850 28.0762
116860 28.049
116870 28.0301
116880 28.0128
116890 28.0143
116900 28.0276
116910 28.0329
116920 28.0379
116930 28.0449
116940 28.0379
116950 28.029
116960 28.0341
116970 28.045
116980 28.0581
116990 28.0737
117000 28.0753
117010 28.068
117020 28.0679
117030 28.0617
117040 28.0317
117050 28.016
117060 28.0393
117070 28.072
117080 28.091
117090 28.0975
117100 28.0914
117110 28.0771
117120 28.0758
117130 28.0943
117140 28.1072
117150 28.0953
117160 28.0762
117170 28.0714
117180 28.0796
117190 28.0897
117200 28.0969
117210 28.101
117220 28.0896
117230 28.0626
117240 28.0538
117250 28.0459
117260 28.0181
117270 28.0044
117280 27.9954
117290 27.9825
117300 27.9805
117310 27.9817
117320 27.984
117330 27.9829
117340 27.9684
117350 27.9378
117360 27.9172
117370 27.9134
117380 27.9299
117390 27.9587
117400 27.9601
117410 27.9465
117420 27.9495
117430 27.9629
117440 27.966
117450 27.9672
117460 27.9818
117470 27.9891
117480 27.9932
117490 28.0014
117500 28.008
117510 28.0133
117520 28.0229
117530 28.0365
117540 28.0331
117550 28.0154
117560 28.0135
117570 28.0415
117580 28.0658
117590 28.0707
117600 28.0623
117610 28.0474
117620 28.0483
117630 28.0792
117640 28.1092
117650 28.1101
117660 28.1058
117670 28.114
117680 28.1288
117690 28.1412
117700 28.1609
117710 28.1777
117720 28.1929
117730 28.2048
117740 28.2068
117750 28.2046
117760 28.2224
117770 28.2453
117780 28.2582
117790 28.256
117800 28.2598
117810 28.2657
117820 28.2752
117830 28.2829
117840 28.2807
117850 28.2676
117860 28.2618
117870 28.2783
117880 28.2901
117890 28.2708
117900 28.243
117910 28.2464
117920 28.2625
117930 28.2456
117940 28.2216
117950 28.2356
117960 28.2482
117970 28.2539
117980 28.2683
117990 28.2694
118000 28.2566
118010 28.2581
118020 28.2621
118030 28.2583
118040 28.2549
118050 28.2691
118060 28.297
118070 28.3221
118080 28.343
118090 28.3657
118100 28.3803
118110 28.3807
118120 28.3783
118130 28.3902
118140 28.406
118150 28.4068
118160 28.4006
118170 28.405
118180 28.4154
118190 28.4237
118200 28.4215
118210 28.4127
118220 28.3952
118230 28.3787
118240 28.3906
118250 28.4097
118260 28.4105
118270 28.4046
118280 28.3982
118290 28.3885
118300 28.3704
118310 28.3608
118320 28.3531
118330 28.3407
118340 28.3271
118350 28.3248
118360 28.3289
118370 28.314
118380 28.2953
118390 28.284
118400 28.2942
118410 28.2998
118420 28.2746
118430 28.2451
118440 28.2439
118450 28.2652
118460 28.2795
118470 28.274
118480 28.2601
118490 28.2545
118500 28.2374
118510 28.2049
118520 28.1928
118530 28.1947
118540 28.1973
118550 28.1906
118560 28.1812
118570 28.1749
118580 28.1674
118590 28.161
118600 28.1347
118610 28.108
118620 28.0985
118630 28.0935
118640 28.0951
118650 28.108
118660 28.1229
118670 28.1327
118680 28.1233
118690 28.1079
118700 28.1066
118710 28.1231
118720 28.141
118730 28.1595
118740 28.181
118750 28.1827
118760 28.1807
118770 28.2077
118780 28.2497
118790 28.268
118800 28.2635
118810 28.276
118820 28.3039
118830 28.3325
118840 28.3477
118850 28.346
118860 28.341
118870 28.3559
118880 28.3844
118890 28.397
118900 28.3818
118910 28.3585
118920 28.35
118930 28.346
118940 28.3287
118950 28.3169
118960 28.3303
118970 28.3401
118980 28.3356
118990 28.3436
119000 28.3727
119010 28.4078
119020 28.4186
119030 28.4332
119040 28.4574
119050 28.4797
119060 28.4822
119070 28.4603
119080 28.4409
119090 28.4336
119100 28.4265
119110 28.4274
119120 28.4399
119130 28.445
119140 28.4426
119150 28.4664
119160 28.5019
119170 28.5121
119180 28.5046
119190 28.5117
119200 28.5306
119210 28.5481
119220 28.5471
119230 28.5331
119240 28.5238
119250 28.5278
119260 28.5412
119270 28.54
119280 28.5306
119290 28.5271
119300 28.5163
119310 28.5219
119320 28.5423
119330 28.5582
119340 28.5577
119350 28.5639
119360 28.5708
119370 28.5648
119380 28.5505
119390 28.5377
119400 28.5344
119410 28.5374
119420 28.5378
119430 28.5253
119440 28.5051
119450 28.4953
119460 28.5124
119470 28.5236
119480 28.517
119490 28.5152
119500 28.5359
119510 28.539
119520 28.5166
119530 28.5068
119540 28.5067
119550 28.4982
119560 28.4995
119570 28.5005
119580 28.4865
119590 28.4783
119600 28.4874
119610 28.497
119620 28.5116
119630 28.5315
119640 28.542
119650 28.5464
119660 28.5641
119670 28.5961
119680 28.6044
119690 28.5943
119700 28.5923
119710 28.6076
119720 28.6243
119730 28.6242
119740 28.6125
119750 28.6058
119760 28.6012
119770 28.5897
119780 28.5728
119790 28.5747
119800 28.6009
119810 28.6269
119820 28.6333
119830 28.6234
119840 28.6117
119850 28.6049
119860 28.5979
119870 28.599
119880 28.6175
119890 28.6396
119900 28.6529
119910 28.6454
119920 28.6283
119930 28.6366
119940 28.6604
119950 28.6795
119960 28.6903
119970 28.7049
119980 28.726
119990 28.732
120000 28.7218
120010 28.7129
120020 28.7109
120030 28.7115
120040 28.7286
120050 28.7457
120060 28.7509
120070 28.75
120080 28.7618
120090 28.7907
120100 28.8138
120110 28.823
120120 28.8403
120130 28.8635
120140 28.8785
120150 28.8734
120160 28.8531
120170 28.8448
120180 28.8562
120190 28.8806
120200 28.8977
120210 28.897
120220 28.8846
120230 28.8618
120240 28.8442
120250 28.8352
120260 28.8233
120270 28.8122
120280 28.8182
120290 28.8123
120300 28.7903
120310 28.7898
120320 28.8081
120330 28.8139
120340 28.8262
120350 28.8401
120360 28.8321
120370 28.8237
120380 28.8201
120390 28.8065
120400 28.7838
120410 28.7838
120420 28.7739
120430 28.7452
120440 28.7455
120450 28.766
120460 28.7735
120470 28.774
120480 28.7801
120490 28.7829
120500 28.7802
120510 28.7887
120520 28.8138
120530 28.8462
120540 28.8497
120550 28.8469
120560 28.8629
120570 28.8744
120580 28.8741
120590 28.8719
120600 28.8666
120610 28.8583
120620 28.8489
120630 28.8422
120640 28.847
120650 28.8597
120660 28.8689
120670 28.857
120680 28.8323
120690 28.8287
120700 28.8552
120710 28.8742
120720 28.8675
120730 28.8774
120740 28.9047
120750 28.9284
120760 28.9598
120770 28.9854
120780 29.0032
120790 29.0131
120800 29.012
120810 29.0051
120820 28.9978
120830 29.0006
120840 29.0157
120850 29.0255
120860 29.0198
120870 29.002
120880 28.9979
120890 29.0035
120900 28.983
120910 28.9647
120920 28.9635
120930 28.9484
120940 28.9264
120950 28.9297
120960 28.9429
120970 28.9334
120980 28.9112
120990 28.891
121000 28.8808
121010 28.8822
121020 28.8694
121030 28.8424
121040 28.8326
121050 28.8413
121060 28.8288
121070 28.8107
121080 28.8167
121090 28.8341
121100 28.825
121110 28.8168
121120 28.8372
121130 28.8655
121140 28.8662
121150 28.8494
121160 28.843
121170 28.8548
121180 28.8746
121190 28.8835
121200 28.8797
121210 28.8819
121220 28.9074
121230 28.9256
121240 28.9259
121250 28.9351
121260 28.9443
121270 28.937
121280 28.9342
121290 28.9393
121300 28.9433
121310 28.965
121320 29.0033
121330 29.0225
121340 29.0407
121350 29.0526
121360 29.0272
121370 28.9995
121380 28.9976
121390 28.9945
121400 28.9874
121410 28.9889
121420 28.9773
121430 28.9584
121440 28.9744
121450 28.9956
121460 28.9719
121470 28.942
121480 28.9477
121490 28.9582
121500 28.9728
121510 29.0017
121520 29.0078
121530 28.9976
121540 29.0119
121550 29.0538
121560 29.0692
121570 29.0799
121580 29.1174
121590 29.1342
121600 29.1201
121610 29.1249
121620 29.1455
121630 29.1567
121640 29.1617
121650 29.1507
121660 29.1256
121670 29.1184
121680 29.1298
121690 29.1346
121700 29.1348
121710 29.1384
121720 29.1508
121730 29.1707
121740 29.1796
121750 29.1851
121760 29.1793
121770 29.1694
121780 29.1736
121790 29.1857
121800 29.2006
121810 29.2137
121820 29.2233
121830 29.2285
121840 29.2305
121850 29.2351
121860 29.2307
121870 29.2335
121880 29.2441
121890 29.2561
121900 29.2683
121910 29.2762
121920 29.2912
121930 29.3109
121940 29.3166
121950 29.3216
121960 29.3373
121970 29.3584
121980 29.348
121990 29.3216
122000 29.3269
122010 29.3504
122020 29.3625
122030 29.3692
122040 29.391
122050 29.4327
122060 29.4542
122070 29.4555
122080 29.4639
122090 29.4887
122100 29.5018
122110 29.4964
122120 29.4878
122130 29.4651
122140 29.4466
122150 29.435
122160 29.419
122170 29.3921
122180 29.3572
122190 29.327
122200 29.3163
122210 29.3066
122220 29.2859
122230 29.2685
122240 29.2724
122250 29.2818
122260 29.2816
122270 29.2756
122280 29.2641
122290 29.2534
122300 29.254
122310 29.253
122320 29.2347
122330 29.2141
122340 29.2229
122350 29.2574
122360 29.2831
122370 29.2753
122380 29.2516
122390 29.2274
122400 29.2193
122410 29.2403
122420 29.2438
122430 29.2261
122440 29.2252
122450 29.2551
122460 29.2872
122470 29.308
122480 29.31
122490 29.3069
122500 29.3268
122510 29.3494
122520 29.3268
122530 29.277
122540 29.2541
122550 29.2594
122560 29.2626
122570 29.2604
122580 29.2581
122590 29.2587
122600 29.2626
122610 29.2706
122620 29.2775
122630 29.2773
122640 29.2782
122650 29.3011
122660 29.3347
122670 29.344
122680 29.3351
122690 29.3324
122700 29.3253
122710 29.3015
122720 29.2964
122730 29.2928
122740 29.286
122750 29.2868
122760 29.2803
122770 29.2621
122780 29.2629
122790 29.2802
122800 29.2734
122810 29.269
122820 29.2797
122830 29.3001
122840 29.3091
122850 29.3087
122860 29.3137
122870 29.3382
122880 29.3708
122890 29.3893
122900 29.401
122910 29.4017
122920 29.4011
122930 29.4133
122940 29.4241
122950 29.4264
122960 29.4281
122970 29.4565
122980 29.4598
122990 29.441
123000 29.4444
123010 29.449
123020 29.4152
123030 29.3733
123040 29.3882
123050 29.4023
123060 29.3888
123070 29.373
123080 29.3583
123090 29.3563
123100 29.3627
123110 29.3626
123120 29.375
123130 29.3938
123140 29.4004
123150 29.3862
123160 29.3766
123170 29.374
123180 29.3715
123190 29.3627
123200 29.3594
123210 29.3529
123220 29.3568
123230 29.3812
123240 29.3837
123250 29.3711
123260 29.3724
123270 29.3775
123280 29.3715
123290 29.3835
123300 29.4175
123310 29.4095
123320 29.3891
123330 29.4102
123340 29.4231
123350 29.3992
123360 29.3755
123370 29.3687
123380 29.3745
123390 29.3926
123400 29.4018
123410 29.3887
123420 29.3842
123430 29.4003
123440 29.416
123450 29.4253
123460 29.4263
123470 29.4187
123480 29.402
123490 29.4062
123500 29.4155
123510 29.4208
123520 29.4177
123530 29.3961
123540 29.3721
123550 29.3688
123560 29.3714
123570 29.3709
123580 29.3728
123590 29.3636
123600 29.3387
123610 29.3261
123620 29.3464
123630 29.3744
123640 29.3792
123650 29.3684
123660 29.3594
123670 29.3589
123680 29.3606
123690 29.3691
123700 29.3569
123710 29.3304
123720 29.3034
123730 29.2634
123740 29.2402
123750 29.2347
123760 29.2209
123770 29.2114
123780 29.1987
123790 29.1699
123800 29.1583
123810 29.1704
123820 29.1597
123830 29.1243
123840 29.0939
123850 29.0891
123860 29.1022
123870 29.1056
123880 29.0972
123890 29.103
123900 29.1074
123910 29.0947
123920 29.0869
123930 29.1123
123940 29.1228
123950 29.1101
123960 29.1151
123970 29.1336
123980 29.1289
123990 29.1229
124000 29.1453
124010 29.1546
124020 29.126
124030 29.1097
124040 29.1379
124050 29.1668
124060 29.1647
124070 29.1511
124080 29.1624
124090 29.1702
124100 29.1573
124110 29.1766
124120 29.2181
124130 29.2253
124140 29.2024
124150 29.2016
124160 29.2264
124170 29.2403
124180 29.2384
124190 29.2494
124200 29.2473
124210 29.2202
124220 29.2234
124230 29.2379
124240 29.2184
124250 29.2056
124260 29.2246
124270 29.2524
124280 29.2644
124290 29.2756
124300 29.2887
124310 29.298
124320 29.3035
124330 29.3176
124340 29.3207
124350 29.2913
124360 29.2671
124370 29.2659
124380 29.2748
124390 29.2782
124400 29.2794
124410 29.2713
124420 29.2816
124430 29.3119
124440 29.3137
124450 29.2906
124460 29.2759
124470 29.2659
124480 29.253
124490 29.2568
124500 29.2631
124510 29.2608
124520 29.2764
124530 29.3033
124540 29.3213
124550 29.3338
124560 29.3489
124570 29.3498
124580 29.3409
124590 29.3351
124600 29.3512
124610 29.3771
124620 29.3962
124630 29.4182
124640 29.4196
124650 29.4008
124660 29.4
124670 29.4298
124680 29.4546
124690 29.4607
124700 29.4651
124710 29.4715
124720 29.4748
124730 29.4871
124740 29.522
124750 29.5568
124760 29.5521
124770 29.5278
124780 29.5125
124790 29.5138
124800 29.5017
124810 29.4756
124820 29.4685
124830 29.4818
124840 29.4932
124850 29.5035
124860 29.5176
124870 29.5307
124880 29.5373
124890 29.5369
124900 29.5421
124910 29.546
124920 29.5474
124930 29.5572
124940 29.5537
124950 29.535
124960 29.5261
124970 29.5248
124980 29.5185
124990 29.5102
125000 29.5114
125010 29.5106
125020 29.504
125030 29.5042
125040 29.505
125050 29.5031
125060 29.5138
125070 29.5268
125080 29.5232
125090 29.5215
125100 29.5439
125110 29.5694
125120 29.5755
125130 29.5829
125140 29.5879
125150 29.5673
125160 29.5498
125170 29.5436
125180 29.5281
125190 29.4985
125200 29.5085
125210 29.5454
125220 29.5587
125230 29.5582
125240 29.5791
125250 29.6003
125260 29.6095
125270 29.6075
125280 29.6092
125290 29.6242
125300 29.6362
125310 29.6308
125320 29.6259
125330 29.6131
125340 29.6022
125350 29.6059
125360 29.6238
125370 29.6389
125380 29.6506
125390 29.6564
125400 29.6584
125410 29.6548
125420 29.6488
125430 29.6406
125440 29.6385
125450 29.6383
125460 29.6351
125470 29.628
125480 29.6442
125490 29.6628
125500 29.6903
125510 29.7293
125520 29.7554
125530 29.7531
125540 29.7503
125550 29.7659
125560 29.7805
125570 29.7771
125580 29.7521
125590 29.7388
125600 29.7296
125610 29.7163
125620 29.7014
125630 29.7092
125640 29.7243
125650 29.7297
125660 29.7262
125670 29.7437
125680 29.7787
125690 29.7877
125700 29.7735
125710 29.7676
125720 29.7867
125730 29.817
125740 29.8239
125750 29.8181
125760 29.8287
125770 29.8588
125780 29.8854
125790 29.8875
125800 29.8729
125810 29.8583
125820 29.855
125830 29.8463
125840 29.8185
125850 29.7807
125860 29.7509
125870 29.7302
125880 29.7202
125890 29.7264
125900 29.7278
125910 29.7178
125920 29.6932
125930 29.6813
125940 29.6853
125950 29.6892
125960 29.6788
125970 29.6744
125980 29.6818
125990 29.6869
126000 29.7105
126010 29.724
126020 29.7178
126030 29.722
126040 29.7397
126050 29.7399
126060 29.7174
126070 29.7001
126080 29.7153
126090 29.7483
126100 29.744
126110 29.7065
126120 29.6802
126130 29.6821
126140 29.693
126150 29.6948
126160 29.6856
126170 29.6787
126180 29.6858
126190 29.6979
126200 29.7164
126210 29.7245
126220 29.7279
126230 29.7267
126240 29.7203
126250 29.7169
126260 29.7291
126270 29.7492
126280 29.7627
126290 29.7705
126300 29.7782
126310 29.7902
126320 29.804
126330 29.8033
126340 29.8102
126350 29.8329
126360 29.8503
126370 29.8485
126380 29.8292
126390 29.8276
126400 29.8305
126410 29.8207
126420 29.8105
126430 29.8135
126440 29.8016
126450 29.7682
126460 29.7668
126470 29.7905
126480 29.8071
126490 29.8118
126500 29.8141
126510 29.8175
126520 29.8157
126530 29.8112
126540 29.8125
126550 29.8149
126560 29.8192
126570 29.8346
126580 29.8462
126590 29.845
126600 29.8434
126610 29.8369
126620 29.8337
126630 29.8392
126640 29.8619
126650 29.8873
126660 29.8934
126670 29.8988
126680 29.9112
126690 29.9189
126700 29.9063
126710 29.9151
126720 29.942
126730 29.9699
126740 29.9785
126750 29.9617
126760 29.9349
126770 29.9418
126780 29.9553
126790 29.9388
126800 29.9126
126810 29.9105
126820 29.9097
126830 29.9065
126840 29.9103
126850 29.915
126860 29.9305
126870 29.9361
126880 29.9273
126890 29.9055
126900 29.8922
126910 29.8828
126920 29.8517
126930 29.8227
126940 29.8107
126950 29.8132
126960 29.8169
126970 29.8218
126980 29.819
126990 29.8103
127000 29.8035
127010 29.8137
127020 29.8295
127030 29.8279
127040 29.8268
127050 29.8185
127060 29.8064
127070 29.8082
127080 29.824
127090 29.8408
127100 29.8382
127110 29.8213
127120 29.8141
127130 29.8164
127140 29.8169
127150 29.8276
127160 29.8325
127170 29.8108
127180 29.7895
127190 29.8025
127200 29.8331
127210 29.8387
127220 29.827
127230 29.84
127240 29.8598
127250 29.8574
127260 29.8399
127270 29.8432
127280 29.8438
127290 29.8256
127300 29.8181
127310 29.8377
127320 29.8517
127330 29.8319
127340 29.8179
127350 29.8209
127360 29.8201
127370 29.8023
127380 29.7929
127390 29.8007
127400 29.8083
127410 29.8036
127420 29.7994
127430 29.8043
127440 29.8073
127450 29.7966
127460 29.792
127470 29.8119
127480 29.8199
127490 29.784
127500 29.7433
127510 29.7383
127520 29.7583
127530 29.7818
127540 29.7765
127550 29.7684
127560 29.7661
127570 29.7544
127580 29.7366
127590 29.723
127600 29.7163
127610 29.7208
127620 29.7288
127630 29.738
127640 29.7247
127650 29.6947
127660 29.6812
127670 29.6779
127680 29.6696
127690 29.6692
127700 29.6812
127710 29.6828
127720 29.6815
127730 29.6836
127740 29.6863
127750 29.6863
127760 29.6852
127770 29.6791
127780 29.6599
127790 29.6393
127800 29.6231
127810 29.6088
127820 29.6091
127830 29.6179
127840 29.6272
127850 29.661
127860 29.714
127870 29.7543
127880 29.7685
127890 29.7704
127900 29.7656
127910 29.7589
127920 29.758
127930 29.7716
127940 29.7906
127950 29.8092
127960 29.8224
127970 29.8404
127980 29.8691
127990 29.8932
128000 29.89
128010 29.8904
128020 29.9176
128030 29.9478
128040 29.9521
128050 29.9499
128060 29.966
128070 30.0116
128080 30.0418
128090 30.0355
128100 30.0304
128110 30.0499
128120 30.0898
128130 30.1204
128140 30.1364
128150 30.1553
128160 30.1721
128170 30.1877
128180 30.1912
128190 30.2027
128200 30.222
128210 30.2235
128220 30.211
128230 30.1966
128240 30.1872
128250 30.1804
128260 30.1929
128270 30.2051
128280 30.1826
128290 30.1541
128300 30.1535
128310 30.1576
128320 30.1348
128330 30.1166
128340 30.1216
128350 30.1201
128360 30.1107
128370 30.1239
128380 30.1306
128390 30.1268
128400 30.1203
128410 30.0924
128420 30.0696
128430 30.0826
128440 30.1074
128450 30.1189
128460 30.1437
128470 30.148
128480 30.1197
128490 30.1124
128500 30.1145
128510 30.1102
128520 30.1045
128530 30.0902
128540 30.072
128550 30.076
128560 30.1081
128570 30.1343
128580 30.131
128590 30.1245
128600 30.1347
128610 30.1496
128620 30.1683
128630 30.184
128640 30.1806
128650 30.1666
128660 30.168
128670 30.2015
128680 30.2297
128690 30.234
128700 30.229
128710 30.2245
128720 30.2199
128730 30.2087
128740 30.1844
128750 30.1601
128760 30.1481
128770 30.1366
128780 30.1283
128790 30.1414
128800 30.17
128810 30.2004
128820 30.2318
128830 30.2321
128840 30.2203
128850 30.2259
128860 30.2457
128870 30.2519
128880 30.2477
128890 30.2577
128900 30.2686
128910 30.2632
128920 30.2596
128930 30.2701
128940 30.2871
128950 30.301
128960 30.2925
128970 30.2859
128980 30.2811
128990 30.2748
129000 30.2746
129010 30.2848
129020 30.2908
129030 30.3036
129040 30.3184
129050 30.3313
129060 30.3286
129070 30.3171
129080 30.3193
129090 30.3074
129100 30.2828
129110 30.2681
129120 30.253
129130 30.249
129140 30.2454
129150 30.2451
129160 30.2452
129170 30.2426
129180 30.2316
129190 30.2043
129200 30.1757
129210 30.1435
129220 30.1076
129230 30.0985
129240 30.1121
129250 30.1297
129260 30.1404
129270 30.1464
129280 30.1623
129290 30.1877
129300 30.2029
129310 30.2162
129320 30.2363
129330 30.257
129340 30.2606
129350 30.2555
129360 30.2546
129370 30.2371
129380 30.2187
129390 30.2154
129400 30.206
129410 30.1941
129420 30.1914
129430 30.1793
129440 30.1662
129450 30.1673
129460 30.1801
129470 30.1928
129480 30.1839
129490 30.1491
129500 30.1371
129510 30.1568
129520 30.1765
129530 30.1711
129540 30.156
129550 30.1531
129560 30.1719
129570 30.1808
129580 30.1852
129590 30.1949
129600 30.2065
129610 30.2156
129620 30.2158
129630 30.2199
129640 30.2351
129650 30.2524
129660 30.2512
129670 30.235
129680 30.2365
129690 30.2553
129700 30.2651
129710 30.2509
129720 30.2365
129730 30.232
129740 30.2392
129750 30.2453
129760 30.245
129770 30.2522
129780 30.2678
129790 30.2789
129800 30.2734
129810 30.2552
129820 30.2461
129830 30.2528
129840 30.2737
129850 30.2918
129860 30.3073
129870 30.329
129880 30.3432
129890 30.362
129900 30.3804
129910 30.3965
129920 30.4138
129930 30.4319
129940 30.4309
129950 30.4222
129960 30.4396
129970 30.461
129980 30.4587
129990 30.4516
130000 30.4526
130010 30.4538
130020 30.4361
130030 30.4331
130040 30.4572
130050 30.4752
130060 30.4681
130070 30.4839
130080 30.5455
130090 30.5778
130100 30.5593
130110 30.5352
