# Time-averaged data for fix msdk
# TimeStep c_mk[4]
0 7.19931e-30
10 0.00222204
20 0.00868424
30 0.0189052
40 0.0322684
50 0.0481574
60 0.0660605
70 0.0858148
80 0.107405
90 0.130466
100 0.154471
110 0.179244
120 0.204674
130 0.230409
140 0.255874
150 0.280823
160 0.305505
170 0.330185
180 0.354686
190 0.378646
200 0.402439
210 0.42718
220 0.453343
230 0.480316
240 0.507257
250 0.533861
260 0.560235
270 0.586164
280 0.611421
290 0.636462
300 0.661965
310 0.688062
320 0.71467
330 0.741962
340 0.769845
350 0.797851
360 0.825252
370 0.85104
380 0.874228
390 0.894564
400 0.912452
410 0.928581
420 0.943758
430 0.958513
440 0.973363
450 0.988523
460 1.00373
470 1.01861
480 1.03307
490 1.04733
500 1.06181
510 1.0772
520 1.09392
530 1.1117
540 1.12975
550 1.14743
560 1.1644
570 1.18043
580 1.19553
590 1.20994
600 1.22369
610 1.23655
620 1.24862
630 1.26036
640 1.27225
650 1.2845
660 1.29713
670 1.3097
680 1.32189
690 1.33426
700 1.34766
710 1.36255
720 1.37902
730 1.39763
740 1.41911
750 1.44288
760 1.46699
770 1.48956
780 1.50957
790 1.52628
800 1.53892
810 1.54771
820 1.5538
830 1.55841
840 1.56288
850 1.56851
860 1.57626
870 1.58638
880 1.59825
890 1.61094
900 1.6233
910 1.6345
920 1.64456
930 1.65385
940 1.66292
950 1.6727
960 1.68359
970 1.69512
980 1.70694
990 1.71875
1000 1.72974
1010 1.73928
1020 1.7478
1030 1.75598
1040 1.76377
1050 1.77046
1060 1.77562
1070 1.77953
1080 1.78282
1090 1.78641
1100 1.79143
1110 1.79846
1120 1.80742
1130 1.81818
1140 1.83108
1150 1.84686
1160 1.86559
1170 1.88611
1180 1.90746
1190 1.92924
1200 1.95076
1210 1.97148
1220 1.99197
1230 2.01341
1240 2.03639
1250 2.0607
1260 2.08581
1270 2.11099
1280 2.13596
1290 2.16079
1300 2.18513
1310 2.20855
1320 2.23105
1330 2.25333
1340 2.27606
1350 2.2993
1360 2.32248
1370 2.34463
1380 2.36484
1390 2.38215
1400 2.39615
1410 2.40772
1420 2.41826
1430 2.42803
1440 2.43598
1450 2.44185
1460 2.44673
1470 2.45167
1480 2.45732
1490 2.46436
1500 2.47357
1510 2.48512
1520 2.49793
1530 2.51101
1540 2.52444
1550 2.53915
1560 2.55607
1570 2.5744
1580 2.59165
1590 2.60596
1600 2.61714
1610 2.62595
1620 2.63315
1630 2.63988
1640 2.64698
1650 2.65446
1660 2.66154
1670 2.66741
1680 2.67213
1690 2.67693
1700 2.6837
1710 2.6933
1720 2.70434
1730 2.71496
1740 2.72506
1750 2.73453
1760 2.74275
1770 2.75015
1780 2.75837
1790 2.76878
1800 2.78174
1810 2.79694
1820 2.81426
1830 2.83328
1840 2.85328
1850 2.87405
1860 2.89543
1870 2.91663
1880 2.93676
1890 2.95569
1900 2.97355
1910 2.98991
1920 3.00473
1930 3.01885
1940 3.03233
1950 3.0444
1960 3.05416
1970 3.06204
1980 3.06956
1990 3.07791
2000 3.08682
2010 3.09551
2020 3.10408
2030 3.11264
2040 3.1206
2050 3.12773
2060 3.13418
2070 3.13991
2080 3.14504
2090 3.14954
2100 3.15321
2110 3.15636
2120 3.16015
2130 3.16565
2140 3.1732
2150 3.18248
2160 3.1926
2170 3.20316
2180 3.21398
2190 3.22519
2200 3.2381
2210 3.25461
2220 3.275
2230 3.29744
2240 3.31975
2250 3.34091
2260 3.36085
2270 3.37964
2280 3.39747
2290 3.41424
2300 3.42922
2310 3.44218
2320 3.45392
2330 3.46519
2340 3.47518
2350 3.48315
2360 3.49024
2370 3.49786
2380 3.50616
2390 3.51443
2400 3.52226
2410 3.52987
2420 3.53746
2430 3.54496
2440 3.55282
2450 3.5615
2460 3.57059
2470 3.57941
2480 3.58887
2490 3.60047
2500 3.61321
2510 3.62461
2520 3.63431
2530 3.64364
2540 3.65334
2550 3.66333
2560 3.67444
2570 3.68787
2580 3.70347
2590 3.72052
2600 3.73821
2610 3.75434
2620 3.76648
2630 3.77478
2640 3.78057
2650 3.78378
2660 3.78427
2670 3.78387
2680 3.78496
2690 3.78909
2700 3.79687
2710 3.80774
2720 3.82126
2730 3.83717
2740 3.85396
2750 3.86987
2760 3.88426
2770 3.89797
2780 3.91195
2790 3.92649
2800 3.94159
2810 3.9571
2820 3.97318
2830 3.98995
2840 4.00778
2850 4.02681
2860 4.04676
2870 4.06759
2880 4.08899
2890 4.10983
2900 4.12933
2910 4.14733
2920 4.16427
2930 4.18068
2940 4.19613
2950 4.21057
2960 4.225
2970 4.23996
2980 4.25482
2990 4.26865
3000 4.28136
3010 4.29321
3020 4.30405
3030 4.31393
3040 4.32387
3050 4.33472
3060 4.3458
3070 4.35651
3080 4.3674
3090 4.38018
3100 4.39612
3110 4.4149
3120 4.43503
3130 4.45456
3140 4.47144
3150 4.48539
3160 4.49782
3170 4.51011
3180 4.52267
3190 4.5354
3200 4.54784
3210 4.55923
3220 4.56968
3230 4.58053
3240 4.59193
3250 4.60215
3260 4.61036
3270 4.61808
3280 4.62735
3290 4.63872
3300 4.65225
3310 4.6687
3320 4.68915
3330 4.71449
3340 4.74404
3350 4.77566
3360 4.80802
3370 4.8405
3380 4.87178
3390 4.90041
3400 4.92538
3410 4.9458
3420 4.96225
3430 4.97653
3440 4.98963
3450 5.00103
3460 5.01157
3470 5.02495
3480 5.04348
3490 5.066
3500 5.0902
3510 5.11407
3520 5.13676
3530 5.15944
3540 5.18338
3550 5.20827
3560 5.23246
3570 5.25458
3580 5.27511
3590 5.29508
3600 5.31418
3610 5.33112
3620 5.34471
3630 5.35453
3640 5.36208
3650 5.37035
3660 5.38173
3670 5.39706
3680 5.41647
3690 5.43937
3700 5.46405
3710 5.48939
3720 5.51429
3730 5.53697
3740 5.55657
3750 5.5734
3760 5.58778
3770 5.6003
3780 5.6121
3790 5.62351
3800 5.63408
3810 5.64447
3820 5.65656
3830 5.67144
3840 5.68829
3850 5.70648
3860 5.72643
3870 5.74769
3880 5.76887
3890 5.78864
3900 5.80633
3910 5.82211
3920 5.83548
3930 5.84489
3940 5.85005
3950 5.85264
3960 5.85495
3970 5.85757
3980 5.85908
3990 5.85833
4000 5.85608
4010 5.85441
4020 5.85505
4030 5.85906
4040 5.86684
4050 5.87789
4060 5.89112
4070 5.90603
4080 5.92243
4090 5.9392
4100 5.95613
4110 5.97398
4120 5.99257
4130 6.01131
4140 6.03041
4150 6.05008
4160 6.07034
4170 6.09146
4180 6.11368
4190 6.13674
4200 6.15975
4210 6.18146
4220 6.20115
4230 6.21882
4240 6.23484
4250 6.24977
4260 6.26405
4270 6.27784
4280 6.29144
4290 6.30487
4300 6.31724
4310 6.32791
4320 6.33706
4330 6.34539
4340 6.35391
4350 6.36304
4360 6.37141
4370 6.37799
4380 6.38373
4390 6.38953
4400 6.39481
4410 6.39948
4420 6.4047
4430 6.41122
4440 6.4181
4450 6.42447
4460 6.42975
4470 6.4338
4480 6.43702
4490 6.44094
4500 6.44662
4510 6.4531
4520 6.45876
4530 6.46389
4540 6.47009
4550 6.47773
4560 6.48586
4570 6.49366
4580 6.50131
4590 6.50972
4600 6.51875
4610 6.52747
4620 6.53498
4630 6.54032
4640 6.54279
4650 6.54317
4660 6.54354
4670 6.54449
4680 6.54311
4690 6.53668
4700 6.52654
4710 6.51629
4720 6.50838
4730 6.50341
4740 6.50182
4750 6.50468
4760 6.51217
4770 6.5228
4780 6.53548
4790 6.55159
4800 6.57203
4810 6.59482
4820 6.61777
4830 6.64025
4840 6.66201
4850 6.68157
4860 6.6975
4870 6.71073
4880 6.72416
4890 6.7385
4900 6.75238
4910 6.7664
4920 6.78285
4930 6.80223
4940 6.82362
4950 6.84654
4960 6.87098
4970 6.89562
4980 6.91841
4990 6.93816
5000 6.95408
5010 6.96542
5020 6.97202
5030 6.9747
5040 6.97431
5050 6.97161
5060 6.96722
5070 6.96193
5080 6.95689
5090 6.95333
5100 6.95258
5110 6.9555
5120 6.96251
5130 6.97428
5140 6.99015
5150 7.00835
5160 7.02789
5170 7.0481
5180 7.06811
5190 7.08736
5200 7.10484
5210 7.11838
5220 7.12691
5230 7.13217
5240 7.13606
5250 7.13841
5260 7.13909
5270 7.13899
5280 7.13885
5290 7.13712
5300 7.13186
5310 7.12363
5320 7.11457
5330 7.10715
5340 7.10347
5350 7.10534
5360 7.11337
5370 7.12701
5380 7.14555
5390 7.16847
5400 7.19507
5410 7.22409
5420 7.25319
5430 7.28038
5440 7.30446
5450 7.32431
5460 7.33799
5470 7.34499
5480 7.34777
5490 7.35064
5500 7.35584
5510 7.36257
5520 7.36984
5530 7.37705
5540 7.3846
5550 7.39328
5560 7.40325
5570 7.41454
5580 7.42752
5590 7.44211
5600 7.45651
5610 7.4691
5620 7.47973
5630 7.48837
5640 7.49524
5650 7.50184
5660 7.51032
5670 7.52145
5680 7.53395
5690 7.54524
5700 7.55491
5710 7.56459
5720 7.57442
5730 7.58285
5740 7.58939
5750 7.59501
5760 7.59986
5770 7.6028
5780 7.60391
5790 7.60525
5800 7.60815
5810 7.61348
5820 7.62336
5830 7.63876
5840 7.65702
5850 7.67442
5860 7.68933
5870 7.70143
5880 7.70965
5890 7.7124
5900 7.70914
5910 7.70105
5920 7.68996
5930 7.67825
5940 7.66827
5950 7.66173
5960 7.65982
5970 7.66253
5980 7.66869
5990 7.67757
6000 7.68934
6010 7.70466
6020 7.72344
6030 7.74489
6040 7.7685
6050 7.79385
6060 7.81977
6070 7.8446
6080 7.8686
6090 7.89283
6100 7.91754
6110 7.9427
6120 7.96814
6130 7.99295
6140 8.01572
6150 8.03548
6160 8.05252
6170 8.0675
6180 8.08075
6190 8.09343
6200 8.1072
6210 8.12269
6220 8.13895
6230 8.15477
6240 8.17012
6250 8.18551
6260 8.2013
6270 8.21747
6280 8.23396
6290 8.252
6300 8.27337
6310 8.29861
6320 8.3269
6330 8.35695
6340 8.38798
6350 8.41842
6360 8.44606
6370 8.46981
6380 8.4908
6390 8.51046
6400 8.52887
6410 8.54575
6420 8.56074
6430 8.57288
6440 8.58038
6450 8.58393
6460 8.58627
6470 8.5894
6480 8.59412
6490 8.60151
6500 8.6132
6510 8.6296
6520 8.64981
6530 8.67219
6540 8.69454
6550 8.71546
6560 8.73463
6570 8.75159
6580 8.76605
6590 8.77857
6600 8.7901
6610 8.80142
6620 8.81375
6630 8.8285
6640 8.84587
6650 8.86564
6660 8.88654
6670 8.90593
6680 8.92201
6690 8.93565
6700 8.94832
6710 8.95961
6720 8.96898
6730 8.97782
6740 8.98775
6750 8.99878
6760 9.01099
6770 9.02577
6780 9.04435
6790 9.06657
6800 9.09137
6810 9.11723
6820 9.14193
6830 9.16331
6840 9.1817
6850 9.19934
6860 9.21748
6870 9.2359
6880 9.25483
6890 9.27457
6900 9.29431
6910 9.31359
6920 9.33219
6930 9.349
6940 9.36355
6950 9.37747
6960 9.39277
6970 9.41074
6980 9.43173
6990 9.45558
7000 9.4817
7010 9.50812
7020 9.53271
7030 9.55402
7040 9.57045
7050 9.58035
7060 9.58388
7070 9.58393
7080 9.58342
7090 9.58343
7100 9.58443
7110 9.58783
7120 9.59407
7130 9.60309
7140 9.61508
7150 9.62989
7160 9.64721
7170 9.66678
7180 9.68933
7190 9.71535
7200 9.74281
7210 9.7684
7220 9.78996
7230 9.80689
7240 9.82012
7250 9.83117
7260 9.84178
7270 9.85379
7280 9.86762
7290 9.88266
7300 9.89948
7310 9.9194
7320 9.9419
7330 9.96488
7340 9.98642
7350 10.0055
7360 10.0216
7370 10.0354
7380 10.048
7390 10.0609
7400 10.0766
7410 10.0956
7420 10.1155
7430 10.1345
7440 10.154
7450 10.1753
7460 10.1967
7470 10.2173
7480 10.2366
7490 10.2532
7500 10.2651
7510 10.273
7520 10.2796
7530 10.2867
7540 10.2925
7550 10.2935
7560 10.2893
7570 10.2817
7580 10.2721
7590 10.2612
7600 10.2509
7610 10.2443
7620 10.2427
7630 10.244
7640 10.2464
7650 10.2494
7660 10.2537
7670 10.2593
7680 10.2653
7690 10.2707
7700 10.2743
7710 10.2745
7720 10.2724
7730 10.2704
7740 10.2691
7750 10.2677
7760 10.2661
7770 10.2639
7780 10.2599
7790 10.2534
7800 10.2444
7810 10.234
7820 10.224
7830 10.2153
7840 10.2087
7850 10.2055
7860 10.2058
7870 10.2093
7880 10.2162
7890 10.2266
7900 10.2395
7910 10.2543
7920 10.2728
7930 10.2949
7940 10.3183
7950 10.3406
7960 10.362
7970 10.3833
7980 10.4044
7990 10.4239
8000 10.4419
8010 10.4589
8020 10.4752
8030 10.4913
8040 10.5085
8050 10.5265
8060 10.5436
8070 10.5595
8080 10.575
8090 10.5889
8100 10.5992
8110 10.6061
8120 10.6105
8130 10.6141
8140 10.6194
8150 10.6285
8160 10.642
8170 10.6583
8180 10.6753
8190 10.693
8200 10.7125
8210 10.734
8220 10.7581
8230 10.7848
8240 10.8122
8250 10.8394
8260 10.867
8270 10.893
8280 10.9146
8290 10.931
8300 10.9446
8310 10.9566
8320 10.9648
8330 10.9689
8340 10.9709
8350 10.9713
8360 10.9701
8370 10.9688
8380 10.9695
8390 10.9725
8400 10.9777
8410 10.9858
8420 10.9954
8430 11.0044
8440 11.0135
8450 11.0247
8460 11.0377
8470 11.0502
8480 11.0625
8490 11.0773
8500 11.0947
8510 11.1124
8520 11.1292
8530 11.1458
8540 11.1622
8550 11.1785
8560 11.1937
8570 11.205
8580 11.2108
8590 11.2124
8600 11.2108
8610 11.2052
8620 11.1968
8630 11.1891
8640 11.1849
8650 11.1847
8660 11.1889
8670 11.1972
8680 11.2072
8690 11.2173
8700 11.2279
8710 11.239
8720 11.2498
8730 11.2604
8740 11.2711
8750 11.2806
8760 11.288
8770 11.2945
8780 11.3019
8790 11.311
8800 11.3218
8810 11.3335
8820 11.3449
8830 11.3552
8840 11.3619
8850 11.3622
8860 11.3574
8870 11.3531
8880 11.3533
8890 11.3585
8900 11.3681
8910 11.3828
8920 11.4037
8930 11.4306
8940 11.4614
8950 11.4939
8960 11.5264
8970 11.5579
8980 11.5881
8990 11.6161
9000 11.6414
9010 11.6643
9020 11.6847
9030 11.7031
9040 11.7209
9050 11.7391
9060 11.7584
9070 11.7783
9080 11.7974
9090 11.8142
9100 11.8295
9110 11.8458
9120 11.8648
9130 11.8839
9140 11.8999
9150 11.911
9160 11.9166
9170 11.917
9180 11.9137
9190 11.9086
9200 11.903
9210 11.8981
9220 11.8947
9230 11.8917
9240 11.8877
9250 11.8822
9260 11.8752
9270 11.8661
9280 11.855
9290 11.8434
9300 11.8323
9310 11.8227
9320 11.8169
9330 11.8177
9340 11.825
9350 11.8367
9360 11.8499
9370 11.8641
9380 11.8804
9390 11.9011
9400 11.928
9410 11.9609
9420 11.9957
9430 12.0275
9440 12.0548
9450 12.0791
9460 12.1006
9470 12.1192
9480 12.1366
9490 12.154
9500 12.173
9510 12.1939
9520 12.2153
9530 12.2363
9540 12.258
9550 12.2809
9560 12.3038
9570 12.3243
9580 12.3433
9590 12.3639
9600 12.3861
9610 12.4064
9620 12.4222
9630 12.4327
9640 12.4371
9650 12.4347
9660 12.4259
9670 12.4117
9680 12.3934
9690 12.3736
9700 12.354
9710 12.334
9720 12.3119
9730 12.2886
9740 12.2656
9750 12.2424
9760 12.2189
9770 12.1966
9780 12.1779
9790 12.1642
9800 12.1558
9810 12.1521
9820 12.1522
9830 12.1574
9840 12.1703
9850 12.1893
9860 12.2101
9870 12.2304
9880 12.2497
9890 12.2674
9900 12.2818
9910 12.2912
9920 12.2963
9930 12.3006
9940 12.3066
9950 12.313
9960 12.3195
9970 12.3284
9980 12.3403
9990 12.3515
10000 12.3583
10010 12.3613
10020 12.3632
10030 12.3643
10040 12.3635
10050 12.3621
10060 12.3633
10070 12.3692
10080 12.3794
10090 12.3919
10100 12.4041
10110 12.414
10120 12.4217
10130 12.427
10140 12.4288
10150 12.4272
10160 12.424
10170 12.4209
10180 12.4185
10190 12.4172
10200 12.4164
10210 12.4156
10220 12.413
10230 12.4066
10240 12.3966
10250 12.3859
10260 12.3782
10270 12.3755
10280 12.3789
10290 12.3887
10300 12.4055
10310 12.4295
10320 12.4605
10330 12.4978
10340 12.5393
10350 12.5819
10360 12.6244
10370 12.6663
10380 12.7065
10390 12.7433
10400 12.7748
10410 12.7991
10420 12.8156
10430 12.8269
10440 12.8363
10450 12.8448
10460 12.8534
10470 12.8634
10480 12.8757
10490 12.8908
10500 12.9071
10510 12.921
10520 12.9301
10530 12.9353
10540 12.9396
10550 12.9448
10560 12.951
10570 12.9573
10580 12.9622
10590 12.9666
10600 12.9747
10610 12.9887
10620 13.0061
10630 13.0252
10640 13.0478
10650 13.0739
10660 13.1001
10670 13.1238
10680 13.1441
10690 13.16
10700 13.1697
10710 13.1741
10720 13.1757
10730 13.1774
10740 13.1802
10750 13.1838
10760 13.1897
10770 13.1983
10780 13.207
10790 13.2143
10800 13.2216
10810 13.2293
10820 13.2354
10830 13.2372
10840 13.2336
10850 13.2257
10860 13.2161
10870 13.2083
10880 13.2047
10890 13.2047
10900 13.209
10910 13.2183
10920 13.2319
10930 13.2478
10940 13.2657
10950 13.2847
10960 13.3035
10970 13.322
10980 13.3419
10990 13.3642
11000 13.3867
11010 13.4057
11020 13.4191
11030 13.4264
11040 13.427
11050 13.4216
11060 13.4139
11070 13.4071
11080 13.402
11090 13.399
11100 13.4008
11110 13.409
11120 13.422
11130 13.4378
11140 13.4568
11150 13.4796
11160 13.504
11170 13.5276
11180 13.5498
11190 13.5716
11200 13.5928
11210 13.6119
11220 13.6272
11230 13.6364
11240 13.6385
11250 13.6368
11260 13.6346
11270 13.6333
11280 13.6332
11290 13.6359
11300 13.6423
11310 13.652
11320 13.6641
11330 13.6774
11340 13.6896
11350 13.6987
11360 13.7038
11370 13.7048
11380 13.7013
11390 13.6941
11400 13.6859
11410 13.6789
11420 13.6751
11430 13.6769
11440 13.6875
11450 13.708
11460 13.7365
11470 13.7681
11480 13.7983
11490 13.8255
11500 13.8506
11510 13.8753
11520 13.8992
11530 13.9191
11540 13.932
11550 13.9381
11560 13.9392
11570 13.935
11580 13.9265
11590 13.9187
11600 13.9149
11610 13.9135
11620 13.9117
11630 13.9096
11640 13.9102
11650 13.9157
11660 13.9266
11670 13.9415
11680 13.9592
11690 13.9781
11700 13.9972
11710 14.0177
11720 14.0405
11730 14.0626
11740 14.081
11750 14.0957
11760 14.1082
11770 14.1195
11780 14.1319
11790 14.1474
11800 14.1658
11810 14.1862
11820 14.2077
11830 14.2287
11840 14.249
11850 14.2695
11860 14.2909
11870 14.3124
11880 14.3333
11890 14.3537
11900 14.3735
11910 14.3916
11920 14.4061
11930 14.4132
11940 14.413
11950 14.4112
11960 14.4116
11970 14.4125
11980 14.4114
11990 14.4091
12000 14.4047
12010 14.3958
12020 14.3838
12030 14.3727
12040 14.3631
12050 14.3542
12060 14.3474
12070 14.3437
12080 14.3417
12090 14.3403
12100 14.3412
12110 14.3458
12120 14.3542
12130 14.3666
12140 14.3833
12150 14.4042
12160 14.4272
12170 14.4485
12180 14.4652
12190 14.4775
12200 14.4877
12210 14.4977
12220 14.5083
12230 14.5199
12240 14.5339
12250 14.552
12260 14.574
12270 14.5982
12280 14.6237
12290 14.6496
12300 14.6746
12310 14.6978
12320 14.7188
12330 14.738
12340 14.757
12350 14.7772
12360 14.8003
12370 14.8272
12380 14.8572
12390 14.8896
12400 14.9224
12410 14.9523
12420 14.9781
12430 15.0008
12440 15.0214
12450 15.0394
12460 15.0544
12470 15.067
12480 15.0781
12490 15.0896
12500 15.1034
12510 15.1192
12520 15.1346
12530 15.1486
12540 15.1627
12550 15.1757
12560 15.1844
12570 15.1886
12580 15.1899
12590 15.1874
12600 15.1787
12610 15.165
12620 15.1515
12630 15.1424
12640 15.1385
12650 15.1404
12660 15.1479
12670 15.1577
12680 15.1648
12690 15.1674
12700 15.1677
12710 15.1681
12720 15.1693
12730 15.1706
12740 15.1719
12750 15.174
12760 15.1794
12770 15.1891
12780 15.2008
12790 15.2116
12800 15.2187
12810 15.2213
12820 15.2216
12830 15.222
12840 15.2212
12850 15.2179
12860 15.2146
12870 15.2148
12880 15.2198
12890 15.229
12900 15.2419
12910 15.2576
12920 15.274
12930 15.2885
12940 15.2993
12950 15.3059
12960 15.3096
12970 15.3134
12980 15.3188
12990 15.3241
13000 15.3274
13010 15.3287
13020 15.3288
13030 15.3287
13040 15.3292
13050 15.3295
13060 15.3284
13070 15.3263
13080 15.326
13090 15.3322
13100 15.3463
13110 15.3659
13120 15.3896
13130 15.4171
13140 15.4451
13150 15.4652
13160 15.4729
13170 15.4714
13180 15.467
13190 15.4641
13200 15.4638
13210 15.4662
13220 15.4705
13230 15.4757
13240 15.4823
13250 15.4912
13260 15.5019
13270 15.5128
13280 15.522
13290 15.5269
13300 15.5269
13310 15.5262
13320 15.5304
13330 15.5424
13340 15.5611
13350 15.5846
13360 15.612
13370 15.6433
13380 15.6787
13390 15.7151
13400 15.7475
13410 15.7737
13420 15.7957
13430 15.8153
13440 15.8308
13450 15.8425
13460 15.8543
13470 15.8693
13480 15.8882
13490 15.9118
13500 15.9415
13510 15.9752
13520 16.0096
13530 16.0409
13540 16.0651
13550 16.0802
13560 16.0855
13570 16.0825
13580 16.0728
13590 16.0585
13600 16.0443
13610 16.033
13620 16.0235
13630 16.0138
13640 16.0025
13650 15.9889
13660 15.9737
13670 15.9591
13680 15.9459
13690 15.9334
13700 15.9222
13710 15.9138
13720 15.9066
13730 15.8975
13740 15.8849
13750 15.8692
13760 15.8522
13770 15.837
13780 15.8249
13790 15.8171
13800 15.8152
13810 15.8202
13820 15.832
13830 15.8497
13840 15.8718
13850 15.8969
13860 15.9252
13870 15.9568
13880 15.9894
13890 16.0211
13900 16.051
13910 16.0787
13920 16.1055
13930 16.1331
13940 16.1619
13950 16.1913
13960 16.2211
13970 16.2516
13980 16.2823
13990 16.3135
14000 16.3457
14010 16.3781
14020 16.4086
14030 16.436
14040 16.4604
14050 16.4818
14060 16.5021
14070 16.5228
14080 16.5447
14090 16.5688
14100 16.5973
14110 16.6309
14120 16.6681
14130 16.7079
14140 16.7506
14150 16.7961
14160 16.8404
14170 16.8773
14180 16.9044
14190 16.9228
14200 16.9353
14210 16.9444
14220 16.9536
14230 16.9652
14240 16.9785
14250 16.9943
14260 17.0173
14270 17.0506
14280 17.0913
14290 17.1363
14300 17.1852
14310 17.2369
14320 17.2873
14330 17.3334
14340 17.3772
14350 17.4223
14360 17.4702
14370 17.518
14380 17.5604
14390 17.5944
14400 17.6194
14410 17.6339
14420 17.6355
14430 17.6252
14440 17.6078
14450 17.5889
14460 17.5724
14470 17.5596
14480 17.5498
14490 17.5447
14500 17.5469
14510 17.554
14520 17.5612
14530 17.5676
14540 17.5752
14550 17.586
14560 17.6009
14570 17.6192
14580 17.6382
14590 17.6537
14600 17.6632
14610 17.6667
14620 17.6648
14630 17.6591
14640 17.6531
14650 17.6496
14660 17.6486
14670 17.6494
14680 17.6513
14690 17.6526
14700 17.6511
14710 17.6465
14720 17.6393
14730 17.6301
14740 17.6211
14750 17.6149
14760 17.6124
14770 17.6133
14780 17.6164
14790 17.6199
14800 17.6239
14810 17.6291
14820 17.6353
14830 17.6431
14840 17.6533
14850 17.6667
14860 17.683
14870 17.7025
14880 17.7234
14890 17.7441
14900 17.7644
14910 17.7848
14920 17.8061
14930 17.8306
14940 17.8612
14950 17.8967
14960 17.9326
14970 17.9657
14980 17.9928
14990 18.0091
15000 18.0129
15010 18.0097
15020 18.0069
15030 18.0079
15040 18.0131
15050 18.0234
15060 18.0375
15070 18.0531
15080 18.0669
15090 18.0776
15100 18.0865
15110 18.0957
15120 18.1045
15130 18.1104
15140 18.1125
15150 18.1089
15160 18.0947
15170 18.0698
15180 18.0385
15190 18.0038
15200 17.9695
15210 17.94
15220 17.9189
15230 17.906
15240 17.9011
15250 17.9065
15260 17.9216
15270 17.9427
15280 17.9669
15290 17.9963
15300 18.0323
15310 18.0724
15320 18.1139
15330 18.1581
15340 18.2058
15350 18.2527
15360 18.293
15370 18.3245
15380 18.3465
15390 18.3591
15400 18.3656
15410 18.3701
15420 18.3758
15430 18.3853
15440 18.3996
15450 18.4182
15460 18.4394
15470 18.4623
15480 18.486
15490 18.5081
15500 18.528
15510 18.5463
15520 18.562
15530 18.5749
15540 18.5879
15550 18.6059
15560 18.6302
15570 18.6588
15580 18.6894
15590 18.7189
15600 18.7443
15610 18.7626
15620 18.7739
15630 18.7809
15640 18.7856
15650 18.7892
15660 18.7926
15670 18.7971
15680 18.8033
15690 18.8116
15700 18.8205
15710 18.828
15720 18.8326
15730 18.8331
15740 18.827
15750 18.8103
15760 18.7831
15770 18.7504
15780 18.7172
15790 18.6869
15800 18.6616
15810 18.6415
15820 18.6253
15830 18.6115
15840 18.5996
15850 18.5901
15860 18.5854
15870 18.5872
15880 18.5963
15890 18.6135
15900 18.638
15910 18.6676
15920 18.6996
15930 18.7315
15940 18.7618
15950 18.7911
15960 18.82
15970 18.8489
15980 18.8778
15990 18.9054
16000 18.9287
16010 18.9456
16020 18.9572
16030 18.9674
16040 18.9805
16050 18.9971
16060 19.0148
16070 19.0319
16080 19.0462
16090 19.0545
16100 19.0567
16110 19.0568
16120 19.0569
16130 19.056
16140 19.0511
16150 19.0398
16160 19.0227
16170 19.0038
16180 18.9876
16190 18.9762
16200 18.9707
16210 18.9714
16220 18.9778
16230 18.9886
16240 19.002
16250 19.0158
16260 19.0288
16270 19.0424
16280 19.0562
16290 19.067
16300 19.0732
16310 19.0757
16320 19.0744
16330 19.0693
16340 19.0624
16350 19.0562
16360 19.0502
16370 19.0435
16380 19.0379
16390 19.0358
16400 19.0375
16410 19.0417
16420 19.0479
16430 19.0575
16440 19.0709
16450 19.0856
16460 19.0982
16470 19.1077
16480 19.1155
16490 19.1212
16500 19.1233
16510 19.1225
16520 19.1206
16530 19.1182
16540 19.1161
16550 19.1155
16560 19.1177
16570 19.1244
16580 19.1371
16590 19.1547
16600 19.1736
16610 19.1921
16620 19.2088
16630 19.2211
16640 19.2266
16650 19.226
16660 19.2219
16670 19.216
16680 19.2101
16690 19.2066
16700 19.2076
16710 19.2136
16720 19.2248
16730 19.2401
16740 19.259
16750 19.28
16760 19.3009
16770 19.3213
16780 19.3422
16790 19.3629
16800 19.3811
16810 19.3954
16820 19.4054
16830 19.4107
16840 19.4111
16850 19.4081
16860 19.4048
16870 19.4054
16880 19.4125
16890 19.4277
16900 19.4509
16910 19.4806
16920 19.5147
16930 19.5499
16940 19.5808
16950 19.603
16960 19.6177
16970 19.629
16980 19.6382
16990 19.6438
17000 19.6485
17010 19.6584
17020 19.6754
17030 19.6958
17040 19.7157
17050 19.7328
17060 19.7457
17070 19.7547
17080 19.7615
17090 19.7682
17100 19.774
17110 19.7782
17120 19.7836
17130 19.7923
17140 19.8032
17150 19.8146
17160 19.8274
17170 19.8422
17180 19.8573
17190 19.871
17200 19.8828
17210 19.8921
17220 19.8978
17230 19.8999
17240 19.8981
17250 19.8919
17260 19.8822
17270 19.8705
17280 19.8566
17290 19.8397
17300 19.8218
17310 19.8057
17320 19.7938
17330 19.7881
17340 19.7879
17350 19.7893
17360 19.7897
17370 19.7914
17380 19.7967
17390 19.8041
17400 19.8119
17410 19.8216
17420 19.8331
17430 19.8417
17440 19.8431
17450 19.8376
17460 19.8263
17470 19.8088
17480 19.7868
17490 19.7642
17500 19.7441
17510 19.7266
17520 19.7129
17530 19.7066
17540 19.7101
17550 19.7226
17560 19.7431
17570 19.7732
17580 19.8154
17590 19.8676
17600 19.9241
17610 19.9803
17620 20.034
17630 20.0847
17640 20.1323
17650 20.1756
17660 20.2132
17670 20.2458
17680 20.2773
17690 20.3113
17700 20.3488
17710 20.3886
17720 20.4314
17730 20.4775
17740 20.5269
17750 20.5784
17760 20.6303
17770 20.6813
17780 20.7296
17790 20.7734
17800 20.8126
17810 20.8482
17820 20.8799
17830 20.9074
17840 20.9316
17850 20.9528
17860 20.9706
17870 20.9844
17880 20.993
17890 20.9961
17900 20.9961
17910 20.9945
17920 20.9903
17930 20.9835
17940 20.9745
17950 20.9619
17960 20.9443
17970 20.9245
17980 20.9061
17990 20.8902
18000 20.8767
18010 20.865
18020 20.8526
18030 20.836
18040 20.8156
18050 20.7967
18060 20.7846
18070 20.7812
18080 20.7831
18090 20.7866
18100 20.7918
18110 20.7982
18120 20.8028
18130 20.8048
18140 20.8069
18150 20.8117
18160 20.8204
18170 20.8333
18180 20.8519
18190 20.8768
18200 20.9056
18210 20.9355
18220 20.9662
18230 20.9998
18240 21.0393
18250 21.0855
18260 21.1371
18270 21.1903
18280 21.2414
18290 21.2879
18300 21.3279
18310 21.3604
18320 21.3853
18330 21.4028
18340 21.4164
18350 21.4315
18360 21.4514
18370 21.4777
18380 21.5112
18390 21.5511
18400 21.5948
18410 21.6402
18420 21.6856
18430 21.7305
18440 21.7745
18450 21.8164
18460 21.8537
18470 21.8841
18480 21.9061
18490 21.9179
18500 21.9201
18510 21.9156
18520 21.9079
18530 21.9004
18540 21.8961
18550 21.8956
18560 21.8976
18570 21.9
18580 21.9022
18590 21.9047
18600 21.9086
18610 21.9146
18620 21.9211
18630 21.9269
18640 21.9333
18650 21.941
18660 21.9483
18670 21.9542
18680 21.9605
18690 21.9687
18700 21.9794
18710 21.9918
18720 22.0038
18730 22.0142
18740 22.0216
18750 22.0219
18760 22.0109
18770 21.9879
18780 21.9563
18790 21.9217
18800 21.8894
18810 21.8617
18820 21.8385
18830 21.8177
18840 21.7997
18850 21.788
18860 21.7843
18870 21.7867
18880 21.7924
18890 21.7993
18900 21.8061
18910 21.8113
18920 21.8157
18930 21.8207
18940 21.8285
18950 21.8417
18960 21.861
18970 21.8836
18980 21.9066
18990 21.9287
19000 21.9471
19010 21.9597
19020 21.9673
19030 21.9742
19040 21.9846
19050 22.0006
19060 22.0237
19070 22.0557
19080 22.094
19090 22.1319
19100 22.1654
19110 22.1949
19120 22.2221
19130 22.2481
19140 22.2728
19150 22.2974
19160 22.323
19170 22.348
19180 22.3694
19190 22.3867
19200 22.4029
19210 22.4201
19220 22.4387
19230 22.459
19240 22.48
19250 22.5
19260 22.518
19270 22.534
19280 22.5482
19290 22.5596
19300 22.5668
19310 22.5704
19320 22.5714
19330 22.5686
19340 22.561
19350 22.5503
19360 22.5393
19370 22.5305
19380 22.5269
19390 22.533
19400 22.5487
19410 22.5698
19420 22.5924
19430 22.6163
19440 22.6424
19450 22.6697
19460 22.6964
19470 22.722
19480 22.7458
19490 22.7669
19500 22.7832
19510 22.7922
19520 22.7941
19530 22.7932
19540 22.7949
19550 22.8025
19560 22.8165
19570 22.8359
19580 22.858
19590 22.8784
19600 22.8944
19610 22.9065
19620 22.9152
19630 22.9172
19640 22.91
19650 22.8961
19660 22.88
19670 22.8634
19680 22.8475
19690 22.8374
19700 22.8359
19710 22.841
19720 22.8489
19730 22.8584
19740 22.8723
19750 22.8916
19760 22.9154
19770 22.9415
19780 22.9686
19790 22.9957
19800 23.0223
19810 23.0487
19820 23.0761
19830 23.104
19840 23.1296
19850 23.1507
19860 23.1706
19870 23.1931
19880 23.2182
19890 23.2446
19900 23.2729
19910 23.3009
19920 23.3266
19930 23.3519
19940 23.378
19950 23.4033
19960 23.4268
19970 23.4506
19980 23.4768
19990 23.5048
20000 23.5332
20010 23.5637
20020 23.6009
20030 23.6471
20040 23.7
20050 23.7551
20060 23.8066
20070 23.8502
20080 23.8852
20090 23.9144
20100 23.9412
20110 23.9665
20120 23.9909
20130 24.0144
20140 24.0362
20150 24.0569
20160 24.0792
20170 24.1036
20180 24.1282
20190 24.1523
20200 24.1761
20210 24.198
20220 24.2172
20230 24.234
20240 24.2479
20250 24.2579
20260 24.2621
20270 24.2581
20280 24.2466
20290 24.2327
20300 24.2211
20310 24.214
20320 24.2123
20330 24.2171
20340 24.2266
20350 24.2377
20360 24.2486
20370 24.2601
20380 24.273
20390 24.2864
20400 24.2999
20410 24.3149
20420 24.3316
20430 24.3479
20440 24.3618
20450 24.3731
20460 24.382
20470 24.3889
20480 24.3933
20490 24.3941
20500 24.3928
20510 24.3928
20520 24.3969
20530 24.4058
20540 24.4175
20550 24.4311
20560 24.4468
20570 24.4649
20580 24.4877
20590 24.5168
20600 24.5494
20610 24.5797
20620 24.6013
20630 24.6122
20640 24.6131
20650 24.6061
20660 24.5953
20670 24.5867
20680 24.585
20690 24.5947
20700 24.6192
20710 24.657
20720 24.7005
20730 24.7437
20740 24.7844
20750 24.8205
20760 24.8492
20770 24.8717
20780 24.8913
20790 24.9076
20800 24.92
20810 24.931
20820 24.9431
20830 24.9566
20840 24.9724
20850 24.9926
20860 25.0169
20870 25.0429
20880 25.0691
20890 25.0954
20900 25.1232
20910 25.1537
20920 25.1875
20930 25.2259
20940 25.2698
20950 25.3176
20960 25.3658
20970 25.4115
20980 25.452
20990 25.484
21000 25.5049
21010 25.5149
21020 25.5187
21030 25.5232
21040 25.5328
21050 25.5484
21060 25.5694
21070 25.5946
21080 25.6218
21090 25.6478
21100 25.6726
21110 25.6988
21120 25.7271
21130 25.7555
21140 25.7816
21150 25.804
21160 25.8228
21170 25.8399
21180 25.8584
21190 25.8821
21200 25.9117
21210 25.9431
21220 25.9706
21230 25.9923
21240 26.0088
21250 26.0202
21260 26.0241
21270 26.0197
21280 26.0089
21290 25.9953
21300 25.9822
21310 25.9734
21320 25.9739
21330 25.9851
21340 26.0043
21350 26.028
21360 26.0527
21370 26.078
21380 26.1068
21390 26.1428
21400 26.1865
21410 26.2338
21420 26.2796
21430 26.3217
21440 26.3581
21450 26.3867
21460 26.4079
21470 26.4218
21480 26.4267
21490 26.424
21500 26.4181
21510 26.412
21520 26.405
21530 26.3963
21540 26.3874
21550 26.3802
21560 26.3754
21570 26.3736
21580 26.3755
21590 26.3797
21600 26.3841
21610 26.387
21620 26.3897
21630 26.3969
21640 26.413
21650 26.4381
21660 26.4689
21670 26.5004
21680 26.5271
21690 26.5431
21700 26.5466
21710 26.5395
21720 26.5246
21730 26.5063
21740 26.4878
21750 26.4703
21760 26.4538
21770 26.4397
21780 26.4315
21790 26.4347
21800 26.4534
21810 26.4875
21820 26.533
21830 26.5844
21840 26.6369
21850 26.6872
21860 26.7343
21870 26.7784
21880 26.8177
21890 26.8492
21900 26.8731
21910 26.8934
21920 26.9125
21930 26.9275
21940 26.936
21950 26.9403
21960 26.9445
21970 26.9514
21980 26.9643
21990 26.9868
22000 27.0192
22010 27.0595
22020 27.1074
22030 27.1618
22040 27.2179
22050 27.2714
22060 27.3226
22070 27.3715
22080 27.415
22090 27.4498
22100 27.4751
22110 27.4925
22120 27.5059
22130 27.5181
22140 27.5298
22150 27.541
22160 27.5533
22170 27.5656
22180 27.5738
22190 27.5761
22200 27.5757
22210 27.5766
22220 27.5776
22230 27.5769
22240 27.5774
22250 27.5834
22260 27.5965
22270 27.6153
22280 27.6378
22290 27.6614
22300 27.683
22310 27.7013
22320 27.7185
22330 27.7346
22340 27.7473
22350 27.7539
22360 27.7527
22370 27.7446
22380 27.7326
22390 27.7219
22400 27.7148
22410 27.7108
22420 27.7099
22430 27.7124
22440 27.718
22450 27.7239
22460 27.7278
22470 27.732
22480 27.7431
22490 27.7651
22500 27.7946
22510 27.8256
22520 27.8559
22530 27.8846
22540 27.9103
22550 27.9315
22560 27.946
22570 27.9543
22580 27.9588
22590 27.9591
22600 27.9524
22610 27.9398
22620 27.9258
22630 27.9145
22640 27.9094
22650 27.9138
22660 27.9281
22670 27.9485
22680 27.9719
22690 27.9979
22700 28.025
22710 28.0498
22720 28.0685
22730 28.0818
22740 28.0928
22750 28.1047
22760 28.1201
22770 28.139
22780 28.1607
22790 28.1839
22800 28.2057
22810 28.2222
22820 28.2329
22830 28.2399
22840 28.2444
22850 28.2471
22860 28.2494
22870 28.254
22880 28.2627
22890 28.2759
22900 28.2943
22910 28.3197
22920 28.3518
22930 28.3886
22940 28.4293
22950 28.4753
22960 28.5258
22970 28.5762
22980 28.6252
22990 28.6755
23000 28.7274
23010 28.7786
23020 28.8269
23030 28.8713
23040 28.9109
23050 28.9451
23060 28.9743
23070 29.0011
23080 29.0286
23090 29.0572
23100 29.0851
23110 29.1101
23120 29.1313
23130 29.1495
23140 29.1648
23150 29.1765
23160 29.1866
23170 29.1977
23180 29.2087
23190 29.2165
23200 29.2206
23210 29.2219
23220 29.2222
23230 29.2248
23240 29.2297
23250 29.2323
23260 29.2323
23270 29.2347
23280 29.2431
23290 29.2545
23300 29.2633
23310 29.2683
23320 29.269
23330 29.2641
23340 29.2533
23350 29.2367
23360 29.2126
23370 29.1799
23380 29.1426
23390 29.1053
23400 29.0728
23410 29.0509
23420 29.0434
23430 29.0487
23440 29.0635
23450 29.0856
23460 29.113
23470 29.1433
23480 29.1728
23490 29.198
23500 29.2172
23510 29.2299
23520 29.2369
23530 29.2401
23540 29.2434
23550 29.2497
23560 29.2584
23570 29.2684
23580 29.2795
23590 29.2917
23600 29.3046
23610 29.3161
23620 29.3216
23630 29.3186
23640 29.3087
23650 29.2945
23660 29.2775
23670 29.2606
23680 29.2475
23690 29.2396
23700 29.2375
23710 29.2426
23720 29.2555
23730 29.2733
23740 29.295
23750 29.3237
23760 29.3611
23770 29.4032
23780 29.4449
23790 29.4829
23800 29.5172
23810 29.5469
23820 29.5704
23830 29.5891
23840 29.6071
23850 29.6281
23860 29.6535
23870 29.6796
23880 29.7023
23890 29.7214
23900 29.7379
23910 29.7513
23920 29.7613
23930 29.7679
23940 29.7704
23950 29.7708
23960 29.7736
23970 29.7784
23980 29.7794
23990 29.7728
24000 29.7595
24010 29.7435
24020 29.7303
24030 29.7228
24040 29.719
24050 29.7165
24060 29.7155
24070 29.7176
24080 29.7236
24090 29.732
24100 29.7426
24110 29.7574
24120 29.774
24130 29.7868
24140 29.7943
24150 29.8003
24160 29.8063
24170 29.8126
24180 29.819
24190 29.8264
24200 29.8363
24210 29.8493
24220 29.8661
24230 29.8826
24240 29.8936
24250 29.8999
24260 29.9058
24270 29.9134
24280 29.9206
24290 29.9256
24300 29.9265
24310 29.9232
24320 29.9209
24330 29.9246
24340 29.9341
24350 29.9451
24360 29.9551
24370 29.9657
24380 29.9816
24390 30.0068
24400 30.0403
24410 30.0761
24420 30.1087
24430 30.1377
24440 30.1645
24450 30.1899
24460 30.2115
24470 30.2256
24480 30.2318
24490 30.2345
24500 30.2386
24510 30.2472
24520 30.2625
24530 30.2841
24540 30.3082
24550 30.33
24560 30.3482
24570 30.3639
24580 30.3773
24590 30.387
24600 30.3912
24610 30.3901
24620 30.3856
24630 30.379
24640 30.3684
24650 30.3539
24660 30.3384
24670 30.3268
24680 30.3229
24690 30.3277
24700 30.337
24710 30.345
24720 30.3508
24730 30.3542
24740 30.3524
24750 30.3424
24760 30.3265
24770 30.3106
24780 30.2956
24790 30.2802
24800 30.265
24810 30.2519
24820 30.242
24830 30.2359
24840 30.2339
24850 30.2369
24860 30.2448
24870 30.2551
24880 30.2648
24890 30.2725
24900 30.2802
24910 30.2896
24920 30.3016
24930 30.3191
24940 30.3457
24950 30.3809
24960 30.4205
24970 30.4618
24980 30.5059
24990 30.5557
25000 30.6119
25010 30.671
25020 30.7289
25030 30.7825
25040 30.8292
25050 30.8673
25060 30.8981
25070 30.9235
25080 30.9443
25090 30.9639
25100 30.985
25110 31.0042
25120 31.0195
25130 31.0368
25140 31.0591
25150 31.0795
25160 31.0931
25170 31.106
25180 31.1231
25190 31.1424
25200 31.159
25210 31.1683
25220 31.169
25230 31.1618
25240 31.1479
25250 31.1282
25260 31.1035
25270 31.0768
25280 31.0528
25290 31.0366
25300 31.0289
25310 31.0249
25320 31.0201
25330 31.0144
25340 31.0119
25350 31.0133
25360 31.0152
25370 31.0173
25380 31.0218
25390 31.028
25400 31.0332
25410 31.0387
25420 31.0483
25430 31.061
25440 31.0742
25450 31.0884
25460 31.1048
25470 31.1208
25480 31.134
25490 31.1441
25500 31.1515
25510 31.1557
25520 31.1576
25530 31.1606
25540 31.167
25550 31.1762
25560 31.1881
25570 31.2054
25580 31.2284
25590 31.2521
25600 31.2704
25610 31.28
25620 31.2807
25630 31.2764
25640 31.2693
25650 31.2589
25660 31.2478
25670 31.24
25680 31.2341
25690 31.2251
25700 31.2136
25710 31.2061
25720 31.2074
25730 31.2182
25740 31.238
25750 31.2684
25760 31.3101
25770 31.3592
25780 31.4117
25790 31.4628
25800 31.5068
25810 31.5422
25820 31.5711
25830 31.5937
25840 31.6081
25850 31.6137
25860 31.6145
25870 31.6155
25880 31.6201
25890 31.6305
25900 31.6465
25910 31.6675
25920 31.6942
25930 31.7292
25940 31.7725
25950 31.8219
25960 31.8766
25970 31.9363
25980 31.9973
25990 32.0553
26000 32.1084
26010 32.1561
26020 32.1968
26030 32.2297
26040 32.2556
26050 32.2761
26060 32.2936
26070 32.3107
26080 32.3253
26090 32.332
26100 32.3287
26110 32.3219
26120 32.3195
26130 32.3218
26140 32.3254
26150 32.3295
26160 32.3345
26170 32.3422
26180 32.3551
26190 32.3738
26200 32.3967
26210 32.4231
26220 32.4529
26230 32.4853
26240 32.5194
26250 32.5526
26260 32.5815
26270 32.604
26280 32.619
26290 32.6272
26300 32.6309
26310 32.6346
26320 32.6423
26330 32.6538
26340 32.6653
26350 32.6716
26360 32.6699
26370 32.6603
26380 32.6447
26390 32.6253
26400 32.6049
26410 32.5844
26420 32.5638
26430 32.5452
26440 32.5336
26450 32.5327
26460 32.5419
26470 32.5588
26480 32.5826
26490 32.6126
26500 32.6472
26510 32.6848
26520 32.7222
26530 32.7572
26540 32.7898
26550 32.8214
26560 32.854
26570 32.8889
26580 32.926
26590 32.9649
26600 33.0061
26610 33.0491
26620 33.0915
26630 33.1298
26640 33.1615
26650 33.1849
26660 33.1993
26670 33.2033
26680 33.1957
26690 33.1787
26700 33.1563
26710 33.1305
26720 33.1018
26730 33.0728
26740 33.0473
26750 33.0277
26760 33.0153
26770 33.0088
26780 33.0065
26790 33.0076
26800 33.0105
26810 33.0131
26820 33.0138
26830 33.0132
26840 33.0123
26850 33.0079
26860 32.9942
26870 32.9712
26880 32.9458
26890 32.9239
26900 32.9083
26910 32.8992
26920 32.8964
26930 32.8993
26940 32.9076
26950 32.9217
26960 32.9394
26970 32.9571
26980 32.9736
26990 32.9904
27000 33.009
27010 33.0262
27020 33.037
27030 33.0404
27040 33.0383
27050 33.0289
27060 33.0106
27070 32.9885
27080 32.9699
27090 32.9582
27100 32.9523
27110 32.9499
27120 32.9484
27130 32.947
27140 32.9464
27150 32.9474
27160 32.9513
27170 32.9608
27180 32.9786
27190 33.0038
27200 33.0335
27210 33.0651
27220 33.0961
27230 33.1219
27240 33.1411
27250 33.1569
27260 33.174
27270 33.1957
27280 33.2225
27290 33.2546
27300 33.2913
27310 33.3317
27320 33.3744
27330 33.4173
27340 33.4574
27350 33.4936
27360 33.5281
27370 33.5636
27380 33.6018
27390 33.6453
27400 33.6971
27410 33.7561
27420 33.8176
27430 33.8802
27440 33.9452
27450 34.0132
27460 34.0812
27470 34.1475
27480 34.2127
27490 34.2764
27500 34.334
27510 34.3802
27520 34.4118
27530 34.4263
27540 34.4247
27550 34.412
27560 34.3931
27570 34.3706
27580 34.3479
27590 34.3293
27600 34.3161
27610 34.3076
27620 34.3033
27630 34.3021
27640 34.3024
27650 34.3043
27660 34.3102
27670 34.321
27680 34.3343
27690 34.349
27700 34.3641
27710 34.3771
27720 34.3862
27730 34.3911
27740 34.3906
27750 34.3835
27760 34.3732
27770 34.3688
27780 34.3756
27790 34.3916
27800 34.4138
27810 34.44
27820 34.4669
27830 34.4915
27840 34.5161
27850 34.5441
27860 34.5769
27870 34.6148
27880 34.6554
27890 34.6951
27900 34.7314
27910 34.7643
27920 34.7953
27930 34.8254
27940 34.8555
27950 34.8852
27960 34.9132
27970 34.9396
27980 34.9651
27990 34.9876
28000 35.0055
28010 35.0185
28020 35.0286
28030 35.0374
28040 35.0463
28050 35.0572
28060 35.0719
28070 35.0902
28080 35.1102
28090 35.1291
28100 35.1442
28110 35.1535
28120 35.1567
28130 35.1538
28140 35.1465
28150 35.1383
28160 35.1321
28170 35.1286
28180 35.129
28190 35.1335
28200 35.1396
28210 35.1453
28220 35.1518
28230 35.1621
28240 35.1764
28250 35.1921
28260 35.2091
28270 35.2292
28280 35.2518
28290 35.2749
28300 35.2979
28310 35.322
28320 35.3473
28330 35.3751
28340 35.4097
28350 35.4508
28360 35.4912
28370 35.5262
28380 35.5577
28390 35.5892
28400 35.6216
28410 35.6538
28420 35.6899
28430 35.7352
28440 35.7869
28450 35.839
28460 35.8909
28470 35.9459
28480 36.0022
28490 36.0534
28500 36.0998
28510 36.1453
28520 36.1913
28530 36.2363
28540 36.2791
28550 36.3207
28560 36.3617
28570 36.4032
28580 36.4468
28590 36.4935
28600 36.5406
28610 36.5848
28620 36.625
28630 36.6616
28640 36.6932
28650 36.7205
28660 36.7458
28670 36.7697
28680 36.7906
28690 36.8067
28700 36.8185
28710 36.8268
28720 36.8318
28730 36.8358
28740 36.8441
28750 36.8617
28760 36.8891
28770 36.9214
28780 36.9521
28790 36.9763
28800 36.9922
28810 37.0027
28820 37.0131
28830 37.0271
28840 37.0466
28850 37.0724
28860 37.103
28870 37.1348
28880 37.1659
28890 37.1982
28900 37.232
28910 37.2646
28920 37.2925
28930 37.3126
28940 37.3256
28950 37.3342
28960 37.34
28970 37.3418
28980 37.3393
28990 37.3349
29000 37.331
29010 37.3275
29020 37.3228
29030 37.3182
29040 37.317
29050 37.3214
29060 37.332
29070 37.348
29080 37.3666
29090 37.3835
29100 37.4
29110 37.4211
29120 37.4472
29130 37.4753
29140 37.5076
29150 37.5479
29160 37.5946
29170 37.6434
29180 37.6908
29190 37.734
29200 37.7701
29210 37.7988
29220 37.8229
29230 37.8437
29240 37.8603
29250 37.8726
29260 37.8816
29270 37.8893
29280 37.8934
29290 37.8906
29300 37.8807
29310 37.8678
29320 37.8569
29330 37.8502
29340 37.8475
29350 37.8503
29360 37.8626
29370 37.8832
29380 37.9064
29390 37.9291
29400 37.9509
29410 37.9713
29420 37.9893
29430 38.0034
29440 38.0123
29450 38.0156
29460 38.0123
29470 38.0037
29480 37.9951
29490 37.9935
29500 38.0026
29510 38.023
29520 38.0521
29530 38.0855
29540 38.1177
29550 38.1448
29560 38.166
29570 38.1817
29580 38.1939
29590 38.2075
29600 38.2283
29610 38.2595
29620 38.302
29630 38.354
29640 38.4115
29650 38.4688
29660 38.5221
29670 38.5703
29680 38.6101
29690 38.6363
29700 38.6481
29710 38.6486
29720 38.6397
29730 38.622
29740 38.6012
29750 38.5835
29760 38.5705
29770 38.5626
29780 38.5594
29790 38.5572
29800 38.5518
29810 38.5438
29820 38.5357
29830 38.5289
29840 38.5249
29850 38.5279
29860 38.5384
29870 38.5534
29880 38.5715
29890 38.5922
29900 38.6129
29910 38.6306
29920 38.6453
29930 38.6563
29940 38.6621
29950 38.6633
29960 38.6637
29970 38.6665
29980 38.6716
29990 38.6787
30000 38.6877
30010 38.6978
30020 38.7053
30030 38.7062
30040 38.7012
30050 38.695
30060 38.6906
30070 38.6891
30080 38.6928
30090 38.7031
30100 38.719
30110 38.7394
30120 38.7645
30130 38.7936
30140 38.8242
30150 38.8544
30160 38.8842
30170 38.9128
30180 38.9377
30190 38.9566
30200 38.9677
30210 38.972
30220 38.9732
30230 38.9763
30240 38.985
30250 38.9998
30260 39.0178
30270 39.0358
30280 39.0535
30290 39.0728
30300 39.095
30310 39.1198
30320 39.1457
30330 39.172
30340 39.1969
30350 39.2207
30360 39.2471
30370 39.2786
30380 39.3135
30390 39.3486
30400 39.3834
30410 39.4184
30420 39.4533
30430 39.4888
30440 39.5284
30450 39.5725
30460 39.6174
30470 39.661
30480 39.7037
30490 39.7463
30500 39.7903
30510 39.8356
30520 39.8792
30530 39.9186
30540 39.9516
30550 39.9782
30560 39.9999
30570 40.0179
30580 40.0328
30590 40.0442
30600 40.0511
30610 40.0517
30620 40.0454
30630 40.0356
30640 40.0268
30650 40.0215
30660 40.0215
30670 40.0266
30680 40.0342
30690 40.0415
30700 40.0462
30710 40.0471
30720 40.0456
30730 40.0462
30740 40.0554
30750 40.0773
30760 40.1111
30770 40.1502
30780 40.1869
30790 40.2188
30800 40.2449
30810 40.2628
30820 40.2715
30830 40.2741
30840 40.2734
30850 40.2693
30860 40.2636
30870 40.259
30880 40.254
30890 40.2466
30900 40.2406
30910 40.2401
30920 40.2437
30930 40.2466
30940 40.2441
30950 40.2335
30960 40.2144
30970 40.1911
30980 40.1689
30990 40.1488
31000 40.1311
31010 40.1185
31020 40.1129
31030 40.1141
31040 40.1186
31050 40.1226
31060 40.125
31070 40.1262
31080 40.1262
31090 40.125
31100 40.1244
31110 40.1254
31120 40.1294
31130 40.1373
31140 40.1443
31150 40.1463
31160 40.1474
31170 40.1534
31180 40.1631
31190 40.1715
31200 40.1799
31210 40.1919
31220 40.2074
31230 40.2279
31240 40.2577
31250 40.2971
31260 40.3378
31270 40.3709
31280 40.3944
31290 40.4093
31300 40.4125
31310 40.4024
31320 40.383
31330 40.3593
31340 40.333
31350 40.3055
31360 40.2787
31370 40.2528
31380 40.228
31390 40.2077
31400 40.1976
31410 40.2
31420 40.2125
31430 40.2318
31440 40.2573
31450 40.2862
31460 40.3141
31470 40.3379
31480 40.3571
31490 40.3717
31500 40.3814
31510 40.3863
31520 40.3872
31530 40.3883
31540 40.3966
31550 40.4145
31560 40.4394
31570 40.4681
31580 40.4964
31590 40.5221
31600 40.5496
31610 40.5821
31620 40.6179
31630 40.654
31640 40.6876
31650 40.7145
31660 40.7316
31670 40.7419
31680 40.7528
31690 40.7681
31700 40.7873
31710 40.8087
31720 40.8331
31730 40.8649
31740 40.9075
31750 40.9613
31760 41.0232
31770 41.087
31780 41.1463
31790 41.197
31800 41.2379
31810 41.2687
31820 41.29
31830 41.3065
31840 41.3258
31850 41.351
31860 41.3827
31870 41.4207
31880 41.461
31890 41.4987
31900 41.5337
31910 41.5696
31920 41.6089
31930 41.6513
31940 41.6931
31950 41.7268
31960 41.7467
31970 41.7533
31980 41.7518
31990 41.7456
32000 41.7358
32010 41.7265
32020 41.7241
32030 41.7288
32040 41.7338
32050 41.7358
32060 41.7351
32070 41.7299
32080 41.7209
32090 41.7124
32100 41.7062
32110 41.7001
32120 41.6927
32130 41.6861
32140 41.6795
32150 41.6709
32160 41.6637
32170 41.6621
32180 41.6664
32190 41.6748
32200 41.6868
32210 41.7001
32220 41.7083
32230 41.7077
32240 41.6991
32250 41.682
32260 41.6553
32270 41.6223
32280 41.588
32290 41.5548
32300 41.5256
32310 41.503
32320 41.4852
32330 41.4689
32340 41.4524
32350 41.4301
32360 41.3989
32370 41.3639
32380 41.3295
32390 41.2949
32400 41.2588
32410 41.2213
32420 41.182
32430 41.1422
32440 41.106
32450 41.0764
32460 41.0515
32470 41.0284
32480 41.0063
32490 40.9838
32500 40.9607
32510 40.9386
32520 40.9186
32530 40.9027
32540 40.8931
32550 40.8908
32560 40.8963
32570 40.9081
32580 40.9252
32590 40.9491
32600 40.9808
32610 41.0185
32620 41.0584
32630 41.0966
32640 41.1307
32650 41.1596
32660 41.1824
32670 41.1982
32680 41.2088
32690 41.2162
32700 41.22
32710 41.2199
32720 41.2157
32730 41.2091
32740 41.2009
32750 41.1894
32760 41.1761
32770 41.1682
32780 41.172
32790 41.1851
32800 41.2018
32810 41.2201
32820 41.241
32830 41.2655
32840 41.2924
32850 41.3201
32860 41.3475
32870 41.3721
32880 41.3905
32890 41.4022
32900 41.4097
32910 41.414
32920 41.4152
32930 41.4171
32940 41.4247
32950 41.4365
32960 41.4471
32970 41.4553
32980 41.4651
32990 41.479
33000 41.4983
33010 41.5246
33020 41.5577
33030 41.5956
33040 41.6368
33050 41.6788
33060 41.7179
33070 41.7533
33080 41.7873
33090 41.8214
33100 41.8543
33110 41.8813
33120 41.8959
33130 41.8955
33140 41.885
33150 41.8721
33160 41.8611
33170 41.8505
33180 41.8412
33190 41.8358
33200 41.8348
33210 41.8381
33220 41.8445
33230 41.85
33240 41.852
33250 41.851
33260 41.849
33270 41.8488
33280 41.8516
33290 41.8563
33300 41.8619
33310 41.8676
33320 41.871
33330 41.8679
33340 41.8566
33350 41.8376
33360 41.8125
33370 41.7859
33380 41.7643
33390 41.7524
33400 41.7508
33410 41.7596
33420 41.7789
33430 41.8072
33440 41.841
33450 41.878
33460 41.9157
33470 41.9502
33480 41.9827
33490 42.0173
33500 42.0526
33510 42.0852
33520 42.1165
33530 42.149
33540 42.1814
33550 42.2094
33560 42.231
33570 42.2481
33580 42.2643
33590 42.2803
33600 42.2931
33610 42.3018
33620 42.3122
33630 42.3302
33640 42.3541
33650 42.3799
33660 42.4078
33670 42.439
33680 42.4732
33690 42.5099
33700 42.5491
33710 42.5904
33720 42.6356
33730 42.6856
33740 42.7394
33750 42.7953
33760 42.8519
33770 42.9052
33780 42.9515
33790 42.9892
33800 43.0177
33810 43.036
33820 43.0449
33830 43.0485
33840 43.0529
33850 43.0624
33860 43.0763
33870 43.0921
33880 43.107
33890 43.1171
33900 43.122
33910 43.1258
33920 43.1311
33930 43.135
33940 43.1344
33950 43.1308
33960 43.126
33970 43.121
33980 43.1165
33990 43.1126
34000 43.1079
34010 43.101
34020 43.0918
34030 43.0818
34040 43.0702
34050 43.0563
34060 43.0406
34070 43.0251
34080 43.0107
34090 42.9971
34100 42.9832
34110 42.9665
34120 42.945
34130 42.9195
34140 42.8921
34150 42.8631
34160 42.8321
34170 42.7978
34180 42.7588
34190 42.7157
34200 42.672
34210 42.6323
34220 42.5996
34230 42.5769
34240 42.5673
34250 42.5703
34260 42.5825
34270 42.6014
34280 42.6271
34290 42.6599
34300 42.6982
34310 42.7405
34320 42.7849
34330 42.8275
34340 42.8644
34350 42.8944
34360 42.919
34370 42.9401
34380 42.959
34390 42.9774
34400 42.9955
34410 43.01
34420 43.0165
34430 43.0163
34440 43.0143
34450 43.0136
34460 43.0167
34470 43.0263
34480 43.0426
34490 43.0619
34500 43.081
34510 43.1005
34520 43.1204
34530 43.1374
34540 43.1488
34550 43.1551
34560 43.159
34570 43.161
34580 43.1594
34590 43.1533
34600 43.142
34610 43.1262
34620 43.1071
34630 43.0858
34640 43.0626
34650 43.0389
34660 43.0177
34670 43.0032
34680 42.9994
34690 43.0089
34700 43.0323
34710 43.0644
34720 43.0949
34730 43.1164
34740 43.1269
34750 43.128
34760 43.1228
34770 43.1128
34780 43.0961
34790 43.0719
34800 43.0451
34810 43.0238
34820 43.0121
34830 43.0091
34840 43.0126
34850 43.0241
34860 43.0439
34870 43.068
34880 43.0923
34890 43.1144
34900 43.1342
34910 43.152
34920 43.1682
34930 43.1798
34940 43.1812
34950 43.1694
34960 43.145
34970 43.1085
34980 43.0607
34990 43.0049
35000 42.9469
35010 42.8897
35020 42.8331
35030 42.7784
35040 42.7279
35050 42.6834
35060 42.6474
35070 42.622
35080 42.6099
35090 42.6123
35100 42.6261
35110 42.6446
35120 42.6637
35130 42.6841
35140 42.7073
35150 42.7325
35160 42.7558
35170 42.7751
35180 42.7913
35190 42.8062
35200 42.8218
35210 42.8409
35220 42.8647
35230 42.8925
35240 42.9236
35250 42.9575
35260 42.9919
35270 43.0257
35280 43.0624
35290 43.1079
35300 43.1618
35310 43.2145
35320 43.2572
35330 43.2913
35340 43.3249
35350 43.3618
35360 43.3988
35370 43.4289
35380 43.4481
35390 43.4571
35400 43.4608
35410 43.4656
35420 43.4721
35430 43.4791
35440 43.4869
35450 43.4939
35460 43.4976
35470 43.4978
35480 43.4937
35490 43.4831
35500 43.4644
35510 43.4402
35520 43.4162
35530 43.3974
35540 43.3835
35550 43.3707
35560 43.3578
35570 43.3461
35580 43.3366
35590 43.3281
35600 43.3204
35610 43.316
35620 43.3185
35630 43.3281
35640 43.344
35650 43.3652
35660 43.3923
35670 43.4265
35680 43.4694
35690 43.5245
35700 43.5934
35710 43.6722
35720 43.7556
35730 43.84
35740 43.9211
35750 43.9934
35760 44.053
35770 44.1044
35780 44.1525
35790 44.197
35800 44.2361
35810 44.2694
35820 44.2972
35830 44.32
35840 44.3397
35850 44.3566
35860 44.3689
35870 44.3762
35880 44.3786
35890 44.378
35900 44.3761
35910 44.3734
35920 44.3715
35930 44.372
35940 44.3771
35950 44.3877
35960 44.401
35970 44.4108
35980 44.413
35990 44.4084
36000 44.3987
36010 44.3833
36020 44.363
36030 44.3447
36040 44.3344
36050 44.3314
36060 44.3344
36070 44.3446
36080 44.3621
36090 44.3842
36100 44.4081
36110 44.4288
36120 44.4413
36130 44.4447
36140 44.4417
36150 44.4347
36160 44.4236
36170 44.4099
36180 44.3978
36190 44.3911
36200 44.3906
36210 44.3973
36220 44.4128
36230 44.4368
36240 44.4671
36250 44.5034
36260 44.5436
36270 44.5811
36280 44.6078
36290 44.6233
36300 44.6323
36310 44.6385
36320 44.6416
36330 44.6406
36340 44.6366
36350 44.6333
36360 44.6322
36370 44.6311
36380 44.628
36390 44.6239
36400 44.619
36410 44.6104
36420 44.5964
36430 44.5776
36440 44.5552
36450 44.5314
36460 44.5081
36470 44.4839
36480 44.4582
36490 44.4325
36500 44.4075
36510 44.3813
36520 44.3545
36530 44.3292
36540 44.3043
36550 44.2812
36560 44.265
36570 44.2588
36580 44.2596
36590 44.2633
36600 44.2649
36610 44.2614
36620 44.2538
36630 44.2441
36640 44.2333
36650 44.2237
36660 44.2196
36670 44.2251
36680 44.2381
36690 44.2549
36700 44.2759
36710 44.3011
36720 44.328
36730 44.3533
36740 44.3712
36750 44.3746
36760 44.3629
36770 44.3411
36780 44.3161
36790 44.2945
36800 44.2791
36810 44.2669
36820 44.2561
36830 44.2497
36840 44.251
36850 44.2598
36860 44.2726
36870 44.2856
36880 44.2961
36890 44.3009
36900 44.2992
36910 44.2928
36920 44.2817
36930 44.2651
36940 44.2446
36950 44.2235
36960 44.2055
36970 44.1928
36980 44.1879
36990 44.1912
37000 44.1998
37010 44.2128
37020 44.23
37030 44.2474
37040 44.2605
37050 44.2688
37060 44.2736
37070 44.2778
37080 44.2867
37090 44.3029
37100 44.324
37110 44.3499
37120 44.3806
37130 44.4142
37140 44.4482
37150 44.4785
37160 44.5034
37170 44.525
37180 44.5475
37190 44.5757
37200 44.6118
37210 44.6546
37220 44.702
37230 44.7555
37240 44.8174
37250 44.8868
37260 44.9613
37270 45.0383
37280 45.1135
37290 45.1809
37300 45.2368
37310 45.2827
37320 45.3211
37330 45.3526
37340 45.3771
37350 45.3944
37360 45.4073
37370 45.4191
37380 45.4297
37390 45.4388
37400 45.4477
37410 45.4557
37420 45.4596
37430 45.4597
37440 45.4614
37450 45.4688
37460 45.4796
37470 45.4917
37480 45.5053
37490 45.5192
37500 45.5321
37510 45.5436
37520 45.5517
37530 45.5541
37540 45.5535
37550 45.5564
37560 45.5662
37570 45.5813
37580 45.5997
37590 45.6221
37600 45.6493
37610 45.6808
37620 45.7136
37630 45.7435
37640 45.7678
37650 45.7853
37660 45.7966
37670 45.8062
37680 45.8212
37690 45.8446
37700 45.8773
37710 45.9201
37720 45.9745
37730 46.0414
37740 46.1208
37750 46.2084
37760 46.2973
37770 46.3829
37780 46.4599
37790 46.5253
37800 46.5815
37810 46.6346
37820 46.6874
37830 46.741
37840 46.7961
37850 46.8522
37860 46.9092
37870 46.9665
37880 47.0217
37890 47.0711
37900 47.1122
37910 47.147
37920 47.179
37930 47.208
37940 47.2309
37950 47.2489
37960 47.2665
37970 47.2866
37980 47.3055
37990 47.3199
38000 47.332
38010 47.3428
38020 47.3478
38030 47.3441
38040 47.3353
38050 47.3239
38060 47.3085
38070 47.2887
38080 47.2687
38090 47.2528
38100 47.2403
38110 47.2284
38120 47.2157
38130 47.2
38140 47.179
38150 47.153
38160 47.1234
38170 47.0918
38180 47.0628
38190 47.044
38200 47.0377
38210 47.04
38220 47.049
38230 47.0656
38240 47.0891
38250 47.1177
38260 47.1516
38270 47.1882
38280 47.223
38290 47.2544
38300 47.2797
38310 47.2961
38320 47.3047
38330 47.3104
38340 47.3132
38350 47.3098
38360 47.3009
38370 47.2906
38380 47.2814
38390 47.2717
38400 47.2562
38410 47.2316
38420 47.1995
38430 47.1612
38440 47.1147
38450 47.0596
38460 47.0045
38470 46.9589
38480 46.9205
38490 46.8843
38500 46.8529
38510 46.8274
38520 46.8047
38530 46.7839
38540 46.7671
38550 46.7531
38560 46.7391
38570 46.7256
38580 46.7162
38590 46.7142
38600 46.7203
38610 46.7355
38620 46.7594
38630 46.7894
38640 46.821
38650 46.8524
38660 46.888
38670 46.9315
38680 46.9786
38690 47.0244
38700 47.0689
38710 47.111
38720 47.148
38730 47.1799
38740 47.2104
38750 47.2421
38760 47.2736
38770 47.3047
38780 47.34
38790 47.3834
38800 47.4347
38810 47.4906
38820 47.5468
38830 47.6007
38840 47.6518
38850 47.7002
38860 47.7451
38870 47.7839
38880 47.8149
38890 47.8384
38900 47.8567
38910 47.8719
38920 47.8846
38930 47.8953
38940 47.9078
38950 47.9259
38960 47.9485
38970 47.9705
38980 47.9867
38990 47.9951
39000 47.9969
39010 47.9928
39020 47.983
39030 47.9692
39040 47.9531
39050 47.9371
39060 47.9237
39070 47.9162
39080 47.9177
39090 47.9296
39100 47.9521
39110 47.9848
39120 48.0253
39130 48.0711
39140 48.121
39150 48.1741
39160 48.2302
39170 48.2883
39180 48.3484
39190 48.4119
39200 48.4759
39210 48.5317
39220 48.5731
39230 48.6029
39240 48.6255
39250 48.6419
39260 48.6525
39270 48.6621
39280 48.6742
39290 48.6871
39300 48.7017
39310 48.7209
39320 48.7427
39330 48.7621
39340 48.7794
39350 48.8009
39360 48.8291
39370 48.8567
39380 48.8765
39390 48.8905
39400 48.9016
39410 48.9059
39420 48.9029
39430 48.8966
39440 48.886
39450 48.8673
39460 48.8455
39470 48.8288
39480 48.8217
39490 48.8241
39500 48.8341
39510 48.8492
39520 48.8637
39530 48.8731
39540 48.8758
39550 48.8695
39560 48.853
39570 48.8286
39580 48.8004
39590 48.7698
39600 48.7367
39610 48.7047
39620 48.6799
39630 48.6631
39640 48.6493
39650 48.6379
39660 48.6313
39670 48.6279
39680 48.6252
39690 48.6232
39700 48.6198
39710 48.611
39720 48.5964
39730 48.5801
39740 48.5627
39750 48.5386
39760 48.5033
39770 48.4591
39780 48.4105
39790 48.3582
39800 48.2999
39810 48.2344
39820 48.1651
39830 48.0983
39840 48.0389
39850 47.9875
39860 47.9405
39870 47.8963
39880 47.8573
39890 47.8277
39900 47.8105
39910 47.8059
39920 47.8122
39930 47.8264
39940 47.8434
39950 47.8564
39960 47.8631
39970 47.8679
39980 47.8767
39990 47.892
40000 47.9143
40010 47.9444
40020 47.9833
40030 48.0305
40040 48.0825
40050 48.1394
40060 48.2013
40070 48.2622
40080 48.3153
40090 48.3608
40100 48.4007
40110 48.4349
40120 48.4648
40130 48.4956
40140 48.5316
40150 48.5717
40160 48.6138
40170 48.6554
40180 48.6907
40190 48.7178
40200 48.741
40210 48.7627
40220 48.782
40230 48.7994
40240 48.8196
40250 48.8495
40260 48.8948
40270 48.9566
40280 49.0288
40290 49.1021
40300 49.1699
40310 49.2288
40320 49.2775
40330 49.3123
40340 49.3288
40350 49.3257
40360 49.3044
40370 49.2716
40380 49.2371
40390 49.2063
40400 49.1778
40410 49.1516
40420 49.1303
40430 49.1141
40440 49.0999
40450 49.086
40460 49.0747
40470 49.066
40480 49.0579
40490 49.0518
40500 49.0504
40510 49.0537
40520 49.0586
40530 49.0625
40540 49.0634
40550 49.0624
40560 49.0641
40570 49.0719
40580 49.0869
40590 49.11
40600 49.1411
40610 49.1793
40620 49.2216
40630 49.2633
40640 49.3029
40650 49.3394
40660 49.3708
40670 49.3936
40680 49.4074
40690 49.4154
40700 49.421
40710 49.4234
40720 49.4205
40730 49.4146
40740 49.4117
40750 49.4164
40760 49.429
40770 49.4482
40780 49.4746
40790 49.5051
40800 49.531
40810 49.5445
40820 49.5465
40830 49.5422
40840 49.5339
40850 49.5228
40860 49.5139
40870 49.5113
40880 49.5156
40890 49.5253
40900 49.5371
40910 49.5485
40920 49.5613
40930 49.5792
40940 49.6029
40950 49.6307
40960 49.6618
40970 49.6959
40980 49.7334
40990 49.7745
41000 49.8168
41010 49.8561
41020 49.8913
41030 49.9239
41040 49.9538
41050 49.9787
41060 49.9979
41070 50.0149
41080 50.0338
41090 50.0544
41100 50.0727
41110 50.0893
41120 50.1113
41130 50.1433
41140 50.1821
41150 50.2239
41160 50.2687
41170 50.3154
41180 50.3575
41190 50.3863
41200 50.4009
41210 50.4089
41220 50.4164
41230 50.4253
41240 50.4333
41250 50.4363
41260 50.4332
41270 50.4252
41280 50.4124
41290 50.3948
41300 50.3739
41310 50.3525
41320 50.3334
41330 50.32
41340 50.3131
41350 50.3093
41360 50.3052
41370 50.3014
41380 50.3013
41390 50.3075
41400 50.3194
41410 50.3335
41420 50.3447
41430 50.349
41440 50.3426
41450 50.3248
41460 50.2994
41470 50.2708
41480 50.2431
41490 50.2187
41500 50.1989
41510 50.185
41520 50.1776
41530 50.1786
41540 50.1919
41550 50.2182
41560 50.2508
41570 50.2826
41580 50.3135
41590 50.3465
41600 50.3812
41610 50.414
41620 50.4405
41630 50.4567
41640 50.4607
41650 50.451
41660 50.4264
41670 50.3915
41680 50.3539
41690 50.3172
41700 50.2817
41710 50.2469
41720 50.2139
41730 50.1878
41740 50.1739
41750 50.1676
41760 50.155
41770 50.1276
41780 50.0872
41790 50.0376
41800 49.9797
41810 49.9127
41820 49.8411
41830 49.7732
41840 49.7116
41850 49.6529
41860 49.5977
41870 49.5521
41880 49.5216
41890 49.5066
41900 49.5062
41910 49.5197
41920 49.5413
41930 49.5643
41940 49.5867
41950 49.6076
41960 49.6255
41970 49.6412
41980 49.6552
41990 49.6648
42000 49.6656
42010 49.6564
42020 49.6421
42030 49.6315
42040 49.6316
42050 49.6448
42060 49.6726
42070 49.7158
42080 49.77
42090 49.828
42100 49.8838
42110 49.9346
42120 49.9778
42130 50.0091
42140 50.0262
42150 50.0326
42160 50.0328
42170 50.0313
42180 50.0301
42190 50.0286
42200 50.028
42210 50.0307
42220 50.0373
42230 50.0487
42240 50.0662
42250 50.09
42260 50.1192
42270 50.1531
42280 50.1918
42290 50.2342
42300 50.2811
42310 50.3357
42320 50.3975
42330 50.4623
42340 50.5275
42350 50.5927
42360 50.6592
42370 50.724
42380 50.7788
42390 50.8193
42400 50.8484
42410 50.8703
42420 50.8868
42430 50.9006
42440 50.9152
42450 50.9293
42460 50.9377
42470 50.9407
42480 50.9466
42490 50.9609
42500 50.9823
42510 51.0089
42520 51.0403
42530 51.0786
42540 51.1245
42550 51.1745
42560 51.2261
42570 51.2809
42580 51.3395
42590 51.4
42600 51.4583
42610 51.5139
42620 51.5693
42630 51.6241
42640 51.6766
42650 51.7277
42660 51.7809
42670 51.8385
42680 51.8999
42690 51.9631
42700 52.026
42710 52.0886
42720 52.1497
42730 52.2049
42740 52.2523
42750 52.292
42760 52.3244
42770 52.3512
42780 52.3745
42790 52.3951
42800 52.4128
42810 52.4276
42820 52.4367
42830 52.4383
42840 52.4379
42850 52.4412
42860 52.4485
42870 52.458
42880 52.4691
42890 52.483
42900 52.5007
42910 52.5243
42920 52.5554
42930 52.5934
42940 52.6376
42950 52.6851
42960 52.7314
42970 52.7752
42980 52.82
42990 52.8734
43000 52.9366
43010 53.0036
43020 53.0674
43030 53.1245
43040 53.174
43050 53.2156
43060 53.2492
43070 53.2754
43080 53.2972
43090 53.3188
43100 53.3405
43110 53.3594
43120 53.3761
43130 53.3953
43140 53.4171
43150 53.437
43160 53.4546
43170 53.4746
43180 53.4977
43190 53.5205
43200 53.5403
43210 53.5575
43220 53.5753
43230 53.5957
43240 53.6168
43250 53.6352
43260 53.6515
43270 53.6699
43280 53.6946
43290 53.7259
43300 53.7621
43310 53.8003
43320 53.841
43330 53.8877
43340 53.9415
43350 53.9994
43360 54.0557
43370 54.1047
43380 54.1425
43390 54.1656
43400 54.1741
43410 54.1702
43420 54.1568
43430 54.1374
43440 54.1175
43450 54.1012
43460 54.0909
43470 54.0896
43480 54.1009
43490 54.1262
43500 54.1646
43510 54.2129
43520 54.2667
43530 54.3227
43540 54.3785
43550 54.4288
43560 54.467
43570 54.4907
43580 54.5012
43590 54.5019
43600 54.4979
43610 54.4917
43620 54.4806
43630 54.4623
43640 54.4388
43650 54.4114
43660 54.3798
43670 54.3447
43680 54.3112
43690 54.2877
43700 54.2774
43710 54.2752
43720 54.2731
43730 54.2677
43740 54.2596
43750 54.2477
43760 54.2319
43770 54.2157
43780 54.2032
43790 54.1954
43800 54.1892
43810 54.1793
43820 54.1642
43830 54.1483
43840 54.1359
43850 54.1282
43860 54.125
43870 54.1251
43880 54.1264
43890 54.1268
43900 54.1297
43910 54.1394
43920 54.1516
43930 54.1609
43940 54.1701
43950 54.182
43960 54.1918
43970 54.1979
43980 54.2032
43990 54.2075
44000 54.2116
44010 54.2223
44020 54.2467
44030 54.2819
44040 54.3193
44050 54.3557
44060 54.3937
44070 54.433
44080 54.469
44090 54.4995
44100 54.5259
44110 54.55
44120 54.5725
44130 54.5936
44140 54.6121
44150 54.6292
44160 54.648
44170 54.6736
44180 54.7072
44190 54.7449
44200 54.779
44210 54.8022
44220 54.813
44230 54.8139
44240 54.8065
44250 54.7911
44260 54.7725
44270 54.7584
44280 54.753
44290 54.7573
44300 54.7703
44310 54.7898
44320 54.8144
44330 54.8433
44340 54.8732
44350 54.8993
44360 54.9198
44370 54.9355
44380 54.9491
44390 54.9629
44400 54.9789
44410 55.0001
44420 55.0248
44430 55.0475
44440 55.0654
44450 55.0813
44460 55.1009
44470 55.1289
44480 55.1681
44490 55.2187
44500 55.2779
44510 55.3432
44520 55.4126
44530 55.4806
44540 55.5422
44550 55.5972
44560 55.6484
44570 55.6988
44580 55.7483
44590 55.792
44600 55.824
44610 55.8435
44620 55.8545
44630 55.8611
44640 55.8647
44650 55.8645
44660 55.8575
44670 55.8415
44680 55.8167
44690 55.7845
44700 55.7456
44710 55.7019
44720 55.6569
44730 55.6147
44740 55.58
44750 55.5596
44760 55.5558
44770 55.5614
44780 55.5657
44790 55.5659
44800 55.5626
44810 55.554
44820 55.5381
44830 55.5138
44840 55.4814
44850 55.4421
44860 55.3975
44870 55.3462
44880 55.2854
44890 55.216
44900 55.1411
44910 55.0643
44920 54.9915
44930 54.9308
44940 54.8866
44950 54.8586
44960 54.8441
44970 54.84
44980 54.8417
44990 54.8457
45000 54.8512
45010 54.8615
45020 54.8805
45030 54.908
45040 54.9389
45050 54.9673
45060 54.9883
45070 54.9992
45080 55.0009
45090 54.9965
45100 54.9886
45110 54.9788
45120 54.9679
45130 54.9573
45140 54.9465
45150 54.9341
45160 54.9214
45170 54.9122
45180 54.909
45190 54.9137
45200 54.9288
45210 54.952
45220 54.9759
45230 54.9961
45240 55.016
45250 55.0397
45260 55.0652
45270 55.085
45280 55.0931
45290 55.0894
45300 55.0772
45310 55.0609
45320 55.0449
45330 55.0293
45340 55.0118
45350 54.9926
45360 54.9756
45370 54.9628
45380 54.9539
45390 54.9477
45400 54.944
45410 54.9439
45420 54.9485
45430 54.9573
45440 54.9681
45450 54.9776
45460 54.9846
45470 54.9933
45480 55.0098
45490 55.0364
45500 55.0725
45510 55.1162
45520 55.1638
45530 55.2117
45540 55.2581
45550 55.3043
45560 55.3503
45570 55.3933
45580 55.4317
45590 55.4657
45600 55.4984
45610 55.5332
45620 55.5699
45630 55.6019
45640 55.6223
45650 55.6309
45660 55.6312
45670 55.6256
45680 55.6163
45690 55.6089
45700 55.609
45710 55.6167
45720 55.6294
45730 55.6449
45740 55.6591
45750 55.6668
45760 55.6655
45770 55.6579
45780 55.6487
45790 55.6398
45800 55.6322
45810 55.6285
45820 55.6286
45830 55.6305
45840 55.6342
45850 55.6379
45860 55.638
45870 55.6329
45880 55.623
45890 55.6102
45900 55.5962
45910 55.5812
45920 55.5659
45930 55.5537
45940 55.547
45950 55.5432
45960 55.541
45970 55.5407
45980 55.5421
45990 55.5453
46000 55.5482
46010 55.5479
46020 55.5427
46030 55.5354
46040 55.5287
46050 55.5232
46060 55.5204
46070 55.525
46080 55.5407
46090 55.5657
46100 55.5944
46110 55.6202
46120 55.6396
46130 55.6513
46140 55.6556
46150 55.6537
46160 55.6496
46170 55.6489
46180 55.6555
46190 55.6689
46200 55.6826
46210 55.6925
46220 55.7009
46230 55.7115
46240 55.7226
46250 55.7296
46260 55.7319
46270 55.733
46280 55.7338
46290 55.7309
46300 55.7245
46310 55.7199
46320 55.7215
46330 55.7327
46340 55.7588
46350 55.8005
46360 55.8533
46370 55.9117
46380 55.9685
46390 56.0205
46400 56.0713
46410 56.1221
46420 56.1678
46430 56.2024
46440 56.2238
46450 56.2317
46460 56.2265
46470 56.2121
46480 56.1948
46490 56.1779
46500 56.1608
46510 56.1421
46520 56.1225
46530 56.1036
46540 56.0868
46550 56.0756
46560 56.0737
46570 56.0837
46580 56.1028
46590 56.1239
46600 56.142
46610 56.1559
46620 56.1661
46630 56.1732
46640 56.1771
46650 56.1773
46660 56.1757
46670 56.177
46680 56.185
46690 56.2
46700 56.219
46710 56.2377
46720 56.2529
46730 56.2663
46740 56.2833
46750 56.3086
46760 56.3428
46770 56.3818
46780 56.422
46790 56.4657
46800 56.5159
46810 56.5722
46820 56.6327
46830 56.6968
46840 56.7621
46850 56.8253
46860 56.886
46870 56.9448
46880 57.0024
46890 57.0574
46900 57.1091
46910 57.1597
46920 57.2134
46930 57.2732
46940 57.3389
46950 57.4097
46960 57.4843
46970 57.557
46980 57.6208
46990 57.6739
47000 57.7179
47010 57.752
47020 57.7763
47030 57.7935
47040 57.8066
47050 57.8186
47060 57.8324
47070 57.852
47080 57.8784
47090 57.9103
47100 57.9442
47110 57.9787
47120 58.0178
47130 58.0663
47140 58.1254
47150 58.1906
47160 58.2576
47170 58.3247
47180 58.3904
47190 58.4543
47200 58.5177
47210 58.579
47220 58.6374
47230 58.693
47240 58.7435
47250 58.7865
47260 58.8216
47270 58.8495
47280 58.8692
47290 58.8779
47300 58.8784
47310 58.8764
47320 58.874
47330 58.8745
47340 58.8818
47350 58.8942
47360 58.9062
47370 58.9159
47380 58.9265
47390 58.9391
47400 58.9538
47410 58.9717
47420 58.99
47430 59.005
47440 59.0167
47450 59.025
47460 59.0292
47470 59.0312
47480 59.0337
47490 59.0352
47500 59.0317
47510 59.026
47520 59.0221
47530 59.0216
47540 59.0245
47550 59.0316
47560 59.0435
47570 59.0587
47580 59.0756
47590 59.0941
47600 59.1133
47610 59.1334
47620 59.1525
47630 59.1622
47640 59.1553
47650 59.1332
47660 59.1052
47670 59.0829
47680 59.0712
47690 59.0696
47700 59.0772
47710 59.0963
47720 59.1274
47730 59.1641
47740 59.2001
47750 59.2369
47760 59.2794
47770 59.3275
47780 59.3746
47790 59.4168
47800 59.4534
47810 59.4802
47820 59.4932
47830 59.4948
47840 59.4898
47850 59.4781
47860 59.458
47870 59.4322
47880 59.4053
47890 59.3824
47900 59.368
47910 59.3628
47920 59.3622
47930 59.3603
47940 59.3536
47950 59.3414
47960 59.3253
47970 59.3083
47980 59.294
47990 59.2864
48000 59.2854
48010 59.2874
48020 59.2867
48030 59.2781
48040 59.2594
48050 59.2334
48060 59.2069
48070 59.185
48080 59.1667
48090 59.1512
48100 59.1422
48110 59.1408
48120 59.1455
48130 59.1549
48140 59.1695
48150 59.1896
48160 59.2148
48170 59.2445
48180 59.2773
48190 59.3137
48200 59.3557
48210 59.4019
48220 59.447
48230 59.4874
48240 59.5243
48250 59.5596
48260 59.5912
48270 59.615
48280 59.6302
48290 59.6389
48300 59.6453
48310 59.6548
48320 59.6674
48330 59.6771
48340 59.6789
48350 59.6759
48360 59.6772
48370 59.6931
48380 59.7288
48390 59.7796
48400 59.8346
48410 59.8852
48420 59.9311
48430 59.9769
48440 60.0227
48450 60.0655
48460 60.1035
48470 60.1368
48480 60.1656
48490 60.1895
48500 60.2061
48510 60.2141
48520 60.2133
48530 60.2056
48540 60.1955
48550 60.1883
48560 60.1847
48570 60.1808
48580 60.1727
48590 60.1579
48600 60.1342
48610 60.1035
48620 60.0748
48630 60.0561
48640 60.0479
48650 60.0444
48660 60.0468
48670 60.0605
48680 60.0842
48690 60.1115
48700 60.1358
48710 60.1498
48720 60.1515
48730 60.1475
48740 60.1466
48750 60.1504
48760 60.1549
48770 60.1594
48780 60.1684
48790 60.1839
48800 60.2027
48810 60.2232
48820 60.2472
48830 60.2731
48840 60.2953
48850 60.3084
48860 60.3123
48870 60.3102
48880 60.3071
48890 60.3107
48900 60.3285
48910 60.3607
48920 60.4004
48930 60.4441
48940 60.4954
48950 60.5561
48960 60.6235
48970 60.6944
48980 60.7646
48990 60.8244
49000 60.8635
49010 60.8794
49020 60.8752
49030 60.8581
49040 60.8388
49050 60.826
49060 60.8222
49070 60.8293
49080 60.8474
49090 60.8719
49100 60.9015
49110 60.936
49120 60.9708
49130 61.0018
49140 61.0285
49150 61.0539
49160 61.0783
49170 61.1003
49180 61.1196
49190 61.1346
49200 61.1447
49210 61.1524
49220 61.1575
49230 61.1548
49240 61.1408
49250 61.1161
49260 61.085
49270 61.0559
49280 61.0378
49290 61.0333
49300 61.0367
49310 61.0415
49320 61.0471
49330 61.0535
49340 61.0587
49350 61.0637
49360 61.0725
49370 61.0881
49380 61.1134
49390 61.149
49400 61.1872
49410 61.2182
49420 61.2411
49430 61.2615
49440 61.2815
49450 61.2948
49460 61.2966
49470 61.2886
49480 61.2735
49490 61.2517
49500 61.2251
49510 61.1969
49520 61.1713
49530 61.1529
49540 61.1437
49550 61.1404
49560 61.1386
49570 61.137
49580 61.1344
49590 61.1306
49600 61.1286
49610 61.1309
49620 61.1388
49630 61.1505
49640 61.1607
49650 61.1643
49660 61.1617
49670 61.1551
49680 61.1411
49690 61.1154
49700 61.0833
49710 61.0557
49720 61.0381
49730 61.0266
49740 61.0174
49750 61.0121
49760 61.0109
49770 61.0101
49780 61.0071
49790 61.0016
49800 60.993
49810 60.978
49820 60.953
49830 60.919
49840 60.8809
49850 60.8429
49860 60.807
49870 60.7744
49880 60.7465
49890 60.7243
49900 60.7054
49910 60.6846
49920 60.6587
49930 60.6294
49940 60.5978
49950 60.5628
49960 60.5247
49970 60.484
49980 60.4412
49990 60.399
50000 60.3622
50010 60.3376
50020 60.3292
50030 60.3293
50040 60.3289
50050 60.3279
50060 60.3286
50070 60.3321
50080 60.3411
50090 60.359
50100 60.3857
50110 60.418
50120 60.452
50130 60.4841
50140 60.5108
50150 60.5303
50160 60.5403
50170 60.5362
50180 60.5177
50190 60.4906
50200 60.4599
50210 60.4274
50220 60.3972
50230 60.377
50240 60.3707
50250 60.3739
50260 60.379
50270 60.3798
50280 60.3734
50290 60.3615
50300 60.35
50310 60.3396
50320 60.3244
50330 60.3045
50340 60.2878
50350 60.2782
50360 60.2729
50370 60.2741
50380 60.2884
50390 60.3141
50400 60.3418
50410 60.3654
50420 60.3874
50430 60.4128
50440 60.4402
50450 60.4632
50460 60.478
50470 60.4892
50480 60.5062
50490 60.5364
50500 60.5783
50510 60.6233
50520 60.6641
50530 60.6987
50540 60.7281
50550 60.7553
50560 60.7849
50570 60.8191
50580 60.8532
50590 60.8817
50600 60.9081
50610 60.9391
50620 60.971
50630 60.9933
50640 61.0035
50650 61.0048
50660 60.9972
50670 60.9823
50680 60.964
50690 60.9412
50700 60.9117
50710 60.8832
50720 60.8636
50730 60.8534
50740 60.851
50750 60.8552
50760 60.8626
50770 60.8703
50780 60.8821
50790 60.9032
50800 60.9325
50810 60.9651
50820 60.9987
50830 61.0329
50840 61.0654
50850 61.0943
50860 61.1195
50870 61.1433
50880 61.1687
50890 61.1966
50900 61.2275
50910 61.2636
50920 61.3083
50930 61.361
50940 61.4182
50950 61.4778
50960 61.5389
50970 61.5977
50980 61.6525
50990 61.7062
51000 61.7613
51010 61.8169
51020 61.8713
51030 61.9252
51040 61.9821
51050 62.0426
51060 62.103
51070 62.158
51080 62.2025
51090 62.2348
51100 62.2558
51110 62.2696
51120 62.2815
51130 62.296
51140 62.3162
51150 62.3431
51160 62.3797
51170 62.427
51180 62.4786
51190 62.5249
51200 62.5593
51210 62.5779
51220 62.5802
51230 62.5708
51240 62.5554
51250 62.5369
51260 62.5191
51270 62.5061
51280 62.4976
51290 62.4904
51300 62.4824
51310 62.4723
51320 62.4585
51330 62.4445
51340 62.4367
51350 62.437
51360 62.4441
51370 62.4577
51380 62.4781
51390 62.5028
51400 62.5287
51410 62.5518
51420 62.5677
51430 62.574
51440 62.5704
51450 62.556
51460 62.53
51470 62.4987
51480 62.4722
51490 62.455
51500 62.4462
51510 62.444
51520 62.4485
51530 62.461
51540 62.4811
51550 62.5056
51560 62.5319
51570 62.5596
51580 62.5847
51590 62.6019
51600 62.6108
51610 62.6169
51620 62.6244
51630 62.6348
51640 62.6475
51650 62.6621
51660 62.6779
51670 62.6936
51680 62.7088
51690 62.7224
51700 62.7341
51710 62.7484
51720 62.7685
51730 62.7923
51740 62.8164
51750 62.841
51760 62.8689
51770 62.9004
51780 62.9351
51790 62.9747
51800 63.0198
51810 63.0679
51820 63.1151
51830 63.1576
51840 63.1923
51850 63.2158
51860 63.2274
51870 63.233
51880 63.2384
51890 63.2424
51900 63.2435
51910 63.2417
51920 63.2389
51930 63.2382
51940 63.2371
51950 63.228
51960 63.2062
51970 63.1738
51980 63.1349
51990 63.0929
52000 63.0522
52010 63.0171
52020 62.989
52030 62.9666
52040 62.9458
52050 62.9219
52060 62.8937
52070 62.8664
52080 62.8488
52090 62.8451
52100 62.8527
52110 62.8687
52120 62.892
52130 62.918
52140 62.941
52150 62.9631
52160 62.9882
52170 63.0145
52180 63.0386
52190 63.0622
52200 63.0876
52210 63.1155
52220 63.1458
52230 63.1776
52240 63.2089
52250 63.2371
52260 63.2628
52270 63.2893
52280 63.3188
52290 63.3476
52300 63.3702
52310 63.3866
52320 63.4009
52330 63.4136
52340 63.4222
52350 63.4266
52360 63.4265
52370 63.4209
52380 63.411
52390 63.3995
52400 63.3902
52410 63.3878
52420 63.393
52430 63.4008
52440 63.4069
52450 63.409
52460 63.4073
52470 63.405
52480 63.4085
52490 63.4229
52500 63.4476
52510 63.4798
52520 63.5163
52530 63.5532
52540 63.5888
52550 63.6258
52560 63.6664
52570 63.7077
52580 63.7456
52590 63.778
52600 63.8041
52610 63.8236
52620 63.8388
52630 63.8554
52640 63.8738
52650 63.8837
52660 63.8754
52670 63.8494
52680 63.8112
52690 63.7653
52700 63.713
52710 63.6566
52720 63.6011
52730 63.5501
52740 63.505
52750 63.4687
52760 63.4481
52770 63.4497
52780 63.4748
52790 63.5191
52800 63.5762
52810 63.64
52820 63.7065
52830 63.7711
52840 63.8296
52850 63.8832
52860 63.9363
52870 63.9885
52880 64.0315
52890 64.0609
52900 64.082
52910 64.0991
52920 64.1072
52930 64.1034
52940 64.0973
52950 64.1016
52960 64.1188
52970 64.1405
52980 64.16
52990 64.1763
53000 64.1902
53010 64.2007
53020 64.2074
53030 64.2132
53040 64.2236
53050 64.2402
53060 64.2607
53070 64.2828
53080 64.3019
53090 64.3157
53100 64.3283
53110 64.3428
53120 64.3529
53130 64.3517
53140 64.3415
53150 64.3275
53160 64.3097
53170 64.2899
53180 64.2728
53190 64.2586
53200 64.2445
53210 64.2297
53220 64.2134
53230 64.1927
53240 64.1693
53250 64.1525
53260 64.1473
53270 64.1505
53280 64.1614
53290 64.1868
53300 64.2304
53310 64.2882
53320 64.354
53330 64.4223
53340 64.4896
53350 64.5526
53360 64.6133
53370 64.6728
53380 64.7283
53390 64.7763
53400 64.815
53410 64.8433
53420 64.8612
53430 64.8688
53440 64.8668
53450 64.8576
53460 64.8451
53470 64.8325
53480 64.8222
53490 64.8188
53500 64.8257
53510 64.8442
53520 64.8764
53530 64.92
53540 64.9699
53550 65.0232
53560 65.0783
53570 65.1311
53580 65.1765
53590 65.2135
53600 65.245
53610 65.2733
53620 65.301
53630 65.3297
53640 65.3575
53650 65.3827
53660 65.405
53670 65.4249
53680 65.4408
53690 65.4512
53700 65.4557
53710 65.4554
53720 65.4521
53730 65.4456
53740 65.4356
53750 65.424
53760 65.4139
53770 65.4061
53780 65.4009
53790 65.3996
53800 65.4028
53810 65.4085
53820 65.4154
53830 65.424
53840 65.432
53850 65.4368
53860 65.4383
53870 65.4359
53880 65.4278
53890 65.4144
53900 65.401
53910 65.3898
53920 65.3775
53930 65.3625
53940 65.3474
53950 65.3349
53960 65.3267
53970 65.3252
53980 65.3315
53990 65.3455
54000 65.3643
54010 65.3805
54020 65.389
54030 65.3902
54040 65.3819
54050 65.3647
54060 65.3485
54070 65.3419
54080 65.3428
54090 65.3434
54100 65.3404
54110 65.3383
54120 65.3403
54130 65.3451
54140 65.3503
54150 65.3536
54160 65.3516
54170 65.3407
54180 65.3198
54190 65.2896
54200 65.2521
54210 65.211
54220 65.1717
54230 65.1356
54240 65.1003
54250 65.0643
54260 65.0285
54270 64.9972
54280 64.9749
54290 64.9623
54300 64.9555
54310 64.9497
54320 64.9453
54330 64.9446
54340 64.9491
54350 64.9572
54360 64.9643
54370 64.9665
54380 64.9652
54390 64.9631
54400 64.9598
54410 64.9543
54420 64.9506
54430 64.9546
54440 64.9678
54450 64.9869
54460 65.0081
54470 65.0282
54480 65.0442
54490 65.055
54500 65.06
54510 65.0572
54520 65.0453
54530 65.0279
54540 65.0112
54550 64.9987
54560 64.9907
54570 64.985
54580 64.9769
54590 64.9663
54600 64.9601
54610 64.9636
54620 64.976
54630 64.9968
54640 65.0261
54650 65.0597
54660 65.0901
54670 65.1121
54680 65.1231
54690 65.124
54700 65.1223
54710 65.1259
54720 65.1359
54730 65.1538
54740 65.1816
54750 65.2173
54760 65.2549
54770 65.2861
54780 65.3059
54790 65.3151
54800 65.3172
54810 65.3169
54820 65.316
54830 65.314
54840 65.3126
54850 65.31
54860 65.3022
54870 65.2882
54880 65.2706
54890 65.252
54900 65.2318
54910 65.2099
54920 65.1898
54930 65.1772
54940 65.1752
54950 65.1774
54960 65.1744
54970 65.1668
54980 65.1619
54990 65.1605
55000 65.1594
55010 65.1602
55020 65.166
55030 65.1769
55040 65.1919
55050 65.2122
55060 65.2363
55070 65.2584
55080 65.2761
55090 65.2908
55100 65.3072
55110 65.3337
55120 65.3751
55130 65.429
55140 65.4901
55150 65.5554
55160 65.6239
55170 65.6918
55180 65.754
55190 65.8082
55200 65.8543
55210 65.8942
55220 65.9317
55230 65.9723
55240 66.0185
55250 66.0675
55260 66.1158
55270 66.1597
55280 66.1959
55290 66.2232
55300 66.2448
55310 66.2621
55320 66.2734
55330 66.2779
55340 66.2763
55350 66.2683
55360 66.2536
55370 66.2344
55380 66.2134
55390 66.1949
55400 66.1866
55410 66.193
55420 66.2134
55430 66.2445
55440 66.2788
55450 66.3105
55460 66.341
55470 66.3714
55480 66.3992
55490 66.4191
55500 66.426
55510 66.418
55520 66.4017
55530 66.3852
55540 66.3701
55550 66.356
55560 66.3448
55570 66.3397
55580 66.3435
55590 66.3567
55600 66.3746
55610 66.3901
55620 66.401
55630 66.4079
55640 66.4085
55650 66.4008
55660 66.3881
55670 66.3739
55680 66.3572
55690 66.3373
55700 66.3209
55710 66.3153
55720 66.3233
55730 66.3453
55740 66.3812
55750 66.43
55760 66.4896
55770 66.5562
55780 66.6247
55790 66.6925
55800 66.7593
55810 66.8242
55820 66.887
55830 66.9521
55840 67.0244
55850 67.1046
55860 67.1873
55870 67.2674
55880 67.3444
55890 67.4158
55900 67.4799
55910 67.54
55920 67.6013
55930 67.6622
55940 67.7157
55950 67.7616
55960 67.8065
55970 67.8542
55980 67.9047
55990 67.9549
56000 67.9986
56010 68.0305
56020 68.0509
56030 68.0624
56040 68.0657
56050 68.0634
56060 68.0616
56070 68.0623
56080 68.0645
56090 68.0695
56100 68.0778
56110 68.0887
56120 68.102
56130 68.1162
56140 68.1286
56150 68.139
56160 68.1505
56170 68.1661
56180 68.1858
56190 68.2075
56200 68.2289
56210 68.2481
56220 68.267
56230 68.2911
56240 68.3244
56250 68.3651
56260 68.4092
56270 68.4577
56280 68.5139
56290 68.5791
56300 68.6522
56310 68.7285
56320 68.8055
56330 68.8821
56340 68.9558
56350 69.0235
56360 69.0819
56370 69.1282
56380 69.1652
56390 69.1991
56400 69.2325
56410 69.2639
56420 69.2948
56430 69.3326
56440 69.3842
56450 69.4537
56460 69.5442
56470 69.6562
56480 69.7865
56490 69.9241
56500 70.0535
56510 70.1663
56520 70.2625
56530 70.3417
56540 70.3993
56550 70.4331
56560 70.448
56570 70.4508
56580 70.4443
56590 70.4322
56600 70.4208
56610 70.4158
56620 70.4178
56630 70.4256
56640 70.4373
56650 70.4554
56660 70.4845
56670 70.5233
56680 70.5686
56690 70.6208
56700 70.6774
56710 70.7294
56720 70.7691
56730 70.7962
56740 70.8115
56750 70.8131
56760 70.7985
56770 70.7687
56780 70.7274
56790 70.6757
56800 70.6159
56810 70.5562
56820 70.5059
56830 70.4683
56840 70.4401
56850 70.4169
56860 70.3984
56870 70.383
56880 70.3679
56890 70.3511
56900 70.3324
56910 70.3116
56920 70.2882
56930 70.2632
56940 70.2377
56950 70.2091
56960 70.1762
56970 70.1437
56980 70.1154
56990 70.0877
57000 70.0591
57010 70.0326
57020 70.0107
57030 69.9914
57040 69.9754
57050 69.968
57060 69.9672
57070 69.9637
57080 69.9529
57090 69.9406
57100 69.9328
57110 69.9297
57120 69.9307
57130 69.9383
57140 69.9511
57150 69.9682
57160 69.9915
57170 70.0186
57180 70.0425
57190 70.0662
57200 70.0979
57210 70.1345
57220 70.1675
57230 70.196
57240 70.2239
57250 70.2512
57260 70.2782
57270 70.3094
57280 70.3477
57290 70.3889
57300 70.4332
57310 70.4847
57320 70.5413
57330 70.5965
57340 70.6465
57350 70.6898
57360 70.7235
57370 70.7507
57380 70.7781
57390 70.8051
57400 70.8268
57410 70.8421
57420 70.8526
57430 70.8612
57440 70.871
57450 70.8822
57460 70.8949
57470 70.9121
57480 70.9336
57490 70.9544
57500 70.9709
57510 70.9864
57520 71.0048
57530 71.0269
57540 71.0487
57550 71.0669
57560 71.0846
57570 71.1056
57580 71.1273
57590 71.1451
57600 71.1593
57610 71.1734
57620 71.1883
57630 71.2009
57640 71.211
57650 71.2246
57660 71.2484
57670 71.2781
57680 71.3045
57690 71.3246
57700 71.3437
57710 71.3631
57720 71.3791
57730 71.3939
57740 71.4113
57750 71.4273
57760 71.4389
57770 71.4498
57780 71.4602
57790 71.467
57800 71.4721
57810 71.4793
57820 71.4901
57830 71.5055
57840 71.5252
57850 71.5497
57860 71.5799
57870 71.6137
57880 71.6441
57890 71.667
57900 71.6845
57910 71.6996
57920 71.7086
57930 71.7066
57940 71.6949
57950 71.6785
57960 71.6588
57970 71.6357
57980 71.6133
57990 71.5967
58000 71.5859
58010 71.575
58020 71.5602
58030 71.5414
58040 71.5167
58050 71.483
58060 71.4372
58070 71.3791
58080 71.3153
58090 71.2545
58100 71.2001
58110 71.1505
58120 71.105
58130 71.0637
58140 71.0236
58150 70.9814
58160 70.9349
58170 70.8857
58180 70.8389
58190 70.7972
58200 70.7595
58210 70.7281
58220 70.7112
58230 70.715
58240 70.7363
58250 70.7715
58260 70.819
58270 70.8745
58280 70.9311
58290 70.9863
58300 71.0417
58310 71.0947
58320 71.1399
58330 71.1751
58340 71.2033
58350 71.2269
58360 71.2462
58370 71.2613
58380 71.2711
58390 71.2704
58400 71.2567
58410 71.2346
58420 71.2051
58430 71.1658
58440 71.1193
58450 71.0675
58460 71.008
58470 70.9439
58480 70.8805
58490 70.8181
58500 70.755
58510 70.6938
58520 70.6393
58530 70.5912
58540 70.5438
58550 70.4953
58560 70.4491
58570 70.4069
58580 70.3688
58590 70.3363
58600 70.3132
58610 70.3029
58620 70.3067
58630 70.3255
58640 70.3578
58650 70.3991
58660 70.4438
58670 70.4879
58680 70.5263
58690 70.5585
58700 70.5892
58710 70.6211
58720 70.655
58730 70.6928
58740 70.7372
58750 70.7888
58760 70.8458
58770 70.9009
58780 70.9456
58790 70.9776
58800 70.9987
58810 71.0108
58820 71.0173
58830 71.0232
58840 71.0316
58850 71.043
58860 71.0581
58870 71.0806
58880 71.1141
58890 71.158
58900 71.2084
58910 71.2582
58920 71.2972
58930 71.3186
58940 71.3239
58950 71.3167
58960 71.3016
58970 71.2842
58980 71.2685
58990 71.2566
59000 71.2491
59010 71.2452
59020 71.2417
59030 71.2366
59040 71.2304
59050 71.2206
59060 71.2063
59070 71.1912
59080 71.1805
59090 71.1781
59100 71.1839
59110 71.1968
59120 71.2159
59130 71.2393
59140 71.2625
59150 71.2799
59160 71.2893
59170 71.2934
59180 71.2966
59190 71.2995
59200 71.3003
59210 71.3008
59220 71.3056
59230 71.3172
59240 71.3318
59250 71.3434
59260 71.3541
59270 71.3735
59280 71.4059
59290 71.4477
59300 71.4954
59310 71.5492
59320 71.6085
59330 71.6683
59340 71.7217
59350 71.7649
59360 71.7992
59370 71.8274
59380 71.8522
59390 71.8767
59400 71.9031
59410 71.9325
59420 71.9617
59430 71.9883
59440 72.0186
59450 72.0571
59460 72.1046
59470 72.1632
59480 72.2352
59490 72.3179
59500 72.4011
59510 72.4742
59520 72.5351
59530 72.5876
59540 72.631
59550 72.6632
59560 72.6844
59570 72.6956
59580 72.6977
59590 72.6907
59600 72.6746
59610 72.6543
59620 72.6384
59630 72.6318
59640 72.6364
59650 72.6552
59660 72.6915
59670 72.7407
59680 72.791
59690 72.8327
59700 72.8635
59710 72.8855
59720 72.8951
59730 72.8884
59740 72.8683
59750 72.8428
59760 72.8157
59770 72.7834
59780 72.7423
59790 72.6952
59800 72.6442
59810 72.5874
59820 72.5276
59830 72.4786
59840 72.4501
59850 72.4371
59860 72.4323
59870 72.4363
59880 72.45
59890 72.4665
59900 72.4776
59910 72.4803
59920 72.4769
59930 72.4729
59940 72.4724
59950 72.4724
59960 72.4643
59970 72.4441
59980 72.4182
59990 72.3988
60000 72.3953
60010 72.4117
60020 72.4472
60030 72.496
60040 72.5515
60050 72.6085
60060 72.6629
60070 72.7148
60080 72.7673
60090 72.824
60100 72.8848
60110 72.9483
60120 73.016
60130 73.0872
60140 73.1562
60150 73.2165
60160 73.2683
60170 73.3152
60180 73.3553
60190 73.3812
60200 73.3891
60210 73.3815
60220 73.3605
60230 73.3276
60240 73.288
60250 73.25
60260 73.2174
60270 73.1873
60280 73.1559
60290 73.1264
60300 73.1039
60310 73.0869
60320 73.0706
60330 73.0557
60340 73.0457
60350 73.0415
60360 73.0411
60370 73.041
60380 73.0405
60390 73.0425
60400 73.051
60410 73.068
60420 73.0918
60430 73.1168
60440 73.1384
60450 73.1548
60460 73.1635
60470 73.1638
60480 73.1592
60490 73.1551
60500 73.1574
60510 73.1732
60520 73.207
60530 73.2568
60540 73.3191
60550 73.3919
60560 73.4679
60570 73.5396
60580 73.6052
60590 73.6662
60600 73.7202
60610 73.7615
60620 73.7898
60630 73.8119
60640 73.8369
60650 73.8686
60660 73.9054
60670 73.9457
60680 73.9899
60690 74.0416
60700 74.1044
60710 74.1749
60720 74.2449
60730 74.3077
60740 74.3633
60750 74.4137
60760 74.4569
60770 74.4902
60780 74.515
60790 74.5333
60800 74.5452
60810 74.5504
60820 74.5493
60830 74.5421
60840 74.5242
60850 74.4943
60860 74.4534
60870 74.4012
60880 74.3405
60890 74.2774
60900 74.2194
60910 74.1721
60920 74.138
60930 74.1181
60940 74.1125
60950 74.1178
60960 74.1276
60970 74.1384
60980 74.1487
60990 74.1551
61000 74.1568
61010 74.1574
61020 74.1597
61030 74.166
61040 74.1798
61050 74.2018
61060 74.2283
61070 74.2547
61080 74.2785
61090 74.2957
61100 74.301
61110 74.2922
61120 74.2694
61130 74.2365
61140 74.2023
61150 74.174
61160 74.1532
61170 74.1379
61180 74.1242
61190 74.1115
61200 74.1042
61210 74.106
61220 74.1146
61230 74.125
61240 74.1374
61250 74.1556
61260 74.178
61270 74.1984
61280 74.2131
61290 74.2206
61300 74.2208
61310 74.2154
61320 74.2069
61330 74.1981
61340 74.1911
61350 74.1882
61360 74.1907
61370 74.1955
61380 74.198
61390 74.1981
61400 74.1961
61410 74.1898
61420 74.1771
61430 74.1586
61440 74.1378
61450 74.1172
61460 74.098
61470 74.0807
61480 74.0652
61490 74.0504
61500 74.0336
61510 74.0143
61520 73.9973
61530 73.988
61540 73.9836
61550 73.979
61560 73.9773
61570 73.9871
61580 74.0086
61590 74.0345
61600 74.0635
61610 74.1005
61620 74.147
61630 74.202
61640 74.2635
61650 74.3277
61660 74.3939
61670 74.4683
61680 74.5559
61690 74.6528
61700 74.7505
61710 74.8402
61720 74.9183
61730 74.9856
61740 75.0435
61750 75.0913
61760 75.1303
61770 75.1668
61780 75.2033
61790 75.2313
61800 75.2414
61810 75.2359
61820 75.2235
61830 75.2091
61840 75.1924
61850 75.1684
61860 75.1349
61870 75.0974
61880 75.0642
61890 75.0353
61900 75.0063
61910 74.9796
61920 74.9613
61930 74.95
61940 74.938
61950 74.9225
61960 74.9071
61970 74.8943
61980 74.8825
61990 74.869
62000 74.8522
62010 74.8345
62020 74.8212
62030 74.8165
62040 74.8198
62050 74.8287
62060 74.8445
62070 74.8671
62080 74.8929
62090 74.9216
62100 74.9534
62110 74.9847
62120 75.0108
62130 75.0306
62140 75.0444
62150 75.0511
62160 75.0503
62170 75.0419
62180 75.0276
62190 75.0129
62200 75.0024
62210 74.9955
62220 74.99
62230 74.9851
62240 74.9771
62250 74.962
62260 74.9426
62270 74.9235
62280 74.9068
62290 74.8927
62300 74.881
62310 74.8731
62320 74.8686
62330 74.8665
62340 74.8684
62350 74.8758
62360 74.8865
62370 74.8989
62380 74.911
62390 74.9173
62400 74.9124
62410 74.8974
62420 74.8766
62430 74.8548
62440 74.8377
62450 74.8284
62460 74.8265
62470 74.8335
62480 74.8516
62490 74.877
62500 74.8988
62510 74.9079
62520 74.9049
62530 74.8961
62540 74.8858
62550 74.8718
62560 74.8528
62570 74.8342
62580 74.8209
62590 74.8122
62600 74.8076
62610 74.813
62620 74.8351
62630 74.8735
62640 74.9233
62650 74.9788
62660 75.0372
62670 75.0948
62680 75.1457
62690 75.1892
62700 75.2308
62710 75.2774
62720 75.3295
62730 75.3802
62740 75.4263
62750 75.4722
62760 75.5159
62770 75.55
62780 75.5745
62790 75.5947
62800 75.6121
62810 75.6258
62820 75.6366
62830 75.6446
62840 75.6469
62850 75.6423
62860 75.6341
62870 75.6267
62880 75.6244
62890 75.6306
62900 75.642
62910 75.6562
62920 75.6734
62930 75.6871
62940 75.6918
62950 75.6922
62960 75.6936
62970 75.6933
62980 75.687
62990 75.6734
63000 75.6525
63010 75.6261
63020 75.6009
63030 75.5849
63040 75.5774
63050 75.5727
63060 75.5686
63070 75.5644
63080 75.5566
63090 75.5391
63100 75.5128
63110 75.4848
63120 75.4557
63130 75.4212
63140 75.3794
63150 75.3333
63160 75.2875
63170 75.2452
63180 75.2066
63190 75.1701
63200 75.1358
63210 75.1095
63220 75.0936
63230 75.0855
63240 75.0853
63250 75.0949
63260 75.1133
63270 75.1373
63280 75.1651
63290 75.194
63300 75.2202
63310 75.2421
63320 75.2609
63330 75.2805
63340 75.3045
63350 75.3303
63360 75.3523
63370 75.3678
63380 75.3779
63390 75.3824
63400 75.3802
63410 75.3698
63420 75.3529
63430 75.3372
63440 75.3275
63450 75.3242
63460 75.3225
63470 75.3176
63480 75.3128
63490 75.3164
63500 75.3308
63510 75.351
63520 75.3718
63530 75.3903
63540 75.4051
63550 75.4139
63560 75.4148
63570 75.409
63580 75.4008
63590 75.3952
63600 75.3972
63610 75.4094
63620 75.4281
63630 75.4476
63640 75.4653
63650 75.4822
63660 75.5003
63670 75.5209
63680 75.5426
63690 75.5633
63700 75.5836
63710 75.604
63720 75.6209
63730 75.6297
63740 75.6301
63750 75.6269
63760 75.626
63770 75.6285
63780 75.6299
63790 75.6288
63800 75.6302
63810 75.639
63820 75.6541
63830 75.6704
63840 75.686
63850 75.704
63860 75.7261
63870 75.7505
63880 75.775
63890 75.7993
63900 75.8227
63910 75.8435
63920 75.8625
63930 75.8833
63940 75.9073
63950 75.932
63960 75.9564
63970 75.9788
63980 75.9947
63990 76.0069
64000 76.0248
64010 76.0558
64020 76.0989
64030 76.1486
64040 76.1998
64050 76.2509
64060 76.3001
64070 76.3422
64080 76.3733
64090 76.3971
64100 76.4187
64110 76.4371
64120 76.4509
64130 76.4632
64140 76.4736
64150 76.4774
64160 76.4773
64170 76.4822
64180 76.4917
64190 76.4987
64200 76.501
64210 76.5016
64220 76.5012
64230 76.4977
64240 76.4877
64250 76.4706
64260 76.4535
64270 76.4404
64280 76.4282
64290 76.4168
64300 76.4107
64310 76.4104
64320 76.4092
64330 76.3975
64340 76.369
64350 76.3246
64360 76.2704
64370 76.2121
64380 76.1491
64390 76.0802
64400 76.0093
64410 75.9433
64420 75.8872
64430 75.8438
64440 75.8142
64450 75.7953
64460 75.7808
64470 75.7704
64480 75.7634
64490 75.7565
64500 75.7535
64510 75.7591
64520 75.7712
64530 75.7872
64540 75.8067
64550 75.8274
64560 75.8457
64570 75.8616
64580 75.8715
64590 75.8677
64600 75.8471
64610 75.8157
64620 75.7803
64630 75.7407
64640 75.6958
64650 75.6433
64660 75.5795
64670 75.5069
64680 75.4337
64690 75.3654
64700 75.3026
64710 75.2466
64720 75.2043
64730 75.1831
64740 75.183
64750 75.1928
64760 75.2058
64770 75.2267
64780 75.2593
64790 75.3027
64800 75.354
64810 75.4098
64820 75.4652
64830 75.5126
64840 75.5471
64850 75.5662
64860 75.5739
64870 75.5752
64880 75.5721
64890 75.565
64900 75.5538
64910 75.537
64920 75.5143
64930 75.4885
64940 75.4654
64950 75.4536
64960 75.4613
64970 75.4934
64980 75.5478
64990 75.6111
65000 75.6681
65010 75.7151
65020 75.7525
65030 75.778
65040 75.7922
65050 75.8021
65060 75.8159
65070 75.8327
65080 75.8453
65090 75.8506
65100 75.8497
65110 75.8439
65120 75.8326
65130 75.813
65140 75.7847
65150 75.7534
65160 75.7253
65170 75.6996
65180 75.6761
65190 75.6629
65200 75.6663
65210 75.6813
65220 75.7015
65230 75.7263
65240 75.7542
65250 75.7808
65260 75.8048
65270 75.8269
65280 75.8496
65290 75.8769
65300 75.9096
65310 75.945
65320 75.9814
65330 76.0213
65340 76.0666
65350 76.1116
65360 76.1481
65370 76.1706
65380 76.1766
65390 76.1661
65400 76.1408
65410 76.1041
65420 76.0613
65430 76.0204
65440 75.989
65450 75.9711
65460 75.9678
65470 75.977
65480 75.9958
65490 76.0242
65500 76.0631
65510 76.1114
65520 76.1627
65530 76.206
65540 76.2304
65550 76.2362
65560 76.2323
65570 76.2264
65580 76.2232
65590 76.2274
65600 76.241
65610 76.2605
65620 76.2827
65630 76.3099
65640 76.3459
65650 76.3913
65660 76.4421
65670 76.4957
65680 76.5523
65690 76.6083
65700 76.6574
65710 76.6979
65720 76.7355
65730 76.7758
65740 76.8202
65750 76.8673
65760 76.9135
65770 76.9565
65780 76.9977
65790 77.0413
65800 77.0909
65810 77.1459
65820 77.2055
65830 77.2672
65840 77.3232
65850 77.3713
65860 77.4202
65870 77.4777
65880 77.5431
65890 77.6133
65900 77.6854
65910 77.7542
65920 77.8128
65930 77.8578
65940 77.8925
65950 77.9218
65960 77.9473
65970 77.9691
65980 77.984
65990 77.9877
66000 77.9789
66010 77.9605
66020 77.9383
66030 77.9192
66040 77.9071
66050 77.9015
66060 77.9018
66070 77.9065
66080 77.9119
66090 77.9153
66100 77.9176
66110 77.9189
66120 77.9159
66130 77.9078
66140 77.8982
66150 77.8903
66160 77.8879
66170 77.8959
66180 77.9155
66190 77.9463
66200 77.9869
66210 78.032
66220 78.0751
66230 78.1124
66240 78.1451
66250 78.1774
66260 78.2078
66270 78.2297
66280 78.2422
66290 78.2484
66300 78.2499
66310 78.2513
66320 78.2612
66330 78.286
66340 78.3253
66350 78.3796
66360 78.4507
66370 78.5349
66380 78.6236
66390 78.7069
66400 78.7783
66410 78.837
66420 78.8832
66430 78.9144
66440 78.9287
66450 78.9285
66460 78.9168
66470 78.8933
66480 78.857
66490 78.8094
66500 78.7554
66510 78.7007
66520 78.6498
66530 78.6068
66540 78.5748
66550 78.555
66560 78.5449
66570 78.5378
66580 78.5278
66590 78.5142
66600 78.4995
66610 78.4869
66620 78.4769
66630 78.4679
66640 78.4577
66650 78.4419
66660 78.4156
66670 78.3803
66680 78.3421
66690 78.3042
66700 78.2659
66710 78.2265
66720 78.1844
66730 78.1352
66740 78.0777
66750 78.0158
66760 77.9513
66770 77.8818
66780 77.8071
66790 77.7355
66800 77.6792
66810 77.6485
66820 77.6485
66830 77.6749
66840 77.7176
66850 77.7641
66860 77.8046
66870 77.8333
66880 77.8444
66890 77.8373
66900 77.822
66910 77.8074
66920 77.7959
66930 77.7909
66940 77.8009
66950 77.8273
66960 77.8644
66970 77.9117
66980 77.9711
66990 78.0365
67000 78.0943
67010 78.1378
67020 78.1692
67030 78.1917
67040 78.2084
67050 78.2231
67060 78.2377
67070 78.2507
67080 78.2608
67090 78.2695
67100 78.2821
67110 78.2993
67120 78.3164
67130 78.3301
67140 78.3436
67150 78.3623
67160 78.3858
67170 78.4073
67180 78.4225
67190 78.4331
67200 78.444
67210 78.4579
67220 78.476
67230 78.5003
67240 78.5315
67250 78.5651
67260 78.5931
67270 78.6137
67280 78.6316
67290 78.6501
67300 78.6692
67310 78.6925
67320 78.7262
67330 78.7684
67340 78.8112
67350 78.8532
67360 78.8969
67370 78.9407
67380 78.9812
67390 79.0168
67400 79.0477
67410 79.0723
67420 79.0894
67430 79.1019
67440 79.1143
67450 79.1247
67460 79.1276
67470 79.1266
67480 79.1315
67490 79.145
67500 79.1627
67510 79.1819
67520 79.2022
67530 79.2238
67540 79.2493
67550 79.2798
67560 79.311
67570 79.3376
67580 79.3603
67590 79.3811
67600 79.3974
67610 79.4076
67620 79.4154
67630 79.4258
67640 79.4419
67650 79.4632
67660 79.4841
67670 79.5004
67680 79.5127
67690 79.523
67700 79.532
67710 79.5379
67720 79.5404
67730 79.5418
67740 79.5434
67750 79.5467
67760 79.5542
67770 79.5679
67780 79.5868
67790 79.608
67800 79.6282
67810 79.6429
67820 79.6461
67830 79.6344
67840 79.6068
67850 79.5656
67860 79.5129
67870 79.4494
67880 79.3783
67890 79.3076
67900 79.2456
67910 79.1974
67920 79.1641
67930 79.1479
67940 79.1538
67950 79.1828
67960 79.2267
67970 79.2733
67980 79.3164
67990 79.3597
68000 79.4059
68010 79.45
68020 79.4876
68030 79.5186
68040 79.5422
68050 79.5552
68060 79.5568
68070 79.5522
68080 79.5488
68090 79.5528
68100 79.5689
68110 79.5998
68120 79.6427
68130 79.6918
68140 79.7406
68150 79.7834
68160 79.8169
68170 79.8363
68180 79.835
68190 79.8126
68200 79.7776
68210 79.7365
68220 79.6897
68230 79.6419
68240 79.6043
68250 79.5824
68260 79.5737
68270 79.5735
68280 79.5797
68290 79.5891
68300 79.5974
68310 79.6028
68320 79.6073
68330 79.6141
68340 79.6256
68350 79.6452
68360 79.6781
68370 79.7294
68380 79.7995
68390 79.8829
68400 79.9736
68410 80.0671
68420 80.1591
68430 80.2461
68440 80.3256
68450 80.3918
68460 80.437
68470 80.4572
68480 80.4558
68490 80.441
68500 80.4197
68510 80.3981
68520 80.3867
68530 80.3957
68540 80.4281
68550 80.4769
68560 80.5342
68570 80.5991
68580 80.6704
68590 80.7384
68600 80.7921
68610 80.8264
68620 80.841
68630 80.836
68640 80.8136
68650 80.7831
68660 80.7538
68670 80.727
68680 80.7013
68690 80.6791
68700 80.6613
68710 80.6433
68720 80.6205
68730 80.5965
68740 80.5749
68750 80.5546
68760 80.5343
68770 80.5148
68780 80.4983
68790 80.4887
68800 80.4897
68810 80.506
68820 80.5413
68830 80.5911
68840 80.645
68850 80.6983
68860 80.7535
68870 80.8124
68880 80.871
68890 80.9242
68900 80.966
68910 80.9945
68920 81.013
68930 81.0235
68940 81.0271
68950 81.0268
68960 81.025
68970 81.0194
68980 81.007
68990 80.993
69000 80.9858
69010 80.9868
69020 80.9936
69030 81.0012
69040 81.0039
69050 80.9989
69060 80.9906
69070 80.9844
69080 80.9817
69090 80.981
69100 80.9812
69110 80.9802
69120 80.9743
69130 80.963
69140 80.9466
69150 80.9208
69160 80.8839
69170 80.8402
69180 80.7939
69190 80.7447
69200 80.6906
69210 80.6317
69220 80.5703
69230 80.5114
69240 80.4587
69250 80.4162
69260 80.3852
69270 80.3605
69280 80.338
69290 80.3175
69300 80.2982
69310 80.2756
69320 80.2459
69330 80.2106
69340 80.1731
69350 80.1303
69360 80.0776
69370 80.0184
69380 79.9621
69390 79.9149
69400 79.8741
69410 79.8349
69420 79.7945
69430 79.7534
69440 79.7126
69450 79.6689
69460 79.6183
69470 79.5648
69480 79.5185
69490 79.4838
69500 79.4597
69510 79.4481
69520 79.4519
69530 79.4675
69540 79.4887
69550 79.5126
69560 79.5359
69570 79.552
69580 79.5561
69590 79.5517
69600 79.5448
69610 79.5351
69620 79.5202
69630 79.5035
69640 79.4891
69650 79.4746
69660 79.4572
69670 79.4397
69680 79.4247
69690 79.4111
69700 79.3964
69710 79.3798
69720 79.3597
69730 79.3346
69740 79.3038
69750 79.2655
69760 79.2227
69770 79.1817
69780 79.1469
69790 79.1194
69800 79.0984
69810 79.0817
69820 79.0716
69830 79.0703
69840 79.0752
69850 79.0844
69860 79.0977
69870 79.114
69880 79.1276
69890 79.1362
69900 79.1453
69910 79.1614
69920 79.1808
69930 79.1938
69940 79.1954
69950 79.1858
69960 79.1668
69970 79.1424
69980 79.1186
69990 79.1023
70000 79.0981
70010 79.1075
70020 79.1296
70030 79.161
70040 79.1904
70050 79.2047
70060 79.2005
70070 79.1829
70080 79.1524
70090 79.1032
70100 79.0356
70110 78.9569
70120 78.8723
70130 78.7833
70140 78.6952
70150 78.6188
70160 78.5621
70170 78.5221
70180 78.4925
70190 78.4701
70200 78.4563
70210 78.4534
70220 78.463
70230 78.4859
70240 78.5188
70250 78.5546
70260 78.5895
70270 78.6236
70280 78.6543
70290 78.6748
70300 78.6811
70310 78.6742
70320 78.6592
70330 78.6465
70340 78.6499
70350 78.6736
70360 78.7107
70370 78.7528
70380 78.7939
70390 78.8298
70400 78.8551
70410 78.8677
70420 78.8712
70430 78.8695
70440 78.8637
70450 78.8527
70460 78.8344
70470 78.8093
70480 78.7855
70490 78.7703
70500 78.7648
70510 78.7714
70520 78.7938
70530 78.8276
70540 78.8633
70550 78.8935
70560 78.9167
70570 78.9318
70580 78.9377
70590 78.9391
70600 78.9471
70610 78.9669
70620 78.9944
70630 79.0247
70640 79.0586
70650 79.096
70660 79.1305
70670 79.1569
70680 79.1764
70690 79.194
70700 79.2146
70710 79.2396
70720 79.2683
70730 79.3013
70740 79.338
70750 79.3723
70760 79.397
70770 79.4067
70780 79.3984
70790 79.3715
70800 79.3265
70810 79.2689
70820 79.2102
70830 79.1627
70840 79.1313
70850 79.1143
70860 79.1088
70870 79.1144
70880 79.1293
70890 79.1467
70900 79.1621
70910 79.1808
70920 79.2114
70930 79.2544
70940 79.3012
70950 79.3429
70960 79.3747
70970 79.3942
70980 79.4018
70990 79.4025
71000 79.4021
71010 79.4014
71020 79.3954
71030 79.3825
71040 79.3669
71050 79.3494
71060 79.3295
71070 79.3114
71080 79.3003
71090 79.2959
71100 79.2952
71110 79.2967
71120 79.3003
71130 79.3062
71140 79.3135
71150 79.3221
71160 79.3322
71170 79.3441
71180 79.3579
71190 79.3708
71200 79.3848
71210 79.4075
71220 79.4408
71230 79.4792
71240 79.5183
71250 79.5639
71260 79.6241
71270 79.6969
71280 79.7743
71290 79.8528
71300 79.9327
71310 80.0114
71320 80.0861
71330 80.157
71340 80.2266
71350 80.2921
71360 80.3454
71370 80.3799
71380 80.3967
71390 80.4003
71400 80.396
71410 80.391
71420 80.3905
71430 80.3952
71440 80.4053
71450 80.4228
71460 80.4477
71470 80.4751
71480 80.4995
71490 80.5203
71500 80.5394
71510 80.5625
71520 80.5967
71530 80.6408
71540 80.6875
71550 80.7323
71560 80.7701
71570 80.7912
71580 80.7874
71590 80.7597
71600 80.7149
71610 80.6584
71620 80.5986
71630 80.5446
71640 80.4988
71650 80.4595
71660 80.4269
71670 80.4023
71680 80.3845
71690 80.3714
71700 80.3619
71710 80.3542
71720 80.3446
71730 80.3294
71740 80.3079
71750 80.2852
71760 80.2652
71770 80.2465
71780 80.226
71790 80.2022
71800 80.1774
71810 80.1526
71820 80.1202
71830 80.0728
71840 80.015
71850 79.9564
71860 79.8991
71870 79.8414
71880 79.7863
71890 79.7404
71900 79.7074
71910 79.6848
71920 79.6664
71930 79.6461
71940 79.6227
71950 79.5973
71960 79.5682
71970 79.5349
71980 79.5004
71990 79.4674
72000 79.4381
72010 79.4127
72020 79.3923
72030 79.3802
72040 79.3736
72050 79.3615
72060 79.3378
72070 79.3028
72080 79.259
72090 79.209
72100 79.1577
72110 79.1087
72120 79.0634
72130 79.0243
72140 78.9981
72150 78.9911
72160 79.0023
72170 79.0301
72180 79.0711
72190 79.1183
72200 79.1623
72210 79.1936
72220 79.2094
72230 79.2145
72240 79.2126
72250 79.2069
72260 79.2011
72270 79.1969
72280 79.1934
72290 79.191
72300 79.1904
72310 79.1894
72320 79.1858
72330 79.1848
72340 79.1927
72350 79.2075
72360 79.2244
72370 79.2427
72380 79.2654
72390 79.2959
72400 79.3316
72410 79.3637
72420 79.387
72430 79.4027
72440 79.4106
72450 79.4072
72460 79.394
72470 79.3797
72480 79.3723
72490 79.3713
72500 79.3705
72510 79.3657
72520 79.3572
72530 79.3492
72540 79.3469
72550 79.3511
72560 79.3559
72570 79.3549
72580 79.3481
72590 79.337
72600 79.3193
72610 79.2924
72620 79.2581
72630 79.2205
72640 79.1803
72650 79.1396
72660 79.1029
72670 79.0721
72680 79.0446
72690 79.0178
72700 78.9942
72710 78.9795
72720 78.9746
72730 78.9757
72740 78.9826
72750 78.9983
72760 79.019
72770 79.0382
72780 79.0599
72790 79.0896
72800 79.1223
72810 79.1462
72820 79.1557
72830 79.157
72840 79.1612
72850 79.1701
72860 79.1744
72870 79.1696
72880 79.1591
72890 79.1441
72900 79.1215
72910 79.0874
72920 79.0415
72930 78.9869
72940 78.9297
72950 78.8758
72960 78.8298
72970 78.7955
72980 78.7698
72990 78.7468
73000 78.7261
73010 78.7113
73020 78.7037
73030 78.7007
73040 78.7019
73050 78.7111
73060 78.7277
73070 78.7511
73080 78.7831
73090 78.8214
73100 78.8594
73110 78.8935
73120 78.9262
73130 78.9591
73140 78.9909
73150 79.0227
73160 79.0581
73170 79.1
73180 79.1471
73190 79.1963
73200 79.2448
73210 79.2925
73220 79.3396
73230 79.3865
73240 79.4377
73250 79.4952
73260 79.5578
73270 79.6229
73280 79.688
73290 79.7491
73300 79.8028
73310 79.8512
73320 79.8998
73330 79.9492
73340 79.9952
73350 80.0344
73360 80.0645
73370 80.0847
73380 80.0963
73390 80.1027
73400 80.1091
73410 80.1187
73420 80.1302
73430 80.1421
73440 80.1531
73450 80.1631
73460 80.1756
73470 80.1921
73480 80.2097
73490 80.2269
73500 80.2414
73510 80.2496
73520 80.2475
73530 80.234
73540 80.2148
73550 80.197
73560 80.1828
73570 80.1711
73580 80.1632
73590 80.1613
73600 80.166
73610 80.1737
73620 80.1805
73630 80.1856
73640 80.1898
73650 80.1931
73660 80.1929
73670 80.1878
73680 80.1797
73690 80.1721
73700 80.1663
73710 80.1606
73720 80.1498
73730 80.1298
73740 80.1005
73750 80.0634
73760 80.0171
73770 79.9614
73780 79.903
73790 79.8468
73800 79.7892
73810 79.7259
73820 79.6547
73830 79.5706
73840 79.4709
73850 79.3574
73860 79.237
73870 79.1191
73880 79.0122
73890 78.9185
73900 78.8404
73910 78.7833
73920 78.7496
73930 78.737
73940 78.7416
73950 78.7571
73960 78.7732
73970 78.7814
73980 78.7786
73990 78.7652
74000 78.7422
74010 78.7104
74020 78.6704
74030 78.6269
74040 78.5871
74050 78.553
74060 78.5228
74070 78.4929
74080 78.4588
74090 78.4247
74100 78.4029
74110 78.4023
74120 78.4233
74130 78.458
74140 78.493
74150 78.5178
74160 78.5321
74170 78.54
74180 78.5443
74190 78.5472
74200 78.5524
74210 78.5658
74220 78.5918
74230 78.632
74240 78.6858
74250 78.7529
74260 78.8279
74270 78.901
74280 78.9619
74290 79.0056
74300 79.0355
74310 79.0569
74320 79.0726
74330 79.0865
74340 79.1039
74350 79.1231
74360 79.1349
74370 79.1359
74380 79.1308
74390 79.1211
74400 79.1026
74410 79.0757
74420 79.051
74430 79.0379
74440 79.0357
74450 79.0408
74460 79.0511
74470 79.068
74480 79.0964
74490 79.1385
74500 79.1888
74510 79.2396
74520 79.2873
74530 79.332
74540 79.3739
74550 79.4099
74560 79.4333
74570 79.4429
74580 79.4485
74590 79.4613
74600 79.4814
74610 79.5035
74620 79.5273
74630 79.5551
74640 79.5901
74650 79.6328
74660 79.6778
74670 79.7173
74680 79.7472
74690 79.7661
74700 79.7711
74710 79.7661
74720 79.7585
74730 79.7523
74740 79.7467
74750 79.7403
74760 79.7344
74770 79.7297
74780 79.7262
74790 79.7236
74800 79.7186
74810 79.7059
74820 79.6874
74830 79.6734
74840 79.6708
74850 79.678
74860 79.6918
74870 79.7101
74880 79.7277
74890 79.7377
74900 79.7385
74910 79.7347
74920 79.7289
74930 79.7223
74940 79.7164
74950 79.7102
74960 79.7047
74970 79.7024
74980 79.7052
74990 79.7156
75000 79.7324
75010 79.7479
75020 79.7564
75030 79.7609
75040 79.7663
75050 79.7704
75060 79.7637
75070 79.742
75080 79.7108
75090 79.6791
75100 79.6529
75110 79.631
75120 79.6134
75130 79.6057
75140 79.6104
75150 79.6239
75160 79.6414
75170 79.6596
75180 79.6774
75190 79.6946
75200 79.7114
75210 79.7245
75220 79.7323
75230 79.7373
75240 79.7397
75250 79.7371
75260 79.7328
75270 79.7334
75280 79.7389
75290 79.7445
75300 79.7515
75310 79.7687
75320 79.8026
75330 79.8529
75340 79.9188
75350 79.9994
75360 80.0878
75370 80.1751
75380 80.2544
75390 80.3239
75400 80.3808
75410 80.4192
75420 80.439
75430 80.446
75440 80.4474
75450 80.4476
75460 80.4489
75470 80.4533
75480 80.4606
75490 80.4726
75500 80.4961
75510 80.5345
75520 80.5817
75530 80.6344
75540 80.6978
75550 80.7715
75560 80.8431
75570 80.9035
75580 80.9569
75590 81.0104
75600 81.0655
75610 81.1207
75620 81.1764
75630 81.2321
75640 81.2872
75650 81.3429
75660 81.3969
75670 81.446
75680 81.4868
75690 81.5176
75700 81.5372
75710 81.5463
75720 81.5511
75730 81.5628
75740 81.5877
75750 81.6216
75760 81.6566
75770 81.6897
75780 81.7201
75790 81.7454
75800 81.767
75810 81.7909
75820 81.8203
75830 81.8509
75840 81.8789
75850 81.9065
75860 81.9391
75870 81.9765
75880 82.0119
75890 82.0424
75900 82.0717
75910 82.1018
75920 82.1314
75930 82.159
75940 82.1876
75950 82.2178
75960 82.2475
75970 82.2788
75980 82.3201
75990 82.3756
76000 82.4409
76010 82.5057
76020 82.5607
76030 82.5998
76040 82.6215
76050 82.631
76060 82.6365
76070 82.6473
76080 82.6717
76090 82.7095
76100 82.7524
76110 82.793
76120 82.8293
76130 82.8616
76140 82.8905
76150 82.9146
76160 82.9318
76170 82.9421
76180 82.9464
76190 82.9467
76200 82.948
76210 82.9578
76220 82.9833
76230 83.0253
76240 83.0778
76250 83.1327
76260 83.1842
76270 83.2317
76280 83.2774
76290 83.3225
76300 83.3689
76310 83.4159
76320 83.4583
76330 83.4924
76340 83.5207
76350 83.545
76360 83.563
76370 83.5738
76380 83.579
76390 83.5787
76400 83.5781
76410 83.5883
76420 83.6122
76430 83.6432
76440 83.6759
76450 83.7079
76460 83.7364
76470 83.7576
76480 83.7721
76490 83.7853
76500 83.7977
76510 83.8063
76520 83.812
76530 83.818
76540 83.8267
76550 83.8373
76560 83.8486
76570 83.8595
76580 83.8681
76590 83.8722
76600 83.8685
76610 83.8562
76620 83.838
76630 83.814
76640 83.7801
76650 83.7379
76660 83.6957
76670 83.6585
76680 83.6225
76690 83.5857
76700 83.5498
76710 83.518
76720 83.4944
76730 83.4763
76740 83.4597
76750 83.4477
76760 83.4457
76770 83.4519
76780 83.4642
76790 83.4875
76800 83.5249
76810 83.5693
76820 83.6111
76830 83.65
76840 83.6894
76850 83.7301
76860 83.7733
76870 83.821
76880 83.8724
76890 83.9259
76900 83.9821
76910 84.0438
76920 84.1117
76930 84.1804
76940 84.2438
76950 84.296
76960 84.3341
76970 84.3567
76980 84.3631
76990 84.3567
77000 84.346
77010 84.3388
77020 84.3379
77030 84.344
77040 84.3564
77050 84.3735
77060 84.3926
77070 84.4103
77080 84.4249
77090 84.4367
77100 84.4457
77110 84.4484
77120 84.4403
77130 84.4206
77140 84.3961
77150 84.375
77160 84.3616
77170 84.3604
77180 84.3765
77190 84.4127
77200 84.4647
77210 84.5218
77220 84.5722
77230 84.6094
77240 84.6304
77250 84.633
77260 84.6199
77270 84.5977
77280 84.5711
77290 84.5396
77300 84.5054
77310 84.4764
77320 84.4548
77330 84.4367
77340 84.4177
77350 84.395
77360 84.367
77370 84.3354
77380 84.3041
77390 84.2759
77400 84.2566
77410 84.2535
77420 84.2656
77430 84.2845
77440 84.3033
77450 84.3192
77460 84.3294
77470 84.3319
77480 84.3301
77490 84.3266
77500 84.3186
77510 84.3018
77520 84.2766
77530 84.2513
77540 84.2311
77550 84.2116
77560 84.1878
77570 84.1621
77580 84.1415
77590 84.1324
77600 84.1372
77610 84.1549
77620 84.1832
77630 84.2201
77640 84.2588
77650 84.2902
77660 84.3101
77670 84.3196
77680 84.3201
77690 84.3107
77700 84.2915
77710 84.2676
77720 84.2454
77730 84.227
77740 84.213
77750 84.2098
77760 84.2248
77770 84.2572
77780 84.3023
77790 84.3509
77800 84.3901
77810 84.4135
77820 84.4262
77830 84.43
77840 84.4221
77850 84.4053
77860 84.3891
77870 84.3813
77880 84.3838
77890 84.3992
77900 84.4313
77910 84.477
77920 84.5268
77930 84.5722
77940 84.6072
77950 84.6283
77960 84.6367
77970 84.6384
77980 84.6354
77990 84.6245
78000 84.6082
78010 84.5919
78020 84.5754
78030 84.5557
78040 84.5313
78050 84.503
78060 84.4725
78070 84.4398
78080 84.4071
78090 84.3815
78100 84.3692
78110 84.3629
78120 84.349
78130 84.324
78140 84.2948
78150 84.2644
78160 84.2311
78170 84.195
78180 84.1573
78190 84.1181
78200 84.0815
78210 84.0527
78220 84.0314
78230 84.0177
78240 84.0189
78250 84.0382
78260 84.0664
78270 84.088
78280 84.0959
78290 84.0975
78300 84.1053
78310 84.1254
78320 84.1553
78330 84.1878
78340 84.216
78350 84.236
78360 84.2479
78370 84.2525
78380 84.2436
78390 84.2131
78400 84.1658
78410 84.1147
78420 84.0694
78430 84.0374
78440 84.0268
78450 84.0419
78460 84.0816
78470 84.1427
78480 84.2214
78490 84.3123
78500 84.4084
78510 84.5021
78520 84.5899
78530 84.6767
78540 84.7701
78550 84.871
78560 84.9745
78570 85.0757
78580 85.172
78590 85.2611
78600 85.3421
78610 85.418
78620 85.4908
78630 85.5569
78640 85.6152
78650 85.6693
78660 85.7199
78670 85.7606
78680 85.786
78690 85.7999
78700 85.8125
78710 85.8276
78720 85.8463
78730 85.8712
78740 85.9038
78750 85.9394
78760 85.973
78770 86.0046
78780 86.0324
78790 86.0529
78800 86.0659
78810 86.0767
78820 86.0913
78830 86.114
78840 86.1439
78850 86.1734
78860 86.1973
78870 86.2169
78880 86.2362
78890 86.2586
78900 86.284
78910 86.3098
78920 86.3358
78930 86.365
78940 86.3982
78950 86.4372
78960 86.4824
78970 86.5293
78980 86.5732
78990 86.6122
79000 86.6449
79010 86.6694
79020 86.6816
79030 86.6779
79040 86.6605
79050 86.6367
79060 86.6117
79070 86.5868
79080 86.5641
79090 86.5482
79100 86.5409
79110 86.5392
79120 86.5426
79130 86.557
79140 86.5833
79150 86.6145
79160 86.6423
79170 86.6611
79180 86.6676
79190 86.6638
79200 86.655
79210 86.6444
79220 86.6361
79230 86.6336
79240 86.6365
79250 86.6427
79260 86.6517
79270 86.6652
79280 86.6826
79290 86.701
79300 86.7209
79310 86.7411
79320 86.7585
79330 86.7727
79340 86.7826
79350 86.7804
79360 86.7575
79370 86.7172
79380 86.6722
79390 86.6287
79400 86.5835
79410 86.5344
79420 86.4841
79430 86.4369
79440 86.3968
79450 86.3619
79460 86.3298
79470 86.3001
79480 86.2751
79490 86.2577
79500 86.2453
79510 86.2322
79520 86.2185
79530 86.2076
79540 86.2
79550 86.1898
79560 86.1711
79570 86.1406
79580 86.0995
79590 86.0533
79600 86.0086
79610 85.9691
79620 85.9374
79630 85.9149
79640 85.899
79650 85.8836
79660 85.8654
79670 85.8465
79680 85.8323
79690 85.826
79700 85.8239
79710 85.8165
79720 85.8042
79730 85.7971
79740 85.8008
79750 85.8138
79760 85.8383
79770 85.8764
79780 85.9221
79790 85.967
79800 86.0051
79810 86.0343
79820 86.0559
79830 86.0732
79840 86.087
79850 86.1013
79860 86.1227
79870 86.1539
79880 86.1957
79890 86.2504
79900 86.3176
79910 86.3918
79920 86.4701
79930 86.5528
79940 86.6411
79950 86.7316
79960 86.8161
79970 86.8922
79980 86.9647
79990 87.0335
80000 87.0921
80010 87.1394
80020 87.1848
80030 87.233
80040 87.2769
80050 87.3071
80060 87.3211
80070 87.322
80080 87.3145
80090 87.3045
80100 87.2982
80110 87.3039
80120 87.328
80130 87.3667
80140 87.4073
80150 87.4396
80160 87.4608
80170 87.4728
80180 87.4762
80190 87.4697
80200 87.4522
80210 87.4231
80220 87.3862
80230 87.3498
80240 87.3172
80250 87.2852
80260 87.2538
80270 87.2205
80280 87.1809
80290 87.1399
80300 87.1075
80310 87.0867
80320 87.0751
80330 87.0708
80340 87.066
80350 87.0512
80360 87.0248
80370 86.99
80380 86.9461
80390 86.8905
80400 86.8273
80410 86.7644
80420 86.7055
80430 86.6511
80440 86.6023
80450 86.5602
80460 86.5231
80470 86.4903
80480 86.4681
80490 86.4618
80500 86.4694
80510 86.4845
80520 86.4993
80530 86.5081
80540 86.5106
80550 86.5103
80560 86.5093
80570 86.5066
80580 86.5019
80590 86.4948
80600 86.4831
80610 86.4676
80620 86.4562
80630 86.4509
80640 86.4444
80650 86.429
80660 86.4026
80670 86.3675
80680 86.328
80690 86.291
80700 86.2645
80710 86.2553
80720 86.2691
80730 86.3111
80740 86.3776
80750 86.4574
80760 86.5408
80770 86.622
80780 86.6957
80790 86.7564
80800 86.8036
80810 86.8439
80820 86.8797
80830 86.9069
80840 86.9242
80850 86.9335
80860 86.9409
80870 86.9557
80880 86.9846
80890 87.0318
80900 87.0939
80910 87.1603
80920 87.2231
80930 87.2803
80940 87.3315
80950 87.3756
80960 87.4083
80970 87.4257
80980 87.432
80990 87.4357
81000 87.4382
81010 87.438
81020 87.4408
81030 87.4506
81040 87.4613
81050 87.4676
81060 87.4684
81070 87.4595
81080 87.4384
81090 87.4103
81100 87.3788
81110 87.3421
81120 87.3016
81130 87.263
81140 87.227
81150 87.1917
81160 87.1609
81170 87.141
81180 87.1303
81190 87.1202
81200 87.1013
81210 87.066
81220 87.0195
81230 86.9769
81240 86.9461
81250 86.9195
81260 86.8896
81270 86.8622
81280 86.842
81290 86.8239
81300 86.8035
81310 86.7853
81320 86.777
81330 86.7815
81340 86.7957
81350 86.8133
81360 86.8313
81370 86.8498
81380 86.8675
81390 86.8847
81400 86.9031
81410 86.9206
81420 86.9341
81430 86.9427
81440 86.9479
81450 86.9534
81460 86.9622
81470 86.9763
81480 86.9967
81490 87.0235
81500 87.0543
81510 87.0879
81520 87.1286
81530 87.1843
81540 87.2553
81550 87.3337
81560 87.4115
81570 87.4834
81580 87.5439
81590 87.5904
81600 87.6285
81610 87.6648
81620 87.6998
81630 87.7333
81640 87.7708
81650 87.8185
81660 87.8758
81670 87.9407
81680 88.0087
81690 88.0707
81700 88.1171
81710 88.1446
81720 88.1619
81730 88.1799
81740 88.2047
81750 88.2397
81760 88.2883
81770 88.3504
81780 88.4195
81790 88.4872
81800 88.5509
81810 88.6077
81820 88.6511
81830 88.6813
81840 88.704
81850 88.7219
81860 88.7334
81870 88.7374
81880 88.7368
81890 88.7373
81900 88.7383
81910 88.7368
81920 88.7356
81930 88.7396
81940 88.7527
81950 88.7798
81960 88.825
81970 88.8861
81980 88.9566
81990 89.0324
82000 89.1109
82010 89.1868
82020 89.2539
82030 89.313
82040 89.368
82050 89.4203
82060 89.4668
82070 89.5022
82080 89.525
82090 89.5395
82100 89.5504
82110 89.5574
82120 89.5588
82130 89.5581
82140 89.5594
82150 89.5641
82160 89.5692
82170 89.5696
82180 89.5634
82190 89.5546
82200 89.5479
82210 89.5475
82220 89.5572
82230 89.5742
82240 89.5914
82250 89.6068
82260 89.6213
82270 89.6345
82280 89.6475
82290 89.6633
82300 89.6833
82310 89.7056
82320 89.7244
82330 89.734
82340 89.7347
82350 89.7306
82360 89.7249
82370 89.7172
82380 89.7067
82390 89.6942
82400 89.679
82410 89.6603
82420 89.6368
82430 89.605
82440 89.5668
82450 89.5298
82460 89.505
82470 89.4991
82480 89.5078
82490 89.5251
82500 89.5526
82510 89.595
82520 89.6487
82530 89.7049
82540 89.7626
82550 89.824
82560 89.8846
82570 89.9395
82580 89.9886
82590 90.0325
82600 90.0669
82610 90.0863
82620 90.0908
82630 90.084
82640 90.0699
82650 90.0554
82660 90.0467
82670 90.0486
82680 90.0601
82690 90.0768
82700 90.0916
82710 90.099
82720 90.1023
82730 90.1069
82740 90.1143
82750 90.1239
82760 90.1378
82770 90.1592
82780 90.1899
82790 90.226
82800 90.2561
82810 90.2729
82820 90.2793
82830 90.2793
82840 90.2748
82850 90.2664
82860 90.2552
82870 90.2433
82880 90.233
82890 90.2261
82900 90.2241
82910 90.2251
82920 90.2248
82930 90.2196
82940 90.2106
82950 90.2033
82960 90.2034
82970 90.2144
82980 90.2397
82990 90.2823
83000 90.3367
83010 90.3921
83020 90.4415
83030 90.4811
83040 90.5059
83050 90.5127
83060 90.5074
83070 90.4968
83080 90.4805
83090 90.4573
83100 90.4349
83110 90.422
83120 90.4158
83130 90.4073
83140 90.3938
83150 90.3805
83160 90.3694
83170 90.362
83180 90.363
83190 90.3711
83200 90.3795
83210 90.3869
83220 90.3998
83230 90.4217
83240 90.4495
83250 90.4825
83260 90.5212
83270 90.5612
83280 90.5964
83290 90.627
83300 90.6569
83310 90.6867
83320 90.717
83330 90.7506
83340 90.7875
83350 90.8219
83360 90.8472
83370 90.8648
83380 90.8784
83390 90.8894
83400 90.8995
83410 90.9082
83420 90.9148
83430 90.9224
83440 90.9339
83450 90.9451
83460 90.9487
83470 90.9439
83480 90.9335
83490 90.919
83500 90.9069
83510 90.9038
83520 90.9093
83530 90.9192
83540 90.9326
83550 90.9527
83560 90.9805
83570 91.0134
83580 91.0454
83590 91.0682
83600 91.0784
83610 91.0773
83620 91.0682
83630 91.0606
83640 91.0652
83650 91.0788
83660 91.0912
83670 91.0968
83680 91.0949
83690 91.0896
83700 91.0869
83710 91.0869
83720 91.0835
83730 91.0728
83740 91.0596
83750 91.046
83760 91.0314
83770 91.0198
83780 91.0169
83790 91.0242
83800 91.041
83810 91.068
83820 91.1015
83830 91.1359
83840 91.1684
83850 91.198
83860 91.2228
83870 91.2441
83880 91.2624
83890 91.2736
83900 91.2735
83910 91.2644
83920 91.2513
83930 91.2357
83940 91.2164
83950 91.1959
83960 91.1794
83970 91.1698
83980 91.1674
83990 91.1704
84000 91.1783
84010 91.1885
84020 91.1911
84030 91.1787
84040 91.1512
84050 91.1113
84060 91.0606
84070 91.0002
84080 90.9332
84090 90.8686
84100 90.8149
84110 90.7759
84120 90.7519
84130 90.7396
84140 90.733
84150 90.7265
84160 90.716
84170 90.7004
84180 90.6822
84190 90.6667
84200 90.6595
84210 90.6648
84220 90.6851
84230 90.7183
84240 90.7609
84250 90.8124
84260 90.8676
84270 90.9152
84280 90.9481
84290 90.9648
84300 90.9656
84310 90.9514
84320 90.9268
84330 90.8984
84340 90.8663
84350 90.825
84360 90.7722
84370 90.7115
84380 90.6475
84390 90.5824
84400 90.5218
84410 90.4762
84420 90.4497
84430 90.4327
84440 90.4168
84450 90.4041
84460 90.3962
84470 90.3889
84480 90.3798
84490 90.3698
84500 90.3582
84510 90.3432
84520 90.3259
84530 90.3113
84540 90.3027
84550 90.2954
84560 90.2846
84570 90.2747
84580 90.275
84590 90.289
84600 90.309
84610 90.3252
84620 90.3369
84630 90.3491
84640 90.3634
84650 90.3768
84660 90.3865
84670 90.395
84680 90.4081
84690 90.4287
84700 90.4568
84710 90.4889
84720 90.5193
84730 90.5463
84740 90.5706
84750 90.5905
84760 90.605
84770 90.6159
84780 90.6212
84790 90.615
84800 90.5971
84810 90.5715
84820 90.5437
84830 90.517
84840 90.492
84850 90.4715
84860 90.4626
84870 90.4685
84880 90.4841
84890 90.5024
84900 90.5234
84910 90.5545
84920 90.6008
84930 90.6605
84940 90.7317
84950 90.8155
84960 90.9103
84970 91.01
84980 91.1042
84990 91.183
85000 91.2457
85010 91.2984
85020 91.3453
85030 91.3877
85040 91.428
85050 91.4675
85060 91.5049
85070 91.5413
85080 91.5771
85090 91.6082
85100 91.6311
85110 91.6478
85120 91.6614
85130 91.6711
85140 91.6747
85150 91.6697
85160 91.6504
85170 91.6129
85180 91.5624
85190 91.504
85200 91.4384
85210 91.3677
85220 91.2979
85230 91.2336
85240 91.1786
85250 91.1359
85260 91.106
85270 91.0859
85280 91.071
85290 91.0543
85300 91.0308
85310 91
85320 90.9654
85330 90.9347
85340 90.9165
85350 90.915
85360 90.9295
85370 90.9553
85380 90.986
85390 91.0196
85400 91.0555
85410 91.0864
85420 91.1051
85430 91.1153
85440 91.1266
85450 91.1439
85460 91.1732
85470 91.2224
85480 91.2893
85490 91.3636
85500 91.4388
85510 91.5125
85520 91.5832
85530 91.6464
85540 91.6957
85550 91.7278
85560 91.7445
85570 91.7482
85580 91.7416
85590 91.7311
85600 91.727
85610 91.7324
85620 91.7383
85630 91.737
85640 91.7308
85650 91.7244
85660 91.718
85670 91.7121
85680 91.7137
85690 91.7307
85700 91.7637
85710 91.8097
85720 91.8636
85730 91.9193
85740 91.9717
85750 92.0135
85760 92.035
85770 92.0379
85780 92.0322
85790 92.0237
85800 92.0139
85810 92.0025
85820 91.9897
85830 91.979
85840 91.9748
85850 91.9803
85860 91.9956
85870 92.0176
85880 92.0449
85890 92.0796
85900 92.1252
85910 92.1786
85920 92.2281
85930 92.2626
85940 92.2776
85950 92.2727
85960 92.2526
85970 92.2273
85980 92.2061
85990 92.1931
86000 92.1897
86010 92.1953
86020 92.2077
86030 92.2218
86040 92.2356
86050 92.2521
86060 92.2736
86070 92.2987
86080 92.3239
86090 92.3465
86100 92.3666
86110 92.3872
86120 92.4075
86130 92.4211
86140 92.4253
86150 92.4231
86160 92.4157
86170 92.401
86180 92.3767
86190 92.3478
86200 92.3229
86210 92.3054
86220 92.2929
86230 92.2824
86240 92.27
86250 92.2493
86260 92.2182
86270 92.1804
86280 92.1411
86290 92.1043
86300 92.0705
86310 92.0419
86320 92.0207
86330 92.0044
86340 91.9879
86350 91.9682
86360 91.947
86370 91.9297
86380 91.9238
86390 91.9353
86400 91.9644
86410 92.007
86420 92.0558
86430 92.1016
86440 92.1418
86450 92.1836
86460 92.2308
86470 92.2802
86480 92.328
86490 92.3726
86500 92.4135
86510 92.4495
86520 92.4761
86530 92.4912
86540 92.4993
86550 92.5061
86560 92.5123
86570 92.5154
86580 92.5157
86590 92.5146
86600 92.5126
86610 92.5105
86620 92.5069
86630 92.5042
86640 92.5096
86650 92.5288
86660 92.5602
86670 92.5971
86680 92.6316
86690 92.6551
86700 92.6611
86710 92.6488
86720 92.6205
86730 92.5818
86740 92.5425
86750 92.5096
86760 92.4835
86770 92.4661
86780 92.4606
86790 92.4652
86800 92.4773
86810 92.4966
86820 92.5226
86830 92.5485
86840 92.5669
86850 92.5787
86860 92.5902
86870 92.6076
86880 92.6341
86890 92.6701
86900 92.714
86910 92.7619
86920 92.8063
86930 92.8425
86940 92.8712
86950 92.8945
86960 92.9149
86970 92.9331
86980 92.9466
86990 92.9506
87000 92.9463
87010 92.9355
87020 92.9153
87030 92.885
87040 92.8489
87050 92.8102
87060 92.7709
87070 92.7322
87080 92.6954
87090 92.662
87100 92.6342
87110 92.6156
87120 92.6071
87130 92.6058
87140 92.6074
87150 92.6089
87160 92.6116
87170 92.6176
87180 92.6238
87190 92.6286
87200 92.6381
87210 92.6607
87220 92.6991
87230 92.7489
87240 92.8056
87250 92.867
87260 92.9297
87270 92.9922
87280 93.0557
87290 93.1181
87300 93.1773
87310 93.2369
87320 93.3004
87330 93.3677
87340 93.4364
87350 93.5028
87360 93.566
87370 93.6276
87380 93.6868
87390 93.7426
87400 93.7939
87410 93.8443
87420 93.8997
87430 93.964
87440 94.0379
87450 94.1176
87460 94.1971
87470 94.2719
87480 94.3384
87490 94.3941
87500 94.4416
87510 94.487
87520 94.5376
87530 94.596
87540 94.6569
87550 94.7179
87560 94.7824
87570 94.8505
87580 94.9152
87590 94.9707
87600 95.0159
87610 95.044
87620 95.0457
87630 95.0233
87640 94.9881
87650 94.948
87660 94.9067
87670 94.8703
87680 94.8445
87690 94.8325
87700 94.8363
87710 94.8556
87720 94.885
87730 94.9223
87740 94.97
87750 95.0248
87760 95.0781
87770 95.1256
87780 95.1682
87790 95.2056
87800 95.239
87810 95.2734
87820 95.3141
87830 95.3604
87840 95.4068
87850 95.4499
87860 95.4878
87870 95.5232
87880 95.562
87890 95.6013
87900 95.6331
87910 95.6544
87920 95.6649
87930 95.6662
87940 95.6631
87950 95.6611
87960 95.6638
87970 95.6709
87980 95.6774
87990 95.6782
88000 95.678
88010 95.6877
88020 95.7124
88030 95.7448
88040 95.7725
88050 95.788
88060 95.7933
88070 95.7923
88080 95.7858
88090 95.7739
88100 95.7575
88110 95.7384
88120 95.7145
88130 95.6869
88140 95.666
88150 95.6591
88160 95.6654
88170 95.6768
88180 95.6805
88190 95.6679
88200 95.641
88210 95.6088
88220 95.5784
88230 95.5504
88240 95.5207
88250 95.4875
88260 95.454
88270 95.4242
88280 95.3999
88290 95.3827
88300 95.3747
88310 95.3738
88320 95.3801
88330 95.3962
88340 95.4228
88350 95.4573
88360 95.4973
88370 95.5417
88380 95.5935
88390 95.6542
88400 95.7154
88410 95.7679
88420 95.8133
88430 95.8597
88440 95.9112
88450 95.9694
88460 96.0403
88470 96.1282
88480 96.2268
88490 96.3268
88500 96.4225
88510 96.5117
88520 96.5913
88530 96.6569
88540 96.7079
88550 96.7464
88560 96.77
88570 96.7728
88580 96.7506
88590 96.7052
88600 96.6448
88610 96.5788
88620 96.5097
88630 96.4367
88640 96.368
88650 96.3136
88660 96.2721
88670 96.2366
88680 96.2048
88690 96.1728
88700 96.1358
88710 96.0962
88720 96.0612
88730 96.0314
88740 96.0029
88750 95.9784
88760 95.962
88770 95.9523
88780 95.9478
88790 95.9526
88800 95.9687
88810 95.9912
88820 96.0184
88830 96.053
88840 96.0957
88850 96.1435
88860 96.1944
88870 96.2468
88880 96.2988
88890 96.3464
88900 96.384
88910 96.4115
88920 96.4371
88930 96.4664
88940 96.4998
88950 96.5383
88960 96.5851
88970 96.637
88980 96.6896
88990 96.7437
89000 96.8008
89010 96.858
89020 96.9088
89030 96.9503
89040 96.9869
89050 97.0235
89060 97.0583
89070 97.0861
89080 97.1083
89090 97.1315
89100 97.156
89110 97.1759
89120 97.1891
89130 97.1937
89140 97.1879
89150 97.1773
89160 97.1722
89170 97.1763
89180 97.1903
89190 97.2165
89200 97.2563
89210 97.3064
89220 97.359
89230 97.4072
89240 97.448
89250 97.4819
89260 97.5097
89270 97.5315
89280 97.5451
89290 97.5455
89300 97.5298
89310 97.5008
89320 97.4661
89330 97.4328
89340 97.4051
89350 97.3811
89360 97.3582
89370 97.3379
89380 97.3234
89390 97.3179
89400 97.3257
89410 97.3474
89420 97.3739
89430 97.3916
89440 97.3981
89450 97.4007
89460 97.4025
89470 97.3992
89480 97.3915
89490 97.388
89500 97.3909
89510 97.3991
89520 97.4121
89530 97.4239
89540 97.427
89550 97.42
89560 97.4052
89570 97.3818
89580 97.3541
89590 97.3349
89600 97.3282
89610 97.3257
89620 97.3213
89630 97.3149
89640 97.3049
89650 97.2889
89660 97.2687
89670 97.2486
89680 97.2299
89690 97.2138
89700 97.2032
89710 97.1977
89720 97.1941
89730 97.191
89740 97.1886
89750 97.1888
89760 97.1899
89770 97.1877
89780 97.1783
89790 97.1621
89800 97.1437
89810 97.1332
89820 97.1373
89830 97.1549
89840 97.1812
89850 97.2141
89860 97.2559
89870 97.3049
89880 97.3548
89890 97.4009
89900 97.4407
89910 97.471
89920 97.4878
89930 97.4893
89940 97.4768
89950 97.4603
89960 97.4544
89970 97.4671
89980 97.4956
89990 97.5325
90000 97.5765
90010 97.6283
90020 97.6781
90030 97.7159
90040 97.7427
90050 97.7614
90060 97.7675
90070 97.7586
90080 97.742
90090 97.7282
90100 97.7223
90110 97.7226
90120 97.7271
90130 97.7386
90140 97.7625
90150 97.8052
90160 97.8694
90170 97.9475
90180 98.0267
90190 98.1003
90200 98.1682
90210 98.2314
90220 98.2923
90230 98.3497
90240 98.4015
90250 98.4484
90260 98.4924
90270 98.5335
90280 98.5708
90290 98.6046
90300 98.636
90310 98.6649
90320 98.6916
90330 98.7197
90340 98.7491
90350 98.7766
90360 98.8048
90370 98.8423
90380 98.8908
90390 98.9418
90400 98.9861
90410 99.0184
90420 99.0335
90430 99.0298
90440 99.013
90450 98.9907
90460 98.9657
90470 98.9358
90480 98.8997
90490 98.8594
90500 98.8167
90510 98.7689
90520 98.7129
90530 98.6506
90540 98.5902
90550 98.5406
90560 98.5091
90570 98.4979
90580 98.5076
90590 98.5409
90600 98.5975
90610 98.6717
90620 98.7561
90630 98.8423
90640 98.9172
90650 98.9704
90660 99.0034
90670 99.0247
90680 99.0398
90690 99.055
90700 99.0749
90710 99.0957
90720 99.1134
90730 99.1332
90740 99.1587
90750 99.1863
90760 99.2098
90770 99.2278
90780 99.2436
90790 99.2614
90800 99.2827
90810 99.3029
90820 99.3166
90830 99.3217
90840 99.3182
90850 99.3077
90860 99.2907
90870 99.2663
90880 99.2363
90890 99.2075
90900 99.1894
90910 99.1899
90920 99.2097
90930 99.2434
90940 99.2837
90950 99.3238
90960 99.3608
90970 99.3968
90980 99.4328
90990 99.4675
91000 99.501
91010 99.5362
91020 99.5726
91030 99.6073
91040 99.6402
91050 99.6748
91060 99.713
91070 99.7567
91080 99.8047
91090 99.852
91100 99.8913
91110 99.9184
91120 99.9358
91130 99.9466
91140 99.952
91150 99.9554
91160 99.9639
91170 99.9833
91180 100.011
91190 100.041
91200 100.071
91210 100.105
91220 100.141
91230 100.171
91240 100.198
91250 100.228
91260 100.26
91270 100.29
91280 100.322
91290 100.362
91300 100.406
91310 100.446
91320 100.479
91330 100.505
91340 100.523
91350 100.529
91360 100.523
91370 100.51
91380 100.498
91390 100.493
91400 100.497
91410 100.503
91420 100.51
91430 100.517
91440 100.523
91450 100.529
91460 100.536
91470 100.542
91480 100.543
91490 100.541
91500 100.535
91510 100.516
91520 100.483
91530 100.44
91540 100.394
91550 100.35
91560 100.315
91570 100.298
91580 100.3
91590 100.317
91600 100.342
91610 100.369
91620 100.391
91630 100.409
91640 100.425
91650 100.436
91660 100.435
91670 100.423
91680 100.402
91690 100.373
91700 100.343
91710 100.323
91720 100.316
91730 100.32
91740 100.329
91750 100.341
91760 100.354
91770 100.368
91780 100.385
91790 100.402
91800 100.417
91810 100.431
91820 100.442
91830 100.455
91840 100.476
91850 100.506
91860 100.536
91870 100.561
91880 100.587
91890 100.619
91900 100.657
91910 100.697
91920 100.737
91930 100.768
91940 100.781
91950 100.776
91960 100.759
91970 100.736
91980 100.711
91990 100.689
92000 100.674
92010 100.664
92020 100.658
92030 100.651
92040 100.639
92050 100.616
92060 100.583
92070 100.546
92080 100.506
92090 100.46
92100 100.412
92110 100.365
92120 100.327
92130 100.3
92140 100.282
92150 100.268
92160 100.255
92170 100.246
92180 100.24
92190 100.234
92200 100.225
92210 100.218
92220 100.213
92230 100.21
92240 100.216
92250 100.234
92260 100.262
92270 100.303
92280 100.356
92290 100.415
92300 100.471
92310 100.518
92320 100.556
92330 100.585
92340 100.607
92350 100.623
92360 100.635
92370 100.647
92380 100.663
92390 100.683
92400 100.704
92410 100.722
92420 100.737
92430 100.747
92440 100.749
92450 100.74
92460 100.72
92470 100.694
92480 100.667
92490 100.638
92500 100.607
92510 100.572
92520 100.532
92530 100.491
92540 100.452
92550 100.413
92560 100.374
92570 100.335
92580 100.299
92590 100.265
92600 100.236
92610 100.219
92620 100.22
92630 100.239
92640 100.268
92650 100.298
92660 100.325
92670 100.353
92680 100.383
92690 100.416
92700 100.453
92710 100.489
92720 100.519
92730 100.538
92740 100.543
92750 100.533
92760 100.513
92770 100.494
92780 100.483
92790 100.478
92800 100.476
92810 100.48
92820 100.491
92830 100.505
92840 100.519
92850 100.534
92860 100.551
92870 100.568
92880 100.587
92890 100.611
92900 100.643
92910 100.68
92920 100.719
92930 100.756
92940 100.793
92950 100.832
92960 100.87
92970 100.909
92980 100.951
92990 100.993
93000 101.029
93010 101.058
93020 101.089
93030 101.126
93040 101.164
93050 101.195
93060 101.214
93070 101.219
93080 101.208
93090 101.182
93100 101.149
93110 101.122
93120 101.106
93130 101.099
93140 101.098
93150 101.103
93160 101.11
93170 101.124
93180 101.148
93190 101.184
93200 101.221
93210 101.256
93220 101.291
93230 101.325
93240 101.362
93250 101.406
93260 101.453
93270 101.488
93280 101.506
93290 101.51
93300 101.508
93310 101.5
93320 101.484
93330 101.464
93340 101.438
93350 101.408
93360 101.376
93370 101.344
93380 101.309
93390 101.275
93400 101.245
93410 101.229
93420 101.23
93430 101.247
93440 101.277
93450 101.323
93460 101.377
93470 101.426
93480 101.459
93490 101.478
93500 101.489
93510 101.5
93520 101.518
93530 101.546
93540 101.586
93550 101.638
93560 101.703
93570 101.772
93580 101.839
93590 101.901
93600 101.954
93610 102.002
93620 102.055
93630 102.116
93640 102.179
93650 102.238
93660 102.294
93670 102.345
93680 102.392
93690 102.437
93700 102.482
93710 102.522
93720 102.553
93730 102.579
93740 102.603
93750 102.627
93760 102.651
93770 102.675
93780 102.705
93790 102.738
93800 102.768
93810 102.79
93820 102.803
93830 102.807
93840 102.801
93850 102.787
93860 102.768
93870 102.747
93880 102.73
93890 102.724
93900 102.725
93910 102.725
93920 102.721
93930 102.708
93940 102.676
93950 102.625
93960 102.567
93970 102.515
93980 102.478
93990 102.455
94000 102.436
94010 102.412
94020 102.378
94030 102.331
94040 102.279
94050 102.224
94060 102.171
94070 102.128
94080 102.101
94090 102.085
94100 102.073
94110 102.062
94120 102.055
94130 102.052
94140 102.054
94150 102.064
94160 102.082
94170 102.109
94180 102.148
94190 102.196
94200 102.25
94210 102.311
94220 102.383
94230 102.469
94240 102.565
94250 102.663
94260 102.755
94270 102.841
94280 102.926
94290 103.014
94300 103.102
94310 103.189
94320 103.276
94330 103.367
94340 103.46
94350 103.551
94360 103.636
94370 103.713
94380 103.778
94390 103.825
94400 103.849
94410 103.856
94420 103.858
94430 103.867
94440 103.888
94450 103.922
94460 103.964
94470 104.01
94480 104.054
94490 104.101
94500 104.151
94510 104.199
94520 104.241
94530 104.278
94540 104.316
94550 104.354
94560 104.382
94570 104.394
94580 104.388
94590 104.369
94600 104.344
94610 104.315
94620 104.283
94630 104.257
94640 104.242
94650 104.235
94660 104.233
94670 104.235
94680 104.237
94690 104.235
94700 104.223
94710 104.199
94720 104.162
94730 104.118
94740 104.075
94750 104.03
94760 103.98
94770 103.926
94780 103.878
94790 103.839
94800 103.8
94810 103.752
94820 103.701
94830 103.659
94840 103.629
94850 103.604
94860 103.579
94870 103.549
94880 103.505
94890 103.443
94900 103.375
94910 103.311
94920 103.257
94930 103.213
94940 103.179
94950 103.159
94960 103.152
94970 103.158
94980 103.177
94990 103.205
95000 103.237
95010 103.265
95020 103.281
95030 103.282
95040 103.269
95050 103.25
95060 103.228
95070 103.202
95080 103.176
95090 103.161
95100 103.165
95110 103.187
95120 103.219
95130 103.255
95140 103.285
95150 103.302
95160 103.308
95170 103.312
95180 103.317
95190 103.319
95200 103.312
95210 103.299
95220 103.277
95230 103.243
95240 103.194
95250 103.136
95260 103.081
95270 103.036
95280 103
95290 102.966
95300 102.933
95310 102.905
95320 102.883
95330 102.862
95340 102.841
95350 102.826
95360 102.83
95370 102.861
95380 102.915
95390 102.983
95400 103.059
95410 103.133
95420 103.198
95430 103.25
95440 103.294
95450 103.335
95460 103.377
95470 103.426
95480 103.485
95490 103.553
95500 103.628
95510 103.705
95520 103.784
95530 103.863
95540 103.94
95550 104.011
95560 104.074
95570 104.124
95580 104.162
95590 104.187
95600 104.2
95610 104.201
95620 104.194
95630 104.185
95640 104.179
95650 104.176
95660 104.178
95670 104.19
95680 104.211
95690 104.235
95700 104.258
95710 104.288
95720 104.33
95730 104.387
95740 104.454
95750 104.522
95760 104.588
95770 104.648
95780 104.7
95790 104.741
95800 104.773
95810 104.798
95820 104.818
95830 104.837
95840 104.86
95850 104.89
95860 104.928
95870 104.973
95880 105.019
95890 105.068
95900 105.116
95910 105.153
95920 105.169
95930 105.168
95940 105.152
95950 105.124
95960 105.087
95970 105.057
95980 105.044
95990 105.05
96000 105.067
96010 105.093
96020 105.129
96030 105.175
96040 105.228
96050 105.283
96060 105.334
96070 105.383
96080 105.429
96090 105.481
96100 105.541
96110 105.612
96120 105.693
96130 105.784
96140 105.885
96150 105.988
96160 106.086
96170 106.174
96180 106.249
96190 106.31
96200 106.36
96210 106.406
96220 106.453
96230 106.5
96240 106.546
96250 106.594
96260 106.646
96270 106.703
96280 106.76
96290 106.81
96300 106.845
96310 106.862
96320 106.866
96330 106.863
96340 106.851
96350 106.837
96360 106.832
96370 106.842
96380 106.86
96390 106.883
96400 106.911
96410 106.941
96420 106.969
96430 106.993
96440 107.016
96450 107.041
96460 107.065
96470 107.078
96480 107.076
96490 107.064
96500 107.048
96510 107.034
96520 107.03
96530 107.038
96540 107.06
96550 107.091
96560 107.134
96570 107.191
96580 107.262
96590 107.34
96600 107.416
96610 107.488
96620 107.555
96630 107.615
96640 107.665
96650 107.7
96660 107.716
96670 107.719
96680 107.715
96690 107.708
96700 107.691
96710 107.665
96720 107.633
96730 107.599
96740 107.563
96750 107.523
96760 107.479
96770 107.437
96780 107.399
96790 107.371
96800 107.356
96810 107.351
96820 107.352
96830 107.36
96840 107.375
96850 107.388
96860 107.396
96870 107.403
96880 107.416
96890 107.441
96900 107.472
96910 107.498
96920 107.519
96930 107.543
96940 107.564
96950 107.576
96960 107.582
96970 107.587
96980 107.587
96990 107.575
97000 107.553
97010 107.523
97020 107.492
97030 107.464
97040 107.44
97050 107.417
97060 107.394
97070 107.368
97080 107.341
97090 107.318
97100 107.308
97110 107.312
97120 107.324
97130 107.343
97140 107.367
97150 107.395
97160 107.425
97170 107.458
97180 107.491
97190 107.524
97200 107.557
97210 107.587
97220 107.609
97230 107.622
97240 107.625
97250 107.614
97260 107.586
97270 107.544
97280 107.49
97290 107.425
97300 107.348
97310 107.269
97320 107.199
97330 107.135
97340 107.075
97350 107.023
97360 106.984
97370 106.958
97380 106.941
97390 106.935
97400 106.936
97410 106.942
97420 106.951
97430 106.961
97440 106.961
97450 106.942
97460 106.908
97470 106.859
97480 106.795
97490 106.721
97500 106.643
97510 106.567
97520 106.496
97530 106.437
97540 106.396
97550 106.372
97560 106.361
97570 106.361
97580 106.375
97590 106.398
97600 106.414
97610 106.414
97620 106.399
97630 106.379
97640 106.366
97650 106.366
97660 106.381
97670 106.41
97680 106.451
97690 106.501
97700 106.555
97710 106.616
97720 106.686
97730 106.761
97740 106.835
97750 106.905
97760 106.979
97770 107.056
97780 107.132
97790 107.204
97800 107.281
97810 107.369
97820 107.463
97830 107.559
97840 107.653
97850 107.736
97860 107.804
97870 107.857
97880 107.907
97890 107.956
97900 107.998
97910 108.03
97920 108.053
97930 108.063
97940 108.061
97950 108.05
97960 108.035
97970 108.017
97980 108.002
97990 107.988
98000 107.971
98010 107.948
98020 107.921
98030 107.89
98040 107.855
98050 107.823
98060 107.808
98070 107.817
98080 107.837
98090 107.85
98100 107.854
98110 107.854
98120 107.857
98130 107.866
98140 107.883
98150 107.908
98160 107.942
98170 107.98
98180 108.018
98190 108.047
98200 108.064
98210 108.076
98220 108.097
98230 108.131
98240 108.173
98250 108.223
98260 108.284
98270 108.355
98280 108.428
98290 108.501
98300 108.574
98310 108.652
98320 108.737
98330 108.827
98340 108.909
98350 108.976
98360 109.031
98370 109.08
98380 109.122
98390 109.147
98400 109.157
98410 109.163
98420 109.174
98430 109.189
98440 109.206
98450 109.228
98460 109.255
98470 109.282
98480 109.302
98490 109.309
98500 109.301
98510 109.283
98520 109.26
98530 109.234
98540 109.207
98550 109.184
98560 109.168
98570 109.154
98580 109.137
98590 109.114
98600 109.089
98610 109.065
98620 109.051
98630 109.059
98640 109.088
98650 109.13
98660 109.178
98670 109.23
98680 109.284
98690 109.339
98700 109.391
98710 109.439
98720 109.48
98730 109.51
98740 109.535
98750 109.56
98760 109.584
98770 109.601
98780 109.609
98790 109.612
98800 109.615
98810 109.619
98820 109.625
98830 109.642
98840 109.675
98850 109.724
98860 109.782
98870 109.843
98880 109.908
98890 109.973
98900 110.031
98910 110.081
98920 110.135
98930 110.201
98940 110.274
98950 110.351
98960 110.436
98970 110.527
98980 110.617
98990 110.696
99000 110.755
99010 110.794
99020 110.823
99030 110.851
99040 110.88
99050 110.907
99060 110.935
99070 110.969
99080 111.007
99090 111.04
99100 111.064
99110 111.079
99120 111.083
99130 111.079
99140 111.07
99150 111.055
99160 111.038
99170 111.021
99180 111.006
99190 110.991
99200 110.978
99210 110.968
99220 110.96
99230 110.954
99240 110.958
99250 110.978
99260 111.014
99270 111.065
99280 111.125
99290 111.189
99300 111.253
99310 111.315
99320 111.377
99330 111.442
99340 111.504
99350 111.561
99360 111.617
99370 111.679
99380 111.741
99390 111.796
99400 111.845
99410 111.889
99420 111.927
99430 111.96
99440 111.994
99450 112.033
99460 112.074
99470 112.115
99480 112.147
99490 112.161
99500 112.151
99510 112.12
99520 112.07
99530 112.007
99540 111.94
99550 111.873
99560 111.804
99570 111.734
99580 111.667
99590 111.603
99600 111.539
99610 111.476
99620 111.418
99630 111.367
99640 111.331
99650 111.312
99660 111.305
99670 111.303
99680 111.297
99690 111.284
99700 111.261
99710 111.227
99720 111.188
99730 111.155
99740 111.132
99750 111.12
99760 111.12
99770 111.137
99780 111.171
99790 111.208
99800 111.238
99810 111.267
99820 111.306
99830 111.358
99840 111.416
99850 111.47
99860 111.513
99870 111.547
99880 111.569
99890 111.577
99900 111.568
99910 111.547
99920 111.523
99930 111.506
99940 111.492
99950 111.475
99960 111.457
99970 111.443
99980 111.436
99990 111.44
100000 111.453
100010 111.467
100020 111.474
100030 111.474
100040 111.47
100050 111.462
100060 111.452
100070 111.444
100080 111.443
100090 111.453
100100 111.475
100110 111.503
100120 111.524
100130 111.534
100140 111.534
100150 111.526
100160 111.508
100170 111.48
100180 111.447
100190 111.411
100200 111.373
100210 111.336
100220 111.304
100230 111.284
100240 111.286
100250 111.313
100260 111.366
100270 111.437
100280 111.516
100290 111.593
100300 111.663
100310 111.724
100320 111.774
100330 111.816
100340 111.85
100350 111.873
100360 111.885
100370 111.89
100380 111.885
100390 111.867
100400 111.84
100410 111.816
100420 111.807
100430 111.815
100440 111.832
100450 111.854
100460 111.881
100470 111.914
100480 111.953
100490 111.998
100500 112.047
100510 112.099
100520 112.148
100530 112.193
100540 112.238
100550 112.279
100560 112.311
100570 112.333
100580 112.344
100590 112.341
100600 112.333
100610 112.326
100620 112.324
100630 112.325
100640 112.33
100650 112.336
100660 112.341
100670 112.345
100680 112.347
100690 112.346
100700 112.343
100710 112.347
100720 112.361
100730 112.379
100740 112.397
100750 112.413
100760 112.429
100770 112.453
100780 112.489
100790 112.541
100800 112.604
100810 112.667
100820 112.717
100830 112.75
100840 112.772
100850 112.787
100860 112.798
100870 112.806
100880 112.809
100890 112.805
100900 112.796
100910 112.775
100920 112.734
100930 112.67
100940 112.592
100950 112.506
100960 112.413
100970 112.312
100980 112.209
100990 112.114
101000 112.035
101010 111.976
101020 111.937
101030 111.915
101040 111.903
101050 111.895
101060 111.886
101070 111.874
101080 111.859
101090 111.838
101100 111.805
101110 111.759
101120 111.701
101130 111.644
101140 111.6
101150 111.58
101160 111.582
101170 111.599
101180 111.63
101190 111.673
101200 111.724
101210 111.775
101220 111.825
101230 111.878
101240 111.937
101250 111.995
101260 112.052
101270 112.106
101280 112.151
101290 112.182
101300 112.199
101310 112.204
101320 112.199
101330 112.184
101340 112.161
101350 112.13
101360 112.097
101370 112.066
101380 112.034
101390 111.997
101400 111.953
101410 111.901
101420 111.837
101430 111.76
101440 111.675
101450 111.586
101460 111.494
101470 111.394
101480 111.293
101490 111.203
101500 111.13
101510 111.08
101520 111.056
101530 111.056
101540 111.073
101550 111.097
101560 111.121
101570 111.135
101580 111.14
101590 111.144
101600 111.156
101610 111.183
101620 111.228
101630 111.288
101640 111.363
101650 111.447
101660 111.526
101670 111.59
101680 111.634
101690 111.66
101700 111.666
101710 111.659
101720 111.645
101730 111.624
101740 111.599
101750 111.577
101760 111.561
101770 111.555
101780 111.562
101790 111.583
101800 111.614
101810 111.647
101820 111.677
101830 111.701
101840 111.725
101850 111.755
101860 111.787
101870 111.807
101880 111.809
101890 111.804
101900 111.806
101910 111.813
101920 111.819
101930 111.821
101940 111.819
101950 111.815
101960 111.802
101970 111.787
101980 111.775
101990 111.767
102000 111.763
102010 111.768
102020 111.781
102030 111.804
102040 111.837
102050 111.875
102060 111.91
102070 111.938
102080 111.959
102090 111.972
102100 111.976
102110 111.973
102120 111.973
102130 111.982
102140 112.006
102150 112.043
102160 112.095
102170 112.159
102180 112.228
102190 112.295
102200 112.354
102210 112.406
102220 112.453
102230 112.504
102240 112.565
102250 112.639
102260 112.727
102270 112.822
102280 112.918
102290 113.011
102300 113.098
102310 113.183
102320 113.268
102330 113.353
102340 113.436
102350 113.513
102360 113.58
102370 113.635
102380 113.683
102390 113.729
102400 113.776
102410 113.828
102420 113.885
102430 113.952
102440 114.03
102450 114.116
102460 114.202
102470 114.276
102480 114.337
102490 114.379
102500 114.4
102510 114.404
102520 114.403
102530 114.401
102540 114.399
102550 114.401
102560 114.415
102570 114.441
102580 114.469
102590 114.492
102600 114.51
102610 114.531
102620 114.551
102630 114.569
102640 114.588
102650 114.608
102660 114.622
102670 114.619
102680 114.599
102690 114.571
102700 114.544
102710 114.519
102720 114.49
102730 114.448
102740 114.394
102750 114.337
102760 114.284
102770 114.238
102780 114.2
102790 114.172
102800 114.155
102810 114.148
102820 114.153
102830 114.175
102840 114.21
102850 114.247
102860 114.271
102870 114.285
102880 114.298
102890 114.312
102900 114.324
102910 114.331
102920 114.332
102930 114.332
102940 114.331
102950 114.329
102960 114.325
102970 114.318
102980 114.312
102990 114.311
103000 114.314
103010 114.321
103020 114.331
103030 114.344
103040 114.364
103050 114.394
103060 114.433
103070 114.479
103080 114.527
103090 114.574
103100 114.623
103110 114.675
103120 114.728
103130 114.774
103140 114.805
103150 114.825
103160 114.852
103170 114.898
103180 114.964
103190 115.041
103200 115.125
103210 115.216
103220 115.313
103230 115.409
103240 115.495
103250 115.567
103260 115.626
103270 115.672
103280 115.707
103290 115.735
103300 115.765
103310 115.799
103320 115.836
103330 115.876
103340 115.919
103350 115.967
103360 116.018
103370 116.069
103380 116.121
103390 116.174
103400 116.226
103410 116.28
103420 116.343
103430 116.411
103440 116.475
103450 116.527
103460 116.574
103470 116.621
103480 116.664
103490 116.7
103500 116.735
103510 116.767
103520 116.787
103530 116.792
103540 116.781
103550 116.754
103560 116.724
103570 116.71
103580 116.713
103590 116.726
103600 116.743
103610 116.766
103620 116.796
103630 116.831
103640 116.866
103650 116.894
103660 116.913
103670 116.922
103680 116.921
103690 116.908
103700 116.881
103710 116.847
103720 116.812
103730 116.777
103740 116.741
103750 116.7
103760 116.66
103770 116.628
103780 116.61
103790 116.611
103800 116.632
103810 116.667
103820 116.708
103830 116.752
103840 116.796
103850 116.837
103860 116.871
103870 116.901
103880 116.924
103890 116.934
103900 116.928
103910 116.911
103920 116.885
103930 116.852
103940 116.816
103950 116.783
103960 116.755
103970 116.736
103980 116.73
103990 116.743
104000 116.774
104010 116.825
104020 116.889
104030 116.955
104040 117.015
104050 117.069
104060 117.119
104070 117.162
104080 117.189
104090 117.192
104100 117.171
104110 117.132
104120 117.083
104130 117.03
104140 116.982
104150 116.941
104160 116.903
104170 116.872
104180 116.851
104190 116.842
104200 116.851
104210 116.884
104220 116.94
104230 117.007
104240 117.076
104250 117.139
104260 117.19
104270 117.225
104280 117.249
104290 117.274
104300 117.306
104310 117.342
104320 117.379
104330 117.414
104340 117.451
104350 117.488
104360 117.519
104370 117.539
104380 117.553
104390 117.565
104400 117.58
104410 117.609
104420 117.652
104430 117.699
104440 117.741
104450 117.777
104460 117.813
104470 117.851
104480 117.894
104490 117.944
104500 117.999
104510 118.055
104520 118.101
104530 118.128
104540 118.135
104550 118.121
104560 118.088
104570 118.038
104580 117.976
104590 117.912
104600 117.85
104610 117.792
104620 117.733
104630 117.668
104640 117.597
104650 117.526
104660 117.462
104670 117.406
104680 117.356
104690 117.314
104700 117.281
104710 117.256
104720 117.244
104730 117.243
104740 117.243
104750 117.238
104760 117.23
104770 117.222
104780 117.214
104790 117.205
104800 117.191
104810 117.174
104820 117.155
104830 117.135
104840 117.107
104850 117.067
104860 117.013
104870 116.949
104880 116.878
104890 116.805
104900 116.74
104910 116.68
104920 116.616
104930 116.543
104940 116.458
104950 116.364
104960 116.267
104970 116.18
104980 116.116
104990 116.075
105000 116.046
105010 116.026
105020 116.012
105030 115.998
105040 115.981
105050 115.96
105060 115.938
105070 115.913
105080 115.887
105090 115.859
105100 115.828
105110 115.796
105120 115.762
105130 115.728
105140 115.694
105150 115.66
105160 115.626
105170 115.592
105180 115.563
105190 115.542
105200 115.529
105210 115.528
105220 115.541
105230 115.56
105240 115.584
105250 115.616
105260 115.654
105270 115.696
105280 115.743
105290 115.799
105300 115.867
105310 115.942
105320 116.016
105330 116.09
105340 116.16
105350 116.224
105360 116.28
105370 116.332
105380 116.384
105390 116.438
105400 116.5
105410 116.573
105420 116.657
105430 116.749
105440 116.841
105450 116.927
105460 117.003
105470 117.07
105480 117.132
105490 117.188
105500 117.236
105510 117.278
105520 117.315
105530 117.34
105540 117.348
105550 117.348
105560 117.35
105570 117.349
105580 117.339
105590 117.326
105600 117.319
105610 117.323
105620 117.338
105630 117.364
105640 117.398
105650 117.432
105660 117.457
105670 117.469
105680 117.465
105690 117.449
105700 117.421
105710 117.381
105720 117.331
105730 117.276
105740 117.221
105750 117.17
105760 117.125
105770 117.083
105780 117.04
105790 117.001
105800 116.966
105810 116.934
105820 116.908
105830 116.898
105840 116.913
105850 116.951
105860 117.004
105870 117.063
105880 117.119
105890 117.17
105900 117.222
105910 117.279
105920 117.345
105930 117.419
105940 117.496
105950 117.568
105960 117.623
105970 117.659
105980 117.682
105990 117.699
106000 117.708
106010 117.704
106020 117.68
106030 117.644
106040 117.612
106050 117.592
106060 117.589
106070 117.606
106080 117.645
106090 117.697
106100 117.745
106110 117.781
106120 117.809
106130 117.83
106140 117.845
106150 117.856
106160 117.863
106170 117.872
106180 117.89
106190 117.915
106200 117.939
106210 117.962
106220 117.987
106230 118.013
106240 118.039
106250 118.058
106260 118.066
106270 118.06
106280 118.04
106290 118.012
106300 117.983
106310 117.958
106320 117.935
106330 117.913
106340 117.892
106350 117.874
106360 117.856
106370 117.832
106380 117.805
106390 117.777
106400 117.754
106410 117.738
106420 117.732
106430 117.736
106440 117.745
106450 117.76
106460 117.779
106470 117.797
106480 117.808
106490 117.816
106500 117.833
106510 117.859
106520 117.89
106530 117.931
106540 117.984
106550 118.044
106560 118.105
106570 118.166
106580 118.226
106590 118.28
106600 118.332
106610 118.386
106620 118.44
106630 118.497
106640 118.558
106650 118.625
106660 118.699
106670 118.78
106680 118.867
106690 118.957
106700 119.048
106710 119.136
106720 119.22
106730 119.296
106740 119.36
106750 119.417
106760 119.475
106770 119.534
106780 119.584
106790 119.619
106800 119.643
106810 119.66
106820 119.67
106830 119.671
106840 119.665
106850 119.653
106860 119.633
106870 119.606
106880 119.574
106890 119.537
106900 119.5
106910 119.464
106920 119.429
106930 119.396
106940 119.367
106950 119.339
106960 119.311
106970 119.282
106980 119.244
106990 119.195
107000 119.139
107010 119.086
107020 119.037
107030 118.992
107040 118.954
107050 118.929
107060 118.922
107070 118.927
107080 118.94
107090 118.957
107100 118.978
107110 118.997
107120 119.01
107130 119.021
107140 119.035
107150 119.052
107160 119.077
107170 119.119
107180 119.181
107190 119.254
107200 119.327
107210 119.4
107220 119.473
107230 119.544
107240 119.608
107250 119.668
107260 119.726
107270 119.782
107280 119.833
107290 119.877
107300 119.915
107310 119.945
107320 119.956
107330 119.943
107340 119.909
107350 119.867
107360 119.824
107370 119.78
107380 119.744
107390 119.726
107400 119.727
107410 119.743
107420 119.769
107430 119.806
107440 119.855
107450 119.915
107460 119.985
107470 120.056
107480 120.125
107490 120.189
107500 120.249
107510 120.308
107520 120.368
107530 120.423
107540 120.465
107550 120.495
107560 120.518
107570 120.539
107580 120.557
107590 120.574
107600 120.595
107610 120.624
107620 120.669
107630 120.735
107640 120.815
107650 120.892
107660 120.957
107670 121.014
107680 121.064
107690 121.102
107700 121.127
107710 121.147
107720 121.168
107730 121.193
107740 121.218
107750 121.24
107760 121.258
107770 121.275
107780 121.288
107790 121.293
107800 121.289
107810 121.275
107820 121.257
107830 121.235
107840 121.212
107850 121.188
107860 121.169
107870 121.162
107880 121.168
107890 121.183
107900 121.198
107910 121.207
107920 121.206
107930 121.198
107940 121.185
107950 121.165
107960 121.141
107970 121.122
107980 121.115
107990 121.128
108000 121.162
108010 121.208
108020 121.252
108030 121.286
108040 121.311
108050 121.333
108060 121.358
108070 121.386
108080 121.411
108090 121.43
108100 121.454
108110 121.496
108120 121.558
108130 121.63
108140 121.707
108150 121.788
108160 121.871
108170 121.955
108180 122.029
108190 122.081
108200 122.108
108210 122.116
108220 122.105
108230 122.075
108240 122.025
108250 121.96
108260 121.885
108270 121.804
108280 121.72
108290 121.648
108300 121.591
108310 121.546
108320 121.505
108330 121.465
108340 121.437
108350 121.427
108360 121.435
108370 121.458
108380 121.499
108390 121.556
108400 121.621
108410 121.688
108420 121.756
108430 121.823
108440 121.888
108450 121.952
108460 122.011
108470 122.058
108480 122.09
108490 122.113
108500 122.134
108510 122.152
108520 122.163
108530 122.17
108540 122.184
108550 122.208
108560 122.238
108570 122.266
108580 122.29
108590 122.315
108600 122.343
108610 122.372
108620 122.399
108630 122.426
108640 122.447
108650 122.456
108660 122.45
108670 122.428
108680 122.396
108690 122.358
108700 122.321
108710 122.287
108720 122.263
108730 122.25
108740 122.252
108750 122.263
108760 122.279
108770 122.297
108780 122.321
108790 122.352
108800 122.39
108810 122.434
108820 122.484
108830 122.531
108840 122.573
108850 122.608
108860 122.631
108870 122.635
108880 122.615
108890 122.574
108900 122.517
108910 122.453
108920 122.386
108930 122.32
108940 122.26
108950 122.215
108960 122.184
108970 122.161
108980 122.141
108990 122.127
109000 122.124
109010 122.131
109020 122.144
109030 122.16
109040 122.176
109050 122.185
109060 122.187
109070 122.187
109080 122.191
109090 122.199
109100 122.21
109110 122.222
109120 122.239
109130 122.262
109140 122.289
109150 122.316
109160 122.342
109170 122.361
109180 122.375
109190 122.39
109200 122.411
109210 122.435
109220 122.46
109230 122.484
109240 122.508
109250 122.53
109260 122.548
109270 122.558
109280 122.556
109290 122.544
109300 122.525
109310 122.503
109320 122.475
109330 122.441
109340 122.41
109350 122.386
109360 122.369
109370 122.357
109380 122.356
109390 122.369
109400 122.391
109410 122.415
109420 122.439
109430 122.462
109440 122.482
109450 122.494
109460 122.504
109470 122.515
109480 122.523
109490 122.524
109500 122.525
109510 122.528
109520 122.534
109530 122.544
109540 122.556
109550 122.568
109560 122.579
109570 122.594
109580 122.619
109590 122.655
109600 122.7
109610 122.748
109620 122.793
109630 122.827
109640 122.854
109650 122.875
109660 122.894
109670 122.911
109680 122.928
109690 122.947
109700 122.971
109710 123.004
109720 123.048
109730 123.096
109740 123.138
109750 123.173
109760 123.206
109770 123.24
109780 123.267
109790 123.285
109800 123.294
109810 123.292
109820 123.274
109830 123.237
109840 123.185
109850 123.128
109860 123.068
109870 123.003
109880 122.944
109890 122.901
109900 122.87
109910 122.839
109920 122.809
109930 122.786
109940 122.773
109950 122.767
109960 122.764
109970 122.761
109980 122.753
109990 122.746
110000 122.748
110010 122.76
110020 122.77
110030 122.769
110040 122.757
110050 122.739
110060 122.716
110070 122.695
110080 122.673
110090 122.647
110100 122.618
110110 122.593
110120 122.579
110130 122.573
110140 122.576
110150 122.587
110160 122.602
110170 122.614
110180 122.618
110190 122.607
110200 122.576
110210 122.528
110220 122.471
110230 122.415
110240 122.369
110250 122.336
110260 122.309
110270 122.282
110280 122.255
110290 122.233
110300 122.216
110310 122.197
110320 122.172
110330 122.141
110340 122.114
110350 122.098
110360 122.089
110370 122.087
110380 122.098
110390 122.126
110400 122.166
110410 122.21
110420 122.258
110430 122.304
110440 122.34
110450 122.367
110460 122.39
110470 122.414
110480 122.441
110490 122.471
110500 122.503
110510 122.534
110520 122.565
110530 122.593
110540 122.614
110550 122.63
110560 122.65
110570 122.682
110580 122.723
110590 122.768
110600 122.816
110610 122.867
110620 122.914
110630 122.957
110640 123.005
110650 123.054
110660 123.094
110670 123.122
110680 123.147
110690 123.177
110700 123.214
110710 123.263
110720 123.326
110730 123.401
110740 123.487
110750 123.585
110760 123.689
110770 123.78
110780 123.853
110790 123.918
110800 123.986
110810 124.057
110820 124.128
110830 124.198
110840 124.266
110850 124.325
110860 124.371
110870 124.406
110880 124.434
110890 124.449
110900 124.451
110910 124.443
110920 124.425
110930 124.398
110940 124.366
110950 124.332
110960 124.295
110970 124.264
110980 124.246
110990 124.239
111000 124.232
111010 124.223
111020 124.216
111030 124.211
111040 124.205
111050 124.192
111060 124.177
111070 124.173
111080 124.188
111090 124.22
111100 124.264
111110 124.315
111120 124.37
111130 124.424
111140 124.475
111150 124.524
111160 124.57
111170 124.621
111180 124.677
111190 124.731
111200 124.773
111210 124.8
111220 124.81
111230 124.805
111240 124.786
111250 124.754
111260 124.706
111270 124.641
111280 124.565
111290 124.489
111300 124.423
111310 124.373
111320 124.342
111330 124.329
111340 124.323
111350 124.316
111360 124.312
111370 124.322
111380 124.341
111390 124.36
111400 124.375
111410 124.39
111420 124.404
111430 124.409
111440 124.393
111450 124.355
111460 124.298
111470 124.231
111480 124.16
111490 124.088
111500 124.02
111510 123.957
111520 123.902
111530 123.856
111540 123.824
111550 123.804
111560 123.787
111570 123.771
111580 123.763
111590 123.767
111600 123.782
111610 123.799
111620 123.811
111630 123.815
111640 123.811
111650 123.799
111660 123.779
111670 123.756
111680 123.733
111690 123.715
111700 123.703
111710 123.701
111720 123.714
111730 123.74
111740 123.778
111750 123.827
111760 123.883
111770 123.944
111780 124.005
111790 124.059
111800 124.105
111810 124.148
111820 124.198
111830 124.257
111840 124.313
111850 124.362
111860 124.41
111870 124.458
111880 124.507
111890 124.556
111900 124.605
111910 124.651
111920 124.694
111930 124.736
111940 124.775
111950 124.81
111960 124.84
111970 124.864
111980 124.886
111990 124.908
112000 124.936
112010 124.967
112020 124.991
112030 125.003
112040 124.996
112050 124.969
112060 124.923
112070 124.867
112080 124.812
112090 124.765
112100 124.727
112110 124.701
112120 124.687
112130 124.688
112140 124.7
112150 124.717
112160 124.728
112170 124.728
112180 124.721
112190 124.709
112200 124.685
112210 124.65
112220 124.617
112230 124.595
112240 124.584
112250 124.579
112260 124.58
112270 124.582
112280 124.575
112290 124.558
112300 124.538
112310 124.523
112320 124.513
112330 124.507
112340 124.51
112350 124.527
112360 124.554
112370 124.59
112380 124.636
112390 124.692
112400 124.751
112410 124.804
112420 124.846
112430 124.876
112440 124.897
112450 124.916
112460 124.934
112470 124.956
112480 124.982
112490 125.005
112500 125.017
112510 125.017
112520 125.006
112530 124.995
112540 124.997
112550 125.019
112560 125.061
112570 125.117
112580 125.181
112590 125.246
112600 125.303
112610 125.343
112620 125.369
112630 125.381
112640 125.375
112650 125.353
112660 125.325
112670 125.295
112680 125.268
112690 125.249
112700 125.234
112710 125.217
112720 125.198
112730 125.182
112740 125.174
112750 125.175
112760 125.181
112770 125.193
112780 125.212
112790 125.235
112800 125.258
112810 125.283
112820 125.303
112830 125.313
112840 125.312
112850 125.305
112860 125.296
112870 125.287
112880 125.281
112890 125.281
112900 125.29
112910 125.306
112920 125.335
112930 125.375
112940 125.418
112950 125.466
112960 125.525
112970 125.592
112980 125.65
112990 125.69
113000 125.71
113010 125.707
113020 125.677
113030 125.626
113040 125.56
113050 125.492
113060 125.432
113070 125.382
113080 125.343
113090 125.314
113100 125.295
113110 125.284
113120 125.282
113130 125.291
113140 125.303
113150 125.304
113160 125.292
113170 125.27
113180 125.239
113190 125.201
113200 125.163
113210 125.129
113220 125.101
113230 125.08
113240 125.062
113250 125.04
113260 125.012
113270 124.98
113280 124.949
113290 124.925
113300 124.907
113310 124.895
113320 124.89
113330 124.891
113340 124.893
113350 124.895
113360 124.895
113370 124.893
113380 124.888
113390 124.884
113400 124.884
113410 124.888
113420 124.9
113430 124.922
113440 124.956
113450 125.003
113460 125.061
113470 125.125
113480 125.182
113490 125.222
113500 125.233
113510 125.217
113520 125.182
113530 125.137
113540 125.093
113550 125.064
113560 125.055
113570 125.063
113580 125.084
113590 125.115
113600 125.152
113610 125.197
113620 125.249
113630 125.304
113640 125.36
113650 125.415
113660 125.467
113670 125.511
113680 125.55
113690 125.587
113700 125.622
113710 125.653
113720 125.683
113730 125.717
113740 125.753
113750 125.789
113760 125.822
113770 125.85
113780 125.877
113790 125.905
113800 125.926
113810 125.935
113820 125.93
113830 125.914
113840 125.892
113850 125.875
113860 125.865
113870 125.861
113880 125.86
113890 125.863
113900 125.874
113910 125.891
113920 125.914
113930 125.943
113940 125.968
113950 125.98
113960 125.98
113970 125.976
113980 125.975
113990 125.985
114000 126.017
114010 126.07
114020 126.131
114030 126.188
114040 126.234
114050 126.268
114060 126.284
114070 126.275
114080 126.245
114090 126.206
114100 126.162
114110 126.109
114120 126.053
114130 126.004
114140 125.968
114150 125.944
114160 125.929
114170 125.925
114180 125.926
114190 125.922
114200 125.911
114210 125.899
114220 125.887
114230 125.872
114240 125.853
114250 125.827
114260 125.796
114270 125.768
114280 125.747
114290 125.727
114300 125.703
114310 125.676
114320 125.65
114330 125.626
114340 125.602
114350 125.586
114360 125.587
114370 125.608
114380 125.638
114390 125.664
114400 125.684
114410 125.699
114420 125.706
114430 125.703
114440 125.693
114450 125.685
114460 125.682
114470 125.678
114480 125.671
114490 125.664
114500 125.655
114510 125.635
114520 125.605
114530 125.573
114540 125.543
114550 125.519
114560 125.499
114570 125.477
114580 125.45
114590 125.421
114600 125.391
114610 125.357
114620 125.322
114630 125.3
114640 125.295
114650 125.306
114660 125.327
114670 125.352
114680 125.373
114690 125.388
114700 125.397
114710 125.411
114720 125.435
114730 125.467
114740 125.511
114750 125.572
114760 125.652
114770 125.741
114780 125.828
114790 125.909
114800 125.98
114810 126.039
114820 126.085
114830 126.119
114840 126.144
114850 126.163
114860 126.177
114870 126.19
114880 126.205
114890 126.228
114900 126.259
114910 126.294
114920 126.328
114930 126.364
114940 126.412
114950 126.474
114960 126.548
114970 126.628
114980 126.708
114990 126.776
115000 126.818
115010 126.828
115020 126.808
115030 126.764
115040 126.706
115050 126.643
115060 126.58
115070 126.518
115080 126.469
115090 126.444
115100 126.439
115110 126.441
115120 126.435
115130 126.409
115140 126.362
115150 126.294
115160 126.21
115170 126.113
115180 126.007
115190 125.906
115200 125.822
115210 125.757
115220 125.709
115230 125.675
115240 125.661
115250 125.661
115260 125.671
115270 125.683
115280 125.695
115290 125.707
115300 125.717
115310 125.723
115320 125.726
115330 125.728
115340 125.724
115350 125.707
115360 125.678
115370 125.645
115380 125.616
115390 125.597
115400 125.592
115410 125.595
115420 125.594
115430 125.591
115440 125.593
115450 125.608
115460 125.637
115470 125.677
115480 125.722
115490 125.763
115500 125.797
115510 125.833
115520 125.878
115530 125.922
115540 125.962
115550 126.004
115560 126.046
115570 126.082
115580 126.111
115590 126.139
115600 126.165
115610 126.183
115620 126.186
115630 126.171
115640 126.142
115650 126.116
115660 126.109
115670 126.123
115680 126.146
115690 126.175
115700 126.211
115710 126.255
115720 126.302
115730 126.345
115740 126.377
115750 126.399
115760 126.41
115770 126.412
115780 126.413
115790 126.414
115800 126.41
115810 126.397
115820 126.378
115830 126.36
115840 126.349
115850 126.345
115860 126.349
115870 126.364
115880 126.391
115890 126.423
115900 126.447
115910 126.449
115920 126.425
115930 126.385
115940 126.34
115950 126.295
115960 126.248
115970 126.205
115980 126.171
115990 126.155
116000 126.157
116010 126.175
116020 126.203
116030 126.235
116040 126.268
116050 126.299
116060 126.319
116070 126.325
116080 126.318
116090 126.297
116100 126.261
116110 126.215
116120 126.169
116130 126.132
116140 126.111
116150 126.106
116160 126.12
116170 126.155
116180 126.208
116190 126.268
116200 126.332
116210 126.396
116220 126.454
116230 126.498
116240 126.529
116250 126.552
116260 126.568
116270 126.571
116280 126.559
116290 126.528
116300 126.482
116310 126.428
116320 126.371
116330 126.315
116340 126.263
116350 126.216
116360 126.177
116370 126.15
116380 126.133
116390 126.115
116400 126.085
116410 126.051
116420 126.024
116430 126.012
116440 126.015
116450 126.026
116460 126.034
116470 126.038
116480 126.045
116490 126.059
116500 126.081
116510 126.115
116520 126.165
116530 126.226
116540 126.297
116550 126.376
116560 126.467
116570 126.568
116580 126.675
116590 126.782
116600 126.881
116610 126.972
116620 127.059
116630 127.149
116640 127.237
116650 127.308
116660 127.358
116670 127.389
116680 127.41
116690 127.425
116700 127.436
116710 127.445
116720 127.453
116730 127.455
116740 127.444
116750 127.423
116760 127.394
116770 127.362
116780 127.328
116790 127.297
116800 127.274
116810 127.261
116820 127.26
116830 127.276
116840 127.305
116850 127.335
116860 127.352
116870 127.367
116880 127.392
116890 127.432
116900 127.479
116910 127.52
116920 127.559
116930 127.601
116940 127.652
116950 127.712
116960 127.783
116970 127.862
116980 127.943
116990 128.021
117000 128.087
117010 128.134
117020 128.159
117030 128.162
117040 128.151
117050 128.131
117060 128.103
117070 128.071
117080 128.037
117090 128.009
117100 127.989
117110 127.984
117120 127.992
117130 128.006
117140 128.019
117150 128.027
117160 128.031
117170 128.034
117180 128.041
117190 128.048
117200 128.046
117210 128.034
117220 128.02
117230 128.012
117240 128.017
117250 128.037
117260 128.071
117270 128.115
117280 128.167
117290 128.226
117300 128.283
117310 128.331
117320 128.372
117330 128.416
117340 128.467
117350 128.522
117360 128.573
117370 128.621
117380 128.667
117390 128.712
117400 128.757
117410 128.802
117420 128.85
117430 128.899
117440 128.944
117450 128.987
117460 129.036
117470 129.088
117480 129.133
117490 129.169
117500 129.205
117510 129.245
117520 129.282
117530 129.311
117540 129.331
117550 129.342
117560 129.343
117570 129.334
117580 129.315
117590 129.288
117600 129.258
117610 129.229
117620 129.205
117630 129.183
117640 129.164
117650 129.148
117660 129.133
117670 129.109
117680 129.073
117690 129.028
117700 128.979
117710 128.931
117720 128.888
117730 128.858
117740 128.846
117750 128.857
117760 128.887
117770 128.926
117780 128.96
117790 128.979
117800 128.983
117810 128.975
117820 128.959
117830 128.941
117840 128.927
117850 128.927
117860 128.942
117870 128.965
117880 128.987
117890 129.005
117900 129.025
117910 129.051
117920 129.085
117930 129.121
117940 129.153
117950 129.183
117960 129.215
117970 129.245
117980 129.266
117990 129.277
118000 129.278
118010 129.274
118020 129.267
118030 129.26
118040 129.255
118050 129.258
118060 129.275
118070 129.303
118080 129.345
118090 129.398
118100 129.458
118110 129.523
118120 129.595
118130 129.67
118140 129.744
118150 129.81
118160 129.862
118170 129.891
118180 129.895
118190 129.874
118200 129.829
118210 129.768
118220 129.703
118230 129.645
118240 129.603
118250 129.581
118260 129.582
118270 129.601
118280 129.623
118290 129.631
118300 129.623
118310 129.603
118320 129.576
118330 129.548
118340 129.516
118350 129.482
118360 129.459
118370 129.457
118380 129.479
118390 129.527
118400 129.592
118410 129.659
118420 129.724
118430 129.792
118440 129.864
118450 129.938
118460 130.016
118470 130.1
118480 130.195
118490 130.302
118500 130.414
118510 130.521
118520 130.62
118530 130.715
118540 130.81
118550 130.901
118560 130.979
118570 131.048
118580 131.115
118590 131.179
118600 131.24
118610 131.296
118620 131.348
118630 131.397
118640 131.44
118650 131.48
118660 131.522
118670 131.565
118680 131.607
118690 131.638
118700 131.653
118710 131.646
118720 131.617
118730 131.574
118740 131.526
118750 131.48
118760 131.435
118770 131.391
118780 131.347
118790 131.302
118800 131.258
118810 131.218
118820 131.188
118830 131.17
118840 131.157
118850 131.144
118860 131.133
118870 131.127
118880 131.123
118890 131.118
118900 131.112
118910 131.104
118920 131.095
118930 131.09
118940 131.091
118950 131.101
118960 131.121
118970 131.154
118980 131.2
118990 131.256
119000 131.317
119010 131.383
119020 131.453
119030 131.52
119040 131.58
119050 131.634
119060 131.681
119070 131.716
119080 131.735
119090 131.742
119100 131.735
119110 131.714
119120 131.679
119130 131.631
119140 131.571
119150 131.501
119160 131.43
119170 131.365
119180 131.305
119190 131.252
119200 131.21
119210 131.176
119220 131.149
119230 131.133
119240 131.126
119250 131.123
119260 131.123
119270 131.128
119280 131.138
119290 131.149
119300 131.159
119310 131.175
119320 131.194
119330 131.209
119340 131.214
119350 131.207
119360 131.186
119370 131.162
119380 131.145
119390 131.133
119400 131.124
119410 131.119
119420 131.127
119430 131.151
119440 131.186
119450 131.226
119460 131.267
119470 131.305
119480 131.341
119490 131.372
119500 131.39
119510 131.391
119520 131.378
119530 131.352
119540 131.312
119550 131.257
119560 131.196
119570 131.141
119580 131.102
119590 131.086
119600 131.093
119610 131.119
119620 131.159
119630 131.204
119640 131.248
119650 131.284
119660 131.307
119670 131.318
119680 131.324
119690 131.331
119700 131.34
119710 131.349
119720 131.355
119730 131.363
119740 131.372
119750 131.373
119760 131.363
119770 131.354
119780 131.36
119790 131.377
119800 131.396
119810 131.41
119820 131.418
119830 131.423
119840 131.427
119850 131.432
119860 131.437
119870 131.44
119880 131.445
119890 131.453
119900 131.461
119910 131.469
119920 131.481
119930 131.497
119940 131.516
119950 131.535
119960 131.555
119970 131.581
119980 131.606
119990 131.624
120000 131.635
120010 131.641
120020 131.649
120030 131.662
120040 131.682
120050 131.709
120060 131.736
120070 131.761
120080 131.785
120090 131.802
120100 131.805
120110 131.791
120120 131.76
120130 131.715
120140 131.664
120150 131.612
120160 131.565
120170 131.529
120180 131.506
120190 131.49
120200 131.474
120210 131.458
120220 131.444
120230 131.434
120240 131.433
120250 131.445
120260 131.466
120270 131.494
120280 131.528
120290 131.569
120300 131.617
120310 131.669
120320 131.724
120330 131.782
120340 131.832
120350 131.864
120360 131.88
120370 131.886
120380 131.884
120390 131.872
120400 131.859
120410 131.858
120420 131.876
120430 131.92
120440 131.987
120450 132.066
120460 132.136
120470 132.194
120480 132.249
120490 132.309
120500 132.369
120510 132.425
120520 132.479
120530 132.529
120540 132.573
120550 132.611
120560 132.638
120570 132.649
120580 132.644
120590 132.625
120600 132.6
120610 132.571
120620 132.545
120630 132.527
120640 132.511
120650 132.488
120660 132.455
120670 132.414
120680 132.368
120690 132.319
120700 132.275
120710 132.239
120720 132.207
120730 132.17
120740 132.126
120750 132.08
120760 132.036
120770 131.999
120780 131.981
120790 131.986
120800 132.012
120810 132.054
120820 132.108
120830 132.162
120840 132.202
120850 132.222
120860 132.223
120870 132.217
120880 132.213
120890 132.213
120900 132.213
120910 132.209
120920 132.201
120930 132.184
120940 132.158
120950 132.132
120960 132.112
120970 132.101
120980 132.095
120990 132.097
121000 132.106
121010 132.121
121020 132.137
121030 132.156
121040 132.176
121050 132.2
121060 132.228
121070 132.254
121080 132.268
121090 132.267
121100 132.255
121110 132.226
121120 132.176
121130 132.115
121140 132.053
121150 131.993
121160 131.942
121170 131.906
121180 131.886
121190 131.876
121200 131.874
121210 131.875
121220 131.872
121230 131.866
121240 131.857
121250 131.844
121260 131.828
121270 131.81
121280 131.79
121290 131.768
121300 131.746
121310 131.725
121320 131.701
121330 131.669
121340 131.625
121350 131.573
121360 131.52
121370 131.467
121380 131.41
121390 131.35
121400 131.298
121410 131.265
121420 131.247
121430 131.234
121440 131.223
121450 131.209
121460 131.193
121470 131.177
121480 131.163
121490 131.15
121500 131.142
121510 131.142
121520 131.146
121530 131.149
121540 131.145
121550 131.13
121560 131.102
121570 131.063
121580 131.019
121590 130.976
121600 130.939
121610 130.911
121620 130.894
121630 130.884
121640 130.883
121650 130.888
121660 130.89
121670 130.887
121680 130.884
121690 130.881
121700 130.869
121710 130.851
121720 130.841
121730 130.844
121740 130.854
121750 130.867
121760 130.885
121770 130.904
121780 130.918
121790 130.928
121800 130.939
121810 130.956
121820 130.973
121830 130.984
121840 130.991
121850 131.003
121860 131.023
121870 131.047
121880 131.071
121890 131.089
121900 131.096
121910 131.088
121920 131.078
121930 131.081
121940 131.109
121950 131.161
121960 131.229
121970 131.301
121980 131.364
121990 131.416
122000 131.462
122010 131.502
122020 131.533
122030 131.559
122040 131.586
122050 131.611
122060 131.621
122070 131.615
122080 131.598
122090 131.577
122100 131.558
122110 131.547
122120 131.543
122130 131.547
122140 131.557
122150 131.562
122160 131.552
122170 131.53
122180 131.505
122190 131.478
122200 131.447
122210 131.422
122220 131.411
122230 131.41
122240 131.406
122250 131.396
122260 131.386
122270 131.379
122280 131.371
122290 131.362
122300 131.354
122310 131.348
122320 131.339
122330 131.329
122340 131.321
122350 131.318
122360 131.322
122370 131.333
122380 131.358
122390 131.398
122400 131.447
122410 131.496
122420 131.541
122430 131.581
122440 131.619
122450 131.658
122460 131.703
122470 131.756
122480 131.816
122490 131.876
122500 131.934
122510 131.996
122520 132.066
122530 132.142
122540 132.216
122550 132.286
122560 132.357
122570 132.428
122580 132.488
122590 132.533
122600 132.565
122610 132.588
122620 132.599
122630 132.588
122640 132.555
122650 132.508
122660 132.452
122670 132.391
122680 132.332
122690 132.281
122700 132.243
122710 132.213
122720 132.188
122730 132.171
122740 132.162
122750 132.153
122760 132.136
122770 132.113
122780 132.081
122790 132.043
122800 132.002
122810 131.97
122820 131.946
122830 131.921
122840 131.896
122850 131.872
122860 131.85
122870 131.829
122880 131.814
122890 131.808
122900 131.807
122910 131.806
122920 131.807
122930 131.808
122940 131.802
122950 131.79
122960 131.777
122970 131.766
122980 131.758
122990 131.744
123000 131.715
123010 131.672
123020 131.622
123030 131.572
123040 131.527
123050 131.493
123060 131.472
123070 131.46
123080 131.451
123090 131.448
123100 131.461
123110 131.492
123120 131.533
123130 131.578
123140 131.625
123150 131.672
123160 131.714
123170 131.751
123180 131.783
123190 131.804
123200 131.806
123210 131.794
123220 131.779
123230 131.772
123240 131.772
123250 131.777
123260 131.788
123270 131.806
123280 131.83
123290 131.861
123300 131.902
123310 131.956
123320 132.018
123330 132.088
123340 132.168
123350 132.259
123360 132.364
123370 132.482
123380 132.605
123390 132.723
123400 132.838
123410 132.949
123420 133.054
123430 133.144
123440 133.219
123450 133.285
123460 133.35
123470 133.418
123480 133.488
123490 133.56
123500 133.636
123510 133.724
123520 133.816
123530 133.903
123540 133.976
123550 134.035
123560 134.088
123570 134.136
123580 134.177
123590 134.216
123600 134.251
123610 134.274
123620 134.286
123630 134.287
123640 134.282
123650 134.274
123660 134.264
123670 134.251
123680 134.244
123690 134.251
123700 134.27
123710 134.298
123720 134.335
123730 134.386
123740 134.446
123750 134.508
123760 134.572
123770 134.634
123780 134.688
123790 134.732
123800 134.766
123810 134.79
123820 134.805
123830 134.809
123840 134.799
123850 134.773
123860 134.733
123870 134.687
123880 134.647
123890 134.617
123900 134.592
123910 134.566
123920 134.537
123930 134.504
123940 134.462
123950 134.41
123960 134.352
123970 134.294
123980 134.235
123990 134.173
124000 134.113
124010 134.063
124020 134.024
124030 133.992
124040 133.966
124050 133.944
124060 133.929
124070 133.919
124080 133.908
124090 133.893
124100 133.88
124110 133.877
124120 133.882
124130 133.891
124140 133.905
124150 133.931
124160 133.965
124170 133.997
124180 134.029
124190 134.067
124200 134.114
124210 134.166
124220 134.225
124230 134.295
124240 134.378
124250 134.482
124260 134.61
124270 134.751
124280 134.887
124290 135.002
124300 135.086
124310 135.129
124320 135.126
124330 135.089
124340 135.031
124350 134.964
124360 134.896
124370 134.84
124380 134.802
124390 134.78
124400 134.765
124410 134.752
124420 134.744
124430 134.742
124440 134.754
124450 134.78
124460 134.823
124470 134.878
124480 134.947
124490 135.03
124500 135.121
124510 135.208
124520 135.287
124530 135.357
124540 135.419
124550 135.472
124560 135.519
124570 135.567
124580 135.621
124590 135.675
124600 135.725
124610 135.77
124620 135.812
124630 135.847
124640 135.866
124650 135.867
124660 135.846
124670 135.801
124680 135.741
124690 135.672
124700 135.599
124710 135.52
124720 135.435
124730 135.349
124740 135.27
124750 135.205
124760 135.16
124770 135.136
124780 135.13
124790 135.142
124800 135.17
124810 135.212
124820 135.261
124830 135.309
124840 135.348
124850 135.381
124860 135.414
124870 135.442
124880 135.462
124890 135.477
124900 135.493
124910 135.51
124920 135.531
124930 135.559
124940 135.587
124950 135.612
124960 135.643
124970 135.68
124980 135.716
124990 135.744
125000 135.77
125010 135.795
125020 135.817
125030 135.834
125040 135.853
125050 135.879
125060 135.915
125070 135.957
125080 136
125090 136.045
125100 136.093
125110 136.145
125120 136.201
125130 136.261
125140 136.328
125150 136.397
125160 136.462
125170 136.525
125180 136.587
125190 136.646
125200 136.704
125210 136.763
125220 136.822
125230 136.88
125240 136.931
125250 136.97
125260 136.997
125270 137.013
125280 137.014
125290 136.996
125300 136.955
125310 136.901
125320 136.848
125330 136.802
125340 136.761
125350 136.725
125360 136.697
125370 136.677
125380 136.662
125390 136.651
125400 136.644
125410 136.631
125420 136.605
125430 136.568
125440 136.527
125450 136.485
125460 136.446
125470 136.411
125480 136.38
125490 136.352
125500 136.327
125510 136.304
125520 136.278
125530 136.254
125540 136.243
125550 136.252
125560 136.278
125570 136.314
125580 136.365
125590 136.427
125600 136.492
125610 136.557
125620 136.622
125630 136.682
125640 136.733
125650 136.779
125660 136.827
125670 136.873
125680 136.915
125690 136.955
125700 136.995
125710 137.036
125720 137.087
125730 137.147
125740 137.203
125750 137.246
125760 137.28
125770 137.311
125780 137.334
125790 137.352
125800 137.368
125810 137.382
125820 137.394
125830 137.406
125840 137.42
125850 137.435
125860 137.444
125870 137.443
125880 137.434
125890 137.42
125900 137.406
125910 137.399
125920 137.404
125930 137.416
125940 137.426
125950 137.437
125960 137.452
125970 137.476
125980 137.509
125990 137.546
126000 137.58
126010 137.61
126020 137.627
126030 137.632
126040 137.634
126050 137.645
126060 137.666
126070 137.695
126080 137.725
126090 137.755
126100 137.786
126110 137.822
126120 137.86
126130 137.898
126140 137.941
126150 137.994
126160 138.051
126170 138.11
126180 138.167
126190 138.219
126200 138.257
126210 138.282
126220 138.303
126230 138.329
126240 138.363
126250 138.404
126260 138.445
126270 138.487
126280 138.528
126290 138.567
126300 138.605
126310 138.638
126320 138.664
126330 138.685
126340 138.702
126350 138.716
126360 138.722
126370 138.714
126380 138.698
126390 138.688
126400 138.689
126410 138.691
126420 138.681
126430 138.656
126440 138.62
126450 138.584
126460 138.555
126470 138.535
126480 138.526
126490 138.528
126500 138.54
126510 138.556
126520 138.574
126530 138.596
126540 138.622
126550 138.644
126560 138.657
126570 138.666
126580 138.68
126590 138.698
126600 138.718
126610 138.737
126620 138.75
126630 138.753
126640 138.741
126650 138.714
126660 138.675
126670 138.629
126680 138.573
126690 138.508
126700 138.44
126710 138.371
126720 138.302
126730 138.236
126740 138.188
126750 138.167
126760 138.174
126770 138.202
126780 138.239
126790 138.269
126800 138.28
126810 138.27
126820 138.242
126830 138.2
126840 138.15
126850 138.096
126860 138.049
126870 138.022
126880 138.026
126890 138.058
126900 138.114
126910 138.188
126920 138.267
126930 138.331
126940 138.373
126950 138.391
126960 138.39
126970 138.381
126980 138.382
126990 138.401
127000 138.436
127010 138.481
127020 138.527
127030 138.566
127040 138.59
127050 138.606
127060 138.625
127070 138.65
127080 138.681
127090 138.715
127100 138.747
127110 138.773
127120 138.788
127130 138.797
127140 138.804
127150 138.81
127160 138.812
127170 138.809
127180 138.809
127190 138.815
127200 138.821
127210 138.827
127220 138.845
127230 138.884
127240 138.936
127250 138.983
127260 139.022
127270 139.06
127280 139.106
127290 139.158
127300 139.217
127310 139.278
127320 139.336
127330 139.39
127340 139.441
127350 139.489
127360 139.525
127370 139.55
127380 139.568
127390 139.583
127400 139.591
127410 139.587
127420 139.572
127430 139.552
127440 139.532
127450 139.511
127460 139.483
127470 139.454
127480 139.431
127490 139.418
127500 139.419
127510 139.433
127520 139.45
127530 139.463
127540 139.463
127550 139.449
127560 139.425
127570 139.4
127580 139.379
127590 139.365
127600 139.36
127610 139.364
127620 139.366
127630 139.362
127640 139.359
127650 139.358
127660 139.351
127670 139.335
127680 139.32
127690 139.316
127700 139.317
127710 139.319
127720 139.322
127730 139.324
127740 139.327
127750 139.335
127760 139.342
127770 139.347
127780 139.349
127790 139.349
127800 139.342
127810 139.326
127820 139.301
127830 139.265
127840 139.216
127850 139.153
127860 139.082
127870 139.013
127880 138.951
127890 138.894
127900 138.833
127910 138.771
127920 138.715
127930 138.666
127940 138.613
127950 138.55
127960 138.484
127970 138.427
127980 138.382
127990 138.35
128000 138.329
128010 138.322
128020 138.332
128030 138.357
128040 138.396
128050 138.445
128060 138.503
128070 138.561
128080 138.617
128090 138.679
128100 138.755
128110 138.838
128120 138.923
128130 139.011
128140 139.104
128150 139.194
128160 139.275
128170 139.344
128180 139.404
128190 139.456
128200 139.502
128210 139.537
128220 139.56
128230 139.579
128240 139.6
128250 139.624
128260 139.649
128270 139.681
128280 139.723
128290 139.77
128300 139.821
128310 139.87
128320 139.91
128330 139.938
128340 139.954
128350 139.964
128360 139.964
128370 139.95
128380 139.926
128390 139.892
128400 139.842
128410 139.77
128420 139.672
128430 139.556
128440 139.427
128450 139.289
128460 139.149
128470 139.016
128480 138.891
128490 138.779
128500 138.681
128510 138.597
128520 138.52
128530 138.447
128540 138.378
128550 138.315
128560 138.255
128570 138.2
128580 138.154
128590 138.122
128600 138.104
128610 138.096
128620 138.099
128630 138.113
128640 138.141
128650 138.176
128660 138.216
128670 138.257
128680 138.292
128690 138.319
128700 138.343
128710 138.369
128720 138.394
128730 138.421
128740 138.457
128750 138.5
128760 138.546
128770 138.594
128780 138.643
128790 138.696
128800 138.759
128810 138.831
128820 138.91
128830 138.99
128840 139.069
128850 139.147
128860 139.221
128870 139.288
128880 139.34
128890 139.37
128900 139.382
128910 139.38
128920 139.367
128930 139.352
128940 139.339
128950 139.326
128960 139.316
128970 139.318
128980 139.338
128990 139.375
129000 139.425
129010 139.488
129020 139.557
129030 139.621
129040 139.677
129050 139.73
129060 139.782
129070 139.829
129080 139.87
129090 139.913
129100 139.968
129110 140.042
129120 140.13
129130 140.223
129140 140.311
129150 140.393
129160 140.464
129170 140.525
129180 140.574
129190 140.606
129200 140.617
129210 140.613
129220 140.609
129230 140.607
129240 140.601
129250 140.584
129260 140.559
129270 140.529
129280 140.496
129290 140.455
129300 140.396
129310 140.319
129320 140.227
129330 140.126
129340 140.022
129350 139.927
129360 139.846
129370 139.782
129380 139.729
129390 139.682
129400 139.639
129410 139.605
129420 139.582
129430 139.566
129440 139.55
129450 139.535
129460 139.523
129470 139.523
129480 139.532
129490 139.549
129500 139.578
129510 139.622
129520 139.673
129530 139.716
129540 139.743
129550 139.753
129560 139.756
129570 139.754
129580 139.749
129590 139.738
129600 139.727
129610 139.726
129620 139.735
129630 139.752
129640 139.778
129650 139.812
129660 139.846
129670 139.869
129680 139.875
129690 139.856
129700 139.812
129710 139.749
129720 139.673
129730 139.589
129740 139.501
129750 139.414
129760 139.333
129770 139.26
129780 139.204
129790 139.172
129800 139.163
129810 139.178
129820 139.214
129830 139.272
129840 139.336
129850 139.392
129860 139.434
129870 139.468
129880 139.496
129890 139.516
129900 139.535
129910 139.551
129920 139.555
129930 139.548
129940 139.538
129950 139.522
129960 139.501
129970 139.468
129980 139.421
129990 139.368
130000 139.322
130010 139.286
130020 139.263
130030 139.258
130040 139.27
130050 139.29
130060 139.312
130070 139.346
130080 139.394
130090 139.448
130100 139.496
130110 139.531
130120 139.544
130130 139.529
130140 139.483
130150 139.408
130160 139.308
130170 139.193
130180 139.078
130190 138.97
130200 138.872
130210 138.794
130220 138.746
130230 138.73
130240 138.74
130250 138.766
130260 138.804
130270 138.852
130280 138.909
130290 138.972
130300 139.034
130310 139.096
130320 139.164
130330 139.24
130340 139.324
130350 139.413
130360 139.5
130370 139.575
130380 139.64
130390 139.708
130400 139.789
130410 139.88
130420 139.973
130430 140.064
130440 140.163
130450 140.267
130460 140.363
130470 140.439
130480 140.493
130490 140.524
130500 140.53
130510 140.514
130520 140.488
130530 140.459
130540 140.429
130550 140.399
130560 140.368
130570 140.333
130580 140.296
130590 140.26
130600 140.222
130610 140.188
130620 140.166
130630 140.157
130640 140.155
130650 140.155
130660 140.157
130670 140.162
130680 140.174
130690 140.192
130700 140.212
130710 140.232
130720 140.256
130730 140.286
130740 140.315
130750 140.345
130760 140.38
130770 140.414
130780 140.443
130790 140.473
130800 140.51
130810 140.551
130820 140.595
130830 140.637
130840 140.675
130850 140.709
130860 140.743
130870 140.778
130880 140.811
130890 140.835
130900 140.848
130910 140.852
130920 140.843
130930 140.82
130940 140.784
130950 140.74
130960 140.685
130970 140.621
130980 140.551
130990 140.471
131000 140.386
131010 140.299
131020 140.212
131030 140.122
131040 140.027
131050 139.928
131060 139.826
131070 139.73
131080 139.653
131090 139.598
131100 139.561
131110 139.535
131120 139.517
131130 139.499
131140 139.477
131150 139.452
131160 139.42
131170 139.376
131180 139.322
131190 139.269
131200 139.218
131210 139.164
131220 139.103
131230 139.041
131240 138.983
131250 138.932
131260 138.89
131270 138.859
131280 138.834
131290 138.811
131300 138.789
131310 138.767
131320 138.741
131330 138.712
131340 138.687
131350 138.673
131360 138.675
131370 138.694
131380 138.729
131390 138.767
131400 138.804
131410 138.839
131420 138.874
131430 138.91
131440 138.946
131450 138.98
131460 139.01
131470 139.036
131480 139.061
131490 139.085
131500 139.11
131510 139.135
131520 139.152
131530 139.16
131540 139.162
131550 139.162
131560 139.151
131570 139.126
131580 139.094
131590 139.06
131600 139.028
131610 138.997
131620 138.965
131630 138.936
131640 138.914
131650 138.899
131660 138.882
131670 138.856
131680 138.818
131690 138.772
131700 138.721
131710 138.668
131720 138.611
131730 138.552
131740 138.489
131750 138.42
131760 138.348
131770 138.28
131780 138.218
131790 138.158
131800 138.097
131810 138.041
131820 138.001
131830 137.979
131840 137.967
131850 137.955
131860 137.938
131870 137.919
131880 137.904
131890 137.894
131900 137.882
131910 137.863
131920 137.839
131930 137.813
131940 137.789
131950 137.775
131960 137.774
131970 137.786
131980 137.807
131990 137.832
132000 137.852
132010 137.863
132020 137.879
132030 137.911
132040 137.961
132050 138.023
132060 138.09
132070 138.159
132080 138.227
132090 138.288
132100 138.343
132110 138.391
132120 138.432
132130 138.466
132140 138.493
132150 138.509
132160 138.518
132170 138.521
132180 138.518
132190 138.499
132200 138.458
132210 138.4
132220 138.341
132230 138.296
132240 138.27
132250 138.27
132260 138.3
132270 138.355
132280 138.425
132290 138.495
132300 138.558
132310 138.613
132320 138.66
132330 138.696
132340 138.724
132350 138.746
132360 138.764
132370 138.779
132380 138.796
132390 138.822
132400 138.857
132410 138.897
132420 138.946
132430 139.009
132440 139.082
132450 139.156
132460 139.221
132470 139.274
132480 139.316
132490 139.349
132500 139.374
132510 139.387
132520 139.385
132530 139.373
132540 139.361
132550 139.351
132560 139.342
132570 139.331
132580 139.317
132590 139.305
132600 139.298
132610 139.294
132620 139.288
132630 139.272
132640 139.239
132650 139.186
132660 139.117
132670 139.04
132680 138.968
132690 138.91
132700 138.873
132710 138.86
132720 138.865
132730 138.873
132740 138.868
132750 138.851
132760 138.832
132770 138.814
132780 138.789
132790 138.755
132800 138.714
132810 138.675
132820 138.643
132830 138.625
132840 138.629
132850 138.654
132860 138.688
132870 138.727
132880 138.766
132890 138.799
132900 138.827
132910 138.853
132920 138.878
132930 138.903
132940 138.929
132950 138.954
132960 138.972
132970 138.973
132980 138.959
132990 138.935
133000 138.907
133010 138.885
133020 138.878
133030 138.89
133040 138.909
133050 138.927
133060 138.945
133070 138.97
133080 138.998
133090 139.022
133100 139.04
133110 139.048
133120 139.046
133130 139.036
133140 139.022
133150 139.005
133160 138.983
133170 138.963
133180 138.946
133190 138.929
133200 138.914
133210 138.905
133220 138.905
133230 138.914
133240 138.927
133250 138.933
133260 138.932
133270 138.934
133280 138.953
133290 138.992
133300 139.047
133310 139.109
133320 139.164
133330 139.199
133340 139.215
133350 139.227
133360 139.255
133370 139.308
133380 139.373
133390 139.438
133400 139.505
133410 139.583
133420 139.67
133430 139.755
133440 139.828
133450 139.884
133460 139.914
133470 139.912
133480 139.886
133490 139.847
133500 139.802
133510 139.756
133520 139.714
133530 139.676
133540 139.637
133550 139.598
133560 139.562
133570 139.531
133580 139.509
133590 139.5
133600 139.503
133610 139.519
133620 139.541
133630 139.565
133640 139.591
133650 139.62
133660 139.657
133670 139.701
133680 139.75
133690 139.799
133700 139.848
133710 139.892
133720 139.928
133730 139.952
133740 139.964
133750 139.959
133760 139.931
133770 139.878
133780 139.806
133790 139.724
133800 139.635
133810 139.545
133820 139.465
133830 139.405
133840 139.369
133850 139.358
133860 139.376
133870 139.419
133880 139.481
133890 139.555
133900 139.629
133910 139.703
133920 139.775
133930 139.845
133940 139.902
133950 139.943
133960 139.974
133970 140.004
133980 140.032
133990 140.057
134000 140.077
134010 140.096
134020 140.12
134030 140.156
134040 140.204
134050 140.257
134060 140.309
134070 140.367
134080 140.436
134090 140.511
134100 140.577
134110 140.626
134120 140.655
134130 140.663
134140 140.658
134150 140.646
134160 140.623
134170 140.59
134180 140.555
134190 140.52
134200 140.484
134210 140.446
134220 140.406
134230 140.357
134240 140.293
134250 140.219
134260 140.131
134270 140.022
134280 139.898
134290 139.771
134300 139.646
134310 139.521
134320 139.406
134330 139.307
134340 139.226
134350 139.165
134360 139.125
134370 139.11
134380 139.114
134390 139.129
134400 139.147
134410 139.162
134420 139.169
134430 139.166
134440 139.151
134450 139.131
134460 139.113
134470 139.109
134480 139.128
134490 139.176
134500 139.246
134510 139.329
134520 139.415
134530 139.499
134540 139.579
134550 139.658
134560 139.735
134570 139.802
134580 139.851
134590 139.882
134600 139.897
134610 139.897
134620 139.88
134630 139.854
134640 139.826
134650 139.798
134660 139.774
134670 139.758
134680 139.757
134690 139.776
134700 139.816
134710 139.872
134720 139.935
134730 140.002
134740 140.068
134750 140.128
134760 140.181
134770 140.227
134780 140.271
134790 140.314
134800 140.352
134810 140.382
134820 140.404
134830 140.419
134840 140.431
134850 140.441
134860 140.45
134870 140.456
134880 140.457
134890 140.451
134900 140.431
134910 140.392
134920 140.341
134930 140.291
134940 140.257
134950 140.236
134960 140.225
134970 140.227
134980 140.248
134990 140.286
135000 140.336
135010 140.393
135020 140.452
135030 140.507
135040 140.562
135050 140.62
135060 140.68
135070 140.736
135080 140.782
135090 140.814
135100 140.832
135110 140.84
135120 140.844
135130 140.84
135140 140.827
135150 140.802
135160 140.763
135170 140.711
135180 140.644
135190 140.569
135200 140.486
135210 140.399
135220 140.316
135230 140.249
135240 140.202
135250 140.176
135260 140.173
135270 140.197
135280 140.247
135290 140.317
135300 140.404
135310 140.505
135320 140.617
135330 140.733
135340 140.845
135350 140.948
135360 141.046
135370 141.134
135380 141.211
135390 141.282
135400 141.349
135410 141.412
135420 141.464
135430 141.506
135440 141.543
135450 141.575
135460 141.601
135470 141.622
135480 141.65
135490 141.693
135500 141.748
135510 141.806
135520 141.86
135530 141.905
135540 141.937
135550 141.96
135560 141.992
135570 142.044
135580 142.112
135590 142.186
135600 142.264
135610 142.348
135620 142.427
135630 142.489
135640 142.533
135650 142.563
135660 142.581
135670 142.584
135680 142.577
135690 142.56
135700 142.532
135710 142.495
135720 142.461
135730 142.435
135740 142.415
135750 142.403
135760 142.404
135770 142.425
135780 142.47
135790 142.533
135800 142.601
135810 142.664
135820 142.721
135830 142.781
135840 142.845
135850 142.912
135860 142.975
135870 143.025
135880 143.058
135890 143.077
135900 143.081
135910 143.073
135920 143.062
135930 143.05
135940 143.036
135950 143.019
135960 143.01
135970 143.01
135980 143.013
135990 143.017
136000 143.025
136010 143.032
136020 143.026
136030 143.002
136040 142.969
136050 142.935
136060 142.903
136070 142.869
136080 142.826
136090 142.775
136100 142.724
136110 142.683
136120 142.656
136130 142.646
136140 142.642
136150 142.631
136160 142.604
136170 142.566
136180 142.526
136190 142.492
136200 142.47
136210 142.462
136220 142.463
136230 142.465
136240 142.457
136250 142.435
136260 142.405
136270 142.376
136280 142.349
136290 142.321
136300 142.295
136310 142.277
136320 142.27
136330 142.272
136340 142.282
136350 142.304
136360 142.336
136370 142.37
136380 142.398
136390 142.419
136400 142.439
136410 142.462
136420 142.483
136430 142.497
136440 142.509
136450 142.53
136460 142.562
136470 142.592
136480 142.617
136490 142.642
136500 142.673
136510 142.704
136520 142.723
136530 142.733
136540 142.744
136550 142.763
136560 142.783
136570 142.793
136580 142.79
136590 142.778
136600 142.761
136610 142.739
136620 142.714
136630 142.692
136640 142.674
136650 142.651
136660 142.613
136670 142.558
136680 142.491
136690 142.415
136700 142.338
136710 142.267
136720 142.207
136730 142.161
136740 142.123
136750 142.083
136760 142.04
136770 141.997
136780 141.958
136790 141.925
136800 141.901
136810 141.889
136820 141.888
136830 141.895
136840 141.904
136850 141.906
136860 141.898
136870 141.882
136880 141.869
136890 141.862
136900 141.853
136910 141.836
136920 141.805
136930 141.763
136940 141.723
136950 141.691
136960 141.665
136970 141.643
136980 141.624
136990 141.603
137000 141.58
137010 141.562
137020 141.56
137030 141.582
137040 141.626
137050 141.689
137060 141.764
137070 141.843
137080 141.926
137090 142.018
137100 142.122
137110 142.234
137120 142.348
137130 142.465
137140 142.577
137150 142.675
137160 142.762
137170 142.841
137180 142.91
137190 142.967
137200 143.01
137210 143.04
137220 143.065
137230 143.089
137240 143.112
137250 143.129
137260 143.14
137270 143.15
137280 143.163
137290 143.183
137300 143.211
137310 143.243
137320 143.273
137330 143.297
137340 143.321
137350 143.349
137360 143.378
137370 143.405
137380 143.43
137390 143.455
137400 143.482
137410 143.511
137420 143.535
137430 143.544
137440 143.535
137450 143.507
137460 143.46
137470 143.393
137480 143.313
137490 143.233
137500 143.164
137510 143.113
137520 143.082
137530 143.071
137540 143.08
137550 143.106
137560 143.142
137570 143.176
137580 143.194
137590 143.192
137600 143.168
137610 143.133
137620 143.096
137630 143.061
137640 143.032
137650 143.011
137660 143.006
137670 143.026
137680 143.076
137690 143.154
137700 143.253
137710 143.362
137720 143.47
137730 143.572
137740 143.666
137750 143.75
137760 143.824
137770 143.888
137780 143.945
137790 143.994
137800 144.032
137810 144.059
137820 144.077
137830 144.091
137840 144.101
137850 144.107
137860 144.106
137870 144.106
137880 144.116
137890 144.126
137900 144.127
137910 144.12
137920 144.114
137930 144.109
137940 144.1
137950 144.089
137960 144.077
137970 144.066
137980 144.071
137990 144.104
138000 144.156
138010 144.208
138020 144.249
138030 144.274
138040 144.282
138050 144.281
138060 144.279
138070 144.278
138080 144.28
138090 144.293
138100 144.325
138110 144.372
138120 144.427
138130 144.484
138140 144.543
138150 144.603
138160 144.658
138170 144.707
138180 144.752
138190 144.797
138200 144.842
138210 144.889
138220 144.938
138230 144.986
138240 145.034
138250 145.083
138260 145.128
138270 145.165
138280 145.191
138290 145.21
138300 145.226
138310 145.241
138320 145.265
138330 145.302
138340 145.353
138350 145.414
138360 145.478
138370 145.538
138380 145.594
138390 145.65
138400 145.704
138410 145.75
138420 145.784
138430 145.805
138440 145.814
138450 145.82
138460 145.836
138470 145.862
138480 145.893
138490 145.93
138500 145.982
138510 146.047
138520 146.124
138530 146.211
138540 146.308
138550 146.414
138560 146.527
138570 146.637
138580 146.737
138590 146.827
138600 146.905
138610 146.973
138620 147.037
138630 147.109
138640 147.192
138650 147.279
138660 147.361
138670 147.435
138680 147.497
138690 147.54
138700 147.568
138710 147.592
138720 147.629
138730 147.691
138740 147.779
138750 147.885
138760 147.997
138770 148.109
138780 148.206
138790 148.271
138800 148.291
138810 148.271
138820 148.213
138830 148.118
138840 147.997
138850 147.869
138860 147.748
138870 147.637
138880 147.538
138890 147.458
138900 147.398
138910 147.35
138920 147.31
138930 147.282
138940 147.274
138950 147.299
138960 147.358
138970 147.434
138980 147.506
138990 147.565
139000 147.61
139010 147.646
139020 147.673
139030 147.695
139040 147.707
139050 147.71
139060 147.708
139070 147.7
139080 147.688
139090 147.679
139100 147.677
139110 147.682
139120 147.688
139130 147.697
139140 147.712
139150 147.726
139160 147.736
139170 147.746
139180 147.759
139190 147.781
139200 147.818
139210 147.865
139220 147.912
139230 147.949
139240 147.976
139250 148.001
139260 148.03
139270 148.064
139280 148.099
139290 148.133
139300 148.168
139310 148.215
139320 148.278
139330 148.351
139340 148.428
139350 148.51
139360 148.589
139370 148.661
139380 148.726
139390 148.78
139400 148.815
139410 148.83
139420 148.833
139430 148.834
139440 148.844
139450 148.867
139460 148.902
139470 148.947
139480 149.001
139490 149.057
139500 149.11
139510 149.163
139520 149.211
139530 149.248
139540 149.275
139550 149.305
139560 149.345
139570 149.396
139580 149.455
139590 149.517
139600 149.579
139610 149.634
139620 149.677
139630 149.709
139640 149.733
139650 149.753
139660 149.775
139670 149.794
139680 149.8
139690 149.792
139700 149.789
139710 149.802
139720 149.83
139730 149.869
139740 149.923
139750 149.989
139760 150.053
139770 150.109
139780 150.156
139790 150.193
139800 150.223
139810 150.251
139820 150.289
139830 150.341
139840 150.405
139850 150.479
139860 150.564
139870 150.663
139880 150.768
139890 150.873
139900 150.97
139910 151.06
139920 151.141
139930 151.21
139940 151.272
139950 151.333
139960 151.395
139970 151.452
139980 151.497
139990 151.524
140000 151.535
140010 151.537
140020 151.534
140030 151.523
140040 151.506
140050 151.485
140060 151.461
140070 151.434
140080 151.412
140090 151.402
140100 151.406
140110 151.425
140120 151.458
140130 151.504
140140 151.554
140150 151.604
140160 151.651
140170 151.69
140180 151.715
140190 151.712
140200 151.677
140210 151.615
140220 151.538
140230 151.455
140240 151.371
140250 151.292
140260 151.221
140270 151.16
140280 151.107
140290 151.065
140300 151.031
140310 151.006
140320 150.984
140330 150.966
140340 150.956
140350 150.958
140360 150.967
140370 150.98
140380 150.993
140390 151.004
140400 151.01
140410 151.014
140420 151.02
140430 151.028
140440 151.032
140450 151.034
140460 151.039
140470 151.05
140480 151.058
140490 151.061
140500 151.061
140510 151.067
140520 151.081
140530 151.099
140540 151.12
140550 151.141
140560 151.161
140570 151.185
140580 151.217
140590 151.254
140600 151.293
140610 151.338
140620 151.398
140630 151.481
140640 151.585
140650 151.702
140660 151.82
140670 151.933
140680 152.036
140690 152.132
140700 152.218
140710 152.295
140720 152.365
140730 152.428
140740 152.482
140750 152.523
140760 152.557
140770 152.592
140780 152.628
140790 152.661
140800 152.691
140810 152.71
140820 152.712
140830 152.696
140840 152.669
140850 152.638
140860 152.602
140870 152.56
140880 152.518
140890 152.483
140900 152.456
140910 152.43
140920 152.402
140930 152.375
140940 152.349
140950 152.327
140960 152.319
140970 152.329
140980 152.355
140990 152.394
141000 152.444
141010 152.503
141020 152.575
141030 152.665
141040 152.766
141050 152.865
141060 152.955
141070 153.038
141080 153.11
141090 153.161
141100 153.196
141110 153.22
141120 153.234
141130 153.229
141140 153.21
141150 153.188
141160 153.171
141170 153.15
141180 153.124
141190 153.103
141200 153.093
141210 153.08
141220 153.055
141230 153.014
141240 152.959
141250 152.889
141260 152.804
141270 152.71
141280 152.615
141290 152.526
141300 152.455
141310 152.409
141320 152.384
141330 152.371
141340 152.363
141350 152.348
141360 152.317
141370 152.266
141380 152.195
141390 152.11
141400 152.024
141410 151.944
141420 151.873
141430 151.821
141440 151.799
141450 151.806
141460 151.833
141470 151.868
141480 151.909
141490 151.952
141500 151.985
141510 152.002
141520 152.006
141530 151.996
141540 151.965
141550 151.916
141560 151.849
141570 151.764
141580 151.669
141590 151.581
141600 151.507
141610 151.448
141620 151.403
141630 151.371
141640 151.345
141650 151.322
141660 151.299
141670 151.273
141680 151.248
141690 151.234
141700 151.229
141710 151.223
141720 151.205
141730 151.172
141740 151.12
141750 151.052
141760 150.977
141770 150.912
141780 150.867
141790 150.836
141800 150.811
141810 150.789
141820 150.77
141830 150.751
141840 150.725
141850 150.692
141860 150.66
141870 150.636
141880 150.624
141890 150.626
141900 150.644
141910 150.68
141920 150.733
141930 150.798
141940 150.873
141950 150.957
141960 151.05
141970 151.147
141980 151.246
141990 151.347
142000 151.451
142010 151.552
142020 151.643
142030 151.726
142040 151.808
142050 151.893
142060 151.982
142070 152.07
142080 152.149
142090 152.208
142100 152.235
142110 152.225
142120 152.189
142130 152.135
142140 152.076
142150 152.021
142160 151.97
142170 151.926
142180 151.89
142190 151.861
142200 151.845
142210 151.838
142220 151.831
142230 151.824
142240 151.828
142250 151.856
142260 151.907
142270 151.968
142280 152.036
142290 152.114
142300 152.196
142310 152.268
142320 152.328
142330 152.381
142340 152.429
142350 152.469
142360 152.499
142370 152.524
142380 152.544
142390 152.557
142400 152.563
142410 152.574
142420 152.608
142430 152.673
142440 152.759
142450 152.845
142460 152.919
142470 152.978
142480 153.02
142490 153.049
142500 153.063
142510 153.06
142520 153.041
142530 153.01
142540 152.974
142550 152.943
142560 152.921
142570 152.909
142580 152.907
142590 152.917
142600 152.941
142610 152.977
142620 153.021
142630 153.075
142640 153.14
142650 153.204
142660 153.262
142670 153.314
142680 153.358
142690 153.397
142700 153.432
142710 153.465
142720 153.497
142730 153.537
142740 153.586
142750 153.639
142760 153.688
142770 153.732
142780 153.778
142790 153.826
142800 153.869
142810 153.906
142820 153.936
142830 153.964
142840 153.99
142850 154.011
142860 154.025
142870 154.042
142880 154.069
142890 154.102
142900 154.133
142910 154.162
142920 154.19
142930 154.223
142940 154.257
142950 154.291
142960 154.321
142970 154.344
142980 154.371
142990 154.41
143000 154.461
143010 154.514
143020 154.559
143030 154.594
143040 154.625
143050 154.65
143060 154.667
143070 154.682
143080 154.702
143090 154.731
143100 154.768
143110 154.809
143120 154.854
143130 154.894
143140 154.932
143150 154.969
143160 155.007
143170 155.045
143180 155.081
143190 155.113
143200 155.139
143210 155.154
143220 155.154
143230 155.137
143240 155.097
143250 155.032
143260 154.942
143270 154.831
143280 154.717
143290 154.62
143300 154.554
143310 154.521
143320 154.514
143330 154.524
143340 154.535
143350 154.528
143360 154.498
143370 154.451
143380 154.402
143390 154.352
143400 154.303
143410 154.255
143420 154.211
143430 154.174
143440 154.148
143450 154.134
143460 154.133
143470 154.144
143480 154.161
143490 154.182
143500 154.202
143510 154.211
143520 154.204
143530 154.181
143540 154.149
143550 154.114
143560 154.088
143570 154.079
143580 154.08
143590 154.086
143600 154.099
143610 154.124
143620 154.163
143630 154.221
143640 154.292
143650 154.363
143660 154.424
143670 154.469
143680 154.492
143690 154.492
143700 154.481
143710 154.472
143720 154.478
143730 154.511
143740 154.569
143750 154.643
143760 154.731
143770 154.832
143780 154.933
143790 155.014
143800 155.062
143810 155.075
143820 155.062
143830 155.037
143840 155.009
143850 154.98
143860 154.958
143870 154.954
143880 154.972
143890 155.013
143900 155.072
143910 155.143
143920 155.219
143930 155.291
143940 155.353
143950 155.399
143960 155.426
143970 155.429
143980 155.408
143990 155.379
144000 155.362
144010 155.367
144020 155.384
144030 155.403
144040 155.426
144050 155.458
144060 155.491
144070 155.516
144080 155.529
144090 155.535
144100 155.537
144110 155.532
144120 155.516
144130 155.495
144140 155.476
144150 155.454
144160 155.427
144170 155.4
144180 155.369
144190 155.33
144200 155.289
144210 155.254
144220 155.232
144230 155.222
144240 155.225
144250 155.231
144260 155.228
144270 155.205
144280 155.165
144290 155.118
144300 155.071
144310 155.026
144320 154.993
144330 154.972
144340 154.954
144350 154.938
144360 154.927
144370 154.914
144380 154.89
144390 154.853
144400 154.805
144410 154.748
144420 154.693
144430 154.659
144440 154.653
144450 154.676
144460 154.735
144470 154.834
144480 154.965
144490 155.105
144500 155.229
144510 155.335
144520 155.428
144530 155.503
144540 155.55
144550 155.579
144560 155.607
144570 155.649
144580 155.702
144590 155.763
144600 155.828
144610 155.888
144620 155.928
144630 155.949
144640 155.961
144650 155.964
144660 155.952
144670 155.933
144680 155.914
144690 155.898
144700 155.886
144710 155.886
144720 155.899
144730 155.918
144740 155.941
144750 155.973
144760 156.02
144770 156.081
144780 156.157
144790 156.241
144800 156.317
144810 156.374
144820 156.42
144830 156.46
144840 156.48
144850 156.477
144860 156.464
144870 156.455
144880 156.453
144890 156.465
144900 156.5
144910 156.556
144920 156.616
144930 156.671
144940 156.718
144950 156.765
144960 156.817
144970 156.875
144980 156.931
144990 156.979
145000 157.023
145010 157.064
145020 157.098
145030 157.122
145040 157.135
145050 157.146
145060 157.159
145070 157.169
145080 157.171
145090 157.17
145100 157.172
145110 157.176
145120 157.179
145130 157.186
145140 157.198
145150 157.219
145160 157.249
145170 157.289
145180 157.337
145190 157.391
145200 157.453
145210 157.526
145220 157.61
145230 157.702
145240 157.789
145250 157.866
145260 157.936
145270 158.006
145280 158.076
145290 158.143
145300 158.203
145310 158.254
145320 158.291
145330 158.299
145340 158.275
145350 158.227
145360 158.162
145370 158.074
145380 157.964
145390 157.846
145400 157.734
145410 157.638
145420 157.559
145430 157.494
145440 157.44
145450 157.396
145460 157.367
145470 157.35
145480 157.341
145490 157.344
145500 157.361
145510 157.388
145520 157.422
145530 157.458
145540 157.486
145550 157.499
145560 157.493
145570 157.466
145580 157.424
145590 157.383
145600 157.355
145610 157.344
145620 157.345
145630 157.349
145640 157.363
145650 157.386
145660 157.412
145670 157.434
145680 157.451
145690 157.462
145700 157.466
145710 157.456
145720 157.431
145730 157.397
145740 157.363
145750 157.335
145760 157.314
145770 157.29
145780 157.255
145790 157.21
145800 157.164
145810 157.123
145820 157.088
145830 157.056
145840 157.027
145850 157.008
145860 157.01
145870 157.033
145880 157.067
145890 157.109
145900 157.155
145910 157.203
145920 157.25
145930 157.302
145940 157.363
145950 157.427
145960 157.484
145970 157.538
145980 157.597
145990 157.662
146000 157.721
146010 157.766
146020 157.799
146030 157.821
146040 157.832
146050 157.832
146060 157.827
146070 157.821
146080 157.816
146090 157.813
146100 157.807
146110 157.789
146120 157.757
146130 157.719
146140 157.683
146150 157.651
146160 157.621
146170 157.591
146180 157.561
146190 157.536
146200 157.519
146210 157.508
146220 157.494
146230 157.481
146240 157.476
146250 157.482
146260 157.496
146270 157.522
146280 157.56
146290 157.604
146300 157.649
146310 157.697
146320 157.753
146330 157.815
146340 157.876
146350 157.938
146360 158.006
146370 158.088
146380 158.184
146390 158.285
146400 158.386
146410 158.481
146420 158.564
146430 158.627
146440 158.681
146450 158.741
146460 158.808
146470 158.878
146480 158.952
146490 159.033
146500 159.12
146510 159.208
146520 159.291
146530 159.363
146540 159.421
146550 159.459
146560 159.475
146570 159.473
146580 159.46
146590 159.438
146600 159.411
146610 159.384
146620 159.361
146630 159.341
146640 159.322
146650 159.299
146660 159.268
146670 159.225
146680 159.178
146690 159.131
146700 159.087
146710 159.045
146720 159.004
146730 158.966
146740 158.935
146750 158.911
146760 158.891
146770 158.869
146780 158.846
146790 158.829
146800 158.826
146810 158.835
146820 158.861
146830 158.899
146840 158.936
146850 158.953
146860 158.943
146870 158.903
146880 158.835
146890 158.745
146900 158.646
146910 158.55
146920 158.463
146930 158.384
146940 158.315
146950 158.255
146960 158.2
146970 158.151
146980 158.106
146990 158.063
147000 158.024
147010 157.989
147020 157.957
147030 157.921
147040 157.879
147050 157.833
147060 157.788
147070 157.748
147080 157.71
147090 157.669
147100 157.622
147110 157.569
147120 157.503
147130 157.421
147140 157.334
147150 157.261
147160 157.211
147170 157.179
147180 157.158
147190 157.145
147200 157.132
147210 157.114
147220 157.094
147230 157.078
147240 157.069
147250 157.063
147260 157.06
147270 157.053
147280 157.044
147290 157.037
147300 157.03
147310 157.023
147320 157.021
147330 157.029
147340 157.047
147350 157.083
147360 157.143
147370 157.221
147380 157.304
147390 157.387
147400 157.47
147410 157.551
147420 157.621
147430 157.679
147440 157.73
147450 157.776
147460 157.814
147470 157.841
147480 157.861
147490 157.877
147500 157.889
147510 157.901
147520 157.923
147530 157.969
147540 158.042
147550 158.135
147560 158.246
147570 158.363
147580 158.475
147590 158.574
147600 158.656
147610 158.721
147620 158.773
147630 158.82
147640 158.865
147650 158.904
147660 158.936
147670 158.963
147680 158.991
147690 159.015
147700 159.024
147710 159.013
147720 158.983
147730 158.938
147740 158.885
147750 158.838
147760 158.809
147770 158.795
147780 158.79
147790 158.791
147800 158.797
147810 158.805
147820 158.816
147830 158.826
147840 158.827
147850 158.821
147860 158.805
147870 158.777
147880 158.738
147890 158.691
147900 158.641
147910 158.591
147920 158.547
147930 158.513
147940 158.488
147950 158.477
147960 158.477
147970 158.48
147980 158.48
147990 158.478
148000 158.48
148010 158.487
148020 158.495
148030 158.506
148040 158.522
148050 158.539
148060 158.557
148070 158.586
148080 158.63
148090 158.677
148100 158.713
148110 158.733
148120 158.742
148130 158.742
148140 158.728
148150 158.699
148160 158.663
148170 158.636
148180 158.622
148190 158.62
148200 158.626
148210 158.635
148220 158.643
148230 158.643
148240 158.633
148250 158.614
148260 158.593
148270 158.579
148280 158.579
148290 158.592
148300 158.605
148310 158.608
148320 158.603
148330 158.601
148340 158.608
148350 158.627
148360 158.66
148370 158.708
148380 158.769
148390 158.834
148400 158.894
148410 158.95
148420 159.002
148430 159.042
148440 159.066
148450 159.081
148460 159.097
148470 159.113
148480 159.122
148490 159.12
148500 159.105
148510 159.078
148520 159.043
148530 159
148540 158.948
148550 158.877
148560 158.783
148570 158.667
148580 158.534
148590 158.388
148600 158.245
148610 158.118
148620 158.011
148630 157.926
148640 157.869
148650 157.835
148660 157.818
148670 157.81
148680 157.805
148690 157.806
148700 157.81
148710 157.808
148720 157.798
148730 157.79
148740 157.785
148750 157.77
148760 157.74
148770 157.704
148780 157.675
148790 157.656
148800 157.646
148810 157.649
148820 157.666
148830 157.697
148840 157.746
148850 157.809
148860 157.873
148870 157.936
148880 157.999
148890 158.061
148900 158.119
148910 158.179
148920 158.249
148930 158.336
148940 158.436
148950 158.539
148960 158.644
148970 158.758
148980 158.876
148990 158.987
149000 159.087
149010 159.176
149020 159.254
149030 159.319
149040 159.379
149050 159.441
149060 159.51
149070 159.59
149080 159.682
149090 159.779
149100 159.872
149110 159.951
149120 160.008
149130 160.04
149140 160.046
149150 160.03
149160 160.004
149170 159.972
149180 159.935
149190 159.892
149200 159.848
149210 159.812
149220 159.789
149230 159.777
149240 159.769
149250 159.768
149260 159.786
149270 159.826
149280 159.879
149290 159.93
149300 159.966
149310 159.986
149320 159.991
149330 159.989
149340 159.988
149350 159.991
149360 159.993
149370 159.998
149380 160.011
149390 160.033
149400 160.058
149410 160.084
149420 160.111
149430 160.146
149440 160.192
149450 160.246
149460 160.302
149470 160.359
149480 160.419
149490 160.48
149500 160.539
149510 160.6
149520 160.667
149530 160.732
149540 160.783
149550 160.817
149560 160.837
149570 160.846
149580 160.848
149590 160.849
149600 160.847
149610 160.835
149620 160.821
149630 160.813
149640 160.816
149650 160.836
149660 160.877
149670 160.934
149680 161.004
149690 161.085
149700 161.173
149710 161.255
149720 161.327
149730 161.392
149740 161.446
149750 161.476
149760 161.477
149770 161.464
149780 161.444
149790 161.414
149800 161.377
149810 161.337
149820 161.293
149830 161.242
149840 161.185
149850 161.133
149860 161.094
149870 161.073
149880 161.073
149890 161.096
149900 161.14
149910 161.201
149920 161.267
149930 161.327
149940 161.38
149950 161.425
149960 161.467
149970 161.513
149980 161.567
149990 161.629
150000 161.695
150010 161.759
150020 161.812
150030 161.855
150040 161.896
150050 161.944
150060 162.003
150070 162.078
150080 162.17
150090 162.272
150100 162.378
150110 162.484
150120 162.585
150130 162.681
150140 162.777
150150 162.875
150160 162.974
150170 163.068
150180 163.147
150190 163.21
150200 163.263
150210 163.312
150220 163.349
150230 163.366
150240 163.368
150250 163.367
150260 163.376
150270 163.408
150280 163.468
150290 163.542
150300 163.616
150310 163.681
150320 163.734
150330 163.768
150340 163.78
150350 163.784
150360 163.789
150370 163.79
150380 163.778
150390 163.747
150400 163.693
150410 163.616
150420 163.525
150430 163.424
150440 163.322
150450 163.225
150460 163.133
150470 163.038
150480 162.943
150490 162.857
150500 162.785
150510 162.727
150520 162.686
150530 162.666
150540 162.665
150550 162.68
150560 162.715
150570 162.767
150580 162.828
150590 162.893
150600 162.958
150610 163.026
150620 163.091
150630 163.144
150640 163.175
150650 163.186
150660 163.187
150670 163.184
150680 163.178
150690 163.172
150700 163.173
150710 163.188
150720 163.22
150730 163.261
150740 163.3
150750 163.332
150760 163.354
150770 163.355
150780 163.329
150790 163.282
150800 163.234
150810 163.196
150820 163.165
150830 163.136
150840 163.114
150850 163.098
150860 163.086
150870 163.076
150880 163.07
150890 163.067
150900 163.066
150910 163.069
150920 163.08
150930 163.102
150940 163.139
150950 163.195
150960 163.265
150970 163.334
150980 163.385
150990 163.416
151000 163.435
151010 163.445
151020 163.444
151030 163.438
151040 163.439
151050 163.446
151060 163.446
151070 163.434
151080 163.412
151090 163.382
151100 163.352
151110 163.329
151120 163.317
151130 163.318
151140 163.332
151150 163.356
151160 163.389
151170 163.431
151180 163.476
151190 163.513
151200 163.545
151210 163.586
151220 163.639
151230 163.697
151240 163.752
151250 163.802
151260 163.853
151270 163.909
151280 163.962
151290 164.001
151300 164.026
151310 164.042
151320 164.057
151330 164.082
151340 164.128
151350 164.198
151360 164.287
151370 164.38
151380 164.465
151390 164.532
151400 164.574
151410 164.592
151420 164.587
151430 164.57
151440 164.555
151450 164.552
151460 164.561
151470 164.579
151480 164.607
151490 164.645
151500 164.684
151510 164.715
151520 164.727
151530 164.714
151540 164.676
151550 164.622
151560 164.565
151570 164.52
151580 164.495
151590 164.488
151600 164.495
151610 164.51
151620 164.527
151630 164.54
151640 164.54
151650 164.523
151660 164.492
151670 164.457
151680 164.424
151690 164.394
151700 164.372
151710 164.361
151720 164.355
151730 164.345
151740 164.328
151750 164.309
151760 164.293
151770 164.279
151780 164.261
151790 164.232
151800 164.195
151810 164.16
151820 164.133
151830 164.111
151840 164.089
151850 164.066
151860 164.04
151870 164.007
151880 163.967
151890 163.927
151900 163.886
151910 163.831
151920 163.754
151930 163.659
151940 163.559
151950 163.459
151960 163.363
151970 163.277
151980 163.202
151990 163.131
152000 163.06
152010 162.993
152020 162.936
152030 162.89
152040 162.859
152050 162.845
152060 162.844
152070 162.844
152080 162.836
152090 162.828
152100 162.832
152110 162.85
152120 162.878
152130 162.912
152140 162.953
152150 163.003
152160 163.067
152170 163.149
152180 163.237
152190 163.31
152200 163.363
152210 163.407
152220 163.446
152230 163.477
152240 163.493
152250 163.497
152260 163.501
152270 163.506
152280 163.503
152290 163.483
152300 163.443
152310 163.39
152320 163.333
152330 163.276
152340 163.219
152350 163.168
152360 163.131
152370 163.118
152380 163.131
152390 163.158
152400 163.189
152410 163.225
152420 163.266
152430 163.303
152440 163.326
152450 163.333
152460 163.328
152470 163.323
152480 163.331
152490 163.349
152500 163.374
152510 163.406
152520 163.443
152530 163.476
152540 163.496
152550 163.503
152560 163.508
152570 163.517
152580 163.534
152590 163.551
152600 163.563
152610 163.573
152620 163.583
152630 163.587
152640 163.58
152650 163.563
152660 163.541
152670 163.516
152680 163.49
152690 163.466
152700 163.439
152710 163.41
152720 163.381
152730 163.354
152740 163.327
152750 163.302
152760 163.289
152770 163.288
152780 163.298
152790 163.316
152800 163.344
152810 163.381
152820 163.432
152830 163.5
152840 163.588
152850 163.694
152860 163.814
152870 163.937
152880 164.053
152890 164.161
152900 164.257
152910 164.333
152920 164.378
152930 164.399
152940 164.413
152950 164.427
152960 164.441
152970 164.457
152980 164.479
152990 164.51
153000 164.545
153010 164.584
153020 164.629
153030 164.674
153040 164.708
153050 164.729
153060 164.736
153070 164.726
153080 164.695
153090 164.648
153100 164.594
153110 164.537
153120 164.486
153130 164.451
153140 164.437
153150 164.448
153160 164.483
153170 164.529
153180 164.567
153190 164.597
153200 164.626
153210 164.656
153220 164.685
153230 164.717
153240 164.755
153250 164.796
153260 164.838
153270 164.882
153280 164.926
153290 164.974
153300 165.035
153310 165.111
153320 165.194
153330 165.277
153340 165.366
153350 165.459
153360 165.546
153370 165.62
153380 165.68
153390 165.722
153400 165.735
153410 165.723
153420 165.696
153430 165.666
153440 165.638
153450 165.619
153460 165.611
153470 165.611
153480 165.614
153490 165.618
153500 165.628
153510 165.648
153520 165.677
153530 165.717
153540 165.773
153550 165.843
153560 165.919
153570 165.992
153580 166.063
153590 166.125
153600 166.166
153610 166.178
153620 166.159
153630 166.115
153640 166.054
153650 165.981
153660 165.899
153670 165.816
153680 165.744
153690 165.689
153700 165.653
153710 165.636
153720 165.633
153730 165.641
153740 165.661
153750 165.696
153760 165.746
153770 165.805
153780 165.873
153790 165.951
153800 166.033
153810 166.104
153820 166.162
153830 166.21
153840 166.248
153850 166.273
153860 166.29
153870 166.306
153880 166.324
153890 166.341
153900 166.364
153910 166.401
153920 166.444
153930 166.475
153940 166.49
153950 166.496
153960 166.501
153970 166.498
153980 166.479
153990 166.445
154000 166.401
154010 166.342
154020 166.266
154030 166.176
154040 166.071
154050 165.955
154060 165.836
154070 165.722
154080 165.623
154090 165.552
154100 165.515
154110 165.509
154120 165.526
154130 165.564
154140 165.614
154150 165.657
154160 165.686
154170 165.709
154180 165.733
154190 165.759
154200 165.789
154210 165.827
154220 165.87
154230 165.913
154240 165.954
154250 165.988
154260 166.018
154270 166.051
154280 166.08
154290 166.093
154300 166.085
154310 166.057
154320 166.014
154330 165.96
154340 165.908
154350 165.863
154360 165.819
154370 165.766
154380 165.705
154390 165.649
154400 165.61
154410 165.594
154420 165.602
154430 165.631
154440 165.67
154450 165.709
154460 165.741
154470 165.77
154480 165.798
154490 165.83
154500 165.861
154510 165.889
154520 165.922
154530 165.96
154540 166
154550 166.035
154560 166.066
154570 166.1
154580 166.134
154590 166.166
154600 166.196
154610 166.23
154620 166.273
154630 166.321
154640 166.371
154650 166.418
154660 166.462
154670 166.511
154680 166.571
154690 166.642
154700 166.715
154710 166.787
154720 166.851
154730 166.899
154740 166.934
154750 166.963
154760 166.989
154770 167.016
154780 167.052
154790 167.095
154800 167.147
154810 167.202
154820 167.254
154830 167.298
154840 167.336
154850 167.362
154860 167.373
154870 167.373
154880 167.37
154890 167.366
154900 167.361
154910 167.359
154920 167.364
154930 167.379
154940 167.399
154950 167.422
154960 167.456
154970 167.504
154980 167.56
154990 167.618
155000 167.674
155010 167.724
155020 167.765
155030 167.796
155040 167.825
155050 167.855
155060 167.887
155070 167.913
155080 167.932
155090 167.944
155100 167.948
155110 167.945
155120 167.939
155130 167.935
155140 167.932
155150 167.922
155160 167.897
155170 167.864
155180 167.83
155190 167.794
155200 167.757
155210 167.72
155220 167.692
155230 167.672
155240 167.655
155250 167.641
155260 167.631
155270 167.632
155280 167.646
155290 167.66
155300 167.667
155310 167.671
155320 167.675
155330 167.675
155340 167.678
155350 167.688
155360 167.699
155370 167.709
155380 167.719
155390 167.726
155400 167.721
155410 167.698
155420 167.663
155430 167.623
155440 167.582
155450 167.542
155460 167.507
155470 167.475
155480 167.443
155490 167.415
155500 167.396
155510 167.394
155520 167.408
155530 167.439
155540 167.484
155550 167.535
155560 167.591
155570 167.655
155580 167.723
155590 167.787
155600 167.847
155610 167.912
155620 167.988
155630 168.075
155640 168.172
155650 168.269
155660 168.362
155670 168.446
155680 168.512
155690 168.547
155700 168.558
155710 168.557
155720 168.555
155730 168.561
155740 168.583
155750 168.625
155760 168.677
155770 168.728
155780 168.772
155790 168.808
155800 168.83
155810 168.835
155820 168.822
155830 168.788
155840 168.728
155850 168.644
155860 168.539
155870 168.419
155880 168.288
155890 168.156
155900 168.041
155910 167.962
155920 167.929
155930 167.936
155940 167.973
155950 168.032
155960 168.108
155970 168.187
155980 168.264
155990 168.337
156000 168.409
156010 168.482
156020 168.557
156030 168.627
156040 168.689
156050 168.743
156060 168.793
156070 168.836
156080 168.876
156090 168.917
156100 168.954
156110 168.978
156120 168.996
156130 169.013
156140 169.034
156150 169.065
156160 169.109
156170 169.163
156180 169.224
156190 169.295
156200 169.377
156210 169.461
156220 169.538
156230 169.607
156240 169.661
156250 169.691
156260 169.697
156270 169.686
156280 169.658
156290 169.614
156300 169.561
156310 169.516
156320 169.489
156330 169.478
156340 169.48
156350 169.497
156360 169.522
156370 169.544
156380 169.551
156390 169.54
156400 169.516
156410 169.487
156420 169.462
156430 169.445
156440 169.439
156450 169.433
156460 169.422
156470 169.413
156480 169.408
156490 169.395
156500 169.367
156510 169.327
156520 169.279
156530 169.222
156540 169.17
156550 169.137
156560 169.129
156570 169.133
156580 169.137
156590 169.143
156600 169.156
156610 169.174
156620 169.198
156630 169.228
156640 169.26
156650 169.293
156660 169.322
156670 169.335
156680 169.333
156690 169.324
156700 169.32
156710 169.329
156720 169.346
156730 169.364
156740 169.382
156750 169.399
156760 169.421
156770 169.45
156780 169.482
156790 169.516
156800 169.55
156810 169.57
156820 169.56
156830 169.52
156840 169.46
156850 169.392
156860 169.321
156870 169.253
156880 169.195
156890 169.159
156900 169.152
156910 169.177
156920 169.227
156930 169.292
156940 169.363
156950 169.439
156960 169.52
156970 169.611
156980 169.714
156990 169.829
157000 169.955
157010 170.087
157020 170.226
157030 170.371
157040 170.515
157050 170.654
157060 170.785
157070 170.903
157080 171.003
157090 171.081
157100 171.137
157110 171.174
157120 171.202
157130 171.221
157140 171.234
157150 171.245
157160 171.254
157170 171.255
157180 171.251
157190 171.247
157200 171.235
157210 171.219
157220 171.201
157230 171.175
157240 171.138
157250 171.099
157260 171.07
157270 171.056
157280 171.061
157290 171.086
157300 171.129
157310 171.181
157320 171.235
157330 171.289
157340 171.338
157350 171.385
157360 171.431
157370 171.477
157380 171.521
157390 171.561
157400 171.598
157410 171.638
157420 171.685
157430 171.739
157440 171.801
157450 171.87
157460 171.941
157470 172.007
157480 172.064
157490 172.116
157500 172.169
157510 172.229
157520 172.298
157530 172.376
157540 172.451
157550 172.509
157560 172.539
157570 172.546
157580 172.538
157590 172.522
157600 172.502
157610 172.481
157620 172.468
157630 172.477
157640 172.521
157650 172.598
157660 172.698
157670 172.811
157680 172.935
157690 173.065
157700 173.194
157710 173.317
157720 173.43
157730 173.523
157740 173.587
157750 173.613
157760 173.601
157770 173.555
157780 173.473
157790 173.362
157800 173.242
157810 173.143
157820 173.081
157830 173.06
157840 173.076
157850 173.125
157860 173.192
157870 173.27
157880 173.356
157890 173.451
157900 173.552
157910 173.66
157920 173.771
157930 173.879
157940 173.987
157950 174.098
157960 174.2
157970 174.284
157980 174.351
157990 174.405
158000 174.448
158010 174.479
158020 174.501
158030 174.52
158040 174.543
158050 174.568
158060 174.592
158070 174.606
158080 174.611
158090 174.619
158100 174.638
158110 174.655
158120 174.653
158130 174.631
158140 174.598
158150 174.558
158160 174.512
158170 174.466
158180 174.423
158190 174.377
158200 174.33
158210 174.291
158220 174.262
158230 174.242
158240 174.231
158250 174.238
158260 174.268
158270 174.312
158280 174.353
158290 174.383
158300 174.402
158310 174.419
158320 174.442
158330 174.469
158340 174.497
158350 174.527
158360 174.556
158370 174.577
158380 174.589
158390 174.602
158400 174.628
158410 174.658
158420 174.677
158430 174.681
158440 174.673
158450 174.663
158460 174.654
158470 174.643
158480 174.625
158490 174.597
158500 174.559
158510 174.513
158520 174.459
158530 174.397
158540 174.329
158550 174.258
158560 174.193
158570 174.139
158580 174.097
158590 174.068
158600 174.058
158610 174.071
158620 174.108
158630 174.173
158640 174.261
158650 174.361
158660 174.466
158670 174.578
158680 174.694
158690 174.805
158700 174.899
158710 174.975
158720 175.044
158730 175.12
158740 175.205
158750 175.29
158760 175.371
158770 175.452
158780 175.534
158790 175.608
158800 175.669
158810 175.717
158820 175.757
158830 175.79
158840 175.815
158850 175.836
158860 175.86
158870 175.889
158880 175.919
158890 175.942
158900 175.956
158910 175.958
158920 175.948
158930 175.93
158940 175.901
158950 175.866
158960 175.834
158970 175.81
158980 175.791
158990 175.775
159000 175.761
159010 175.745
159020 175.727
159030 175.708
159040 175.691
159050 175.681
159060 175.685
159070 175.706
159080 175.743
159090 175.797
159100 175.873
159110 175.964
159120 176.054
159130 176.129
159140 176.185
159150 176.222
159160 176.242
159170 176.252
159180 176.259
159190 176.263
159200 176.264
159210 176.262
159220 176.249
159230 176.218
159240 176.171
159250 176.114
159260 176.05
159270 175.979
159280 175.912
159290 175.857
159300 175.821
159310 175.805
159320 175.807
159330 175.825
159340 175.862
159350 175.921
159360 175.993
159370 176.069
159380 176.146
159390 176.22
159400 176.287
159410 176.343
159420 176.393
159430 176.436
159440 176.471
159450 176.495
159460 176.504
159470 176.504
159480 176.505
159490 176.504
159500 176.489
159510 176.464
159520 176.446
159530 176.441
159540 176.44
159550 176.439
159560 176.443
159570 176.46
159580 176.49
159590 176.533
159600 176.588
159610 176.652
159620 176.718
159630 176.779
159640 176.839
159650 176.907
159660 176.974
159670 177.034
159680 177.086
159690 177.134
159700 177.179
159710 177.222
159720 177.266
159730 177.32
159740 177.389
159750 177.467
159760 177.543
159770 177.607
159780 177.654
159790 177.677
159800 177.677
159810 177.667
159820 177.661
159830 177.663
159840 177.676
159850 177.701
159860 177.741
159870 177.796
159880 177.87
159890 177.967
159900 178.076
159910 178.182
159920 178.27
159930 178.342
159940 178.403
159950 178.458
159960 178.501
159970 178.532
159980 178.563
159990 178.613
160000 178.69
160010 178.781
160020 178.871
160030 178.959
160040 179.054
160050 179.166
160060 179.29
160070 179.401
160080 179.488
160090 179.562
160100 179.642
160110 179.731
160120 179.816
160130 179.881
160140 179.928
160150 179.967
160160 180.004
160170 180.041
160180 180.08
160190 180.123
160200 180.169
160210 180.21
160220 180.24
160230 180.264
160240 180.285
160250 180.306
160260 180.325
160270 180.34
160280 180.349
160290 180.357
160300 180.368
160310 180.381
160320 180.39
160330 180.399
160340 180.419
160350 180.455
160360 180.496
160370 180.532
160380 180.56
160390 180.585
160400 180.613
160410 180.644
160420 180.671
160430 180.691
160440 180.709
160450 180.715
160460 180.701
160470 180.674
160480 180.647
160490 180.629
160500 180.621
160510 180.629
160520 180.66
160530 180.712
160540 180.78
160550 180.859
160560 180.933
160570 180.993
160580 181.044
160590 181.096
160600 181.161
160610 181.241
160620 181.334
160630 181.435
160640 181.54
160650 181.644
160660 181.742
160670 181.83
160680 181.9
160690 181.951
160700 181.988
160710 182.016
160720 182.039
160730 182.06
160740 182.083
160750 182.107
160760 182.13
160770 182.152
160780 182.178
160790 182.207
160800 182.236
160810 182.264
160820 182.289
160830 182.306
160840 182.318
160850 182.335
160860 182.365
160870 182.402
160880 182.438
160890 182.471
160900 182.5
160910 182.52
160920 182.529
160930 182.534
160940 182.546
160950 182.568
160960 182.589
160970 182.596
160980 182.587
160990 182.566
161000 182.535
161010 182.503
161020 182.471
161030 182.437
161040 182.403
161050 182.375
161060 182.355
161070 182.331
161080 182.307
161090 182.292
161100 182.284
161110 182.282
161120 182.29
161130 182.313
161140 182.346
161150 182.377
161160 182.393
161170 182.388
161180 182.358
161190 182.307
161200 182.24
161210 182.161
161220 182.076
161230 181.994
161240 181.922
161250 181.86
161260 181.8
161270 181.738
161280 181.671
161290 181.6
161300 181.53
161310 181.467
161320 181.412
161330 181.364
161340 181.323
161350 181.296
161360 181.289
161370 181.309
161380 181.354
161390 181.406
161400 181.456
161410 181.504
161420 181.558
161430 181.614
161440 181.668
161450 181.725
161460 181.791
161470 181.872
161480 181.962
161490 182.055
161500 182.139
161510 182.209
161520 182.267
161530 182.313
161540 182.342
161550 182.357
161560 182.361
161570 182.352
161580 182.335
161590 182.316
161600 182.302
161610 182.289
161620 182.28
161630 182.279
161640 182.285
161650 182.294
161660 182.306
161670 182.318
161680 182.325
161690 182.326
161700 182.325
161710 182.326
161720 182.331
161730 182.341
161740 182.357
161750 182.376
161760 182.396
161770 182.406
161780 182.406
161790 182.398
161800 182.389
161810 182.376
161820 182.359
161830 182.343
161840 182.329
161850 182.315
161860 182.296
161870 182.27
161880 182.241
161890 182.217
161900 182.21
161910 182.223
161920 182.25
161930 182.281
161940 182.306
161950 182.32
161960 182.319
161970 182.305
161980 182.291
161990 182.289
162000 182.299
162010 182.309
162020 182.313
162030 182.313
162040 182.305
162050 182.284
162060 182.25
162070 182.208
162080 182.156
162090 182.095
162100 182.032
162110 181.971
162120 181.91
162130 181.85
162140 181.798
162150 181.755
162160 181.724
162170 181.715
162180 181.732
162190 181.773
162200 181.822
162210 181.872
162220 181.923
162230 181.974
162240 182.013
162250 182.03
162260 182.029
162270 182.021
162280 182.014
162290 182.01
162300 182.014
162310 182.028
162320 182.058
162330 182.109
162340 182.171
162350 182.23
162360 182.28
162370 182.323
162380 182.364
162390 182.409
162400 182.457
162410 182.503
162420 182.546
162430 182.587
162440 182.621
162450 182.647
162460 182.667
162470 182.681
162480 182.685
162490 182.678
162500 182.666
162510 182.655
162520 182.642
162530 182.629
162540 182.618
162550 182.606
162560 182.586
162570 182.552
162580 182.511
162590 182.465
162600 182.414
162610 182.353
162620 182.285
162630 182.213
162640 182.139
162650 182.068
162660 182.004
162670 181.949
162680 181.9
162690 181.859
162700 181.832
162710 181.818
162720 181.811
162730 181.807
162740 181.813
162750 181.835
162760 181.864
162770 181.891
162780 181.919
162790 181.956
162800 182.004
162810 182.059
162820 182.122
162830 182.185
162840 182.241
162850 182.288
162860 182.332
162870 182.367
162880 182.388
162890 182.404
162900 182.426
162910 182.45
162920 182.467
162930 182.481
162940 182.503
162950 182.53
162960 182.551
162970 182.556
162980 182.543
162990 182.514
163000 182.478
163010 182.443
163020 182.415
163030 182.395
163040 182.382
163050 182.378
163060 182.398
163070 182.448
163080 182.514
163090 182.579
163100 182.64
163110 182.698
163120 182.747
163130 182.78
163140 182.794
163150 182.788
163160 182.769
163170 182.747
163180 182.737
163190 182.75
163200 182.785
163210 182.839
163220 182.902
163230 182.967
163240 183.03
163250 183.088
163260 183.136
163270 183.176
163280 183.217
163290 183.263
163300 183.312
163310 183.355
163320 183.391
163330 183.426
163340 183.465
163350 183.505
163360 183.541
163370 183.581
163380 183.625
163390 183.663
163400 183.692
163410 183.72
163420 183.752
163430 183.787
163440 183.828
163450 183.872
163460 183.908
163470 183.932
163480 183.946
163490 183.954
163500 183.959
163510 183.968
163520 183.986
163530 184.01
163540 184.034
163550 184.053
163560 184.069
163570 184.083
163580 184.097
163590 184.105
163600 184.107
163610 184.105
163620 184.1
163630 184.087
163640 184.068
163650 184.048
163660 184.028
163670 184.011
163680 183.997
163690 183.993
163700 183.997
163710 184.005
163720 184.012
163730 184.019
163740 184.032
163750 184.051
163760 184.071
163770 184.087
163780 184.102
163790 184.117
163800 184.131
163810 184.143
163820 184.158
163830 184.184
163840 184.216
163850 184.248
163860 184.276
163870 184.298
163880 184.311
163890 184.315
163900 184.317
163910 184.325
163920 184.345
163930 184.377
163940 184.417
163950 184.462
163960 184.509
163970 184.545
163980 184.558
163990 184.552
164000 184.537
164010 184.516
164020 184.491
164030 184.469
164040 184.457
164050 184.454
164060 184.452
164070 184.45
164080 184.454
164090 184.459
164100 184.45
164110 184.415
164120 184.359
164130 184.293
164140 184.222
164150 184.143
164160 184.057
164170 183.963
164180 183.871
164190 183.794
164200 183.743
164210 183.717
164220 183.717
164230 183.741
164240 183.785
164250 183.837
164260 183.893
164270 183.955
164280 184.024
164290 184.098
164300 184.171
164310 184.24
164320 184.31
164330 184.38
164340 184.444
164350 184.493
164360 184.524
164370 184.533
164380 184.528
164390 184.52
164400 184.513
164410 184.51
164420 184.51
164430 184.505
164440 184.491
164450 184.469
164460 184.448
164470 184.438
164480 184.446
164490 184.472
164500 184.519
164510 184.588
164520 184.681
164530 184.796
164540 184.924
164550 185.052
164560 185.169
164570 185.275
164580 185.375
164590 185.475
164600 185.571
164610 185.66
164620 185.748
164630 185.833
164640 185.911
164650 185.973
164660 186.01
164670 186.019
164680 186.006
164690 185.978
164700 185.941
164710 185.903
164720 185.873
164730 185.851
164740 185.837
164750 185.831
164760 185.833
164770 185.852
164780 185.897
164790 185.968
164800 186.058
164810 186.155
164820 186.243
164830 186.312
164840 186.362
164850 186.401
164860 186.432
164870 186.454
164880 186.459
164890 186.436
164900 186.383
164910 186.31
164920 186.219
164930 186.111
164940 185.995
164950 185.887
164960 185.797
164970 185.726
164980 185.67
164990 185.624
165000 185.581
165010 185.537
165020 185.492
165030 185.439
165040 185.374
165050 185.303
165060 185.239
165070 185.185
165080 185.13
165090 185.064
165100 184.987
165110 184.905
165120 184.834
165130 184.786
165140 184.767
165150 184.77
165160 184.788
165170 184.826
165180 184.883
165190 184.952
165200 185.034
165210 185.139
165220 185.261
165230 185.387
165240 185.505
165250 185.605
165260 185.681
165270 185.731
165280 185.761
165290 185.78
165300 185.792
165310 185.799
165320 185.803
165330 185.804
165340 185.801
165350 185.794
165360 185.788
165370 185.786
165380 185.791
165390 185.803
165400 185.82
165410 185.837
165420 185.86
165430 185.895
165440 185.938
165450 185.977
165460 186.009
165470 186.036
165480 186.052
165490 186.048
165500 186.031
165510 186.015
165520 186.004
165530 185.992
165540 185.984
165550 185.994
165560 186.02
165570 186.05
165580 186.07
165590 186.086
165600 186.11
165610 186.148
165620 186.196
165630 186.244
165640 186.286
165650 186.323
165660 186.358
165670 186.393
165680 186.428
165690 186.457
165700 186.473
165710 186.473
165720 186.456
165730 186.423
165740 186.376
165750 186.319
165760 186.263
165770 186.209
165780 186.154
165790 186.093
165800 186.026
165810 185.964
165820 185.913
165830 185.87
165840 185.835
165850 185.813
165860 185.801
165870 185.792
165880 185.791
165890 185.802
165900 185.822
165910 185.853
165920 185.901
165930 185.969
165940 186.05
165950 186.129
165960 186.194
165970 186.24
165980 186.274
165990 186.298
166000 186.315
166010 186.328
166020 186.336
166030 186.341
166040 186.355
166050 186.387
166060 186.437
166070 186.5
166080 186.566
166090 186.627
166100 186.676
166110 186.706
166120 186.718
166130 186.715
166140 186.693
166150 186.652
166160 186.598
166170 186.533
166180 186.462
166190 186.392
166200 186.322
166210 186.252
166220 186.19
166230 186.145
166240 186.123
166250 186.121
166260 186.131
166270 186.145
166280 186.161
166290 186.175
166300 186.186
166310 186.193
166320 186.198
166330 186.203
166340 186.208
166350 186.211
166360 186.215
166370 186.217
166380 186.213
166390 186.196
166400 186.174
166410 186.159
166420 186.156
166430 186.159
166440 186.158
166450 186.146
166460 186.116
166470 186.071
166480 186.025
166490 185.988
166500 185.958
166510 185.923
166520 185.882
166530 185.842
166540 185.804
166550 185.763
166560 185.722
166570 185.688
166580 185.669
166590 185.669
166600 185.685
166610 185.703
166620 185.715
166630 185.722
166640 185.731
166650 185.743
166660 185.761
166670 185.787
166680 185.815
166690 185.843
166700 185.869
166710 185.89
166720 185.902
166730 185.906
166740 185.909
166750 185.921
166760 185.946
166770 185.979
166780 186.015
166790 186.055
166800 186.096
166810 186.133
166820 186.158
166830 186.172
166840 186.177
166850 186.179
166860 186.184
166870 186.192
166880 186.198
166890 186.204
166900 186.21
166910 186.214
166920 186.22
166930 186.233
166940 186.248
166950 186.253
166960 186.244
166970 186.224
166980 186.2
166990 186.178
167000 186.16
167010 186.144
167020 186.122
167030 186.1
167040 186.096
167050 186.115
167060 186.149
167070 186.192
167080 186.245
167090 186.308
167100 186.368
167110 186.417
167120 186.456
167130 186.493
167140 186.527
167150 186.552
167160 186.565
167170 186.574
167180 186.585
167190 186.6
167200 186.608
167210 186.603
167220 186.581
167230 186.543
167240 186.499
167250 186.459
167260 186.431
167270 186.414
167280 186.406
167290 186.403
167300 186.407
167310 186.419
167320 186.436
167330 186.463
167340 186.505
167350 186.557
167360 186.61
167370 186.664
167380 186.72
167390 186.777
167400 186.833
167410 186.887
167420 186.944
167430 187.004
167440 187.061
167450 187.118
167460 187.178
167470 187.233
167480 187.278
167490 187.318
167500 187.359
167510 187.398
167520 187.43
167530 187.455
167540 187.474
167550 187.486
167560 187.493
167570 187.5
167580 187.521
167590 187.566
167600 187.635
167610 187.719
167620 187.806
167630 187.891
167640 187.983
167650 188.08
167660 188.169
167670 188.241
167680 188.293
167690 188.329
167700 188.347
167710 188.34
167720 188.305
167730 188.251
167740 188.199
167750 188.157
167760 188.134
167770 188.138
167780 188.167
167790 188.208
167800 188.257
167810 188.317
167820 188.393
167830 188.488
167840 188.598
167850 188.718
167860 188.843
167870 188.969
167880 189.086
167890 189.188
167900 189.275
167910 189.353
167920 189.429
167930 189.512
167940 189.607
167950 189.713
167960 189.831
167970 189.96
167980 190.095
167990 190.227
168000 190.355
168010 190.481
168020 190.601
168030 190.705
168040 190.787
168050 190.845
168060 190.883
168070 190.915
168080 190.945
168090 190.981
168100 191.026
168110 191.081
168120 191.137
168130 191.189
168140 191.232
168150 191.265
168160 191.295
168170 191.332
168180 191.38
168190 191.433
168200 191.48
168210 191.52
168220 191.554
168230 191.582
168240 191.603
168250 191.629
168260 191.662
168270 191.699
168280 191.738
168290 191.775
168300 191.805
168310 191.827
168320 191.848
168330 191.871
168340 191.885
168350 191.878
168360 191.844
168370 191.786
168380 191.715
168390 191.638
168400 191.559
168410 191.487
168420 191.429
168430 191.383
168440 191.342
168450 191.304
168460 191.27
168470 191.24
168480 191.217
168490 191.2
168500 191.186
168510 191.178
168520 191.179
168530 191.19
168540 191.21
168550 191.236
168560 191.269
168570 191.313
168580 191.367
168590 191.428
168600 191.501
168610 191.593
168620 191.699
168630 191.81
168640 191.927
168650 192.056
168660 192.188
168670 192.309
168680 192.414
168690 192.505
168700 192.581
168710 192.643
168720 192.686
168730 192.704
168740 192.693
168750 192.666
168760 192.631
168770 192.592
168780 192.543
168790 192.48
168800 192.404
168810 192.323
168820 192.243
168830 192.168
168840 192.095
168850 192.023
168860 191.96
168870 191.912
168880 191.878
168890 191.862
168900 191.868
168910 191.888
168920 191.913
168930 191.944
168940 191.985
168950 192.042
168960 192.11
168970 192.185
168980 192.262
168990 192.336
169000 192.41
169010 192.483
169020 192.551
169030 192.611
169040 192.669
169050 192.728
169060 192.787
169070 192.842
169080 192.89
169090 192.922
169100 192.934
169110 192.93
169120 192.917
169130 192.901
169140 192.891
169150 192.892
169160 192.902
169170 192.92
169180 192.949
169190 192.978
169200 193
169210 193.017
169220 193.039
169230 193.073
169240 193.117
169250 193.17
169260 193.229
169270 193.297
169280 193.372
169290 193.446
169300 193.508
169310 193.555
169320 193.588
169330 193.608
169340 193.618
169350 193.629
169360 193.646
169370 193.663
169380 193.677
169390 193.694
169400 193.714
169410 193.729
169420 193.732
169430 193.731
169440 193.731
169450 193.727
169460 193.716
169470 193.696
169480 193.66
169490 193.604
169500 193.528
169510 193.44
169520 193.345
169530 193.25
169540 193.153
169550 193.053
169560 192.951
169570 192.84
169580 192.719
169590 192.593
169600 192.472
169610 192.364
169620 192.276
169630 192.208
169640 192.153
169650 192.109
169660 192.082
169670 192.071
169680 192.069
169690 192.077
169700 192.096
169710 192.126
169720 192.17
169730 192.236
169740 192.33
169750 192.447
169760 192.577
169770 192.707
169780 192.83
169790 192.949
169800 193.064
169810 193.169
169820 193.262
169830 193.345
169840 193.421
169850 193.488
169860 193.545
169870 193.595
169880 193.641
169890 193.683
169900 193.722
169910 193.749
169920 193.76
169930 193.758
169940 193.75
169950 193.736
169960 193.716
169970 193.696
169980 193.679
169990 193.659
170000 193.635
170010 193.611
170020 193.59
170030 193.573
170040 193.558
170050 193.548
170060 193.544
170070 193.541
170080 193.534
170090 193.526
170100 193.52
170110 193.515
170120 193.511
170130 193.509
170140 193.508
170150 193.504
170160 193.499
170170 193.496
170180 193.5
170190 193.515
170200 193.539
170210 193.563
170220 193.582
170230 193.599
170240 193.617
170250 193.641
170260 193.681
170270 193.74
170280 193.807
170290 193.873
170300 193.943
170310 194.018
170320 194.091
170330 194.155
170340 194.208
170350 194.242
170360 194.247
170370 194.219
170380 194.158
170390 194.073
170400 193.973
170410 193.86
170420 193.73
170430 193.587
170440 193.446
170450 193.319
170460 193.212
170470 193.124
170480 193.057
170490 193.015
170500 193.011
170510 193.055
170520 193.138
170530 193.243
170540 193.366
170550 193.498
170560 193.617
170570 193.704
170580 193.752
170590 193.753
170600 193.706
170610 193.635
170620 193.563
170630 193.503
170640 193.462
170650 193.45
170660 193.47
170670 193.515
170680 193.575
170690 193.643
170700 193.715
170710 193.78
170720 193.83
170730 193.863
170740 193.878
170750 193.881
170760 193.879
170770 193.882
170780 193.898
170790 193.934
170800 193.984
170810 194.039
170820 194.104
170830 194.186
170840 194.286
170850 194.393
170860 194.5
170870 194.607
170880 194.717
170890 194.828
170900 194.936
170910 195.04
170920 195.141
170930 195.241
170940 195.339
170950 195.436
170960 195.532
170970 195.625
170980 195.708
170990 195.774
171000 195.823
171010 195.856
171020 195.869
171030 195.865
171040 195.853
171050 195.836
171060 195.809
171070 195.779
171080 195.758
171090 195.753
171100 195.756
171110 195.755
171120 195.744
171130 195.729
171140 195.714
171150 195.692
171160 195.651
171170 195.594
171180 195.527
171190 195.458
171200 195.394
171210 195.339
171220 195.294
171230 195.262
171240 195.245
171250 195.229
171260 195.196
171270 195.141
171280 195.08
171290 195.031
171300 194.994
171310 194.966
171320 194.944
171330 194.932
171340 194.93
171350 194.941
171360 194.964
171370 194.994
171380 195.032
171390 195.08
171400 195.139
171410 195.212
171420 195.298
171430 195.39
171440 195.476
171450 195.542
171460 195.586
171470 195.612
171480 195.622
171490 195.619
171500 195.607
171510 195.594
171520 195.58
171530 195.566
171540 195.562
171550 195.568
171560 195.572
171570 195.566
171580 195.545
171590 195.511
171600 195.462
171610 195.398
171620 195.326
171630 195.256
171640 195.195
171650 195.147
171660 195.116
171670 195.096
171680 195.071
171690 195.038
171700 195.003
171710 194.97
171720 194.939
171730 194.915
171740 194.903
171750 194.893
171760 194.883
171770 194.882
171780 194.898
171790 194.934
171800 194.989
171810 195.061
171820 195.144
171830 195.234
171840 195.325
171850 195.408
171860 195.478
171870 195.529
171880 195.565
171890 195.599
171900 195.622
171910 195.619
171920 195.585
171930 195.528
171940 195.448
171950 195.34
171960 195.211
171970 195.073
171980 194.941
171990 194.827
172000 194.736
172010 194.664
172020 194.604
172030 194.555
172040 194.514
172050 194.479
172060 194.443
172070 194.404
172080 194.362
172090 194.321
172100 194.285
172110 194.255
172120 194.231
172130 194.216
172140 194.205
172150 194.188
172160 194.152
172170 194.1
172180 194.042
172190 193.985
172200 193.935
172210 193.893
172220 193.855
172230 193.818
172240 193.782
172250 193.746
172260 193.713
172270 193.681
172280 193.649
172290 193.627
172300 193.625
172310 193.642
172320 193.665
172330 193.69
172340 193.725
172350 193.78
172360 193.855
172370 193.947
172380 194.056
172390 194.178
172400 194.305
172410 194.426
172420 194.529
172430 194.602
172440 194.649
172450 194.681
172460 194.705
172470 194.715
172480 194.706
172490 194.682
172500 194.637
172510 194.569
172520 194.479
172530 194.374
172540 194.261
172550 194.144
172560 194.02
172570 193.889
172580 193.757
172590 193.638
172600 193.539
172610 193.463
172620 193.415
172630 193.407
172640 193.434
172650 193.486
172660 193.552
172670 193.626
172680 193.705
172690 193.784
172700 193.861
172710 193.931
172720 193.993
172730 194.04
172740 194.068
172750 194.086
172760 194.103
172770 194.123
172780 194.149
172790 194.185
172800 194.221
172810 194.243
172820 194.241
172830 194.221
172840 194.193
172850 194.16
172860 194.134
172870 194.124
172880 194.128
172890 194.137
172900 194.149
172910 194.169
172920 194.191
172930 194.207
172940 194.218
172950 194.229
172960 194.251
172970 194.287
172980 194.333
172990 194.375
173000 194.406
173010 194.429
173020 194.449
173030 194.47
173040 194.488
173050 194.494
173060 194.486
173070 194.461
173080 194.417
173090 194.348
173100 194.253
173110 194.137
173120 194.004
173130 193.861
173140 193.713
173150 193.561
173160 193.412
173170 193.283
173180 193.177
173190 193.088
173200 193.009
173210 192.927
173220 192.842
173230 192.763
173240 192.7
173250 192.657
173260 192.634
173270 192.63
173280 192.637
173290 192.646
173300 192.65
173310 192.643
173320 192.623
173330 192.602
173340 192.591
173350 192.602
173360 192.639
173370 192.699
173380 192.772
173390 192.851
173400 192.929
173410 193.002
173420 193.067
173430 193.127
173440 193.186
173450 193.247
173460 193.305
173470 193.356
173480 193.39
173490 193.404
173500 193.4
173510 193.38
173520 193.345
173530 193.3
173540 193.256
173550 193.221
173560 193.202
173570 193.198
173580 193.204
173590 193.212
173600 193.211
173610 193.195
173620 193.16
173630 193.108
173640 193.045
173650 192.974
173660 192.902
173670 192.833
173680 192.77
173690 192.716
173700 192.675
173710 192.65
173720 192.63
173730 192.607
173740 192.585
173750 192.571
173760 192.57
173770 192.581
173780 192.598
173790 192.606
173800 192.596
173810 192.571
173820 192.543
173830 192.524
173840 192.519
173850 192.53
173860 192.551
173870 192.572
173880 192.591
173890 192.606
173900 192.612
173910 192.606
173920 192.59
173930 192.574
173940 192.572
173950 192.59
173960 192.631
173970 192.696
173980 192.779
173990 192.871
174000 192.975
174010 193.094
174020 193.231
174030 193.386
174040 193.559
174050 193.741
174060 193.918
174070 194.087
174080 194.252
174090 194.412
174100 194.562
174110 194.703
174120 194.838
174130 194.962
174140 195.075
174150 195.179
174160 195.272
174170 195.352
174180 195.423
174190 195.483
174200 195.53
174210 195.565
174220 195.599
174230 195.642
174240 195.692
174250 195.741
174260 195.781
174270 195.804
174280 195.809
174290 195.799
174300 195.781
174310 195.759
174320 195.734
174330 195.71
174340 195.69
174350 195.672
174360 195.647
174370 195.607
174380 195.557
174390 195.504
174400 195.452
174410 195.401
174420 195.351
174430 195.295
174440 195.223
174450 195.131
174460 195.019
174470 194.887
174480 194.738
174490 194.579
174500 194.414
174510 194.25
174520 194.092
174530 193.948
174540 193.83
174550 193.746
174560 193.692
174570 193.658
174580 193.637
174590 193.63
174600 193.637
174610 193.662
174620 193.703
174630 193.757
174640 193.824
174650 193.904
174660 193.994
174670 194.09
174680 194.179
174690 194.246
174700 194.279
174710 194.288
174720 194.286
174730 194.281
174740 194.285
174750 194.307
174760 194.345
174770 194.393
174780 194.444
174790 194.497
174800 194.544
174810 194.577
174820 194.595
174830 194.601
174840 194.602
174850 194.603
174860 194.604
174870 194.605
174880 194.608
174890 194.616
174900 194.628
174910 194.639
174920 194.648
174930 194.648
174940 194.628
174950 194.589
174960 194.54
174970 194.49
174980 194.451
174990 194.429
175000 194.427
175010 194.44
175020 194.464
175030 194.495
175040 194.537
175050 194.588
175060 194.638
175070 194.679
175080 194.713
175090 194.744
175100 194.764
175110 194.769
175120 194.757
175130 194.724
175140 194.667
175150 194.594
175160 194.52
175170 194.456
175180 194.404
175190 194.36
175200 194.311
175210 194.243
175220 194.153
175230 194.048
175240 193.941
175250 193.852
175260 193.792
175270 193.762
175280 193.753
175290 193.761
175300 193.778
175310 193.788
175320 193.777
175330 193.741
175340 193.685
175350 193.609
175360 193.522
175370 193.439
175380 193.374
175390 193.329
175400 193.3
175410 193.284
175420 193.278
175430 193.277
175440 193.289
175450 193.323
175460 193.385
175470 193.464
175480 193.55
175490 193.635
175500 193.722
175510 193.815
175520 193.905
175530 193.978
175540 194.023
175550 194.038
175560 194.032
175570 194.013
175580 193.987
175590 193.963
175600 193.946
175610 193.931
175620 193.91
175630 193.882
175640 193.854
175650 193.832
175660 193.822
175670 193.834
175680 193.871
175690 193.93
175700 194.008
175710 194.098
175720 194.182
175730 194.246
175740 194.287
175750 194.317
175760 194.346
175770 194.378
175780 194.409
175790 194.436
175800 194.466
175810 194.514
175820 194.591
175830 194.707
175840 194.858
175850 195.027
175860 195.195
175870 195.358
175880 195.517
175890 195.671
175900 195.822
175910 195.97
175920 196.106
175930 196.211
175940 196.276
175950 196.306
175960 196.317
175970 196.313
175980 196.289
175990 196.241
176000 196.17
176010 196.087
176020 196.004
176030 195.932
176040 195.874
176050 195.829
176060 195.805
176070 195.804
176080 195.827
176090 195.875
176100 195.948
176110 196.039
176120 196.145
176130 196.262
176140 196.38
176150 196.495
176160 196.602
176170 196.698
176180 196.781
176190 196.856
176200 196.925
176210 196.99
176220 197.057
176230 197.129
176240 197.203
176250 197.275
176260 197.339
176270 197.39
176280 197.431
176290 197.468
176300 197.502
176310 197.525
176320 197.535
176330 197.541
176340 197.545
176350 197.551
176360 197.56
176370 197.574
176380 197.591
176390 197.613
176400 197.645
176410 197.694
176420 197.751
176430 197.808
176440 197.866
176450 197.929
176460 197.999
176470 198.071
176480 198.136
176490 198.188
176500 198.225
176510 198.245
176520 198.242
176530 198.218
176540 198.177
176550 198.123
176560 198.069
176570 198.035
176580 198.027
176590 198.035
176600 198.047
176610 198.056
176620 198.065
176630 198.075
176640 198.088
176650 198.1
176660 198.112
176670 198.129
176680 198.157
176690 198.193
176700 198.226
176710 198.253
176720 198.276
176730 198.298
176740 198.321
176750 198.35
176760 198.386
176770 198.418
176780 198.436
176790 198.438
176800 198.426
176810 198.396
176820 198.347
176830 198.285
176840 198.222
176850 198.162
176860 198.104
176870 198.048
176880 198.001
176890 197.973
176900 197.963
176910 197.959
176920 197.953
176930 197.941
176940 197.919
176950 197.885
176960 197.843
176970 197.8
176980 197.757
176990 197.711
177000 197.678
177010 197.669
177020 197.684
177030 197.725
177040 197.8
177050 197.909
177060 198.037
177070 198.172
177080 198.306
177090 198.434
177100 198.559
177110 198.691
177120 198.83
177130 198.976
177140 199.129
177150 199.287
177160 199.436
177170 199.57
177180 199.685
177190 199.778
177200 199.844
177210 199.883
177220 199.9
177230 199.905
177240 199.906
177250 199.91
177260 199.918
177270 199.928
177280 199.934
177290 199.927
177300 199.906
177310 199.875
177320 199.838
177330 199.797
177340 199.757
177350 199.724
177360 199.702
177370 199.685
177380 199.668
177390 199.651
177400 199.633
177410 199.607
177420 199.575
177430 199.544
177440 199.511
177450 199.479
177460 199.453
177470 199.434
177480 199.419
177490 199.405
177500 199.394
177510 199.384
177520 199.362
177530 199.327
177540 199.289
177550 199.254
177560 199.225
177570 199.207
177580 199.196
177590 199.184
177600 199.167
177610 199.151
177620 199.141
177630 199.139
177640 199.147
177650 199.158
177660 199.162
177670 199.157
177680 199.146
177690 199.138
177700 199.142
177710 199.157
177720 199.173
177730 199.19
177740 199.207
177750 199.215
177760 199.21
177770 199.198
177780 199.182
177790 199.16
177800 199.14
177810 199.136
177820 199.15
177830 199.165
177840 199.174
177850 199.182
177860 199.19
177870 199.197
177880 199.202
177890 199.199
177900 199.18
177910 199.144
177920 199.1
177930 199.05
177940 198.993
177950 198.926
177960 198.847
177970 198.753
177980 198.644
177990 198.523
178000 198.405
178010 198.297
178020 198.202
178030 198.122
178040 198.065
178050 198.023
178060 197.987
178070 197.957
178080 197.929
178090 197.899
178100 197.879
178110 197.874
178120 197.88
178130 197.898
178140 197.929
178150 197.966
178160 197.998
178170 198.017
178180 198.021
178190 198.013
178200 198.005
178210 198.006
178220 198.017
178230 198.032
178240 198.05
178250 198.08
178260 198.135
178270 198.216
178280 198.311
178290 198.413
178300 198.518
178310 198.622
178320 198.718
178330 198.812
178340 198.913
178350 199.014
178360 199.102
178370 199.171
178380 199.22
178390 199.254
178400 199.288
178410 199.339
178420 199.406
178430 199.482
178440 199.559
178450 199.625
178460 199.676
178470 199.719
178480 199.755
178490 199.785
178500 199.815
178510 199.853
178520 199.895
178530 199.932
178540 199.967
178550 200.007
178560 200.052
178570 200.104
178580 200.17
178590 200.244
178600 200.314
178610 200.375
178620 200.431
178630 200.479
178640 200.519
178650 200.562
178660 200.616
178670 200.68
178680 200.748
178690 200.821
178700 200.907
178710 201.003
178720 201.099
178730 201.192
178740 201.283
178750 201.37
178760 201.449
178770 201.523
178780 201.589
178790 201.635
178800 201.648
178810 201.633
178820 201.602
178830 201.562
178840 201.516
178850 201.476
178860 201.456
178870 201.454
178880 201.455
178890 201.451
178900 201.444
178910 201.438
178920 201.429
178930 201.415
178940 201.401
178950 201.392
178960 201.386
178970 201.384
178980 201.389
178990 201.398
179000 201.389
179010 201.355
179020 201.302
179030 201.238
179040 201.171
179050 201.109
179060 201.06
179070 201.025
179080 200.997
179090 200.977
179100 200.974
179110 200.995
179120 201.035
179130 201.083
179140 201.127
179150 201.155
179160 201.156
179170 201.124
179180 201.063
179190 200.992
179200 200.931
179210 200.892
179220 200.88
179230 200.887
179240 200.907
179250 200.931
179260 200.948
179270 200.954
179280 200.952
179290 200.954
179300 200.963
179310 200.982
179320 201.008
179330 201.034
179340 201.049
179350 201.043
179360 201.016
179370 200.976
179380 200.927
179390 200.863
179400 200.78
179410 200.683
179420 200.585
179430 200.498
179440 200.425
179450 200.366
179460 200.325
179470 200.305
179480 200.3
179490 200.297
179500 200.295
179510 200.298
179520 200.306
179530 200.302
179540 200.275
179550 200.223
179560 200.149
179570 200.057
179580 199.962
179590 199.878
179600 199.805
179610 199.737
179620 199.681
179630 199.642
179640 199.62
179650 199.606
179660 199.595
179670 199.588
179680 199.591
179690 199.603
179700 199.613
179710 199.61
179720 199.577
179730 199.503
179740 199.395
179750 199.267
179760 199.129
179770 198.999
179780 198.894
179790 198.826
179800 198.796
179810 198.798
179820 198.818
179830 198.84
179840 198.856
179850 198.863
179860 198.859
179870 198.841
179880 198.817
179890 198.797
179900 198.782
179910 198.771
179920 198.765
179930 198.778
179940 198.819
179950 198.885
179960 198.968
179970 199.061
179980 199.164
179990 199.268
180000 199.366
180010 199.459
180020 199.546
180030 199.619
180040 199.676
180050 199.728
180060 199.791
180070 199.867
180080 199.949
180090 200.031
180100 200.117
180110 200.199
180120 200.263
180130 200.295
180140 200.3
180150 200.289
180160 200.269
180170 200.241
180180 200.208
180190 200.18
180200 200.171
180210 200.181
180220 200.21
180230 200.257
180240 200.317
180250 200.38
180260 200.434
180270 200.474
180280 200.5
180290 200.509
180300 200.5
180310 200.473
180320 200.434
180330 200.392
180340 200.36
180350 200.341
180360 200.337
180370 200.348
180380 200.374
180390 200.416
180400 200.473
180410 200.543
180420 200.62
180430 200.696
180440 200.765
180450 200.827
180460 200.884
180470 200.935
180480 200.982
180490 201.025
180500 201.062
180510 201.091
180520 201.121
180530 201.147
180540 201.167
180550 201.19
180560 201.227
180570 201.283
180580 201.357
180590 201.44
180600 201.524
180610 201.606
180620 201.683
180630 201.749
180640 201.803
180650 201.84
180660 201.861
180670 201.867
180680 201.861
180690 201.847
180700 201.828
180710 201.807
180720 201.791
180730 201.778
180740 201.759
180750 201.735
180760 201.714
180770 201.694
180780 201.669
180790 201.636
180800 201.597
180810 201.551
180820 201.501
180830 201.456
180840 201.423
180850 201.404
180860 201.405
180870 201.424
180880 201.454
180890 201.49
180900 201.534
180910 201.584
180920 201.634
180930 201.685
180940 201.741
180950 201.796
180960 201.837
180970 201.864
180980 201.885
180990 201.902
181000 201.908
181010 201.903
181020 201.889
181030 201.874
181040 201.863
181050 201.859
181060 201.856
181070 201.853
181080 201.857
181090 201.88
181100 201.926
181110 201.985
181120 202.049
181130 202.116
181140 202.186
181150 202.255
181160 202.325
181170 202.395
181180 202.456
181190 202.499
181200 202.52
181210 202.52
181220 202.5
181230 202.465
181240 202.43
181250 202.413
181260 202.419
181270 202.436
181280 202.45
181290 202.46
181300 202.471
181310 202.487
181320 202.505
181330 202.523
181340 202.547
181350 202.581
181360 202.619
181370 202.658
181380 202.7
181390 202.745
181400 202.795
181410 202.851
181420 202.911
181430 202.968
181440 203.016
181450 203.057
181460 203.095
181470 203.135
181480 203.184
181490 203.25
181500 203.326
181510 203.405
181520 203.488
181530 203.577
181540 203.669
181550 203.752
181560 203.815
181570 203.859
181580 203.889
181590 203.903
181600 203.894
181610 203.868
181620 203.835
181630 203.803
181640 203.776
181650 203.757
181660 203.752
181670 203.757
181680 203.772
181690 203.799
181700 203.834
181710 203.861
181720 203.868
181730 203.849
181740 203.807
181750 203.754
181760 203.708
181770 203.673
181780 203.649
181790 203.641
181800 203.653
181810 203.673
181820 203.691
181830 203.707
181840 203.722
181850 203.737
181860 203.754
181870 203.776
181880 203.806
181890 203.847
181900 203.896
181910 203.952
181920 204.013
181930 204.073
181940 204.128
181950 204.182
181960 204.247
181970 204.323
181980 204.397
181990 204.454
182000 204.495
182010 204.529
182020 204.56
182030 204.587
182040 204.613
182050 204.638
182060 204.656
182070 204.664
182080 204.667
182090 204.662
182100 204.645
182110 204.617
182120 204.594
182130 204.587
182140 204.591
182150 204.595
182160 204.599
182170 204.603
182180 204.608
182190 204.61
182200 204.614
182210 204.62
182220 204.616
182230 204.589
182240 204.545
182250 204.498
182260 204.457
182270 204.426
182280 204.401
182290 204.379
182300 204.355
182310 204.331
182320 204.314
182330 204.311
182340 204.33
182350 204.371
182360 204.425
182370 204.482
182380 204.532
182390 204.576
182400 204.615
182410 204.653
182420 204.694
182430 204.741
182440 204.794
182450 204.848
182460 204.91
182470 204.982
182480 205.063
182490 205.142
182500 205.213
182510 205.278
182520 205.343
182530 205.409
182540 205.476
182550 205.542
182560 205.602
182570 205.66
182580 205.724
182590 205.798
182600 205.874
182610 205.937
182620 205.982
182630 206.009
182640 206.014
182650 205.993
182660 205.956
182670 205.919
182680 205.88
182690 205.822
182700 205.745
182710 205.664
182720 205.588
182730 205.507
182740 205.413
182750 205.311
182760 205.213
182770 205.114
182780 205.019
182790 204.943
182800 204.895
182810 204.869
182820 204.858
182830 204.863
182840 204.881
182850 204.912
182860 204.959
182870 205.017
182880 205.07
182890 205.109
182900 205.136
182910 205.153
182920 205.151
182930 205.122
182940 205.07
182950 204.999
182960 204.913
182970 204.825
182980 204.748
182990 204.68
183000 204.609
183010 204.531
183020 204.449
183030 204.361
183040 204.265
183050 204.17
183060 204.082
183070 204.003
183080 203.932
183090 203.867
183100 203.813
183110 203.778
183120 203.757
183130 203.737
183140 203.709
183150 203.679
183160 203.654
183170 203.638
183180 203.627
183190 203.626
183200 203.647
183210 203.699
183220 203.774
183230 203.865
183240 203.97
183250 204.08
183260 204.188
183270 204.289
183280 204.386
183290 204.474
183300 204.557
183310 204.635
183320 204.704
183330 204.757
183340 204.792
183350 204.82
183360 204.857
183370 204.906
183380 204.959
183390 205.02
183400 205.097
183410 205.188
183420 205.288
183430 205.394
183440 205.507
183450 205.623
183460 205.732
183470 205.827
183480 205.907
183490 205.978
183500 206.038
183510 206.09
183520 206.133
183530 206.168
183540 206.195
183550 206.212
183560 206.219
183570 206.211
183580 206.175
183590 206.103
183600 206.006
183610 205.9
183620 205.792
183630 205.686
183640 205.596
183650 205.531
183660 205.485
183670 205.448
183680 205.422
183690 205.408
183700 205.4
183710 205.391
183720 205.371
183730 205.344
183740 205.315
183750 205.291
183760 205.272
183770 205.248
183780 205.217
183790 205.184
183800 205.156
183810 205.138
183820 205.124
183830 205.11
183840 205.101
183850 205.097
183860 205.08
183870 205.039
183880 204.98
183890 204.914
183900 204.844
183910 204.773
183920 204.715
183930 204.68
183940 204.663
183950 204.663
183960 204.683
183970 204.719
183980 204.762
183990 204.801
184000 204.836
184010 204.874
184020 204.91
184030 204.937
184040 204.964
184050 204.999
184060 205.036
184070 205.063
184080 205.081
184090 205.096
184100 205.114
184110 205.132
184120 205.141
184130 205.138
184140 205.126
184150 205.109
184160 205.091
184170 205.078
184180 205.068
184190 205.057
184200 205.044
184210 205.034
184220 205.028
184230 205.025
184240 205.028
184250 205.034
184260 205.034
184270 205.017
184280 204.988
184290 204.959
184300 204.939
184310 204.93
184320 204.94
184330 204.972
184340 205.027
184350 205.1
184360 205.193
184370 205.301
184380 205.413
184390 205.518
184400 205.606
184410 205.662
184420 205.685
184430 205.688
184440 205.685
184450 205.683
184460 205.684
184470 205.695
184480 205.719
184490 205.752
184500 205.784
184510 205.807
184520 205.817
184530 205.812
184540 205.793
184550 205.766
184560 205.741
184570 205.723
184580 205.715
184590 205.721
184600 205.746
184610 205.783
184620 205.819
184630 205.846
184640 205.868
184650 205.889
184660 205.91
184670 205.933
184680 205.962
184690 205.988
184700 206.005
184710 206.011
184720 206.009
184730 206.008
184740 206.02
184750 206.044
184760 206.068
184770 206.078
184780 206.069
184790 206.052
184800 206.032
184810 205.998
184820 205.946
184830 205.885
184840 205.824
184850 205.756
184860 205.675
184870 205.59
184880 205.517
184890 205.463
184900 205.426
184910 205.409
184920 205.421
184930 205.469
184940 205.543
184950 205.628
184960 205.71
184970 205.787
184980 205.86
184990 205.93
185000 205.986
185010 206.018
185020 206.021
185030 205.996
185040 205.956
185050 205.918
185060 205.883
185070 205.851
185080 205.819
185090 205.787
185100 205.755
185110 205.722
185120 205.696
185130 205.688
185140 205.694
185150 205.711
185160 205.747
185170 205.808
185180 205.888
185190 205.974
185200 206.05
185210 206.107
185220 206.131
185230 206.116
185240 206.07
185250 206.011
185260 205.961
185270 205.932
185280 205.92
185290 205.917
185300 205.921
185310 205.932
185320 205.949
185330 205.965
185340 205.973
185350 205.978
185360 205.985
185370 205.983
185380 205.958
185390 205.904
185400 205.83
185410 205.747
185420 205.663
185430 205.583
185440 205.515
185450 205.466
185460 205.446
185470 205.454
185480 205.489
185490 205.549
185500 205.63
185510 205.721
185520 205.808
185530 205.88
185540 205.932
185550 205.963
185560 205.974
185570 205.963
185580 205.932
185590 205.889
185600 205.849
185610 205.825
185620 205.821
185630 205.834
185640 205.856
185650 205.874
185660 205.884
185670 205.885
185680 205.886
185690 205.894
185700 205.92
185710 205.975
185720 206.058
185730 206.159
185740 206.275
185750 206.396
185760 206.506
185770 206.589
185780 206.642
185790 206.666
185800 206.661
185810 206.635
185820 206.602
185830 206.572
185840 206.547
185850 206.527
185860 206.508
185870 206.475
185880 206.422
185890 206.359
185900 206.299
185910 206.244
185920 206.187
185930 206.126
185940 206.066
185950 206.013
185960 205.971
185970 205.937
185980 205.91
185990 205.885
186000 205.855
186010 205.823
186020 205.8
186030 205.791
186040 205.792
186050 205.797
186060 205.801
186070 205.807
186080 205.815
186090 205.829
186100 205.847
186110 205.872
186120 205.904
186130 205.946
186140 206
186150 206.062
186160 206.13
186170 206.193
186180 206.234
186190 206.251
186200 206.246
186210 206.226
186220 206.194
186230 206.154
186240 206.109
186250 206.061
186260 206.011
186270 205.958
186280 205.906
186290 205.861
186300 205.831
186310 205.822
186320 205.835
186330 205.873
186340 205.934
186350 206.013
186360 206.11
186370 206.229
186380 206.355
186390 206.466
186400 206.546
186410 206.59
186420 206.605
186430 206.599
186440 206.579
186450 206.556
186460 206.541
186470 206.537
186480 206.537
186490 206.533
186500 206.525
186510 206.52
186520 206.522
186530 206.534
186540 206.557
186550 206.589
186560 206.63
186570 206.673
186580 206.719
186590 206.77
186600 206.824
186610 206.877
186620 206.93
186630 206.987
186640 207.056
186650 207.143
186660 207.238
186670 207.34
186680 207.451
186690 207.572
186700 207.692
186710 207.803
186720 207.909
186730 208.013
186740 208.111
186750 208.197
186760 208.275
186770 208.351
186780 208.422
186790 208.485
186800 208.545
186810 208.611
186820 208.682
186830 208.744
186840 208.793
186850 208.838
186860 208.886
186870 208.928
186880 208.963
186890 208.984
186900 208.982
186910 208.955
186920 208.916
186930 208.885
186940 208.869
186950 208.866
186960 208.867
186970 208.862
186980 208.846
186990 208.82
187000 208.777
187010 208.709
187020 208.617
187030 208.512
187040 208.408
187050 208.312
187060 208.231
187070 208.168
187080 208.126
187090 208.1
187100 208.083
187110 208.08
187120 208.09
187130 208.096
187140 208.088
187150 208.078
187160 208.089
187170 208.122
187180 208.167
187190 208.219
187200 208.27
187210 208.307
187220 208.319
187230 208.308
187240 208.282
187250 208.247
187260 208.205
187270 208.157
187280 208.101
187290 208.037
187300 207.98
187310 207.942
187320 207.919
187330 207.902
187340 207.884
187350 207.873
187360 207.872
187370 207.881
187380 207.913
187390 207.985
187400 208.096
187410 208.233
187420 208.379
187430 208.523
187440 208.657
187450 208.781
187460 208.89
187470 208.978
187480 209.044
187490 209.094
187500 209.135
187510 209.178
187520 209.237
187530 209.315
187540 209.404
187550 209.491
187560 209.565
187570 209.629
187580 209.696
187590 209.769
187600 209.839
187610 209.893
187620 209.919
187630 209.92
187640 209.904
187650 209.875
187660 209.834
187670 209.786
187680 209.74
187690 209.697
187700 209.65
187710 209.593
187720 209.523
187730 209.438
187740 209.337
187750 209.22
187760 209.091
187770 208.959
187780 208.833
187790 208.718
187800 208.611
187810 208.512
187820 208.424
187830 208.358
187840 208.32
187850 208.297
187860 208.272
187870 208.233
187880 208.182
187890 208.124
187900 208.062
187910 208.006
187920 207.968
187930 207.955
187940 207.964
187950 207.987
187960 208.015
187970 208.042
187980 208.064
187990 208.084
188000 208.106
188010 208.125
188020 208.136
188030 208.139
188040 208.134
188050 208.112
188060 208.07
188070 208.011
188080 207.949
188090 207.898
188100 207.869
188110 207.864
188120 207.88
188130 207.919
188140 207.972
188150 208.027
188160 208.077
188170 208.119
188180 208.151
188190 208.18
188200 208.208
188210 208.236
188220 208.264
188230 208.293
188240 208.325
188250 208.359
188260 208.393
188270 208.418
188280 208.428
188290 208.423
188300 208.407
188310 208.386
188320 208.368
188330 208.357
188340 208.347
188350 208.33
188360 208.31
188370 208.292
188380 208.284
188390 208.293
188400 208.323
188410 208.373
188420 208.438
188430 208.513
188440 208.589
188450 208.653
188460 208.705
188470 208.753
188480 208.797
188490 208.829
188500 208.842
188510 208.85
188520 208.863
188530 208.881
188540 208.905
188550 208.947
188560 209.009
188570 209.081
188580 209.15
188590 209.209
188600 209.259
188610 209.295
188620 209.312
188630 209.312
188640 209.3
188650 209.281
188660 209.256
188670 209.223
188680 209.187
188690 209.147
188700 209.103
188710 209.061
188720 209.032
188730 209.025
188740 209.038
188750 209.062
188760 209.093
188770 209.125
188780 209.146
188790 209.155
188800 209.158
188810 209.17
188820 209.202
188830 209.256
188840 209.322
188850 209.387
188860 209.445
188870 209.502
188880 209.561
188890 209.624
188900 209.682
188910 209.726
188920 209.759
188930 209.789
188940 209.81
188950 209.821
188960 209.83
188970 209.834
188980 209.819
188990 209.784
189000 209.748
189010 209.719
189020 209.691
189030 209.661
189040 209.64
189050 209.638
189060 209.655
189070 209.685
189080 209.729
189090 209.783
189100 209.838
189110 209.883
189120 209.905
189130 209.903
189140 209.882
189150 209.846
189160 209.802
189170 209.76
189180 209.728
189190 209.706
189200 209.691
189210 209.687
189220 209.695
189230 209.713
189240 209.74
189250 209.771
189260 209.801
189270 209.825
189280 209.84
189290 209.836
189300 209.808
189310 209.76
189320 209.697
189330 209.618
189340 209.523
189350 209.425
189360 209.334
189370 209.258
189380 209.205
189390 209.179
189400 209.177
189410 209.198
189420 209.24
189430 209.3
189440 209.375
189450 209.461
189460 209.559
189470 209.669
189480 209.787
189490 209.91
189500 210.039
189510 210.167
189520 210.275
189530 210.343
189540 210.378
189550 210.396
189560 210.413
189570 210.441
189580 210.485
189590 210.541
189600 210.611
189610 210.699
189620 210.8
189630 210.905
189640 211.008
189650 211.109
189660 211.206
189670 211.287
189680 211.339
189690 211.362
189700 211.363
189710 211.347
189720 211.321
189730 211.299
189740 211.294
189750 211.307
189760 211.337
189770 211.384
189780 211.448
