# Time-averaged data for fix msdo
# TimeStep c_mo[4]
0 1.26218e-29
10 0.00415894
20 0.0146675
30 0.0282523
40 0.042668
50 0.0574433
60 0.0707184
70 0.0814442
80 0.0905944
90 0.0988682
100 0.108122
110 0.123051
120 0.145076
130 0.168928
140 0.190757
150 0.210027
160 0.223726
170 0.232128
180 0.239606
190 0.248365
200 0.257212
210 0.26751
220 0.282444
230 0.300337
240 0.318413
250 0.334959
260 0.348106
270 0.357481
280 0.364433
290 0.370122
300 0.375551
310 0.381089
320 0.386606
330 0.39439
340 0.409053
350 0.427726
360 0.442873
370 0.452379
380 0.456433
390 0.457402
400 0.462019
410 0.473504
420 0.487961
430 0.500091
440 0.507619
450 0.512628
460 0.514755
470 0.515901
480 0.516281
490 0.516106
500 0.518464
510 0.522989
520 0.529369
530 0.538069
540 0.547547
550 0.556229
560 0.56427
570 0.570444
580 0.571043
590 0.563678
600 0.557089
610 0.562219
620 0.576298
630 0.592104
640 0.607501
650 0.620583
660 0.628592
670 0.632458
680 0.636492
690 0.645938
700 0.659222
710 0.675216
720 0.693119
730 0.708817
740 0.721333
750 0.733369
760 0.744246
770 0.752422
780 0.761038
790 0.769607
800 0.777889
810 0.788412
820 0.797348
830 0.802317
840 0.80531
850 0.804697
860 0.80236
870 0.80614
880 0.815456
890 0.82091
900 0.821799
910 0.822409
920 0.824354
930 0.827865
940 0.828037
950 0.825448
960 0.822556
970 0.818319
980 0.813696
990 0.812218
1000 0.815023
1010 0.82023
1020 0.827947
1030 0.834202
1040 0.834561
1050 0.832109
1060 0.833823
1070 0.840458
1080 0.849339
1090 0.858479
1100 0.865083
1110 0.868617
1120 0.87465
1130 0.885636
1140 0.897339
1150 0.906918
1160 0.915196
1170 0.925253
1180 0.942161
1190 0.965599
1200 0.986034
1210 0.999223
1220 1.0103
1230 1.02162
1240 1.02845
1250 1.02993
1260 1.03467
1270 1.04391
1280 1.05054
1290 1.05579
1300 1.06245
1310 1.06936
1320 1.07154
1330 1.06925
1340 1.07019
1350 1.07418
1360 1.07852
1370 1.08104
1380 1.08436
1390 1.09132
1400 1.09261
1410 1.08507
1420 1.0751
1430 1.0648
1440 1.05786
1450 1.05848
1460 1.06621
1470 1.07857
1480 1.09313
1490 1.10668
1500 1.11639
1510 1.1244
1520 1.13245
1530 1.14
1540 1.14482
1550 1.15188
1560 1.15971
1570 1.15967
1580 1.1532
1590 1.1438
1600 1.13065
1610 1.12095
1620 1.12405
1630 1.13695
1640 1.14765
1650 1.15352
1660 1.15965
1670 1.1647
1680 1.16745
1690 1.17333
1700 1.18307
1710 1.19313
1720 1.20805
1730 1.2249
1740 1.23153
1750 1.23065
1760 1.22931
1770 1.22993
1780 1.23486
1790 1.24104
1800 1.24629
1810 1.25472
1820 1.26624
1830 1.27443
1840 1.27787
1850 1.27626
1860 1.27612
1870 1.28396
1880 1.30036
1890 1.31835
1900 1.33427
1910 1.34989
1920 1.36548
1930 1.3811
1940 1.39497
1950 1.40325
1960 1.40586
1970 1.40624
1980 1.4045
1990 1.4038
2000 1.40751
2010 1.41633
2020 1.42345
2030 1.4294
2040 1.43662
2050 1.44218
2060 1.4437
2070 1.4442
2080 1.44318
2090 1.43672
2100 1.42469
2110 1.40983
2120 1.40051
2130 1.40335
2140 1.41195
2150 1.41967
2160 1.42498
2170 1.42496
2180 1.42155
2190 1.42272
2200 1.42765
2210 1.43064
2220 1.43346
2230 1.43447
2240 1.42938
2250 1.42263
2260 1.42179
2270 1.42152
2280 1.4226
2290 1.43557
2300 1.46437
2310 1.49789
2320 1.5257
2330 1.54559
2340 1.55958
2350 1.56686
2360 1.56938
2370 1.57312
2380 1.58259
2390 1.5994
2400 1.62319
2410 1.65472
2420 1.68593
2430 1.70011
2440 1.69852
2450 1.69264
2460 1.68415
2470 1.67782
2480 1.67941
2490 1.689
2500 1.70572
2510 1.72664
2520 1.74506
2530 1.75456
2540 1.75811
2550 1.76324
2560 1.76861
2570 1.7681
2580 1.75727
2590 1.74453
2600 1.74566
2610 1.75253
2620 1.74906
2630 1.7401
2640 1.73537
2650 1.73283
2660 1.73059
2670 1.73435
2680 1.74003
2690 1.74199
2700 1.738
2710 1.7263
2720 1.71309
2730 1.70743
2740 1.7131
2750 1.7222
2760 1.7278
2770 1.7325
2780 1.73092
2790 1.71741
2800 1.70287
2810 1.69431
2820 1.68588
2830 1.68226
2840 1.68957
2850 1.69968
2860 1.71152
2870 1.72913
2880 1.74931
2890 1.76637
2900 1.78008
2910 1.7955
2920 1.81619
2930 1.8354
2940 1.8466
2950 1.85239
2960 1.85817
2970 1.86488
2980 1.87206
2990 1.88071
3000 1.88921
3010 1.89933
3020 1.90832
3030 1.90509
3040 1.89364
3050 1.88869
3060 1.89002
3070 1.89551
3080 1.90547
3090 1.92072
3100 1.94144
3110 1.96158
3120 1.97359
3130 1.97447
3140 1.96768
3150 1.95326
3160 1.94142
3170 1.93801
3180 1.93731
3190 1.93755
3200 1.94426
3210 1.95418
3220 1.96403
3230 1.97573
3240 1.98795
3250 1.99873
3260 2.00732
3270 2.01249
3280 2.01264
3290 2.01025
3300 2.00954
3310 2.00867
3320 2.01222
3330 2.02128
3340 2.0283
3350 2.02999
3360 2.03149
3370 2.02921
3380 2.02315
3390 2.02227
3400 2.02796
3410 2.03056
3420 2.03073
3430 2.03578
3440 2.0476
3450 2.05437
3460 2.05913
3470 2.06449
3480 2.06161
3490 2.05566
3500 2.05714
3510 2.05765
3520 2.05509
3530 2.0553
3540 2.05616
3550 2.05573
3560 2.06049
3570 2.07392
3580 2.08976
3590 2.10021
3600 2.1082
3610 2.11801
3620 2.12888
3630 2.13323
3640 2.13464
3650 2.13676
3660 2.13706
3670 2.13803
3680 2.14848
3690 2.16859
3700 2.18988
3710 2.20835
3720 2.22237
3730 2.22585
3740 2.21724
3750 2.20337
3760 2.19108
3770 2.18984
3780 2.20457
3790 2.22682
3800 2.24337
3810 2.25214
3820 2.25699
3830 2.25888
3840 2.25487
3850 2.25218
3860 2.25748
3870 2.27116
3880 2.2877
3890 2.30141
3900 2.31139
3910 2.32179
3920 2.33624
3930 2.35035
3940 2.35863
3950 2.36134
3960 2.35579
3970 2.35084
3980 2.35651
3990 2.36771
4000 2.37799
4010 2.39205
4020 2.41033
4030 2.4257
4040 2.43593
4050 2.44713
4060 2.45827
4070 2.4667
4080 2.47869
4090 2.49143
4100 2.49702
4110 2.49215
4120 2.47492
4130 2.44903
4140 2.42666
4150 2.4161
4160 2.41806
4170 2.42842
4180 2.43846
4190 2.43996
4200 2.43558
4210 2.42868
4220 2.41993
4230 2.41622
4240 2.42352
4250 2.43295
4260 2.43968
4270 2.44679
4280 2.4578
4290 2.47951
4300 2.49914
4310 2.49911
4320 2.48849
4330 2.48172
4340 2.47929
4350 2.48585
4360 2.50238
4370 2.51544
4380 2.52629
4390 2.53718
4400 2.53934
4410 2.53695
4420 2.54328
4430 2.5496
4440 2.55465
4450 2.57005
4460 2.59798
4470 2.62116
4480 2.62945
4490 2.62672
4500 2.61146
4510 2.58988
4520 2.57261
4530 2.56177
4540 2.56182
4550 2.57406
4560 2.58963
4570 2.60401
4580 2.61225
4590 2.61335
4600 2.61218
4610 2.61173
4620 2.61565
4630 2.62497
4640 2.63675
4650 2.64469
4660 2.64227
4670 2.63555
4680 2.63049
4690 2.62493
4700 2.61688
4710 2.60742
4720 2.60078
4730 2.59864
4740 2.60196
4750 2.60951
4760 2.62192
4770 2.64017
4780 2.65557
4790 2.67066
4800 2.68908
4810 2.70515
4820 2.7217
4830 2.74122
4840 2.75844
4850 2.7749
4860 2.78645
4870 2.78332
4880 2.77103
4890 2.76122
4900 2.76434
4910 2.78257
4920 2.8083
4930 2.83039
4940 2.83982
4950 2.83314
4960 2.82146
4970 2.81785
4980 2.82366
4990 2.83646
5000 2.85588
5010 2.87557
5020 2.88525
5030 2.88866
5040 2.88996
5050 2.89361
5060 2.90151
5070 2.91111
5080 2.92487
5090 2.94112
5100 2.96252
5110 2.98398
5120 2.99968
5130 3.01232
5140 3.0339
5150 3.05985
5160 3.07389
5170 3.07668
5180 3.07617
5190 3.07783
5200 3.08594
5210 3.10236
5220 3.12708
5230 3.15662
5240 3.18066
5250 3.19364
5260 3.20198
5270 3.21545
5280 3.23367
5290 3.24866
5300 3.26219
5310 3.27769
5320 3.29377
5330 3.30941
5340 3.32173
5350 3.32519
5360 3.3247
5370 3.33014
5380 3.34161
5390 3.34895
5400 3.34816
5410 3.35179
5420 3.35998
5430 3.36329
5440 3.36174
5450 3.35993
5460 3.36181
5470 3.3693
5480 3.38031
5490 3.38911
5500 3.39016
5510 3.37835
5520 3.35938
5530 3.34325
5540 3.33634
5550 3.33724
5560 3.34177
5570 3.34661
5580 3.35215
5590 3.35985
5600 3.37215
5610 3.38112
5620 3.3873
5630 3.3953
5640 3.39812
5650 3.39271
5660 3.38749
5670 3.38644
5680 3.38853
5690 3.39922
5700 3.41301
5710 3.4166
5720 3.41268
5730 3.40711
5740 3.39773
5750 3.38557
5760 3.37864
5770 3.38761
5780 3.40777
5790 3.42364
5800 3.43561
5810 3.44847
5820 3.46214
5830 3.47013
5840 3.47031
5850 3.45941
5860 3.44183
5870 3.43684
5880 3.44585
5890 3.45459
5900 3.46359
5910 3.47798
5920 3.48502
5930 3.47836
5940 3.46953
5950 3.47708
5960 3.50537
5970 3.53928
5980 3.56558
5990 3.58292
6000 3.59617
6010 3.61662
6020 3.65064
6030 3.68084
6040 3.6995
6050 3.72175
6060 3.75543
6070 3.78606
6080 3.79744
6090 3.79862
6100 3.79314
6110 3.77732
6120 3.75822
6130 3.74345
6140 3.74194
6150 3.75468
6160 3.76883
6170 3.7773
6180 3.77683
6190 3.76841
6200 3.75993
6210 3.7563
6220 3.75333
6230 3.75145
6240 3.75379
6250 3.75114
6260 3.74734
6270 3.75212
6280 3.75801
6290 3.76016
6300 3.76915
6310 3.78735
6320 3.79848
6330 3.79729
6340 3.78701
6350 3.77271
6360 3.75949
6370 3.75218
6380 3.75376
6390 3.76318
6400 3.77177
6410 3.77397
6420 3.77823
6430 3.78982
6440 3.80076
6450 3.8035
6460 3.80218
6470 3.80685
6480 3.81088
6490 3.80909
6500 3.81256
6510 3.81841
6520 3.81254
6530 3.80292
6540 3.8021
6550 3.80823
6560 3.81797
6570 3.83203
6580 3.85228
6590 3.8659
6600 3.8657
6610 3.85868
6620 3.8486
6630 3.84567
6640 3.85652
6650 3.873
6660 3.88493
6670 3.88942
6680 3.88893
6690 3.89048
6700 3.89402
6710 3.90305
6720 3.92067
6730 3.94601
6740 3.97618
6750 4.00334
6760 4.02405
6770 4.0317
6780 4.02589
6790 4.01846
6800 4.01491
6810 4.01636
6820 4.01986
6830 4.02407
6840 4.03092
6850 4.04113
6860 4.04964
6870 4.05711
6880 4.06965
6890 4.08454
6900 4.09395
6910 4.09943
6920 4.10655
6930 4.11851
6940 4.13785
6950 4.16769
6960 4.20857
6970 4.25371
6980 4.29335
6990 4.30525
7000 4.28875
7010 4.26472
7020 4.24524
7030 4.23325
7040 4.23882
7050 4.26631
7060 4.29888
7070 4.32129
7080 4.33675
7090 4.35093
7100 4.3658
7110 4.37148
7120 4.3667
7130 4.35978
7140 4.36
7150 4.37478
7160 4.40153
7170 4.43169
7180 4.46263
7190 4.49167
7200 4.50808
7210 4.49869
7220 4.47026
7230 4.4453
7240 4.43107
7250 4.42516
7260 4.42991
7270 4.43438
7280 4.42616
7290 4.40576
7300 4.37421
7310 4.34177
7320 4.32994
7330 4.33854
7340 4.35768
7350 4.38279
7360 4.39972
7370 4.40023
7380 4.39149
7390 4.37847
7400 4.3669
7410 4.37608
7420 4.41184
7430 4.46099
7440 4.51134
7450 4.55123
7460 4.5666
7470 4.55431
7480 4.5322
7490 4.52154
7500 4.5206
7510 4.52246
7520 4.5285
7530 4.53831
7540 4.54716
7550 4.55045
7560 4.5492
7570 4.54667
7580 4.53633
7590 4.52338
7600 4.52907
7610 4.55305
7620 4.57764
7630 4.60491
7640 4.63552
7650 4.66085
7660 4.67655
7670 4.68732
7680 4.69645
7690 4.69799
7700 4.70198
7710 4.71535
7720 4.73339
7730 4.74831
7740 4.75846
7750 4.75809
7760 4.7485
7770 4.72994
7780 4.71123
7790 4.69814
7800 4.68987
7810 4.68342
7820 4.68387
7830 4.6978
7840 4.71572
7850 4.72418
7860 4.72338
7870 4.71732
7880 4.70381
7890 4.69102
7900 4.68847
7910 4.69658
7920 4.71018
7930 4.72538
7940 4.73575
7950 4.73768
7960 4.73108
7970 4.72655
7980 4.73178
7990 4.74782
8000 4.76779
8010 4.7879
8020 4.80745
8030 4.82958
8040 4.85001
8050 4.86068
8060 4.8691
8070 4.87609
8080 4.87328
8090 4.8671
8100 4.86728
8110 4.87997
8120 4.90238
8130 4.91625
8140 4.90061
8150 4.8672
8160 4.83893
8170 4.81589
8180 4.79657
8190 4.79394
8200 4.80731
8210 4.82025
8220 4.82681
8230 4.83125
8240 4.83303
8250 4.82793
8260 4.82296
8270 4.82544
8280 4.83798
8290 4.85995
8300 4.88309
8310 4.89232
8320 4.89268
8330 4.90055
8340 4.90814
8350 4.91234
8360 4.92283
8370 4.93666
8380 4.94395
8390 4.94913
8400 4.95611
8410 4.96001
8420 4.95926
8430 4.96109
8440 4.96436
8450 4.968
8460 4.97352
8470 4.96431
8480 4.93885
8490 4.92381
8500 4.92169
8510 4.91768
8520 4.91518
8530 4.91845
8540 4.9212
8550 4.91828
8560 4.90664
8570 4.89128
8580 4.88409
8590 4.88546
8600 4.88494
8610 4.87995
8620 4.88731
8630 4.9096
8640 4.92467
8650 4.92941
8660 4.93397
8670 4.93514
8680 4.93235
8690 4.92956
8700 4.93003
8710 4.93549
8720 4.9425
8730 4.94508
8740 4.9409
8750 4.92657
8760 4.9048
8770 4.89003
8780 4.87793
8790 4.86929
8800 4.8759
8810 4.89887
8820 4.9162
8830 4.92839
8840 4.9386
8850 4.9456
8860 4.95269
8870 4.96038
8880 4.96278
8890 4.97193
8900 4.99031
8910 5.00118
8920 5.00276
8930 5.00912
8940 5.02267
8950 5.03912
8960 5.05526
8970 5.06644
8980 5.07056
8990 5.0741
9000 5.07442
9010 5.06693
9020 5.05252
9030 5.03269
9040 5.0079
9050 4.98169
9060 4.95409
9070 4.92856
9080 4.90953
9090 4.89459
9100 4.8846
9110 4.88392
9120 4.89148
9130 4.89888
9140 4.91103
9150 4.93099
9160 4.94186
9170 4.93846
9180 4.93883
9190 4.95029
9200 4.95505
9210 4.94383
9220 4.93852
9230 4.95228
9240 4.97393
9250 4.99617
9260 5.01869
9270 5.03338
9280 5.03493
9290 5.03187
9300 5.03423
9310 5.03696
9320 5.0328
9330 5.02728
9340 5.03084
9350 5.04491
9360 5.06492
9370 5.08792
9380 5.10359
9390 5.1149
9400 5.12948
9410 5.14463
9420 5.15345
9430 5.16401
9440 5.18617
9450 5.21156
9460 5.24024
9470 5.2704
9480 5.28662
9490 5.2761
9500 5.2522
9510 5.23423
9520 5.23328
9530 5.24116
9540 5.24437
9550 5.24231
9560 5.23966
9570 5.24723
9580 5.26276
9590 5.27986
9600 5.29074
9610 5.29478
9620 5.30073
9630 5.31726
9640 5.33578
9650 5.34579
9660 5.34701
9670 5.34695
9680 5.35188
9690 5.36529
9700 5.39331
9710 5.43364
9720 5.47536
9730 5.51325
9740 5.55172
9750 5.5822
9760 5.59869
9770 5.59978
9780 5.59364
9790 5.59527
9800 5.59921
9810 5.59877
9820 5.60495
9830 5.62193
9840 5.6396
9850 5.64368
9860 5.63332
9870 5.62657
9880 5.62895
9890 5.63504
9900 5.64226
9910 5.65044
9920 5.66209
9930 5.67184
9940 5.67337
9950 5.66523
9960 5.65011
9970 5.63408
9980 5.60777
9990 5.57463
10000 5.55967
10010 5.57404
10020 5.60186
10030 5.6251
10040 5.63627
10050 5.64113
10060 5.6468
10070 5.6575
10080 5.66901
10090 5.66566
10100 5.64862
10110 5.63405
10120 5.62855
10130 5.63158
10140 5.62719
10150 5.60561
10160 5.58052
10170 5.56259
10180 5.55387
10190 5.55775
10200 5.57602
10210 5.59972
10220 5.61184
10230 5.60566
10240 5.59057
10250 5.57185
10260 5.55293
10270 5.54168
10280 5.54009
10290 5.53759
10300 5.53077
10310 5.52933
10320 5.53549
10330 5.54179
10340 5.5348
10350 5.51103
10360 5.48617
10370 5.47924
10380 5.49443
10390 5.5166
10400 5.53769
10410 5.55207
10420 5.56673
10430 5.59174
10440 5.6179
10450 5.63655
10460 5.64447
10470 5.63924
10480 5.62343
10490 5.60126
10500 5.58027
10510 5.5695
10520 5.57067
10530 5.57589
10540 5.57265
10550 5.56207
10560 5.54768
10570 5.53335
10580 5.53021
10590 5.53916
10600 5.55057
10610 5.56402
10620 5.57672
10630 5.57664
10640 5.55905
10650 5.53356
10660 5.51107
10670 5.50226
10680 5.50882
10690 5.51895
10700 5.53352
10710 5.56532
10720 5.60214
10730 5.62003
10740 5.62043
10750 5.61745
10760 5.61955
10770 5.63328
10780 5.6569
10790 5.67474
10800 5.67342
10810 5.65648
10820 5.63738
10830 5.61827
10840 5.6035
10850 5.58868
10860 5.57363
10870 5.56814
10880 5.56443
10890 5.54844
10900 5.52666
10910 5.50773
10920 5.49127
10930 5.47097
10940 5.44761
10950 5.42991
10960 5.4166
10970 5.4102
10980 5.41489
10990 5.43362
11000 5.4514
11010 5.45862
11020 5.46478
11030 5.47268
11040 5.47758
11050 5.4827
11060 5.49319
11070 5.50253
11080 5.50764
11090 5.51848
11100 5.53305
11110 5.53936
11120 5.54297
11130 5.55732
11140 5.57944
11150 5.59738
11160 5.62403
11170 5.67193
11180 5.72233
11190 5.76106
11200 5.79158
11210 5.81559
11220 5.83336
11230 5.85048
11240 5.86947
11250 5.89044
11260 5.91048
11270 5.93636
11280 5.96488
11290 5.98324
11300 5.98501
11310 5.9751
11320 5.97266
11330 5.98851
11340 6.0008
11350 5.98966
11360 5.97009
11370 5.95557
11380 5.95182
11390 5.96751
11400 6.00039
11410 6.02747
11420 6.05205
11430 6.07811
11440 6.09365
11450 6.09445
11460 6.08135
11470 6.06405
11480 6.0566
11490 6.06113
11500 6.0756
11510 6.09001
11520 6.10302
11530 6.1203
11540 6.13351
11550 6.14472
11560 6.14567
11570 6.13705
11580 6.13522
11590 6.14775
11600 6.17001
11610 6.18369
11620 6.18959
11630 6.19727
11640 6.20208
11650 6.19624
11660 6.19188
11670 6.19317
11680 6.19142
11690 6.18923
11700 6.20303
11710 6.233
11720 6.27159
11730 6.31324
11740 6.34971
11750 6.37784
11760 6.39203
11770 6.3953
11780 6.39192
11790 6.37802
11800 6.34767
11810 6.31746
11820 6.31016
11830 6.32881
11840 6.35412
11850 6.37122
11860 6.38615
11870 6.3991
11880 6.40759
11890 6.40838
11900 6.40373
11910 6.40207
11920 6.39966
11930 6.39186
11940 6.38591
11950 6.38332
11960 6.37427
11970 6.3622
11980 6.36113
11990 6.37085
12000 6.37903
12010 6.37625
12020 6.36276
12030 6.3426
12040 6.32568
12050 6.31785
12060 6.32013
12070 6.32737
12080 6.33191
12090 6.33484
12100 6.33642
12110 6.33125
12120 6.31254
12130 6.28847
12140 6.27981
12150 6.29139
12160 6.31172
12170 6.33032
12180 6.35202
12190 6.38112
12200 6.40598
12210 6.41237
12220 6.40515
12230 6.39307
12240 6.38032
12250 6.3681
12260 6.37056
12270 6.3975
12280 6.43194
12290 6.46428
12300 6.49773
12310 6.5386
12320 6.57786
12330 6.6079
12340 6.6213
12350 6.60822
12360 6.57834
12370 6.55608
12380 6.54779
12390 6.55456
12400 6.58128
12410 6.62016
12420 6.65176
12430 6.67267
12440 6.68588
12450 6.68322
12460 6.67366
12470 6.6677
12480 6.66177
12490 6.65905
12500 6.66744
12510 6.6758
12520 6.6668
12530 6.64574
12540 6.62849
12550 6.61091
12560 6.5961
12570 6.60247
12580 6.62686
12590 6.65322
12600 6.67064
12610 6.68274
12620 6.68971
12630 6.69491
12640 6.70148
12650 6.70299
12660 6.69248
12670 6.67287
12680 6.65166
12690 6.62718
12700 6.61194
12710 6.61867
12720 6.638
12730 6.66494
12740 6.69675
12750 6.7272
12760 6.7589
12770 6.79636
12780 6.84305
12790 6.89256
12800 6.94211
12810 6.98099
12820 7.00576
12830 7.0193
12840 7.01625
12850 6.99663
12860 6.97066
12870 6.94973
12880 6.93686
12890 6.93002
12900 6.91937
12910 6.908
12920 6.90922
12930 6.90743
12940 6.89281
12950 6.88495
12960 6.88533
12970 6.87929
12980 6.86369
12990 6.84425
13000 6.81212
13010 6.77639
13020 6.76533
13030 6.78717
13040 6.82189
13050 6.85039
13060 6.87395
13070 6.89241
13080 6.90073
13090 6.89953
13100 6.89639
13110 6.8857
13120 6.86721
13130 6.85615
13140 6.86462
13150 6.88319
13160 6.89282
13170 6.88844
13180 6.88255
13190 6.87014
13200 6.8462
13210 6.82536
13220 6.82362
13230 6.83964
13240 6.85081
13250 6.85358
13260 6.85454
13270 6.85653
13280 6.8583
13290 6.86337
13300 6.86797
13310 6.87065
13320 6.87713
13330 6.89812
13340 6.93212
13350 6.95933
13360 6.96215
13370 6.94708
13380 6.92584
13390 6.90683
13400 6.89654
13410 6.90128
13420 6.91554
13430 6.9316
13440 6.95606
13450 6.98688
13460 7.00704
13470 7.01065
13480 7.0072
13490 7.00132
13500 6.98676
13510 6.97482
13520 6.98498
13530 7.00731
13540 7.03097
13550 7.05707
13560 7.07636
13570 7.07312
13580 7.06312
13590 7.07529
13600 7.10248
13610 7.13428
13620 7.16359
13630 7.17216
13640 7.152
13650 7.11352
13660 7.07828
13670 7.05313
13680 7.04161
13690 7.05001
13700 7.07686
13710 7.11267
13720 7.14791
13730 7.16416
13740 7.16017
13750 7.15429
13760 7.15006
13770 7.14078
13780 7.13507
13790 7.14178
13800 7.15268
13810 7.16075
13820 7.17066
13830 7.1841
13840 7.19794
13850 7.21489
13860 7.2288
13870 7.22341
13880 7.20411
13890 7.19008
13900 7.19158
13910 7.20478
13920 7.22501
13930 7.25344
13940 7.2879
13950 7.31087
13960 7.30684
13970 7.28706
13980 7.2622
13990 7.23407
14000 7.2113
14010 7.20113
14020 7.20225
14030 7.2096
14040 7.22027
14050 7.22907
14060 7.22554
14070 7.2107
14080 7.20152
14090 7.21125
14100 7.23444
14110 7.25801
14120 7.28076
14130 7.30026
14140 7.30392
14150 7.28654
14160 7.25861
14170 7.2378
14180 7.23428
14190 7.25038
14200 7.27695
14210 7.30273
14220 7.33404
14230 7.37007
14240 7.40324
14250 7.44145
14260 7.48127
14270 7.50707
14280 7.51423
14290 7.5114
14300 7.51072
14310 7.51205
14320 7.51064
14330 7.51546
14340 7.53291
14350 7.5547
14360 7.57049
14370 7.56868
14380 7.53782
14390 7.49499
14400 7.46544
14410 7.46131
14420 7.47614
14430 7.49339
14440 7.511
14450 7.52678
14460 7.52877
14470 7.52405
14480 7.52417
14490 7.53124
14500 7.54517
14510 7.56014
14520 7.56956
14530 7.57022
14540 7.57104
14550 7.57971
14560 7.59066
14570 7.592
14580 7.59106
14590 7.60932
14600 7.63584
14610 7.64998
14620 7.65189
14630 7.64591
14640 7.62879
14650 7.60445
14660 7.57773
14670 7.5534
14680 7.54013
14690 7.55328
14700 7.58433
14710 7.61187
14720 7.62412
14730 7.62582
14740 7.61986
14750 7.61209
14760 7.5985
14770 7.58216
14780 7.57995
14790 7.59267
14800 7.61619
14810 7.65514
14820 7.6938
14830 7.7149
14840 7.72341
14850 7.73644
14860 7.74726
14870 7.75367
14880 7.77101
14890 7.81138
14900 7.86327
14910 7.91446
14920 7.94774
14930 7.94999
14940 7.92751
14950 7.90304
14960 7.88996
14970 7.88285
14980 7.88027
14990 7.88116
15000 7.877
15010 7.87629
15020 7.8875
15030 7.88711
15040 7.86329
15050 7.83998
15060 7.82462
15070 7.80823
15080 7.79477
15090 7.78603
15100 7.77292
15110 7.75403
15120 7.74584
15130 7.7514
15140 7.75105
15150 7.73481
15160 7.71202
15170 7.7075
15180 7.72536
15190 7.74659
15200 7.77317
15210 7.80507
15220 7.83117
15230 7.85628
15240 7.889
15250 7.91357
15260 7.91033
15270 7.89266
15280 7.88172
15290 7.88466
15300 7.90015
15310 7.91205
15320 7.90454
15330 7.88371
15340 7.86844
15350 7.87089
15360 7.88859
15370 7.91398
15380 7.93673
15390 7.95025
15400 7.96205
15410 7.9666
15420 7.94924
15430 7.91506
15440 7.8916
15450 7.89233
15460 7.90709
15470 7.93052
15480 7.9636
15490 7.99562
15500 8.0101
15510 8.00965
15520 8.00379
15530 7.99141
15540 7.98251
15550 7.98904
15560 7.9937
15570 7.98426
15580 7.98328
15590 8.00509
15600 8.03583
15610 8.0617
15620 8.08201
15630 8.09745
15640 8.11149
15650 8.12513
15660 8.13026
15670 8.12185
15680 8.10894
15690 8.09409
15700 8.09121
15710 8.11472
15720 8.15574
15730 8.19362
15740 8.22025
15750 8.2267
15760 8.20868
15770 8.16221
15780 8.0996
15790 8.05001
15800 8.03278
15810 8.04626
15820 8.07208
15830 8.10545
15840 8.15148
15850 8.19388
15860 8.2244
15870 8.24315
15880 8.24929
15890 8.24026
15900 8.21677
15910 8.1852
15920 8.16727
15930 8.1873
15940 8.2398
15950 8.28119
15960 8.29925
15970 8.31645
15980 8.32931
15990 8.33043
16000 8.33852
16010 8.3573
16020 8.36018
16030 8.34248
16040 8.32136
16050 8.31105
16060 8.32573
16070 8.35437
16080 8.3749
16090 8.38326
16100 8.37472
16110 8.34947
16120 8.33038
16130 8.32567
16140 8.32456
16150 8.32392
16160 8.33381
16170 8.3522
16180 8.36902
16190 8.38232
16200 8.39165
16210 8.38245
16220 8.33928
16230 8.27134
16240 8.2014
16250 8.15584
16260 8.14573
16270 8.15413
16280 8.16239
16290 8.17492
16300 8.19793
16310 8.21427
16320 8.22414
16330 8.23968
16340 8.25428
16350 8.26155
16360 8.26015
16370 8.25551
16380 8.25061
16390 8.23382
16400 8.20653
16410 8.19398
16420 8.19745
16430 8.19874
16440 8.19806
16450 8.20608
16460 8.23281
16470 8.25964
16480 8.26544
16490 8.26277
16500 8.26353
16510 8.26153
16520 8.267
16530 8.28221
16540 8.29869
16550 8.31737
16560 8.33461
16570 8.35309
16580 8.37526
16590 8.39787
16600 8.41396
16610 8.41808
16620 8.41518
16630 8.41924
16640 8.43619
16650 8.46763
16660 8.51
16670 8.54986
16680 8.57615
16690 8.58909
16700 8.60061
16710 8.59868
16720 8.56617
16730 8.52648
16740 8.51337
16750 8.51918
16760 8.51333
16770 8.50066
16780 8.50987
16790 8.53043
16800 8.53704
16810 8.53846
16820 8.55462
16830 8.57797
16840 8.61134
16850 8.65892
16860 8.70308
16870 8.73822
16880 8.76514
16890 8.75858
16900 8.70838
16910 8.64447
16920 8.59894
16930 8.57503
16940 8.5599
16950 8.56622
16960 8.58912
16970 8.61655
16980 8.64499
16990 8.67477
17000 8.70336
17010 8.72059
17020 8.72105
17030 8.71304
17040 8.70874
17050 8.7133
17060 8.72179
17070 8.7271
17080 8.72706
17090 8.72637
17100 8.72745
17110 8.726
17120 8.72121
17130 8.72675
17140 8.74549
17150 8.76098
17160 8.77204
17170 8.7897
17180 8.81458
17190 8.83372
17200 8.84491
17210 8.84985
17220 8.84802
17230 8.83641
17240 8.81551
17250 8.80069
17260 8.80023
17270 8.81694
17280 8.85315
17290 8.90069
17300 8.94182
17310 8.96522
17320 8.96766
17330 8.95891
17340 8.94644
17350 8.93393
17360 8.9391
17370 8.96927
17380 9.01848
17390 9.0682
17400 9.10179
17410 9.11204
17420 9.10507
17430 9.08817
17440 9.07355
17450 9.06118
17460 9.04761
17470 9.03702
17480 9.0274
17490 9.02003
17500 9.01953
17510 9.02834
17520 9.04368
17530 9.05777
17540 9.06519
17550 9.06468
17560 9.05131
17570 9.03056
17580 9.02124
17590 9.02865
17600 9.03466
17610 9.03644
17620 9.04134
17630 9.04401
17640 9.03568
17650 9.02432
17660 9.01371
17670 9.00582
17680 9.00586
17690 9.02061
17700 9.04582
17710 9.07209
17720 9.08909
17730 9.0774
17740 9.03338
17750 8.98662
17760 8.97421
17770 9.00025
17780 9.05027
17790 9.10239
17800 9.1386
17810 9.15882
17820 9.16111
17830 9.15229
17840 9.15269
17850 9.1711
17860 9.20045
17870 9.22928
17880 9.25151
17890 9.27471
17900 9.30262
17910 9.32389
17920 9.33126
17930 9.33037
17940 9.33781
17950 9.35651
17960 9.38723
17970 9.42504
17980 9.44889
17990 9.45795
18000 9.4691
18010 9.4908
18020 9.50909
18030 9.52394
18040 9.52897
18050 9.52121
18060 9.50824
18070 9.50008
18080 9.50161
18090 9.4935
18100 9.46601
18110 9.43921
18120 9.42342
18130 9.41123
18140 9.41218
18150 9.43148
18160 9.44905
18170 9.44619
18180 9.4274
18190 9.41693
18200 9.41512
18210 9.41494
18220 9.42131
18230 9.42485
18240 9.40954
18250 9.3824
18260 9.3588
18270 9.33538
18280 9.31954
18290 9.34033
18300 9.37702
18310 9.38757
18320 9.38331
18330 9.38771
18340 9.38238
18350 9.36791
18360 9.37539
18370 9.40568
18380 9.42823
18390 9.43824
18400 9.44478
18410 9.44414
18420 9.44348
18430 9.45167
18440 9.46153
18450 9.45209
18460 9.43047
18470 9.4049
18480 9.36254
18490 9.31842
18500 9.31888
18510 9.3613
18520 9.41021
18530 9.45569
18540 9.50088
18550 9.53586
18560 9.55075
18570 9.55587
18580 9.57139
18590 9.6041
18600 9.63785
18610 9.6692
18620 9.69507
18630 9.70882
18640 9.71669
18650 9.72552
18660 9.74882
18670 9.79297
18680 9.85367
18690 9.91198
18700 9.95289
18710 9.96826
18720 9.97001
18730 9.97556
18740 10.0014
18750 10.0421
18760 10.0712
18770 10.0808
18780 10.0826
18790 10.0725
18800 10.0516
18810 10.0219
18820 9.9825
18830 9.94327
18840 9.92388
18850 9.92064
18860 9.91725
18870 9.91183
18880 9.9029
18890 9.88014
18900 9.85499
18910 9.83539
18920 9.81496
18930 9.79143
18940 9.7851
18950 9.804
18960 9.81822
18970 9.81924
18980 9.8133
18990 9.79515
19000 9.75783
19010 9.72712
19020 9.71627
19030 9.71984
19040 9.75137
19050 9.79875
19060 9.81441
19070 9.80049
19080 9.79172
19090 9.78906
19100 9.78143
19110 9.79213
19120 9.82981
19130 9.86388
19140 9.87717
19150 9.8787
19160 9.88225
19170 9.88998
19180 9.90378
19190 9.9217
19200 9.93937
19210 9.96387
19220 9.98445
19230 9.98462
19240 9.97376
19250 9.96286
19260 9.94094
19270 9.90209
19280 9.86034
19290 9.82622
19300 9.80521
19310 9.79702
19320 9.80213
19330 9.80818
19340 9.79852
19350 9.77474
19360 9.75472
19370 9.74598
19380 9.73307
19390 9.70267
19400 9.67439
19410 9.67014
19420 9.69105
19430 9.72667
19440 9.76704
19450 9.80492
19460 9.84847
19470 9.90459
19480 9.95324
19490 9.98332
19500 10.0143
19510 10.0479
19520 10.0686
19530 10.0726
19540 10.065
19550 10.0616
19560 10.0697
19570 10.0857
19580 10.1132
19590 10.1491
19600 10.1857
19610 10.205
19620 10.2061
19630 10.1886
19640 10.1804
19650 10.2028
19660 10.238
19670 10.2597
19680 10.2643
19690 10.2579
19700 10.2341
19710 10.1986
19720 10.1815
19730 10.2036
19740 10.2445
19750 10.2732
19760 10.2812
19770 10.267
19780 10.2236
19790 10.1775
19800 10.1647
19810 10.1851
19820 10.2197
19830 10.2571
19840 10.2973
19850 10.327
19860 10.3341
19870 10.3319
19880 10.3422
19890 10.365
19900 10.3913
19910 10.4199
19920 10.4455
19930 10.4631
19940 10.4702
19950 10.4683
19960 10.4514
19970 10.4265
19980 10.406
19990 10.3931
20000 10.3766
20010 10.3681
20020 10.3947
20030 10.4468
20040 10.4826
20050 10.4996
20060 10.5239
20070 10.5382
20080 10.5239
20090 10.4985
20100 10.4853
20110 10.4958
20120 10.5262
20130 10.5665
20140 10.6095
20150 10.6299
20160 10.6247
20170 10.6238
20180 10.6289
20190 10.6236
20200 10.6099
20210 10.5913
20220 10.5803
20230 10.5786
20240 10.5673
20250 10.5465
20260 10.5265
20270 10.4964
20280 10.4541
20290 10.4293
20300 10.4402
20310 10.4582
20320 10.4765
20330 10.4976
20340 10.5073
20350 10.5048
20360 10.4929
20370 10.4719
20380 10.4591
20390 10.4735
20400 10.507
20410 10.5485
20420 10.5928
20430 10.6268
20440 10.6229
20450 10.5956
20460 10.5725
20470 10.5476
20480 10.5249
20490 10.5203
20500 10.5429
20510 10.5737
20520 10.5931
20530 10.6049
20540 10.6089
20550 10.5904
20560 10.5507
20570 10.5263
20580 10.5388
20590 10.5749
20600 10.6115
20610 10.632
20620 10.6402
20630 10.6428
20640 10.6334
20650 10.62
20660 10.6051
20670 10.5823
20680 10.5589
20690 10.5448
20700 10.5372
20710 10.5364
20720 10.5352
20730 10.5278
20740 10.5255
20750 10.5306
20760 10.5267
20770 10.5076
20780 10.4816
20790 10.4661
20800 10.4609
20810 10.4542
20820 10.451
20830 10.4643
20840 10.4934
20850 10.522
20860 10.5426
20870 10.5449
20880 10.5255
20890 10.4859
20900 10.4329
20910 10.3921
20920 10.3875
20930 10.423
20940 10.4731
20950 10.5261
20960 10.5767
20970 10.6148
20980 10.6272
20990 10.6148
21000 10.5973
21010 10.5857
21020 10.5774
21030 10.5793
21040 10.5872
21050 10.5972
21060 10.6142
21070 10.641
21080 10.6634
21090 10.6657
21100 10.6586
21110 10.6699
21120 10.694
21130 10.7191
21140 10.7473
21150 10.7796
21160 10.8123
21170 10.8389
21180 10.8421
21190 10.8184
21200 10.794
21210 10.7737
21220 10.7493
21230 10.7451
21240 10.7679
21250 10.7967
21260 10.8161
21270 10.8304
21280 10.8474
21290 10.8642
21300 10.8728
21310 10.8835
21320 10.9007
21330 10.9104
21340 10.9145
21350 10.929
21360 10.9459
21370 10.9518
21380 10.9647
21390 10.9865
21400 11.0044
21410 11.0294
21420 11.0664
21430 11.0881
21440 11.0915
21450 11.094
21460 11.0969
21470 11.102
21480 11.1227
21490 11.1548
21500 11.1756
21510 11.1742
21520 11.1635
21530 11.1453
21540 11.1177
21550 11.092
21560 11.0936
21570 11.1212
21580 11.1542
21590 11.1888
21600 11.2182
21610 11.2315
21620 11.2347
21630 11.2441
21640 11.2542
21650 11.2599
21660 11.267
21670 11.2813
21680 11.2969
21690 11.3059
21700 11.316
21710 11.3398
21720 11.3657
21730 11.3975
21740 11.4585
21750 11.5339
21760 11.5833
21770 11.6015
21780 11.6122
21790 11.622
21800 11.6419
21810 11.6776
21820 11.7258
21830 11.7747
21840 11.8087
21850 11.8224
21860 11.8241
21870 11.8142
21880 11.7988
21890 11.7907
21900 11.7959
21910 11.8219
21920 11.8638
21930 11.9016
21940 11.9182
21950 11.9148
21960 11.9098
21970 11.8942
21980 11.8626
21990 11.832
22000 11.8259
22010 11.8643
22020 11.926
22030 11.9794
22040 12.004
22050 11.9821
22060 11.9183
22070 11.8412
22080 11.7817
22090 11.7557
22100 11.7466
22110 11.7363
22120 11.7247
22130 11.7125
22140 11.6987
22150 11.6861
22160 11.6666
22170 11.6372
22180 11.618
22190 11.613
22200 11.6084
22210 11.604
22220 11.6106
22230 11.6087
22240 11.5832
22250 11.5584
22260 11.5318
22270 11.494
22280 11.4754
22290 11.5033
22300 11.5635
22310 11.6283
22320 11.6858
22330 11.7364
22340 11.7735
22350 11.7842
22360 11.7752
22370 11.7659
22380 11.756
22390 11.7421
22400 11.7271
22410 11.7044
22420 11.679
22430 11.6598
22440 11.6582
22450 11.6677
22460 11.6758
22470 11.6743
22480 11.6617
22490 11.6497
22500 11.6469
22510 11.6482
22520 11.6607
22530 11.7013
22540 11.7488
22550 11.775
22560 11.7887
22570 11.7995
22580 11.8042
22590 11.8065
22600 11.8192
22610 11.8534
22620 11.9014
22630 11.9358
22640 11.9503
22650 11.9578
22660 11.9606
22670 11.9546
22680 11.9417
22690 11.9335
22700 11.9376
22710 11.9442
22720 11.9423
22730 11.9228
22740 11.8972
22750 11.8776
22760 11.8489
22770 11.8081
22780 11.7831
22790 11.7987
22800 11.8398
22810 11.8807
22820 11.9033
22830 11.9026
22840 11.8814
22850 11.8474
22860 11.821
22870 11.8196
22880 11.8483
22890 11.8927
22900 11.9408
22910 11.9836
22920 12.0106
22930 12.0227
22940 12.0298
22950 12.0287
22960 12.0204
22970 12.0208
22980 12.0359
22990 12.0502
23000 12.0592
23010 12.0768
23020 12.0961
23030 12.0872
23040 12.0461
23050 12.0071
23060 11.9895
23070 11.9925
23080 12.0074
23090 12.0182
23100 12.0226
23110 12.0286
23120 12.0337
23130 12.0307
23140 12.0277
23150 12.0221
23160 12.0173
23170 12.0246
23180 12.0331
23190 12.0279
23200 12.0146
23210 12.025
23220 12.0484
23230 12.069
23240 12.0898
23250 12.1029
23260 12.1105
23270 12.1238
23280 12.1317
23290 12.114
23300 12.0891
23310 12.0622
23320 12.0313
23330 12.0257
23340 12.0511
23350 12.0777
23360 12.0973
23370 12.1047
23380 12.0885
23390 12.0463
23400 12.0043
23410 11.9922
23420 12.0018
23430 12.0107
23440 12.0181
23450 12.031
23460 12.0479
23470 12.0663
23480 12.0876
23490 12.0983
23500 12.093
23510 12.0793
23520 12.0695
23530 12.0642
23540 12.0526
23550 12.0375
23560 12.0341
23570 12.0554
23580 12.092
23590 12.1212
23600 12.1385
23610 12.151
23620 12.1431
23630 12.1172
23640 12.1077
23650 12.1155
23660 12.117
23670 12.1275
23680 12.159
23690 12.1895
23700 12.194
23710 12.1726
23720 12.1489
23730 12.1356
23740 12.1363
23750 12.1431
23760 12.1568
23770 12.1815
23780 12.2094
23790 12.2331
23800 12.2523
23810 12.2587
23820 12.2463
23830 12.2178
23840 12.1811
23850 12.1523
23860 12.1442
23870 12.1511
23880 12.1681
23890 12.2042
23900 12.233
23910 12.2416
23920 12.2533
23930 12.2713
23940 12.2863
23950 12.3045
23960 12.3319
23970 12.3569
23980 12.3724
23990 12.3752
24000 12.3473
24010 12.3043
24020 12.2761
24030 12.2656
24040 12.2627
24050 12.2727
24060 12.292
24070 12.2905
24080 12.267
24090 12.2582
24100 12.2646
24110 12.2531
24120 12.2267
24130 12.208
24140 12.2031
24150 12.207
24160 12.2171
24170 12.2221
24180 12.222
24190 12.2286
24200 12.2399
24210 12.2478
24220 12.2615
24230 12.2768
24240 12.2718
24250 12.2529
24260 12.2408
24270 12.2423
24280 12.25
24290 12.2585
24300 12.2619
24310 12.2811
24320 12.3341
24330 12.3872
24340 12.4052
24350 12.4001
24360 12.3931
24370 12.3803
24380 12.3617
24390 12.3551
24400 12.3661
24410 12.3746
24420 12.3566
24430 12.3275
24440 12.316
24450 12.3282
24460 12.3545
24470 12.3816
24480 12.4
24490 12.413
24500 12.4151
24510 12.4009
24520 12.3726
24530 12.3451
24540 12.3289
24550 12.3322
24560 12.3643
24570 12.4128
24580 12.4595
24590 12.4951
24600 12.5149
24610 12.5179
24620 12.5173
24630 12.5081
24640 12.49
24650 12.48
24660 12.4842
24670 12.4973
24680 12.4962
24690 12.4655
24700 12.4408
24710 12.4418
24720 12.4452
24730 12.4398
24740 12.4412
24750 12.4508
24760 12.4545
24770 12.4455
24780 12.4371
24790 12.4332
24800 12.4135
24810 12.3735
24820 12.3428
24830 12.3301
24840 12.3228
24850 12.3166
24860 12.3173
24870 12.3338
24880 12.3585
24890 12.3716
24900 12.373
24910 12.3721
24920 12.3747
24930 12.37
24940 12.3573
24950 12.3418
24960 12.3299
24970 12.3217
24980 12.31
24990 12.2957
25000 12.2904
25010 12.3001
25020 12.3241
25030 12.3475
25040 12.3587
25050 12.375
25060 12.397
25070 12.4078
25080 12.4154
25090 12.4175
25100 12.4011
25110 12.3825
25120 12.3763
25130 12.367
25140 12.3477
25150 12.3299
25160 12.3171
25170 12.3123
25180 12.3145
25190 12.3126
25200 12.3112
25210 12.3227
25220 12.3485
25230 12.3759
25240 12.4072
25250 12.4457
25260 12.4754
25270 12.4962
25280 12.5105
25290 12.5149
25300 12.5059
25310 12.4861
25320 12.4776
25330 12.4867
25340 12.5021
25350 12.5112
25360 12.517
25370 12.5156
25380 12.5062
25390 12.4833
25400 12.4549
25410 12.4581
25420 12.5005
25430 12.5432
25440 12.5689
25450 12.5884
25460 12.607
25470 12.6145
25480 12.6012
25490 12.5897
25500 12.5862
25510 12.5742
25520 12.5631
25530 12.561
25540 12.5608
25550 12.5546
25560 12.5597
25570 12.5987
25580 12.6445
25590 12.6623
25600 12.6685
25610 12.6893
25620 12.7126
25630 12.7308
25640 12.7555
25650 12.7932
25660 12.8417
25670 12.9
25680 12.9525
25690 12.9899
25700 13.0079
25710 13.0122
25720 13.0085
25730 12.9913
25740 12.97
25750 12.9651
25760 12.9813
25770 12.9998
25780 13.0062
25790 13.0133
25800 13.0207
25810 13.0222
25820 13.0163
25830 13.0013
25840 12.9761
25850 12.9483
25860 12.9207
25870 12.8945
25880 12.885
25890 12.9073
25900 12.9435
25910 12.9742
25920 12.9946
25930 12.9916
25940 12.9654
25950 12.9372
25960 12.9238
25970 12.9156
25980 12.9063
25990 12.8987
26000 12.901
26010 12.9036
26020 12.8902
26030 12.8696
26040 12.8615
26050 12.8696
26060 12.8781
26070 12.8692
26080 12.8573
26090 12.8746
26100 12.9118
26110 12.9348
26120 12.9349
26130 12.9132
26140 12.8585
26150 12.7991
26160 12.7727
26170 12.7747
26180 12.7975
26190 12.842
26200 12.8885
26210 12.9054
26220 12.902
26230 12.8982
26240 12.8962
26250 12.8872
26260 12.881
26270 12.8701
26280 12.8476
26290 12.8309
26300 12.8137
26310 12.7832
26320 12.7518
26330 12.7297
26340 12.7208
26350 12.7244
26360 12.7269
26370 12.7172
26380 12.7007
26390 12.6832
26400 12.6567
26410 12.6255
26420 12.5961
26430 12.5701
26440 12.5468
26450 12.5302
26460 12.5176
26470 12.5091
26480 12.5184
26490 12.5411
26500 12.5669
26510 12.5815
26520 12.5827
26530 12.5711
26540 12.5383
26550 12.49
26560 12.4576
26570 12.4543
26580 12.4716
26590 12.4915
26600 12.5072
26610 12.5172
26620 12.532
26630 12.5544
26640 12.5778
26650 12.5854
26660 12.5748
26670 12.5499
26680 12.5278
26690 12.5224
26700 12.5231
26710 12.5203
26720 12.5172
26730 12.5077
26740 12.4842
26750 12.4586
26760 12.4418
26770 12.4428
26780 12.4564
26790 12.4728
26800 12.4658
26810 12.4304
26820 12.3942
26830 12.3859
26840 12.4041
26850 12.4285
26860 12.4508
26870 12.4582
26880 12.4324
26890 12.3904
26900 12.3691
26910 12.3794
26920 12.4059
26930 12.4335
26940 12.4623
26950 12.4908
26960 12.5214
26970 12.5482
26980 12.5541
26990 12.5369
27000 12.5176
27010 12.5121
27020 12.5203
27030 12.5405
27040 12.5698
27050 12.5848
27060 12.5831
27070 12.5777
27080 12.5738
27090 12.5661
27100 12.5554
27110 12.5441
27120 12.5288
27130 12.5214
27140 12.5353
27150 12.5708
27160 12.6174
27170 12.6741
27180 12.7405
27190 12.7863
27200 12.7965
27210 12.7942
27220 12.7971
27230 12.8022
27240 12.8057
27250 12.8198
27260 12.8642
27270 12.9462
27280 13.0406
27290 13.1192
27300 13.178
27310 13.2209
27320 13.2478
27330 13.2646
27340 13.2817
27350 13.3207
27360 13.3776
27370 13.4194
27380 13.4475
27390 13.4675
27400 13.4799
27410 13.4833
27420 13.4722
27430 13.4405
27440 13.4111
27450 13.4061
27460 13.4168
27470 13.4288
27480 13.4501
27490 13.4982
27500 13.5685
27510 13.6351
27520 13.6807
27530 13.7187
27540 13.7373
27550 13.7135
27560 13.6866
27570 13.7036
27580 13.7467
27590 13.7804
27600 13.7872
27610 13.757
27620 13.693
27630 13.6224
27640 13.5699
27650 13.5473
27660 13.5589
27670 13.5989
27680 13.6318
27690 13.6393
27700 13.6422
27710 13.6498
27720 13.6524
27730 13.648
27740 13.6545
27750 13.6674
27760 13.6647
27770 13.6373
27780 13.599
27790 13.5616
27800 13.5255
27810 13.4896
27820 13.4647
27830 13.4651
27840 13.4873
27850 13.5203
27860 13.5472
27870 13.561
27880 13.5699
27890 13.5647
27900 13.5282
27910 13.4739
27920 13.4397
27930 13.4342
27940 13.4567
27950 13.5038
27960 13.5507
27970 13.5775
27980 13.5874
27990 13.5809
28000 13.5672
28010 13.5643
28020 13.5775
28030 13.5952
28040 13.6022
28050 13.5993
28060 13.5921
28070 13.5785
28080 13.572
28090 13.588
28100 13.62
28110 13.6424
28120 13.6472
28130 13.6417
28140 13.6491
28150 13.6567
28160 13.6496
28170 13.6512
28180 13.6853
28190 13.7252
28200 13.748
28210 13.7583
28220 13.7544
28230 13.7334
28240 13.6951
28250 13.6453
28260 13.6001
28270 13.5709
28280 13.5771
28290 13.6108
28300 13.6454
28310 13.6573
28320 13.6606
28330 13.6512
28340 13.6284
28350 13.6218
28360 13.6451
28370 13.6653
28380 13.6592
28390 13.6446
28400 13.6293
28410 13.6148
28420 13.6083
28430 13.5913
28440 13.5567
28450 13.5222
28460 13.4928
28470 13.4659
28480 13.4559
28490 13.4573
28500 13.4444
28510 13.4269
28520 13.4173
28530 13.3975
28540 13.3599
28550 13.3276
28560 13.3183
28570 13.3349
28580 13.363
28590 13.4001
28600 13.4421
28610 13.4643
28620 13.4564
28630 13.4484
28640 13.474
28650 13.5267
28660 13.5735
28670 13.6115
28680 13.6595
28690 13.7024
28700 13.7219
28710 13.7457
28720 13.7932
28730 13.8476
28740 13.8995
28750 13.9408
28760 13.958
28770 13.9583
28780 13.9646
28790 13.9798
28800 13.9939
28810 13.9914
28820 13.9629
28830 13.9263
28840 13.9042
28850 13.9042
28860 13.9308
28870 13.9846
28880 14.0293
28890 14.0478
28900 14.0545
28910 14.0546
28920 14.0609
28930 14.0896
28940 14.1232
28950 14.1285
28960 14.125
28970 14.1445
28980 14.1623
28990 14.1494
29000 14.1204
29010 14.1024
29020 14.0915
29030 14.0925
29040 14.1232
29050 14.1753
29060 14.2098
29070 14.2054
29080 14.192
29090 14.1976
29100 14.2311
29110 14.2886
29120 14.3527
29130 14.3884
29140 14.3752
29150 14.3209
29160 14.2561
29170 14.2112
29180 14.1789
29190 14.1612
29200 14.1766
29210 14.2159
29220 14.2562
29230 14.3026
29240 14.3531
29250 14.3804
29260 14.3706
29270 14.3446
29280 14.3162
29290 14.2927
29300 14.2839
29310 14.2875
29320 14.294
29330 14.2964
29340 14.2885
29350 14.262
29360 14.2345
29370 14.2251
29380 14.2267
29390 14.2288
29400 14.2247
29410 14.2034
29420 14.166
29430 14.1267
29440 14.0774
29450 14.0077
29460 13.934
29470 13.8923
29480 13.8953
29490 13.9324
29500 13.9778
29510 14.0017
29520 13.9964
29530 13.9767
29540 13.9453
29550 13.9145
29560 13.9002
29570 13.9014
29580 13.9209
29590 13.956
29600 13.9795
29610 13.9824
29620 13.9825
29630 13.9971
29640 14.0351
29650 14.0775
29660 14.0936
29670 14.0836
29680 14.0733
29690 14.0643
29700 14.0523
29710 14.0382
29720 14.032
29730 14.0396
29740 14.0617
29750 14.0977
29760 14.1484
29770 14.1973
29780 14.2279
29790 14.2394
29800 14.2426
29810 14.2534
29820 14.2646
29830 14.2672
29840 14.2761
29850 14.3044
29860 14.3257
29870 14.3134
29880 14.2668
29890 14.2143
29900 14.1807
29910 14.1665
29920 14.158
29930 14.1441
29940 14.1331
29950 14.1326
29960 14.1494
29970 14.1823
29980 14.2076
29990 14.2075
30000 14.1966
30010 14.1846
30020 14.1704
30030 14.1589
30040 14.1625
30050 14.1782
30060 14.1961
30070 14.2195
30080 14.2537
30090 14.2729
30100 14.2649
30110 14.2453
30120 14.2213
30130 14.2037
30140 14.2012
30150 14.2149
30160 14.2435
30170 14.2614
30180 14.2493
30190 14.2266
30200 14.2204
30210 14.2362
30220 14.2646
30230 14.2982
30240 14.3314
30250 14.3577
30260 14.3741
30270 14.3701
30280 14.3423
30290 14.3161
30300 14.3163
30310 14.3267
30320 14.3362
30330 14.3413
30340 14.3392
30350 14.3291
30360 14.3048
30370 14.2752
30380 14.253
30390 14.2347
30400 14.2188
30410 14.2195
30420 14.2431
30430 14.2747
30440 14.3026
30450 14.3268
30460 14.3512
30470 14.3682
30480 14.3723
30490 14.3696
30500 14.3759
30510 14.385
30520 14.3748
30530 14.3554
30540 14.3579
30550 14.3789
30560 14.4058
30570 14.4258
30580 14.4398
30590 14.4629
30600 14.4858
30610 14.4805
30620 14.4472
30630 14.4017
30640 14.352
30650 14.3094
30660 14.2906
30670 14.3058
30680 14.3398
30690 14.3835
30700 14.425
30710 14.4575
30720 14.4797
30730 14.4839
30740 14.4855
30750 14.4962
30760 14.5207
30770 14.5569
30780 14.6109
30790 14.6594
30800 14.677
30810 14.68
30820 14.6824
30830 14.6882
30840 14.7108
30850 14.7469
30860 14.781
30870 14.8041
30880 14.821
30890 14.8513
30900 14.8821
30910 14.8802
30920 14.8571
30930 14.8459
30940 14.8521
30950 14.8455
30960 14.8306
30970 14.8394
30980 14.8644
30990 14.8781
31000 14.8867
31010 14.9045
31020 14.929
31030 14.9401
31040 14.9336
31050 14.93
31060 14.9498
31070 14.9857
31080 15.0285
31090 15.067
31100 15.0841
31110 15.0654
31120 15.0288
31130 15.0025
31140 14.9912
31150 14.9972
31160 15.0226
31170 15.0436
31180 15.0429
31190 15.0188
31200 14.9888
31210 14.9775
31220 14.9822
31230 14.9775
31240 14.9515
31250 14.9152
31260 14.8746
31270 14.8335
31280 14.7983
31290 14.7721
31300 14.7548
31310 14.7628
31320 14.805
31330 14.8534
31340 14.8771
31350 14.8779
31360 14.8757
31370 14.8884
31380 14.909
31390 14.9252
31400 14.9442
31410 14.982
31420 15.0389
31430 15.0945
31440 15.1267
31450 15.1464
31460 15.1631
31470 15.1827
31480 15.2139
31490 15.2494
31500 15.2853
31510 15.33
31520 15.38
31530 15.4302
31540 15.4695
31550 15.4906
31560 15.501
31570 15.5108
31580 15.5134
31590 15.5058
31600 15.4957
31610 15.4846
31620 15.4635
31630 15.443
31640 15.4389
31650 15.4288
31660 15.4047
31670 15.3647
31680 15.3107
31690 15.2617
31700 15.2446
31710 15.2585
31720 15.2712
31730 15.26
31740 15.2387
31750 15.2306
31760 15.2232
31770 15.2036
31780 15.1849
31790 15.1836
31800 15.1907
31810 15.178
31820 15.152
31830 15.142
31840 15.1515
31850 15.169
31860 15.2029
31870 15.25
31880 15.3009
31890 15.335
31900 15.3458
31910 15.3484
31920 15.3507
31930 15.3751
31940 15.4294
31950 15.4846
31960 15.5087
31970 15.5264
31980 15.5555
31990 15.576
32000 15.5918
32010 15.6275
32020 15.6695
32030 15.694
32040 15.7115
32050 15.7181
32060 15.6968
32070 15.6544
32080 15.5965
32090 15.5226
32100 15.4609
32110 15.4221
32120 15.4004
32130 15.4055
32140 15.4361
32150 15.4851
32160 15.5289
32170 15.5544
32180 15.5669
32190 15.5589
32200 15.5216
32210 15.4727
32220 15.4473
32230 15.4452
32240 15.4547
32250 15.4852
32260 15.5383
32270 15.5787
32280 15.582
32290 15.5795
32300 15.5992
32310 15.6141
32320 15.6118
32330 15.6035
32340 15.5928
32350 15.5751
32360 15.5663
32370 15.5645
32380 15.5675
32390 15.5793
32400 15.597
32410 15.6063
32420 15.6023
32430 15.582
32440 15.5356
32450 15.4773
32460 15.4092
32470 15.336
32480 15.2872
32490 15.2782
32500 15.275
32510 15.2554
32520 15.2342
32530 15.2325
32540 15.2549
32550 15.2895
32560 15.3291
32570 15.3683
32580 15.3935
32590 15.4087
32600 15.4252
32610 15.44
32620 15.4572
32630 15.4761
32640 15.4881
32650 15.4943
32660 15.5041
32670 15.5223
32680 15.5425
32690 15.558
32700 15.5692
32710 15.5863
32720 15.6135
32730 15.6398
32740 15.6574
32750 15.6721
32760 15.6732
32770 15.6406
32780 15.5856
32790 15.5323
32800 15.497
32810 15.4723
32820 15.4604
32830 15.4713
32840 15.497
32850 15.5183
32860 15.5123
32870 15.4855
32880 15.4596
32890 15.432
32900 15.3957
32910 15.36
32920 15.3459
32930 15.3541
32940 15.3824
32950 15.4196
32960 15.4491
32970 15.4864
32980 15.5398
32990 15.5982
33000 15.6445
33010 15.6699
33020 15.6789
33030 15.673
33040 15.6547
33050 15.6358
33060 15.615
33070 15.5983
33080 15.5938
33090 15.5933
33100 15.5891
33110 15.5798
33120 15.5683
33130 15.5677
33140 15.5928
33150 15.64
33160 15.6762
33170 15.6931
33180 15.7171
33190 15.7521
33200 15.7789
33210 15.794
33220 15.8095
33230 15.8195
33240 15.8188
33250 15.829
33260 15.8533
33270 15.8738
33280 15.8917
33290 15.9008
33300 15.8841
33310 15.8477
33320 15.8266
33330 15.8348
33340 15.8588
33350 15.8773
33360 15.8853
33370 15.8996
33380 15.9074
33390 15.8894
33400 15.8692
33410 15.8709
33420 15.8703
33430 15.8736
33440 15.9092
33450 15.9544
33460 15.9823
33470 15.9956
33480 15.9912
33490 15.9728
33500 15.9641
33510 15.9722
33520 15.9796
33530 16.002
33540 16.0576
33550 16.1203
33560 16.1714
33570 16.2185
33580 16.2557
33590 16.2751
33600 16.2938
33610 16.3236
33620 16.3428
33630 16.3504
33640 16.3636
33650 16.3742
33660 16.3566
33670 16.3082
33680 16.2362
33690 16.1553
33700 16.0917
33710 16.0541
33720 16.0358
33730 16.0354
33740 16.0432
33750 16.0509
33760 16.0663
33770 16.0783
33780 16.0749
33790 16.0753
33800 16.0896
33810 16.0914
33820 16.0883
33830 16.0998
33840 16.1002
33850 16.0779
33860 16.0527
33870 16.0403
33880 16.0427
33890 16.0541
33900 16.0659
33910 16.0744
33920 16.0627
33930 16.0167
33940 15.9526
33950 15.8951
33960 15.862
33970 15.8608
33980 15.8871
33990 15.9116
34000 15.929
34010 15.9506
34020 15.9716
34030 15.9941
34040 16.0189
34050 16.0404
34060 16.0497
34070 16.0685
34080 16.1084
34090 16.1415
34100 16.153
34110 16.1616
34120 16.1749
34130 16.1714
34140 16.1505
34150 16.1367
34160 16.1444
34170 16.1658
34180 16.1972
34190 16.2366
34200 16.2711
34210 16.3003
34220 16.3438
34230 16.3948
34240 16.4201
34250 16.4206
34260 16.4138
34270 16.399
34280 16.3938
34290 16.4322
34300 16.51
34310 16.5959
34320 16.667
34330 16.695
34340 16.6625
34350 16.5953
34360 16.5473
34370 16.5339
34380 16.5432
34390 16.5706
34400 16.6094
34410 16.6409
34420 16.6418
34430 16.6061
34440 16.5508
34450 16.4905
34460 16.4348
34470 16.3855
34480 16.3416
34490 16.2998
34500 16.2743
34510 16.2759
34520 16.2879
34530 16.2901
34540 16.285
34550 16.2913
34560 16.3048
34570 16.3177
34580 16.319
34590 16.3113
34600 16.3107
34610 16.3096
34620 16.305
34630 16.2908
34640 16.2706
34650 16.2639
34660 16.272
34670 16.2678
34680 16.2421
34690 16.2189
34700 16.2167
34710 16.2427
34720 16.2883
34730 16.3242
34740 16.3397
34750 16.3457
34760 16.355
34770 16.3645
34780 16.3648
34790 16.3493
34800 16.3337
34810 16.337
34820 16.3475
34830 16.3531
34840 16.3532
34850 16.3569
34860 16.3571
34870 16.3407
34880 16.3163
34890 16.3022
34900 16.3023
34910 16.312
34920 16.331
34930 16.3577
34940 16.386
34950 16.4059
34960 16.4185
34970 16.4131
34980 16.3619
34990 16.2771
35000 16.2041
35010 16.1585
35020 16.1264
35030 16.1112
35040 16.1023
35050 16.0758
35060 16.0271
35070 15.9657
35080 15.9137
35090 15.8832
35100 15.8586
35110 15.8467
35120 15.8547
35130 15.8634
35140 15.8639
35150 15.8715
35160 15.8948
35170 15.9198
35180 15.9369
35190 15.9409
35200 15.9323
35210 15.932
35220 15.9519
35230 15.9881
35240 16.033
35250 16.072
35260 16.0906
35270 16.0933
35280 16.0836
35290 16.0648
35300 16.0397
35310 15.9979
35320 15.9583
35330 15.9439
35340 15.9512
35350 15.9786
35360 16.0129
35370 16.0277
35380 16.0309
35390 16.0533
35400 16.078
35410 16.0825
35420 16.0785
35430 16.0748
35440 16.0768
35450 16.0955
35460 16.1284
35470 16.1639
35480 16.2014
35490 16.2332
35500 16.245
35510 16.2436
35520 16.2288
35530 16.1957
35540 16.1598
35550 16.1354
35560 16.1352
35570 16.1575
35580 16.1767
35590 16.1763
35600 16.1681
35610 16.1538
35620 16.1396
35630 16.1299
35640 16.1127
35650 16.0947
35660 16.1106
35670 16.1779
35680 16.2605
35690 16.3287
35700 16.3839
35710 16.4132
35720 16.4179
35730 16.4108
35740 16.4035
35750 16.3988
35760 16.3983
35770 16.4001
35780 16.4068
35790 16.4297
35800 16.4607
35810 16.4855
35820 16.5041
35830 16.5176
35840 16.5251
35850 16.5193
35860 16.5023
35870 16.4983
35880 16.5128
35890 16.5321
35900 16.5423
35910 16.525
35920 16.4948
35930 16.483
35940 16.4962
35950 16.5152
35960 16.5363
35970 16.551
35980 16.5497
35990 16.5444
36000 16.5569
36010 16.5689
36020 16.5638
36030 16.5543
36040 16.5597
36050 16.5794
36060 16.5867
36070 16.5649
36080 16.5206
36090 16.4759
36100 16.4603
36110 16.4733
36120 16.5044
36130 16.5441
36140 16.5653
36150 16.5429
36160 16.4956
36170 16.4422
36180 16.3947
36190 16.3897
36200 16.4212
36210 16.4525
36220 16.4672
36230 16.4767
36240 16.4684
36250 16.4424
36260 16.4245
36270 16.416
36280 16.4188
36290 16.4521
36300 16.5115
36310 16.5639
36320 16.596
36330 16.6079
36340 16.594
36350 16.5564
36360 16.5251
36370 16.5126
36380 16.515
36390 16.5341
36400 16.5679
36410 16.5975
36420 16.6037
36430 16.5842
36440 16.5432
36450 16.4903
36460 16.4652
36470 16.4898
36480 16.5347
36490 16.5596
36500 16.5715
36510 16.5998
36520 16.6314
36530 16.6362
36540 16.6223
36550 16.6121
36560 16.6083
36570 16.6179
36580 16.6564
36590 16.7207
36600 16.778
36610 16.7984
36620 16.7877
36630 16.779
36640 16.7859
36650 16.7984
36660 16.816
36670 16.8545
36680 16.886
36690 16.8972
36700 16.9212
36710 16.9552
36720 16.9649
36730 16.9581
36740 16.9651
36750 16.9862
36760 17.0166
36770 17.0581
36780 17.1005
36790 17.1331
36800 17.1534
36810 17.1707
36820 17.184
36830 17.2032
36840 17.232
36850 17.2534
36860 17.267
36870 17.2924
36880 17.3327
36890 17.3651
36900 17.3906
36910 17.4332
36920 17.4913
36930 17.5309
36940 17.5373
36950 17.536
36960 17.5329
36970 17.5184
36980 17.5047
36990 17.5229
37000 17.5574
37010 17.5952
37020 17.6338
37030 17.6506
37040 17.6475
37050 17.6548
37060 17.6721
37070 17.697
37080 17.7241
37090 17.7411
37100 17.745
37110 17.7345
37120 17.7026
37130 17.6489
37140 17.5923
37150 17.5614
37160 17.5553
37170 17.5496
37180 17.5496
37190 17.5827
37200 17.6426
37210 17.686
37220 17.709
37230 17.7278
37240 17.7399
37250 17.7454
37260 17.7602
37270 17.7844
37280 17.8048
37290 17.8232
37300 17.8328
37310 17.8274
37320 17.8218
37330 17.8272
37340 17.8364
37350 17.8471
37360 17.8767
37370 17.9155
37380 17.9342
37390 17.9336
37400 17.9229
37410 17.9115
37420 17.9257
37430 17.979
37440 18.0537
37450 18.1192
37460 18.1556
37470 18.1621
37480 18.1411
37490 18.1071
37500 18.0948
37510 18.1196
37520 18.1529
37530 18.1754
37540 18.1892
37550 18.1983
37560 18.192
37570 18.1622
37580 18.1187
37590 18.0727
37600 18.0404
37610 18.0199
37620 17.9923
37630 17.9509
37640 17.916
37650 17.8924
37660 17.8583
37670 17.8231
37680 17.8189
37690 17.8416
37700 17.8713
37710 17.9009
37720 17.9375
37730 17.9692
37740 17.9624
37750 17.9128
37760 17.8509
37770 17.7947
37780 17.7306
37790 17.6715
37800 17.6442
37810 17.6675
37820 17.7158
37830 17.7373
37840 17.7407
37850 17.7507
37860 17.7607
37870 17.7662
37880 17.769
37890 17.7692
37900 17.7504
37910 17.7127
37920 17.6756
37930 17.6535
37940 17.6653
37950 17.7194
37960 17.7933
37970 17.8622
37980 17.9167
37990 17.9518
38000 17.9662
38010 17.9597
38020 17.9371
38030 17.9027
38040 17.9015
38050 17.954
38060 18.0252
38070 18.0632
38080 18.0666
38090 18.0606
38100 18.0493
38110 18.0398
38120 18.047
38130 18.0624
38140 18.0864
38150 18.122
38160 18.162
38170 18.1946
38180 18.2293
38190 18.2821
38200 18.3221
38210 18.3124
38220 18.2827
38230 18.2729
38240 18.2788
38250 18.27
38260 18.2533
38270 18.2415
38280 18.2367
38290 18.259
38300 18.3242
38310 18.4136
38320 18.4876
38330 18.518
38340 18.508
38350 18.4645
38360 18.4037
38370 18.3471
38380 18.3224
38390 18.3468
38400 18.3875
38410 18.4034
38420 18.4001
38430 18.3922
38440 18.377
38450 18.3505
38460 18.3285
38470 18.3235
38480 18.3406
38490 18.3848
38500 18.4254
38510 18.4417
38520 18.4232
38530 18.373
38540 18.2877
38550 18.1878
38560 18.1173
38570 18.0936
38580 18.1134
38590 18.1585
38600 18.1996
38610 18.2118
38620 18.1815
38630 18.1282
38640 18.0892
38650 18.0669
38660 18.0686
38670 18.1056
38680 18.1697
38690 18.2241
38700 18.2675
38710 18.309
38720 18.3124
38730 18.2509
38740 18.1645
38750 18.1106
38760 18.0969
38770 18.1064
38780 18.1353
38790 18.1636
38800 18.1818
38810 18.1937
38820 18.1866
38830 18.1429
38840 18.0555
38850 17.9743
38860 17.9381
38870 17.9418
38880 17.9783
38890 18.0322
38900 18.0946
38910 18.1519
38920 18.1974
38930 18.236
38940 18.2655
38950 18.3228
38960 18.4248
38970 18.531
38980 18.6167
38990 18.6834
39000 18.7115
39010 18.6973
39020 18.6596
39030 18.6096
39040 18.5671
39050 18.5578
39060 18.5762
39070 18.585
39080 18.565
39090 18.5157
39100 18.4532
39110 18.3997
39120 18.3711
39130 18.3629
39140 18.3664
39150 18.3802
39160 18.41
39170 18.4532
39180 18.4939
39190 18.4979
39200 18.4866
39210 18.4811
39220 18.4708
39230 18.4709
39240 18.5132
39250 18.5727
39260 18.628
39270 18.687
39280 18.7443
39290 18.7713
39300 18.762
39310 18.7317
39320 18.7194
39330 18.7431
39340 18.7766
39350 18.794
39360 18.7773
39370 18.7306
39380 18.681
39390 18.6532
39400 18.6349
39410 18.6262
39420 18.632
39430 18.633
39440 18.6024
39450 18.5533
39460 18.5182
39470 18.5113
39480 18.509
39490 18.5032
39500 18.5133
39510 18.5394
39520 18.571
39530 18.6093
39540 18.649
39550 18.6939
39560 18.7504
39570 18.8046
39580 18.8319
39590 18.8281
39600 18.8056
39610 18.7787
39620 18.7572
39630 18.7704
39640 18.8372
39650 18.9237
39660 19.0008
39670 19.0494
39680 19.0606
39690 19.0347
39700 18.9809
39710 18.923
39720 18.9037
39730 18.9447
39740 19.0222
39750 19.1038
39760 19.1626
39770 19.1777
39780 19.1689
39790 19.1602
39800 19.1509
39810 19.1395
39820 19.1122
39830 19.0852
39840 19.0618
39850 19.0317
39860 19.0067
39870 19.0015
39880 19.0073
39890 19.0078
39900 19.0036
39910 18.9847
39920 18.9432
39930 18.901
39940 18.8954
39950 18.9169
39960 18.9494
39970 19.0058
39980 19.0716
39990 19.1499
40000 19.2547
40010 19.3429
40020 19.3884
40030 19.4169
40040 19.4548
40050 19.4944
40060 19.5255
40070 19.5606
40080 19.6112
40090 19.6556
40100 19.6732
40110 19.6754
40120 19.6777
40130 19.6653
40140 19.6444
40150 19.6438
40160 19.6646
40170 19.6795
40180 19.6876
40190 19.7095
40200 19.7263
40210 19.7063
40220 19.6564
40230 19.6138
40240 19.5886
40250 19.5619
40260 19.5268
40270 19.5047
40280 19.501
40290 19.5043
40300 19.5136
40310 19.5085
40320 19.4822
40330 19.4644
40340 19.4607
40350 19.444
40360 19.4081
40370 19.3667
40380 19.333
40390 19.3237
40400 19.3231
40410 19.3121
40420 19.2943
40430 19.2895
40440 19.2908
40450 19.2836
40460 19.2612
40470 19.2283
40480 19.1955
40490 19.1881
40500 19.217
40510 19.252
40520 19.2664
40530 19.2611
40540 19.248
40550 19.227
40560 19.2162
40570 19.2278
40580 19.2344
40590 19.2235
40600 19.2142
40610 19.1908
40620 19.1252
40630 19.0416
40640 18.9848
40650 18.9584
40660 18.9563
40670 18.9897
40680 19.0232
40690 19.0198
40700 19.0006
40710 18.9775
40720 18.9504
40730 18.9266
40740 18.9229
40750 18.9471
40760 18.9814
40770 19.0072
40780 19.0109
40790 18.9874
40800 18.941
40810 18.8865
40820 18.8531
40830 18.853
40840 18.8761
40850 18.9059
40860 18.9315
40870 18.952
40880 18.9812
40890 18.9992
40900 18.9785
40910 18.9292
40920 18.8739
40930 18.8208
40940 18.8046
40950 18.8115
40960 18.7878
40970 18.7348
40980 18.6823
40990 18.6196
41000 18.5509
41010 18.5133
41020 18.5163
41030 18.5544
41040 18.6048
41050 18.6354
41060 18.6274
41070 18.595
41080 18.5576
41090 18.5388
41100 18.5546
41110 18.5878
41120 18.6259
41130 18.6823
41140 18.7435
41150 18.7781
41160 18.78
41170 18.76
41180 18.722
41190 18.6945
41200 18.706
41210 18.7546
41220 18.8173
41230 18.8768
41240 18.9173
41250 18.9211
41260 18.9067
41270 18.901
41280 18.9055
41290 18.9168
41300 18.9486
41310 18.995
41320 19.0319
41330 19.0417
41340 19.0155
41350 18.9485
41360 18.8723
41370 18.834
41380 18.835
41390 18.835
41400 18.8162
41410 18.7961
41420 18.7788
41430 18.7425
41440 18.6918
41450 18.6541
41460 18.6478
41470 18.6655
41480 18.6891
41490 18.7164
41500 18.7443
41510 18.7755
41520 18.8176
41530 18.8521
41540 18.8583
41550 18.8302
41560 18.8085
41570 18.8017
41580 18.7792
41590 18.7376
41600 18.713
41610 18.7037
41620 18.6798
41630 18.639
41640 18.5995
41650 18.5679
41660 18.5548
41670 18.5653
41680 18.5847
41690 18.5966
41700 18.5978
41710 18.6007
41720 18.6167
41730 18.6384
41740 18.6476
41750 18.6413
41760 18.6368
41770 18.6635
41780 18.6926
41790 18.6788
41800 18.6381
41810 18.6071
41820 18.5902
41830 18.5736
41840 18.5598
41850 18.5647
41860 18.5941
41870 18.6295
41880 18.6611
41890 18.7041
41900 18.7473
41910 18.7677
41920 18.7698
41930 18.7642
41940 18.7541
41950 18.7503
41960 18.7602
41970 18.7867
41980 18.8308
41990 18.8684
42000 18.8775
42010 18.8798
42020 18.8822
42030 18.8896
42040 18.9034
42050 18.9058
42060 18.898
42070 18.8897
42080 18.8749
42090 18.836
42100 18.7996
42110 18.7914
42120 18.8073
42130 18.8437
42140 18.8968
42150 18.9426
42160 18.9808
42170 19.0241
42180 19.0531
42190 19.0414
42200 18.9906
42210 18.9291
42220 18.8603
42230 18.7901
42240 18.733
42250 18.7029
42260 18.7066
42270 18.7383
42280 18.7738
42290 18.8009
42300 18.8128
42310 18.8045
42320 18.8078
42330 18.8458
42340 18.8993
42350 18.9487
42360 18.9895
42370 19.0204
42380 19.0425
42390 19.0728
42400 19.1158
42410 19.1521
42420 19.1682
42430 19.1592
42440 19.1268
42450 19.1085
42460 19.1136
42470 19.1172
42480 19.1116
42490 19.1159
42500 19.1302
42510 19.1374
42520 19.1344
42530 19.1338
42540 19.1418
42550 19.1557
42560 19.1675
42570 19.1676
42580 19.1485
42590 19.1268
42600 19.1301
42610 19.159
42620 19.2129
42630 19.2819
42640 19.3315
42650 19.3384
42660 19.3308
42670 19.3316
42680 19.3281
42690 19.3281
42700 19.3408
42710 19.3501
42720 19.3545
42730 19.3568
42740 19.346
42750 19.3152
42760 19.2725
42770 19.2258
42780 19.1876
42790 19.1624
42800 19.1449
42810 19.1334
42820 19.1502
42830 19.1886
42840 19.2058
42850 19.1941
42860 19.1812
42870 19.1655
42880 19.1434
42890 19.1387
42900 19.1677
42910 19.2226
42920 19.2858
42930 19.3371
42940 19.3553
42950 19.3522
42960 19.3442
42970 19.3331
42980 19.3236
42990 19.3096
43000 19.2973
43010 19.3009
43020 19.3091
43030 19.297
43040 19.2915
43050 19.2965
43060 19.2948
43070 19.2869
43080 19.2832
43090 19.2703
43100 19.252
43110 19.2528
43120 19.2681
43130 19.2752
43140 19.2793
43150 19.3025
43160 19.3363
43170 19.3709
43180 19.4052
43190 19.4256
43200 19.4408
43210 19.4608
43220 19.4751
43230 19.4828
43240 19.4917
43250 19.5062
43260 19.5152
43270 19.506
43280 19.4985
43290 19.5066
43300 19.521
43310 19.5236
43320 19.514
43330 19.499
43340 19.4802
43350 19.4649
43360 19.4848
43370 19.5326
43380 19.5909
43390 19.6454
43400 19.6787
43410 19.6968
43420 19.711
43430 19.719
43440 19.7238
43450 19.7179
43460 19.6928
43470 19.6514
43480 19.6098
43490 19.5994
43500 19.6143
43510 19.6343
43520 19.6642
43530 19.6945
43540 19.7141
43550 19.7234
43560 19.7322
43570 19.7596
43580 19.7916
43590 19.7952
43600 19.7747
43610 19.7477
43620 19.7199
43630 19.6987
43640 19.6911
43650 19.694
43660 19.6931
43670 19.6886
43680 19.688
43690 19.6788
43700 19.6445
43710 19.6116
43720 19.614
43730 19.6448
43740 19.6735
43750 19.672
43760 19.6354
43770 19.5903
43780 19.5587
43790 19.5413
43800 19.5378
43810 19.5318
43820 19.5144
43830 19.4966
43840 19.4968
43850 19.512
43860 19.5255
43870 19.5263
43880 19.5105
43890 19.4883
43900 19.4646
43910 19.4381
43920 19.4232
43930 19.4248
43940 19.4317
43950 19.4377
43960 19.4563
43970 19.4932
43980 19.5401
43990 19.5685
44000 19.5578
44010 19.5258
44020 19.5208
44030 19.5471
44040 19.5752
44050 19.6006
44060 19.6283
44070 19.6523
44080 19.6474
44090 19.6021
44100 19.5488
44110 19.5235
44120 19.5329
44130 19.5628
44140 19.5907
44150 19.6106
44160 19.6073
44170 19.5779
44180 19.5423
44190 19.5117
44200 19.4906
44210 19.4882
44220 19.5173
44230 19.5635
44240 19.5914
44250 19.5977
44260 19.5776
44270 19.5307
44280 19.4848
44290 19.455
44300 19.4367
44310 19.4325
44320 19.4435
44330 19.4649
44340 19.4939
44350 19.5133
44360 19.4996
44370 19.458
44380 19.4285
44390 19.4173
44400 19.4072
44410 19.4057
44420 19.429
44430 19.4557
44440 19.4736
44450 19.5047
44460 19.5365
44470 19.5442
44480 19.5481
44490 19.5552
44500 19.5672
44510 19.5878
44520 19.6004
44530 19.5993
44540 19.6134
44550 19.6552
44560 19.7108
44570 19.7639
44580 19.8066
44590 19.8314
44600 19.8221
44610 19.7631
44620 19.6865
44630 19.6566
44640 19.6649
44650 19.6722
44660 19.6791
44670 19.683
44680 19.67
44690 19.6582
44700 19.6613
44710 19.6517
44720 19.6187
44730 19.5698
44740 19.4882
44750 19.3851
44760 19.3191
44770 19.3198
44780 19.3547
44790 19.3991
44800 19.4465
44810 19.4881
44820 19.5193
44830 19.5486
44840 19.5756
44850 19.5859
44860 19.5772
44870 19.5588
44880 19.5369
44890 19.5231
44900 19.5252
44910 19.5439
44920 19.5798
44930 19.6037
44940 19.5895
44950 19.5423
44960 19.4815
44970 19.4195
44980 19.3784
44990 19.3749
45000 19.3946
45010 19.4256
45020 19.4468
45030 19.4615
45040 19.4848
45050 19.5041
45060 19.5174
45070 19.5405
45080 19.5617
45090 19.5757
45100 19.5841
45110 19.5885
45120 19.6006
45130 19.6305
45140 19.6771
45150 19.7316
45160 19.7634
45170 19.7508
45180 19.7097
45190 19.6732
45200 19.6528
45210 19.6453
45220 19.6714
45230 19.7237
45240 19.7581
45250 19.7579
45260 19.752
45270 19.7476
45280 19.7249
45290 19.6766
45300 19.6311
45310 19.601
45320 19.5636
45330 19.5282
45340 19.5212
45350 19.5185
45360 19.508
45370 19.509
45380 19.5071
45390 19.4801
45400 19.4443
45410 19.4245
45420 19.41
45430 19.3966
45440 19.3968
45450 19.4174
45460 19.4547
45470 19.4965
45480 19.51
45490 19.4922
45500 19.4657
45510 19.4349
45520 19.4057
45530 19.4041
45540 19.4301
45550 19.4713
45560 19.5071
45570 19.5245
45580 19.524
45590 19.5116
45600 19.488
45610 19.4725
45620 19.5057
45630 19.5518
45640 19.5724
45650 19.5807
45660 19.5852
45670 19.5644
45680 19.5222
45690 19.4769
45700 19.4397
45710 19.4204
45720 19.4211
45730 19.4359
45740 19.4561
45750 19.4758
45760 19.5022
45770 19.5387
45780 19.5776
45790 19.6118
45800 19.6319
45810 19.6421
45820 19.6476
45830 19.6437
45840 19.6314
45850 19.6266
45860 19.6428
45870 19.6682
45880 19.6915
45890 19.7338
45900 19.7887
45910 19.8216
45920 19.8268
45930 19.814
45940 19.7966
45950 19.7839
45960 19.778
45970 19.7878
45980 19.8028
45990 19.8145
46000 19.8142
46010 19.7971
46020 19.7652
46030 19.7342
46040 19.7149
46050 19.7102
46060 19.7229
46070 19.7655
46080 19.83
46090 19.894
46100 19.9374
46110 19.9585
46120 19.9452
46130 19.8915
46140 19.8384
46150 19.8315
46160 19.8631
46170 19.9027
46180 19.9527
46190 20.0171
46200 20.075
46210 20.1099
46220 20.1138
46230 20.0822
46240 20.0462
46250 20.0254
46260 20.0206
46270 20.0206
46280 20.0245
46290 20.0413
46300 20.0641
46310 20.0689
46320 20.062
46330 20.0575
46340 20.0569
46350 20.0687
46360 20.084
46370 20.1046
46380 20.1641
46390 20.2555
46400 20.3316
46410 20.3715
46420 20.3883
46430 20.3929
46440 20.3795
46450 20.3654
46460 20.368
46470 20.3974
46480 20.4495
46490 20.4683
46500 20.4384
46510 20.3899
46520 20.3654
46530 20.3862
46540 20.4372
46550 20.4749
46560 20.4794
46570 20.4567
46580 20.4324
46590 20.4191
46600 20.4048
46610 20.3954
46620 20.406
46630 20.4363
46640 20.4741
46650 20.5048
46660 20.5199
46670 20.5083
46680 20.4756
46690 20.4369
46700 20.3927
46710 20.3577
46720 20.3718
46730 20.4275
46740 20.4826
46750 20.5233
46760 20.5817
46770 20.6668
46780 20.7231
46790 20.729
46800 20.7302
46810 20.7593
46820 20.7877
46830 20.7901
46840 20.7833
46850 20.7922
46860 20.8166
46870 20.841
46880 20.8534
46890 20.8501
46900 20.8391
46910 20.826
46920 20.8151
46930 20.8202
46940 20.8485
46950 20.901
46960 20.9573
46970 20.9923
46980 21.0047
46990 20.9953
47000 20.9589
47010 20.9006
47020 20.8317
47030 20.7575
47040 20.7122
47050 20.7175
47060 20.7633
47070 20.8175
47080 20.8423
47090 20.8167
47100 20.7631
47110 20.7229
47120 20.7095
47130 20.7072
47140 20.7119
47150 20.742
47160 20.8087
47170 20.8706
47180 20.8933
47190 20.8878
47200 20.8669
47210 20.8238
47220 20.7739
47230 20.7559
47240 20.7683
47250 20.7834
47260 20.7941
47270 20.8089
47280 20.8389
47290 20.8601
47300 20.8548
47310 20.8495
47320 20.8337
47330 20.771
47340 20.6969
47350 20.6673
47360 20.6841
47370 20.7112
47380 20.7184
47390 20.7093
47400 20.6851
47410 20.6531
47420 20.6227
47430 20.6001
47440 20.5781
47450 20.5666
47460 20.5911
47470 20.6269
47480 20.633
47490 20.6238
47500 20.6398
47510 20.6745
47520 20.7003
47530 20.7263
47540 20.758
47550 20.7751
47560 20.781
47570 20.788
47580 20.794
47590 20.7779
47600 20.753
47610 20.7497
47620 20.7746
47630 20.8177
47640 20.8646
47650 20.8919
47660 20.8889
47670 20.8763
47680 20.8765
47690 20.871
47700 20.8549
47710 20.8385
47720 20.8324
47730 20.8408
47740 20.8717
47750 20.9357
47760 21.0047
47770 21.0326
47780 21.0259
47790 21.0118
47800 21.018
47810 21.045
47820 21.0799
47830 21.1147
47840 21.1399
47850 21.1555
47860 21.1731
47870 21.1899
47880 21.1888
47890 21.1835
47900 21.1909
47910 21.2059
47920 21.2365
47930 21.3072
47940 21.3946
47950 21.4645
47960 21.5055
47970 21.4941
47980 21.4385
47990 21.3883
48000 21.3834
48010 21.4156
48020 21.4594
48030 21.5054
48040 21.5612
48050 21.614
48060 21.6455
48070 21.6409
48080 21.612
48090 21.6027
48100 21.6136
48110 21.6058
48120 21.5777
48130 21.54
48140 21.4998
48150 21.4758
48160 21.4742
48170 21.4813
48180 21.4867
48190 21.4957
48200 21.5081
48210 21.5156
48220 21.5
48230 21.4488
48240 21.3966
48250 21.3938
48260 21.4435
48270 21.5266
48280 21.6257
48290 21.6996
48300 21.7216
48310 21.7299
48320 21.7401
48330 21.7334
48340 21.7115
48350 21.7094
48360 21.7278
48370 21.7555
48380 21.7931
48390 21.8296
48400 21.8584
48410 21.8966
48420 21.9578
48430 22.0082
48440 22.0257
48450 22.0181
48460 22.0136
48470 22.0162
48480 22.0272
48490 22.0466
48500 22.0619
48510 22.0816
48520 22.1144
48530 22.1456
48540 22.1486
48550 22.1204
48560 22.0693
48570 22.0142
48580 21.9742
48590 21.9544
48600 21.9533
48610 21.9488
48620 21.927
48630 21.8894
48640 21.8438
48650 21.8
48660 21.7708
48670 21.7709
48680 21.7835
48690 21.8066
48700 21.8466
48710 21.8828
48720 21.8942
48730 21.8896
48740 21.8846
48750 21.9017
48760 21.9425
48770 21.9987
48780 22.0482
48790 22.0781
48800 22.0735
48810 22.0429
48820 22.0113
48830 21.9776
48840 21.946
48850 21.9492
48860 21.9893
48870 22.0347
48880 22.0572
48890 22.057
48900 22.0543
48910 22.0517
48920 22.0441
48930 22.0329
48940 22.0369
48950 22.0544
48960 22.0657
48970 22.067
48980 22.0525
48990 22.0083
49000 21.9493
49010 21.8911
49020 21.8254
49030 21.772
49040 21.7584
49050 21.7625
49060 21.756
49070 21.7273
49080 21.6508
49090 21.5462
49100 21.4802
49110 21.4547
49120 21.4534
49130 21.4717
49140 21.5053
49150 21.5458
49160 21.5814
49170 21.6011
49180 21.609
49190 21.631
49200 21.6665
49210 21.6937
49220 21.7224
49230 21.7668
49240 21.8133
49250 21.8407
49260 21.8497
49270 21.8548
49280 21.8719
49290 21.8768
49300 21.8487
49310 21.8139
49320 21.8095
49330 21.8302
49340 21.8587
49350 21.8924
49360 21.9154
49370 21.9123
49380 21.8874
49390 21.8527
49400 21.8012
49410 21.7347
49420 21.6821
49430 21.6654
49440 21.6752
49450 21.679
49460 21.6618
49470 21.6457
49480 21.6385
49490 21.6343
49500 21.6393
49510 21.6561
49520 21.6834
49530 21.7131
49540 21.7385
49550 21.7583
49560 21.7705
49570 21.7714
49580 21.7523
49590 21.7332
49600 21.7501
49610 21.7888
49620 21.8099
49630 21.814
49640 21.8344
49650 21.8689
49660 21.8986
49670 21.9254
49680 21.9543
49690 21.9889
49700 22.0219
49710 22.0445
49720 22.0527
49730 22.0459
49740 22.0346
49750 22.0333
49760 22.0502
49770 22.0812
49780 22.1065
49790 22.1057
49800 22.0906
49810 22.0629
49820 22.0076
49830 21.937
49840 21.9086
49850 21.9515
49860 22.0468
49870 22.1623
49880 22.2509
49890 22.2814
49900 22.2709
49910 22.2626
49920 22.2671
49930 22.2693
49940 22.2684
49950 22.2732
49960 22.2879
49970 22.3073
49980 22.3275
49990 22.3436
50000 22.3389
50010 22.2992
50020 22.2359
50030 22.1816
50040 22.1621
50050 22.1831
50060 22.2336
50070 22.2743
50080 22.2753
50090 22.2486
50100 22.2182
50110 22.1822
50120 22.1482
50130 22.1226
50140 22.0979
50150 22.0688
50160 22.0577
50170 22.0769
50180 22.1031
50190 22.1407
50200 22.1748
50210 22.1853
50220 22.1719
50230 22.1442
50240 22.1205
50250 22.1294
50260 22.1872
50270 22.2765
50280 22.3667
50290 22.4347
50300 22.4905
50310 22.5512
50320 22.612
50330 22.6528
50340 22.6785
50350 22.7155
50360 22.7633
50370 22.8138
50380 22.8698
50390 22.9145
50400 22.9403
50410 22.9868
50420 23.0606
50430 23.1173
50440 23.1393
50450 23.1612
50460 23.188
50470 23.2165
50480 23.2813
50490 23.3618
50500 23.4123
50510 23.4483
50520 23.4804
50530 23.4986
50540 23.5067
50550 23.4985
50560 23.4971
50570 23.5293
50580 23.573
50590 23.6082
50600 23.6526
50610 23.721
50620 23.7624
50630 23.7412
50640 23.6884
50650 23.6523
50660 23.6387
50670 23.6445
50680 23.6705
50690 23.6938
50700 23.7017
50710 23.7059
50720 23.6999
50730 23.6509
50740 23.578
50750 23.5075
50760 23.4284
50770 23.3598
50780 23.3421
50790 23.3836
50800 23.4509
50810 23.523
50820 23.6063
50830 23.6956
50840 23.7886
50850 23.8647
50860 23.9091
50870 23.9336
50880 23.9439
50890 23.9356
50900 23.927
50910 23.9505
50920 24.006
50930 24.0798
50940 24.1592
50950 24.2352
50960 24.2929
50970 24.3351
50980 24.3625
50990 24.3553
51000 24.3273
51010 24.3179
51020 24.3323
51030 24.3263
51040 24.3031
51050 24.3199
51060 24.3501
51070 24.3422
51080 24.3357
51090 24.3469
51100 24.3216
51110 24.26
51120 24.1931
51130 24.1213
51140 24.0604
51150 24.0528
51160 24.1019
51170 24.1792
51180 24.2736
51190 24.3557
51200 24.3822
51210 24.3665
51220 24.3644
51230 24.3832
51240 24.4113
51250 24.4444
51260 24.4729
51270 24.4919
51280 24.5013
51290 24.4933
51300 24.4825
51310 24.4814
51320 24.4875
51330 24.4785
51340 24.4624
51350 24.4684
51360 24.4794
51370 24.4991
51380 24.5544
51390 24.6169
51400 24.6442
51410 24.6556
51420 24.6789
51430 24.7074
51440 24.7334
51450 24.7762
51460 24.8339
51470 24.8866
51480 24.9376
51490 24.9948
51500 25.0319
51510 25.0223
51520 24.9799
51530 24.9213
51540 24.8703
51550 24.8462
51560 24.8391
51570 24.8468
51580 24.8812
51590 24.9353
51600 25.0104
51610 25.0949
51620 25.1523
51630 25.1568
51640 25.1176
51650 25.0823
51660 25.0833
51670 25.1217
51680 25.1758
51690 25.238
51700 25.2993
51710 25.3254
51720 25.3111
51730 25.279
51740 25.2493
51750 25.2354
51760 25.2374
51770 25.2305
51780 25.2014
51790 25.1651
51800 25.1378
51810 25.1417
51820 25.1594
51830 25.1539
51840 25.1134
51850 25.0621
51860 25.0035
51870 24.9272
51880 24.867
51890 24.8518
51900 24.8547
51910 24.8478
51920 24.8233
51930 24.7783
51940 24.7216
51950 24.677
51960 24.6574
51970 24.6629
51980 24.6836
51990 24.6958
52000 24.6966
52010 24.7157
52020 24.7562
52030 24.8052
52040 24.8693
52050 24.9353
52060 24.9922
52070 25.0374
52080 25.0525
52090 25.042
52100 25.0473
52110 25.072
52120 25.1033
52130 25.1531
52140 25.2139
52150 25.2542
52160 25.2704
52170 25.2629
52180 25.2329
52190 25.1912
52200 25.1609
52210 25.1717
52220 25.2147
52230 25.277
52240 25.3474
52250 25.4103
52260 25.4405
52270 25.4423
52280 25.4121
52290 25.3521
52300 25.3044
52310 25.2947
52320 25.3098
52330 25.32
52340 25.3226
52350 25.3284
52360 25.3279
52370 25.2993
52380 25.2563
52390 25.2052
52400 25.1616
52410 25.1518
52420 25.1928
52430 25.2728
52440 25.3541
52450 25.4164
52460 25.473
52470 25.526
52480 25.5609
52490 25.5742
52500 25.5745
52510 25.577
52520 25.5986
52530 25.6217
52540 25.6129
52550 25.595
52560 25.5943
52570 25.6082
52580 25.6227
52590 25.6213
52600 25.5933
52610 25.5613
52620 25.5358
52630 25.5041
52640 25.4671
52650 25.449
52660 25.4413
52670 25.4421
52680 25.4774
52690 25.5266
52700 25.5574
52710 25.5495
52720 25.5159
52730 25.4721
52740 25.4372
52750 25.434
52760 25.4781
52770 25.5477
52780 25.5992
52790 25.621
52800 25.6258
52810 25.6126
52820 25.584
52830 25.5818
52840 25.6111
52850 25.638
52860 25.6521
52870 25.6896
52880 25.7507
52890 25.8021
52900 25.8523
52910 25.9184
52920 25.9783
52930 26.0146
52940 26.0365
52950 26.0572
52960 26.0632
52970 26.0446
52980 26.0292
52990 26.0559
53000 26.0883
53010 26.0727
53020 26.0451
53030 26.0595
53040 26.0851
53050 26.0971
53060 26.113
53070 26.1305
53080 26.1578
53090 26.1955
53100 26.2466
53110 26.2915
53120 26.3166
53130 26.3408
53140 26.3596
53150 26.3388
53160 26.2684
53170 26.1872
53180 26.1399
53190 26.1126
53200 26.0819
53210 26.0588
53220 26.0427
53230 26.0131
53240 25.9671
53250 25.9251
53260 25.8847
53270 25.8445
53280 25.815
53290 25.7846
53300 25.7612
53310 25.7463
53320 25.7312
53330 25.731
53340 25.7523
53350 25.7611
53360 25.7396
53370 25.696
53380 25.6839
53390 25.7347
53400 25.8138
53410 25.9052
53420 26.0068
53430 26.0552
53440 26.0133
53450 25.9432
53460 25.9068
53470 25.9012
53480 25.9234
53490 25.9714
53500 26.0137
53510 26.0388
53520 26.0486
53530 26.0427
53540 26.0398
53550 26.0437
53560 26.0413
53570 26.0404
53580 26.0452
53590 26.0323
53600 25.9968
53610 25.9604
53620 25.9485
53630 25.9554
53640 25.9612
53650 25.9845
53660 26.0747
53670 26.2225
53680 26.3524
53690 26.4233
53700 26.4472
53710 26.4251
53720 26.3667
53730 26.3097
53740 26.2748
53750 26.2806
53760 26.344
53770 26.4466
53780 26.5273
53790 26.5506
53800 26.539
53810 26.5223
53820 26.5086
53830 26.5048
53840 26.5404
53850 26.6178
53860 26.6961
53870 26.7677
53880 26.8418
53890 26.9079
53900 26.9594
53910 27.0029
53920 27.0478
53930 27.0952
53940 27.1392
53950 27.1647
53960 27.1759
53970 27.1797
53980 27.154
53990 27.1153
54000 27.1151
54010 27.1507
54020 27.1821
54030 27.2055
54040 27.2344
54050 27.2497
54060 27.2457
54070 27.2334
54080 27.2151
54090 27.1937
54100 27.1664
54110 27.1463
54120 27.1546
54130 27.1743
54140 27.1684
54150 27.1371
54160 27.1218
54170 27.1232
54180 27.1195
54190 27.0981
54200 27.0757
54210 27.0726
54220 27.1004
54230 27.1344
54240 27.1448
54250 27.1242
54260 27.0948
54270 27.0713
54280 27.0497
54290 27.0027
54300 26.9232
54310 26.8562
54320 26.8275
54330 26.8068
54340 26.78
54350 26.7657
54360 26.7668
54370 26.771
54380 26.804
54390 26.86
54400 26.9037
54410 26.9339
54420 26.9626
54430 26.9904
54440 27.0286
54450 27.0908
54460 27.1496
54470 27.1872
54480 27.2086
54490 27.2055
54500 27.1742
54510 27.1271
54520 27.0847
54530 27.0663
54540 27.0573
54550 27.0204
54560 26.9589
54570 26.8987
54580 26.8481
54590 26.829
54600 26.8279
54610 26.8169
54620 26.8041
54630 26.8095
54640 26.8274
54650 26.8544
54660 26.8737
54670 26.8666
54680 26.8404
54690 26.8076
54700 26.7469
54710 26.6473
54720 26.5444
54730 26.4527
54740 26.384
54750 26.3606
54760 26.3589
54770 26.3453
54780 26.3447
54790 26.3719
54800 26.391
54810 26.3701
54820 26.3175
54830 26.2613
54840 26.2352
54850 26.2539
54860 26.3
54870 26.3488
54880 26.3867
54890 26.4098
54900 26.4066
54910 26.3677
54920 26.3203
54930 26.3031
54940 26.317
54950 26.3436
54960 26.3707
54970 26.3868
54980 26.382
54990 26.3558
55000 26.3273
55010 26.3166
55020 26.3257
55030 26.3736
55040 26.4524
55050 26.5223
55060 26.5639
55070 26.5899
55080 26.6073
55090 26.5986
55100 26.5808
55110 26.5772
55120 26.5684
55130 26.5665
55140 26.5948
55150 26.6394
55160 26.6726
55170 26.6702
55180 26.6208
55190 26.5328
55200 26.4427
55210 26.3995
55220 26.4093
55230 26.4517
55240 26.5013
55250 26.5353
55260 26.5367
55270 26.4839
55280 26.3891
55290 26.3167
55300 26.2996
55310 26.3203
55320 26.363
55330 26.41
55340 26.4271
55350 26.399
55360 26.3412
55370 26.2883
55380 26.2577
55390 26.234
55400 26.2252
55410 26.2559
55420 26.3145
55430 26.3812
55440 26.4625
55450 26.5486
55460 26.6061
55470 26.6234
55480 26.6095
55490 26.5719
55500 26.5465
55510 26.5508
55520 26.5694
55530 26.6072
55540 26.6619
55550 26.709
55560 26.7163
55570 26.7029
55580 26.7006
55590 26.6924
55600 26.6807
55610 26.684
55620 26.6892
55630 26.6938
55640 26.7117
55650 26.7282
55660 26.7241
55670 26.7128
55680 26.7159
55690 26.7275
55700 26.7259
55710 26.7135
55720 26.7086
55730 26.7139
55740 26.7311
55750 26.7494
55760 26.7412
55770 26.7181
55780 26.7052
55790 26.6914
55800 26.6634
55810 26.6637
55820 26.6861
55830 26.6771
55840 26.6406
55850 26.5906
55860 26.5319
55870 26.5032
55880 26.5256
55890 26.5719
55900 26.6359
55910 26.7187
55920 26.763
55930 26.7282
55940 26.6784
55950 26.663
55960 26.6651
55970 26.7093
55980 26.8189
55990 26.9274
56000 26.9775
56010 26.9727
56020 26.9253
56030 26.8458
56040 26.7604
56050 26.7315
56060 26.7788
56070 26.8491
56080 26.9068
56090 26.9529
56100 26.9753
56110 26.9606
56120 26.926
56130 26.8905
56140 26.8656
56150 26.8859
56160 26.9529
56170 27.0282
56180 27.0932
56190 27.141
56200 27.1607
56210 27.1445
56220 27.1051
56230 27.0718
56240 27.0505
56250 27.0277
56260 27.0095
56270 27.0102
56280 27.0252
56290 27.0554
56300 27.1029
56310 27.1712
56320 27.2343
56330 27.2572
56340 27.2537
56350 27.2559
56360 27.2443
56370 27.1942
56380 27.1408
56390 27.1181
56400 27.1423
56410 27.2027
56420 27.2479
56430 27.2536
56440 27.2274
56450 27.1684
56460 27.0969
56470 27.0542
56480 27.039
56490 27.0376
56500 27.0592
56510 27.0982
56520 27.1439
56530 27.2202
56540 27.3122
56550 27.3468
56560 27.3329
56570 27.3361
56580 27.3491
56590 27.3406
56600 27.3328
56610 27.3425
56620 27.3558
56630 27.3542
56640 27.3364
56650 27.3229
56660 27.3309
56670 27.349
56680 27.3642
56690 27.4022
56700 27.4634
56710 27.5189
56720 27.5457
56730 27.5404
56740 27.516
56750 27.4645
56760 27.396
56770 27.3593
56780 27.3774
56790 27.4162
56800 27.4289
56810 27.4148
56820 27.3992
56830 27.3785
56840 27.3296
56850 27.2821
56860 27.2701
56870 27.2763
56880 27.2747
56890 27.2707
56900 27.2849
56910 27.3112
56920 27.3122
56930 27.2638
56940 27.1929
56950 27.1516
56960 27.1469
56970 27.1722
56980 27.2315
56990 27.3107
57000 27.3608
57010 27.3529
57020 27.3065
57030 27.2666
57040 27.248
57050 27.2527
57060 27.2796
57070 27.3091
57080 27.3446
57090 27.3905
57100 27.4234
57110 27.4228
57120 27.4152
57130 27.4243
57140 27.4485
57150 27.4765
57160 27.5089
57170 27.5465
57180 27.5723
57190 27.5696
57200 27.545
57210 27.5025
57220 27.4566
57230 27.4275
57240 27.4128
57250 27.413
57260 27.4395
57270 27.4733
57280 27.5055
57290 27.5637
57300 27.6406
57310 27.6917
57320 27.7149
57330 27.7289
57340 27.6968
57350 27.6277
57360 27.5871
57370 27.5792
57380 27.5713
57390 27.5613
57400 27.5428
57410 27.5353
57420 27.563
57430 27.5999
57440 27.5887
57450 27.5211
57460 27.4425
57470 27.3963
57480 27.3908
57490 27.4272
57500 27.48
57510 27.5211
57520 27.5413
57530 27.5426
57540 27.5302
57550 27.5099
57560 27.4943
57570 27.4751
57580 27.4412
57590 27.4248
57600 27.439
57610 27.4648
57620 27.4899
57630 27.5263
57640 27.5514
57650 27.55
57660 27.5471
57670 27.5414
57680 27.5202
57690 27.5168
57700 27.5436
57710 27.567
57720 27.5684
57730 27.5627
57740 27.5646
57750 27.5612
57760 27.5412
57770 27.5238
57780 27.5287
57790 27.5419
57800 27.5775
57810 27.6416
57820 27.7042
57830 27.7353
57840 27.718
57850 27.6532
57860 27.5772
57870 27.53
57880 27.5194
57890 27.5365
57900 27.5837
57910 27.6446
57920 27.6958
57930 27.7222
57940 27.7361
57950 27.7552
57960 27.7762
57970 27.8053
57980 27.8474
57990 27.8969
58000 27.9428
58010 27.9707
58020 27.9771
58030 27.9808
58040 28.0082
58050 28.0424
58060 28.0456
58070 28.0317
58080 28.0492
58090 28.0818
58100 28.0949
58110 28.1033
58120 28.1161
58130 28.117
58140 28.1123
58150 28.1126
58160 28.0859
58170 28.0054
58180 27.9241
58190 27.8825
58200 27.8664
58210 27.8752
58220 27.8994
58230 27.9221
58240 27.9501
58250 27.9807
58260 27.9732
58270 27.9465
58280 27.9554
58290 27.9977
58300 28.0382
58310 28.0716
58320 28.1064
58330 28.1516
58340 28.1876
58350 28.1896
58360 28.1788
58370 28.1794
58380 28.185
58390 28.1907
58400 28.1994
58410 28.2076
58420 28.2126
58430 28.2143
58440 28.2167
58450 28.233
58460 28.2821
58470 28.3399
58480 28.3522
58490 28.3271
58500 28.3108
58510 28.3247
58520 28.3719
58530 28.4409
58540 28.4992
58550 28.5211
58560 28.509
58570 28.4803
58580 28.4431
58590 28.4022
58600 28.3832
58610 28.4081
58620 28.4784
58630 28.5828
58640 28.6874
58650 28.7388
58660 28.7225
58670 28.6707
58680 28.6344
58690 28.631
58700 28.6552
58710 28.6718
58720 28.6614
58730 28.6162
58740 28.5486
58750 28.4825
58760 28.4287
58770 28.3908
58780 28.3572
58790 28.3399
58800 28.3277
58810 28.2964
58820 28.2425
58830 28.1879
58840 28.1512
58850 28.1281
58860 28.1281
58870 28.1374
58880 28.133
58890 28.141
58900 28.1774
58910 28.2331
58920 28.2874
58930 28.312
58940 28.3136
58950 28.3109
58960 28.3134
58970 28.3427
58980 28.4041
58990 28.4872
59000 28.5652
59010 28.598
59020 28.608
59030 28.6353
59040 28.6609
59050 28.6541
59060 28.6431
59070 28.6524
59080 28.6751
59090 28.7173
59100 28.7539
59110 28.7545
59120 28.7149
59130 28.6558
59140 28.5991
59150 28.5497
59160 28.5015
59170 28.461
59180 28.4521
59190 28.4439
59200 28.4345
59210 28.4588
59220 28.4908
59230 28.4647
59240 28.3814
59250 28.2888
59260 28.2353
59270 28.2365
59280 28.2782
59290 28.3475
59300 28.4366
59310 28.5144
59320 28.5489
59330 28.5462
59340 28.5326
59350 28.5186
59360 28.5074
59370 28.51
59380 28.5167
59390 28.5113
59400 28.49
59410 28.4508
59420 28.3903
59430 28.3307
59440 28.284
59450 28.2433
59460 28.2015
59470 28.1623
59480 28.1377
59490 28.1372
59500 28.1657
59510 28.2068
59520 28.2428
59530 28.2814
59540 28.3209
59550 28.3372
59560 28.3152
59570 28.2757
59580 28.2536
59590 28.2588
59600 28.2727
59610 28.2758
59620 28.2711
59630 28.2485
59640 28.2054
59650 28.1712
59660 28.1621
59670 28.1571
59680 28.1672
59690 28.2059
59700 28.2598
59710 28.3131
59720 28.3497
59730 28.3719
59740 28.3886
59750 28.402
59760 28.3914
59770 28.3574
59780 28.3387
59790 28.3662
59800 28.4336
59810 28.5161
59820 28.5756
59830 28.5928
59840 28.5843
59850 28.5735
59860 28.5773
59870 28.6009
59880 28.6565
59890 28.7211
59900 28.7814
59910 28.8584
59920 28.9446
59930 29.0094
59940 29.0269
59950 29.0202
59960 29.0132
59970 29.0121
59980 29.0363
59990 29.0805
60000 29.1222
60010 29.153
60020 29.1677
60030 29.1755
60040 29.1994
60050 29.2406
60060 29.2888
60070 29.3211
60080 29.3251
60090 29.3267
60100 29.3303
60110 29.3169
60120 29.3011
60130 29.3104
60140 29.3229
60150 29.3097
60160 29.2916
60170 29.2755
60180 29.2494
60190 29.2259
60200 29.2098
60210 29.1998
60220 29.2152
60230 29.2355
60240 29.2119
60250 29.159
60260 29.114
60270 29.0712
60280 29.0148
60290 28.9475
60300 28.897
60310 28.8743
60320 28.8821
60330 28.9295
60340 29.0009
60350 29.0802
60360 29.1499
60370 29.1902
60380 29.2119
60390 29.2332
60400 29.284
60410 29.3613
60420 29.439
60430 29.5227
60440 29.6042
60450 29.6525
60460 29.6736
60470 29.6784
60480 29.6923
60490 29.7211
60500 29.7424
60510 29.7474
60520 29.7545
60530 29.7656
60540 29.7589
60550 29.7298
60560 29.6919
60570 29.6587
60580 29.6295
60590 29.5957
60600 29.5595
60610 29.5354
60620 29.5365
60630 29.5583
60640 29.5965
60650 29.6465
60660 29.7104
60670 29.7525
60680 29.7355
60690 29.6781
60700 29.6424
60710 29.6493
60720 29.6651
60730 29.6764
60740 29.7041
60750 29.75
60760 29.7816
60770 29.7991
60780 29.8029
60790 29.7942
60800 29.806
60810 29.8294
60820 29.8328
60830 29.8145
60840 29.7704
60850 29.717
60860 29.7054
60870 29.7343
60880 29.7677
60890 29.8111
60900 29.886
60910 29.9509
60920 29.9492
60930 29.8832
60940 29.8102
60950 29.7741
60960 29.8007
60970 29.886
60980 29.9933
60990 30.0758
61000 30.1126
61010 30.1225
61020 30.1186
61030 30.1131
61040 30.1226
61050 30.1431
61060 30.1644
61070 30.1816
61080 30.1865
61090 30.1709
61100 30.1562
61110 30.1564
61120 30.1557
61130 30.1645
61140 30.1958
61150 30.2317
61160 30.2528
61170 30.2756
61180 30.2813
61190 30.2363
61200 30.1863
61210 30.1783
61220 30.2013
61230 30.2342
61240 30.2725
61250 30.2867
61260 30.2645
61270 30.2394
61280 30.2388
61290 30.2634
61300 30.3019
61310 30.3105
61320 30.2692
61330 30.1903
61340 30.0843
61350 29.9683
61360 29.8988
61370 29.914
61380 30.0004
61390 30.1125
61400 30.1973
61410 30.2252
61420 30.2127
61430 30.2107
61440 30.2265
61450 30.2353
61460 30.2583
61470 30.3462
61480 30.4545
61490 30.5088
61500 30.5052
61510 30.462
61520 30.3967
61530 30.3371
61540 30.293
61550 30.275
61560 30.2834
61570 30.3292
61580 30.3994
61590 30.4655
61600 30.4949
61610 30.4806
61620 30.4438
61630 30.3818
61640 30.2993
61650 30.2389
61660 30.2267
61670 30.2402
61680 30.2376
61690 30.2254
61700 30.1962
61710 30.1351
61720 30.0851
61730 30.067
61740 30.0551
61750 30.0726
61760 30.1262
61770 30.1593
61780 30.1601
61790 30.1541
61800 30.14
61810 30.1071
61820 30.0605
61830 30.0158
61840 29.9763
61850 29.9342
61860 29.9196
61870 29.9205
61880 29.9106
61890 29.911
61900 29.9405
61910 29.9729
61920 29.9832
61930 29.9715
61940 29.961
61950 29.9728
61960 30.0185
61970 30.112
61980 30.2414
61990 30.3734
62000 30.4945
62010 30.5698
62020 30.5608
62030 30.5024
62040 30.4541
62050 30.423
62060 30.4126
62070 30.4282
62080 30.4428
62090 30.455
62100 30.4798
62110 30.4895
62120 30.4561
62130 30.4185
62140 30.4005
62150 30.4191
62160 30.4609
62170 30.5063
62180 30.5571
62190 30.6166
62200 30.6593
62210 30.674
62220 30.6801
62230 30.6873
62240 30.674
62250 30.6306
62260 30.5943
62270 30.6173
62280 30.6736
62290 30.7205
62300 30.7566
62310 30.7947
62320 30.8378
62330 30.8749
62340 30.8921
62350 30.9076
62360 30.941
62370 30.98
62380 30.9892
62390 30.9646
62400 30.938
62410 30.9079
62420 30.857
62430 30.798
62440 30.7554
62450 30.7507
62460 30.7551
62470 30.7419
62480 30.7217
62490 30.7061
62500 30.6785
62510 30.6396
62520 30.6228
62530 30.6436
62540 30.6791
62550 30.7151
62560 30.7502
62570 30.7683
62580 30.7622
62590 30.7499
62600 30.7419
62610 30.739
62620 30.7365
62630 30.7118
62640 30.6509
62650 30.5977
62660 30.5883
62670 30.6146
62680 30.676
62690 30.7528
62700 30.812
62710 30.8414
62720 30.8422
62730 30.8066
62740 30.7604
62750 30.7399
62760 30.7817
62770 30.8687
62780 30.9619
62790 31.0622
62800 31.1574
62810 31.2156
62820 31.2374
62830 31.2519
62840 31.2626
62850 31.2624
62860 31.2794
62870 31.323
62880 31.3681
62890 31.4113
62900 31.4551
62910 31.4841
62920 31.4965
62930 31.5042
62940 31.4934
62950 31.4597
62960 31.4237
62970 31.4219
62980 31.4683
62990 31.5254
63000 31.5713
63010 31.6019
63020 31.5919
63030 31.5428
63040 31.499
63050 31.4919
63060 31.5038
63070 31.5182
63080 31.5437
63090 31.6088
63100 31.7055
63110 31.8154
63120 31.9174
63130 31.9593
63140 31.9291
63150 31.8888
63160 31.8772
63170 31.8836
63180 31.9033
63190 31.9299
63200 31.9391
63210 31.9251
63220 31.8839
63230 31.8253
63240 31.7792
63250 31.7566
63260 31.7433
63270 31.7323
63280 31.727
63290 31.7369
63300 31.7515
63310 31.7604
63320 31.765
63330 31.7735
63340 31.7713
63350 31.7715
63360 31.7644
63370 31.7252
63380 31.6776
63390 31.6811
63400 31.7393
63410 31.8224
63420 31.9167
63430 31.9942
63440 32.019
63450 31.9852
63460 31.9514
63470 31.9406
63480 31.9354
63490 31.9334
63500 31.9473
63510 31.997
63520 32.0835
63530 32.165
63540 32.1941
63550 32.1488
63560 32.0658
63570 31.9856
63580 31.914
63590 31.8522
63600 31.8071
63610 31.7784
63620 31.7523
63630 31.7245
63640 31.711
63650 31.7061
63660 31.7081
63670 31.72
63680 31.7101
63690 31.648
63700 31.5733
63710 31.521
63720 31.5214
63730 31.5989
63740 31.7268
63750 31.8435
63760 31.922
63770 31.9773
63780 32.0075
63790 32.0022
63800 31.9904
63810 31.997
63820 31.9949
63830 31.9774
63840 31.982
63850 32.0225
63860 32.0563
63870 32.0681
63880 32.0544
63890 32.0311
63900 32.0344
63910 32.0796
63920 32.1719
63930 32.3032
63940 32.4335
63950 32.5068
63960 32.4986
63970 32.4443
63980 32.4009
63990 32.3986
64000 32.4372
64010 32.5247
64020 32.6427
64030 32.7475
64040 32.8035
64050 32.8084
64060 32.7688
64070 32.7241
64080 32.6985
64090 32.6951
64100 32.7069
64110 32.7206
64120 32.7406
64130 32.7743
64140 32.807
64150 32.8016
64160 32.7482
64170 32.6761
64180 32.6087
64190 32.5537
64200 32.5182
64210 32.5028
64220 32.4985
64230 32.5057
64240 32.5254
64250 32.527
64260 32.4982
64270 32.4561
64280 32.4117
64290 32.3666
64300 32.3136
64310 32.2738
64320 32.2864
64330 32.339
64340 32.3782
64350 32.3732
64360 32.3156
64370 32.2423
64380 32.1987
64390 32.1782
64400 32.1614
64410 32.1608
64420 32.1575
64430 32.137
64440 32.1095
64450 32.0579
64460 31.9969
64470 31.9686
64480 31.9826
64490 32.0098
64500 32.0067
64510 31.9809
64520 31.9532
64530 31.9329
64540 31.9214
64550 31.9226
64560 31.9349
64570 31.9546
64580 31.9917
64590 32.0369
64600 32.0734
64610 32.099
64620 32.1175
64630 32.1261
64640 32.115
64650 32.0823
64660 32.048
64670 32.0402
64680 32.084
64690 32.15
64700 32.2006
64710 32.229
64720 32.2314
64730 32.2296
64740 32.2282
64750 32.2116
64760 32.1948
64770 32.1785
64780 32.1568
64790 32.1335
64800 32.0941
64810 32.0527
64820 32.0121
64830 31.9563
64840 31.8976
64850 31.8571
64860 31.8173
64870 31.7706
64880 31.7408
64890 31.7446
64900 31.7496
64910 31.7415
64920 31.7177
64930 31.6811
64940 31.6705
64950 31.6844
64960 31.6853
64970 31.661
64980 31.6425
64990 31.6297
65000 31.6009
65010 31.577
65020 31.5934
65030 31.6366
65040 31.6871
65050 31.744
65060 31.8118
65070 31.8651
65080 31.8764
65090 31.8613
65100 31.8568
65110 31.8832
65120 31.9272
65130 31.972
65140 32.0053
65150 32.0348
65160 32.0756
65170 32.1113
65180 32.143
65190 32.1814
65200 32.1781
65210 32.1166
65220 32.0499
65230 32.0075
65240 31.9769
65250 31.966
65260 32.0091
65270 32.0845
65280 32.1237
65290 32.1214
65300 32.1285
65310 32.1269
65320 32.0865
65330 32.0405
65340 32.0195
65350 32.0205
65360 32.0458
65370 32.0884
65380 32.135
65390 32.1965
65400 32.2661
65410 32.2933
65420 32.264
65430 32.2363
65440 32.2272
65450 32.182
65460 32.1185
65470 32.0774
65480 32.0438
65490 32.004
65500 31.9866
65510 32.0004
65520 31.9963
65530 31.9575
65540 31.9132
65550 31.8827
65560 31.8519
65570 31.8058
65580 31.7368
65590 31.675
65600 31.6608
65610 31.6814
65620 31.7192
65630 31.786
65640 31.8656
65650 31.9147
65660 31.9018
65670 31.8524
65680 31.8088
65690 31.7803
65700 31.7711
65710 31.7782
65720 31.7928
65730 31.8196
65740 31.8524
65750 31.8469
65760 31.8135
65770 31.8102
65780 31.8478
65790 31.901
65800 31.9779
65810 32.0739
65820 32.172
65830 32.259
65840 32.3222
65850 32.3546
65860 32.3641
65870 32.3507
65880 32.3032
65890 32.2481
65900 32.2163
65910 32.1819
65920 32.1333
65930 32.0927
65940 32.0597
65950 32.0411
65960 32.0417
65970 32.0354
65980 31.9927
65990 31.9269
66000 31.8803
66010 31.8561
66020 31.8336
66030 31.8352
66040 31.8832
66050 31.9417
66060 31.9744
66070 31.9849
66080 31.9864
66090 31.9613
66100 31.9234
66110 31.8972
66120 31.8771
66130 31.8722
66140 31.8908
66150 31.9365
66160 31.9997
66170 32.0764
66180 32.1431
66190 32.1788
66200 32.1849
66210 32.1575
66220 32.1088
66230 32.0687
66240 32.0587
66250 32.0609
66260 32.0855
66270 32.1543
66280 32.2148
66290 32.2052
66300 32.1656
66310 32.1521
66320 32.1718
66330 32.2151
66340 32.2802
66350 32.3424
66360 32.3736
66370 32.3772
66380 32.3711
66390 32.3405
66400 32.2913
66410 32.252
66420 32.2312
66430 32.2318
66440 32.23
66450 32.1936
66460 32.1403
66470 32.1052
66480 32.0777
66490 32.0293
66500 31.9988
66510 32.0131
66520 32.0477
66530 32.0674
66540 32.0624
66550 32.0408
66560 32.0108
66570 31.9842
66580 31.9687
66590 31.9563
66600 31.947
66610 31.9357
66620 31.933
66630 31.9499
66640 31.9735
66650 31.9714
66660 31.9647
66670 31.9905
66680 32.0401
66690 32.075
66700 32.1104
66710 32.18
66720 32.2343
66730 32.2298
66740 32.1875
66750 32.1421
66760 32.0983
66770 32.044
66780 31.9841
66790 31.953
66800 31.9607
66810 31.9884
66820 32.0135
66830 32.0128
66840 32.0108
66850 32.0144
66860 31.9759
66870 31.8943
66880 31.8453
66890 31.8438
66900 31.8682
66910 31.9344
66920 32.0147
66930 32.054
66940 32.0683
66950 32.0798
66960 32.0565
66970 31.9985
66980 31.9512
66990 31.944
67000 31.9692
67010 31.9989
67020 32.0111
67030 31.9949
67040 31.9722
67050 31.9598
67060 31.9478
67070 31.9257
67080 31.9152
67090 31.9386
67100 31.9877
67110 32.0388
67120 32.0861
67130 32.1076
67140 32.0953
67150 32.0581
67160 31.996
67170 31.9386
67180 31.9151
67190 31.9055
67200 31.8851
67210 31.8822
67220 31.9217
67230 31.983
67240 32.0494
67250 32.1128
67260 32.1502
67270 32.1555
67280 32.1303
67290 32.075
67300 32.0079
67310 31.9562
67320 31.9374
67330 31.9452
67340 31.9521
67350 31.9427
67360 31.9189
67370 31.8934
67380 31.8971
67390 31.92
67400 31.938
67410 31.9564
67420 31.9678
67430 31.9569
67440 31.9277
67450 31.8942
67460 31.8713
67470 31.8662
67480 31.8741
67490 31.8891
67500 31.9067
67510 31.9306
67520 31.9538
67530 31.9829
67540 32.0108
67550 32.0213
67560 32.0188
67570 32.0382
67580 32.0842
67590 32.1178
67600 32.1435
67610 32.1857
67620 32.2314
67630 32.2484
67640 32.2473
67650 32.2501
67660 32.241
67670 32.204
67680 32.1586
67690 32.1447
67700 32.1782
67710 32.2096
67720 32.1986
67730 32.171
67740 32.1513
67750 32.1371
67760 32.109
67770 32.0727
67780 32.0455
67790 32.0202
67800 31.9629
67810 31.8728
67820 31.8008
67830 31.7667
67840 31.742
67850 31.7316
67860 31.7666
67870 31.8198
67880 31.8502
67890 31.8811
67900 31.9294
67910 31.983
67920 32.0442
67930 32.1093
67940 32.1617
67950 32.1987
67960 32.2372
67970 32.2484
67980 32.2104
67990 32.1674
68000 32.1472
68010 32.1451
68020 32.1756
68030 32.2175
68040 32.237
68050 32.2504
68060 32.2599
68070 32.271
68080 32.277
68090 32.2767
68100 32.3115
68110 32.3727
68120 32.4074
68130 32.3996
68140 32.3728
68150 32.3303
68160 32.2774
68170 32.2143
68180 32.164
68190 32.1445
68200 32.1554
68210 32.1666
68220 32.165
68230 32.1782
68240 32.1975
68250 32.1959
68260 32.1926
68270 32.2303
68280 32.2983
68290 32.3659
68300 32.4233
68310 32.4527
68320 32.4413
68330 32.435
68340 32.4678
68350 32.49
68360 32.4925
68370 32.5001
68380 32.512
68390 32.5233
68400 32.5471
68410 32.5799
68420 32.6016
68430 32.591
68440 32.5591
68450 32.5241
68460 32.4927
68470 32.489
68480 32.4949
68490 32.4944
68500 32.5211
68510 32.5869
68520 32.6418
68530 32.6664
68540 32.7035
68550 32.7389
68560 32.7458
68570 32.7546
68580 32.7888
68590 32.8148
68600 32.837
68610 32.8864
68620 32.941
68630 32.9459
68640 32.896
68650 32.8248
68660 32.7731
68670 32.7426
68680 32.7179
68690 32.7103
68700 32.7366
68710 32.7679
68720 32.7682
68730 32.7296
68740 32.6761
68750 32.6435
68760 32.6054
68770 32.551
68780 32.5239
68790 32.5407
68800 32.5615
68810 32.5776
68820 32.5945
68830 32.5984
68840 32.5891
68850 32.582
68860 32.58
68870 32.5848
68880 32.6148
68890 32.6784
68900 32.7468
68910 32.7762
68920 32.7585
68930 32.7068
68940 32.6187
68950 32.5128
68960 32.4479
68970 32.4379
68980 32.4447
68990 32.4547
69000 32.4911
69010 32.5248
69020 32.4961
69030 32.4317
69040 32.3803
69050 32.3493
69060 32.3477
69070 32.3759
69080 32.4103
69090 32.4245
69100 32.4248
69110 32.4017
69120 32.3614
69130 32.3282
69140 32.3437
69150 32.412
69160 32.515
69170 32.6222
69180 32.6989
69190 32.7429
69200 32.7573
69210 32.7436
69220 32.7298
69230 32.739
69240 32.7501
69250 32.776
69260 32.8201
69270 32.8463
69280 32.8399
69290 32.8121
69300 32.775
69310 32.7427
69320 32.7168
69330 32.7164
69340 32.7415
69350 32.752
69360 32.7596
69370 32.8076
69380 32.8738
69390 32.9122
69400 32.9296
69410 32.9269
69420 32.8973
69430 32.8682
69440 32.846
69450 32.8182
69460 32.7963
69470 32.7911
69480 32.7957
69490 32.8065
69500 32.8208
69510 32.824
69520 32.815
69530 32.7954
69540 32.7631
69550 32.7408
69560 32.7699
69570 32.8596
69580 32.9661
69590 33.0532
69600 33.1216
69610 33.1841
69620 33.2479
69630 33.2968
69640 33.3474
69650 33.4066
69660 33.4669
69670 33.5235
69680 33.5687
69690 33.5948
69700 33.5924
69710 33.5682
69720 33.5316
69730 33.4984
69740 33.4781
69750 33.4514
69760 33.4126
69770 33.3921
69780 33.3956
69790 33.4108
69800 33.4238
69810 33.4402
69820 33.4507
69830 33.4194
69840 33.356
69850 33.306
69860 33.2682
69870 33.2221
69880 33.1969
69890 33.2077
69900 33.2552
69910 33.3125
69920 33.3364
69930 33.332
69940 33.3224
69950 33.2971
69960 33.2656
69970 33.256
69980 33.2469
69990 33.2101
70000 33.1836
70010 33.1938
70020 33.1869
70030 33.1446
70040 33.1116
70050 33.0903
70060 33.0469
70070 32.9771
70080 32.924
70090 32.9189
70100 32.9463
70110 32.9607
70120 32.9528
70130 32.9448
70140 32.9366
70150 32.9489
70160 32.9741
70170 32.9856
70180 32.9934
70190 33.0018
70200 32.9899
70210 32.9527
70220 32.8998
70230 32.8528
70240 32.8331
70250 32.8417
70260 32.8711
70270 32.9167
70280 32.9673
70290 32.9996
70300 33.0099
70310 33.0169
70320 33.0332
70330 33.0532
70340 33.0761
70350 33.1212
70360 33.1777
70370 33.2169
70380 33.2292
70390 33.2226
70400 33.2113
70410 33.1832
70420 33.1427
70430 33.1411
70440 33.1796
70450 33.2405
70460 33.3239
70470 33.3916
70480 33.4114
70490 33.4125
70500 33.4367
70510 33.4647
70520 33.4689
70530 33.4459
70540 33.4176
70550 33.4106
70560 33.4279
70570 33.4516
70580 33.4947
70590 33.562
70600 33.6161
70610 33.6345
70620 33.6216
70630 33.6009
70640 33.5948
70650 33.603
70660 33.6348
70670 33.6901
70680 33.7477
70690 33.7984
70700 33.8307
70710 33.8217
70720 33.7953
70730 33.7913
70740 33.8103
70750 33.8691
70760 33.9518
70770 34.0117
70780 34.0272
70790 34.0348
70800 34.0536
70810 34.0657
70820 34.0842
70830 34.1173
70840 34.1368
70850 34.1375
70860 34.1354
70870 34.1518
70880 34.1876
70890 34.2182
70900 34.2308
70910 34.2347
70920 34.2274
70930 34.1902
70940 34.124
70950 34.0483
70960 33.9882
70970 33.9453
70980 33.928
70990 33.9337
71000 33.9421
71010 33.9276
71020 33.9094
71030 33.9102
71040 33.9211
71050 33.9241
71060 33.9284
71070 33.941
71080 33.9526
71090 33.9858
71100 34.0553
71110 34.113
71120 34.1303
71130 34.1151
71140 34.0867
71150 34.0695
71160 34.0782
71170 34.0888
71180 34.0863
71190 34.0782
71200 34.0601
71210 34.021
71220 33.9598
71230 33.9012
71240 33.8446
71250 33.8228
71260 33.8481
71270 33.8946
71280 33.9614
71290 34.0206
71300 34.0234
71310 33.9808
71320 33.9392
71330 33.9036
71340 33.8748
71350 33.901
71360 33.9862
71370 34.0602
71380 34.083
71390 34.065
71400 34.0458
71410 34.0395
71420 34.0359
71430 34.0524
71440 34.11
71450 34.1768
71460 34.2203
71470 34.2411
71480 34.2301
71490 34.1929
71500 34.1812
71510 34.2107
71520 34.2577
71530 34.3132
71540 34.3807
71550 34.4374
71560 34.4465
71570 34.3997
71580 34.3079
71590 34.2058
71600 34.134
71610 34.1175
71620 34.1491
71630 34.199
71640 34.227
71650 34.2295
71660 34.2301
71670 34.217
71680 34.18
71690 34.1487
71700 34.1443
71710 34.125
71720 34.0822
71730 34.0374
71740 33.982
71750 33.9167
71760 33.881
71770 33.8937
71780 33.9212
71790 33.9363
71800 33.9605
71810 34.0142
71820 34.0699
71830 34.098
71840 34.1108
71850 34.1021
71860 34.0688
71870 34.0471
71880 34.0433
71890 34.0392
71900 34.0594
71910 34.1008
71920 34.1119
71930 34.0806
71940 34.0318
71950 33.981
71960 33.9539
71970 34
71980 34.1068
71990 34.2067
72000 34.2379
72010 34.2087
72020 34.158
72030 34.0845
72040 33.9925
72050 33.938
72060 33.9731
72070 34.0613
72080 34.1266
72090 34.1667
72100 34.193
72110 34.194
72120 34.1993
72130 34.2407
72140 34.3097
72150 34.4004
72160 34.4954
72170 34.5484
72180 34.5503
72190 34.5438
72200 34.526
72210 34.4952
72220 34.4952
72230 34.5567
72240 34.668
72250 34.7875
72260 34.8923
72270 34.9654
72280 35.0131
72290 35.0488
72300 35.0608
72310 35.0228
72320 34.952
72330 34.8898
72340 34.8617
72350 34.877
72360 34.9332
72370 34.9939
72380 35.0191
72390 34.9895
72400 34.9152
72410 34.8289
72420 34.7634
72430 34.7157
72440 34.6928
72450 34.7111
72460 34.7537
72470 34.7989
72480 34.8386
72490 34.8507
72500 34.8271
72510 34.8072
72520 34.7954
72530 34.764
72540 34.7139
72550 34.663
72560 34.6145
72570 34.5757
72580 34.5378
72590 34.5057
72600 34.5076
72610 34.564
72620 34.6769
72630 34.7949
72640 34.8719
72650 34.9278
72660 34.9839
72670 35.0453
72680 35.1141
72690 35.1869
72700 35.248
72710 35.3193
72720 35.3958
72730 35.453
72740 35.4932
72750 35.5193
72760 35.4997
72770 35.48
72780 35.4986
72790 35.5044
72800 35.4658
72810 35.4155
72820 35.3859
72830 35.3664
72840 35.353
72850 35.3284
72860 35.2688
72870 35.2145
72880 35.201
72890 35.1999
72900 35.1815
72910 35.1746
72920 35.1905
72930 35.1797
72940 35.1386
72950 35.0946
72960 35.0553
72970 35.0219
72980 34.9938
72990 34.9766
73000 34.9937
73010 35.0382
73020 35.087
73030 35.1284
73040 35.1561
73050 35.2016
73060 35.2776
73070 35.3572
73080 35.4134
73090 35.4344
73100 35.4323
73110 35.4067
73120 35.3844
73130 35.4062
73140 35.4556
73150 35.4949
73160 35.5134
73170 35.5248
73180 35.5241
73190 35.4966
73200 35.4489
73210 35.4237
73220 35.4387
73230 35.4826
73240 35.5356
73250 35.5865
73260 35.6461
73270 35.6752
73280 35.6231
73290 35.503
73300 35.3749
73310 35.2522
73320 35.1508
73330 35.1131
73340 35.133
73350 35.192
73360 35.2751
73370 35.3442
73380 35.3686
73390 35.3648
73400 35.345
73410 35.3159
73420 35.2867
73430 35.2665
73440 35.2747
73450 35.3049
73460 35.3186
73470 35.3149
73480 35.3111
73490 35.3125
73500 35.3117
73510 35.323
73520 35.3611
73530 35.4246
73540 35.4952
73550 35.5662
73560 35.6208
73570 35.6672
73580 35.7268
73590 35.8219
73600 35.9213
73610 35.9646
73620 35.969
73630 35.9869
73640 36.0134
73650 36.034
73660 36.0514
73670 36.0533
73680 36.0368
73690 36.0014
73700 35.9508
73710 35.9082
73720 35.9068
73730 35.9224
73740 35.9316
73750 35.9389
73760 35.9614
73770 35.9871
73780 35.9867
73790 35.964
73800 35.9613
73810 35.9777
73820 36.0124
73830 36.0995
73840 36.2088
73850 36.2705
73860 36.2812
73870 36.2727
73880 36.2597
73890 36.237
73900 36.2406
73910 36.2858
73920 36.3528
73930 36.4601
73940 36.5851
73950 36.6483
73960 36.6428
73970 36.636
73980 36.6399
73990 36.6231
74000 36.5937
74010 36.5862
74020 36.5884
74030 36.5945
74040 36.619
74050 36.6471
74060 36.6586
74070 36.6695
74080 36.6726
74090 36.6517
74100 36.6097
74110 36.5466
74120 36.4841
74130 36.4515
74140 36.4365
74150 36.4308
74160 36.4415
74170 36.4573
74180 36.4707
74190 36.4828
74200 36.511
74210 36.5403
74220 36.557
74230 36.5662
74240 36.5786
74250 36.5981
74260 36.611
74270 36.5864
74280 36.536
74290 36.4775
74300 36.409
74310 36.3338
74320 36.2879
74330 36.2839
74340 36.2721
74350 36.2237
74360 36.1766
74370 36.1425
74380 36.1058
74390 36.0823
74400 36.1017
74410 36.1694
74420 36.2559
74430 36.3214
74440 36.3617
74450 36.4176
74460 36.5221
74470 36.6414
74480 36.7324
74490 36.8052
74500 36.8709
74510 36.9346
74520 36.9982
74530 37.0552
74540 37.1029
74550 37.1381
74560 37.1851
74570 37.2484
74580 37.2976
74590 37.3172
74600 37.3116
74610 37.284
74620 37.2585
74630 37.2673
74640 37.3033
74650 37.3296
74660 37.3396
74670 37.3422
74680 37.3283
74690 37.3133
74700 37.353
74710 37.4482
74720 37.5399
74730 37.6144
74740 37.6815
74750 37.7391
74760 37.7869
74770 37.8286
74780 37.8668
74790 37.8947
74800 37.9099
74810 37.9186
74820 37.9243
74830 37.9124
74840 37.895
74850 37.9078
74860 37.9392
74870 37.9777
74880 38.0179
74890 38.0539
74900 38.0646
74910 38.0282
74920 37.9662
74930 37.9154
74940 37.8844
74950 37.8605
74960 37.8426
74970 37.8301
74980 37.8477
74990 37.8944
75000 37.9128
75010 37.8583
75020 37.7743
75030 37.7335
75040 37.7284
75050 37.7256
75060 37.739
75070 37.7761
75080 37.7995
75090 37.8015
75100 37.8001
75110 37.7687
75120 37.7131
75130 37.6672
75140 37.6429
75150 37.6378
75160 37.6525
75170 37.6804
75180 37.7087
75190 37.7359
75200 37.77
75210 37.8092
75220 37.8426
75230 37.8565
75240 37.8805
75250 37.9026
75260 37.8894
75270 37.8327
75280 37.7528
75290 37.6646
75300 37.5949
75310 37.5795
75320 37.6075
75330 37.6224
75340 37.6141
75350 37.6153
75360 37.6209
75370 37.6234
75380 37.6143
75390 37.6251
75400 37.6594
75410 37.6948
75420 37.7115
75430 37.721
75440 37.7379
75450 37.7671
75460 37.8028
75470 37.8469
75480 37.8978
75490 37.9279
75500 37.9304
75510 37.9048
75520 37.8654
75530 37.8391
75540 37.8298
75550 37.8204
75560 37.796
75570 37.7641
75580 37.7325
75590 37.7111
75600 37.7169
75610 37.7399
75620 37.7625
75630 37.7578
75640 37.7263
75650 37.7048
75660 37.723
75670 37.7914
75680 37.8699
75690 37.8985
75700 37.8886
75710 37.8781
75720 37.8895
75730 37.9165
75740 37.9487
75750 37.9654
75760 37.9673
75770 37.9575
75780 37.9455
75790 37.9481
75800 37.9477
75810 37.933
75820 37.925
75830 37.8904
75840 37.7929
75850 37.6781
75860 37.6101
75870 37.5716
75880 37.5595
75890 37.6024
75900 37.677
75910 37.7548
75920 37.8239
75930 37.8473
75940 37.8208
75950 37.7977
75960 37.7848
75970 37.7564
75980 37.7404
75990 37.749
76000 37.7573
76010 37.7543
76020 37.7567
76030 37.743
76040 37.7084
76050 37.6674
76060 37.6199
76070 37.5664
76080 37.5461
76090 37.5737
76100 37.6136
76110 37.6344
76120 37.6466
76130 37.6591
76140 37.6762
76150 37.7029
76160 37.738
76170 37.7918
76180 37.8705
76190 37.9413
76200 37.9759
76210 37.9902
76220 37.997
76230 38.0074
76240 38.0166
76250 38.0134
76260 38.0067
76270 37.999
76280 37.9802
76290 37.9167
76300 37.8089
76310 37.7258
76320 37.707
76330 37.7168
76340 37.7373
76350 37.7745
76360 37.819
76370 37.8426
76380 37.8377
76390 37.8287
76400 37.8441
76410 37.8807
76420 37.925
76430 37.9534
76440 37.9502
76450 37.9134
76460 37.8431
76470 37.7725
76480 37.7249
76490 37.6897
76500 37.6514
76510 37.6138
76520 37.5883
76530 37.5811
76540 37.5974
76550 37.6348
76560 37.654
76570 37.6417
76580 37.6279
76590 37.6293
76600 37.6456
76610 37.6696
76620 37.696
76630 37.7104
76640 37.714
76650 37.7427
76660 37.7981
76670 37.8529
76680 37.878
76690 37.8644
76700 37.846
76710 37.8408
76720 37.8231
76730 37.7911
76740 37.7714
76750 37.7791
76760 37.7897
76770 37.7648
76780 37.7213
76790 37.6759
76800 37.625
76810 37.6013
76820 37.6221
76830 37.6641
76840 37.7027
76850 37.7547
76860 37.7921
76870 37.7801
76880 37.7436
76890 37.7118
76900 37.6895
76910 37.6701
76920 37.6893
76930 37.7627
76940 37.839
76950 37.8718
76960 37.8796
76970 37.868
76980 37.8214
76990 37.7759
77000 37.7675
77010 37.7707
77020 37.7529
77030 37.7098
77040 37.6451
77050 37.5808
77060 37.5707
77070 37.631
77080 37.7277
77090 37.8223
77100 37.882
77110 37.8792
77120 37.8328
77130 37.7787
77140 37.7684
77150 37.8259
77160 37.9059
77170 37.9706
77180 38.0153
77190 38.0413
77200 38.0337
77210 38.0007
77220 37.9754
77230 37.9634
77240 37.9507
77250 37.9489
77260 37.9536
77270 37.9724
77280 38.0088
77290 38.031
77300 38.0348
77310 38.0357
77320 38.0092
77330 37.9471
77340 37.9053
77350 37.9063
77360 37.9308
77370 37.9629
77380 38.0005
77390 38.0474
77400 38.0937
77410 38.1234
77420 38.1367
77430 38.1355
77440 38.1172
77450 38.0832
77460 38.0282
77470 37.9659
77480 37.925
77490 37.9035
77500 37.889
77510 37.8864
77520 37.8946
77530 37.9094
77540 37.931
77550 37.9531
77560 37.9918
77570 38.0596
77580 38.1461
77590 38.2195
77600 38.2526
77610 38.2303
77620 38.1816
77630 38.1504
77640 38.1465
77650 38.1562
77660 38.177
77670 38.2001
77680 38.2316
77690 38.2751
77700 38.3046
77710 38.2997
77720 38.3065
77730 38.3485
77740 38.3886
77750 38.3914
77760 38.3754
77770 38.3567
77780 38.3245
77790 38.2642
77800 38.2003
77810 38.1589
77820 38.1417
77830 38.1514
77840 38.1831
77850 38.2311
77860 38.2773
77870 38.3151
77880 38.3627
77890 38.4305
77900 38.5043
77910 38.5697
77920 38.6226
77930 38.6626
77940 38.7042
77950 38.7658
77960 38.827
77970 38.8814
77980 38.9725
77990 39.083
78000 39.1696
78010 39.2092
78020 39.2118
78030 39.1681
78040 39.0948
78050 39.0337
78060 39.0057
78070 39.0055
78080 38.9937
78090 38.9362
78100 38.8724
78110 38.8225
78120 38.78
78130 38.7324
78140 38.6779
78150 38.5914
78160 38.4809
78170 38.3937
78180 38.3298
78190 38.2494
78200 38.1366
78210 38.0152
78220 37.9191
78230 37.8625
78240 37.8517
78250 37.8656
78260 37.8599
78270 37.8105
78280 37.7609
78290 37.7557
78300 37.752
78310 37.7162
78320 37.7184
78330 37.7715
78340 37.8222
78350 37.8484
78360 37.8488
78370 37.8
78380 37.7202
78390 37.6827
78400 37.704
78410 37.7329
78420 37.7444
78430 37.7212
78440 37.6677
78450 37.6108
78460 37.559
78470 37.5037
78480 37.4623
78490 37.4441
78500 37.4402
78510 37.4531
78520 37.486
78530 37.5042
78540 37.4573
78550 37.3718
78560 37.3237
78570 37.3389
78580 37.3872
78590 37.4399
78600 37.4749
78610 37.474
78620 37.4507
78630 37.4338
78640 37.4049
78650 37.3716
78660 37.3507
78670 37.3333
78680 37.3262
78690 37.3218
78700 37.302
78710 37.2861
78720 37.2991
78730 37.3123
78740 37.2915
78750 37.258
78760 37.2498
78770 37.2648
78780 37.2651
78790 37.2355
78800 37.2128
78810 37.2278
78820 37.2672
78830 37.3157
78840 37.3561
78850 37.368
78860 37.3632
78870 37.3492
78880 37.3279
78890 37.3078
78900 37.3017
78910 37.3161
78920 37.3385
78930 37.3497
78940 37.3534
78950 37.3628
78960 37.367
78970 37.3613
78980 37.3619
78990 37.3693
79000 37.3654
79010 37.3443
79020 37.3412
79030 37.3498
79040 37.3332
79050 37.3113
79060 37.3266
79070 37.3413
79080 37.3218
79090 37.3069
79100 37.312
79110 37.3404
79120 37.3961
79130 37.4663
79140 37.5251
79150 37.5484
79160 37.5561
79170 37.5473
79180 37.5046
79190 37.4579
79200 37.4566
79210 37.4967
79220 37.5329
79230 37.557
79240 37.5923
79250 37.6488
79260 37.7025
79270 37.747
79280 37.7944
79290 37.8359
79300 37.8412
79310 37.8163
79320 37.7718
79330 37.7055
79340 37.6378
79350 37.6132
79360 37.6517
79370 37.7231
79380 37.7826
79390 37.8283
79400 37.8674
79410 37.9022
79420 37.9254
79430 37.9318
79440 37.9493
79450 37.987
79460 38.0388
79470 38.0978
79480 38.1545
79490 38.1785
79500 38.1569
79510 38.1223
79520 38.1116
79530 38.1198
79540 38.122
79550 38.1225
79560 38.1541
79570 38.1997
79580 38.2192
79590 38.2035
79600 38.1641
79610 38.099
79620 38.0147
79630 37.9576
79640 37.9414
79650 37.9383
79660 37.9326
79670 37.9441
79680 37.9593
79690 37.9421
79700 37.8749
79710 37.7766
79720 37.6844
79730 37.6166
79740 37.5836
79750 37.5924
79760 37.6409
79770 37.6955
79780 37.7661
79790 37.8672
79800 37.9572
79810 38.0136
79820 38.0704
79830 38.1409
79840 38.2283
79850 38.3097
79860 38.3621
79870 38.3997
79880 38.4302
79890 38.4424
79900 38.4514
79910 38.4623
79920 38.4758
79930 38.5057
79940 38.5673
79950 38.6612
79960 38.7644
79970 38.8351
79980 38.8508
79990 38.8236
80000 38.775
80010 38.7409
80020 38.7288
80030 38.7406
80040 38.7729
80050 38.8206
80060 38.8874
80070 38.9404
80080 38.9658
80090 39.0072
80100 39.0617
80110 39.0642
80120 39.0245
80130 38.9868
80140 38.9312
80150 38.89
80160 38.9205
80170 38.9754
80180 39.0222
80190 39.0881
80200 39.1454
80210 39.1424
80220 39.0987
80230 39.0753
80240 39.0862
80250 39.1044
80260 39.1307
80270 39.1844
80280 39.252
80290 39.3077
80300 39.3419
80310 39.3305
80320 39.24
80330 39.1041
80340 38.992
80350 38.9339
80360 38.9046
80370 38.8778
80380 38.8609
80390 38.8498
80400 38.84
80410 38.8291
80420 38.8125
80430 38.8103
80440 38.8401
80450 38.8886
80460 38.9248
80470 38.948
80480 38.9639
80490 38.9651
80500 38.96
80510 38.9703
80520 38.9959
80530 39.0072
80540 38.9994
80550 38.9982
80560 38.9559
80570 38.8601
80580 38.7776
80590 38.764
80600 38.7803
80610 38.7976
80620 38.8225
80630 38.8463
80640 38.8574
80650 38.8355
80660 38.7564
80670 38.6742
80680 38.6448
80690 38.6481
80700 38.6653
80710 38.7324
80720 38.8197
80730 38.8811
80740 38.9358
80750 39.0075
80760 39.0668
80770 39.0764
80780 39.0584
80790 39.0271
80800 39.0015
80810 39.0146
80820 39.0656
80830 39.1383
80840 39.2128
80850 39.2503
80860 39.2335
80870 39.2169
80880 39.227
80890 39.243
80900 39.2885
80910 39.3585
80920 39.3909
80930 39.3614
80940 39.2935
80950 39.2414
80960 39.2304
80970 39.2315
80980 39.243
80990 39.2753
81000 39.2897
81010 39.2491
81020 39.199
81030 39.1818
81040 39.1939
81050 39.2111
81060 39.2223
81070 39.2542
81080 39.3297
81090 39.4157
81100 39.464
81110 39.4706
81120 39.4422
81130 39.3716
81140 39.2771
81150 39.1866
81160 39.1052
81170 39.0571
81180 39.0572
81190 39.0858
81200 39.1135
81210 39.1611
81220 39.2244
81230 39.2515
81240 39.2342
81250 39.232
81260 39.2612
81270 39.2825
81280 39.2908
81290 39.3061
81300 39.3208
81310 39.3589
81320 39.4222
81330 39.4777
81340 39.5242
81350 39.5713
81360 39.5784
81370 39.5546
81380 39.5324
81390 39.5207
81400 39.4953
81410 39.4309
81420 39.3494
81430 39.2909
81440 39.2727
81450 39.2615
81460 39.2393
81470 39.2437
81480 39.2853
81490 39.3099
81500 39.2961
81510 39.2833
81520 39.2942
81530 39.3049
81540 39.2879
81550 39.257
81560 39.2291
81570 39.1929
81580 39.1457
81590 39.1197
81600 39.1206
81610 39.1511
81620 39.2181
81630 39.2927
81640 39.3471
81650 39.3896
81660 39.4401
81670 39.4965
81680 39.5543
81690 39.6021
81700 39.6172
81710 39.6179
81720 39.6422
81730 39.6789
81740 39.7183
81750 39.7729
81760 39.8388
81770 39.9056
81780 39.955
81790 39.9827
81800 39.9991
81810 40.0118
81820 40.0406
81830 40.0754
81840 40.1055
81850 40.1479
81860 40.1904
81870 40.2067
81880 40.2133
81890 40.2645
81900 40.3611
81910 40.4767
81920 40.607
81930 40.7397
81940 40.8294
81950 40.8401
81960 40.8003
81970 40.7665
81980 40.7413
81990 40.7246
82000 40.7357
82010 40.7843
82020 40.8515
82030 40.9158
82040 40.9738
82050 41.0113
82060 41.019
82070 40.9892
82080 40.926
82090 40.8403
82100 40.7602
82110 40.6832
82120 40.5888
82130 40.5083
82140 40.4817
82150 40.5078
82160 40.555
82170 40.5879
82180 40.605
82190 40.6135
82200 40.624
82210 40.6395
82220 40.6317
82230 40.6113
82240 40.6078
82250 40.5982
82260 40.5825
82270 40.5796
82280 40.5673
82290 40.5402
82300 40.5386
82310 40.5668
82320 40.5884
82330 40.585
82340 40.543
82350 40.4871
82360 40.4619
82370 40.4698
82380 40.4731
82390 40.4457
82400 40.4023
82410 40.3326
82420 40.2312
82430 40.1234
82440 40.037
82450 39.9819
82460 39.9598
82470 39.986
82480 40.0588
82490 40.1501
82500 40.2016
82510 40.1784
82520 40.0985
82530 40.003
82540 39.919
82550 39.8625
82560 39.8564
82570 39.8946
82580 39.9395
82590 39.9579
82600 39.9327
82610 39.8748
82620 39.8291
82630 39.8086
82640 39.7972
82650 39.8059
82660 39.8383
82670 39.8737
82680 39.9083
82690 39.9408
82700 39.9573
82710 39.9641
82720 39.9782
82730 40.0148
82740 40.1078
82750 40.2431
82760 40.3831
82770 40.4899
82780 40.5465
82790 40.5658
82800 40.5657
82810 40.5724
82820 40.6044
82830 40.6345
82840 40.6598
82850 40.6971
82860 40.7421
82870 40.764
82880 40.7429
82890 40.6894
82900 40.6417
82910 40.6091
82920 40.5681
82930 40.5143
82940 40.4717
82950 40.4357
82960 40.3841
82970 40.3412
82980 40.345
82990 40.4084
83000 40.5051
83010 40.5863
83020 40.6476
83030 40.7289
83040 40.8347
83050 40.9454
83060 41.0645
83070 41.182
83080 41.2782
83090 41.3443
83100 41.3682
83110 41.3567
83120 41.3526
83130 41.3557
83140 41.3527
83150 41.3617
83160 41.3894
83170 41.4275
83180 41.4768
83190 41.5207
83200 41.559
83210 41.6189
83220 41.6993
83230 41.7479
83240 41.7552
83250 41.7626
83260 41.7702
83270 41.7595
83280 41.7294
83290 41.6727
83300 41.5826
83310 41.5088
83320 41.4645
83330 41.439
83340 41.4549
83350 41.5091
83360 41.551
83370 41.5318
83380 41.4485
83390 41.3395
83400 41.2386
83410 41.137
83420 41.0412
83430 41.0204
83440 41.0746
83450 41.1307
83460 41.1609
83470 41.1868
83480 41.2201
83490 41.2572
83500 41.2951
83510 41.3291
83520 41.3518
83530 41.3676
83540 41.3918
83550 41.4356
83560 41.4873
83570 41.5267
83580 41.5469
83590 41.5613
83600 41.5743
83610 41.5791
83620 41.5774
83630 41.5649
83640 41.5439
83650 41.5297
83660 41.5325
83670 41.5281
83680 41.5008
83690 41.4787
83700 41.4826
83710 41.502
83720 41.5053
83730 41.4632
83740 41.3826
83750 41.3125
83760 41.2616
83770 41.2068
83780 41.162
83790 41.1548
83800 41.1668
83810 41.1809
83820 41.2125
83830 41.2561
83840 41.2889
83850 41.3037
83860 41.3287
83870 41.3667
83880 41.3734
83890 41.3539
83900 41.3077
83910 41.2358
83920 41.1722
83930 41.1581
83940 41.1946
83950 41.2361
83960 41.2751
83970 41.3115
83980 41.2832
83990 41.1958
84000 41.1272
84010 41.0782
84020 41.0158
84030 40.9712
84040 40.9607
84050 40.9471
84060 40.9145
84070 40.8821
84080 40.8486
84090 40.809
84100 40.7758
84110 40.7531
84120 40.7356
84130 40.7274
84140 40.7378
84150 40.7605
84160 40.7834
84170 40.7828
84180 40.757
84190 40.7055
84200 40.6357
84210 40.5722
84220 40.5167
84230 40.4867
84240 40.4975
84250 40.5329
84260 40.5482
84270 40.533
84280 40.5024
84290 40.4994
84300 40.5484
84310 40.606
84320 40.6332
84330 40.6443
84340 40.6456
84350 40.6306
84360 40.6103
84370 40.6062
84380 40.5896
84390 40.5334
84400 40.4482
84410 40.3763
84420 40.3714
84430 40.4256
84440 40.4868
84450 40.5301
84460 40.5561
84470 40.5714
84480 40.5901
84490 40.6116
84500 40.6269
84510 40.6612
84520 40.723
84530 40.7946
84540 40.8519
84550 40.876
84560 40.8633
84570 40.8283
84580 40.8047
84590 40.7983
84600 40.8056
84610 40.8401
84620 40.9047
84630 40.976
84640 41.0315
84650 41.0848
84660 41.1406
84670 41.1832
84680 41.2073
84690 41.2246
84700 41.2395
84710 41.245
84720 41.2171
84730 41.1878
84740 41.198
84750 41.2495
84760 41.3092
84770 41.3635
84780 41.3872
84790 41.3528
84800 41.2889
84810 41.2664
84820 41.2713
84830 41.2903
84840 41.3728
84850 41.4761
84860 41.5251
84870 41.4989
84880 41.4272
84890 41.3408
84900 41.2362
84910 41.1358
84920 41.0819
84930 41.0641
84940 41.0468
84950 41.0066
84960 40.9207
84970 40.7911
84980 40.6871
84990 40.6409
85000 40.5925
85010 40.5267
85020 40.4758
85030 40.459
85040 40.4746
85050 40.5056
85060 40.5386
85070 40.555
85080 40.5719
85090 40.6145
85100 40.673
85110 40.7193
85120 40.7249
85130 40.6937
85140 40.6485
85150 40.6205
85160 40.6293
85170 40.6556
85180 40.6977
85190 40.7521
85200 40.7971
85210 40.8278
85220 40.8671
85230 40.9079
85240 40.9132
85250 40.8877
85260 40.8729
85270 40.8872
85280 40.9161
85290 40.9555
85300 41.0192
85310 41.0789
85320 41.0944
85330 41.0575
85340 41.008
85350 40.9925
85360 41.0069
85370 41.0203
85380 41.0129
85390 40.9981
85400 40.9925
85410 40.981
85420 40.9607
85430 40.9451
85440 40.9314
85450 40.9179
85460 40.9087
85470 40.903
85480 40.886
85490 40.8779
85500 40.8919
85510 40.937
85520 40.9991
85530 41.0584
85540 41.0986
85550 41.123
85560 41.1343
85570 41.1326
85580 41.1252
85590 41.1285
85600 41.1611
85610 41.2052
85620 41.2333
85630 41.2294
85640 41.2109
85650 41.2174
85660 41.2559
85670 41.2959
85680 41.3313
85690 41.3872
85700 41.4619
85710 41.5164
85720 41.5004
85730 41.4141
85740 41.3026
85750 41.2289
85760 41.2258
85770 41.2612
85780 41.2966
85790 41.3317
85800 41.3675
85810 41.4128
85820 41.4657
85830 41.5378
85840 41.6229
85850 41.6859
85860 41.7143
85870 41.7215
85880 41.7334
85890 41.7146
85900 41.6498
85910 41.586
85920 41.5273
85930 41.4748
85940 41.4416
85950 41.4251
85960 41.4195
85970 41.4148
85980 41.396
85990 41.3837
86000 41.4135
86010 41.4491
86020 41.458
86030 41.4533
86040 41.456
86050 41.4762
86060 41.5216
86070 41.5864
86080 41.64
86090 41.6669
86100 41.6731
86110 41.6631
86120 41.6467
86130 41.6401
86140 41.6289
86150 41.6343
86160 41.6422
86170 41.6405
86180 41.6599
86190 41.6863
86200 41.6861
86210 41.6776
86220 41.7097
86230 41.7624
86240 41.8008
86250 41.843
86260 41.8942
86270 41.9258
86280 41.9585
86290 42.0116
86300 42.0671
86310 42.1066
86320 42.1306
86330 42.1476
86340 42.1508
86350 42.1469
86360 42.1391
86370 42.1111
86380 42.0777
86390 42.0512
86400 42.0468
86410 42.1213
86420 42.2423
86430 42.3405
86440 42.4037
86450 42.4473
86460 42.4656
86470 42.4614
86480 42.4653
86490 42.5018
86500 42.5284
86510 42.5466
86520 42.593
86530 42.6703
86540 42.7465
86550 42.7878
86560 42.7944
86570 42.7903
86580 42.7849
86590 42.7686
86600 42.7508
86610 42.7476
86620 42.7299
86630 42.6668
86640 42.5969
86650 42.5331
86660 42.427
86670 42.2892
86680 42.1843
86690 42.13
86700 42.0918
86710 42.0956
86720 42.1397
86730 42.1617
86740 42.1509
86750 42.1403
86760 42.1345
86770 42.1758
86780 42.2585
86790 42.3299
86800 42.3722
86810 42.3762
86820 42.3416
86830 42.2483
86840 42.1451
86850 42.0999
86860 42.0996
86870 42.1266
86880 42.1678
86890 42.2052
86900 42.2024
86910 42.1581
86920 42.07
86930 41.9688
86940 41.8784
86950 41.7865
86960 41.6884
86970 41.6133
86980 41.5879
86990 41.5896
87000 41.5876
87010 41.5689
87020 41.5485
87030 41.5392
87040 41.5147
87050 41.4761
87060 41.4588
87070 41.4686
87080 41.4676
87090 41.4225
87100 41.3658
87110 41.3139
87120 41.2648
87130 41.239
87140 41.2336
87150 41.2421
87160 41.2646
87170 41.3087
87180 41.3517
87190 41.3696
87200 41.3871
87210 41.428
87220 41.4608
87230 41.4664
87240 41.4819
87250 41.5278
87260 41.581
87270 41.6213
87280 41.6248
87290 41.5917
87300 41.559
87310 41.5439
87320 41.536
87330 41.5258
87340 41.5049
87350 41.4742
87360 41.4601
87370 41.4951
87380 41.5624
87390 41.6146
87400 41.6465
87410 41.6681
87420 41.6922
87430 41.7102
87440 41.6964
87450 41.6603
87460 41.6241
87470 41.6092
87480 41.6307
87490 41.687
87500 41.7549
87510 41.7991
87520 41.7985
87530 41.7539
87540 41.6931
87550 41.6571
87560 41.6657
87570 41.7101
87580 41.7635
87590 41.7948
87600 41.8059
87610 41.8003
87620 41.7828
87630 41.7593
87640 41.7173
87650 41.6563
87660 41.6078
87670 41.5981
87680 41.6027
87690 41.5985
87700 41.6035
87710 41.6425
87720 41.681
87730 41.7056
87740 41.7196
87750 41.7404
87760 41.7456
87770 41.724
87780 41.6675
87790 41.5812
87800 41.4829
87810 41.3943
87820 41.321
87830 41.2819
87840 41.2692
87850 41.2603
87860 41.266
87870 41.271
87880 41.2817
87890 41.326
87900 41.3987
87910 41.4507
87920 41.4497
87930 41.4323
87940 41.4631
87950 41.5452
87960 41.6271
87970 41.6858
87980 41.7295
87990 41.7589
88000 41.7584
88010 41.7454
88020 41.7254
88030 41.7235
88040 41.7612
88050 41.8303
88060 41.8948
88070 41.9321
88080 41.9583
88090 41.9825
88100 41.997
88110 41.998
88120 41.9975
88130 42.0359
88140 42.1223
88150 42.2511
88160 42.3713
88170 42.4161
88180 42.4096
88190 42.3961
88200 42.3899
88210 42.3795
88220 42.3437
88230 42.2904
88240 42.2574
88250 42.2931
88260 42.3752
88270 42.4497
88280 42.5092
88290 42.5836
88300 42.6514
88310 42.6853
88320 42.6876
88330 42.665
88340 42.6489
88350 42.638
88360 42.6146
88370 42.5986
88380 42.5941
88390 42.5901
88400 42.5923
88410 42.6026
88420 42.6224
88430 42.6399
88440 42.6666
88450 42.7069
88460 42.7343
88470 42.7368
88480 42.7545
88490 42.8134
88500 42.8895
88510 42.9507
88520 42.9947
88530 43.0233
88540 43.0479
88550 43.0895
88560 43.1247
88570 43.1285
88580 43.1529
88590 43.2417
88600 43.3184
88610 43.3254
88620 43.2933
88630 43.2413
88640 43.1851
88650 43.136
88660 43.0994
88670 43.0781
88680 43.0607
88690 43.0209
88700 42.9424
88710 42.8481
88720 42.7797
88730 42.7471
88740 42.739
88750 42.7348
88760 42.7468
88770 42.7653
88780 42.7413
88790 42.6749
88800 42.59
88810 42.4914
88820 42.4103
88830 42.4061
88840 42.4709
88850 42.529
88860 42.5524
88870 42.5551
88880 42.539
88890 42.5058
88900 42.4527
88910 42.3891
88920 42.3762
88930 42.4373
88940 42.5218
88950 42.5862
88960 42.6403
88970 42.7004
88980 42.7521
88990 42.7888
89000 42.803
89010 42.8039
89020 42.7905
89030 42.7631
89040 42.7448
89050 42.7514
89060 42.7749
89070 42.8042
89080 42.8422
89090 42.8953
89100 42.9318
89110 42.9375
89120 42.9352
89130 42.9175
89140 42.8652
89150 42.8225
89160 42.8129
89170 42.8313
89180 42.8929
89190 43.0113
89200 43.1433
89210 43.2066
89220 43.1699
89230 43.0787
89240 42.9892
89250 42.9488
89260 42.9463
89270 42.9467
89280 42.9546
89290 42.9684
89300 42.9801
89310 42.9792
89320 42.9578
89330 42.9348
89340 42.9238
89350 42.9299
89360 42.9384
89370 42.9366
89380 42.9104
89390 42.8754
89400 42.8695
89410 42.872
89420 42.853
89430 42.847
89440 42.8815
89450 42.9222
89460 42.9622
89470 43.041
89480 43.1393
89490 43.2044
89500 43.2086
89510 43.1797
89520 43.1722
89530 43.22
89540 43.3038
89550 43.3971
89560 43.4967
89570 43.5777
89580 43.6162
89590 43.6094
89600 43.5807
89610 43.563
89620 43.5467
89630 43.5242
89640 43.5051
89650 43.5167
89660 43.5604
89670 43.5744
89680 43.5598
89690 43.557
89700 43.5724
89710 43.5809
89720 43.5947
89730 43.6109
89740 43.6106
89750 43.6092
89760 43.6042
89770 43.5788
89780 43.5649
89790 43.5655
89800 43.5577
89810 43.5351
89820 43.4958
89830 43.4115
89840 43.2676
89850 43.1144
89860 43.0153
89870 43.0105
89880 43.085
89890 43.191
89900 43.3061
89910 43.3872
89920 43.3918
89930 43.3644
89940 43.3382
89950 43.3088
89960 43.3143
89970 43.39
89980 43.5107
89990 43.6533
90000 43.7869
90010 43.8699
90020 43.882
90030 43.8414
90040 43.7855
90050 43.7411
90060 43.7399
90070 43.7854
90080 43.8156
90090 43.8258
90100 43.8508
90110 43.8714
90120 43.8719
90130 43.8837
90140 43.8915
90150 43.867
90160 43.8039
90170 43.7566
90180 43.755
90190 43.7625
90200 43.7784
90210 43.8054
90220 43.796
90230 43.7432
90240 43.7086
90250 43.7157
90260 43.727
90270 43.7466
90280 43.8029
90290 43.8531
90300 43.8433
90310 43.8205
90320 43.8387
90330 43.8824
90340 43.9239
90350 43.9618
90360 43.9844
90370 43.9589
90380 43.9221
90390 43.9274
90400 43.9679
90410 43.9818
90420 43.9722
90430 43.9409
90440 43.8885
90450 43.8277
90460 43.7711
90470 43.7257
90480 43.6878
90490 43.6714
90500 43.6861
90510 43.7015
90520 43.6872
90530 43.6477
90540 43.6007
90550 43.5658
90560 43.5515
90570 43.5472
90580 43.5679
90590 43.6322
90600 43.6947
90610 43.704
90620 43.6648
90630 43.6497
90640 43.7166
90650 43.8445
90660 43.9964
90670 44.1174
90680 44.1798
90690 44.2186
90700 44.2619
90710 44.3017
90720 44.3427
90730 44.3955
90740 44.448
90750 44.4765
90760 44.4696
90770 44.4461
90780 44.416
90790 44.3694
90800 44.3429
90810 44.3751
90820 44.4409
90830 44.4695
90840 44.4509
90850 44.3861
90860 44.2917
90870 44.2114
90880 44.1739
90890 44.1602
90900 44.1386
90910 44.1143
90920 44.1151
90930 44.1269
90940 44.1276
90950 44.1114
90960 44.0884
90970 44.0661
90980 44.0326
90990 44.0022
91000 44.0299
91010 44.1023
91020 44.1513
91030 44.1632
91040 44.1358
91050 44.0745
91060 44.0117
91070 43.9772
91080 43.969
91090 43.9627
91100 43.9549
91110 43.9568
91120 43.9747
91130 44.0046
91140 44.024
91150 43.9991
91160 43.9821
91170 43.9861
91180 43.9785
91190 43.9609
91200 43.9489
91210 43.9411
91220 43.919
91230 43.8968
91240 43.8957
91250 43.9071
91260 43.9173
91270 43.9313
91280 43.9584
91290 44.0032
91300 44.0655
91310 44.1416
91320 44.1778
91330 44.1465
91340 44.074
91350 44.0094
91360 43.9701
91370 43.9517
91380 43.943
91390 43.9368
91400 43.9463
91410 43.9875
91420 44.0595
91430 44.1387
91440 44.1791
91450 44.1627
91460 44.1184
91470 44.0816
91480 44.0535
91490 44.0371
91500 44.0456
91510 44.0789
91520 44.1331
91530 44.1956
91540 44.2433
91550 44.2631
91560 44.2393
91570 44.1783
91580 44.1268
91590 44.1274
91600 44.1684
91610 44.2171
91620 44.2912
91630 44.3829
91640 44.4226
91650 44.391
91660 44.3184
91670 44.24
91680 44.1898
91690 44.1858
91700 44.199
91710 44.2024
91720 44.1772
91730 44.1244
91740 44.0674
91750 44.0157
91760 43.9751
91770 43.9251
91780 43.8825
91790 43.8613
91800 43.8434
91810 43.821
91820 43.8274
91830 43.8873
91840 43.9608
91850 44.0071
91860 44.0166
91870 43.9891
91880 43.9579
91890 43.9529
91900 43.9637
91910 43.9883
91920 44.0221
91930 44.0506
91940 44.0882
91950 44.1206
91960 44.1348
91970 44.1701
91980 44.2408
91990 44.2673
92000 44.2252
92010 44.1851
92020 44.1599
92030 44.1063
92040 44.0664
92050 44.0841
92060 44.1107
92070 44.1303
92080 44.1449
92090 44.1294
92100 44.0866
92110 44.0642
92120 44.0461
92130 43.9977
92140 43.9353
92150 43.8972
92160 43.9002
92170 43.9379
92180 44.0122
92190 44.0813
92200 44.1219
92210 44.1369
92220 44.1323
92230 44.1173
92240 44.1076
92250 44.1114
92260 44.1189
92270 44.1094
92280 44.0964
92290 44.0719
92300 44.0337
92310 43.9788
92320 43.9191
92330 43.8893
92340 43.9057
92350 43.9644
92360 44.0529
92370 44.1424
92380 44.1856
92390 44.1562
92400 44.0823
92410 44.0095
92420 43.9813
92430 43.9947
92440 44.0403
92450 44.1418
92460 44.2987
92470 44.4549
92480 44.5501
92490 44.5759
92500 44.5546
92510 44.5208
92520 44.4976
92530 44.4981
92540 44.4924
92550 44.4788
92560 44.4926
92570 44.517
92580 44.513
92590 44.4773
92600 44.4359
92610 44.3918
92620 44.3522
92630 44.3328
92640 44.3209
92650 44.3072
92660 44.2836
92670 44.2501
92680 44.2109
92690 44.1886
92700 44.1981
92710 44.203
92720 44.1934
92730 44.1919
92740 44.2001
92750 44.2012
92760 44.1902
92770 44.1975
92780 44.2542
92790 44.3144
92800 44.3231
92810 44.2713
92820 44.1914
92830 44.1079
92840 44.0637
92850 44.0699
92860 44.0646
92870 44.0278
92880 44.0088
92890 43.9887
92900 43.9341
92910 43.8905
92920 43.9045
92930 43.9544
92940 44.0029
92950 44.0468
92960 44.101
92970 44.1631
92980 44.2199
92990 44.2707
93000 44.3063
93010 44.3018
93020 44.2581
93030 44.2103
93040 44.1773
93050 44.1515
93060 44.1565
93070 44.208
93080 44.2981
93090 44.3734
93100 44.3751
93110 44.3226
93120 44.2689
93130 44.2242
93140 44.1858
93150 44.2011
93160 44.2722
93170 44.3304
93180 44.3569
93190 44.4044
93200 44.4558
93210 44.447
93220 44.3622
93230 44.237
93240 44.1039
93250 43.9728
93260 43.901
93270 43.9278
93280 44.0015
93290 44.0641
93300 44.108
93310 44.1529
93320 44.1668
93330 44.1494
93340 44.1441
93350 44.134
93360 44.1102
93370 44.1128
93380 44.1493
93390 44.1928
93400 44.2305
93410 44.2851
93420 44.36
93430 44.4279
93440 44.4737
93450 44.5054
93460 44.5245
93470 44.5207
93480 44.515
93490 44.5319
93500 44.5576
93510 44.5984
93520 44.6395
93530 44.6585
93540 44.6557
93550 44.6271
93560 44.5977
93570 44.5871
93580 44.5954
93590 44.5989
93600 44.5952
93610 44.6022
93620 44.6375
93630 44.6758
93640 44.6969
93650 44.6966
93660 44.6851
93670 44.6819
93680 44.7103
93690 44.761
93700 44.7991
93710 44.8061
93720 44.7933
93730 44.775
93740 44.7348
93750 44.667
93760 44.627
93770 44.649
93780 44.7342
93790 44.857
93800 44.9495
93810 44.9899
93820 45.0046
93830 44.9981
93840 44.9665
93850 44.9475
93860 44.9708
93870 44.9938
93880 44.9838
93890 44.98
93900 45.0125
93910 45.0623
93920 45.0795
93930 45.0488
93940 45.0125
93950 44.9884
93960 44.966
93970 44.9456
93980 44.9158
93990 44.8683
94000 44.8274
94010 44.7948
94020 44.7525
94030 44.6978
94040 44.6365
94050 44.5834
94060 44.5314
94070 44.4687
94080 44.4216
94090 44.4119
94100 44.4258
94110 44.4511
94120 44.4796
94130 44.5102
94140 44.5481
94150 44.6084
94160 44.6873
94170 44.7773
94180 44.8515
94190 44.9123
94200 44.9668
94210 45.0181
94220 45.0689
94230 45.1296
94240 45.2052
94250 45.2601
94260 45.2615
94270 45.2155
94280 45.1496
94290 45.0581
94300 44.9793
94310 44.9687
94320 45.038
94330 45.1536
94340 45.2952
94350 45.4638
94360 45.6031
94370 45.6588
94380 45.665
94390 45.6587
94400 45.6538
94410 45.6822
94420 45.7268
94430 45.7684
94440 45.8141
94450 45.8498
94460 45.8628
94470 45.8411
94480 45.8052
94490 45.7796
94500 45.7545
94510 45.7382
94520 45.7255
94530 45.6971
94540 45.6491
94550 45.5919
94560 45.5434
94570 45.5045
94580 45.4743
94590 45.4787
94600 45.502
94610 45.5257
94620 45.5556
94630 45.5732
94640 45.5891
94650 45.6303
94660 45.6587
94670 45.691
94680 45.7595
94690 45.8419
94700 45.8781
94710 45.8673
94720 45.8762
94730 45.9324
94740 45.9836
94750 46.0298
94760 46.0755
94770 46.1228
94780 46.1648
94790 46.1817
94800 46.1487
94810 46.1061
94820 46.1048
94830 46.1304
94840 46.1414
94850 46.1242
94860 46.1183
94870 46.1372
94880 46.1583
94890 46.1728
94900 46.202
94910 46.2544
94920 46.3142
94930 46.3722
94940 46.4231
94950 46.4418
94960 46.4069
94970 46.3613
94980 46.3594
94990 46.3984
95000 46.4503
95010 46.4809
95020 46.5017
95030 46.5231
95040 46.5314
95050 46.5096
95060 46.4752
95070 46.4506
95080 46.4277
95090 46.4189
95100 46.4257
95110 46.4374
95120 46.4558
95130 46.4852
95140 46.5032
95150 46.4844
95160 46.449
95170 46.4374
95180 46.4707
95190 46.4916
95200 46.4699
95210 46.449
95220 46.431
95230 46.3778
95240 46.3143
95250 46.2791
95260 46.2712
95270 46.323
95280 46.424
95290 46.5025
95300 46.5377
95310 46.5358
95320 46.5034
95330 46.4701
95340 46.4699
95350 46.4696
95360 46.4525
95370 46.4418
95380 46.4318
95390 46.4147
95400 46.412
95410 46.4416
95420 46.5128
95430 46.5925
95440 46.6525
95450 46.7303
95460 46.8374
95470 46.9453
95480 47.0258
95490 47.0724
95500 47.0673
95510 47.0088
95520 46.947
95530 46.9062
95540 46.9042
95550 46.9504
95560 47.0005
95570 46.9986
95580 46.9282
95590 46.8072
95600 46.6661
95610 46.5422
95620 46.4587
95630 46.4011
95640 46.3545
95650 46.3618
95660 46.4117
95670 46.4605
95680 46.4826
95690 46.4669
95700 46.4203
95710 46.385
95720 46.3877
95730 46.4305
95740 46.5001
95750 46.558
95760 46.585
95770 46.593
95780 46.5853
95790 46.5663
95800 46.515
95810 46.4636
95820 46.4479
95830 46.4474
95840 46.459
95850 46.5064
95860 46.5594
95870 46.5861
95880 46.595
95890 46.6004
95900 46.5984
95910 46.5843
95920 46.5699
95930 46.5667
95940 46.5596
95950 46.5615
95960 46.5903
95970 46.6127
95980 46.6017
95990 46.5802
96000 46.581
96010 46.6083
96020 46.6445
96030 46.6867
96040 46.7195
96050 46.7253
96060 46.7231
96070 46.7493
96080 46.791
96090 46.7946
96100 46.7483
96110 46.6877
96120 46.6477
96130 46.6349
96140 46.6345
96150 46.6534
96160 46.7175
96170 46.8342
96180 46.9591
96190 47.0328
96200 47.0296
96210 46.9453
96220 46.8208
96230 46.7227
96240 46.6856
96250 46.6752
96260 46.6539
96270 46.6491
96280 46.6861
96290 46.7456
96300 46.7726
96310 46.7338
96320 46.6634
96330 46.5932
96340 46.5176
96350 46.4427
96360 46.4222
96370 46.4793
96380 46.5778
96390 46.6829
96400 46.7589
96410 46.7964
96420 46.8195
96430 46.8459
96440 46.8965
96450 46.9822
96460 47.0526
96470 47.0955
96480 47.1384
96490 47.1982
96500 47.2611
96510 47.2877
96520 47.2436
96530 47.1818
96540 47.1641
96550 47.2013
96560 47.2699
96570 47.348
96580 47.4229
96590 47.4723
96600 47.5053
96610 47.514
96620 47.4856
96630 47.4732
96640 47.5335
96650 47.6355
96660 47.7425
96670 47.8347
96680 47.8952
96690 47.9003
96700 47.866
96710 47.8302
96720 47.8066
96730 47.7917
96740 47.7942
96750 47.8328
96760 47.8739
96770 47.876
96780 47.8365
96790 47.7877
96800 47.7481
96810 47.7327
96820 47.7628
96830 47.841
96840 47.9605
96850 48.1031
96860 48.2197
96870 48.2611
96880 48.2418
96890 48.2096
96900 48.1554
96910 48.0741
96920 48.0069
96930 47.9644
96940 47.9345
96950 47.9115
96960 47.8918
96970 47.8711
96980 47.8507
96990 47.858
97000 47.8761
97010 47.8651
97020 47.8407
97030 47.847
97040 47.891
97050 47.9368
97060 47.9403
97070 47.9155
97080 47.8988
97090 47.9015
97100 47.9312
97110 47.9852
97120 48.0125
97130 48.0182
97140 48.0455
97150 48.0868
97160 48.069
97170 48.0038
97180 47.9526
97190 47.9356
97200 47.9473
97210 47.9703
97220 47.9894
97230 48.013
97240 48.0573
97250 48.1067
97260 48.1306
97270 48.1569
97280 48.1852
97290 48.1963
97300 48.1935
97310 48.2114
97320 48.2584
97330 48.3234
97340 48.396
97350 48.4679
97360 48.5493
97370 48.6059
97380 48.629
97390 48.6666
97400 48.7224
97410 48.7344
97420 48.6694
97430 48.5384
97440 48.4083
97450 48.3314
97460 48.3111
97470 48.3618
97480 48.4631
97490 48.5419
97500 48.5731
97510 48.6164
97520 48.6819
97530 48.6932
97540 48.6562
97550 48.6385
97560 48.6291
97570 48.6031
97580 48.6047
97590 48.6733
97600 48.7518
97610 48.7922
97620 48.8132
97630 48.8304
97640 48.8344
97650 48.8441
97660 48.8848
97670 48.9399
97680 48.9511
97690 48.8859
97700 48.7963
97710 48.7212
97720 48.6991
97730 48.7456
97740 48.8097
97750 48.8641
97760 48.9225
97770 48.9346
97780 48.8997
97790 48.8808
97800 48.9102
97810 48.9589
97820 48.9977
97830 49.009
97840 48.9598
97850 48.8489
97860 48.738
97870 48.6836
97880 48.6859
97890 48.7099
97900 48.7487
97910 48.809
97920 48.8626
97930 48.8768
97940 48.8761
97950 48.8706
97960 48.8358
97970 48.8047
97980 48.8197
97990 48.8639
98000 48.9081
98010 48.9732
98020 49.0877
98030 49.2242
98040 49.3232
98050 49.3484
98060 49.3284
98070 49.2997
98080 49.2571
98090 49.1695
98100 49.0675
98110 48.9981
98120 48.9472
98130 48.8874
98140 48.8309
98150 48.78
98160 48.7659
98170 48.8075
98180 48.8689
98190 48.9288
98200 48.9793
98210 49.0433
98220 49.1106
98230 49.1651
98240 49.2273
98250 49.294
98260 49.3316
98270 49.3306
98280 49.3099
98290 49.2664
98300 49.2225
98310 49.2208
98320 49.2612
98330 49.2847
98340 49.308
98350 49.378
98360 49.4607
98370 49.5092
98380 49.5161
98390 49.485
98400 49.4108
98410 49.3079
98420 49.2105
98430 49.1146
98440 49.0334
98450 48.9974
98460 49.02
98470 49.0817
98480 49.1467
98490 49.2036
98500 49.2608
98510 49.3016
98520 49.3118
98530 49.2985
98540 49.2644
98550 49.2197
98560 49.1793
98570 49.159
98580 49.1717
98590 49.1873
98600 49.185
98610 49.16
98620 49.1247
98630 49.1164
98640 49.1601
98650 49.1992
98660 49.1853
98670 49.1403
98680 49.1129
98690 49.1042
98700 49.0888
98710 49.0724
98720 49.054
98730 49.0119
98740 48.9774
98750 48.9644
98760 48.9863
98770 49.0397
98780 49.089
98790 49.081
98800 49.0014
98810 48.9207
98820 48.8917
98830 48.8998
98840 48.9101
98850 48.9164
98860 48.9276
98870 48.952
98880 48.9817
98890 48.9929
98900 48.9769
98910 48.9545
98920 48.9585
98930 48.9809
98940 49.0006
98950 49.0264
98960 49.0574
98970 49.0427
98980 48.9817
98990 48.9212
99000 48.8707
99010 48.8069
99020 48.774
99030 48.783
99040 48.8082
99050 48.8487
99060 48.8945
99070 48.9023
99080 48.8779
99090 48.8551
99100 48.8064
99110 48.711
99120 48.6414
99130 48.6306
99140 48.644
99150 48.6498
99160 48.6609
99170 48.668
99180 48.6555
99190 48.6519
99200 48.6362
99210 48.5775
99220 48.5195
99230 48.4939
99240 48.4876
99250 48.5133
99260 48.5737
99270 48.6
99280 48.5676
99290 48.5182
99300 48.4813
99310 48.4334
99320 48.3714
99330 48.3123
99340 48.2774
99350 48.3047
99360 48.3697
99370 48.4107
99380 48.39
99390 48.3193
99400 48.2204
99410 48.1593
99420 48.153
99430 48.1745
99440 48.2105
99450 48.2737
99460 48.3321
99470 48.3527
99480 48.3592
99490 48.3716
99500 48.3798
99510 48.3919
99520 48.4287
99530 48.4992
99540 48.5715
99550 48.6563
99560 48.7625
99570 48.8527
99580 48.9012
99590 48.9151
99600 48.9035
99610 48.8706
99620 48.8473
99630 48.8246
99640 48.8017
99650 48.8154
99660 48.829
99670 48.781
99680 48.7401
99690 48.7652
99700 48.816
99710 48.8355
99720 48.8533
99730 48.8994
99740 48.9741
99750 49.0689
99760 49.1555
99770 49.2291
99780 49.2721
99790 49.2722
99800 49.22
99810 49.1632
99820 49.1478
99830 49.165
99840 49.2042
99850 49.2538
99860 49.2583
99870 49.2057
99880 49.1292
99890 49.0647
99900 49.0273
99910 48.9954
99920 48.9756
99930 48.9883
99940 49.0215
99950 49.0603
99960 49.106
99970 49.1155
99980 49.057
99990 48.9603
100000 48.8799
100010 48.816
100020 48.7754
100030 48.7524
100040 48.7187
100050 48.6941
100060 48.702
100070 48.7179
100080 48.7228
100090 48.7452
100100 48.801
100110 48.8583
100120 48.8516
100130 48.7612
100140 48.6464
100150 48.5626
100160 48.5204
100170 48.5011
100180 48.4756
100190 48.4194
100200 48.3498
100210 48.3392
100220 48.4069
100230 48.4891
100240 48.5715
100250 48.6595
100260 48.7413
100270 48.8204
100280 48.8439
100290 48.8018
100300 48.7421
100310 48.7101
100320 48.7121
100330 48.7174
100340 48.7264
100350 48.7652
100360 48.7888
100370 48.7853
100380 48.7821
100390 48.7934
100400 48.7843
100410 48.7347
100420 48.6869
100430 48.6884
100440 48.7269
100450 48.7408
100460 48.7165
100470 48.6844
100480 48.6548
100490 48.6378
100500 48.6599
100510 48.7454
100520 48.8828
100530 49.0462
100540 49.1976
100550 49.3118
100560 49.3878
100570 49.4149
100580 49.4052
100590 49.3801
100600 49.3702
100610 49.3864
100620 49.4212
100630 49.4755
100640 49.5376
100650 49.5826
100660 49.6038
100670 49.6221
100680 49.6334
100690 49.6169
100700 49.5777
100710 49.5491
100720 49.5514
100730 49.6014
100740 49.7244
100750 49.8814
100760 49.9772
100770 49.9811
100780 49.9504
100790 49.898
100800 49.8405
100810 49.8212
100820 49.8489
100830 49.9165
100840 50.0057
100850 50.0847
100860 50.1429
100870 50.1759
100880 50.1836
100890 50.1751
100900 50.1254
100910 50.0509
100920 49.9938
100930 49.9744
100940 49.9761
100950 49.9916
100960 50.0085
100970 50.0096
100980 50.003
100990 50.0226
101000 50.0586
101010 50.0799
101020 50.0674
101030 50.0296
101040 49.998
101050 49.9765
101060 49.9617
101070 49.9524
101080 49.9474
101090 49.9457
101100 49.9492
101110 49.9629
101120 49.9569
101130 49.8973
101140 49.8081
101150 49.7207
101160 49.6913
101170 49.7292
101180 49.7447
101190 49.7184
101200 49.7147
101210 49.7274
101220 49.76
101230 49.8407
101240 49.9447
101250 50.0278
101260 50.1039
101270 50.1896
101280 50.2778
101290 50.3664
101300 50.4317
101310 50.4736
101320 50.5077
101330 50.5241
101340 50.5056
101350 50.4617
101360 50.4181
101370 50.3865
101380 50.3625
101390 50.3409
101400 50.33
101410 50.3369
101420 50.361
101430 50.3767
101440 50.3493
101450 50.2885
101460 50.2413
101470 50.2278
101480 50.23
101490 50.2405
101500 50.2734
101510 50.3423
101520 50.4308
101530 50.5041
101540 50.5428
101550 50.538
101560 50.5144
101570 50.4816
101580 50.4353
101590 50.3874
101600 50.373
101610 50.4104
101620 50.5186
101630 50.668
101640 50.7785
101650 50.8475
101660 50.9166
101670 50.942
101680 50.8924
101690 50.844
101700 50.8693
101710 50.9315
101720 50.9701
101730 50.9917
101740 51.0189
101750 51.0469
101760 51.0755
101770 51.0932
101780 51.1011
101790 51.1106
101800 51.0849
101810 51.0401
101820 51.0102
101830 50.9812
101840 50.9462
101850 50.9322
101860 50.9468
101870 50.9518
101880 50.9246
101890 50.8751
101900 50.8385
101910 50.8446
101920 50.8658
101930 50.8557
101940 50.8413
101950 50.8741
101960 50.9452
101970 51.0572
101980 51.1803
101990 51.2588
102000 51.284
102010 51.298
102020 51.3387
102030 51.395
102040 51.4372
102050 51.4485
102060 51.4269
102070 51.4139
102080 51.4231
102090 51.424
102100 51.4155
102110 51.4054
102120 51.3942
102130 51.3705
102140 51.3671
102150 51.4018
102160 51.4579
102170 51.512
102180 51.5054
102190 51.4402
102200 51.382
102210 51.3709
102220 51.3946
102230 51.4621
102240 51.5494
102250 51.6059
102260 51.6111
102270 51.5973
102280 51.568
102290 51.5233
102300 51.4856
102310 51.5011
102320 51.5641
102330 51.6485
102340 51.7426
102350 51.8243
102360 51.8645
102370 51.886
102380 51.9049
102390 51.8998
102400 51.8575
102410 51.8073
102420 51.7692
102430 51.7633
102440 51.7945
102450 51.855
102460 51.8929
102470 51.8791
102480 51.83
102490 51.7775
102500 51.7544
102510 51.8008
102520 51.9083
102530 52.0054
102540 52.039
102550 52.0487
102560 52.0779
102570 52.1325
102580 52.2171
102590 52.3271
102600 52.4387
102610 52.5347
102620 52.5975
102630 52.593
102640 52.4927
102650 52.3477
102660 52.2484
102670 52.2155
102680 52.235
102690 52.2936
102700 52.3622
102710 52.417
102720 52.458
102730 52.4455
102740 52.36
102750 52.246
102760 52.1701
102770 52.1579
102780 52.176
102790 52.2084
102800 52.2609
102810 52.3161
102820 52.3487
102830 52.3258
102840 52.2754
102850 52.245
102860 52.2376
102870 52.2384
102880 52.2292
102890 52.2455
102900 52.301
102910 52.3508
102920 52.3336
102930 52.2944
102940 52.2879
102950 52.3112
102960 52.3342
102970 52.3449
102980 52.3521
102990 52.3521
103000 52.3217
103010 52.2817
103020 52.2517
103030 52.227
103040 52.2278
103050 52.2439
103060 52.2463
103070 52.2158
103080 52.1555
103090 52.102
103100 52.0756
103110 52.0636
103120 52.0371
103130 52.0003
103140 52.0103
103150 52.0772
103160 52.1771
103170 52.2961
103180 52.4025
103190 52.4589
103200 52.4818
103210 52.4883
103220 52.4313
103230 52.3441
103240 52.2935
103250 52.2561
103260 52.2094
103270 52.2323
103280 52.3267
103290 52.4232
103300 52.5046
103310 52.5291
103320 52.4604
103330 52.3498
103340 52.2579
103350 52.2283
103360 52.292
103370 52.4108
103380 52.5197
103390 52.5879
103400 52.6171
103410 52.5995
103420 52.5461
103430 52.4978
103440 52.4969
103450 52.5414
103460 52.5904
103470 52.6118
103480 52.6146
103490 52.6075
103500 52.5692
103510 52.5221
103520 52.5152
103530 52.5449
103540 52.6081
103550 52.7125
103560 52.8115
103570 52.8567
103580 52.8625
103590 52.8411
103600 52.764
103610 52.6681
103620 52.6288
103630 52.6389
103640 52.6329
103650 52.6181
103660 52.6601
103670 52.7363
103680 52.7923
103690 52.8069
103700 52.7651
103710 52.6623
103720 52.5354
103730 52.4161
103740 52.3102
103750 52.2217
103760 52.1805
103770 52.1885
103780 52.2156
103790 52.2556
103800 52.3157
103810 52.3434
103820 52.2731
103830 52.1361
103840 52.0405
103850 52.0396
103860 52.1123
103870 52.2285
103880 52.3564
103890 52.4546
103900 52.5139
103910 52.5268
103920 52.4838
103930 52.416
103940 52.3653
103950 52.3513
103960 52.3524
103970 52.3587
103980 52.3407
103990 52.2575
104000 52.1479
104010 52.0819
104020 52.068
104030 52.08
104040 52.0861
104050 52.0959
104060 52.125
104070 52.1436
104080 52.153
104090 52.1858
104100 52.2471
104110 52.3278
104120 52.4187
104130 52.4891
104140 52.5292
104150 52.5486
104160 52.5526
104170 52.5312
104180 52.5177
104190 52.5564
104200 52.6237
104210 52.6738
104220 52.7031
104230 52.7293
104240 52.7382
104250 52.7172
104260 52.7058
104270 52.7062
104280 52.697
104290 52.6876
104300 52.6992
104310 52.7246
104320 52.7413
104330 52.7517
104340 52.7702
104350 52.8133
104360 52.8711
104370 52.908
104380 52.923
104390 52.9517
104400 52.9641
104410 52.9401
104420 52.9172
104430 52.9325
104440 52.9607
104450 52.9776
104460 52.9975
104470 53.0351
104480 53.0861
104490 53.1628
104500 53.2221
104510 53.2281
104520 53.2219
104530 53.2246
104540 53.2127
104550 53.195
104560 53.1799
104570 53.1604
104580 53.1648
104590 53.1842
104600 53.136
104610 53.0231
104620 52.9219
104630 52.8565
104640 52.8141
104650 52.7707
104660 52.7124
104670 52.6806
104680 52.6836
104690 52.6717
104700 52.6334
104710 52.5865
104720 52.5223
104730 52.4503
104740 52.426
104750 52.4531
104760 52.4943
104770 52.5574
104780 52.6642
104790 52.7677
104800 52.8134
104810 52.8186
104820 52.8384
104830 52.8788
104840 52.8935
104850 52.9017
104860 52.9428
104870 52.9879
104880 52.9876
104890 52.9612
104900 52.939
104910 52.9042
104920 52.8568
104930 52.8095
104940 52.7325
104950 52.6684
104960 52.6668
104970 52.7015
104980 52.7202
104990 52.7071
105000 52.6415
105010 52.5257
105020 52.4251
105030 52.3623
105040 52.3162
105050 52.3259
105060 52.4051
105070 52.4745
105080 52.4829
105090 52.4709
105100 52.4414
105110 52.3786
105120 52.3179
105130 52.2779
105140 52.2222
105150 52.1781
105160 52.1782
105170 52.2115
105180 52.2402
105190 52.2783
105200 52.3526
105210 52.4369
105220 52.4941
105230 52.5223
105240 52.5529
105250 52.5991
105260 52.6408
105270 52.6478
105280 52.6269
105290 52.6215
105300 52.635
105310 52.6371
105320 52.6276
105330 52.6167
105340 52.5836
105350 52.5146
105360 52.4139
105370 52.3079
105380 52.2382
105390 52.2202
105400 52.2461
105410 52.3029
105420 52.3991
105430 52.496
105440 52.5432
105450 52.5428
105460 52.5443
105470 52.574
105480 52.6153
105490 52.6624
105500 52.7108
105510 52.7809
105520 52.8824
105530 53.0078
105540 53.1476
105550 53.2894
105560 53.394
105570 53.449
105580 53.4688
105590 53.455
105600 53.394
105610 53.3403
105620 53.3071
105630 53.2529
105640 53.2198
105650 53.2877
105660 53.4131
105670 53.5001
105680 53.5453
105690 53.5631
105700 53.5054
105710 53.3924
105720 53.2919
105730 53.2211
105740 53.1789
105750 53.1701
105760 53.182
105770 53.1807
105780 53.1622
105790 53.1529
105800 53.1474
105810 53.1293
105820 53.0982
105830 53.064
105840 53.0521
105850 53.05
105860 53.021
105870 52.966
105880 52.8953
105890 52.833
105900 52.8019
105910 52.8067
105920 52.8265
105930 52.8562
105940 52.9365
105950 53.0639
105960 53.161
105970 53.1926
105980 53.1633
105990 53.0972
106000 53.0262
106010 52.9642
106020 52.9333
106030 52.9617
106040 53.0257
106050 53.0573
106060 53.0448
106070 53.0363
106080 53.0542
106090 53.0637
106100 53.0744
106110 53.1272
106120 53.2073
106130 53.2796
106140 53.3582
106150 53.466
106160 53.5908
106170 53.7048
106180 53.7867
106190 53.8204
106200 53.7993
106210 53.7534
106220 53.7422
106230 53.7997
106240 53.874
106250 53.895
106260 53.8746
106270 53.8451
106280 53.7868
106290 53.6854
106300 53.5908
106310 53.5288
106320 53.5035
106330 53.5365
106340 53.605
106350 53.6606
106360 53.6758
106370 53.6545
106380 53.6253
106390 53.6102
106400 53.5966
106410 53.5709
106420 53.5508
106430 53.5649
106440 53.5894
106450 53.5953
106460 53.5983
106470 53.6055
106480 53.5575
106490 53.4516
106500 53.3505
106510 53.2683
106520 53.2081
106530 53.205
106540 53.2713
106550 53.3567
106560 53.4186
106570 53.4738
106580 53.5367
106590 53.5618
106600 53.5247
106610 53.4681
106620 53.4432
106630 53.4463
106640 53.4399
106650 53.4003
106660 53.3343
106670 53.2683
106680 53.2215
106690 53.1939
106700 53.1739
106710 53.1573
106720 53.1614
106730 53.1977
106740 53.2705
106750 53.3804
106760 53.5049
106770 53.5849
106780 53.6469
106790 53.7063
106800 53.708
106810 53.677
106820 53.6725
106830 53.6712
106840 53.6353
106850 53.5933
106860 53.5665
106870 53.5456
106880 53.5188
106890 53.5064
106900 53.5053
106910 53.4749
106920 53.4028
106930 53.3405
106940 53.3337
106950 53.35
106960 53.3494
106970 53.3591
106980 53.4051
106990 53.4371
107000 53.4314
107010 53.439
107020 53.494
107030 53.5471
107040 53.5847
107050 53.6443
107060 53.7147
107070 53.7758
107080 53.825
107090 53.8525
107100 53.8621
107110 53.9024
107120 53.9535
107130 53.9566
107140 53.9262
107150 53.8889
107160 53.8263
107170 53.752
107180 53.6901
107190 53.6111
107200 53.5101
107210 53.4382
107220 53.4208
107230 53.4264
107240 53.4437
107250 53.4921
107260 53.54
107270 53.5566
107280 53.5574
107290 53.5844
107300 53.6338
107310 53.6762
107320 53.7053
107330 53.7565
107340 53.8647
107350 53.9904
107360 54.0887
107370 54.1327
107380 54.1205
107390 54.0939
107400 54.0951
107410 54.1147
107420 54.1334
107430 54.1483
107440 54.1428
107450 54.1111
107460 54.0851
107470 54.067
107480 54.0335
107490 53.9813
107500 53.9339
107510 53.8868
107520 53.8487
107530 53.8582
107540 53.9036
107550 53.9155
107560 53.879
107570 53.8261
107580 53.7959
107590 53.8024
107600 53.8412
107610 53.8843
107620 53.9335
107630 53.9811
107640 54.0164
107650 54.0726
107660 54.1511
107670 54.184
107680 54.1652
107690 54.1092
107700 54.0216
107710 53.9458
107720 53.946
107730 53.9959
107740 54.0273
107750 54.0049
107760 53.9327
107770 53.8229
107780 53.7039
107790 53.6086
107800 53.5498
107810 53.4939
107820 53.4557
107830 53.4484
107840 53.4344
107850 53.4174
107860 53.4241
107870 53.4363
107880 53.4421
107890 53.4574
107900 53.423
107910 53.3152
107920 53.2356
107930 53.2194
107940 53.2254
107950 53.2486
107960 53.3008
107970 53.3659
107980 53.4515
107990 53.5572
108000 53.649
108010 53.7121
108020 53.7608
108030 53.8022
108040 53.8289
108050 53.8399
108060 53.8534
108070 53.8777
108080 53.8787
108090 53.8297
108100 53.7526
108110 53.6604
108120 53.5671
108130 53.5176
108140 53.5375
108150 53.5937
108160 53.6468
108170 53.6813
108180 53.6823
108190 53.6502
108200 53.6066
108210 53.5654
108220 53.5492
108230 53.5786
108240 53.6451
108250 53.7227
108260 53.7832
108270 53.8255
108280 53.8229
108290 53.784
108300 53.7547
108310 53.7728
108320 53.8477
108330 53.9438
108340 54.0319
108350 54.1231
108360 54.2196
108370 54.2734
108380 54.2516
108390 54.1812
108400 54.102
108410 54.0322
108420 53.9866
108430 53.9793
108440 54.0028
108450 54.0388
108460 54.0739
108470 54.0966
108480 54.0901
108490 54.0838
108500 54.1222
108510 54.1895
108520 54.2628
108530 54.3256
108540 54.3528
108550 54.3358
108560 54.2621
108570 54.1436
108580 54.0416
108590 53.9866
108600 53.9446
108610 53.891
108620 53.845
108630 53.8148
108640 53.7613
108650 53.6845
108660 53.6265
108670 53.5749
108680 53.5023
108690 53.4541
108700 53.4348
108710 53.4301
108720 53.475
108730 53.5638
108740 53.6414
108750 53.6729
108760 53.6859
108770 53.7085
108780 53.7047
108790 53.6904
108800 53.7051
108810 53.7389
108820 53.7613
108830 53.7821
108840 53.8083
108850 53.8107
108860 53.804
108870 53.8059
108880 53.8147
108890 53.8308
108900 53.8561
108910 53.8862
108920 53.8903
108930 53.8685
108940 53.852
108950 53.8386
108960 53.8122
108970 53.8066
108980 53.8192
108990 53.7872
109000 53.7133
109010 53.647
109020 53.6161
109030 53.6334
109040 53.7151
109050 53.8294
109060 53.926
109070 53.9604
109080 53.9281
109090 53.86
109100 53.7973
109110 53.7718
109120 53.8065
109130 53.9067
109140 54.0374
109150 54.1602
109160 54.2386
109170 54.2444
109180 54.1999
109190 54.1786
109200 54.2159
109210 54.2783
109220 54.3412
109230 54.4569
109240 54.6106
109250 54.7361
109260 54.8353
109270 54.9212
109280 54.9623
109290 54.9589
109300 54.9523
109310 54.968
109320 55.0236
109330 55.1425
109340 55.2984
109350 55.4171
109360 55.468
109370 55.467
109380 55.4381
109390 55.3953
109400 55.3802
109410 55.4202
109420 55.4833
109430 55.5294
109440 55.5311
109450 55.4967
109460 55.4667
109470 55.4323
109480 55.3929
109490 55.3695
109500 55.3422
109510 55.2831
109520 55.229
109530 55.2243
109540 55.2393
109550 55.2471
109560 55.2488
109570 55.256
109580 55.2742
109590 55.3108
109600 55.3474
109610 55.3514
109620 55.3275
109630 55.2959
109640 55.2762
109650 55.2735
109660 55.2329
109670 55.1675
109680 55.1554
109690 55.2057
109700 55.2629
109710 55.3196
109720 55.3765
109730 55.3792
109740 55.3441
109750 55.3169
109760 55.2737
109770 55.209
109780 55.1717
109790 55.1619
109800 55.1449
109810 55.1502
109820 55.1954
109830 55.2248
109840 55.22
109850 55.2022
109860 55.2023
109870 55.2383
109880 55.2997
109890 55.3545
109900 55.3858
109910 55.391
109920 55.3804
109930 55.3926
109940 55.4443
109950 55.5095
109960 55.5433
109970 55.5406
109980 55.5348
109990 55.5414
110000 55.5367
110010 55.5197
110020 55.5188
110030 55.5287
110040 55.5326
110050 55.5386
110060 55.5647
110070 55.5904
110080 55.6078
110090 55.6133
110100 55.6148
110110 55.6111
110120 55.6067
110130 55.626
110140 55.7127
110150 55.8325
110160 55.8996
110170 55.9075
110180 55.9189
110190 55.9336
110200 55.9409
110210 55.9698
110220 55.9938
110230 55.9746
110240 55.9582
110250 55.9986
110260 56.062
110270 56.1303
110280 56.2157
110290 56.2784
110300 56.2762
110310 56.2526
110320 56.2329
110330 56.202
110340 56.1821
110350 56.1808
110360 56.1675
110370 56.1586
110380 56.1663
110390 56.1917
110400 56.2412
110410 56.3151
110420 56.3693
110430 56.4011
110440 56.4388
110450 56.4747
110460 56.499
110470 56.5268
110480 56.532
110490 56.4829
110500 56.3866
110510 56.2768
110520 56.1729
110530 56.0837
110540 56.0287
110550 56.0017
110560 55.9649
110570 55.9001
110580 55.8557
110590 55.8861
110600 55.9473
110610 56.0032
110620 56.0615
110630 56.118
110640 56.1494
110650 56.1569
110660 56.1668
110670 56.1408
110680 56.0691
110690 56.007
110700 55.9902
110710 55.9962
110720 55.9908
110730 55.9867
110740 55.9857
110750 55.9737
110760 55.9364
110770 55.9046
110780 55.8941
110790 55.9007
110800 55.9104
110810 55.9233
110820 55.9219
110830 55.9039
110840 55.8764
110850 55.8691
110860 55.8728
110870 55.8497
110880 55.7934
110890 55.7155
110900 55.618
110910 55.5242
110920 55.4758
110930 55.4678
110940 55.4566
110950 55.4146
110960 55.3913
110970 55.4072
110980 55.436
110990 55.4541
111000 55.4646
111010 55.4741
111020 55.4529
111030 55.391
111040 55.3318
111050 55.3041
111060 55.3269
111070 55.3891
111080 55.4454
111090 55.5002
111100 55.5692
111110 55.6389
111120 55.6842
111130 55.7032
111140 55.7128
111150 55.72
111160 55.717
111170 55.6777
111180 55.5887
111190 55.4796
111200 55.4074
111210 55.4066
111220 55.4476
111230 55.5247
111240 55.6414
111250 55.7536
111260 55.8037
111270 55.7667
111280 55.6862
111290 55.6275
111300 55.6049
111310 55.6267
111320 55.7093
111330 55.8071
111340 55.8488
111350 55.8053
111360 55.7343
111370 55.675
111380 55.6216
111390 55.6131
111400 55.6756
111410 55.7842
111420 55.8905
111430 55.9515
111440 55.9478
111450 55.8991
111460 55.8334
111470 55.7889
111480 55.7642
111490 55.7609
111500 55.797
111510 55.8366
111520 55.8428
111530 55.8298
111540 55.8153
111550 55.8105
111560 55.8353
111570 55.8907
111580 55.9593
111590 56.0751
111600 56.2134
111610 56.3134
111620 56.3968
111630 56.4837
111640 56.5577
111650 56.643
111660 56.7335
111670 56.7848
111680 56.8108
111690 56.8146
111700 56.7566
111710 56.677
111720 56.6438
111730 56.6328
111740 56.6
111750 56.5751
111760 56.5755
111770 56.5816
111780 56.615
111790 56.6778
111800 56.7338
111810 56.7719
111820 56.7828
111830 56.7691
111840 56.7775
111850 56.8403
111860 56.9321
111870 57.0145
111880 57.0805
111890 57.1272
111900 57.1429
111910 57.124
111920 57.115
111930 57.1479
111940 57.1955
111950 57.2068
111960 57.1596
111970 57.0633
111980 56.9737
111990 56.9279
112000 56.9347
112010 56.9739
112020 57.0142
112030 57.0338
112040 57.0182
112050 56.9518
112060 56.8525
112070 56.7398
112080 56.6375
112090 56.5665
112100 56.5252
112110 56.5089
112120 56.4931
112130 56.463
112140 56.4172
112150 56.3716
112160 56.3332
112170 56.3112
112180 56.3316
112190 56.3757
112200 56.4071
112210 56.4052
112220 56.3807
112230 56.3395
112240 56.3183
112250 56.3799
112260 56.5164
112270 56.6459
112280 56.7379
112290 56.7956
112300 56.8217
112310 56.8287
112320 56.8545
112330 56.8805
112340 56.8938
112350 56.9508
112360 57.0656
112370 57.1579
112380 57.1994
112390 57.2359
112400 57.2556
112410 57.2599
112420 57.2891
112430 57.3416
112440 57.3842
112450 57.3996
112460 57.412
112470 57.41
112480 57.4128
112490 57.465
112500 57.5478
112510 57.6205
112520 57.6882
112530 57.7279
112540 57.7146
112550 57.6849
112560 57.6666
112570 57.6548
112580 57.6771
112590 57.7679
112600 57.8741
112610 57.9651
112620 58.038
112630 58.0819
112640 58.0901
112650 58.0837
112660 58.1
112670 58.1097
112680 58.062
112690 57.9394
112700 57.7925
112710 57.6849
112720 57.6395
112730 57.656
112740 57.7044
112750 57.7364
112760 57.7401
112770 57.7302
112780 57.7171
112790 57.6874
112800 57.6327
112810 57.5893
112820 57.5916
112830 57.6094
112840 57.6098
112850 57.6216
112860 57.6432
112870 57.6255
112880 57.5709
112890 57.5055
112900 57.4405
112910 57.3926
112920 57.3823
112930 57.4181
112940 57.4737
112950 57.4921
112960 57.4528
112970 57.3811
112980 57.2952
112990 57.2081
113000 57.1612
113010 57.1799
113020 57.2414
113030 57.3025
113040 57.342
113050 57.3508
113060 57.3266
113070 57.2755
113080 57.2277
113090 57.1854
113100 57.1512
113110 57.135
113120 57.1226
113130 57.0866
113140 57.0152
113150 56.9052
113160 56.8029
113170 56.7495
113180 56.758
113190 56.797
113200 56.8259
113210 56.8715
113220 56.9498
113230 57.0207
113240 57.0405
113250 57.0269
113260 57.0074
113270 57.0019
113280 57.0085
113290 57.0334
113300 57.0746
113310 57.0948
113320 57.0922
113330 57.0536
113340 56.9619
113350 56.8597
113360 56.7828
113370 56.7326
113380 56.7374
113390 56.8232
113400 56.9056
113410 56.9164
113420 56.892
113430 56.8291
113440 56.7209
113450 56.6363
113460 56.6118
113470 56.5996
113480 56.5745
113490 56.5598
113500 56.5509
113510 56.5317
113520 56.5203
113530 56.545
113540 56.5949
113550 56.6452
113560 56.6916
113570 56.7202
113580 56.7531
113590 56.8067
113600 56.8584
113610 56.933
113620 57.0244
113630 57.0706
113640 57.0607
113650 57.0383
113660 57.0102
113670 56.9652
113680 56.9207
113690 56.8961
113700 56.8982
113710 56.9298
113720 56.9422
113730 56.8959
113740 56.8317
113750 56.8155
113760 56.8464
113770 56.8702
113780 56.871
113790 56.8384
113800 56.7804
113810 56.7398
113820 56.7471
113830 56.8022
113840 56.8559
113850 56.8881
113860 56.9021
113870 56.8824
113880 56.8354
113890 56.8075
113900 56.8063
113910 56.8018
113920 56.8129
113930 56.8505
113940 56.8985
113950 56.9668
113960 57.0648
113970 57.1793
113980 57.2671
113990 57.3058
114000 57.2972
114010 57.2525
114020 57.1901
114030 57.1322
114040 57.0941
114050 57.073
114060 57.0542
114070 57.0345
114080 57.0077
114090 56.9681
114100 56.9265
114110 56.9186
114120 56.9393
114130 56.9517
114140 56.9899
114150 57.0936
114160 57.1956
114170 57.2528
114180 57.2868
114190 57.3173
114200 57.3393
114210 57.3426
114220 57.3437
114230 57.3435
114240 57.3518
114250 57.4071
114260 57.4962
114270 57.5696
114280 57.6426
114290 57.6991
114300 57.7307
114310 57.7706
114320 57.8033
114330 57.7749
114340 57.6967
114350 57.6147
114360 57.5465
114370 57.5284
114380 57.5517
114390 57.5636
114400 57.5621
114410 57.5605
114420 57.5361
114430 57.4966
114440 57.4858
114450 57.5061
114460 57.5459
114470 57.6133
114480 57.6848
114490 57.7301
114500 57.7666
114510 57.7974
114520 57.7728
114530 57.7381
114540 57.7747
114550 57.8754
114560 58.0024
114570 58.1081
114580 58.1479
114590 58.1329
114600 58.0665
114610 57.9726
114620 57.8834
114630 57.8436
114640 57.8545
114650 57.8762
114660 57.8745
114670 57.8382
114680 57.7977
114690 57.7967
114700 57.8326
114710 57.8861
114720 57.9591
114730 58.0203
114740 58.0287
114750 58.0008
114760 57.9588
114770 57.9114
114780 57.9074
114790 57.9927
114800 58.103
114810 58.1652
114820 58.1692
114830 58.1474
114840 58.144
114850 58.1984
114860 58.2813
114870 58.3536
114880 58.4174
114890 58.4712
114900 58.4928
114910 58.4717
114920 58.4287
114930 58.3696
114940 58.3077
114950 58.2758
114960 58.264
114970 58.2324
114980 58.2068
114990 58.1895
115000 58.1392
115010 58.0579
115020 58.0225
115030 58.0392
115040 58.0724
115050 58.1035
115060 58.1375
115070 58.1529
115080 58.1212
115090 58.0519
115100 57.9892
115110 57.9614
115120 57.9426
115130 57.9219
115140 57.9344
115150 57.9827
115160 58.0226
115170 58.0282
115180 58.0065
115190 57.9386
115200 57.8383
115210 57.785
115220 57.8011
115230 57.8654
115240 57.9575
115250 58.0237
115260 58.0395
115270 58.0011
115280 57.9317
115290 57.869
115300 57.8433
115310 57.8578
115320 57.8883
115330 57.9152
115340 57.9157
115350 57.9022
115360 57.8916
115370 57.8785
115380 57.8497
115390 57.8284
115400 57.8354
115410 57.8219
115420 57.7785
115430 57.764
115440 57.8261
115450 57.9259
115460 58.0102
115470 58.052
115480 58.022
115490 57.9347
115500 57.8311
115510 57.747
115520 57.6755
115530 57.6384
115540 57.6785
115550 57.7661
115560 57.7917
115570 57.7387
115580 57.6585
115590 57.5703
115600 57.4744
115610 57.4167
115620 57.4157
115630 57.4447
115640 57.4622
115650 57.4777
115660 57.5007
115670 57.4976
115680 57.4816
115690 57.4634
115700 57.41
115710 57.3458
115720 57.3159
115730 57.3325
115740 57.3482
115750 57.3483
115760 57.336
115770 57.2858
115780 57.2473
115790 57.2763
115800 57.351
115810 57.4457
115820 57.528
115830 57.5704
115840 57.5762
115850 57.5926
115860 57.6505
115870 57.7137
115880 57.7594
115890 57.7798
115900 57.7852
115910 57.7868
115920 57.7884
115930 57.7674
115940 57.7379
115950 57.7271
115960 57.7452
115970 57.8038
115980 57.8933
115990 57.9754
116000 58.0258
116010 58.0792
116020 58.1413
116030 58.1929
116040 58.2164
116050 58.2061
116060 58.1507
116070 58.0629
116080 57.9762
116090 57.9087
116100 57.8542
116110 57.8278
116120 57.8654
116130 57.95
116140 58.0535
116150 58.2051
116160 58.3692
116170 58.4754
116180 58.5535
116190 58.5996
116200 58.5804
116210 58.5146
116220 58.4577
116230 58.466
116240 58.559
116250 58.6759
116260 58.7485
116270 58.7677
116280 58.7379
116290 58.6724
116300 58.6241
116310 58.6077
116320 58.6105
116330 58.6205
116340 58.627
116350 58.6472
116360 58.654
116370 58.6315
116380 58.6393
116390 58.7026
116400 58.8042
116410 58.9008
116420 58.9737
116430 59.0172
116440 59.0085
116450 58.9441
116460 58.875
116470 58.8499
116480 58.8583
116490 58.8477
116500 58.8169
116510 58.7858
116520 58.7459
116530 58.6788
116540 58.6168
116550 58.5964
116560 58.619
116570 58.6495
116580 58.6766
116590 58.6807
116600 58.6514
116610 58.6153
116620 58.6056
116630 58.654
116640 58.7556
116650 58.8641
116660 58.9302
116670 58.9656
116680 58.9953
116690 59.0171
116700 59.0451
116710 59.0874
116720 59.1217
116730 59.1299
116740 59.1333
116750 59.1353
116760 59.1652
116770 59.2445
116780 59.2977
116790 59.2677
116800 59.2274
116810 59.2279
116820 59.2063
116830 59.111
116840 59.001
116850 58.9407
116860 58.939
116870 58.9639
116880 58.9799
116890 58.9908
116900 59.012
116910 59.0505
116920 59.1
116930 59.1346
116940 59.1698
116950 59.1828
116960 59.168
116970 59.1224
116980 59.0668
116990 59.0213
117000 58.99
117010 58.9419
117020 58.8773
117030 58.8168
117040 58.7736
117050 58.7659
117060 58.807
117070 58.8558
117080 58.8628
117090 58.8468
117100 58.8343
117110 58.7921
117120 58.7351
117130 58.7145
117140 58.7276
117150 58.7613
117160 58.8262
117170 58.8978
117180 58.931
117190 58.9126
117200 58.8601
117210 58.7852
117220 58.6812
117230 58.5959
117240 58.604
117250 58.7091
117260 58.8548
117270 58.9904
117280 59.0782
117290 59.1002
117300 59.0858
117310 59.0848
117320 59.1149
117330 59.164
117340 59.2273
117350 59.2898
117360 59.3077
117370 59.2827
117380 59.2517
117390 59.261
117400 59.2943
117410 59.298
117420 59.2666
117430 59.2624
117440 59.3017
117450 59.3163
117460 59.2831
117470 59.2679
117480 59.2962
117490 59.2975
117500 59.2661
117510 59.2784
117520 59.329
117530 59.3476
117540 59.3083
117550 59.2475
117560 59.1891
117570 59.152
117580 59.149
117590 59.1818
117600 59.2295
117610 59.2655
117620 59.3032
117630 59.3595
117640 59.4006
117650 59.4131
117660 59.4048
117670 59.3797
117680 59.3736
117690 59.3813
117700 59.3554
117710 59.3175
117720 59.2903
117730 59.2663
117740 59.252
117750 59.2191
117760 59.1739
117770 59.1555
117780 59.1364
117790 59.1177
117800 59.1049
117810 59.0605
117820 58.9664
117830 58.9334
117840 59.0294
117850 59.1782
117860 59.3244
117870 59.4627
117880 59.5539
117890 59.5605
117900 59.5267
117910 59.482
117920 59.4499
117930 59.4582
117940 59.4944
117950 59.534
117960 59.5737
117970 59.5861
117980 59.5483
117990 59.4755
118000 59.3898
118010 59.2993
118020 59.2047
118030 59.1337
118040 59.0753
118050 59.0005
118060 58.952
118070 58.9771
118080 59.0676
118090 59.1625
118100 59.2118
118110 59.2139
118120 59.1924
118130 59.1521
118140 59.1105
118150 59.086
118160 59.0801
118170 59.0655
118180 59.0456
118190 59.0223
118200 59.0078
118210 59.0081
118220 59.0134
118230 59.022
118240 59.0477
118250 59.0904
118260 59.126
118270 59.1579
118280 59.2051
118290 59.2529
118300 59.2652
118310 59.2437
118320 59.2045
118330 59.1657
118340 59.1441
118350 59.1342
118360 59.1263
118370 59.1122
118380 59.1007
118390 59.081
118400 59.03
118410 58.9589
118420 58.8972
118430 58.8615
118440 58.8757
118450 58.8967
118460 58.9161
118470 58.9699
118480 59.0509
118490 59.0821
118500 59.0382
118510 58.9601
118520 58.8756
118530 58.8077
118540 58.8085
118550 58.8871
118560 58.9906
118570 59.0876
118580 59.1862
118590 59.2688
118600 59.3008
118610 59.3047
118620 59.311
118630 59.3215
118640 59.339
118650 59.3581
118660 59.3446
118670 59.2827
118680 59.2035
118690 59.1616
118700 59.1595
118710 59.176
118720 59.2131
118730 59.2874
118740 59.4057
118750 59.5493
118760 59.6748
118770 59.7251
118780 59.7274
118790 59.7486
118800 59.811
118810 59.8582
118820 59.8739
118830 59.9136
118840 59.9765
118850 60.0155
118860 60.0199
118870 59.9874
118880 59.9109
118890 59.8095
118900 59.7184
118910 59.6752
118920 59.6598
118930 59.6158
118940 59.5335
118950 59.4542
118960 59.41
118970 59.4077
118980 59.4239
118990 59.4725
119000 59.5552
119010 59.6148
119020 59.6193
119030 59.5986
119040 59.589
119050 59.6029
119060 59.6206
119070 59.6441
119080 59.6834
119090 59.7177
119100 59.708
119110 59.6425
119120 59.5601
119130 59.494
119140 59.4503
119150 59.4452
119160 59.4877
119170 59.5585
119180 59.6048
119190 59.6076
119200 59.5805
119210 59.5266
119220 59.483
119230 59.4897
119240 59.5625
119250 59.6795
119260 59.7932
119270 59.8741
119280 59.9311
119290 59.9647
119300 59.9719
119310 59.9708
119320 59.9579
119330 59.9276
119340 59.8978
119350 59.9015
119360 59.9437
119370 60.0109
119380 60.092
119390 60.1467
119400 60.1308
119410 60.0974
119420 60.0735
119430 60.0464
119440 60.0401
119450 60.0687
119460 60.1026
119470 60.1224
119480 60.1367
119490 60.1794
119500 60.2429
119510 60.2522
119520 60.2003
119530 60.1587
119540 60.1548
119550 60.1443
119560 60.1478
119570 60.197
119580 60.2472
119590 60.2686
119600 60.2592
119610 60.2416
119620 60.232
119630 60.2737
119640 60.3562
119650 60.4279
119660 60.4812
119670 60.5502
119680 60.6381
119690 60.7013
119700 60.7138
119710 60.6974
119720 60.6608
119730 60.6395
119740 60.6382
119750 60.6167
119760 60.5894
119770 60.5811
119780 60.5885
119790 60.6123
119800 60.6293
119810 60.6032
119820 60.5364
119830 60.4771
119840 60.4311
119850 60.3858
119860 60.3824
119870 60.4221
119880 60.4478
119890 60.4633
119900 60.5131
119910 60.5603
119920 60.5552
119930 60.5143
119940 60.4629
119950 60.3884
119960 60.3248
119970 60.3215
119980 60.3536
119990 60.3982
120000 60.4504
120010 60.4904
120020 60.4918
120030 60.4743
120040 60.4839
120050 60.5068
120060 60.5024
120070 60.4833
120080 60.4705
120090 60.4337
120100 60.3518
120110 60.2608
120120 60.1928
120130 60.1565
120140 60.155
120150 60.1812
120160 60.2605
120170 60.3694
120180 60.4364
120190 60.4579
120200 60.4377
120210 60.3707
120220 60.2967
120230 60.2382
120240 60.1802
120250 60.1301
120260 60.1081
120270 60.119
120280 60.1348
120290 60.1042
120300 60.0283
120310 59.9524
120320 59.9117
120330 59.9217
120340 59.9541
120350 60.0139
120360 60.131
120370 60.265
120380 60.3517
120390 60.4011
120400 60.4357
120410 60.4529
120420 60.4841
120430 60.5727
120440 60.6982
120450 60.8106
120460 60.9
120470 60.931
120480 60.8937
120490 60.8376
120500 60.8032
120510 60.8144
120520 60.8666
120530 60.9373
120540 61.0168
120550 61.0662
120560 61.0858
120570 61.0923
120580 61.0645
120590 61.0107
120600 60.9332
120610 60.8566
120620 60.8197
120630 60.8448
120640 60.8986
120650 60.9674
120660 61.0388
120670 61.0866
120680 61.1238
120690 61.1552
120700 61.1536
120710 61.1234
120720 61.0938
120730 61.0748
120740 61.0089
120750 60.8787
120760 60.7612
120770 60.7073
120780 60.6887
120790 60.66
120800 60.6385
120810 60.645
120820 60.6299
120830 60.5945
120840 60.5973
120850 60.6582
120860 60.7453
120870 60.8145
120880 60.84
120890 60.8126
120900 60.7589
120910 60.7211
120920 60.7397
120930 60.8287
120940 60.9292
120950 60.9964
120960 61.0304
120970 61.0311
120980 60.9835
120990 60.9056
121000 60.8273
121010 60.7616
121020 60.7244
121030 60.698
121040 60.6786
121050 60.6551
121060 60.6101
121070 60.5508
121080 60.4933
121090 60.4417
121100 60.4123
121110 60.3969
121120 60.3939
121130 60.4015
121140 60.4027
121150 60.3765
121160 60.349
121170 60.3259
121180 60.2814
121190 60.2131
121200 60.139
121210 60.0754
121220 60.0391
121230 60.0236
121240 59.9988
121250 59.9287
121260 59.8269
121270 59.7569
121280 59.7389
121290 59.7589
121300 59.7762
121310 59.7657
121320 59.7236
121330 59.6684
121340 59.6205
121350 59.5965
121360 59.6218
121370 59.68
121380 59.7326
121390 59.7759
121400 59.8133
121410 59.8287
121420 59.7883
121430 59.7067
121440 59.6178
121450 59.5506
121460 59.544
121470 59.5917
121480 59.6557
121490 59.7331
121500 59.8299
121510 59.9214
121520 59.9975
121530 60.0598
121540 60.1
121550 60.1258
121560 60.1812
121570 60.2623
121580 60.3143
121590 60.3389
121600 60.3742
121610 60.4151
121620 60.4633
121630 60.5103
121640 60.5604
121650 60.6008
121660 60.6238
121670 60.6228
121680 60.5881
121690 60.5319
121700 60.5266
121710 60.5643
121720 60.6175
121730 60.679
121740 60.762
121750 60.8657
121760 60.973
121770 61.0568
121780 61.0923
121790 61.0788
121800 61.0675
121810 61.1066
121820 61.1989
121830 61.2909
121840 61.3306
121850 61.3134
121860 61.259
121870 61.1648
121880 61.0378
121890 60.9125
121900 60.8524
121910 60.8549
121920 60.8596
121930 60.8722
121940 60.9332
121950 61.0045
121960 61.0592
121970 61.1037
121980 61.1195
121990 61.1083
122000 61.134
122010 61.2
122020 61.2526
122030 61.3206
122040 61.3932
122050 61.4057
122060 61.3738
122070 61.3527
122080 61.3579
122090 61.3927
122100 61.4515
122110 61.4716
122120 61.4367
122130 61.4005
122140 61.3703
122150 61.2974
122160 61.2175
122170 61.2105
122180 61.2434
122190 61.2258
122200 61.1847
122210 61.1714
122220 61.1685
122230 61.1743
122240 61.1864
122250 61.19
122260 61.1878
122270 61.2044
122280 61.2495
122290 61.3096
122300 61.3529
122310 61.3403
122320 61.2652
122330 61.1801
122340 61.1401
122350 61.1612
122360 61.2046
122370 61.2666
122380 61.3549
122390 61.4328
122400 61.4383
122410 61.409
122420 61.4064
122430 61.4078
122440 61.3993
122450 61.3786
122460 61.3642
122470 61.3523
122480 61.2974
122490 61.1918
122500 61.0917
122510 61.0328
122520 60.9915
122530 60.9615
122540 60.9599
122550 60.9609
122560 60.9732
122570 61.0198
122580 61.0781
122590 61.108
122600 61.1089
122610 61.0974
122620 61.041
122630 60.9501
122640 60.8868
122650 60.8646
122660 60.8571
122670 60.8969
122680 60.9897
122690 61.0586
122700 61.0642
122710 61.0395
122720 61.0572
122730 61.1212
122740 61.1697
122750 61.2063
122760 61.2488
122770 61.2766
122780 61.2859
122790 61.2585
122800 61.1849
122810 61.1227
122820 61.0811
122830 61.0401
122840 61.027
122850 61.0331
122860 61.0141
122870 60.9563
122880 60.8986
122890 60.8514
122900 60.7773
122910 60.6842
122920 60.6327
122930 60.6197
122940 60.6234
122950 60.6568
122960 60.723
122970 60.8071
122980 60.9009
122990 60.98
123000 61.05
123010 61.1105
123020 61.1668
123030 61.2288
123040 61.29
123050 61.3604
123060 61.4428
123070 61.5078
123080 61.5639
123090 61.6537
123100 61.7464
123110 61.7803
123120 61.7519
123130 61.691
123140 61.6493
123150 61.6575
123160 61.6979
123170 61.7328
123180 61.7468
123190 61.738
123200 61.6713
123210 61.5492
123220 61.4538
123230 61.4621
123240 61.5162
123250 61.5376
123260 61.5282
123270 61.5067
123280 61.5133
123290 61.5556
123300 61.5826
123310 61.5838
123320 61.5927
123330 61.6282
123340 61.6338
123350 61.5678
123360 61.4622
123370 61.3777
123380 61.3463
123390 61.3463
123400 61.3381
123410 61.3456
123420 61.394
123430 61.4577
123440 61.5234
123450 61.5703
123460 61.5745
123470 61.5527
123480 61.5266
123490 61.4781
123500 61.4371
123510 61.4523
123520 61.5268
123530 61.5979
123540 61.6437
123550 61.6553
123560 61.6361
123570 61.5935
123580 61.5615
123590 61.56
123600 61.5746
123610 61.6076
123620 61.6429
123630 61.6762
123640 61.7353
123650 61.7973
123660 61.8325
123670 61.8408
123680 61.8507
123690 61.8926
123700 61.9626
123710 62.0286
123720 62.0824
123730 62.1279
123740 62.1634
123750 62.1812
123760 62.1846
123770 62.1798
123780 62.164
123790 62.1597
123800 62.1631
123810 62.1352
123820 62.069
123830 61.997
123840 61.9759
123850 62.0027
123860 62.0364
123870 62.0395
123880 62.0128
123890 61.9783
123900 61.9334
123910 61.8908
123920 61.8768
123930 61.9076
123940 61.9743
123950 62.0602
123960 62.1364
123970 62.1904
123980 62.2345
123990 62.282
124000 62.336
124010 62.3684
124020 62.3521
124030 62.3335
124040 62.36
124050 62.3985
124060 62.439
124070 62.5074
124080 62.6139
124090 62.695
124100 62.7133
124110 62.6918
124120 62.6751
124130 62.6919
124140 62.737
124150 62.802
124160 62.8386
124170 62.8302
124180 62.8056
124190 62.781
124200 62.7835
124210 62.7984
124220 62.7925
124230 62.7616
124240 62.73
124250 62.7428
124260 62.7768
124270 62.7788
124280 62.754
124290 62.7315
124300 62.7265
124310 62.7279
124320 62.7525
124330 62.8043
124340 62.8559
124350 62.8833
124360 62.899
124370 62.9424
124380 63.0119
124390 63.0724
124400 63.0861
124410 63.0472
124420 62.9759
124430 62.8994
124440 62.844
124450 62.8189
124460 62.8403
124470 62.8875
124480 62.8857
124490 62.8108
124500 62.7289
124510 62.6975
124520 62.7374
124530 62.8382
124540 62.9687
124550 63.0741
124560 63.1019
124570 63.043
124580 62.9623
124590 62.8961
124600 62.8615
124610 62.8817
124620 62.941
124630 62.9919
124640 63.0106
124650 62.9966
124660 62.9725
124670 62.9922
124680 63.061
124690 63.1303
124700 63.1945
124710 63.278
124720 63.3587
124730 63.4412
124740 63.5335
124750 63.5914
124760 63.6033
124770 63.6051
124780 63.5962
124790 63.5309
124800 63.4097
124810 63.304
124820 63.2482
124830 63.2409
124840 63.2847
124850 63.3254
124860 63.3321
124870 63.3289
124880 63.3158
124890 63.283
124900 63.237
124910 63.1867
124920 63.1682
124930 63.2337
124940 63.3666
124950 63.4986
124960 63.6125
124970 63.6879
124980 63.7015
124990 63.7005
125000 63.7021
125010 63.6937
125020 63.6925
125030 63.7326
125040 63.8356
125050 63.9501
125060 63.9991
125070 63.9828
125080 63.9656
125090 63.9843
125100 64.0146
125110 64.0188
125120 63.9965
125130 63.9836
125140 63.9666
125150 63.954
125160 63.9746
125170 63.9986
125180 63.9932
125190 64.0156
125200 64.0861
125210 64.1143
125220 64.0819
125230 64.0401
125240 64.0239
125250 64.0052
125260 63.9831
125270 63.9589
125280 63.9054
125290 63.8311
125300 63.7581
125310 63.7042
125320 63.6913
125330 63.7081
125340 63.716
125350 63.7136
125360 63.72
125370 63.7285
125380 63.7258
125390 63.7208
125400 63.6944
125410 63.6496
125420 63.6648
125430 63.7681
125440 63.8888
125450 63.9967
125460 64.1172
125470 64.1842
125480 64.1503
125490 64.0958
125500 64.0857
125510 64.0654
125520 64.0706
125530 64.1307
125540 64.152
125550 64.1151
125560 64.0933
125570 64.0895
125580 64.0712
125590 64.0429
125600 63.9941
125610 63.9334
125620 63.9189
125630 63.97
125640 64.0344
125650 64.0926
125660 64.1494
125670 64.16
125680 64.106
125690 64.053
125700 64.0516
125710 64.093
125720 64.1409
125730 64.1707
125740 64.1747
125750 64.129
125760 64.0233
125770 63.9007
125780 63.8067
125790 63.7563
125800 63.7253
125810 63.7206
125820 63.7524
125830 63.7836
125840 63.7922
125850 63.7779
125860 63.7533
125870 63.7352
125880 63.7487
125890 63.8257
125900 63.9402
125910 64.0229
125920 64.0573
125930 64.058
125940 64.0242
125950 63.9778
125960 63.9781
125970 64.0212
125980 64.0493
125990 64.0568
126000 64.0795
126010 64.0836
126020 64.0606
126030 64.0264
126040 63.9897
126050 63.9932
126060 64.0385
126070 64.0861
126080 64.1214
126090 64.1541
126100 64.1917
126110 64.2286
126120 64.2656
126130 64.3044
126140 64.3373
126150 64.3792
126160 64.4263
126170 64.4801
126180 64.5366
126190 64.5582
126200 64.5255
126210 64.5066
126220 64.5229
126230 64.5585
126240 64.6023
126250 64.6593
126260 64.7142
126270 64.7465
126280 64.7489
126290 64.7647
126300 64.8041
126310 64.8197
126320 64.7771
126330 64.6797
126340 64.5557
126350 64.4579
126360 64.4181
126370 64.4074
126380 64.4065
126390 64.4248
126400 64.4394
126410 64.4323
126420 64.4166
126430 64.3825
126440 64.3361
126450 64.28
126460 64.2147
126470 64.1549
126480 64.141
126490 64.1554
126500 64.1525
126510 64.1767
126520 64.2751
126530 64.3924
126540 64.4693
126550 64.504
126560 64.5238
126570 64.5464
126580 64.5754
126590 64.6035
126600 64.646
126610 64.6971
126620 64.7248
126630 64.6927
126640 64.6494
126650 64.6482
126660 64.6361
126670 64.5735
126680 64.5145
126690 64.4936
126700 64.4805
126710 64.4632
126720 64.4849
126730 64.5607
126740 64.6223
126750 64.6195
126760 64.5626
126770 64.4498
126780 64.3361
126790 64.2665
126800 64.2265
126810 64.1956
126820 64.2003
126830 64.2799
126840 64.3897
126850 64.5315
126860 64.7127
126870 64.8605
126880 64.9181
126890 64.9358
126900 64.9478
126910 64.9096
126920 64.8355
126930 64.7755
126940 64.7753
126950 64.852
126960 64.9484
126970 64.9939
126980 64.9904
126990 64.9664
127000 64.9233
127010 64.8762
127020 64.8493
127030 64.865
127040 64.9424
127050 65.0782
127060 65.1909
127070 65.2177
127080 65.1931
127090 65.1449
127100 65.0789
127110 65.0637
127120 65.1435
127130 65.2784
127140 65.4215
127150 65.5412
127160 65.6017
127170 65.5916
127180 65.5367
127190 65.4609
127200 65.4058
127210 65.3896
127220 65.374
127230 65.3545
127240 65.3324
127250 65.2826
127260 65.2172
127270 65.14
127280 65.0647
127290 65.0251
127300 65.0292
127310 65.0361
127320 65.032
127330 65.0367
127340 65.0455
127350 65.036
127360 65.0259
127370 65.07
127380 65.1562
127390 65.2394
127400 65.3113
127410 65.3784
127420 65.4224
127430 65.4384
127440 65.4851
127450 65.5902
127460 65.7165
127470 65.8184
127480 65.8552
127490 65.8434
127500 65.8147
127510 65.7536
127520 65.7031
127530 65.7267
127540 65.8254
127550 65.9499
127560 66.0709
127570 66.1728
127580 66.2568
127590 66.3323
127600 66.3799
127610 66.3821
127620 66.3631
127630 66.3754
127640 66.4344
127650 66.5041
127660 66.5439
127670 66.5616
127680 66.5495
127690 66.492
127700 66.4496
127710 66.4682
127720 66.5061
127730 66.5254
127740 66.5125
127750 66.481
127760 66.4101
127770 66.2896
127780 66.203
127790 66.1971
127800 66.2453
127810 66.3159
127820 66.3792
127830 66.4194
127840 66.4265
127850 66.3786
127860 66.3051
127870 66.2342
127880 66.1733
127890 66.1215
127900 66.0681
127910 66.0234
127920 65.9688
127930 65.8944
127940 65.8118
127950 65.726
127960 65.6648
127970 65.6529
127980 65.6365
127990 65.603
128000 65.6207
128010 65.6746
128020 65.7299
128030 65.8069
128040 65.9143
128050 66.0258
128060 66.1339
128070 66.2075
128080 66.2319
128090 66.245
128100 66.2727
128110 66.3254
128120 66.4032
128130 66.4981
128140 66.5835
128150 66.6626
128160 66.7385
128170 66.769
128180 66.7273
128190 66.6666
128200 66.6321
128210 66.6138
128220 66.5732
128230 66.538
128240 66.5605
128250 66.6409
128260 66.7202
128270 66.7666
128280 66.795
128290 66.8196
128300 66.8282
128310 66.8365
128320 66.8519
128330 66.8154
128340 66.7463
128350 66.7519
128360 66.8628
128370 66.9997
128380 67.113
128390 67.2242
128400 67.3146
128410 67.3302
128420 67.2779
128430 67.2024
128440 67.1
128450 66.9656
128460 66.8351
128470 66.7612
128480 66.7681
128490 66.8238
128500 66.8323
128510 66.7796
128520 66.7133
128530 66.6268
128540 66.5515
128550 66.5405
128560 66.5662
128570 66.626
128580 66.734
128590 66.8222
128600 66.8431
128610 66.8416
128620 66.8321
128630 66.8021
128640 66.7652
128650 66.7286
128660 66.6837
128670 66.6312
128680 66.5813
128690 66.5416
128700 66.5018
128710 66.446
128720 66.394
128730 66.3595
128740 66.3383
128750 66.2918
128760 66.2104
128770 66.1239
128780 66.0488
128790 65.9964
128800 66.0036
128810 66.0779
128820 66.1601
128830 66.195
128840 66.1995
128850 66.2215
128860 66.2351
128870 66.1949
128880 66.1507
128890 66.137
128900 66.1271
128910 66.1416
128920 66.173
128930 66.1823
128940 66.1532
128950 66.118
128960 66.0712
128970 65.9743
128980 65.8627
128990 65.7922
129000 65.7547
129010 65.725
129020 65.7186
129030 65.7219
129040 65.6927
129050 65.654
129060 65.6182
129070 65.5884
129080 65.6063
129090 65.6636
129100 65.6879
129110 65.6604
129120 65.6276
129130 65.6345
129140 65.6477
129150 65.6621
129160 65.6928
129170 65.6927
129180 65.6246
129190 65.5336
129200 65.4683
129210 65.4625
129220 65.5013
129230 65.5453
129240 65.5656
129250 65.5519
129260 65.5123
129270 65.4787
129280 65.4683
129290 65.4386
129300 65.3715
129310 65.3051
129320 65.2806
129330 65.2887
129340 65.2691
129350 65.1705
129360 65.0229
129370 64.8701
129380 64.7503
129390 64.6874
129400 64.6822
129410 64.7235
129420 64.759
129430 64.7389
129440 64.6853
129450 64.6369
129460 64.6159
129470 64.637
129480 64.7017
129490 64.7615
129500 64.7699
129510 64.7513
129520 64.7403
129530 64.7232
129540 64.7032
129550 64.7269
129560 64.8397
129570 64.9728
129580 65.0628
129590 65.1421
129600 65.2009
129610 65.1941
129620 65.1681
129630 65.1816
129640 65.1901
129650 65.1831
129660 65.1944
129670 65.2068
129680 65.1958
129690 65.1772
129700 65.1696
129710 65.178
129720 65.2226
129730 65.3141
129740 65.3899
129750 65.3956
129760 65.3573
129770 65.3137
129780 65.2683
129790 65.2103
129800 65.1291
129810 65.0529
129820 65.0188
129830 65.041
129840 65.1202
129850 65.2101
129860 65.2306
129870 65.1503
129880 65.0207
129890 64.8966
129900 64.8021
129910 64.7516
129920 64.7436
129930 64.7629
129940 64.7882
129950 64.768
129960 64.6876
129970 64.5785
129980 64.4773
129990 64.3971
130000 64.3638
130010 64.4138
130020 64.527
130030 64.6323
130040 64.7087
130050 64.7346
130060 64.6855
130070 64.5918
130080 64.4972
130090 64.4297
130100 64.4282
130110 64.4843
130120 64.5426
130130 64.5865
130140 64.5827
130150 64.5051
130160 64.3827
130170 64.2801
130180 64.2313
130190 64.2107
130200 64.2257
130210 64.2954
130220 64.3743
130230 64.4279
130240 64.4521
130250 64.4397
130260 64.4057
130270 64.3445
130280 64.2743
130290 64.2393
130300 64.2421
130310 64.2512
130320 64.2865
130330 64.3684
130340 64.4517
130350 64.5245
130360 64.576
130370 64.5599
130380 64.4818
130390 64.3938
130400 64.3464
130410 64.3411
130420 64.359
130430 64.4189
130440 64.511
130450 64.5902
130460 64.6517
130470 64.6974
130480 64.7288
130490 64.7351
130500 64.701
130510 64.6466
130520 64.6205
130530 64.634
130540 64.652
130550 64.6616
130560 64.7114
130570 64.8016
130580 64.8936
130590 64.9808
130600 65.0585
130610 65.0917
130620 65.0599
130630 65.0008
130640 64.9454
130650 64.8826
130660 64.8193
130670 64.7938
130680 64.8406
130690 64.9456
130700 65.0565
130710 65.164
130720 65.2685
130730 65.3304
130740 65.3449
130750 65.3451
130760 65.3513
130770 65.3826
130780 65.4314
130790 65.468
130800 65.4931
130810 65.5188
130820 65.5506
130830 65.5784
130840 65.5634
130850 65.5143
130860 65.4794
130870 65.4609
130880 65.4447
130890 65.4322
130900 65.4136
130910 65.3902
130920 65.3607
130930 65.3407
130940 65.318
130950 65.2548
130960 65.1626
130970 65.0829
130980 65.0238
130990 64.9669
131000 64.905
131010 64.8087
131020 64.6933
131030 64.5883
131040 64.5034
131050 64.4313
131060 64.373
131070 64.3467
131080 64.3372
131090 64.3342
131100 64.325
131110 64.3067
131120 64.3047
131130 64.3119
131140 64.3111
131150 64.2738
131160 64.2145
131170 64.1524
131180 64.1063
131190 64.0866
131200 64.0991
131210 64.1268
131220 64.1304
131230 64.1114
131240 64.0986
131250 64.0959
131260 64.0728
131270 64.0557
131280 64.0973
131290 64.1652
131300 64.2131
131310 64.2642
131320 64.3349
131330 64.3687
131340 64.317
131350 64.2067
131360 64.114
131370 64.0916
131380 64.1233
131390 64.1585
131400 64.1648
131410 64.1457
131420 64.1176
131430 64.1282
131440 64.2055
131450 64.3393
131460 64.4859
131470 64.6129
131480 64.7179
131490 64.7991
131500 64.8482
131510 64.8594
131520 64.8325
131530 64.836
131540 64.9093
131550 65.0205
131560 65.1692
131570 65.3418
131580 65.4581
131590 65.5016
131600 65.5285
131610 65.5128
131620 65.4238
131630 65.3411
131640 65.3099
131650 65.2759
131660 65.2257
131670 65.2037
131680 65.2375
131690 65.3216
131700 65.4007
131710 65.4198
131720 65.4039
131730 65.3942
131740 65.4245
131750 65.4943
131760 65.5771
131770 65.6421
131780 65.6616
131790 65.6305
131800 65.5786
131810 65.5104
131820 65.4435
131830 65.4096
131840 65.3599
131850 65.2962
131860 65.2762
131870 65.2926
131880 65.2904
131890 65.2461
131900 65.2007
131910 65.1934
131920 65.2317
131930 65.3396
131940 65.4563
131950 65.5226
131960 65.5631
131970 65.5726
131980 65.5017
131990 65.3866
132000 65.3349
132010 65.379
132020 65.4743
132030 65.5476
132040 65.5764
132050 65.5713
132060 65.5233
132070 65.4628
132080 65.4423
132090 65.4541
132100 65.4473
132110 65.4155
132120 65.4134
132130 65.4837
132140 65.6008
132150 65.7281
132160 65.8242
132170 65.8498
132180 65.821
132190 65.7995
132200 65.8181
132210 65.8903
132220 65.9818
132230 66.0478
132240 66.091
132250 66.1224
132260 66.157
132270 66.2079
132280 66.2757
132290 66.3614
132300 66.4376
132310 66.461
132320 66.4442
132330 66.4068
132340 66.3683
132350 66.3372
132360 66.3383
132370 66.385
132380 66.4502
132390 66.5069
132400 66.5428
132410 66.5666
132420 66.5697
132430 66.5266
132440 66.4541
132450 66.4129
132460 66.4112
132470 66.4297
132480 66.4236
132490 66.3925
132500 66.3696
132510 66.3926
132520 66.4638
132530 66.55
132540 66.6233
132550 66.6992
132560 66.8172
132570 66.9474
132580 67.0124
132590 67.0386
132600 67.0835
132610 67.1415
132620 67.1871
132630 67.1985
132640 67.1466
132650 67.0524
132660 66.9842
132670 66.9378
132680 66.8875
132690 66.8293
132700 66.7772
132710 66.7343
132720 66.6857
132730 66.6361
132740 66.6162
132750 66.6406
132760 66.6743
132770 66.6915
132780 66.6635
132790 66.6029
132800 66.5442
132810 66.5319
132820 66.5423
132830 66.54
132840 66.5561
132850 66.6219
132860 66.7213
132870 66.8113
132880 66.8841
132890 66.9478
132900 66.9793
132910 66.9725
132920 66.937
132930 66.9123
132940 66.8856
132950 66.8604
132960 66.8646
132970 66.8951
132980 66.9261
132990 66.9396
133000 66.9186
133010 66.8627
133020 66.7969
133030 66.7175
133040 66.6385
133050 66.6168
133060 66.652
133070 66.6867
133080 66.7146
133090 66.7457
133100 66.7258
133110 66.6368
133120 66.5174
133130 66.416
133140 66.3538
133150 66.3309
133160 66.3369
133170 66.3788
133180 66.4622
133190 66.5746
133200 66.6631
133210 66.6921
133220 66.7006
133230 66.711
133240 66.7076
133250 66.6882
133260 66.6724
133270 66.6598
133280 66.6658
133290 66.7299
133300 66.8365
133310 66.9332
133320 66.9931
133330 67.0246
133340 67.0207
133350 66.9831
133360 66.9564
133370 66.9594
133380 66.9657
133390 66.9649
133400 66.9527
133410 66.9466
133420 66.9835
133430 67.0636
133440 67.1604
133450 67.2351
133460 67.2644
133470 67.2548
133480 67.2278
133490 67.1942
133500 67.1924
133510 67.2061
133520 67.179
133530 67.0948
133540 66.9853
133550 66.8861
133560 66.8091
133570 66.7535
133580 66.7359
133590 66.7682
133600 66.8456
133610 66.9193
133620 66.9202
133630 66.8493
133640 66.7553
133650 66.6622
133660 66.597
133670 66.5892
133680 66.6431
133690 66.734
133700 66.8259
133710 66.9056
133720 66.9509
133730 66.9271
133740 66.8528
133750 66.807
133760 66.8242
133770 66.8604
133780 66.8865
133790 66.9066
133800 66.9189
133810 66.9191
133820 66.9142
133830 66.9097
133840 66.8685
133850 66.77
133860 66.6507
133870 66.547
133880 66.4792
133890 66.4625
133900 66.4447
133910 66.4005
133920 66.359
133930 66.3618
133940 66.4024
133950 66.4706
133960 66.5612
133970 66.6689
133980 66.782
133990 66.8992
134000 67.0044
134010 67.0729
134020 67.1118
134030 67.135
134040 67.1175
134050 67.0981
134060 67.1398
134070 67.2454
134080 67.3737
134090 67.4907
134100 67.5207
134110 67.438
134120 67.3378
134130 67.2462
134140 67.1375
134150 67.0593
134160 67.0687
134170 67.1022
134180 67.0836
134190 67.0404
134200 67.0115
134210 66.9528
134220 66.8606
134230 66.8189
134240 66.8661
134250 66.9036
134260 66.877
134270 66.8431
134280 66.8737
134290 66.9283
134300 66.9959
134310 67.0848
134320 67.164
134330 67.1983
134340 67.2215
134350 67.2285
134360 67.1862
134370 67.0846
134380 66.9944
134390 66.9638
134400 66.9777
134410 67.0235
134420 67.0959
134430 67.1499
134440 67.1534
134450 67.1288
134460 67.0726
134470 67.0029
134480 66.9841
134490 67.0111
134500 67.0278
134510 67.0121
134520 66.9761
134530 66.904
134540 66.7886
134550 66.6808
134560 66.6308
134570 66.6579
134580 66.7738
134590 66.9291
134600 67.0396
134610 67.0914
134620 67.1002
134630 67.0947
134640 67.0537
134650 66.9903
134660 66.961
134670 66.9759
134680 67.0393
134690 67.1386
134700 67.2258
134710 67.2678
134720 67.2752
134730 67.2766
134740 67.2858
134750 67.3085
134760 67.3304
134770 67.3308
134780 67.3113
134790 67.2455
134800 67.1344
134810 67.0421
134820 67.0024
134830 66.9869
134840 66.9618
134850 66.9281
134860 66.8836
134870 66.7993
134880 66.7258
134890 66.6999
134900 66.6964
134910 66.685
134920 66.6605
134930 66.6534
134940 66.6848
134950 66.7534
134960 66.8356
134970 66.8633
134980 66.7921
134990 66.6637
135000 66.5612
135010 66.5102
135020 66.4931
135030 66.509
135040 66.5844
135050 66.6919
135060 66.7574
135070 66.7711
135080 66.7895
135090 66.8012
135100 66.7526
135110 66.684
135120 66.6251
135130 66.5771
135140 66.5613
135150 66.5943
135160 66.633
135170 66.637
135180 66.6271
135190 66.6274
135200 66.6496
135210 66.7054
135220 66.7935
135230 66.8714
135240 66.905
135250 66.8923
135260 66.8727
135270 66.8962
135280 66.9233
135290 66.9452
135300 66.991
135310 67.0437
135320 67.0919
135330 67.1322
135340 67.1599
135350 67.1892
135360 67.1869
135370 67.1424
135380 67.071
135390 67.0081
135400 66.9402
135410 66.8462
135420 66.7466
135430 66.6733
135440 66.6134
135450 66.5756
135460 66.5606
135470 66.5589
135480 66.5898
135490 66.6439
135500 66.6941
135510 66.7035
135520 66.6681
135530 66.6359
135540 66.6359
135550 66.6591
135560 66.685
135570 66.6912
135580 66.6879
135590 66.7023
135600 66.7439
135610 66.7741
135620 66.7627
135630 66.7474
135640 66.7632
135650 66.7806
135660 66.7747
135670 66.7784
135680 66.7777
135690 66.7297
135700 66.6754
135710 66.6705
135720 66.6866
135730 66.706
135740 66.7063
135750 66.6554
135760 66.5449
135770 66.3966
135780 66.2397
135790 66.1073
135800 66.0242
135810 66.0062
135820 66.0476
135830 66.1125
135840 66.1721
135850 66.235
135860 66.3012
135870 66.384
135880 66.4644
135890 66.4942
135900 66.5255
135910 66.6354
135920 66.8229
135930 67.0332
135940 67.21
135950 67.3108
135960 67.3444
135970 67.3701
135980 67.4039
135990 67.4097
136000 67.3962
136010 67.3665
136020 67.3225
136030 67.3121
136040 67.3267
136050 67.3191
136060 67.262
136070 67.17
136080 67.0742
136090 67.0198
136100 66.9979
136110 66.992
136120 67.0208
136130 67.066
136140 67.0764
136150 66.9999
136160 66.8611
136170 66.7099
136180 66.5919
136190 66.5398
136200 66.5649
136210 66.6175
136220 66.6373
136230 66.6394
136240 66.6351
136250 66.6279
136260 66.645
136270 66.7042
136280 66.7925
136290 66.8697
136300 66.921
136310 66.9663
136320 67.0012
136330 67.0137
136340 66.9915
136350 66.9633
136360 66.9525
136370 66.9192
136380 66.8744
136390 66.8415
136400 66.8054
136410 66.7694
136420 66.751
136430 66.73
136440 66.6975
136450 66.6539
136460 66.6148
136470 66.5968
136480 66.6406
136490 66.719
136500 66.767
136510 66.7969
136520 66.8489
136530 66.8924
136540 66.9047
136550 66.8858
136560 66.8121
136570 66.681
136580 66.6055
136590 66.6559
136600 66.7599
136610 66.8536
136620 66.9379
136630 67.0058
136640 67.0397
136650 67.0318
136660 66.9912
136670 66.9404
136680 66.9144
136690 66.9393
136700 66.9825
136710 67.0165
136720 67.0389
136730 67.027
136740 66.9672
136750 66.9156
136760 66.9051
136770 66.9215
136780 66.9531
136790 67.0081
136800 67.0646
136810 67.1037
136820 67.1178
136830 67.1182
136840 67.1319
136850 67.1756
136860 67.2153
136870 67.1911
136880 67.1577
136890 67.1756
136900 67.2052
136910 67.2467
136920 67.3262
136930 67.4246
136940 67.5036
136950 67.5318
136960 67.5083
136970 67.4846
136980 67.4819
136990 67.5048
137000 67.555
137010 67.6367
137020 67.7313
137030 67.7689
137040 67.7349
137050 67.6747
137060 67.6228
137070 67.5889
137080 67.5983
137090 67.6494
137100 67.7217
137110 67.7869
137120 67.8242
137130 67.8294
137140 67.8088
137150 67.7797
137160 67.7615
137170 67.7467
137180 67.7307
137190 67.7343
137200 67.7939
137210 67.8855
137220 67.9337
137230 67.9128
137240 67.8925
137250 67.9216
137260 67.9726
137270 68.0273
137280 68.0574
137290 68.0545
137300 68.0286
137310 67.9823
137320 67.9354
137330 67.9136
137340 67.8974
137350 67.9021
137360 67.9735
137370 68.095
137380 68.2141
137390 68.2714
137400 68.2733
137410 68.2623
137420 68.2754
137430 68.2833
137440 68.2917
137450 68.3597
137460 68.4566
137470 68.5223
137480 68.5554
137490 68.55
137500 68.5127
137510 68.4707
137520 68.4247
137530 68.3596
137540 68.2769
137550 68.1959
137560 68.1361
137570 68.1419
137580 68.2275
137590 68.3396
137600 68.4209
137610 68.4709
137620 68.5132
137630 68.5435
137640 68.5896
137650 68.6661
137660 68.7226
137670 68.7275
137680 68.7351
137690 68.809
137700 68.9009
137710 68.9461
137720 68.9771
137730 69.0037
137740 69.0042
137750 68.9848
137760 68.9457
137770 68.9221
137780 68.9667
137790 69.0527
137800 69.1499
137810 69.2643
137820 69.3669
137830 69.3858
137840 69.3221
137850 69.2515
137860 69.2146
137870 69.2044
137880 69.1994
137890 69.2015
137900 69.2326
137910 69.3058
137920 69.4084
137930 69.5119
137940 69.6203
137950 69.7354
137960 69.8186
137970 69.8396
137980 69.8225
137990 69.8073
138000 69.7962
138010 69.7809
138020 69.8029
138030 69.8937
138040 70.0134
138050 70.0825
138060 70.091
138070 70.0697
138080 70.0155
138090 69.9416
138100 69.8432
138110 69.7635
138120 69.7482
138130 69.7892
138140 69.8358
138150 69.8774
138160 69.942
138170 69.9894
138180 69.9951
138190 70.0234
138200 70.113
138210 70.2258
138220 70.3094
138230 70.3629
138240 70.3854
138250 70.355
138260 70.3099
138270 70.3148
138280 70.3359
138290 70.3431
138300 70.3451
138310 70.3239
138320 70.2914
138330 70.3177
138340 70.397
138350 70.4559
138360 70.4862
138370 70.5166
138380 70.5334
138390 70.535
138400 70.5206
138410 70.4743
138420 70.4248
138430 70.4041
138440 70.372
138450 70.2969
138460 70.2097
138470 70.1121
138480 70.0029
138490 69.8855
138500 69.7887
138510 69.7577
138520 69.7855
138530 69.8386
138540 69.9031
138550 69.9689
138560 70.0391
138570 70.0971
138580 70.0978
138590 70.0777
138600 70.0787
138610 70.0734
138620 70.0311
138630 69.9784
138640 69.9313
138650 69.8777
138660 69.8351
138670 69.7904
138680 69.7271
138690 69.6848
138700 69.6572
138710 69.6062
138720 69.5461
138730 69.4843
138740 69.4562
138750 69.5089
138760 69.6039
138770 69.6798
138780 69.7102
138790 69.6958
138800 69.6427
138810 69.5871
138820 69.5351
138830 69.4544
138840 69.319
138850 69.1982
138860 69.1485
138870 69.1594
138880 69.1995
138890 69.2251
138900 69.2158
138910 69.1926
138920 69.1382
138930 69.0485
138940 68.9639
138950 68.8969
138960 68.8408
138970 68.7961
138980 68.7365
138990 68.6749
139000 68.6118
139010 68.5413
139020 68.5054
139030 68.5015
139040 68.4873
139050 68.4657
139060 68.4711
139070 68.4697
139080 68.4219
139090 68.3715
139100 68.3665
139110 68.3907
139120 68.4299
139130 68.4827
139140 68.5263
139150 68.5425
139160 68.5654
139170 68.6331
139180 68.7489
139190 68.8853
139200 68.9994
139210 69.0758
139220 69.109
139230 69.1106
139240 69.1313
139250 69.1634
139260 69.179
139270 69.2157
139280 69.2805
139290 69.3169
139300 69.3072
139310 69.2549
139320 69.2034
139330 69.1889
139340 69.2205
139350 69.262
139360 69.2769
139370 69.3052
139380 69.3632
139390 69.4158
139400 69.4181
139410 69.3848
139420 69.3378
139430 69.2667
139440 69.2002
139450 69.1849
139460 69.2141
139470 69.2654
139480 69.3485
139490 69.4421
139500 69.5188
139510 69.5748
139520 69.6082
139530 69.5767
139540 69.521
139550 69.5211
139560 69.5529
139570 69.5847
139580 69.6357
139590 69.7177
139600 69.7827
139610 69.8158
139620 69.8361
139630 69.8424
139640 69.8309
139650 69.7967
139660 69.7596
139670 69.8007
139680 69.9453
139690 70.1367
139700 70.3317
139710 70.4784
139720 70.5248
139730 70.4467
139740 70.2855
139750 70.1059
139760 69.9526
139770 69.8275
139780 69.7684
139790 69.8068
139800 69.8894
139810 69.9184
139820 69.8653
139830 69.7452
139840 69.5901
139850 69.449
139860 69.3566
139870 69.3456
139880 69.4204
139890 69.5266
139900 69.5792
139910 69.5726
139920 69.5405
139930 69.4782
139940 69.4223
139950 69.4168
139960 69.4526
139970 69.5125
139980 69.6179
139990 69.7886
140000 69.9611
140010 70.082
140020 70.174
140030 70.2433
140040 70.2625
140050 70.2718
140060 70.3194
140070 70.4096
140080 70.5456
140090 70.718
140100 70.8467
140110 70.8946
140120 70.9299
140130 71.0285
140140 71.1832
140150 71.3701
140160 71.547
140170 71.6742
140180 71.7419
140190 71.7676
140200 71.7759
140210 71.7748
140220 71.751
140230 71.7138
140240 71.7174
140250 71.7604
140260 71.7884
140270 71.7704
140280 71.6984
140290 71.5897
140300 71.5122
140310 71.5192
140320 71.5823
140330 71.6345
140340 71.6507
140350 71.6275
140360 71.5899
140370 71.5686
140380 71.5732
140390 71.5892
140400 71.6037
140410 71.6305
140420 71.6742
140430 71.7188
140440 71.7392
140450 71.7213
140460 71.6813
140470 71.6621
140480 71.6487
140490 71.6331
140500 71.6665
140510 71.7227
140520 71.7448
140530 71.7646
140540 71.8358
140550 71.9186
140560 71.949
140570 71.9285
140580 71.8644
140590 71.7725
140600 71.6892
140610 71.6172
140620 71.5618
140630 71.5358
140640 71.536
140650 71.5277
140660 71.4985
140670 71.4766
140680 71.4701
140690 71.4709
140700 71.4695
140710 71.4492
140720 71.4472
140730 71.5106
140740 71.5871
140750 71.5886
140760 71.5101
140770 71.4166
140780 71.349
140790 71.2835
140800 71.2151
140810 71.1885
140820 71.2211
140830 71.2818
140840 71.3258
140850 71.3197
140860 71.278
140870 71.2553
140880 71.2691
140890 71.2465
140900 71.1684
140910 71.1324
140920 71.1764
140930 71.2666
140940 71.3855
140950 71.4785
140960 71.484
140970 71.4459
140980 71.4492
140990 71.4698
141000 71.4451
141010 71.3886
141020 71.3449
141030 71.2935
141040 71.2119
141050 71.1412
141060 71.1317
141070 71.1601
141080 71.1689
141090 71.153
141100 71.1328
141110 71.0884
141120 71.0314
141130 71.0183
141140 71.0523
141150 71.0927
141160 71.1192
141170 71.1735
141180 71.2483
141190 71.2994
141200 71.3097
141210 71.2911
141220 71.2884
141230 71.2966
141240 71.2871
141250 71.2505
141260 71.2009
141270 71.1397
141280 71.0924
141290 71.1001
141300 71.1438
141310 71.1801
141320 71.204
141330 71.2128
141340 71.1932
141350 71.1538
141360 71.0769
141370 71.0026
141380 70.9741
141390 70.9719
141400 70.9824
141410 71.0003
141420 70.9915
141430 70.9721
141440 70.9868
141450 71.0185
141460 71.0616
141470 71.101
141480 71.1127
141490 71.0995
141500 71.1039
141510 71.1403
141520 71.2044
141530 71.2647
141540 71.289
141550 71.3272
141560 71.4187
141570 71.4969
141580 71.534
141590 71.5725
141600 71.6392
141610 71.7029
141620 71.7082
141630 71.6406
141640 71.5464
141650 71.4897
141660 71.4643
141670 71.462
141680 71.521
141690 71.5879
141700 71.5773
141710 71.4647
141720 71.2948
141730 71.1264
141740 71.0097
141750 70.9555
141760 70.9787
141770 71.0742
141780 71.1742
141790 71.2593
141800 71.3474
141810 71.448
141820 71.5314
141830 71.5707
141840 71.5596
141850 71.5073
141860 71.4537
141870 71.4053
141880 71.376
141890 71.398
141900 71.4915
141910 71.6193
141920 71.7275
141930 71.7743
141940 71.7541
141950 71.6634
141960 71.529
141970 71.4114
141980 71.3563
141990 71.3471
142000 71.3558
142010 71.3691
142020 71.3667
142030 71.3407
142040 71.3197
142050 71.3329
142060 71.3925
142070 71.4871
142080 71.5702
142090 71.6137
142100 71.639
142110 71.6654
142120 71.6629
142130 71.6401
142140 71.6229
142150 71.6165
142160 71.5956
142170 71.5695
142180 71.5601
142190 71.5481
142200 71.5327
142210 71.5363
142220 71.5722
142230 71.6232
142240 71.6661
142250 71.6868
142260 71.7016
142270 71.7281
142280 71.7593
142290 71.7728
142300 71.7839
142310 71.8211
142320 71.8913
142330 71.9599
142340 72.0191
142350 72.094
142360 72.1279
142370 72.0903
142380 72.0455
142390 72.0047
142400 71.9306
142410 71.8281
142420 71.7436
142430 71.6908
142440 71.6817
142450 71.7191
142460 71.7719
142470 71.7991
142480 71.7776
142490 71.7529
142500 71.7516
142510 71.7492
142520 71.7232
142530 71.701
142540 71.7104
142550 71.7382
142560 71.7631
142570 71.7652
142580 71.7433
142590 71.7091
142600 71.6725
142610 71.6353
142620 71.5918
142630 71.5566
142640 71.5635
142650 71.5884
142660 71.6021
142670 71.6092
142680 71.6189
142690 71.6231
142700 71.5945
142710 71.5678
142720 71.5661
142730 71.5404
142740 71.4896
142750 71.4391
142760 71.3737
142770 71.3528
142780 71.4065
142790 71.4996
142800 71.6244
142810 71.7691
142820 71.9093
142830 72.0168
142840 72.1032
142850 72.1831
142860 72.2563
142870 72.3291
142880 72.3826
142890 72.4188
142900 72.4409
142910 72.4493
142920 72.4855
142930 72.5287
142940 72.5078
142950 72.4384
142960 72.3837
142970 72.3198
142980 72.214
142990 72.1121
143000 72.0599
143010 72.0262
143020 72
143030 71.9836
143040 71.9587
143050 71.937
143060 71.9336
143070 71.944
143080 71.9574
143090 71.9718
143100 72.0022
143110 72.0353
143120 72.047
143130 72.0534
143140 72.0623
143150 72.0819
143160 72.1223
143170 72.187
143180 72.2862
143190 72.3959
143200 72.4954
143210 72.5455
143220 72.54
143230 72.5014
143240 72.4772
143250 72.4869
143260 72.5226
143270 72.5525
143280 72.5998
143290 72.674
143300 72.7552
143310 72.8225
143320 72.8429
143330 72.798
143340 72.7121
143350 72.6064
143360 72.5139
143370 72.4801
143380 72.48
143390 72.4928
143400 72.5118
143410 72.5032
143420 72.456
143430 72.4117
143440 72.3539
143450 72.2667
143460 72.2403
143470 72.3061
143480 72.4067
