# Time-averaged data for fix msdk
# TimeStep c_mk[4]
0 7.389e-30
10 0.00183787
20 0.00716846
30 0.0154554
40 0.0260366
50 0.0385158
60 0.0526842
70 0.0682523
80 0.084908
90 0.10243
100 0.120644
110 0.139329
120 0.158325
130 0.177531
140 0.196721
150 0.215598
160 0.233987
170 0.252034
180 0.270119
190 0.288288
200 0.306175
210 0.323518
220 0.340282
230 0.356237
240 0.370847
250 0.383779
260 0.395136
270 0.405359
280 0.415097
290 0.424592
300 0.433817
310 0.443143
320 0.453196
330 0.464345
340 0.47685
350 0.490829
360 0.505848
370 0.521155
380 0.536147
390 0.550814
400 0.565241
410 0.579067
420 0.59223
430 0.60534
440 0.618907
450 0.633034
460 0.647796
470 0.663522
480 0.680101
490 0.696919
500 0.713494
510 0.729462
520 0.744444
530 0.758728
540 0.77334
550 0.788908
560 0.80534
570 0.822519
580 0.840662
590 0.859228
600 0.876597
610 0.891647
620 0.904726
630 0.916682
640 0.927839
650 0.938736
660 0.950734
670 0.964829
680 0.981031
690 0.999252
700 1.01925
710 1.03968
720 1.05879
730 1.07614
740 1.09249
750 1.10848
760 1.12462
770 1.14114
780 1.15824
790 1.17589
800 1.1934
810 1.20999
820 1.22525
830 1.23914
840 1.2519
850 1.2632
860 1.272
870 1.27805
880 1.28231
890 1.28567
900 1.28862
910 1.29159
920 1.29497
930 1.29841
940 1.30085
950 1.30192
960 1.30212
970 1.30171
980 1.30041
990 1.29793
1000 1.29479
1010 1.29123
1020 1.28704
1030 1.2828
1040 1.27999
1050 1.28012
1060 1.28431
1070 1.29276
1080 1.3049
1090 1.31937
1100 1.33423
1110 1.34811
1120 1.36061
1130 1.37159
1140 1.38101
1150 1.38943
1160 1.39688
1170 1.4026
1180 1.40659
1190 1.40949
1200 1.41152
1210 1.41286
1220 1.41428
1230 1.41621
1240 1.41848
1250 1.42102
1260 1.4239
1270 1.42729
1280 1.43153
1290 1.43662
1300 1.44179
1310 1.44647
1320 1.45063
1330 1.45493
1340 1.46076
1350 1.46906
1360 1.4798
1370 1.49226
1380 1.5057
1390 1.51965
1400 1.53363
1410 1.5477
1420 1.56257
1430 1.57824
1440 1.59418
1450 1.61048
1460 1.62768
1470 1.64608
1480 1.66562
1490 1.68623
1500 1.70748
1510 1.72847
1520 1.74849
1530 1.76765
1540 1.78646
1550 1.80519
1560 1.82414
1570 1.84377
1580 1.86405
1590 1.88372
1600 1.9015
1610 1.91676
1620 1.9295
1630 1.94017
1640 1.9493
1650 1.95734
1660 1.96424
1670 1.96948
1680 1.97288
1690 1.97478
1700 1.97527
1710 1.97431
1720 1.97261
1730 1.97125
1740 1.971
1750 1.97245
1760 1.97608
1770 1.98174
1780 1.98889
1790 1.9975
1800 2.00797
1810 2.01999
1820 2.03254
1830 2.04424
1840 2.05408
1850 2.06225
1860 2.06859
1870 2.07194
1880 2.07212
1890 2.07017
1900 2.06689
1910 2.06224
1920 2.05669
1930 2.05111
1940 2.04559
1950 2.03966
1960 2.03403
1970 2.03037
1980 2.0292
1990 2.02982
2000 2.03188
2010 2.03567
2020 2.0415
2030 2.04883
2040 2.05626
2050 2.0625
2060 2.06787
2070 2.07381
2080 2.08094
2090 2.0888
2100 2.09692
2110 2.10449
2120 2.10983
2130 2.11108
2140 2.10886
2150 2.10577
2160 2.1036
2170 2.10253
2180 2.10222
2190 2.10232
2200 2.10278
2210 2.10381
2220 2.10526
2230 2.10699
2240 2.10886
2250 2.11032
2260 2.11164
2270 2.11465
2280 2.12096
2290 2.13053
2300 2.14205
2310 2.15417
2320 2.16616
2330 2.1778
2340 2.18879
2350 2.19905
2360 2.20887
2370 2.21824
2380 2.22697
2390 2.23528
2400 2.24354
2410 2.25218
2420 2.26216
2430 2.27456
2440 2.28892
2450 2.30324
2460 2.31679
2470 2.33054
2480 2.34508
2490 2.35984
2500 2.37456
2510 2.38965
2520 2.40562
2530 2.42319
2540 2.44296
2550 2.46383
2560 2.48406
2570 2.50336
2580 2.52277
2590 2.54225
2600 2.56013
2610 2.575
2620 2.58643
2630 2.59413
2640 2.59821
2650 2.6
2660 2.60092
2670 2.6009
2680 2.59971
2690 2.59791
2700 2.59679
2710 2.59745
2720 2.60013
2730 2.60461
2740 2.60989
2750 2.61449
2760 2.61651
2770 2.61494
2780 2.61055
2790 2.60459
2800 2.59746
2810 2.58897
2820 2.58046
2830 2.57423
2840 2.57132
2850 2.57099
2860 2.57214
2870 2.57393
2880 2.57602
2890 2.5784
2900 2.58044
2910 2.58098
2920 2.57971
2930 2.57759
2940 2.57519
2950 2.57174
2960 2.56679
2970 2.56118
2980 2.55498
2990 2.54707
3000 2.53781
3010 2.52983
3020 2.52605
3030 2.52807
3040 2.53607
3050 2.54837
3060 2.5625
3070 2.57745
3080 2.59358
3090 2.6105
3100 2.62652
3110 2.63998
3120 2.65065
3130 2.65977
3140 2.66878
3150 2.67895
3160 2.69131
3170 2.70514
3180 2.71919
3190 2.73347
3200 2.7484
3210 2.76375
3220 2.77844
3230 2.79256
3240 2.80655
3250 2.81955
3260 2.83073
3270 2.83958
3280 2.84541
3290 2.84836
3300 2.84954
3310 2.84944
3320 2.84729
3330 2.84314
3340 2.83801
3350 2.83271
3360 2.82793
3370 2.82496
3380 2.82541
3390 2.82964
3400 2.83526
3410 2.83927
3420 2.84027
3430 2.83857
3440 2.83491
3450 2.8294
3460 2.82183
3470 2.81345
3480 2.80619
3490 2.80044
3500 2.79678
3510 2.79732
3520 2.80361
3530 2.81477
3540 2.82782
3550 2.83972
3560 2.84923
3570 2.85722
3580 2.86549
3590 2.8753
3600 2.88768
3610 2.90383
3620 2.92343
3630 2.94436
3640 2.96455
3650 2.98377
3660 3.00339
3670 3.02453
3680 3.04645
3690 3.06728
3700 3.08632
3710 3.10359
3720 3.11833
3730 3.13051
3740 3.14241
3750 3.15625
3760 3.17217
3770 3.18931
3780 3.20723
3790 3.22553
3800 3.24346
3810 3.26046
3820 3.27655
3830 3.29156
3840 3.30396
3850 3.3114
3860 3.31346
3870 3.31238
3880 3.31028
3890 3.30864
3900 3.30956
3910 3.31489
3920 3.325
3930 3.33939
3940 3.35797
3950 3.38081
3960 3.40748
3970 3.43643
3980 3.46586
3990 3.49476
4000 3.52273
4010 3.54977
4020 3.57637
4030 3.60368
4040 3.63228
4050 3.66088
4060 3.68846
4070 3.71546
4080 3.74151
4090 3.76543
4100 3.78777
4110 3.80959
4120 3.82973
4130 3.84687
4140 3.86291
4150 3.88049
4160 3.89994
4170 3.91999
4180 3.9396
4190 3.95836
4200 3.97565
4210 3.99058
4220 4.00277
4230 4.01293
4240 4.02163
4250 4.02988
4260 4.03976
4270 4.05199
4280 4.06516
4290 4.07827
4300 4.09282
4310 4.10992
4320 4.12848
4330 4.14725
4340 4.16633
4350 4.18684
4360 4.20977
4370 4.23495
4380 4.26095
4390 4.28637
4400 4.31098
4410 4.33466
4420 4.3565
4430 4.37708
4440 4.39762
4450 4.41732
4460 4.43472
4470 4.44943
4480 4.46133
4490 4.46979
4500 4.47375
4510 4.47286
4520 4.46768
4530 4.45923
4540 4.44854
4550 4.43595
4560 4.42159
4570 4.40676
4580 4.39363
4590 4.38335
4600 4.37608
4610 4.3721
4620 4.37286
4630 4.37919
4640 4.38997
4650 4.40443
4660 4.42238
4670 4.4425
4680 4.46192
4690 4.47824
4700 4.491
4710 4.50015
4720 4.50666
4730 4.5135
4740 4.52313
4750 4.53455
4760 4.54592
4770 4.55791
4780 4.57113
4790 4.58431
4800 4.59586
4810 4.60551
4820 4.61338
4830 4.61832
4840 4.61922
4850 4.61683
4860 4.61337
4870 4.61099
4880 4.61056
4890 4.61128
4900 4.61193
4910 4.61356
4920 4.6174
4930 4.62198
4940 4.62575
4950 4.6295
4960 4.63451
4970 4.64024
4980 4.64468
4990 4.64736
5000 4.64957
5010 4.65302
5020 4.65866
5030 4.66696
5040 4.67875
5050 4.69477
5060 4.7142
5070 4.73517
5080 4.75613
5090 4.77651
5100 4.79571
5110 4.81212
5120 4.82376
5130 4.82953
5140 4.8296
5150 4.82532
5160 4.81882
5170 4.81247
5180 4.80947
5190 4.81224
5200 4.81991
5210 4.83141
5220 4.84737
5230 4.86858
5240 4.89391
5250 4.92187
5260 4.95221
5270 4.98327
5280 5.01226
5290 5.03922
5300 5.0657
5310 5.09076
5320 5.11187
5330 5.12901
5340 5.1441
5350 5.15866
5360 5.17372
5370 5.19
5380 5.20757
5390 5.2256
5400 5.24343
5410 5.26146
5420 5.27962
5430 5.29583
5440 5.30921
5450 5.32151
5460 5.33474
5470 5.34993
5480 5.36832
5490 5.38976
5500 5.41191
5510 5.43229
5520 5.44884
5530 5.46025
5540 5.46754
5550 5.47265
5560 5.47539
5570 5.47457
5580 5.4705
5590 5.46395
5600 5.45453
5610 5.44218
5620 5.42929
5630 5.41966
5640 5.41575
5650 5.41669
5660 5.41924
5670 5.42047
5680 5.42009
5690 5.41971
5700 5.4206
5710 5.42364
5720 5.42953
5730 5.43872
5740 5.45027
5750 5.46186
5760 5.47137
5770 5.4785
5780 5.48378
5790 5.48691
5800 5.48768
5810 5.48705
5820 5.48633
5830 5.48622
5840 5.48769
5850 5.49206
5860 5.49969
5870 5.50896
5880 5.51793
5890 5.52415
5900 5.52535
5910 5.52228
5920 5.51752
5930 5.51331
5940 5.51188
5950 5.51505
5960 5.52296
5970 5.53516
5980 5.55203
5990 5.57332
6000 5.59796
6010 5.62478
6020 5.65233
6030 5.67852
6040 5.70133
6050 5.71898
6060 5.73065
6070 5.73817
6080 5.7443
6090 5.74944
6100 5.7534
6110 5.75955
6120 5.77214
6130 5.79152
6140 5.81501
6150 5.8407
6160 5.86719
6170 5.89196
6180 5.91264
6190 5.92972
6200 5.94479
6210 5.95741
6220 5.96663
6230 5.97328
6240 5.98011
6250 5.98856
6260 5.99644
6270 6.0006
6280 6.0002
6290 5.99755
6300 5.99557
6310 5.99615
6320 6.00074
6330 6.01034
6340 6.02577
6350 6.04739
6360 6.07343
6370 6.10048
6380 6.12551
6390 6.1476
6400 6.1668
6410 6.18194
6420 6.19237
6430 6.20065
6440 6.21
6450 6.22135
6460 6.23489
6470 6.25146
6480 6.27053
6490 6.28888
6500 6.30366
6510 6.31463
6520 6.3229
6530 6.3306
6540 6.34065
6550 6.35463
6560 6.37196
6570 6.39166
6580 6.41271
6590 6.43357
6600 6.45393
6610 6.47438
6620 6.49512
6630 6.51605
6640 6.53726
6650 6.55756
6660 6.57497
6670 6.58858
6680 6.59918
6690 6.60888
6700 6.61984
6710 6.63352
6720 6.64934
6730 6.66561
6740 6.68199
6750 6.69995
6760 6.72093
6770 6.74492
6780 6.77017
6790 6.79454
6800 6.81664
6810 6.8365
6820 6.85565
6830 6.87354
6840 6.88757
6850 6.8975
6860 6.90597
6870 6.91569
6880 6.92884
6890 6.9482
6900 6.97477
6910 7.0057
6920 7.03713
6930 7.06716
6940 7.09299
6950 7.11043
6960 7.11901
6970 7.1231
6980 7.12639
6990 7.12963
7000 7.13353
7010 7.13926
7020 7.14683
7030 7.1555
7040 7.16552
7050 7.17815
7060 7.19352
7070 7.21123
7080 7.23092
7090 7.24989
7100 7.26485
7110 7.2743
7120 7.28001
7130 7.28576
7140 7.29337
7150 7.30235
7160 7.31328
7170 7.32781
7180 7.3472
7190 7.36946
7200 7.38903
7210 7.40254
7220 7.41121
7230 7.4181
7240 7.42501
7250 7.43097
7260 7.43398
7270 7.43322
7280 7.42845
7290 7.41996
7300 7.40905
7310 7.39782
7320 7.38874
7330 7.3835
7340 7.38259
7350 7.38686
7360 7.39734
7370 7.41323
7380 7.43141
7390 7.44847
7400 7.46287
7410 7.47553
7420 7.48755
7430 7.49764
7440 7.50471
7450 7.51049
7460 7.51778
7470 7.52773
7480 7.54103
7490 7.55852
7500 7.57883
7510 7.59989
7520 7.62141
7530 7.64389
7540 7.66671
7550 7.68782
7560 7.70554
7570 7.71938
7580 7.7285
7590 7.73263
7600 7.73284
7610 7.73033
7620 7.72582
7630 7.71916
7640 7.71076
7650 7.70197
7660 7.69377
7670 7.68668
7680 7.68259
7690 7.68439
7700 7.69257
7710 7.70583
7720 7.72396
7730 7.7472
7740 7.77299
7750 7.7971
7760 7.81726
7770 7.83366
7780 7.8465
7790 7.85588
7800 7.86334
7810 7.87098
7820 7.87913
7830 7.88694
7840 7.89415
7850 7.90096
7860 7.90807
7870 7.91646
7880 7.92611
7890 7.93575
7900 7.9448
7910 7.9542
7920 7.96471
7930 7.97633
7940 7.98937
7950 8.0049
7960 8.02282
7970 8.04128
7980 8.05904
7990 8.07624
8000 8.09352
8010 8.11004
8020 8.12536
8030 8.14108
8040 8.15878
8050 8.17853
8060 8.19905
8070 8.21968
8080 8.23968
8090 8.25723
8100 8.27166
8110 8.28402
8120 8.2944
8130 8.30118
8140 8.30325
8150 8.30155
8160 8.29876
8170 8.29706
8180 8.29623
8190 8.29528
8200 8.29531
8210 8.29851
8220 8.30607
8230 8.31603
8240 8.32546
8250 8.3348
8260 8.34772
8270 8.3662
8280 8.38796
8290 8.40851
8300 8.42419
8310 8.4341
8320 8.43879
8330 8.43907
8340 8.43675
8350 8.43347
8360 8.42998
8370 8.42636
8380 8.4226
8390 8.41895
8400 8.41677
8410 8.41959
8420 8.42949
8430 8.44512
8440 8.46541
8450 8.49073
8460 8.52002
8470 8.55093
8480 8.58322
8490 8.61759
8500 8.65363
8510 8.68969
8520 8.72346
8530 8.75375
8540 8.78163
8550 8.80845
8560 8.83254
8570 8.85179
8580 8.86832
8590 8.88626
8600 8.90605
8610 8.92726
8620 8.95151
8630 8.97887
8640 9.00605
8650 9.02926
8660 9.04701
8670 9.05961
8680 9.06776
8690 9.0719
8700 9.07256
8710 9.06959
8720 9.06171
8730 9.04953
8740 9.0346
8750 9.01791
8760 9.00088
8770 8.98547
8780 8.97206
8790 8.95995
8800 8.94931
8810 8.94055
8820 8.93309
8830 8.92573
8840 8.91686
8850 8.90649
8860 8.8972
8870 8.89104
8880 8.88743
8890 8.88682
8900 8.89101
8910 8.90046
8920 8.91489
8930 8.93495
8940 8.96183
8950 8.99608
8960 9.0368
8970 9.08189
8980 9.12799
8990 9.17283
9000 9.21461
9010 9.25197
9020 9.28495
9030 9.31421
9040 9.34022
9050 9.36221
9060 9.37954
9070 9.39297
9080 9.40261
9090 9.40799
9100 9.41035
9110 9.41112
9120 9.4106
9130 9.40937
9140 9.40872
9150 9.41158
9160 9.41936
9170 9.43044
9180 9.44281
9190 9.45618
9200 9.47135
9210 9.48781
9220 9.50309
9230 9.51498
9240 9.52388
9250 9.53123
9260 9.53703
9270 9.54039
9280 9.5409
9290 9.53787
9300 9.52971
9310 9.51631
9320 9.5009
9330 9.48748
9340 9.47756
9350 9.47097
9360 9.46782
9370 9.46817
9380 9.47171
9390 9.47778
9400 9.48521
9410 9.49197
9420 9.49735
9430 9.50265
9440 9.50883
9450 9.51539
9460 9.52185
9470 9.52879
9480 9.53613
9490 9.54303
9500 9.54839
9510 9.5514
9520 9.55222
9530 9.55233
9540 9.55276
9550 9.55253
9560 9.55101
9570 9.54988
9580 9.55069
9590 9.55314
9600 9.55777
9610 9.56533
9620 9.57561
9630 9.58836
9640 9.60291
9650 9.61777
9660 9.63115
9670 9.64156
9680 9.64904
9690 9.65558
9700 9.66257
9710 9.67065
9720 9.68012
9730 9.69095
9740 9.70298
9750 9.71566
9760 9.72789
9770 9.74008
9780 9.75417
9790 9.77151
9800 9.79112
9810 9.81124
9820 9.83076
9830 9.8494
9840 9.86653
9850 9.88083
9860 9.8919
9870 9.9014
9880 9.91072
9890 9.9195
9900 9.92679
9910 9.93204
9920 9.93396
9930 9.93131
9940 9.92416
9950 9.91197
9960 9.89378
9970 9.87123
9980 9.84927
9990 9.83175
10000 9.81879
10010 9.81056
10020 9.80768
10030 9.8095
10040 9.81506
10050 9.82374
10060 9.83443
10070 9.84577
10080 9.85692
10090 9.86725
10100 9.876
10110 9.88317
10120 9.89025
10130 9.89894
10140 9.91008
10150 9.92432
10160 9.94058
10170 9.9562
10180 9.96977
10190 9.98171
10200 9.99335
10210 10.0061
10220 10.0211
10230 10.0395
10240 10.0606
10250 10.0819
10260 10.1013
10270 10.1159
10280 10.1236
10290 10.1248
10300 10.1214
10310 10.1155
10320 10.1103
10330 10.1076
10340 10.1083
10350 10.114
10360 10.1248
10370 10.1379
10380 10.151
10390 10.163
10400 10.1721
10410 10.1752
10420 10.173
10430 10.1695
10440 10.1675
10450 10.1672
10460 10.1696
10470 10.1761
10480 10.1867
10490 10.2009
10500 10.2177
10510 10.2332
10520 10.2442
10530 10.2519
10540 10.2595
10550 10.2685
10560 10.2773
10570 10.2846
10580 10.2909
10590 10.2948
10600 10.2947
10610 10.2913
10620 10.2858
10630 10.2779
10640 10.268
10650 10.2593
10660 10.2539
10670 10.2494
10680 10.2431
10690 10.2363
10700 10.2318
10710 10.231
10720 10.2339
10730 10.2421
10740 10.2568
10750 10.2745
10760 10.291
10770 10.3043
10780 10.3146
10790 10.322
10800 10.3272
10810 10.3318
10820 10.3382
10830 10.348
10840 10.3602
10850 10.3725
10860 10.3846
10870 10.3977
10880 10.4137
10890 10.4342
10900 10.458
10910 10.4837
10920 10.5117
10930 10.5432
10940 10.5783
10950 10.6153
10960 10.6505
10970 10.6805
10980 10.7056
10990 10.728
11000 10.7504
11010 10.7733
11020 10.7963
11030 10.8164
11040 10.8311
11050 10.8425
11060 10.8542
11070 10.8671
11080 10.879
11090 10.8883
11100 10.8954
11110 10.9
11120 10.9022
11130 10.9045
11140 10.9084
11150 10.9126
11160 10.9173
11170 10.9254
11180 10.9379
11190 10.9521
11200 10.9656
11210 10.9772
11220 10.9866
11230 10.9931
11240 10.998
11250 11.0037
11260 11.0107
11270 11.0186
11280 11.027
11290 11.0364
11300 11.0462
11310 11.0556
11320 11.0666
11330 11.0817
11340 11.1014
11350 11.1254
11360 11.1543
11370 11.1895
11380 11.2288
11390 11.2672
11400 11.3001
11410 11.326
11420 11.3468
11430 11.3629
11440 11.3725
11450 11.3756
11460 11.3752
11470 11.3743
11480 11.3732
11490 11.3704
11500 11.3632
11510 11.3519
11520 11.3393
11530 11.3286
11540 11.3208
11550 11.3137
11560 11.3036
11570 11.2889
11580 11.271
11590 11.2511
11600 11.2286
11610 11.2026
11620 11.1749
11630 11.1503
11640 11.1326
11650 11.1201
11660 11.1086
11670 11.0952
11680 11.0789
11690 11.0595
11700 11.0384
11710 11.0187
11720 11.0032
11730 10.9923
11740 10.9836
11750 10.9739
11760 10.9629
11770 10.9521
11780 10.9413
11790 10.9313
11800 10.9258
11810 10.9267
11820 10.9314
11830 10.9363
11840 10.9407
11850 10.9452
11860 10.9522
11870 10.9646
11880 10.9821
11890 11.0018
11900 11.0221
11910 11.0425
11920 11.0616
11930 11.0783
11940 11.0927
11950 11.1043
11960 11.1139
11970 11.1231
11980 11.1345
11990 11.1494
12000 11.1669
12010 11.1853
12020 11.2045
12030 11.225
12040 11.2457
12050 11.2645
12060 11.2809
12070 11.2958
12080 11.3098
12090 11.3239
12100 11.3386
12110 11.3521
12120 11.363
12130 11.3744
12140 11.3908
12150 11.4135
12160 11.4416
12170 11.4747
12180 11.5114
12190 11.549
12200 11.5846
12210 11.6165
12220 11.6432
12230 11.6648
12240 11.6815
12250 11.6917
12260 11.6936
12270 11.6886
12280 11.681
12290 11.6747
12300 11.6713
12310 11.6715
12320 11.6759
12330 11.6829
12340 11.6895
12350 11.6939
12360 11.6955
12370 11.6947
12380 11.6941
12390 11.6968
12400 11.7034
12410 11.7115
12420 11.7195
12430 11.7259
12440 11.7289
12450 11.7282
12460 11.7237
12470 11.7137
12480 11.6969
12490 11.6754
12500 11.6505
12510 11.6202
12520 11.5835
12530 11.5434
12540 11.504
12550 11.4692
12560 11.4424
12570 11.4259
12580 11.4171
12590 11.4114
12600 11.406
12610 11.4013
12620 11.3978
12630 11.398
12640 11.4053
12650 11.4198
12660 11.4375
12670 11.4545
12680 11.4706
12690 11.4856
12700 11.4978
12710 11.5054
12720 11.5095
12730 11.5129
12740 11.5152
12750 11.5149
12760 11.515
12770 11.5186
12780 11.5251
12790 11.532
12800 11.5408
12810 11.5536
12820 11.5697
12830 11.5858
12840 11.6001
12850 11.6126
12860 11.6237
12870 11.6336
12880 11.6423
12890 11.6483
12900 11.6502
12910 11.648
12920 11.6411
12930 11.6273
12940 11.6045
12950 11.5726
12960 11.5353
12970 11.4975
12980 11.4607
12990 11.4257
13000 11.3971
13010 11.3803
13020 11.3751
13030 11.3759
13040 11.379
13050 11.3844
13060 11.3907
13070 11.3964
13080 11.4019
13090 11.4057
13100 11.4042
13110 11.3979
13120 11.3898
13130 11.3812
13140 11.3716
13150 11.362
13160 11.3543
13170 11.3507
13180 11.3529
13190 11.3615
13200 11.375
13210 11.3927
13220 11.4152
13230 11.4411
13240 11.4686
13250 11.4983
13260 11.5307
13270 11.5636
13280 11.5949
13290 11.6244
13300 11.6526
13310 11.6799
13320 11.706
13330 11.7317
13340 11.7583
13350 11.7862
13360 11.814
13370 11.8399
13380 11.8627
13390 11.8826
13400 11.9001
13410 11.9157
13420 11.9291
13430 11.9393
13440 11.9461
13450 11.9501
13460 11.9518
13470 11.9526
13480 11.9554
13490 11.9633
13500 11.9771
13510 11.9948
13520 12.0135
13530 12.0309
13540 12.0458
13550 12.0573
13560 12.0645
13570 12.0647
13580 12.0546
13590 12.0355
13600 12.0139
13610 11.9945
13620 11.9776
13630 11.9627
13640 11.9513
13650 11.9458
13660 11.9469
13670 11.9533
13680 11.9652
13690 11.9826
13700 12.0031
13710 12.0241
13720 12.0441
13730 12.0621
13740 12.0772
13750 12.0893
13760 12.099
13770 12.1064
13780 12.1107
13790 12.1112
13800 12.1084
13810 12.1032
13820 12.0953
13830 12.0841
13840 12.0709
13850 12.0579
13860 12.0451
13870 12.0322
13880 12.0202
13890 12.0118
13900 12.0095
13910 12.0121
13920 12.0163
13930 12.0195
13940 12.022
13950 12.0258
13960 12.0321
13970 12.0381
13980 12.041
13990 12.0422
14000 12.0438
14010 12.0437
14020 12.0403
14030 12.0349
14040 12.0283
14050 12.0196
14060 12.0095
14070 12.0015
14080 11.9974
14090 11.9949
14100 11.9916
14110 11.9888
14120 11.9905
14130 11.9981
14140 12.0095
14150 12.0223
14160 12.0331
14170 12.037
14180 12.0295
14190 12.0117
14200 11.9896
14210 11.9689
14220 11.9543
14230 11.948
14240 11.9492
14250 11.956
14260 11.9692
14270 11.9904
14280 12.0172
14290 12.0436
14300 12.0638
14310 12.0731
14320 12.0677
14330 12.0466
14340 12.0129
14350 11.9734
14360 11.9339
14370 11.9004
14380 11.878
14390 11.8688
14400 11.8706
14410 11.8784
14420 11.8885
14430 11.9002
14440 11.9117
14450 11.9202
14460 11.9253
14470 11.9279
14480 11.9285
14490 11.9284
14500 11.9294
14510 11.9321
14520 11.9348
14530 11.9372
14540 11.9414
14550 11.9471
14560 11.9507
14570 11.9514
14580 11.9554
14590 11.9689
14600 11.9912
14610 12.0172
14620 12.0434
14630 12.0685
14640 12.0905
14650 12.1074
14660 12.12
14670 12.1302
14680 12.138
14690 12.142
14700 12.1415
14710 12.1377
14720 12.1323
14730 12.1258
14740 12.1188
14750 12.1124
14760 12.1069
14770 12.0995
14780 12.0862
14790 12.0659
14800 12.0423
14810 12.0202
14820 12.0026
14830 11.9903
14840 11.9836
14850 11.9827
14860 11.9877
14870 11.9968
14880 12.008
14890 12.0216
14900 12.0405
14910 12.0648
14920 12.0903
14930 12.114
14940 12.1373
14950 12.1613
14960 12.1844
14970 12.2057
14980 12.2249
14990 12.2413
15000 12.2533
15010 12.259
15020 12.2557
15030 12.2408
15040 12.2167
15050 12.1898
15060 12.1648
15070 12.143
15080 12.1245
15090 12.1089
15100 12.0949
15110 12.0806
15120 12.0665
15130 12.0549
15140 12.0478
15150 12.0459
15160 12.0475
15170 12.0495
15180 12.0509
15190 12.0551
15200 12.0669
15210 12.0873
15220 12.1134
15230 12.1426
15240 12.174
15250 12.2055
15260 12.235
15270 12.2626
15280 12.2874
15290 12.3084
15300 12.3272
15310 12.3473
15320 12.3696
15330 12.3915
15340 12.4117
15350 12.4319
15360 12.4534
15370 12.4757
15380 12.4974
15390 12.5171
15400 12.5353
15410 12.555
15420 12.5791
15430 12.6067
15440 12.6327
15450 12.6508
15460 12.657
15470 12.65
15480 12.6302
15490 12.6015
15500 12.5695
15510 12.5391
15520 12.511
15530 12.485
15540 12.4627
15550 12.447
15560 12.441
15570 12.4457
15580 12.4584
15590 12.4745
15600 12.4907
15610 12.5068
15620 12.5221
15630 12.5344
15640 12.5429
15650 12.548
15660 12.5526
15670 12.5608
15680 12.5746
15690 12.593
15700 12.6162
15710 12.646
15720 12.6813
15730 12.7189
15740 12.7579
15750 12.7994
15760 12.842
15770 12.8818
15780 12.9168
15790 12.9476
15800 12.9752
15810 12.9988
15820 13.0166
15830 13.0267
15840 13.0312
15850 13.0341
15860 13.0381
15870 13.0454
15880 13.0566
15890 13.0695
15900 13.0796
15910 13.0865
15920 13.095
15930 13.1074
15940 13.1224
15950 13.1388
15960 13.1564
15970 13.1746
15980 13.1928
15990 13.2112
16000 13.2303
16010 13.2499
16020 13.2684
16030 13.285
16040 13.2994
16050 13.3099
16060 13.3162
16070 13.3195
16080 13.3205
16090 13.3201
16100 13.3198
16110 13.3202
16120 13.3196
16130 13.3169
16140 13.3131
16150 13.3103
16160 13.309
16170 13.3104
16180 13.3156
16190 13.3234
16200 13.3315
16210 13.3387
16220 13.3441
16230 13.3477
16240 13.3519
16250 13.3577
16260 13.366
16270 13.3798
16280 13.4007
16290 13.4262
16300 13.4534
16310 13.4818
16320 13.5096
16330 13.5337
16340 13.5538
16350 13.5742
16360 13.5965
16370 13.6182
16380 13.6389
16390 13.6605
16400 13.6812
16410 13.6984
16420 13.7128
16430 13.7269
16440 13.7424
16450 13.7589
16460 13.7737
16470 13.7846
16480 13.7919
16490 13.7963
16500 13.7983
16510 13.7989
16520 13.7986
16530 13.7961
16540 13.7902
16550 13.7823
16560 13.7758
16570 13.7715
16580 13.7669
16590 13.7588
16600 13.7459
16610 13.7299
16620 13.7159
16630 13.7073
16640 13.7025
16650 13.6988
16660 13.6966
16670 13.6976
16680 13.7015
16690 13.7075
16700 13.7141
16710 13.7193
16720 13.7205
16730 13.7162
16740 13.7079
16750 13.7
16760 13.6955
16770 13.6951
16780 13.6994
16790 13.7108
16800 13.7285
16810 13.7477
16820 13.765
16830 13.7779
16840 13.7833
16850 13.7805
16860 13.7713
16870 13.7594
16880 13.7453
16890 13.7294
16900 13.7152
16910 13.7047
16920 13.6969
16930 13.6896
16940 13.6829
16950 13.6797
16960 13.6834
16970 13.6944
16980 13.7125
16990 13.7384
17000 13.7718
17010 13.8103
17020 13.8527
17030 13.9008
17040 13.9532
17050 14.003
17060 14.0451
17070 14.0804
17080 14.114
17090 14.1479
17100 14.1798
17110 14.2078
17120 14.2349
17130 14.2661
17140 14.2994
17150 14.3283
17160 14.3513
17170 14.3699
17180 14.3833
17190 14.3913
17200 14.3982
17210 14.408
17220 14.4191
17230 14.4288
17240 14.4365
17250 14.4423
17260 14.4456
17270 14.4461
17280 14.4435
17290 14.4377
17300 14.4309
17310 14.4263
17320 14.4256
17330 14.4287
17340 14.4333
17350 14.4378
17360 14.4423
17370 14.4481
17380 14.4554
17390 14.4628
17400 14.4693
17410 14.4748
17420 14.4776
17430 14.475
17440 14.4655
17450 14.4503
17460 14.4303
17470 14.4065
17480 14.3819
17490 14.36
17500 14.341
17510 14.3237
17520 14.3077
17530 14.2925
17540 14.2774
17550 14.2624
17560 14.2502
17570 14.2432
17580 14.2398
17590 14.2385
17600 14.2414
17610 14.2489
17620 14.257
17630 14.2622
17640 14.265
17650 14.267
17660 14.2669
17670 14.2642
17680 14.2617
17690 14.2623
17700 14.265
17710 14.2686
17720 14.274
17730 14.2824
17740 14.2924
17750 14.3032
17760 14.318
17770 14.3418
17780 14.3768
17790 14.4201
17800 14.4669
17810 14.5122
17820 14.5512
17830 14.5822
17840 14.6061
17850 14.625
17860 14.6399
17870 14.6522
17880 14.6635
17890 14.6729
17900 14.6789
17910 14.6821
17920 14.6859
17930 14.6914
17940 14.6964
17950 14.7009
17960 14.708
17970 14.7218
17980 14.7429
17990 14.7691
18000 14.7961
18010 14.822
18020 14.8485
18030 14.8775
18040 14.9066
18050 14.9311
18060 14.9488
18070 14.9621
18080 14.9757
18090 14.9913
18100 15.0085
18110 15.0261
18120 15.0417
18130 15.0532
18140 15.0585
18150 15.0573
18160 15.0515
18170 15.044
18180 15.0365
18190 15.0285
18200 15.018
18210 15.0047
18220 14.9907
18230 14.9782
18240 14.9692
18250 14.9652
18260 14.965
18270 14.9657
18280 14.965
18290 14.9642
18300 14.9619
18310 14.9529
18320 14.9375
18330 14.9208
18340 14.9062
18350 14.8941
18360 14.8839
18370 14.8742
18380 14.8625
18390 14.8467
18400 14.8266
18410 14.804
18420 14.7804
18430 14.7566
18440 14.7357
18450 14.7213
18460 14.714
18470 14.7114
18480 14.7141
18490 14.7257
18500 14.7461
18510 14.7704
18520 14.7946
18530 14.817
18540 14.838
18550 14.8574
18560 14.8745
18570 14.8881
18580 14.8978
18590 14.9032
18600 14.9028
18610 14.8977
18620 14.8926
18630 14.8918
18640 14.896
18650 14.9043
18660 14.915
18670 14.9261
18680 14.9377
18690 14.9508
18700 14.9634
18710 14.9739
18720 14.9846
18730 14.9988
18740 15.0157
18750 15.0326
18760 15.0488
18770 15.0659
18780 15.0854
18790 15.1084
18800 15.1351
18810 15.1633
18820 15.1892
18830 15.2096
18840 15.2225
18850 15.2288
18860 15.231
18870 15.2303
18880 15.2281
18890 15.2275
18900 15.2321
18910 15.2417
18920 15.253
18930 15.2628
18940 15.272
18950 15.2834
18960 15.2972
18970 15.3101
18980 15.3197
18990 15.3273
19000 15.3337
19010 15.3394
19020 15.3456
19030 15.3544
19040 15.3672
19050 15.3844
19060 15.406
19070 15.4312
19080 15.4605
19090 15.4937
19100 15.5282
19110 15.5613
19120 15.5917
19130 15.6168
19140 15.6334
19150 15.6422
19160 15.6474
19170 15.6522
19180 15.6578
19190 15.6652
19200 15.6752
19210 15.6882
19220 15.7038
19230 15.7213
19240 15.741
19250 15.7643
19260 15.7928
19270 15.8281
19280 15.8711
19290 15.9192
19300 15.969
19310 16.0199
19320 16.072
19330 16.1232
19340 16.1704
19350 16.2148
19360 16.2594
19370 16.3035
19380 16.3433
19390 16.3784
19400 16.4096
19410 16.435
19420 16.4516
19430 16.4568
19440 16.4497
19450 16.4316
19460 16.4069
19470 16.3798
19480 16.3515
19490 16.3252
19500 16.3049
19510 16.2916
19520 16.2832
19530 16.2783
19540 16.2772
19550 16.2793
19560 16.2841
19570 16.2936
19580 16.3107
19590 16.3354
19600 16.364
19610 16.3939
19620 16.426
19630 16.461
19640 16.4981
19650 16.5356
19660 16.5705
19670 16.5993
19680 16.6222
19690 16.6439
19700 16.6679
19710 16.6956
19720 16.7289
19730 16.7686
19740 16.8118
19750 16.8555
19760 16.8984
19770 16.9387
19780 16.973
19790 16.9991
19800 17.0177
19810 17.031
19820 17.0422
19830 17.0542
19840 17.0663
19850 17.0751
19860 17.0785
19870 17.0782
19880 17.0762
19890 17.0731
19900 17.0721
19910 17.08
19920 17.1019
19930 17.1367
19940 17.1774
19950 17.2171
19960 17.2526
19970 17.282
19980 17.3042
19990 17.3191
20000 17.3281
20010 17.3341
20020 17.3375
20030 17.3372
20040 17.3348
20050 17.3329
20060 17.3314
20070 17.3265
20080 17.3166
20090 17.305
20100 17.2947
20110 17.2869
20120 17.2852
20130 17.2929
20140 17.3091
20150 17.3298
20160 17.3522
20170 17.3752
20180 17.3995
20190 17.4276
20200 17.4607
20210 17.497
20220 17.5343
20230 17.5723
20240 17.6116
20250 17.6521
20260 17.6937
20270 17.7375
20280 17.7832
20290 17.8265
20300 17.8661
20310 17.9049
20320 17.9442
20330 17.9826
20340 18.0216
20350 18.0634
20360 18.1077
20370 18.1504
20380 18.1863
20390 18.2136
20400 18.2322
20410 18.2437
20420 18.251
20430 18.258
20440 18.2683
20450 18.2824
20460 18.2988
20470 18.3177
20480 18.3377
20490 18.3557
20500 18.37
20510 18.3809
20520 18.3893
20530 18.3973
20540 18.4069
20550 18.4174
20560 18.4284
20570 18.4404
20580 18.4539
20590 18.4672
20600 18.4782
20610 18.4847
20620 18.485
20630 18.4804
20640 18.4741
20650 18.4675
20660 18.4583
20670 18.4442
20680 18.4242
20690 18.3981
20700 18.3669
20710 18.331
20720 18.2902
20730 18.2452
20740 18.1996
20750 18.1582
20760 18.1237
20770 18.0973
20780 18.0792
20790 18.0692
20800 18.0658
20810 18.0674
20820 18.0722
20830 18.078
20840 18.0834
20850 18.0868
20860 18.0877
20870 18.0874
20880 18.0881
20890 18.0923
20900 18.1022
20910 18.1172
20920 18.1336
20930 18.1473
20940 18.157
20950 18.1629
20960 18.1636
20970 18.1581
20980 18.1484
20990 18.1371
21000 18.1223
21010 18.0998
21020 18.0687
21030 18.032
21040 17.9927
21050 17.9512
21060 17.9076
21070 17.8643
21080 17.8246
21090 17.7907
21100 17.7635
21110 17.7418
21120 17.7241
21130 17.7103
21140 17.6998
21150 17.6922
21160 17.6896
21170 17.6925
21180 17.698
21190 17.7043
21200 17.7123
21210 17.722
21220 17.7308
21230 17.7369
21240 17.7419
21250 17.7495
21260 17.7635
21270 17.7851
21280 17.8118
21290 17.8419
21300 17.8758
21310 17.9125
21320 17.9489
21330 17.9828
21340 18.0157
21350 18.0501
21360 18.0837
21370 18.1134
21380 18.1398
21390 18.1646
21400 18.188
21410 18.2089
21420 18.2266
21430 18.2425
21440 18.2591
21450 18.2774
21460 18.2984
21470 18.3221
21480 18.3477
21490 18.3739
21500 18.398
21510 18.4158
21520 18.4256
21530 18.4272
21540 18.4205
21550 18.4069
21560 18.3913
21570 18.3781
21580 18.3701
21590 18.3681
21600 18.3727
21610 18.3839
21620 18.4005
21630 18.4199
21640 18.4389
21650 18.4539
21660 18.4634
21670 18.4675
21680 18.4648
21690 18.4546
21700 18.4398
21710 18.4252
21720 18.417
21730 18.4179
21740 18.4255
21750 18.4338
21760 18.4389
21770 18.4426
21780 18.4502
21790 18.4646
21800 18.4838
21810 18.5031
21820 18.5195
21830 18.5304
21840 18.5328
21850 18.5261
21860 18.5132
21870 18.4978
21880 18.4825
21890 18.4683
21900 18.4549
21910 18.4413
21920 18.428
21930 18.4173
21940 18.4109
21950 18.407
21960 18.4033
21970 18.3993
21980 18.3971
21990 18.3981
22000 18.4023
22010 18.4081
22020 18.4151
22030 18.4243
22040 18.4374
22050 18.455
22060 18.4773
22070 18.5021
22080 18.5262
22090 18.5478
22100 18.5654
22110 18.5755
22120 18.5737
22130 18.558
22140 18.5313
22150 18.4988
22160 18.4629
22170 18.4241
22180 18.386
22190 18.3546
22200 18.3324
22210 18.3174
22220 18.3071
22230 18.3001
22240 18.2949
22250 18.2877
22260 18.2766
22270 18.2631
22280 18.2474
22290 18.2262
22300 18.1989
22310 18.1704
22320 18.144
22330 18.118
22340 18.0928
22350 18.0723
22360 18.0565
22370 18.0427
22380 18.0291
22390 18.0154
22400 18.0023
22410 17.9915
22420 17.9853
22430 17.9842
22440 17.9857
22450 17.989
22460 17.9952
22470 18.0032
22480 18.0088
22490 18.0127
22500 18.0192
22510 18.0288
22520 18.0384
22530 18.0469
22540 18.0553
22550 18.0647
22560 18.0756
22570 18.0897
22580 18.1067
22590 18.1261
22600 18.146
22610 18.1628
22620 18.1749
22630 18.1852
22640 18.1953
22650 18.2046
22660 18.213
22670 18.222
22680 18.2326
22690 18.2435
22700 18.2522
22710 18.2593
22720 18.2669
22730 18.2781
22740 18.2938
22750 18.3129
22760 18.3362
22770 18.3654
22780 18.3983
22790 18.4303
22800 18.4607
22810 18.4911
22820 18.5229
22830 18.5573
22840 18.5953
22850 18.6359
22860 18.6761
22870 18.7154
22880 18.7558
22890 18.7987
22900 18.8432
22910 18.8858
22920 18.9208
22930 18.943
22940 18.9517
22950 18.9509
22960 18.9438
22970 18.9318
22980 18.9174
22990 18.9055
23000 18.8971
23010 18.8914
23020 18.8895
23030 18.8918
23040 18.8965
23050 18.9017
23060 18.9066
23070 18.9084
23080 18.9043
23090 18.8953
23100 18.8839
23110 18.8715
23120 18.8584
23130 18.8459
23140 18.836
23150 18.8305
23160 18.829
23170 18.83
23180 18.8304
23190 18.8288
23200 18.8265
23210 18.8242
23220 18.8204
23230 18.8161
23240 18.816
23250 18.8224
23260 18.833
23270 18.8451
23280 18.8565
23290 18.8637
23300 18.8639
23310 18.8572
23320 18.8425
23330 18.818
23340 18.7855
23350 18.7487
23360 18.7136
23370 18.6864
23380 18.6686
23390 18.6572
23400 18.6515
23410 18.6517
23420 18.6544
23430 18.6556
23440 18.6552
23450 18.656
23460 18.6577
23470 18.6567
23480 18.6528
23490 18.6485
23500 18.6456
23510 18.645
23520 18.6463
23530 18.6479
23540 18.6487
23550 18.6491
23560 18.6485
23570 18.6461
23580 18.6416
23590 18.6343
23600 18.6266
23610 18.6222
23620 18.6225
23630 18.6241
23640 18.6221
23650 18.6141
23660 18.5999
23670 18.5809
23680 18.5612
23690 18.5455
23700 18.5365
23710 18.5357
23720 18.5431
23730 18.5588
23740 18.5831
23750 18.6141
23760 18.6473
23770 18.6786
23780 18.7059
23790 18.7292
23800 18.749
23810 18.7673
23820 18.7849
23830 18.8008
23840 18.8144
23850 18.8268
23860 18.8417
23870 18.8622
23880 18.8879
23890 18.9176
23900 18.9507
23910 18.9853
23920 19.019
23930 19.0513
23940 19.0828
23950 19.1131
23960 19.1414
23970 19.1687
23980 19.1963
23990 19.2228
24000 19.246
24010 19.2667
24020 19.2881
24030 19.3123
24040 19.3405
24050 19.3733
24060 19.4088
24070 19.4446
24080 19.479
24090 19.5102
24100 19.5363
24110 19.5554
24120 19.5654
24130 19.5644
24140 19.5538
24150 19.5401
24160 19.5304
24170 19.5269
24180 19.5273
24190 19.5299
24200 19.5355
24210 19.5443
24220 19.5554
24230 19.5705
24240 19.5933
24250 19.6241
24260 19.6596
24270 19.696
24280 19.7314
24290 19.7656
24300 19.7973
24310 19.8248
24320 19.8474
24330 19.8662
24340 19.8847
24350 19.9057
24360 19.9287
24370 19.954
24380 19.9823
24390 20.0143
24400 20.0504
24410 20.0897
24420 20.1304
24430 20.1707
24440 20.2079
24450 20.2384
24460 20.2612
24470 20.278
24480 20.2915
24490 20.3058
24500 20.3231
24510 20.3436
24520 20.3656
24530 20.3877
24540 20.4094
24550 20.431
24560 20.4521
24570 20.4711
24580 20.4916
24590 20.5211
24600 20.5614
24610 20.6053
24620 20.6439
24630 20.6749
24640 20.6988
24650 20.7123
24660 20.7091
24670 20.6877
24680 20.6549
24690 20.62
24700 20.5849
24710 20.5462
24720 20.5051
24730 20.4667
24740 20.4352
24750 20.4139
24760 20.4082
24770 20.4173
24780 20.433
24790 20.4494
24800 20.4658
24810 20.4808
24820 20.4911
24830 20.4945
24840 20.4911
24850 20.4817
24860 20.4671
24870 20.4494
24880 20.4323
24890 20.42
24900 20.4161
24910 20.4227
24920 20.438
24930 20.4568
24940 20.476
24950 20.4962
24960 20.5179
24970 20.5404
24980 20.564
24990 20.5891
25000 20.6133
25010 20.6374
25020 20.6648
25030 20.6981
25040 20.7372
25050 20.7795
25060 20.8209
25070 20.8575
25080 20.8871
25090 20.9066
25100 20.9127
25110 20.9054
25120 20.8888
25130 20.8683
25140 20.848
25150 20.832
25160 20.8233
25170 20.8222
25180 20.8255
25190 20.8309
25200 20.8384
25210 20.8478
25220 20.8568
25230 20.8645
25240 20.875
25250 20.8919
25260 20.914
25270 20.9381
25280 20.9635
25290 20.9898
25300 21.0128
25310 21.0271
25320 21.0303
25330 21.0254
25340 21.0183
25350 21.0134
25360 21.0124
25370 21.0164
25380 21.0285
25390 21.0501
25400 21.0773
25410 21.1037
25420 21.126
25430 21.1451
25440 21.1614
25450 21.1745
25460 21.1841
25470 21.1887
25480 21.1864
25490 21.1785
25500 21.168
25510 21.156
25520 21.1426
25530 21.1301
25540 21.1209
25550 21.1165
25560 21.1182
25570 21.1251
25580 21.1319
25590 21.1345
25600 21.1337
25610 21.132
25620 21.1292
25630 21.121
25640 21.1047
25650 21.0805
25660 21.0491
25670 21.0118
25680 20.9715
25690 20.9337
25700 20.9028
25710 20.8776
25720 20.856
25730 20.8389
25740 20.8273
25750 20.821
25760 20.8182
25770 20.8155
25780 20.8117
25790 20.8057
25800 20.7975
25810 20.7893
25820 20.7831
25830 20.7791
25840 20.7767
25850 20.7759
25860 20.7789
25870 20.7877
25880 20.8024
25890 20.8218
25900 20.845
25910 20.8716
25920 20.9011
25930 20.933
25940 20.9671
25950 21.0044
25960 21.0464
25970 21.0914
25980 21.133
25990 21.1654
26000 21.1872
26010 21.1988
26020 21.2007
26030 21.1941
26040 21.179
26050 21.1555
26060 21.127
26070 21.0977
26080 21.0706
26090 21.0472
26100 21.0292
26110 21.0178
26120 21.0131
26130 21.0146
26140 21.0188
26150 21.02
26160 21.014
26170 20.9998
26180 20.977
26190 20.9483
26200 20.9195
26210 20.8948
26220 20.8756
26230 20.8647
26240 20.8646
26250 20.8718
26260 20.8804
26270 20.8895
26280 20.8975
26290 20.9028
26300 20.9078
26310 20.916
26320 20.9273
26330 20.9375
26340 20.9442
26350 20.9489
26360 20.9531
26370 20.9548
26380 20.9525
26390 20.9465
26400 20.9375
26410 20.9266
26420 20.9152
26430 20.9038
26440 20.8915
26450 20.8799
26460 20.8721
26470 20.8708
26480 20.8772
26490 20.8897
26500 20.906
26510 20.9233
26520 20.9405
26530 20.9583
26540 20.976
26550 20.9918
26560 21.0047
26570 21.0148
26580 21.02
26590 21.0177
26600 21.008
26610 20.9931
26620 20.9772
26630 20.9634
26640 20.9515
26650 20.9407
26660 20.9335
26670 20.9317
26680 20.9322
26690 20.9322
26700 20.9338
26710 20.941
26720 20.9549
26730 20.9752
26740 21.0035
26750 21.0407
26760 21.0829
26770 21.1226
26780 21.1543
26790 21.1731
26800 21.1766
26810 21.167
26820 21.15
26830 21.1297
26840 21.1086
26850 21.0893
26860 21.0741
26870 21.0634
26880 21.0577
26890 21.0596
26900 21.072
26910 21.0941
26920 21.1191
26930 21.1384
26940 21.1491
26950 21.1541
26960 21.1559
26970 21.1553
26980 21.1533
26990 21.1525
27000 21.1551
27010 21.1609
27020 21.1693
27030 21.181
27040 21.1993
27050 21.2266
27060 21.2596
27070 21.2913
27080 21.3199
27090 21.3498
27100 21.385
27110 21.4244
27120 21.464
27130 21.5023
27140 21.5397
27150 21.5775
27160 21.6177
27170 21.663
27180 21.7146
27190 21.7708
27200 21.8282
27210 21.8854
27220 21.9426
27230 21.9994
27240 22.0544
27250 22.1048
27260 22.1492
27270 22.1885
27280 22.2229
27290 22.2499
27300 22.2674
27310 22.2779
27320 22.287
27330 22.2985
27340 22.3117
27350 22.3239
27360 22.3358
27370 22.3494
27380 22.3673
27390 22.3919
27400 22.4258
27410 22.4682
27420 22.5134
27430 22.5578
27440 22.6022
27450 22.6447
27460 22.6815
27470 22.7115
27480 22.7376
27490 22.7626
27500 22.7872
27510 22.8126
27520 22.8388
27530 22.8636
27540 22.8843
27550 22.9011
27560 22.9163
27570 22.9301
27580 22.9411
27590 22.9504
27600 22.9605
27610 22.9723
27620 22.9842
27630 22.9927
27640 22.9931
27650 22.983
27660 22.9659
27670 22.9469
27680 22.9278
27690 22.9086
27700 22.8911
27710 22.8793
27720 22.8764
27730 22.8824
27740 22.8958
27750 22.9154
27760 22.9399
27770 22.9669
27780 22.9951
27790 23.0252
27800 23.0579
27810 23.0927
27820 23.129
27830 23.1667
27840 23.2044
27850 23.2409
27860 23.2786
27870 23.3183
27880 23.3573
27890 23.3937
27900 23.4264
27910 23.4546
27920 23.4781
27930 23.4993
27940 23.5227
27950 23.5496
27960 23.5797
27970 23.6142
27980 23.6547
27990 23.7003
28000 23.7462
28010 23.7879
28020 23.8245
28030 23.8581
28040 23.8897
28050 23.9181
28060 23.9429
28070 23.9682
28080 23.9985
28090 24.034
28100 24.0713
28110 24.1094
28120 24.1511
28130 24.198
28140 24.2468
28150 24.2905
28160 24.3248
28170 24.3518
28180 24.3768
28190 24.4028
28200 24.4294
28210 24.4542
28220 24.4769
28230 24.4963
28240 24.5109
28250 24.5203
28260 24.5235
28270 24.517
28280 24.5004
28290 24.4773
28300 24.4515
28310 24.4265
28320 24.4062
28330 24.394
28340 24.3881
28350 24.3851
28360 24.3854
28370 24.3909
28380 24.402
28390 24.4201
28400 24.4447
28410 24.4741
28420 24.5074
28430 24.5437
28440 24.5795
28450 24.6122
28460 24.6426
28470 24.6741
28480 24.7092
28490 24.7465
28500 24.7851
28510 24.8239
28520 24.8613
28530 24.8936
28540 24.9175
28550 24.9346
28560 24.9505
28570 24.9701
28580 24.9932
28590 25.0144
28600 25.0283
28610 25.0352
28620 25.0413
28630 25.0501
28640 25.0604
28650 25.073
28660 25.0905
28670 25.1113
28680 25.1319
28690 25.1541
28700 25.1816
28710 25.2124
28720 25.2411
28730 25.2674
28740 25.2934
28750 25.3163
28760 25.3307
28770 25.3351
28780 25.3325
28790 25.3241
28800 25.3099
28810 25.2928
28820 25.28
28830 25.2755
28840 25.2788
28850 25.2896
28860 25.3111
28870 25.3436
28880 25.3825
28890 25.4241
28900 25.4657
28910 25.5018
28920 25.529
28930 25.5484
28940 25.5631
28950 25.5765
28960 25.5921
28970 25.6122
28980 25.6357
28990 25.6619
29000 25.6889
29010 25.7155
29020 25.7437
29030 25.774
29040 25.8043
29050 25.8345
29060 25.8632
29070 25.8844
29080 25.8916
29090 25.8837
29100 25.8644
29110 25.8374
29120 25.8044
29130 25.7651
29140 25.7197
29150 25.6725
29160 25.6308
29170 25.5986
29180 25.5756
29190 25.5615
29200 25.5584
29210 25.5677
29220 25.5883
29230 25.6184
29240 25.6546
29250 25.6901
29260 25.7208
29270 25.7471
29280 25.7683
29290 25.7842
29300 25.7985
29310 25.815
29320 25.8352
29330 25.8597
29340 25.8897
29350 25.9273
29360 25.9732
29370 26.0257
29380 26.0795
29390 26.1279
29400 26.1657
29410 26.1904
29420 26.2026
29430 26.2045
29440 26.199
29450 26.1896
29460 26.1807
29470 26.1754
29480 26.1752
29490 26.1816
29500 26.1955
29510 26.2176
29520 26.2491
29530 26.2872
29540 26.3255
29550 26.3573
29560 26.3796
29570 26.393
29580 26.4005
29590 26.4034
29600 26.4004
29610 26.3949
29620 26.3967
29630 26.4125
29640 26.441
29650 26.4778
29660 26.5195
29670 26.5599
29680 26.5925
29690 26.6167
29700 26.636
29710 26.6522
29720 26.6666
29730 26.681
29740 26.6968
29750 26.7133
29760 26.7257
29770 26.7318
29780 26.7362
29790 26.7471
29800 26.7667
29810 26.7913
29820 26.8201
29830 26.8584
29840 26.909
29850 26.9667
29860 27.0263
29870 27.088
29880 27.1513
29890 27.2095
29900 27.2556
29910 27.2901
29920 27.3165
29930 27.337
29940 27.354
29950 27.3706
29960 27.3908
29970 27.4162
29980 27.4478
29990 27.4874
30000 27.533
30010 27.5791
30020 27.6223
30030 27.6636
30040 27.7033
30050 27.7385
30060 27.7666
30070 27.7891
30080 27.8095
30090 27.8267
30100 27.8365
30110 27.8363
30120 27.8254
30130 27.8066
30140 27.784
30150 27.7599
30160 27.7336
30170 27.7045
30180 27.6776
30190 27.6598
30200 27.6528
30210 27.6539
30220 27.6612
30230 27.6736
30240 27.6881
30250 27.7017
30260 27.7143
30270 27.7269
30280 27.7377
30290 27.7454
30300 27.753
30310 27.7646
30320 27.7808
30330 27.7972
30340 27.808
30350 27.8126
30360 27.8134
30370 27.811
30380 27.8048
30390 27.7967
30400 27.791
30410 27.7897
30420 27.7928
30430 27.801
30440 27.8143
30450 27.8304
30460 27.8483
30470 27.8667
30480 27.883
30490 27.891
30500 27.8869
30510 27.8723
30520 27.8501
30530 27.8214
30540 27.7883
30550 27.7543
30560 27.7226
30570 27.6943
30580 27.6697
30590 27.6486
30600 27.6284
30610 27.6065
30620 27.5808
30630 27.5506
30640 27.521
30650 27.497
30660 27.4772
30670 27.459
30680 27.4405
30690 27.4194
30700 27.3954
30710 27.37
30720 27.3434
30730 27.3153
30740 27.2853
30750 27.2554
30760 27.23
30770 27.2113
30780 27.1994
30790 27.196
30800 27.2025
30810 27.218
30820 27.2415
30830 27.2696
30840 27.2961
30850 27.3162
30860 27.3299
30870 27.3378
30880 27.3419
30890 27.3484
30900 27.3622
30910 27.3841
30920 27.413
30930 27.4471
30940 27.4844
30950 27.5226
30960 27.561
30970 27.6024
30980 27.6467
30990 27.6906
31000 27.7301
31010 27.7631
31020 27.79
31030 27.8113
31040 27.8278
31050 27.8409
31060 27.8528
31070 27.8682
31080 27.8904
31090 27.9226
31100 27.9668
31110 28.0218
31120 28.0819
31130 28.1393
31140 28.1917
31150 28.2409
31160 28.285
31170 28.3217
31180 28.353
31190 28.378
31200 28.3892
31210 28.3828
31220 28.3662
31230 28.3474
31240 28.3283
31250 28.3091
31260 28.2933
31270 28.2882
31280 28.2984
31290 28.3223
31300 28.3559
31310 28.3955
31320 28.4412
31330 28.4921
31340 28.5421
31350 28.5863
31360 28.6234
31370 28.654
31380 28.6765
31390 28.689
31400 28.6912
31410 28.6818
31420 28.6609
31430 28.6336
31440 28.6061
31450 28.5825
31460 28.5664
31470 28.5607
31480 28.5677
31490 28.5851
31500 28.6071
31510 28.6293
31520 28.6501
31530 28.6658
31540 28.6721
31550 28.6728
31560 28.678
31570 28.6904
31580 28.7035
31590 28.7107
31600 28.7113
31610 28.7085
31620 28.7065
31630 28.7067
31640 28.7086
31650 28.7105
31660 28.7123
31670 28.7166
31680 28.7275
31690 28.7454
31700 28.7677
31710 28.7926
31720 28.8192
31730 28.847
31740 28.8739
31750 28.8964
31760 28.9125
31770 28.9254
31780 28.9428
31790 28.9671
31800 28.9925
31810 29.0145
31820 29.0354
31830 29.06
31840 29.0895
31850 29.123
31860 29.1606
31870 29.201
31880 29.2402
31890 29.2759
31900 29.3095
31910 29.3438
31920 29.3784
31930 29.4083
31940 29.4288
31950 29.4397
31960 29.4408
31970 29.4297
31980 29.4043
31990 29.3664
32000 29.324
32010 29.2849
32020 29.25
32030 29.217
32040 29.1859
32050 29.1566
32060 29.1259
32070 29.0942
32080 29.0664
32090 29.0444
32100 29.0245
32110 29.0058
32120 28.9911
32130 28.9824
32140 28.9827
32150 28.9959
32160 29.0193
32170 29.0453
32180 29.0686
32190 29.0841
32200 29.0844
32210 29.0699
32220 29.0508
32230 29.0372
32240 29.034
32250 29.0429
32260 29.0632
32270 29.0926
32280 29.1275
32290 29.1657
32300 29.2066
32310 29.2497
32320 29.2935
32330 29.3391
32340 29.3879
32350 29.437
32360 29.4811
32370 29.5184
32380 29.5507
32390 29.5792
32400 29.6058
32410 29.6349
32420 29.6695
32430 29.7077
32440 29.7472
32450 29.7871
32460 29.8284
32470 29.8728
32480 29.921
32490 29.9702
32500 30.0161
32510 30.0577
32520 30.0991
32530 30.1406
32540 30.1794
32550 30.2149
32560 30.2495
32570 30.2829
32580 30.3138
32590 30.3457
32600 30.3845
32610 30.4295
32620 30.4734
32630 30.5117
32640 30.5466
32650 30.579
32660 30.6031
32670 30.6179
32680 30.6334
32690 30.6569
32700 30.6852
32710 30.7159
32720 30.7498
32730 30.7869
32740 30.8274
32750 30.8726
32760 30.9213
32770 30.9678
32780 31.0081
32790 31.0447
32800 31.0791
32810 31.1066
32820 31.1221
32830 31.1237
32840 31.1142
32850 31.1001
32860 31.0876
32870 31.0784
32880 31.0737
32890 31.0761
32900 31.0884
32910 31.1105
32920 31.1386
32930 31.1679
32940 31.1968
32950 31.2242
32960 31.2493
32970 31.2719
32980 31.2916
32990 31.3098
33000 31.3313
33010 31.359
33020 31.3932
33030 31.4349
33040 31.4822
33050 31.5283
33060 31.5683
33070 31.6043
33080 31.6408
33090 31.6806
33100 31.7263
33110 31.7827
33120 31.852
33130 31.931
33140 32.0173
33150 32.1073
33160 32.1922
33170 32.2645
33180 32.324
33190 32.3728
33200 32.4106
33210 32.4369
33220 32.4547
33230 32.4704
33240 32.4887
33250 32.5101
33260 32.5343
33270 32.5618
33280 32.5914
33290 32.6204
33300 32.6476
33310 32.6722
33320 32.6925
33330 32.706
33340 32.7112
33350 32.7063
33360 32.6871
33370 32.6527
33380 32.6093
33390 32.5676
33400 32.5327
33410 32.504
33420 32.4796
33430 32.4548
33440 32.423
33450 32.3813
33460 32.3334
33470 32.2849
33480 32.2371
33490 32.1876
33500 32.1348
33510 32.0826
33520 32.0351
33530 31.9901
33540 31.9442
33550 31.8989
33560 31.857
33570 31.8217
33580 31.7971
33590 31.7876
33600 31.7957
33610 31.8217
33620 31.8632
33630 31.915
33640 31.9719
33650 32.0311
33660 32.0903
33670 32.1447
33680 32.1898
33690 32.227
33700 32.26
33710 32.2862
33720 32.2993
33730 32.2971
33740 32.2823
33750 32.259
33760 32.2309
33770 32.2021
33780 32.1755
33790 32.1527
33800 32.135
33810 32.121
33820 32.1063
33830 32.0885
33840 32.0675
33850 32.0434
33860 32.0172
33870 31.9903
33880 31.9609
33890 31.9259
33900 31.8863
33910 31.8463
33920 31.8106
33930 31.7825
33940 31.7631
33950 31.7505
33960 31.7431
33970 31.7394
33980 31.7339
33990 31.721
34000 31.7021
34010 31.6829
34020 31.6676
34030 31.6582
34040 31.6555
34050 31.6585
34060 31.6659
34070 31.6774
34080 31.6903
34090 31.7005
34100 31.709
34110 31.7203
34120 31.7373
34130 31.7627
34140 31.7974
34150 31.8381
34160 31.8805
34170 31.9238
34180 31.9692
34190 32.0183
34200 32.0727
34210 32.1311
34220 32.1884
34230 32.24
34240 32.2857
34250 32.3263
34260 32.3598
34270 32.3853
34280 32.4037
34290 32.4156
34300 32.4216
34310 32.4235
34320 32.4223
34330 32.4174
34340 32.4119
34350 32.4142
34360 32.4321
34370 32.4643
34380 32.5045
34390 32.5466
34400 32.5872
34410 32.6244
34420 32.6578
34430 32.6874
34440 32.7116
34450 32.7297
34460 32.7456
34470 32.7625
34480 32.7807
34490 32.8009
34500 32.8231
34510 32.8481
34520 32.878
34530 32.9139
34540 32.9537
34550 32.9935
34560 33.0308
34570 33.0658
34580 33.1011
34590 33.1405
34600 33.1879
34610 33.2463
34620 33.3127
34630 33.379
34640 33.4408
34650 33.4991
34660 33.5562
34670 33.6114
34680 33.6621
34690 33.7078
34700 33.7486
34710 33.7839
34720 33.8147
34730 33.8435
34740 33.8698
34750 33.8946
34760 33.9177
34770 33.9338
34780 33.9371
34790 33.9255
34800 33.8994
34810 33.8605
34820 33.8102
34830 33.7514
34840 33.688
34850 33.6236
34860 33.5602
34870 33.4972
34880 33.435
34890 33.3768
34900 33.3268
34910 33.2859
34920 33.2531
34930 33.2292
34940 33.215
34950 33.2074
34960 33.2025
34970 33.1993
34980 33.2005
34990 33.211
35000 33.2314
35010 33.2574
35020 33.2838
35030 33.3097
35040 33.336
35050 33.3588
35060 33.3712
35070 33.3715
35080 33.3635
35090 33.3501
35100 33.3297
35110 33.2983
35120 33.2569
35130 33.2105
35140 33.1619
35150 33.11
35160 33.0582
35170 33.0159
35180 32.9891
35190 32.9771
35200 32.9757
35210 32.9816
35220 32.9898
35230 32.9968
35240 33.0033
35250 33.0106
35260 33.0171
35270 33.0172
35280 33.0074
35290 32.9875
35300 32.9598
35310 32.9262
35320 32.8877
35330 32.8447
35340 32.8012
35350 32.7664
35360 32.7463
35370 32.7393
35380 32.7425
35390 32.7555
35400 32.7788
35410 32.8078
35420 32.8355
35430 32.8582
35440 32.8775
35450 32.8965
35460 32.9147
35470 32.9286
35480 32.9364
35490 32.9378
35500 32.9319
35510 32.9183
35520 32.8952
35530 32.8587
35540 32.8081
35550 32.7509
35560 32.6968
35570 32.6501
35580 32.6112
35590 32.5781
35600 32.5478
35610 32.5179
35620 32.4873
35630 32.4559
35640 32.4244
35650 32.3952
35660 32.3694
35670 32.3447
35680 32.3191
35690 32.295
35700 32.275
35710 32.2599
35720 32.2497
35730 32.2451
35740 32.2426
35750 32.2393
35760 32.2392
35770 32.2484
35780 32.2683
35790 32.2958
35800 32.3284
35810 32.3649
35820 32.4039
35830 32.4452
35840 32.4865
35850 32.5249
35860 32.5581
35870 32.5854
35880 32.6051
35890 32.6148
35900 32.6123
35910 32.5988
35920 32.5809
35930 32.5667
35940 32.5613
35950 32.5648
35960 32.5759
35970 32.5925
35980 32.6109
35990 32.6294
36000 32.6471
36010 32.6626
36020 32.6789
36030 32.6993
36040 32.7221
36050 32.7407
36060 32.7501
36070 32.7506
36080 32.7441
36090 32.7331
36100 32.7195
36110 32.7048
36120 32.6895
36130 32.6767
36140 32.6708
36150 32.6704
36160 32.6713
36170 32.6757
36180 32.6881
36190 32.7059
36200 32.722
36210 32.7336
36220 32.7421
36230 32.7464
36240 32.7443
36250 32.7372
36260 32.7296
36270 32.7254
36280 32.7245
36290 32.7254
36300 32.729
36310 32.7379
36320 32.7536
36330 32.774
36340 32.7978
36350 32.8259
36360 32.8553
36370 32.8792
36380 32.8924
36390 32.8933
36400 32.8817
36410 32.8593
36420 32.8319
36430 32.8062
36440 32.783
36450 32.7617
36460 32.7461
36470 32.7428
36480 32.7545
36490 32.7746
36500 32.795
36510 32.8136
36520 32.831
36530 32.8469
36540 32.863
36550 32.8836
36560 32.9078
36570 32.9305
36580 32.9485
36590 32.9639
36600 32.9801
36610 32.9975
36620 33.0145
36630 33.0305
36640 33.0459
36650 33.0577
36660 33.0626
36670 33.0612
36680 33.0555
36690 33.0469
36700 33.037
36710 33.0252
36720 33.0101
36730 32.9945
36740 32.9841
36750 32.9807
36760 32.9847
36770 32.9971
36780 33.0168
36790 33.0426
36800 33.073
36810 33.1069
36820 33.1419
36830 33.175
36840 33.2037
36850 33.2263
36860 33.2405
36870 33.2464
36880 33.2452
36890 33.2376
36900 33.2244
36910 33.209
36920 33.196
36930 33.1867
36940 33.1773
36950 33.1657
36960 33.1539
36970 33.1435
36980 33.1351
36990 33.1305
37000 33.1325
37010 33.1404
37020 33.1538
37030 33.1746
37040 33.2042
37050 33.2392
37060 33.278
37070 33.322
37080 33.3717
37090 33.4274
37100 33.4891
37110 33.5508
37120 33.6026
37130 33.6395
37140 33.6654
37150 33.6858
37160 33.7011
37170 33.7085
37180 33.7068
37190 33.6974
37200 33.6834
37210 33.6684
37220 33.653
37230 33.6353
37240 33.6155
37250 33.5947
37260 33.5724
37270 33.5475
37280 33.5196
37290 33.4897
37300 33.4576
37310 33.4229
37320 33.389
37330 33.3643
37340 33.3549
37350 33.362
37360 33.3832
37370 33.413
37380 33.4453
37390 33.4781
37400 33.5115
37410 33.5436
37420 33.5708
37430 33.5924
37440 33.6119
37450 33.633
37460 33.6563
37470 33.6795
37480 33.7002
37490 33.7155
37500 33.7212
37510 33.7134
37520 33.6909
37530 33.6543
37540 33.6036
37550 33.5421
37560 33.4783
37570 33.4204
37580 33.371
37590 33.3312
37600 33.3024
37610 33.2837
37620 33.2716
37630 33.26
37640 33.2435
37650 33.2168
37660 33.1781
37670 33.1294
37680 33.0791
37690 33.0383
37700 33.0109
37710 32.9947
37720 32.9897
37730 33.0014
37740 33.0303
37750 33.0675
37760 33.1046
37770 33.1408
37780 33.1776
37790 33.2123
37800 33.2434
37810 33.2756
37820 33.3139
37830 33.3607
37840 33.4165
37850 33.4802
37860 33.5468
37870 33.6133
37880 33.6807
37890 33.7463
37900 33.8041
37910 33.8532
37920 33.8964
37930 33.9353
37940 33.9694
37950 33.9992
37960 34.0252
37970 34.0477
37980 34.0666
37990 34.0805
38000 34.0874
38010 34.0879
38020 34.0856
38030 34.084
38040 34.0826
38050 34.0781
38060 34.0691
38070 34.0571
38080 34.0465
38090 34.0435
38100 34.0497
38110 34.0591
38120 34.0661
38130 34.0733
38140 34.0903
38150 34.1225
38160 34.1679
38170 34.2188
38180 34.2679
38190 34.3094
38200 34.3364
38210 34.3473
38220 34.3492
38230 34.3514
38240 34.3566
38250 34.3604
38260 34.3563
38270 34.3429
38280 34.326
38290 34.3132
38300 34.3096
38310 34.3113
38320 34.3115
38330 34.3087
38340 34.3028
38350 34.292
38360 34.2785
38370 34.2678
38380 34.2608
38390 34.2565
38400 34.2563
38410 34.2612
38420 34.268
38430 34.2719
38440 34.2716
38450 34.2687
38460 34.2646
38470 34.259
38480 34.2527
38490 34.2469
38500 34.2421
38510 34.2374
38520 34.233
38530 34.2312
38540 34.2329
38550 34.2349
38560 34.2384
38570 34.2512
38580 34.2772
38590 34.3124
38600 34.3489
38610 34.3807
38620 34.406
38630 34.4243
38640 34.4362
38650 34.4434
38660 34.449
38670 34.4549
38680 34.4614
38690 34.468
38700 34.4729
38710 34.4743
38720 34.4716
38730 34.4646
38740 34.4533
38750 34.4396
38760 34.4273
38770 34.4219
38780 34.4287
38790 34.4488
38800 34.4784
38810 34.5131
38820 34.5473
38830 34.5713
38840 34.5762
38850 34.5617
38860 34.5347
38870 34.5029
38880 34.4739
38890 34.4541
38900 34.4434
38910 34.4379
38920 34.4382
38930 34.447
38940 34.4623
38950 34.4767
38960 34.4849
38970 34.4892
38980 34.4952
38990 34.5042
39000 34.512
39010 34.5136
39020 34.5104
39030 34.5095
39040 34.5174
39050 34.539
39060 34.5791
39070 34.6381
39080 34.7087
39090 34.7813
39100 34.8503
39110 34.9172
39120 34.9824
39130 35.0398
39140 35.0845
39150 35.1179
39160 35.1467
39170 35.1766
39180 35.213
39190 35.2587
39200 35.3096
39210 35.3588
39220 35.4026
39230 35.4377
39240 35.4592
39250 35.4648
39260 35.4548
39270 35.4312
39280 35.4012
39290 35.3726
39300 35.3462
39310 35.3185
39320 35.2916
39330 35.2723
39340 35.2639
39350 35.2631
39360 35.2669
39370 35.2772
39380 35.2959
39390 35.3215
39400 35.35
39410 35.3766
39420 35.3984
39430 35.4158
39440 35.4309
39450 35.4464
39460 35.4665
39470 35.4949
39480 35.5276
39490 35.5571
39500 35.5804
39510 35.5998
39520 35.6202
39530 35.6479
39540 35.6873
39550 35.7366
39560 35.7888
39570 35.8418
39580 35.8994
39590 35.9625
39600 36.0299
39610 36.1017
39620 36.1759
39630 36.2483
39640 36.3176
39650 36.3868
39660 36.4581
39670 36.5319
39680 36.6086
39690 36.6874
39700 36.7635
39710 36.8299
39720 36.8839
39730 36.9267
39740 36.9577
39750 36.9748
39760 36.979
39770 36.9749
39780 36.9678
39790 36.9618
39800 36.9611
39810 36.9708
39820 36.9938
39830 37.0298
39840 37.0758
39850 37.1245
39860 37.1667
39870 37.1979
39880 37.2228
39890 37.2456
39900 37.2617
39910 37.266
39920 37.2609
39930 37.2505
39940 37.2379
39950 37.2283
39960 37.2278
39970 37.2391
39980 37.2612
39990 37.2898
40000 37.3169
40010 37.3343
40020 37.3374
40030 37.3313
40040 37.3243
40050 37.321
40060 37.322
40070 37.3242
40080 37.3242
40090 37.3219
40100 37.3207
40110 37.3225
40120 37.3269
40130 37.3344
40140 37.3481
40150 37.3715
40160 37.4025
40170 37.4323
40180 37.4527
40190 37.4624
40200 37.4664
40210 37.4682
40220 37.4676
40230 37.4584
40240 37.4344
40250 37.394
40260 37.3376
40270 37.2669
40280 37.1891
40290 37.1179
40300 37.063
40310 37.0252
40320 36.999
40330 36.9816
40340 36.9743
40350 36.978
40360 36.9893
40370 37.0039
40380 37.0218
40390 37.0466
40400 37.0799
40410 37.117
40420 37.1527
40430 37.185
40440 37.2139
40450 37.2394
40460 37.2616
40470 37.2818
40480 37.3029
40490 37.325
40500 37.3433
40510 37.353
40520 37.3529
40530 37.343
40540 37.3237
40550 37.2964
40560 37.2637
40570 37.229
40580 37.1955
40590 37.1652
40600 37.14
40610 37.1279
40620 37.1368
40630 37.1662
40640 37.2109
40650 37.2666
40660 37.331
40670 37.3976
40680 37.4591
40690 37.5114
40700 37.5549
40710 37.5918
40720 37.6218
40730 37.642
40740 37.6533
40750 37.6624
40760 37.6728
40770 37.683
40780 37.689
40790 37.6877
40800 37.6813
40810 37.6754
40820 37.6698
40830 37.6593
40840 37.6467
40850 37.6423
40860 37.6492
40870 37.6664
40880 37.6962
40890 37.738
40900 37.7858
40910 37.837
40920 37.8958
40930 37.9649
40940 38.0389
40950 38.1107
40960 38.1766
40970 38.2342
40980 38.2818
40990 38.3209
41000 38.3562
41010 38.3892
41020 38.416
41030 38.4357
41040 38.4499
41050 38.4562
41060 38.453
41070 38.4413
41080 38.4219
41090 38.3974
41100 38.3722
41110 38.3485
41120 38.3254
41130 38.3065
41140 38.2982
41150 38.3007
41160 38.3124
41170 38.3361
41180 38.3735
41190 38.4176
41200 38.4592
41210 38.4889
41220 38.4991
41230 38.4867
41240 38.4593
41250 38.4286
41260 38.3988
41270 38.3715
41280 38.3541
41290 38.3518
41300 38.3599
41310 38.3658
41320 38.3631
41330 38.3536
41340 38.3379
41350 38.3123
41360 38.2795
41370 38.2456
41380 38.2152
41390 38.1906
41400 38.1692
41410 38.1456
41420 38.1178
41430 38.0886
41440 38.0622
41450 38.0378
41460 38.0133
41470 37.9907
41480 37.9724
41490 37.9568
41500 37.94
41510 37.921
41520 37.9019
41530 37.8827
41540 37.862
41550 37.8429
41560 37.8313
41570 37.8276
41580 37.8283
41590 37.8322
41600 37.8389
41610 37.8469
41620 37.8552
41630 37.8613
41640 37.8633
41650 37.8628
41660 37.8621
41670 37.8634
41680 37.8707
41690 37.8857
41700 37.9031
41710 37.9164
41720 37.9248
41730 37.9301
41740 37.9331
41750 37.9371
41760 37.9451
41770 37.9563
41780 37.9679
41790 37.9802
41800 37.9936
41810 38.01
41820 38.0329
41830 38.0636
41840 38.1009
41850 38.1418
41860 38.1848
41870 38.2297
41880 38.2773
41890 38.3289
41900 38.3838
41910 38.4353
41920 38.4778
41930 38.5167
41940 38.565
41950 38.6236
41960 38.6832
41970 38.7377
41980 38.7863
41990 38.8286
42000 38.8655
42010 38.8995
42020 38.9304
42030 38.9578
42040 38.9831
42050 39.0071
42060 39.0299
42070 39.0525
42080 39.0747
42090 39.0933
42100 39.1074
42110 39.1233
42120 39.1451
42130 39.1656
42140 39.1803
42150 39.1942
42160 39.2103
42170 39.2249
42180 39.2347
42190 39.2414
42200 39.2496
42210 39.2604
42220 39.2698
42230 39.2721
42240 39.2615
42250 39.2354
42260 39.1963
42270 39.1535
42280 39.1168
42290 39.0898
42300 39.069
42310 39.0495
42320 39.0276
42330 38.9991
42340 38.9644
42350 38.93
42360 38.9011
42370 38.8771
42380 38.8554
42390 38.8369
42400 38.8223
42410 38.8069
42420 38.7886
42430 38.7712
42440 38.759
42450 38.7533
42460 38.7519
42470 38.7505
42480 38.746
42490 38.7381
42500 38.7306
42510 38.7264
42520 38.7269
42530 38.732
42540 38.7409
42550 38.7549
42560 38.7763
42570 38.8028
42580 38.8269
42590 38.8446
42600 38.8581
42610 38.8722
42620 38.8851
42630 38.8884
42640 38.8799
42650 38.8621
42660 38.8317
42670 38.783
42680 38.7185
42690 38.6528
42700 38.6003
42710 38.5668
42720 38.5508
42730 38.5495
42740 38.5622
42750 38.5857
42760 38.6114
42770 38.6309
42780 38.6412
42790 38.6424
42800 38.6342
42810 38.6172
42820 38.5969
42830 38.5796
42840 38.5687
42850 38.5662
42860 38.5735
42870 38.5845
42880 38.5904
42890 38.5877
42900 38.575
42910 38.5519
42920 38.5243
42930 38.4966
42940 38.4705
42950 38.4508
42960 38.4434
42970 38.4468
42980 38.4557
42990 38.4662
43000 38.4762
43010 38.4824
43020 38.48
43030 38.4665
43040 38.4436
43050 38.4135
43060 38.3802
43070 38.349
43080 38.3231
43090 38.3042
43100 38.294
43110 38.291
43120 38.2917
43130 38.2964
43140 38.3072
43150 38.3243
43160 38.3488
43170 38.3824
43180 38.4224
43190 38.4644
43200 38.5094
43210 38.5607
43220 38.6169
43230 38.6749
43240 38.7309
43250 38.7782
43260 38.8106
43270 38.8299
43280 38.842
43290 38.8489
43300 38.8471
43310 38.8343
43320 38.8106
43330 38.7773
43340 38.7353
43350 38.6826
43360 38.6156
43370 38.5371
43380 38.4528
43390 38.3686
43400 38.2891
43410 38.2177
43420 38.1577
43430 38.1119
43440 38.0803
43450 38.0585
43460 38.044
43470 38.0372
43480 38.0369
43490 38.0412
43500 38.0505
43510 38.065
43520 38.0832
43530 38.1041
43540 38.1284
43550 38.1595
43560 38.2001
43570 38.2532
43580 38.3226
43590 38.4088
43600 38.5096
43610 38.6192
43620 38.7256
43630 38.8159
43640 38.8856
43650 38.9347
43660 38.9618
43670 38.9703
43680 38.9694
43690 38.9664
43700 38.9669
43710 38.9752
43720 38.9936
43730 39.0193
43740 39.0466
43750 39.0737
43760 39.1022
43770 39.1327
43780 39.1651
43790 39.2002
43800 39.2383
43810 39.275
43820 39.3053
43830 39.3315
43840 39.3562
43850 39.3764
43860 39.3944
43870 39.4203
43880 39.4593
43890 39.5078
43900 39.5603
43910 39.6148
43920 39.6701
43930 39.7238
43940 39.7709
43950 39.8041
43960 39.8202
43970 39.8172
43980 39.7947
43990 39.7558
44000 39.7046
44010 39.6415
44020 39.5646
44030 39.4758
44040 39.3839
44050 39.2972
44060 39.2174
44070 39.1443
44080 39.0799
44090 39.0258
44100 38.9798
44110 38.9372
44120 38.896
44130 38.8538
44140 38.8079
44150 38.7597
44160 38.7099
44170 38.6582
44180 38.6102
44190 38.575
44200 38.5562
44210 38.5507
44220 38.5559
44230 38.57
44240 38.587
44250 38.5994
44260 38.6049
44270 38.6052
44280 38.605
44290 38.609
44300 38.6187
44310 38.6331
44320 38.6522
44330 38.6783
44340 38.7125
44350 38.7553
44360 38.8065
44370 38.8611
44380 38.9134
44390 38.96
44400 38.9992
44410 39.031
44420 39.0548
44430 39.0707
44440 39.0802
44450 39.0816
44460 39.075
44470 39.0664
44480 39.0632
44490 39.0693
44500 39.0843
44510 39.1043
44520 39.1235
44530 39.1356
44540 39.1333
44550 39.1149
44560 39.0849
44570 39.0498
44580 39.0155
44590 38.9855
44600 38.9607
44610 38.9402
44620 38.9215
44630 38.9029
44640 38.8851
44650 38.8721
44660 38.8664
44670 38.8647
44680 38.8639
44690 38.8652
44700 38.8701
44710 38.8766
44720 38.8772
44730 38.8658
44740 38.8441
44750 38.8131
44760 38.7678
44770 38.7086
44780 38.6454
44790 38.5867
44800 38.5332
44810 38.4854
44820 38.4455
44830 38.4107
44840 38.3755
44850 38.3416
44860 38.3134
44870 38.2898
44880 38.2658
44890 38.2397
44900 38.215
44910 38.1975
44920 38.1915
44930 38.1967
44940 38.2087
44950 38.2231
44960 38.2389
44970 38.257
44980 38.2793
44990 38.3061
45000 38.3331
45010 38.3534
45020 38.3624
45030 38.3611
45040 38.3523
45050 38.3394
45060 38.3269
45070 38.3178
45080 38.31
45090 38.3025
45100 38.2988
45110 38.2998
45120 38.3016
45130 38.3019
45140 38.3005
45150 38.2948
45160 38.2836
45170 38.2711
45180 38.2632
45190 38.2651
45200 38.2788
45210 38.3047
45220 38.3398
45230 38.3766
45240 38.411
45250 38.4464
45260 38.4861
45270 38.529
45280 38.5716
45290 38.6104
45300 38.6438
45310 38.6724
45320 38.6996
45330 38.7267
45340 38.7506
45350 38.7689
45360 38.7806
45370 38.7834
45380 38.7776
45390 38.768
45400 38.7608
45410 38.7573
45420 38.756
45430 38.7547
45440 38.7526
45450 38.7498
45460 38.7479
45470 38.7489
45480 38.7553
45490 38.7664
45500 38.7769
45510 38.7827
45520 38.7851
45530 38.7864
45540 38.7867
45550 38.7857
45560 38.7852
45570 38.7881
45580 38.7934
45590 38.7994
45600 38.8064
45610 38.8142
45620 38.8245
45630 38.8397
45640 38.8576
45650 38.8738
45660 38.8875
45670 38.8992
45680 38.9048
45690 38.9008
45700 38.8909
45710 38.8818
45720 38.8751
45730 38.8695
45740 38.8673
45750 38.8709
45760 38.8748
45770 38.8701
45780 38.855
45790 38.8305
45800 38.7969
45810 38.7564
45820 38.7161
45830 38.6791
45840 38.6435
45850 38.6084
45860 38.5754
45870 38.5476
45880 38.528
45890 38.5229
45900 38.5356
45910 38.5631
45920 38.5991
45930 38.6403
45940 38.6875
45950 38.7403
45960 38.7953
45970 38.8518
45980 38.911
45990 38.9664
46000 39.0063
46010 39.0283
46020 39.0414
46030 39.0535
46040 39.065
46050 39.0733
46060 39.0765
46070 39.0753
46080 39.0745
46090 39.0807
46100 39.0948
46110 39.1096
46120 39.1196
46130 39.128
46140 39.1388
46150 39.1508
46160 39.1666
46170 39.1905
46180 39.222
46190 39.2579
46200 39.2967
46210 39.3374
46220 39.3789
46230 39.4202
46240 39.4596
46250 39.4933
46260 39.5206
46270 39.5429
46280 39.5586
46290 39.5661
46300 39.5656
46310 39.5586
46320 39.547
46330 39.534
46340 39.5199
46350 39.5013
46360 39.4768
46370 39.4485
46380 39.4191
46390 39.3917
46400 39.367
46410 39.3433
46420 39.3196
46430 39.2988
46440 39.2867
46450 39.2867
46460 39.2998
46470 39.3284
46480 39.3756
46490 39.4397
46500 39.5129
46510 39.5864
46520 39.6547
46530 39.7169
46540 39.7732
46550 39.8222
46560 39.8625
46570 39.894
46580 39.9181
46590 39.935
46600 39.9483
46610 39.965
46620 39.9877
46630 40.0118
46640 40.0332
46650 40.0503
46660 40.0582
46670 40.0534
46680 40.0389
46690 40.0189
46700 39.9922
46710 39.955
46720 39.908
46730 39.8545
46740 39.7948
46750 39.727
46760 39.6512
46770 39.5708
46780 39.49
46790 39.4143
46800 39.3475
46810 39.288
46820 39.2328
46830 39.1846
46840 39.148
46850 39.1225
46860 39.1065
46870 39.101
46880 39.1078
46890 39.1273
46900 39.1605
46910 39.209
46920 39.2708
46930 39.3382
46940 39.4024
46950 39.4605
46960 39.5126
46970 39.5578
46980 39.5959
46990 39.6256
47000 39.6463
47010 39.661
47020 39.6706
47030 39.6747
47040 39.6776
47050 39.6871
47060 39.7052
47070 39.7276
47080 39.7508
47090 39.7749
47100 39.7987
47110 39.8209
47120 39.8419
47130 39.8622
47140 39.8813
47150 39.8986
47160 39.9146
47170 39.9317
47180 39.95
47190 39.9686
47200 39.9865
47210 40.0031
47220 40.0183
47230 40.0336
47240 40.0498
47250 40.0645
47260 40.0771
47270 40.0922
47280 40.1128
47290 40.139
47300 40.1703
47310 40.2001
47320 40.2178
47330 40.2216
47340 40.2198
47350 40.2199
47360 40.221
47370 40.2237
47380 40.2342
47390 40.2549
47400 40.2802
47410 40.305
47420 40.3279
47430 40.3478
47440 40.3616
47450 40.3668
47460 40.367
47470 40.3674
47480 40.3701
47490 40.3735
47500 40.3776
47510 40.3869
47520 40.4056
47530 40.4317
47540 40.4629
47550 40.5036
47560 40.5593
47570 40.6258
47580 40.6917
47590 40.7495
47600 40.7964
47610 40.8311
47620 40.851
47630 40.8567
47640 40.8533
47650 40.844
47660 40.8266
47670 40.7982
47680 40.7583
47690 40.7095
47700 40.6576
47710 40.6069
47720 40.5571
47730 40.5085
47740 40.4619
47750 40.4164
47760 40.3726
47770 40.3339
47780 40.3037
47790 40.2836
47800 40.2758
47810 40.2802
47820 40.2917
47830 40.3076
47840 40.331
47850 40.3614
47860 40.392
47870 40.4206
47880 40.4523
47890 40.4928
47900 40.5424
47910 40.5997
47920 40.6652
47930 40.7375
47940 40.8142
47950 40.8928
47960 40.9709
47970 41.0498
47980 41.1298
47990 41.2076
48000 41.282
48010 41.3558
48020 41.4292
48030 41.4985
48040 41.5617
48050 41.6194
48060 41.6704
48070 41.7101
48080 41.7372
48090 41.7564
48100 41.7742
48110 41.7952
48120 41.8191
48130 41.8434
48140 41.8653
48150 41.8829
48160 41.8999
48170 41.9256
48180 41.9641
48190 42.0112
48200 42.0639
48210 42.1232
48220 42.1825
48230 42.2315
48240 42.2702
48250 42.3058
48260 42.3414
48270 42.379
48280 42.4226
48290 42.4688
48300 42.5057
48310 42.5279
48320 42.542
48330 42.5552
48340 42.5686
48350 42.5815
48360 42.5963
48370 42.6156
48380 42.6379
48390 42.6592
48400 42.677
48410 42.6919
48420 42.7041
48430 42.7108
48440 42.7097
48450 42.7003
48460 42.6837
48470 42.6642
48480 42.6456
48490 42.6285
48500 42.6114
48510 42.5914
48520 42.5661
48530 42.5346
48540 42.5026
48550 42.4801
48560 42.4711
48570 42.4719
48580 42.4778
48590 42.4874
48600 42.5017
48610 42.5226
48620 42.5525
48630 42.5885
48640 42.6234
48650 42.6542
48660 42.6824
48670 42.7085
48680 42.7316
48690 42.75
48700 42.7618
48710 42.7663
48720 42.7669
48730 42.7669
48740 42.7625
48750 42.7499
48760 42.733
48770 42.7213
48780 42.7195
48790 42.7264
48800 42.7387
48810 42.7546
48820 42.7748
48830 42.7973
48840 42.8168
48850 42.8317
48860 42.8446
48870 42.8545
48880 42.8586
48890 42.8559
48900 42.8478
48910 42.8371
48920 42.8265
48930 42.8191
48940 42.8186
48950 42.8293
48960 42.8527
48970 42.8842
48980 42.9165
48990 42.9453
49000 42.9694
49010 42.9864
49020 42.9956
49030 43.0006
49040 43.0053
49050 43.0084
49060 43.0063
49070 43
49080 42.9959
49090 43.0009
49100 43.0184
49110 43.044
49120 43.0665
49130 43.0814
49140 43.0936
49150 43.1052
49160 43.113
49170 43.1138
49180 43.1106
49190 43.1094
49200 43.1122
49210 43.117
49220 43.121
49230 43.1234
49240 43.1256
49250 43.1303
49260 43.1363
49270 43.1387
49280 43.1328
49290 43.117
49300 43.0954
49310 43.0742
49320 43.0545
49330 43.0344
49340 43.0169
49350 43.0052
49360 42.997
49370 42.9911
49380 42.9902
49390 42.9929
49400 42.9938
49410 42.9925
49420 42.9917
49430 42.9915
49440 42.9892
49450 42.9839
49460 42.9779
49470 42.9744
49480 42.9762
49490 42.984
49500 42.9946
49510 43.0044
49520 43.0118
49530 43.021
49540 43.0387
49550 43.0705
49560 43.1206
49570 43.1906
49580 43.2795
49590 43.3828
49600 43.4931
49610 43.6034
49620 43.7113
49630 43.8109
49640 43.8959
49650 43.9677
49660 44.0295
49670 44.0801
49680 44.12
49690 44.151
49700 44.1686
49710 44.1658
49720 44.1451
49730 44.114
49740 44.0752
49750 44.0317
49760 43.9896
49770 43.9526
49780 43.9196
49790 43.8886
49800 43.8612
49810 43.8391
49820 43.8201
49830 43.8006
49840 43.7836
49850 43.7725
49860 43.7641
49870 43.7528
49880 43.7387
49890 43.7259
49900 43.7171
49910 43.7149
49920 43.7239
49930 43.7466
49940 43.7801
49950 43.8202
49960 43.8638
49970 43.907
49980 43.9458
49990 43.9775
50000 44.0019
50010 44.0208
50020 44.0363
50030 44.0489
50040 44.058
50050 44.063
50060 44.0643
50070 44.0636
50080 44.0644
50090 44.0755
50100 44.1071
50110 44.1601
50120 44.2282
50130 44.3089
50140 44.3958
50150 44.4756
50160 44.5398
50170 44.5886
50180 44.6222
50190 44.6407
50200 44.6479
50210 44.6509
50220 44.652
50230 44.6479
50240 44.6368
50250 44.6191
50260 44.5935
50270 44.5616
50280 44.5282
50290 44.5017
50300 44.4925
50310 44.506
50320 44.5374
50330 44.5774
50340 44.6219
50350 44.6693
50360 44.7177
50370 44.766
50380 44.8146
50390 44.8604
50400 44.9003
50410 44.9359
50420 44.9701
50430 45.0032
50440 45.0336
50450 45.0584
50460 45.0757
50470 45.084
50480 45.0825
50490 45.0717
50500 45.053
50510 45.0285
50520 45.0014
50530 44.9768
50540 44.9581
50550 44.9461
50560 44.9418
50570 44.9446
50580 44.9489
50590 44.9479
50600 44.9371
50610 44.9168
50620 44.8885
50630 44.851
50640 44.8039
50650 44.7523
50660 44.7034
50670 44.661
50680 44.6305
50690 44.6191
50700 44.6286
50710 44.6573
50720 44.7027
50730 44.7626
50740 44.837
50750 44.9229
50760 45.0114
50770 45.0964
50780 45.1785
50790 45.2569
50800 45.3265
50810 45.3818
50820 45.4213
50830 45.4481
50840 45.4687
50850 45.4917
50860 45.5231
50870 45.5606
50880 45.599
50890 45.6387
50900 45.6837
50910 45.7304
50920 45.7723
50930 45.81
50940 45.8451
50950 45.8726
50960 45.885
50970 45.882
50980 45.8729
50990 45.8677
51000 45.8672
51010 45.8682
51020 45.8711
51030 45.8792
51040 45.893
51050 45.911
51060 45.9335
51070 45.9618
51080 45.9966
51090 46.037
51100 46.0798
51110 46.1184
51120 46.1452
51130 46.1606
51140 46.1724
51150 46.1901
51160 46.2197
51170 46.2612
51180 46.3134
51190 46.3757
51200 46.4449
51210 46.5135
51220 46.5766
51230 46.6313
51240 46.6757
51250 46.7107
51260 46.7404
51270 46.7717
51280 46.812
51290 46.8657
51300 46.9323
51310 47.0031
51320 47.0677
51330 47.1229
51340 47.1721
51350 47.2154
51360 47.2493
51370 47.2732
51380 47.2918
51390 47.3101
51400 47.3297
51410 47.3518
51420 47.3796
51430 47.4148
51440 47.4539
51450 47.4935
51460 47.5333
51470 47.5728
51480 47.6104
51490 47.6447
51500 47.6749
51510 47.7002
51520 47.7206
51530 47.7362
51540 47.7447
51550 47.7444
51560 47.737
51570 47.7263
51580 47.7171
51590 47.7131
51600 47.7144
51610 47.717
51620 47.7219
51630 47.7333
51640 47.7479
51650 47.7598
51660 47.7689
51670 47.7765
51680 47.7784
51690 47.7694
51700 47.7496
51710 47.72
51720 47.6796
51730 47.6272
51740 47.5632
51750 47.4886
51760 47.4056
51770 47.3189
51780 47.2341
51790 47.1559
51800 47.0882
51810 47.0324
51820 46.9891
51830 46.9579
51840 46.9357
51850 46.918
51860 46.9043
51870 46.896
51880 46.8902
51890 46.8823
51900 46.8753
51910 46.8779
51920 46.8931
51930 46.9151
51940 46.94
51950 46.9685
51960 47.0032
51970 47.0457
51980 47.0936
51990 47.1454
52000 47.2008
52010 47.2585
52020 47.3178
52030 47.3792
52040 47.4406
52050 47.5001
52060 47.5582
52070 47.6164
52080 47.6731
52090 47.7231
52100 47.7642
52110 47.8011
52120 47.8392
52130 47.8806
52140 47.9282
52150 47.9821
52160 48.0365
52170 48.0886
52180 48.1401
52190 48.1893
52200 48.2324
52210 48.2686
52220 48.299
52230 48.3206
52240 48.3309
52250 48.3324
52260 48.3301
52270 48.3259
52280 48.3232
52290 48.3269
52300 48.3398
52310 48.3605
52320 48.3827
52330 48.4023
52340 48.419
52350 48.4336
52360 48.4436
52370 48.4443
52380 48.4319
52390 48.4045
52400 48.3607
52410 48.3025
52420 48.2384
52430 48.1769
52440 48.1237
52450 48.083
52460 48.0589
52470 48.0532
52480 48.0613
52490 48.0746
52500 48.0881
52510 48.1066
52520 48.1337
52530 48.1666
52540 48.198
52550 48.2205
52560 48.2347
52570 48.2482
52580 48.2648
52590 48.2832
52600 48.303
52610 48.3261
52620 48.3551
52630 48.3899
52640 48.4222
52650 48.444
52660 48.4551
52670 48.4617
52680 48.4707
52690 48.4804
52700 48.4835
52710 48.4802
52720 48.4797
52730 48.4863
52740 48.4932
52750 48.4933
52760 48.4895
52770 48.4871
52780 48.4851
52790 48.4776
52800 48.4632
52810 48.4464
52820 48.434
52830 48.4297
52840 48.4304
52850 48.4347
52860 48.444
52870 48.4588
52880 48.4768
52890 48.497
52900 48.5208
52910 48.5494
52920 48.5794
52930 48.6056
52940 48.6283
52950 48.6514
52960 48.6768
52970 48.7046
52980 48.7332
52990 48.7607
53000 48.787
53010 48.8149
53020 48.8462
53030 48.8789
53040 48.9104
53050 48.9363
53060 48.9511
53070 48.9507
53080 48.9369
53090 48.9201
53100 48.9087
53110 48.901
53120 48.8951
53130 48.8946
53140 48.9022
53150 48.9181
53160 48.9406
53170 48.9656
53180 48.9879
53190 49.0058
53200 49.0222
53210 49.0422
53220 49.0701
53230 49.1096
53240 49.1621
53250 49.221
53260 49.2765
53270 49.3236
53280 49.363
53290 49.3957
53300 49.4211
53310 49.4398
53320 49.4534
53330 49.4615
53340 49.4642
53350 49.4648
53360 49.4682
53370 49.4754
53380 49.4848
53390 49.4956
53400 49.5067
53410 49.5143
53420 49.5175
53430 49.5185
53440 49.5184
53450 49.518
53460 49.518
53470 49.5218
53480 49.5353
53490 49.5627
53500 49.6039
53510 49.6544
53520 49.7082
53530 49.7624
53540 49.815
53550 49.8618
53560 49.9006
53570 49.9351
53580 49.9716
53590 50.0122
53600 50.0559
53610 50.1022
53620 50.1508
53630 50.197
53640 50.2376
53650 50.2768
53660 50.3187
53670 50.3611
53680 50.403
53690 50.4474
53700 50.4945
53710 50.5394
53720 50.577
53730 50.606
53740 50.629
53750 50.6496
53760 50.6696
53770 50.6889
53780 50.7095
53790 50.7349
53800 50.7648
53810 50.7965
53820 50.8309
53830 50.8705
53840 50.9121
53850 50.9516
53860 50.9915
53870 51.036
53880 51.0882
53890 51.1487
53900 51.2148
53910 51.2782
53920 51.3324
53930 51.3803
53940 51.431
53950 51.4886
53960 51.5486
53970 51.6111
53980 51.6805
53990 51.7542
54000 51.8215
54010 51.8776
54020 51.9246
54030 51.9662
54040 52.0062
54050 52.0462
54060 52.0837
54070 52.1179
54080 52.1518
54090 52.1838
54100 52.2132
54110 52.2434
54120 52.2777
54130 52.318
54140 52.366
54150 52.4206
54160 52.4738
54170 52.5177
54180 52.5512
54190 52.5731
54200 52.5785
54210 52.5665
54220 52.5451
54230 52.5243
54240 52.5106
54250 52.5038
54260 52.4986
54270 52.4909
54280 52.4812
54290 52.4731
54300 52.4711
54310 52.4802
54320 52.5026
54330 52.5359
54340 52.5789
54350 52.6332
54360 52.6943
54370 52.7555
54380 52.8135
54390 52.8673
54400 52.9171
54410 52.9638
54420 53.0051
54430 53.0371
54440 53.0626
54450 53.0867
54460 53.1061
54470 53.1137
54480 53.1067
54490 53.0878
54500 53.0642
54510 53.0399
54520 53.0149
54530 52.9904
54540 52.9677
54550 52.9467
54560 52.9313
54570 52.9296
54580 52.9449
54590 52.9702
54600 52.9978
54610 53.025
54620 53.0508
54630 53.0723
54640 53.0885
54650 53.1045
54660 53.1214
54670 53.1344
54680 53.1427
54690 53.1504
54700 53.1581
54710 53.1658
54720 53.1792
54730 53.2038
54740 53.2359
54750 53.2669
54760 53.2942
54770 53.3173
54780 53.332
54790 53.3357
54800 53.332
54810 53.3277
54820 53.3265
54830 53.3305
54840 53.342
54850 53.3637
54860 53.3954
54870 53.4315
54880 53.4632
54890 53.4867
54900 53.5016
54910 53.5019
54920 53.484
54930 53.4539
54940 53.4189
54950 53.3767
54960 53.3243
54970 53.2703
54980 53.2219
54990 53.175
55000 53.1254
55010 53.0752
55020 53.0265
55030 52.9772
55040 52.9221
55050 52.8571
55060 52.7848
55070 52.7179
55080 52.6709
55090 52.6517
55100 52.6578
55110 52.68
55120 52.7106
55130 52.7459
55140 52.7811
55150 52.8141
55160 52.847
55170 52.8805
55180 52.9114
55190 52.9358
55200 52.9489
55210 52.9467
55220 52.9298
55230 52.9066
55240 52.8878
55250 52.877
55260 52.8717
55270 52.8713
55280 52.8759
55290 52.8828
55300 52.8895
55310 52.8959
55320 52.8996
55330 52.895
55340 52.8796
55350 52.8563
55360 52.8287
55370 52.7991
55380 52.7685
55390 52.7411
55400 52.7235
55410 52.7162
55420 52.7114
55430 52.7005
55440 52.6801
55450 52.6484
55460 52.6034
55470 52.5519
55480 52.5092
55490 52.4873
55500 52.4856
55510 52.4966
55520 52.519
55530 52.5587
55540 52.6164
55550 52.6851
55560 52.7579
55570 52.8307
55580 52.8971
55590 52.9481
55600 52.9788
55610 52.9925
55620 52.9982
55630 53.0041
55640 53.0131
55650 53.0272
55660 53.0489
55670 53.077
55680 53.1076
55690 53.1409
55700 53.1789
55710 53.2185
55720 53.2516
55730 53.2731
55740 53.2839
55750 53.2847
55760 53.2782
55770 53.2725
55780 53.2759
55790 53.2949
55800 53.3339
55810 53.3916
55820 53.4615
55830 53.534
55840 53.6034
55850 53.6703
55860 53.7325
55870 53.7847
55880 53.8284
55890 53.8692
55900 53.9086
55910 53.9459
55920 53.9842
55930 54.0251
55940 54.0647
55950 54.0967
55960 54.1178
55970 54.1273
55980 54.1239
55990 54.1086
56000 54.0899
56010 54.0764
56020 54.0713
56030 54.076
56040 54.0936
56050 54.1243
56060 54.161
56070 54.1939
56080 54.2181
56090 54.237
56100 54.2554
56110 54.271
56120 54.2789
56130 54.2806
56140 54.282
56150 54.2838
56160 54.2825
56170 54.2818
56180 54.2923
56190 54.3189
56200 54.355
56210 54.3943
56220 54.4374
56230 54.4813
56240 54.5169
56250 54.5411
56260 54.5565
56270 54.5608
56280 54.5472
56290 54.515
56300 54.4692
56310 54.4137
56320 54.3538
56330 54.3023
56340 54.2708
56350 54.2588
56360 54.2606
56370 54.2713
56380 54.2863
56390 54.3004
56400 54.3095
56410 54.309
56420 54.2938
56430 54.2633
56440 54.2209
56450 54.1701
56460 54.1154
56470 54.0619
56480 54.0105
56490 53.9593
56500 53.9075
56510 53.8587
56520 53.8201
56530 53.7975
56540 53.7941
56550 53.8071
56560 53.8306
56570 53.8612
56580 53.8976
56590 53.9392
56600 53.9889
56610 54.0459
56620 54.1038
56630 54.1592
56640 54.2151
56650 54.2761
56660 54.344
56670 54.4155
56680 54.4841
56690 54.5453
56700 54.5981
56710 54.6449
56720 54.6863
56730 54.7207
56740 54.7506
56750 54.7769
56760 54.7975
56770 54.814
56780 54.8315
56790 54.8513
56800 54.8724
56810 54.8937
56820 54.9092
56830 54.9113
56840 54.8986
56850 54.8755
56860 54.8464
56870 54.8122
56880 54.7763
56890 54.7457
56900 54.7278
56910 54.7258
56920 54.7365
56930 54.7564
56940 54.7807
56950 54.8054
56960 54.831
56970 54.8564
56980 54.8726
56990 54.8734
57000 54.8668
57010 54.8678
57020 54.8841
57030 54.9143
57040 54.9572
57050 55.0163
57060 55.0913
57070 55.1748
57080 55.2575
57090 55.3327
57100 55.3978
57110 55.4543
57120 55.5054
57130 55.5516
57140 55.5947
57150 55.6381
57160 55.6789
57170 55.7132
57180 55.7416
57190 55.7656
57200 55.7878
57210 55.8113
57220 55.8371
57230 55.8654
57240 55.8991
57250 55.9419
57260 55.9941
57270 56.0504
57280 56.1034
57290 56.1503
57300 56.1932
57310 56.2381
57320 56.2839
57330 56.3231
57340 56.3524
57350 56.3719
57360 56.3804
57370 56.3772
57380 56.3618
57390 56.3345
57400 56.2977
57410 56.2559
57420 56.2127
57430 56.169
57440 56.1248
57450 56.082
57460 56.0435
57470 56.0106
57480 55.9824
57490 55.9592
57500 55.9418
57510 55.9294
57520 55.9179
57530 55.9041
57540 55.8878
57550 55.8693
57560 55.8445
57570 55.8141
57580 55.7829
57590 55.7507
57600 55.7138
57610 55.674
57620 55.6382
57630 55.6097
57640 55.5912
57650 55.5895
57660 55.609
57670 55.6485
57680 55.7015
57690 55.7602
57700 55.8201
57710 55.8772
57720 55.9256
57730 55.9637
57740 55.9968
57750 56.0291
57760 56.0623
57770 56.0992
57780 56.146
57790 56.2033
57800 56.2632
57810 56.3169
57820 56.3642
57830 56.4073
57840 56.4424
57850 56.4645
57860 56.4754
57870 56.4839
57880 56.4955
57890 56.5063
57900 56.5082
57910 56.5026
57920 56.4996
57930 56.5036
57940 56.5135
57950 56.5309
57960 56.5521
57970 56.567
57980 56.5703
57990 56.565
58000 56.5549
58010 56.5413
58020 56.5259
58030 56.5071
58040 56.4788
58050 56.4398
58060 56.3927
58070 56.3358
58080 56.269
58090 56.1984
58100 56.1289
58110 56.0606
58120 55.9933
58130 55.9312
58140 55.8812
58150 55.8494
58160 55.8373
58170 55.8445
58180 55.8709
58190 55.915
58200 55.9723
58210 56.0344
58220 56.0908
58230 56.1334
58240 56.1593
58250 56.1719
58260 56.1782
58270 56.1823
58280 56.1839
58290 56.183
58300 56.1807
58310 56.1767
58320 56.1708
58330 56.1648
58340 56.1647
58350 56.1767
58360 56.2016
58370 56.2352
58380 56.2728
58390 56.3146
58400 56.3646
58410 56.4222
58420 56.4782
58430 56.5253
58440 56.5653
58450 56.6
58460 56.6271
58470 56.6439
58480 56.6485
58490 56.6403
58500 56.6222
58510 56.6006
58520 56.5754
58530 56.5442
58540 56.5104
58550 56.4779
58560 56.4442
58570 56.4086
58580 56.377
58590 56.3538
58600 56.3344
58610 56.3124
58620 56.2846
58630 56.2519
58640 56.2157
58650 56.1742
58660 56.1218
58670 56.0582
58680 55.9925
58690 55.9331
58700 55.8836
58710 55.8502
58720 55.8394
58730 55.8514
58740 55.8836
58750 55.9372
58760 56.0107
58770 56.0959
58780 56.1812
58790 56.2605
58800 56.3362
58810 56.4107
58820 56.4842
58830 56.5594
58840 56.6371
58850 56.714
58860 56.7874
58870 56.8576
58880 56.9271
58890 56.9999
58900 57.078
58910 57.1607
58920 57.2452
58930 57.3245
58940 57.3905
58950 57.4405
58960 57.4735
58970 57.4875
58980 57.4862
58990 57.4769
59000 57.4603
59010 57.4344
59020 57.4012
59030 57.3634
59040 57.3237
59050 57.2859
59060 57.255
59070 57.2353
59080 57.2287
59090 57.2325
59100 57.2408
59110 57.2506
59120 57.2664
59130 57.2943
59140 57.3349
59150 57.3854
59160 57.4421
59170 57.5025
59180 57.5639
59190 57.623
59200 57.6777
59210 57.7255
59220 57.7625
59230 57.787
59240 57.8011
59250 57.8094
59260 57.8153
59270 57.8191
59280 57.8254
59290 57.8442
59300 57.8795
59310 57.9208
59320 57.9521
59330 57.9655
59340 57.9651
59350 57.9561
59360 57.9373
59370 57.9077
59380 57.8718
59390 57.8374
59400 57.8104
59410 57.7932
59420 57.7868
59430 57.7878
59440 57.79
59450 57.792
59460 57.7958
59470 57.8006
59480 57.804
59490 57.8054
59500 57.8042
59510 57.7996
59520 57.7908
59530 57.7793
59540 57.7687
59550 57.7659
59560 57.7793
59570 57.8093
59580 57.8471
59590 57.8917
59600 57.9503
59610 58.0242
59620 58.1063
59630 58.1921
59640 58.2787
59650 58.3597
59660 58.4328
59670 58.501
59680 58.5661
59690 58.6276
59700 58.6856
59710 58.7359
59720 58.7731
59730 58.795
59740 58.8024
59750 58.797
59760 58.7808
59770 58.7582
59780 58.7346
59790 58.7149
59800 58.7038
59810 58.7043
59820 58.7142
59830 58.7305
59840 58.7575
59850 58.7981
59860 58.843
59870 58.8777
59880 58.8979
59890 58.9071
59900 58.9051
59910 58.8894
59920 58.862
59930 58.8259
59940 58.78
59950 58.7257
59960 58.6704
59970 58.621
59980 58.5837
59990 58.5639
60000 58.5629
60010 58.5777
60020 58.6037
60030 58.6407
60040 58.691
60050 58.7537
60060 58.8217
60070 58.8859
60080 58.9411
60090 58.9857
60100 59.0212
60110 59.0479
60120 59.0636
60130 59.067
60140 59.0609
60150 59.0489
60160 59.0323
60170 59.0087
60180 58.9763
60190 58.937
60200 58.8911
60210 58.8429
60220 58.802
60230 58.7706
60240 58.7431
60250 58.714
60260 58.6795
60270 58.6375
60280 58.5933
60290 58.5558
60300 58.5258
60310 58.4994
60320 58.4777
60330 58.4654
60340 58.4597
60350 58.4481
60360 58.4213
60370 58.3828
60380 58.3443
60390 58.3147
60400 58.2966
60410 58.293
60420 58.3058
60430 58.3282
60440 58.3535
60450 58.3785
60460 58.4013
60470 58.4205
60480 58.4346
60490 58.4453
60500 58.4571
60510 58.4735
60520 58.4957
60530 58.5208
60540 58.5437
60550 58.5616
60560 58.5771
60570 58.5933
60580 58.6076
60590 58.6201
60600 58.6425
60610 58.6859
60620 58.746
60630 58.8146
60640 58.8909
60650 58.9712
60660 59.0411
60670 59.091
60680 59.1243
60690 59.1485
60700 59.1667
60710 59.1833
60720 59.2074
60730 59.244
60740 59.2893
60750 59.3352
60760 59.3769
60770 59.4143
60780 59.4433
60790 59.4589
60800 59.4629
60810 59.4604
60820 59.4555
60830 59.453
60840 59.4616
60850 59.4913
60860 59.5466
60870 59.6201
60880 59.6944
60890 59.7541
60900 59.7972
60910 59.8284
60920 59.8461
60930 59.8466
60940 59.834
60950 59.8159
60960 59.7968
60970 59.7782
60980 59.7637
60990 59.7597
61000 59.7708
61010 59.7947
61020 59.8273
61030 59.8699
61040 59.926
61050 59.9933
61060 60.0613
61070 60.1156
61080 60.149
61090 60.1655
61100 60.1701
61110 60.1678
61120 60.1618
61130 60.1525
61140 60.1394
61150 60.1242
61160 60.1112
61170 60.102
61180 60.092
61190 60.0736
61200 60.0457
61210 60.0164
61220 59.9934
61230 59.9781
61240 59.9686
61250 59.9596
61260 59.9437
61270 59.9176
61280 59.8855
61290 59.8527
61300 59.8232
61310 59.8008
61320 59.7883
61330 59.7835
61340 59.7816
61350 59.7799
61360 59.7808
61370 59.7874
61380 59.799
61390 59.8088
61400 59.81
61410 59.8029
61420 59.7902
61430 59.7745
61440 59.759
61450 59.7462
61460 59.7382
61470 59.7364
61480 59.7414
61490 59.7535
61500 59.7749
61510 59.8061
61520 59.8409
61530 59.8731
61540 59.906
61550 59.9478
61560 59.9998
61570 60.0533
61580 60.1003
61590 60.1409
61600 60.1775
61610 60.2072
61620 60.2257
61630 60.2354
61640 60.243
61650 60.2523
61660 60.265
61670 60.2828
61680 60.31
61690 60.3488
61700 60.3942
61710 60.4359
61720 60.4704
61730 60.5008
61740 60.5268
61750 60.5439
61760 60.5491
61770 60.5475
61780 60.5487
61790 60.5589
61800 60.5794
61810 60.6085
61820 60.6455
61830 60.6924
61840 60.7487
61850 60.8089
61860 60.8703
61870 60.9314
61880 60.9904
61890 61.0461
61900 61.0949
61910 61.1303
61920 61.1524
61930 61.1699
61940 61.1866
61950 61.2002
61960 61.2121
61970 61.2281
61980 61.2511
61990 61.2794
62000 61.3082
62010 61.3333
62020 61.3524
62030 61.3661
62040 61.3771
62050 61.3851
62060 61.3884
62070 61.3868
62080 61.3821
62090 61.3758
62100 61.3653
62110 61.3472
62120 61.3223
62130 61.2962
62140 61.2749
62150 61.2596
62160 61.247
62170 61.2333
62180 61.2175
62190 61.2007
62200 61.189
62210 61.1885
62220 61.2025
62230 61.2357
62240 61.2934
62250 61.3763
62260 61.476
62270 61.5762
62280 61.6644
62290 61.7402
62300 61.8058
62310 61.8562
62320 61.8876
62330 61.9001
62340 61.8942
62350 61.8737
62360 61.842
62370 61.7989
62380 61.7489
62390 61.7074
62400 61.6903
62410 61.6994
62420 61.7262
62430 61.7646
62440 61.8099
62450 61.8529
62460 61.8846
62470 61.9021
62480 61.9083
62490 61.906
62500 61.8969
62510 61.8816
62520 61.8618
62530 61.8433
62540 61.8295
62550 61.8181
62560 61.8056
62570 61.7888
62580 61.7651
62590 61.7316
62600 61.6882
62610 61.6386
62620 61.5853
62630 61.5276
62640 61.4671
62650 61.4086
62660 61.3581
62670 61.3236
62680 61.3128
62690 61.3248
62700 61.3526
62710 61.3903
62720 61.4335
62730 61.4778
62740 61.5219
62750 61.5675
62760 61.615
62770 61.6622
62780 61.7085
62790 61.756
62800 61.8037
62810 61.847
62820 61.8856
62830 61.9234
62840 61.9618
62850 62.0028
62860 62.0542
62870 62.1213
62880 62.1981
62890 62.2742
62900 62.3487
62910 62.4246
62920 62.4967
62930 62.5598
62940 62.6171
62950 62.6732
62960 62.7243
62970 62.7635
62980 62.797
62990 62.8369
63000 62.8873
63010 62.9443
63020 63.0037
63030 63.0625
63040 63.1136
63050 63.1499
63060 63.1715
63070 63.1883
63080 63.2097
63090 63.238
63100 63.2718
63110 63.3098
63120 63.3471
63130 63.3766
63140 63.3996
63150 63.4218
63160 63.4449
63170 63.4649
63180 63.4796
63190 63.4882
63200 63.4874
63210 63.4779
63220 63.4648
63230 63.4469
63240 63.4199
63250 63.3864
63260 63.3522
63270 63.3221
63280 63.3023
63290 63.299
63300 63.3135
63310 63.3459
63320 63.3946
63330 63.4518
63340 63.5068
63350 63.5519
63360 63.5829
63370 63.5999
63380 63.6084
63390 63.6145
63400 63.6177
63410 63.611
63420 63.5857
63430 63.5399
63440 63.4813
63450 63.421
63460 63.367
63470 63.3222
63480 63.2861
63490 63.2584
63500 63.2418
63510 63.2359
63520 63.2352
63530 63.2392
63540 63.253
63550 63.2795
63560 63.317
63570 63.3601
63580 63.4062
63590 63.4537
63600 63.4955
63610 63.5246
63620 63.5405
63630 63.5421
63640 63.5266
63650 63.4965
63660 63.4618
63670 63.432
63680 63.412
63690 63.4048
63700 63.4101
63710 63.425
63720 63.4421
63730 63.4554
63740 63.4651
63750 63.475
63760 63.4907
63770 63.5155
63780 63.5478
63790 63.5814
63800 63.6083
63810 63.6253
63820 63.6336
63830 63.6362
63840 63.6372
63850 63.6381
63860 63.6355
63870 63.6264
63880 63.6103
63890 63.5867
63900 63.5602
63910 63.5405
63920 63.5334
63930 63.5399
63940 63.5597
63950 63.5869
63960 63.6142
63970 63.64
63980 63.6653
63990 63.6905
64000 63.7133
64010 63.7318
64020 63.7488
64030 63.7657
64040 63.782
64050 63.7954
64060 63.8003
64070 63.7922
64080 63.7738
64090 63.7505
64100 63.719
64110 63.6756
64120 63.6253
64130 63.5747
64140 63.5258
64150 63.4823
64160 63.4533
64170 63.4409
64180 63.4425
64190 63.4568
64200 63.4812
64210 63.5101
64220 63.5377
64230 63.5602
64240 63.5808
64250 63.6087
64260 63.6499
64270 63.7009
64280 63.7536
64290 63.802
64300 63.839
64310 63.8585
64320 63.8605
64330 63.8475
64340 63.8217
64350 63.7849
64360 63.7399
64370 63.6934
64380 63.6539
64390 63.6273
64400 63.6149
64410 63.617
64420 63.6291
64430 63.6426
64440 63.6509
64450 63.6544
64460 63.6558
64470 63.6539
64480 63.6494
64490 63.648
64500 63.6579
64510 63.6852
64520 63.7331
64530 63.799
64540 63.8744
64550 63.9504
64560 64.0242
64570 64.0972
64580 64.1686
64590 64.2325
64600 64.2846
64610 64.327
64620 64.3664
64630 64.4063
64640 64.445
64650 64.483
64660 64.5202
64670 64.5557
64680 64.5937
64690 64.6373
64700 64.6852
64710 64.7323
64720 64.7739
64730 64.8078
64740 64.8335
64750 64.8531
64760 64.871
64770 64.8904
64780 64.9113
64790 64.9319
64800 64.9499
64810 64.9665
64820 64.9818
64830 64.9926
64840 64.9974
64850 65.0001
64860 65.0059
64870 65.0174
64880 65.0333
64890 65.0514
64900 65.0737
64910 65.1035
64920 65.139
64930 65.1761
64940 65.2139
64950 65.2573
64960 65.3083
64970 65.3615
64980 65.4107
64990 65.452
65000 65.4831
65010 65.5074
65020 65.5289
65030 65.5477
65040 65.5645
65050 65.5831
65060 65.6031
65070 65.6209
65080 65.6358
65090 65.6477
65100 65.6567
65110 65.6652
65120 65.6789
65130 65.7015
65140 65.7344
65150 65.7768
65160 65.8269
65170 65.8826
65180 65.9423
65190 66.0042
65200 66.0671
65210 66.1297
65220 66.1879
65230 66.2347
65240 66.2643
65250 66.2762
65260 66.27
65270 66.2454
65280 66.2075
65290 66.1677
65300 66.1337
65310 66.1082
65320 66.0936
65330 66.092
65340 66.1035
65350 66.1255
65360 66.1526
65370 66.1831
65380 66.221
65390 66.2671
65400 66.3139
65410 66.3528
65420 66.3829
65430 66.4078
65440 66.426
65450 66.4333
65460 66.4305
65470 66.4214
65480 66.4071
65490 66.3846
65500 66.3544
65510 66.3247
65520 66.3067
65530 66.3056
65540 66.3184
65550 66.3393
65560 66.3629
65570 66.3879
65580 66.4161
65590 66.4495
65600 66.4881
65610 66.5294
65620 66.5727
65630 66.6199
65640 66.671
65650 66.7202
65660 66.7602
65670 66.7865
65680 66.8002
65690 66.8086
65700 66.8161
65710 66.8206
65720 66.8204
65730 66.8172
65740 66.8112
65750 66.8012
65760 66.791
65770 66.7866
65780 66.7889
65790 66.793
65800 66.7937
65810 66.7919
65820 66.7918
65830 66.7963
65840 66.8023
65850 66.8044
65860 66.8013
65870 66.7965
65880 66.791
65890 66.7854
65900 66.7826
65910 66.7808
65920 66.7739
65930 66.7629
65940 66.757
65950 66.7622
65960 66.7761
65970 66.794
65980 66.8174
65990 66.8472
66000 66.8783
66010 66.9043
66020 66.9243
66030 66.9384
66040 66.9456
66050 66.9462
66060 66.9434
66070 66.9413
66080 66.9439
66090 66.9532
66100 66.9697
66110 66.9896
66120 67.0036
66130 67.0058
66140 67.0006
66150 66.9921
66160 66.9763
66170 66.9517
66180 66.9258
66190 66.9069
66200 66.8976
66210 66.8975
66220 66.9046
66230 66.9153
66240 66.9257
66250 66.9345
66260 66.9387
66270 66.9347
66280 66.9232
66290 66.9076
66300 66.8892
66310 66.8721
66320 66.8623
66330 66.8613
66340 66.8655
66350 66.8707
66360 66.8761
66370 66.8838
66380 66.8959
66390 66.9147
66400 66.944
66410 66.9826
66420 67.0257
66430 67.0719
66440 67.1234
66450 67.1785
66460 67.2287
66470 67.2686
66480 67.2988
66490 67.3202
66500 67.3339
66510 67.3427
66520 67.3453
66530 67.3382
66540 67.324
66550 67.3082
66560 67.2934
66570 67.2821
66580 67.2777
66590 67.2852
66600 67.3096
66610 67.3522
66620 67.4124
66630 67.4825
66640 67.5526
66650 67.6199
66660 67.6872
66670 67.7552
66680 67.8218
66690 67.8882
66700 67.9579
66710 68.0278
66720 68.0901
66730 68.1451
66740 68.1989
66750 68.254
66760 68.3086
66770 68.3629
66780 68.419
66790 68.4736
66800 68.521
66810 68.56
66820 68.5929
66830 68.62
66840 68.6427
66850 68.6644
66860 68.687
66870 68.7102
66880 68.737
66890 68.7734
66900 68.8184
66910 68.8635
66920 68.9029
66930 68.9334
66940 68.9505
66950 68.9578
66960 68.9645
66970 68.9737
66980 68.9803
66990 68.9774
67000 68.9629
67010 68.938
67020 68.9068
67030 68.8737
67040 68.8392
67050 68.8005
67060 68.7565
67070 68.7097
67080 68.6688
67090 68.6462
67100 68.6466
67110 68.6621
67120 68.6828
67130 68.7032
67140 68.7155
67150 68.7141
67160 68.7037
67170 68.693
67180 68.687
67190 68.6838
67200 68.6845
67210 68.6955
67220 68.7174
67230 68.7446
67240 68.772
67250 68.796
67260 68.8144
67270 68.829
67280 68.8424
67290 68.8549
67300 68.8669
67310 68.8782
67320 68.8869
67330 68.8918
67340 68.8982
67350 68.9102
67360 68.9236
67370 68.9328
67380 68.9374
67390 68.9389
67400 68.9372
67410 68.9307
67420 68.9219
67430 68.9186
67440 68.9233
67450 68.9318
67460 68.9382
67470 68.9393
67480 68.9354
67490 68.9284
67500 68.9124
67510 68.8828
67520 68.847
67530 68.8162
67540 68.7926
67550 68.771
67560 68.7498
67570 68.7314
67580 68.7168
67590 68.7074
67600 68.7029
67610 68.7016
67620 68.7051
67630 68.7166
67640 68.7347
67650 68.7577
67660 68.7856
67670 68.8169
67680 68.846
67690 68.8675
67700 68.8768
67710 68.8744
67720 68.8671
67730 68.8571
67740 68.8419
67750 68.8256
67760 68.8186
67770 68.8264
67780 68.8509
67790 68.8945
67800 68.9576
67810 69.033
67820 69.1132
67830 69.1956
67840 69.2746
67850 69.3403
67860 69.3897
67870 69.4288
67880 69.4619
67890 69.486
67900 69.4961
67910 69.4922
67920 69.4773
67930 69.4589
67940 69.4476
67950 69.449
67960 69.4616
67970 69.4799
67980 69.4985
67990 69.5186
68000 69.5426
68010 69.5662
68020 69.5849
68030 69.6027
68040 69.62
68050 69.6269
68060 69.6191
68070 69.6051
68080 69.5937
68090 69.5861
68100 69.5809
68110 69.5785
68120 69.5782
68130 69.5783
68140 69.576
68150 69.5687
68160 69.5542
68170 69.5322
68180 69.5047
68190 69.4793
68200 69.466
68210 69.4667
68220 69.4739
68230 69.4842
68240 69.5021
68250 69.5329
68260 69.5757
68270 69.622
68280 69.6601
68290 69.6806
68300 69.6857
68310 69.6813
68320 69.6723
68330 69.6625
68340 69.6549
68350 69.6519
68360 69.6529
68370 69.6543
68380 69.6586
68390 69.6725
68400 69.6926
68410 69.7098
68420 69.7231
68430 69.7371
68440 69.7505
68450 69.7595
68460 69.7638
68470 69.7654
68480 69.766
68490 69.7669
68500 69.7709
68510 69.7829
68520 69.8054
68530 69.8341
68540 69.8676
68550 69.9078
68560 69.9514
68570 69.9916
68580 70.0264
68590 70.058
68600 70.0851
68610 70.1068
68620 70.1255
68630 70.1419
68640 70.1551
68650 70.1729
68660 70.2083
68670 70.2638
68680 70.3297
68690 70.3963
68700 70.4605
68710 70.5199
68720 70.5725
68730 70.6235
68740 70.6756
68750 70.7237
68760 70.7619
68770 70.7926
68780 70.8233
68790 70.8607
68800 70.9081
68810 70.9626
68820 71.0139
68830 71.0492
68840 71.0643
68850 71.0599
68860 71.035
68870 70.991
68880 70.9357
68890 70.8753
68900 70.8119
68910 70.7478
68920 70.6855
68930 70.6322
68940 70.5975
68950 70.5815
68960 70.5761
68970 70.5743
68980 70.5719
68990 70.5633
69000 70.5416
69010 70.5076
69020 70.4732
69030 70.4489
69040 70.4307
69050 70.4085
69060 70.3779
69070 70.3361
69080 70.2781
69090 70.2053
69100 70.1243
69110 70.0366
69120 69.9401
69130 69.8362
69140 69.7341
69150 69.6402
69160 69.5546
69170 69.4796
69180 69.4186
69190 69.3701
69200 69.3333
69210 69.3067
69220 69.287
69230 69.2682
69240 69.242
69250 69.2032
69260 69.1575
69270 69.1174
69280 69.0868
69290 69.0598
69300 69.0329
69310 69.0045
69320 68.9712
69330 68.9321
69340 68.8929
69350 68.8615
69360 68.8453
69370 68.847
69380 68.8678
69390 68.9092
69400 68.9708
69410 69.0473
69420 69.1312
69430 69.2177
69440 69.303
69450 69.3784
69460 69.4358
69470 69.4753
69480 69.4976
69490 69.5014
69500 69.4883
69510 69.4664
69520 69.4436
69530 69.4204
69540 69.3925
69550 69.3581
69560 69.3181
69570 69.2776
69580 69.2434
69590 69.2208
69600 69.2156
69610 69.2286
69620 69.2563
69630 69.2927
69640 69.3293
69650 69.3566
69660 69.3693
69670 69.3706
69680 69.37
69690 69.3757
69700 69.3913
69710 69.4146
69720 69.4435
69730 69.4782
69740 69.5169
69750 69.5574
69760 69.6028
69770 69.6584
69780 69.7244
69790 69.795
69800 69.8624
69810 69.9227
69820 69.9769
69830 70.0315
69840 70.0928
69850 70.1599
69860 70.2284
69870 70.2958
69880 70.3562
69890 70.4083
69900 70.4616
69910 70.5215
69920 70.5818
69930 70.6391
69940 70.6957
69950 70.7498
69960 70.7942
69970 70.827
69980 70.8542
69990 70.8831
70000 70.9197
70010 70.9655
70020 71.017
70030 71.0669
70040 71.1108
70050 71.1511
70060 71.1922
70070 71.2309
70080 71.2606
70090 71.2843
70100 71.3078
70110 71.3305
70120 71.3519
70130 71.3782
70140 71.4161
70150 71.4658
70160 71.5267
70170 71.5956
70180 71.6621
70190 71.7134
70200 71.7385
70210 71.7336
70220 71.7073
70230 71.6736
70240 71.6384
70250 71.5996
70260 71.56
70270 71.5261
70280 71.5004
70290 71.4813
70300 71.4695
70310 71.4699
70320 71.4867
70330 71.5187
70340 71.5602
70350 71.6034
70360 71.6453
70370 71.6885
70380 71.7351
70390 71.7862
70400 71.8389
70410 71.8851
70420 71.9195
70430 71.9408
70440 71.951
70450 71.953
70460 71.9492
70470 71.9408
70480 71.9301
70490 71.92
70500 71.9062
70510 71.8786
70520 71.8363
70530 71.7895
70540 71.7479
70550 71.7155
70560 71.6968
70570 71.6972
70580 71.7171
70590 71.7545
70600 71.8091
70610 71.8823
70620 71.9675
70630 72.0513
70640 72.1213
70650 72.1699
70660 72.1946
70670 72.1962
70680 72.1779
70690 72.1458
70700 72.1065
70710 72.0633
70720 72.0152
70730 71.9621
70740 71.9095
70750 71.8637
70760 71.8247
70770 71.7892
70780 71.7582
70790 71.736
70800 71.7233
70810 71.7187
70820 71.7206
70830 71.7249
70840 71.7293
70850 71.7389
70860 71.7577
70870 71.7837
70880 71.8136
70890 71.8443
70900 71.8739
70910 71.9019
70920 71.9257
70930 71.9392
70940 71.9358
70950 71.9123
70960 71.8738
70970 71.8266
70980 71.7719
70990 71.7117
71000 71.6539
71010 71.6077
71020 71.5809
71030 71.576
71040 71.5878
71050 71.6091
71060 71.6352
71070 71.6645
71080 71.6936
71090 71.7172
71100 71.7312
71110 71.7293
71120 71.7059
71130 71.6609
71140 71.5957
71150 71.5112
71160 71.4112
71170 71.3042
71180 71.2037
71190 71.1215
71200 71.0634
71210 71.0307
71220 71.0213
71230 71.0314
71240 71.0571
71250 71.0893
71260 71.1173
71270 71.1407
71280 71.1677
71290 71.2031
71300 71.2431
71310 71.2838
71320 71.3261
71330 71.3692
71340 71.4085
71350 71.4443
71360 71.4801
71370 71.5153
71380 71.5493
71390 71.585
71400 71.621
71410 71.6485
71420 71.6597
71430 71.6551
71440 71.6397
71450 71.6193
71460 71.5973
71470 71.5787
71480 71.5724
71490 71.5846
71500 71.6116
71510 71.6456
71520 71.685
71530 71.7292
71540 71.7689
71550 71.7947
71560 71.8013
71570 71.7854
71580 71.7476
71590 71.6991
71600 71.656
71610 71.6257
71620 71.6084
71630 71.6053
71640 71.6154
71650 71.6346
71660 71.6619
71670 71.6969
71680 71.7321
71690 71.7569
71700 71.7714
71710 71.7876
71720 71.8135
71730 71.8488
71740 71.893
71750 71.9505
71760 72.0229
71770 72.1025
71780 72.1766
71790 72.2384
71800 72.2906
71810 72.3401
71820 72.3935
71830 72.4536
71840 72.5173
71850 72.5803
71860 72.6418
71870 72.7029
71880 72.7598
71890 72.803
71900 72.8292
71910 72.843
71920 72.8476
71930 72.8429
71940 72.832
71950 72.8189
71960 72.8021
71970 72.7771
71980 72.7441
71990 72.7022
72000 72.6532
72010 72.6054
72020 72.5658
72030 72.5361
72040 72.5177
72050 72.5118
72060 72.5137
72070 72.5174
72080 72.5245
72090 72.5386
72100 72.5546
72110 72.5648
72120 72.5725
72130 72.5864
72140 72.6083
72150 72.6318
72160 72.6505
72170 72.6611
72180 72.6651
72190 72.6705
72200 72.6854
72210 72.7092
72220 72.7395
72230 72.7779
72240 72.8237
72250 72.8713
72260 72.9136
72270 72.9454
72280 72.9649
72290 72.971
72300 72.9619
72310 72.9411
72320 72.9164
72330 72.8906
72340 72.8609
72350 72.8324
72360 72.8163
72370 72.8135
72380 72.8181
72390 72.8319
72400 72.8592
72410 72.8962
72420 72.9321
72430 72.9626
72440 72.9911
72450 73.0201
72460 73.0483
72470 73.0759
72480 73.1093
72490 73.1537
72500 73.2094
72510 73.2699
72520 73.3256
72530 73.3714
72540 73.4086
72550 73.4358
72560 73.4475
72570 73.4441
72580 73.4333
72590 73.4255
72600 73.4299
72610 73.4514
72620 73.4915
72630 73.5479
72640 73.6135
72650 73.6773
72660 73.7277
72670 73.7525
72680 73.7448
72690 73.709
72700 73.6556
72710 73.5939
72720 73.529
72730 73.4614
72740 73.3893
72750 73.3121
72760 73.2334
72770 73.1598
72780 73.0966
72790 73.0479
72800 73.0151
72810 72.9971
72820 72.9911
72830 72.9954
72840 73.0084
72850 73.0234
72860 73.0336
72870 73.0322
72880 73.0124
72890 72.9744
72900 72.921
72910 72.8529
72920 72.7743
72930 72.6963
72940 72.6298
72950 72.5763
72960 72.5303
72970 72.4929
72980 72.4714
72990 72.4643
73000 72.4618
73010 72.4596
73020 72.4628
73030 72.4723
73040 72.4793
73050 72.4756
73060 72.4624
73070 72.4485
73080 72.4419
73090 72.4503
73100 72.4811
73110 72.5344
73120 72.6006
73130 72.6683
73140 72.7332
73150 72.7962
73160 72.8557
73170 72.9064
73180 72.9473
73190 72.983
73200 73.0186
73210 73.057
73220 73.0991
73230 73.144
73240 73.1882
73250 73.2292
73260 73.2695
73270 73.311
73280 73.3524
73290 73.3945
73300 73.4402
73310 73.4912
73320 73.5503
73330 73.6171
73340 73.6841
73350 73.7445
73360 73.7982
73370 73.8472
73380 73.8907
73390 73.9277
73400 73.9569
73410 73.9759
73420 73.9849
73430 73.9867
73440 73.9832
73450 73.9727
73460 73.9515
73470 73.9208
73480 73.8854
73490 73.8493
73500 73.8144
73510 73.7837
73520 73.7664
73530 73.7707
73540 73.7959
73550 73.8337
73560 73.8744
73570 73.9148
73580 73.9572
73590 74.0031
73600 74.0497
73610 74.09
73620 74.1186
73630 74.1344
73640 74.1426
73650 74.1502
73660 74.1592
73670 74.1697
73680 74.1846
73690 74.205
73700 74.2236
73710 74.2295
73720 74.2194
73730 74.1973
73740 74.167
73750 74.1282
73760 74.0784
73770 74.0203
73780 73.9641
73790 73.9168
73800 73.8853
73810 73.8762
73820 73.8885
73830 73.9155
73840 73.9494
73850 73.9834
73860 74.0078
73870 74.0148
73880 74.0067
73890 73.9887
73900 73.9653
73910 73.9423
73920 73.9274
73930 73.9256
73940 73.9352
73950 73.9554
73960 73.983
73970 74.0095
73980 74.0278
73990 74.037
74000 74.0403
74010 74.0402
74020 74.0353
74030 74.0227
74040 74.0038
74050 73.9849
74060 73.9706
74070 73.9648
74080 73.9713
74090 73.9893
74100 74.0131
74110 74.0382
74120 74.0593
74130 74.0676
74140 74.0567
74150 74.0286
74160 73.9895
74170 73.9472
74180 73.9101
74190 73.8825
74200 73.8658
74210 73.859
74220 73.8578
74230 73.858
74240 73.8581
74250 73.8582
74260 73.8564
74270 73.8492
74280 73.8364
74290 73.8217
74300 73.8084
74310 73.7931
74320 73.7725
74330 73.7498
74340 73.7285
74350 73.704
74360 73.6703
74370 73.6291
74380 73.5879
74390 73.5574
74400 73.5486
74410 73.5664
74420 73.6075
74430 73.6643
74440 73.7318
74450 73.8022
74460 73.8632
74470 73.91
74480 73.9436
74490 73.9644
74500 73.9709
74510 73.9675
74520 73.9673
74530 73.9802
74540 74.0056
74550 74.0339
74560 74.0608
74570 74.0851
74580 74.0977
74590 74.0899
74600 74.0656
74610 74.0386
74620 74.018
74630 74.0024
74640 73.9866
74650 73.9705
74660 73.9603
74670 73.9631
74680 73.9804
74690 74.0071
74700 74.0357
74710 74.0622
74720 74.0838
74730 74.0998
74740 74.1126
74750 74.1224
74760 74.1266
74770 74.1255
74780 74.122
74790 74.1143
74800 74.102
74810 74.0952
74820 74.1037
74830 74.1233
74840 74.1475
74850 74.1744
74860 74.2036
74870 74.231
74880 74.2542
74890 74.2759
74900 74.2992
74910 74.323
74920 74.346
74930 74.3707
74940 74.3996
74950 74.4308
74960 74.4625
74970 74.4985
74980 74.5402
74990 74.5825
75000 74.6212
75010 74.6529
75020 74.6731
75030 74.6788
75040 74.6708
75050 74.6493
75060 74.6115
75070 74.5617
75080 74.5154
75090 74.4861
75100 74.4738
75110 74.4712
75120 74.4777
75130 74.4918
75140 74.5016
75150 74.4987
75160 74.4922
75170 74.4913
75180 74.4942
75190 74.5022
75200 74.5276
75210 74.5773
75220 74.6447
75230 74.7195
75240 74.7915
75250 74.8515
75260 74.8977
75270 74.9377
75280 74.9815
75290 75.0301
75300 75.0808
75310 75.1337
75320 75.1861
75330 75.2312
75340 75.2664
75350 75.2912
75360 75.3021
75370 75.3017
75380 75.3001
75390 75.3027
75400 75.3048
75410 75.2992
75420 75.281
75430 75.247
75440 75.1992
75450 75.1464
75460 75.0945
75470 75.0428
75480 74.9924
75490 74.9463
75500 74.902
75510 74.8571
75520 74.8209
75530 74.8013
75540 74.7928
75550 74.7855
75560 74.7752
75570 74.7618
75580 74.7499
75590 74.7435
75600 74.7422
75610 74.744
75620 74.7455
75630 74.7408
75640 74.7255
75650 74.7039
75660 74.6835
75670 74.6641
75680 74.643
75690 74.6249
75700 74.6162
75710 74.6189
75720 74.6319
75730 74.655
75740 74.6863
75750 74.7244
75760 74.7683
75770 74.8134
75780 74.8553
75790 74.8935
75800 74.9271
75810 74.9542
75820 74.9749
75830 74.9944
75840 75.0134
75850 75.0279
75860 75.0369
75870 75.0425
75880 75.0426
75890 75.0274
75900 74.9912
75910 74.9418
75920 74.8936
75930 74.8548
75940 74.8262
75950 74.8019
75960 74.7794
75970 74.7614
75980 74.7496
75990 74.7459
76000 74.7564
76010 74.7892
76020 74.8443
76030 74.9095
76040 74.9698
76050 75.0196
76060 75.0615
76070 75.0986
76080 75.1303
76090 75.1527
76100 75.1655
76110 75.1721
76120 75.1758
76130 75.1808
76140 75.1863
76150 75.1863
76160 75.1801
76170 75.1727
76180 75.1701
76190 75.1757
76200 75.1908
76210 75.2117
76220 75.2327
76230 75.2527
76240 75.2728
76250 75.2901
76260 75.2999
76270 75.3029
76280 75.3028
76290 75.3006
76300 75.2969
76310 75.2932
76320 75.2908
76330 75.2887
76340 75.2838
76350 75.2756
76360 75.2661
76370 75.2569
76380 75.2494
76390 75.249
76400 75.2642
76410 75.2985
76420 75.3488
76430 75.4094
76440 75.4793
76450 75.5633
76460 75.6576
76470 75.7456
76480 75.816
76490 75.8726
76500 75.9227
76510 75.9649
76520 75.9962
76530 76.0243
76540 76.0555
76550 76.0851
76560 76.1099
76570 76.1348
76580 76.1634
76590 76.1915
76600 76.2132
76610 76.2306
76620 76.2518
76630 76.2786
76640 76.3075
76650 76.338
76660 76.3704
76670 76.4034
76680 76.4379
76690 76.4752
76700 76.513
76710 76.5452
76720 76.5709
76730 76.5997
76740 76.6415
76750 76.6969
76760 76.7601
76770 76.8267
76780 76.8973
76790 76.9727
76800 77.0527
76810 77.1336
76820 77.208
76830 77.27
76840 77.318
76850 77.3519
76860 77.3708
76870 77.377
76880 77.374
76890 77.3625
76900 77.3433
76910 77.3266
76920 77.322
76930 77.3254
76940 77.3282
76950 77.3302
76960 77.335
76970 77.3389
76980 77.3368
76990 77.3296
77000 77.3186
77010 77.3003
77020 77.2725
77030 77.2388
77040 77.2033
77050 77.1665
77060 77.1292
77070 77.0962
77080 77.0707
77090 77.0523
77100 77.0392
77110 77.0354
77120 77.0459
77130 77.0671
77140 77.0921
77150 77.1167
77160 77.1415
77170 77.1695
77180 77.2034
77190 77.2446
77200 77.2947
77210 77.3568
77220 77.4303
77230 77.5059
77240 77.571
77250 77.6194
77260 77.6521
77270 77.6747
77280 77.6922
77290 77.705
77300 77.7132
77310 77.7185
77320 77.7248
77330 77.7369
77340 77.7575
77350 77.7833
77360 77.8094
77370 77.834
77380 77.855
77390 77.8685
77400 77.8712
77410 77.8642
77420 77.8516
77430 77.8368
77440 77.8234
77450 77.8103
77460 77.7937
77470 77.7701
77480 77.7375
77490 77.6947
77500 77.6482
77510 77.6122
77520 77.5953
77530 77.5919
77540 77.5959
77550 77.6068
77560 77.6228
77570 77.6411
77580 77.6646
77590 77.6961
77600 77.731
77610 77.7632
77620 77.7931
77630 77.8246
77640 77.8574
77650 77.8908
77660 77.9336
77670 77.9926
77680 78.0647
77690 78.1425
77700 78.2222
77710 78.3024
77720 78.3825
77730 78.4637
77740 78.5456
77750 78.6248
77760 78.6995
77770 78.7687
77780 78.8308
77790 78.8888
77800 78.9496
77810 79.0174
77820 79.0883
77830 79.1526
77840 79.2048
77850 79.251
77860 79.3017
77870 79.3639
77880 79.4366
77890 79.5118
77900 79.5834
77910 79.6518
77920 79.7186
77930 79.7783
77940 79.8228
77950 79.8539
77960 79.8774
77970 79.895
77980 79.9082
77990 79.924
78000 79.9481
78010 79.9753
78020 79.9981
78030 80.0149
78040 80.0289
78050 80.0396
78060 80.0399
78070 80.0234
78080 79.9902
78090 79.947
78100 79.8956
78110 79.831
78120 79.7562
78130 79.688
78140 79.6453
78150 79.6339
78160 79.6487
78170 79.6805
78180 79.7198
78190 79.7584
78200 79.7924
78210 79.8212
78220 79.8441
78230 79.8606
78240 79.8689
78250 79.8644
78260 79.8384
78270 79.7874
78280 79.719
78290 79.6442
78300 79.5707
78310 79.5017
78320 79.4388
78330 79.3821
78340 79.3274
78350 79.2686
78360 79.2069
78370 79.1533
78380 79.1189
78390 79.106
78400 79.1115
78410 79.1341
78420 79.1701
78430 79.2152
78440 79.2667
78450 79.3203
78460 79.3634
78470 79.3836
78480 79.3781
78490 79.3537
78500 79.3227
78510 79.2944
78520 79.2761
78530 79.2714
78540 79.282
78550 79.3041
78560 79.3305
78570 79.3596
78580 79.3925
78590 79.4222
78600 79.44
78610 79.4461
78620 79.4474
78630 79.4487
78640 79.4533
78650 79.4665
78660 79.4938
78670 79.5392
78680 79.6033
78690 79.6841
78700 79.7762
78710 79.869
78720 79.9524
78730 80.0259
78740 80.0947
78750 80.1604
78760 80.2197
78770 80.2736
78780 80.3282
78790 80.3854
78800 80.4373
78810 80.4727
78820 80.4884
78830 80.4916
78840 80.4903
78850 80.4863
78860 80.4774
78870 80.4623
78880 80.4426
78890 80.4187
78900 80.3844
78910 80.3338
78920 80.2726
78930 80.2105
78940 80.1521
78950 80.1016
78960 80.068
78970 80.0556
78980 80.0615
78990 80.0815
79000 80.1168
79010 80.172
79020 80.2435
79030 80.3206
79040 80.3936
79050 80.4535
79060 80.4923
79070 80.5045
79080 80.4925
79090 80.469
79100 80.4497
79110 80.445
79120 80.4602
79130 80.4944
79140 80.5416
79150 80.5914
79160 80.6336
79170 80.6633
79180 80.6787
79190 80.6802
79200 80.6743
79210 80.6698
79220 80.6723
79230 80.6817
79240 80.6947
79250 80.7096
79260 80.7266
79270 80.7457
79280 80.7641
79290 80.7802
79300 80.7938
79310 80.8005
79320 80.7937
79330 80.7744
79340 80.7458
79350 80.7095
79360 80.6757
79370 80.6591
79380 80.665
79390 80.6866
79400 80.7171
79410 80.7507
79420 80.7786
79430 80.7973
79440 80.8141
79450 80.8332
79460 80.8515
79470 80.8686
79480 80.8925
79490 80.9292
79500 80.9744
79510 81.0209
79520 81.0641
79530 81.1002
79540 81.1259
79550 81.1404
79560 81.1435
79570 81.1356
79580 81.1216
79590 81.1108
79600 81.1103
79610 81.1196
79620 81.1387
79630 81.1744
79640 81.2335
79650 81.3146
79660 81.4134
79670 81.5271
79680 81.6479
79690 81.7618
79700 81.8586
79710 81.9304
79720 81.9682
79730 81.9651
79740 81.9246
79750 81.8632
79760 81.8
79770 81.7439
79780 81.6941
79790 81.6478
79800 81.607
79810 81.574
79820 81.5439
79830 81.5064
79840 81.4556
79850 81.3963
79860 81.3367
79870 81.2799
79880 81.2276
79890 81.1835
79900 81.1461
79910 81.1079
79920 81.0688
79930 81.0377
79940 81.0182
79950 81.0021
79960 80.9815
79970 80.9585
79980 80.9398
79990 80.9307
80000 80.932
80010 80.9431
80020 80.9613
80030 80.987
80040 81.0282
80050 81.0935
80060 81.1832
80070 81.2902
80080 81.4055
80090 81.5214
80100 81.6301
80110 81.7249
80120 81.8002
80130 81.8546
80140 81.89
80150 81.9114
80160 81.9247
80170 81.9328
80180 81.9376
80190 81.9419
80200 81.9445
80210 81.9429
80220 81.9377
80230 81.9317
80240 81.9314
80250 81.9439
80260 81.9682
80270 81.9982
80280 82.0346
80290 82.0832
80300 82.1434
80310 82.2071
80320 82.2657
80330 82.3195
80340 82.373
80350 82.4241
80360 82.4665
80370 82.4965
80380 82.518
80390 82.5377
80400 82.5609
80410 82.5889
80420 82.6176
80430 82.6449
80440 82.6733
80450 82.7036
80460 82.7316
80470 82.7537
80480 82.7694
80490 82.7825
80500 82.7952
80510 82.8043
80520 82.8055
80530 82.8001
80540 82.7995
80550 82.8129
80560 82.8392
80570 82.8697
80580 82.8988
80590 82.926
80600 82.9481
80610 82.9557
80620 82.9424
80630 82.9167
80640 82.8936
80650 82.8757
80660 82.8571
80670 82.8414
80680 82.8442
80690 82.8677
80700 82.8973
80710 82.9228
80720 82.9443
80730 82.9621
80740 82.9721
80750 82.9718
80760 82.9616
80770 82.94
80780 82.8993
80790 82.8392
80800 82.7751
80810 82.7247
80820 82.6938
80830 82.6789
80840 82.6722
80850 82.6646
80860 82.6494
80870 82.6273
80880 82.6074
80890 82.5922
80900 82.5717
80910 82.5403
80920 82.5062
80930 82.4756
80940 82.4456
80950 82.414
80960 82.3824
80970 82.3508
80980 82.3175
80990 82.2848
81000 82.255
81010 82.2253
81020 82.1957
81030 82.1706
81040 82.152
81050 82.1396
81060 82.1301
81070 82.119
81080 82.1067
81090 82.1022
81100 82.1153
81110 82.1483
81120 82.1963
81130 82.2534
81140 82.3189
81150 82.3934
81160 82.4694
81170 82.5374
81180 82.5967
81190 82.6512
81200 82.7026
81210 82.7534
81220 82.8057
81230 82.8582
81240 82.9076
81250 82.9526
81260 82.9899
81270 83.0147
81280 83.0214
81290 83.0072
81300 82.9771
81310 82.9361
81320 82.8854
81330 82.8295
81340 82.7763
81350 82.7341
81360 82.7103
81370 82.7107
81380 82.7366
81390 82.7832
81400 82.841
81410 82.8977
81420 82.9393
81430 82.9563
81440 82.9489
81450 82.9269
81460 82.9033
81470 82.8888
81480 82.8853
81490 82.8873
81500 82.8919
81510 82.9032
81520 82.9256
81530 82.9579
81540 82.9949
81550 83.0294
81560 83.0586
81570 83.0854
81580 83.1168
81590 83.1583
81600 83.207
81610 83.2553
81620 83.2951
81630 83.3201
81640 83.3293
81650 83.3257
81660 83.3142
81670 83.3006
81680 83.2915
81690 83.2931
81700 83.3068
81710 83.3255
81720 83.3404
81730 83.3528
81740 83.373
81750 83.404
81760 83.4379
81770 83.4676
81780 83.4893
81790 83.5035
81800 83.5139
81810 83.5252
81820 83.5389
81830 83.5526
81840 83.5638
81850 83.5729
81860 83.5816
81870 83.593
81880 83.6113
81890 83.6385
81900 83.6726
81910 83.7094
81920 83.7478
81930 83.7889
81940 83.8299
81950 83.867
81960 83.9012
81970 83.9371
81980 83.9761
81990 84.0151
82000 84.0504
82010 84.0816
82020 84.108
82030 84.1279
82040 84.1421
82050 84.1519
82060 84.1595
82070 84.1636
82080 84.1621
82090 84.1582
82100 84.1537
82110 84.1425
82120 84.1188
82130 84.0875
82140 84.0589
82150 84.0354
82160 84.0114
82170 83.9845
82180 83.9577
82190 83.9342
82200 83.9147
82210 83.8977
82220 83.8776
82230 83.844
82240 83.7891
82250 83.7146
82260 83.6317
82270 83.5517
82280 83.4819
82290 83.4261
82300 83.3863
82310 83.3583
82320 83.3379
82330 83.3275
82340 83.3277
82350 83.3298
82360 83.3259
82370 83.3148
82380 83.2962
82390 83.2681
82400 83.2325
82410 83.1969
82420 83.1625
82430 83.1246
82440 83.0858
82450 83.0538
82460 83.0286
82470 83.0066
82480 82.991
82490 82.9893
82500 83.0012
82510 83.025
82520 83.0625
82530 83.1104
82540 83.1597
82550 83.2057
82560 83.2478
82570 83.2811
82580 83.2992
82590 83.3041
82600 83.3023
82610 83.293
82620 83.2726
82630 83.2443
82640 83.2157
82650 83.1902
82660 83.1709
82670 83.1634
82680 83.171
82690 83.1931
82700 83.2244
82710 83.2579
82720 83.2866
82730 83.3094
82740 83.327
82750 83.3369
82760 83.3391
82770 83.3329
82780 83.3164
82790 83.2929
82800 83.2697
82810 83.2511
82820 83.2402
82830 83.2384
82840 83.243
82850 83.2516
82860 83.2691
82870 83.3007
82880 83.3448
82890 83.3972
82900 83.4523
82910 83.5032
82920 83.5484
82930 83.5897
82940 83.6254
82950 83.6537
82960 83.6775
82970 83.7007
82980 83.7253
82990 83.7514
83000 83.7779
83010 83.8012
83020 83.8214
83030 83.8347
83040 83.824
83050 83.7761
83060 83.6967
83070 83.5963
83080 83.4796
83090 83.3584
83100 83.2533
83110 83.1765
83120 83.1253
83130 83.0957
83140 83.0909
83150 83.1121
83160 83.1562
83170 83.217
83180 83.2868
83190 83.3576
83200 83.422
83210 83.4714
83220 83.4998
83230 83.5049
83240 83.4864
83250 83.4482
83260 83.3989
83270 83.3449
83280 83.2913
83290 83.2447
83300 83.2102
83310 83.1854
83320 83.1671
83330 83.1586
83340 83.1646
83350 83.1864
83360 83.2217
83370 83.2688
83380 83.3268
83390 83.3964
83400 83.4782
83410 83.567
83420 83.6518
83430 83.7273
83440 83.7979
83450 83.8712
83460 83.9486
83470 84.0283
83480 84.1095
83490 84.1913
83500 84.2678
83510 84.3344
83520 84.393
83530 84.4453
83540 84.4903
83550 84.5298
83560 84.5685
83570 84.609
83580 84.656
83590 84.7172
83600 84.7911
83610 84.8633
83620 84.9225
83630 84.9709
83640 85.0148
83650 85.0521
83660 85.0804
83670 85.1089
83680 85.1479
83690 85.1936
83700 85.2327
83710 85.2564
83720 85.2587
83730 85.2377
83740 85.2026
83750 85.1678
83760 85.1435
83770 85.1334
83780 85.135
83790 85.1408
83800 85.1441
83810 85.1428
83820 85.1365
83830 85.1247
83840 85.11
83850 85.0973
83860 85.0838
83870 85.0662
83880 85.049
83890 85.0385
83900 85.0364
83910 85.0394
83920 85.0421
83930 85.0408
83940 85.0322
83950 85.0185
83960 85.0095
83970 85.015
83980 85.0378
83990 85.0727
84000 85.1148
84010 85.1614
84020 85.2077
84030 85.2493
84040 85.2827
84050 85.3013
84060 85.2975
84070 85.2706
84080 85.2302
84090 85.1842
84100 85.1382
84110 85.1007
84120 85.0754
84130 85.0604
84140 85.0528
84150 85.053
84160 85.0618
84170 85.084
84180 85.1224
84190 85.1747
84200 85.2364
84210 85.304
84220 85.3727
84230 85.4366
84240 85.4949
84250 85.548
84260 85.5904
84270 85.6159
84280 85.6223
84290 85.6133
84300 85.5946
84310 85.5699
84320 85.5423
84330 85.5139
84340 85.483
84350 85.449
84360 85.4143
84370 85.3854
84380 85.3693
84390 85.3695
84400 85.3884
84410 85.4251
84420 85.4738
84430 85.5278
84440 85.5788
84450 85.623
84460 85.6605
84470 85.6952
84480 85.7294
84490 85.7619
84500 85.7912
84510 85.8153
84520 85.8323
84530 85.8418
84540 85.8451
84550 85.8429
84560 85.8332
84570 85.8173
84580 85.8033
84590 85.7967
84600 85.7938
84610 85.7889
84620 85.7791
84630 85.7647
84640 85.7462
84650 85.72
84660 85.6824
84670 85.6341
84680 85.5809
84690 85.53
84700 85.4822
84710 85.4352
84720 85.3902
84730 85.3501
84740 85.3172
84750 85.2982
84760 85.3044
84770 85.3367
84780 85.3844
84790 85.4405
84800 85.5022
84810 85.5625
84820 85.6121
84830 85.6478
84840 85.6721
84850 85.6846
84860 85.6864
84870 85.6858
84880 85.6908
84890 85.7035
84900 85.7227
84910 85.7488
84920 85.7805
84930 85.8119
84940 85.8394
84950 85.861
84960 85.876
84970 85.8837
84980 85.8827
84990 85.8709
85000 85.8485
85010 85.8203
85020 85.792
85030 85.766
85040 85.7437
85050 85.7252
85060 85.7052
85070 85.6761
85080 85.6392
85090 85.6001
85100 85.5618
85110 85.5264
85120 85.4948
85130 85.4663
85140 85.4419
85150 85.4259
85160 85.4229
85170 85.4348
85180 85.4577
85190 85.4845
85200 85.5142
85210 85.551
85220 85.5956
85230 85.6436
85240 85.6919
85250 85.7455
85260 85.8113
85270 85.881
85280 85.9365
85290 85.9692
85300 85.9844
85310 85.9892
85320 85.9866
85330 85.979
85340 85.9682
85350 85.9551
85360 85.945
85370 85.9432
85380 85.953
85390 85.9753
85400 86.0085
85410 86.0468
85420 86.0858
85430 86.125
85440 86.1643
85450 86.2011
85460 86.237
85470 86.2766
85480 86.3198
85490 86.3659
85500 86.4177
85510 86.4776
85520 86.5416
85530 86.6049
85540 86.6667
85550 86.7233
85560 86.7694
85570 86.8064
85580 86.8408
85590 86.874
85600 86.9018
85610 86.9235
85620 86.9461
85630 86.9754
85640 87.0119
85650 87.0539
85660 87.1031
85670 87.164
85680 87.2361
85690 87.3097
85700 87.3727
85710 87.4205
85720 87.4508
85730 87.457
85740 87.4358
85750 87.3935
85760 87.3379
85770 87.2705
85780 87.1937
85790 87.1182
85800 87.0553
85810 87.0075
85820 86.9703
85830 86.942
85840 86.9264
85850 86.927
85860 86.941
85870 86.9652
85880 86.9996
85890 87.0439
85900 87.0917
85910 87.1363
85920 87.1789
85930 87.2178
85940 87.2436
85950 87.252
85960 87.2515
85970 87.2537
85980 87.2636
85990 87.2828
86000 87.3134
86010 87.3608
86020 87.4307
86030 87.5192
86040 87.6125
86050 87.6978
86060 87.7708
86070 87.8288
86080 87.8706
86090 87.8996
86100 87.9168
86110 87.919
86120 87.9049
86130 87.8764
86140 87.8378
86150 87.7919
86160 87.7349
86170 87.6619
86180 87.5743
86190 87.4758
86200 87.3663
86210 87.2497
86220 87.1375
86230 87.0446
86240 86.9814
86250 86.95
86260 86.9491
86270 86.9731
86280 87.0079
86290 87.0401
86300 87.0617
86310 87.0676
86320 87.0543
86330 87.0237
86340 86.9781
86350 86.9201
86360 86.8505
86370 86.7688
86380 86.6763
86390 86.5789
86400 86.4835
86410 86.3947
86420 86.317
86430 86.2571
86440 86.2195
86450 86.2041
86460 86.2069
86470 86.2215
86480 86.238
86490 86.2485
86500 86.2531
86510 86.2612
86520 86.2819
86530 86.3113
86540 86.339
86550 86.3622
86560 86.3817
86570 86.3945
86580 86.3993
86590 86.4016
86600 86.407
86610 86.417
86620 86.4335
86630 86.4571
86640 86.4886
86650 86.5296
86660 86.5815
86670 86.6401
86680 86.6965
86690 86.7448
86700 86.786
86710 86.8233
86720 86.8511
86730 86.8604
86740 86.8519
86750 86.8353
86760 86.8156
86770 86.7925
86780 86.7755
86790 86.7757
86800 86.7904
86810 86.8101
86820 86.8376
86830 86.8823
86840 86.9421
86850 87.0086
86860 87.079
86870 87.1529
86880 87.224
86890 87.2802
86900 87.3114
86910 87.3165
86920 87.302
86930 87.2778
86940 87.2518
86950 87.2235
86960 87.1867
86970 87.1426
86980 87.0965
86990 87.0476
87000 86.9908
87010 86.9264
87020 86.8606
87030 86.7983
87040 86.7416
87050 86.692
87060 86.6487
87070 86.6106
87080 86.5823
87090 86.574
87100 86.5895
87110 86.6184
87120 86.6461
87130 86.6646
87140 86.6778
87150 86.6945
87160 86.7163
87170 86.7394
87180 86.7626
87190 86.7861
87200 86.8078
87210 86.8247
87220 86.8344
87230 86.8365
87240 86.8333
87250 86.8279
87260 86.8229
87270 86.8168
87280 86.8046
87290 86.786
87300 86.7607
87310 86.726
87320 86.6791
87330 86.619
87340 86.5477
87350 86.4716
87360 86.3992
87370 86.334
87380 86.2794
87390 86.2448
87400 86.2365
87410 86.2518
87420 86.2823
87430 86.3227
87440 86.3718
87450 86.4243
87460 86.4714
87470 86.51
87480 86.5452
87490 86.5814
87500 86.6149
87510 86.6385
87520 86.6509
87530 86.6561
87540 86.6609
87550 86.6733
87560 86.7069
87570 86.7744
87580 86.8759
87590 87.0005
87600 87.1374
87610 87.279
87620 87.4137
87630 87.5269
87640 87.6123
87650 87.6718
87660 87.7045
87670 87.7113
87680 87.701
87690 87.6857
87700 87.6671
87710 87.638
87720 87.597
87730 87.5534
87740 87.5173
87750 87.4899
87760 87.4675
87770 87.4488
87780 87.4323
87790 87.4186
87800 87.4085
87810 87.4007
87820 87.393
87830 87.3806
87840 87.3617
87850 87.3408
87860 87.326
87870 87.3234
87880 87.33
87890 87.338
87900 87.3434
87910 87.3427
87920 87.3306
87930 87.3042
87940 87.2654
87950 87.2158
87960 87.1595
87970 87.1063
87980 87.0628
87990 87.03
88000 87.0092
88010 87.0032
88020 87.0084
88030 87.0149
88040 87.0188
88050 87.0254
88060 87.0371
88070 87.052
88080 87.0684
88090 87.0873
88100 87.1094
88110 87.1311
88120 87.1458
88130 87.1484
88140 87.1397
88150 87.1251
88160 87.108
88170 87.0886
88180 87.0657
88190 87.0406
88200 87.0148
88210 86.9835
88220 86.9397
88230 86.883
88240 86.8209
88250 86.7665
88260 86.7298
88270 86.7134
88280 86.7119
88290 86.7184
88300 86.7295
88310 86.7451
88320 86.7653
88330 86.7845
88340 86.7943
88350 86.7874
88360 86.7614
88370 86.7201
88380 86.6712
88390 86.6263
88400 86.5925
88410 86.5696
88420 86.5554
88430 86.5482
88440 86.5461
88450 86.5462
88460 86.5446
88470 86.5355
88480 86.512
88490 86.4741
88500 86.4313
88510 86.391
88520 86.3517
88530 86.3071
88540 86.2554
88550 86.2019
88560 86.1538
88570 86.1152
88580 86.0868
88590 86.0673
88600 86.0552
88610 86.0485
88620 86.0447
88630 86.0429
88640 86.0434
88650 86.0464
88660 86.0505
88670 86.0539
88680 86.0571
88690 86.0617
88700 86.0642
88710 86.0602
88720 86.051
88730 86.04
88740 86.0258
88750 86.0093
88760 85.989
88770 85.9553
88780 85.9008
88790 85.8344
88800 85.7698
88810 85.7122
88820 85.6677
88830 85.6405
88840 85.6254
88850 85.6148
88860 85.6079
88870 85.606
88880 85.607
88890 85.6092
88900 85.6138
88910 85.6213
88920 85.6339
88930 85.6587
88940 85.7018
88950 85.7584
88960 85.8145
88970 85.8606
88980 85.8981
88990 85.9323
89000 85.9627
89010 85.9824
89020 85.9867
89030 85.9741
89040 85.9417
89050 85.8939
89060 85.8484
89070 85.8191
89080 85.8064
89090 85.8095
89100 85.8322
89110 85.8697
89120 85.9084
89130 85.9439
89140 85.9808
89150 86.0172
89160 86.0438
89170 86.0544
89180 86.0463
89190 86.0202
89200 85.9831
89210 85.9444
89220 85.9126
89230 85.8924
89240 85.8848
89250 85.8901
89260 85.911
89270 85.9506
89280 86.0093
89290 86.0814
89300 86.1577
89310 86.2294
89320 86.2915
89330 86.3467
89340 86.4016
89350 86.4595
89360 86.5153
89370 86.5645
89380 86.6092
89390 86.6513
89400 86.6884
89410 86.7173
89420 86.7372
89430 86.7516
89440 86.769
89450 86.7945
89460 86.8236
89470 86.8494
89480 86.869
89490 86.8788
89500 86.8787
89510 86.8701
89520 86.852
89530 86.8282
89540 86.8062
89550 86.7917
89560 86.7863
89570 86.7902
89580 86.8045
89590 86.8329
89600 86.8784
89610 86.9345
89620 86.9954
89630 87.0659
89640 87.1464
89650 87.2271
89660 87.2977
89670 87.3547
89680 87.4
89690 87.4344
89700 87.4547
89710 87.4599
89720 87.4579
89730 87.4618
89740 87.4824
89750 87.5185
89760 87.5601
89770 87.5975
89780 87.6239
89790 87.6363
89800 87.6377
89810 87.6355
89820 87.6336
89830 87.6296
89840 87.6145
89850 87.5806
89860 87.5317
89870 87.4812
89880 87.4365
89890 87.3975
89900 87.3675
89910 87.3544
89920 87.3571
89930 87.3668
89940 87.3799
89950 87.3989
89960 87.4223
89970 87.4476
89980 87.4785
89990 87.519
90000 87.5663
90010 87.6149
90020 87.6639
90030 87.7111
90040 87.7492
90050 87.7708
90060 87.7717
90070 87.7512
90080 87.7194
90090 87.6919
90100 87.6718
90110 87.6553
90120 87.6452
90130 87.6445
90140 87.6484
90150 87.6504
90160 87.6491
90170 87.6455
90180 87.6417
90190 87.6367
90200 87.6239
90210 87.6015
90220 87.5758
90230 87.5522
90240 87.5286
90250 87.5052
90260 87.4899
90270 87.4834
90280 87.4743
90290 87.4552
90300 87.425
90310 87.3779
90320 87.3042
90330 87.2003
90340 87.0727
90350 86.9359
90360 86.81
90370 86.7124
90380 86.6467
90390 86.605
90400 86.5779
90410 86.5588
90420 86.5415
90430 86.5241
90440 86.512
90450 86.5138
90460 86.5331
90470 86.5613
90480 86.5833
90490 86.59
90500 86.5818
90510 86.5627
90520 86.5392
90530 86.5223
90540 86.5233
90550 86.544
90560 86.5797
90570 86.6274
90580 86.6864
90590 86.7564
90600 86.8379
90610 86.9261
90620 87.0134
90630 87.0949
90640 87.1645
90650 87.2129
90660 87.2358
90670 87.2358
90680 87.2154
90690 87.174
90700 87.1151
90710 87.0505
90720 86.9889
90730 86.934
90740 86.8892
90750 86.855
90760 86.8297
90770 86.8126
90780 86.8035
90790 86.8039
90800 86.8155
90810 86.8369
90820 86.8615
90830 86.8852
90840 86.9085
90850 86.9325
90860 86.9523
90870 86.9621
90880 86.9614
90890 86.9572
90900 86.9549
90910 86.9517
90920 86.9435
90930 86.9255
90940 86.8914
90950 86.8444
90960 86.7985
90970 86.7651
90980 86.7457
90990 86.7425
91000 86.7604
91010 86.7999
91020 86.8584
91030 86.9335
91040 87.016
91050 87.0905
91060 87.146
91070 87.1802
91080 87.1961
91090 87.1966
91100 87.1831
91110 87.1621
91120 87.1456
91130 87.1396
91140 87.1403
91150 87.1485
91160 87.1673
91170 87.1935
91180 87.2201
91190 87.2448
91200 87.2653
91210 87.2756
91220 87.2716
91230 87.2566
91240 87.2401
91250 87.2309
91260 87.2348
91270 87.2561
91280 87.2937
91290 87.3382
91300 87.3805
91310 87.4183
91320 87.444
91330 87.4488
91340 87.4367
91350 87.4151
91360 87.3898
91370 87.3693
91380 87.3605
91390 87.3641
91400 87.3809
91410 87.413
91420 87.4572
91430 87.5081
91440 87.5653
91450 87.6306
91460 87.7007
91470 87.765
91480 87.8107
91490 87.8289
91500 87.8246
91510 87.8128
91520 87.8045
91530 87.8036
91540 87.8159
91550 87.8446
91560 87.8836
91570 87.9238
91580 87.9615
91590 87.9969
91600 88.0291
91610 88.0574
91620 88.0825
91630 88.1037
91640 88.1239
91650 88.1474
91660 88.1708
91670 88.1859
91680 88.1899
91690 88.1862
91700 88.1835
91710 88.1904
91720 88.2057
91730 88.2231
91740 88.2402
91750 88.2577
91760 88.2763
91770 88.295
91780 88.3124
91790 88.3279
91800 88.3394
91810 88.3445
91820 88.3465
91830 88.3511
91840 88.3649
91850 88.3917
91860 88.4241
91870 88.4497
91880 88.4632
91890 88.4672
91900 88.463
91910 88.4524
91920 88.4449
91930 88.447
91940 88.4534
91950 88.4597
91960 88.4682
91970 88.4789
91980 88.4899
91990 88.5015
92000 88.5144
92010 88.5288
92020 88.5475
92030 88.5709
92040 88.5942
92050 88.6134
92060 88.631
92070 88.654
92080 88.6887
92090 88.7395
92100 88.8052
92110 88.8779
92120 88.9479
92130 89.007
92140 89.0443
92150 89.0517
92160 89.0296
92170 88.9832
92180 88.9158
92190 88.8296
92200 88.7306
92210 88.6321
92220 88.5465
92230 88.4773
92240 88.4235
92250 88.3865
92260 88.3675
92270 88.3596
92280 88.3531
92290 88.344
92300 88.3273
92310 88.2991
92320 88.2649
92330 88.2361
92340 88.2172
92350 88.2065
92360 88.2064
92370 88.2192
92380 88.2391
92390 88.2569
92400 88.2695
92410 88.2808
92420 88.2906
92430 88.293
92440 88.2882
92450 88.284
92460 88.2855
92470 88.2899
92480 88.2924
92490 88.2917
92500 88.2874
92510 88.2782
92520 88.2663
92530 88.256
92540 88.245
92550 88.2279
92560 88.2063
92570 88.1879
92580 88.178
92590 88.1775
92600 88.1811
92610 88.1818
92620 88.1798
92630 88.185
92640 88.2017
92650 88.2229
92660 88.2457
92670 88.2756
92680 88.3103
92690 88.3354
92700 88.3404
92710 88.3252
92720 88.2919
92730 88.2434
92740 88.1914
92750 88.1521
92760 88.1327
92770 88.1349
92780 88.1627
92790 88.2173
92800 88.2888
92810 88.3666
92820 88.4449
92830 88.5132
92840 88.5553
92850 88.5629
92860 88.5402
92870 88.4963
92880 88.4376
92890 88.37
92900 88.3008
92910 88.2384
92920 88.1832
92930 88.1287
92940 88.0748
92950 88.0291
92960 87.997
92970 87.9772
92980 87.9701
92990 87.9803
93000 88.0088
93010 88.052
93020 88.1077
93030 88.1737
93040 88.2435
93050 88.3082
93060 88.358
93070 88.3797
93080 88.3713
93090 88.3468
93100 88.3185
93110 88.2891
93120 88.2622
93130 88.2457
93140 88.2473
93150 88.2676
93160 88.2992
93170 88.3363
93180 88.3758
93190 88.4136
93200 88.4478
93210 88.4803
93220 88.5106
93230 88.5371
93240 88.5608
93250 88.5773
93260 88.5771
93270 88.5543
93280 88.5095
93290 88.4489
93300 88.3773
93310 88.2999
93320 88.2281
93330 88.173
93340 88.1374
93350 88.1187
93360 88.1125
93370 88.1134
93380 88.1183
93390 88.1251
93400 88.129
93410 88.124
93420 88.1067
93430 88.0812
93440 88.056
93450 88.0401
93460 88.0403
93470 88.0549
93480 88.0767
93490 88.1054
93500 88.141
93510 88.1748
93520 88.1964
93530 88.2034
93540 88.1995
93550 88.1903
93560 88.1793
93570 88.1676
93580 88.1562
93590 88.1482
93600 88.1472
93610 88.1563
93620 88.1756
93630 88.2023
93640 88.2323
93650 88.2649
93660 88.2996
93670 88.3387
93680 88.3914
93690 88.464
93700 88.5531
93710 88.6511
93720 88.7553
93730 88.8659
93740 88.9772
93750 89.0833
93760 89.187
93770 89.2938
93780 89.4029
93790 89.5073
93800 89.5975
93810 89.6666
93820 89.7144
93830 89.7423
93840 89.7538
93850 89.7532
93860 89.7436
93870 89.7284
93880 89.7104
93890 89.6911
93900 89.6715
93910 89.6573
93920 89.6582
93930 89.6782
93940 89.7151
93950 89.764
93960 89.8201
93970 89.8789
93980 89.9373
93990 89.9921
94000 90.0403
94010 90.079
94020 90.1048
94030 90.1152
94040 90.1102
94050 90.09
94060 90.0564
94070 90.0197
94080 89.994
94090 89.9852
94100 89.9865
94110 89.9925
94120 90.0073
94130 90.0326
94140 90.0626
94150 90.0981
94160 90.1408
94170 90.1819
94180 90.2137
94190 90.2433
94200 90.2792
94210 90.3149
94220 90.3361
94230 90.3416
94240 90.3412
94250 90.3345
94260 90.3167
94270 90.2928
94280 90.2674
94290 90.2369
94300 90.2021
94310 90.1717
94320 90.1516
94330 90.1373
94340 90.1195
94350 90.0981
94360 90.0772
94370 90.0555
94380 90.0282
94390 89.9958
94400 89.9642
94410 89.9354
94420 89.9064
94430 89.8773
94440 89.851
94450 89.8294
94460 89.8096
94470 89.7816
94480 89.735
94490 89.6697
94500 89.5949
94510 89.5194
94520 89.4485
94530 89.389
94540 89.3473
94550 89.3225
94560 89.3084
94570 89.2963
94580 89.2771
94590 89.2445
94600 89.2055
94610 89.1749
94620 89.1617
94630 89.1625
94640 89.1685
94650 89.1749
94660 89.1796
94670 89.1792
94680 89.1721
94690 89.1607
94700 89.1474
94710 89.1321
94720 89.1109
94730 89.0835
94740 89.0554
94750 89.029
94760 89.0021
94770 88.9736
94780 88.9484
94790 88.9328
94800 88.9262
94810 88.922
94820 88.9156
94830 88.9089
94840 88.9061
94850 88.9054
94860 88.9036
94870 88.9045
94880 88.9101
94890 88.9109
94900 88.8961
94910 88.8669
94920 88.8332
94930 88.7998
94940 88.7657
94950 88.7349
94960 88.7185
94970 88.7233
94980 88.744
94990 88.7747
95000 88.8141
95010 88.8584
95020 88.8975
95030 88.9206
95040 88.9244
95050 88.9098
95060 88.8786
95070 88.8391
95080 88.8068
95090 88.7871
95100 88.7735
95110 88.761
95120 88.7495
95130 88.7384
95140 88.725
95150 88.7048
95160 88.6736
95170 88.6313
95180 88.5813
95190 88.5287
95200 88.4793
95210 88.4342
95220 88.3914
95230 88.353
95240 88.3221
95250 88.2989
95260 88.2812
95270 88.2684
95280 88.2636
95290 88.2693
95300 88.2843
95310 88.3068
95320 88.3367
95330 88.3751
95340 88.4235
95350 88.4824
95360 88.5456
95370 88.6036
95380 88.6565
95390 88.7082
95400 88.7573
95410 88.7999
95420 88.8326
95430 88.853
95440 88.8625
95450 88.8651
95460 88.8599
95470 88.8476
95480 88.8347
95490 88.8252
95500 88.8165
95510 88.8106
95520 88.8142
95530 88.8273
95540 88.8424
95550 88.8479
95560 88.8379
95570 88.8142
95580 88.7761
95590 88.7209
95600 88.651
95610 88.576
95620 88.5075
95630 88.4533
95640 88.4176
95650 88.4024
95660 88.4059
95670 88.421
95680 88.441
95690 88.4648
95700 88.4905
95710 88.5076
95720 88.5053
95730 88.4836
95740 88.4452
95750 88.3887
95760 88.3176
95770 88.2462
95780 88.1843
95790 88.1326
95800 88.0942
95810 88.0706
95820 88.0544
95830 88.0319
95840 87.9945
95850 87.9463
95860 87.893
95870 87.8358
95880 87.7734
95890 87.7099
95900 87.6547
95910 87.6119
95920 87.5802
95930 87.5572
95940 87.5402
95950 87.5265
95960 87.5098
95970 87.487
95980 87.459
95990 87.4258
96000 87.387
96010 87.3429
96020 87.2943
96030 87.2425
96040 87.1951
96050 87.1608
96060 87.1414
96070 87.1327
96080 87.1297
96090 87.1285
96100 87.1208
96110 87.0978
96120 87.0599
96130 87.013
96140 86.9623
96150 86.9174
96160 86.896
96170 86.9103
96180 86.9561
96190 87.022
96200 87.1011
96210 87.1889
96220 87.2784
96230 87.3638
96240 87.4397
96250 87.5042
96260 87.5621
96270 87.619
96280 87.6766
96290 87.7376
96300 87.8048
96310 87.8736
96320 87.9366
96330 87.99
96340 88.0308
96350 88.0599
96360 88.0854
96370 88.1182
96380 88.1636
96390 88.2206
96400 88.2843
96410 88.3467
96420 88.4033
96430 88.454
96440 88.4978
96450 88.5338
96460 88.5626
96470 88.5845
96480 88.5995
96490 88.6104
96500 88.6211
96510 88.6332
96520 88.649
96530 88.6755
96540 88.7148
96550 88.7603
96560 88.8104
96570 88.8717
96580 88.9449
96590 89.0234
96600 89.1028
96610 89.1804
96620 89.2566
96630 89.3364
96640 89.424
96650 89.5127
96660 89.5911
96670 89.6581
96680 89.7179
96690 89.7646
96700 89.7892
96710 89.7945
96720 89.7918
96730 89.7887
96740 89.7897
96750 89.7976
96760 89.814
96770 89.8382
96780 89.8693
96790 89.9052
96800 89.9417
96810 89.975
96820 90.0035
96830 90.0231
96840 90.0229
96850 89.9969
96860 89.9507
96870 89.8938
96880 89.8338
96890 89.7784
96900 89.7351
96910 89.7101
96920 89.7041
96930 89.7086
96940 89.7159
96950 89.724
96960 89.7252
96970 89.7096
96980 89.6847
96990 89.6643
97000 89.651
97010 89.6422
97020 89.6402
97030 89.6482
97040 89.6639
97050 89.6838
97060 89.705
97070 89.7216
97080 89.7284
97090 89.724
97100 89.7107
97110 89.692
97120 89.671
97130 89.6491
97140 89.6286
97150 89.6096
97160 89.5935
97170 89.5871
97180 89.5964
97190 89.6219
97200 89.663
97210 89.7228
97220 89.8001
97230 89.8873
97240 89.9761
97250 90.0558
97260 90.114
97270 90.1423
97280 90.1416
97290 90.1153
97300 90.0636
97310 89.9909
97320 89.9093
97330 89.8301
97340 89.7587
97350 89.6964
97360 89.6462
97370 89.6085
97380 89.5747
97390 89.5339
97400 89.4879
97410 89.4482
97420 89.421
97430 89.4033
97440 89.3888
97450 89.377
97460 89.3666
97470 89.3542
97480 89.3406
97490 89.3303
97500 89.3222
97510 89.3124
97520 89.3021
97530 89.2993
97540 89.3125
97550 89.3464
97560 89.4043
97570 89.4846
97580 89.5796
97590 89.6792
97600 89.7736
97610 89.8537
97620 89.9162
97630 89.9655
97640 90.0121
97650 90.0686
97660 90.1382
97670 90.2157
97680 90.2909
97690 90.3536
97700 90.3988
97710 90.43
97720 90.4529
97730 90.4726
97740 90.4926
97750 90.5117
97760 90.5228
97770 90.525
97780 90.5238
97790 90.5233
97800 90.5244
97810 90.5258
97820 90.5292
97830 90.5394
97840 90.5607
97850 90.5952
97860 90.642
97870 90.7006
97880 90.7701
97890 90.8486
97900 90.9351
97910 91.0263
97920 91.1141
97930 91.1883
97940 91.2439
97950 91.2822
97960 91.3062
97970 91.3185
97980 91.3215
97990 91.3181
98000 91.306
98010 91.283
98020 91.2583
98030 91.2493
98040 91.2657
98050 91.3044
98060 91.3644
98070 91.4503
98080 91.5581
98090 91.6771
98100 91.8029
98110 91.9331
98120 92.0544
98130 92.1516
98140 92.2264
98150 92.2902
98160 92.3429
98170 92.3806
98180 92.4086
98190 92.43
98200 92.4397
98210 92.4387
98220 92.4382
98230 92.4451
98240 92.4554
98250 92.4628
98260 92.4661
98270 92.4686
98280 92.4704
98290 92.4673
98300 92.4597
98310 92.4557
98320 92.4598
98330 92.4652
98340 92.4682
98350 92.477
98360 92.4972
98370 92.5222
98380 92.5452
98390 92.5696
98400 92.5987
98410 92.6295
98420 92.6566
98430 92.6785
98440 92.6957
98450 92.7096
98460 92.7215
98470 92.7314
98480 92.7391
98490 92.7447
98500 92.7518
98510 92.7598
98520 92.7649
98530 92.7661
98540 92.7633
98550 92.7562
98560 92.7484
98570 92.7459
98580 92.7526
98590 92.7702
98600 92.7963
98610 92.8223
98620 92.8373
98630 92.834
98640 92.8129
98650 92.7728
98660 92.7089
98670 92.6229
98680 92.5248
98690 92.4247
98700 92.3281
98710 92.2378
98720 92.1591
98730 92.0978
98740 92.0555
98750 92.0342
98760 92.0364
98770 92.0644
98780 92.1192
98790 92.1973
98800 92.294
98810 92.4027
98820 92.5093
98830 92.6006
98840 92.6732
98850 92.7318
98860 92.7801
98870 92.8134
98880 92.8294
98890 92.8388
98900 92.8567
98910 92.8867
98920 92.9229
98930 92.9611
98940 92.9949
98950 93.0142
98960 93.0184
98970 93.0103
98980 92.9886
98990 92.9528
99000 92.9082
99010 92.8615
99020 92.8183
99030 92.7804
99040 92.7395
99050 92.6874
99060 92.6237
99070 92.5491
99080 92.4573
99090 92.3452
99100 92.222
99110 92.1011
99120 91.9922
99130 91.8991
99140 91.8217
99150 91.757
99160 91.7015
99170 91.6567
99180 91.627
99190 91.6122
99200 91.6055
99210 91.6046
99220 91.6122
99230 91.6266
99240 91.6409
99250 91.6491
99260 91.6515
99270 91.6546
99280 91.6648
99290 91.6802
99300 91.6959
99310 91.7118
99320 91.7268
99330 91.7336
99340 91.7321
99350 91.7297
99360 91.7319
99370 91.7407
99380 91.7496
99390 91.7466
99400 91.7285
99410 91.7022
99420 91.6727
99430 91.6391
99440 91.6029
99450 91.569
99460 91.5402
99470 91.5174
99480 91.4982
99490 91.478
99500 91.4604
99510 91.4546
99520 91.4632
99530 91.4841
99540 91.5174
99550 91.5615
99560 91.6085
99570 91.6544
99580 91.7067
99590 91.7752
99600 91.8611
99610 91.9582
99620 92.058
99630 92.1543
99640 92.2438
99650 92.3235
99660 92.3869
99670 92.4307
99680 92.4601
99690 92.4794
99700 92.4884
99710 92.4948
99720 92.5117
99730 92.5444
99740 92.5895
99750 92.6441
99760 92.7064
99770 92.7691
99780 92.8253
99790 92.8766
99800 92.9301
99810 92.9874
99820 93.0451
99830 93.0974
99840 93.1377
99850 93.1627
99860 93.1721
99870 93.1633
99880 93.1331
99890 93.0825
99900 93.0183
99910 92.952
99920 92.8953
99930 92.8552
99940 92.8317
99950 92.8202
99960 92.819
99970 92.83
99980 92.8484
99990 92.8616
100000 92.864
100010 92.8609
100020 92.8574
100030 92.8556
100040 92.8573
100050 92.8663
100060 92.8846
100070 92.9095
100080 92.9421
100090 92.9872
100100 93.0416
100110 93.0961
100120 93.1438
100130 93.1825
100140 93.2168
100150 93.2477
100160 93.2668
100170 93.2698
100180 93.2566
100190 93.2247
100200 93.1691
100210 93.0886
100220 92.9909
100230 92.8822
100240 92.764
100250 92.6389
100260 92.5105
100270 92.379
100280 92.2435
100290 92.1047
100300 91.9678
100310 91.8414
100320 91.7331
100330 91.6482
100340 91.5907
100350 91.5573
100360 91.5385
100370 91.5272
100380 91.525
100390 91.5329
100400 91.543
100410 91.5507
100420 91.5635
100430 91.5848
100440 91.6043
100450 91.607
100460 91.5866
100470 91.5434
100480 91.48
100490 91.4019
100500 91.3133
100510 91.2168
100520 91.1186
100530 91.0283
100540 90.9559
100550 90.9038
100560 90.8703
100570 90.8553
100580 90.8538
100590 90.857
100600 90.856
100610 90.8496
100620 90.8425
100630 90.8367
100640 90.831
100650 90.8259
100660 90.8207
100670 90.8129
100680 90.8041
100690 90.8035
100700 90.8155
100710 90.837
100720 90.8653
100730 90.9046
100740 90.9602
100750 91.0311
100760 91.1131
100770 91.2006
100780 91.2844
100790 91.3588
100800 91.4256
100810 91.4876
100820 91.5452
100830 91.6003
100840 91.6543
100850 91.7043
100860 91.7475
100870 91.7839
100880 91.8127
100890 91.8341
100900 91.8505
100910 91.8644
100920 91.8724
100930 91.869
100940 91.856
100950 91.8371
100960 91.8113
100970 91.7841
100980 91.7712
100990 91.7797
101000 91.8
101010 91.8206
101020 91.8373
101030 91.8558
101040 91.8805
101050 91.9145
101060 91.9639
101070 92.0332
101080 92.1233
101090 92.2345
101100 92.3625
101110 92.495
101120 92.6204
101130 92.7346
101140 92.8346
101150 92.9122
101160 92.9591
101170 92.9778
101180 92.9763
101190 92.9567
101200 92.9209
101210 92.8749
101220 92.8204
101230 92.7533
101240 92.6725
101250 92.5849
101260 92.4985
101270 92.4134
101280 92.3284
101290 92.2507
101300 92.1939
101310 92.1681
101320 92.1751
101330 92.208
101340 92.2579
101350 92.3186
101360 92.383
101370 92.443
101380 92.4867
101390 92.5065
101400 92.5064
101410 92.4998
101420 92.4926
101430 92.4812
101440 92.4618
101450 92.4333
101460 92.3951
101470 92.3542
101480 92.3215
101490 92.2983
101500 92.2798
101510 92.2643
101520 92.2499
101530 92.234
101540 92.2231
101550 92.2266
101560 92.2398
101570 92.2509
101580 92.2563
101590 92.2606
101600 92.2646
101610 92.2652
101620 92.2666
101630 92.2729
101640 92.2795
101650 92.2803
101660 92.2767
101670 92.2688
101680 92.2498
101690 92.219
101700 92.1867
101710 92.1618
101720 92.1398
101730 92.1109
101740 92.075
101750 92.0383
101760 92.0045
101770 91.9734
101780 91.9426
101790 91.9075
101800 91.8614
101810 91.8025
101820 91.738
101830 91.6755
101840 91.6175
101850 91.5631
101860 91.5157
101870 91.4797
101880 91.4532
101890 91.4291
101900 91.4035
101910 91.3785
101920 91.3531
101930 91.3249
101940 91.2965
101950 91.2725
101960 91.2536
101970 91.2415
101980 91.2395
101990 91.2428
102000 91.2421
102010 91.2353
102020 91.2337
102030 91.2512
102040 91.2884
102050 91.3329
102060 91.3752
102070 91.4135
102080 91.4501
102090 91.4836
102100 91.5097
102110 91.5233
102120 91.5208
102130 91.5031
102140 91.4733
102150 91.4336
102160 91.3844
102170 91.3275
102180 91.2701
102190 91.225
102200 91.2008
102210 91.1887
102220 91.1741
102230 91.151
102240 91.1199
102250 91.0754
102260 91.0121
102270 90.9293
102280 90.8281
102290 90.7146
102300 90.6002
102310 90.4938
102320 90.3986
102330 90.3176
102340 90.2506
102350 90.1924
102360 90.1389
102370 90.0915
102380 90.0505
102390 90.0121
102400 89.9723
102410 89.9329
102420 89.8961
102430 89.8602
102440 89.8223
102450 89.7856
102460 89.7556
102470 89.7378
102480 89.7389
102490 89.7611
102500 89.8001
102510 89.8473
102520 89.8957
102530 89.9459
102540 90.0053
102550 90.0762
102560 90.1496
102570 90.216
102580 90.276
102590 90.3351
102600 90.3959
102610 90.4578
102620 90.5159
102630 90.562
102640 90.5915
102650 90.6051
102660 90.6059
102670 90.5954
102680 90.5735
102690 90.5417
102700 90.5025
102710 90.4593
102720 90.4162
102730 90.3754
102740 90.3354
102750 90.293
102760 90.2519
102770 90.2209
102780 90.2096
102790 90.2223
102800 90.2562
102810 90.3053
102820 90.3625
102830 90.4197
102840 90.4696
102850 90.51
102860 90.5396
102870 90.5563
102880 90.5577
102890 90.543
102900 90.5205
102910 90.5012
102920 90.4905
102930 90.4929
102940 90.5166
102950 90.5675
102960 90.6466
102970 90.7533
102980 90.8872
102990 91.0474
103000 91.2303
103010 91.4271
103020 91.6258
103030 91.817
103040 91.9935
103050 92.1479
103060 92.2763
103070 92.3814
103080 92.4689
103090 92.5433
103100 92.61
103110 92.6754
103120 92.7346
103130 92.7729
103140 92.7857
103150 92.7845
103160 92.7803
103170 92.7771
103180 92.7782
103190 92.7852
103200 92.794
103210 92.8008
103220 92.8089
103230 92.8202
103240 92.828
103250 92.8239
103260 92.8025
103270 92.7632
103280 92.713
103290 92.66
103300 92.6057
103310 92.5467
103320 92.4866
103330 92.4354
103340 92.3994
103350 92.3795
103360 92.3775
103370 92.3925
103380 92.4192
103390 92.4521
103400 92.4863
103410 92.5156
103420 92.5368
103430 92.5517
103440 92.5615
103450 92.5611
103460 92.5432
103470 92.5048
103480 92.4505
103490 92.3887
103500 92.3298
103510 92.2801
103520 92.2429
103530 92.2211
103540 92.2152
103550 92.2219
103560 92.2387
103570 92.264
103580 92.291
103590 92.3124
103600 92.3342
103610 92.3715
103620 92.4289
103630 92.4956
103640 92.561
103650 92.6245
103660 92.6909
103670 92.7627
103680 92.8359
103690 92.9033
103700 92.9633
103710 93.0196
103720 93.0741
103730 93.124
103740 93.166
103750 93.2013
103760 93.2339
103770 93.2639
103780 93.2888
103790 93.3077
103800 93.3225
103810 93.3359
103820 93.3474
103830 93.3525
103840 93.3499
103850 93.34
103860 93.318
103870 93.2783
103880 93.2227
103890 93.1569
103900 93.0868
103910 93.0217
103920 92.9696
103930 92.9337
103940 92.917
103950 92.9224
103960 92.948
103970 92.9884
103980 93.0379
103990 93.0915
104000 93.1437
104010 93.1866
104020 93.2099
104030 93.2108
104040 93.1919
104050 93.1586
104060 93.1195
104070 93.0826
104080 93.0532
104090 93.0344
104100 93.0216
104110 93.0108
104120 93.0032
104130 92.9983
104140 92.9943
104150 92.9913
104160 92.9899
104170 92.9873
104180 92.9825
104190 92.9775
104200 92.9685
104210 92.9462
104220 92.9026
104230 92.8339
104240 92.7457
104250 92.6454
104260 92.539
104270 92.4315
104280 92.3224
104290 92.2113
104300 92.1056
104310 92.0136
104320 91.9382
104330 91.8833
104340 91.8568
104350 91.8595
104360 91.883
104370 91.9211
104380 91.9689
104390 92.019
104400 92.0659
104410 92.1115
104420 92.1603
104430 92.2095
104440 92.2523
104450 92.291
104460 92.3341
104470 92.3749
104480 92.3983
104490 92.4026
104500 92.3976
104510 92.3901
104520 92.3866
104530 92.394
104540 92.4173
104550 92.4603
104560 92.5229
104570 92.5952
104580 92.6651
104590 92.7252
104600 92.7712
104610 92.7973
104620 92.8052
104630 92.8096
104640 92.8205
104650 92.8366
104660 92.8588
104670 92.8922
104680 92.9353
104690 92.9809
104700 93.0274
104710 93.0749
104720 93.1143
104730 93.1392
104740 93.1565
104750 93.1714
104760 93.1799
104770 93.1791
104780 93.1706
104790 93.158
104800 93.1427
104810 93.1192
104820 93.0856
104830 93.0474
104840 93.01
104850 92.9752
104860 92.9437
104870 92.9115
104880 92.8678
104890 92.8067
104900 92.7335
104910 92.6545
104920 92.5721
104930 92.4918
104940 92.4259
104950 92.3787
104960 92.3391
104970 92.2967
104980 92.2537
104990 92.2154
105000 92.1842
105010 92.1616
105020 92.1419
105030 92.1197
105040 92.0956
105050 92.0692
105060 92.0377
105070 92.0047
105080 91.9746
105090 91.9434
105100 91.903
105110 91.8555
105120 91.8115
105130 91.7715
105140 91.7241
105150 91.662
105160 91.5838
105170 91.497
105180 91.4196
105190 91.3641
105200 91.3269
105210 91.3017
105220 91.2928
105230 91.3064
105240 91.3379
105250 91.375
105260 91.4104
105270 91.4439
105280 91.4759
105290 91.508
105300 91.5428
105310 91.5808
105320 91.6202
105330 91.6574
105340 91.686
105350 91.6997
105360 91.6964
105370 91.6804
105380 91.6597
105390 91.6402
105400 91.6253
105410 91.6179
105420 91.6191
105430 91.6295
105440 91.646
105450 91.6601
105460 91.664
105470 91.6595
105480 91.6554
105490 91.6602
105500 91.6764
105510 91.6998
105520 91.7238
105530 91.7463
105540 91.7715
105550 91.8001
105560 91.8271
105570 91.8481
105580 91.8617
105590 91.8718
105600 91.879
105610 91.8795
105620 91.8675
105630 91.8386
105640 91.7914
105650 91.729
105660 91.6591
105670 91.5914
105680 91.5275
105690 91.4604
105700 91.3845
105710 91.3011
105720 91.2168
105730 91.1406
105740 91.0807
105750 91.0417
105760 91.0264
105770 91.0378
105780 91.073
105790 91.1213
105800 91.1748
105810 91.2338
105820 91.2984
105830 91.3671
105840 91.4352
105850 91.4934
105860 91.5391
105870 91.5782
105880 91.6141
105890 91.6456
105900 91.6726
105910 91.6957
105920 91.7129
105930 91.7192
105940 91.7095
105950 91.6841
105960 91.6526
105970 91.6294
105980 91.6243
105990 91.6412
106000 91.6794
106010 91.7305
106020 91.7798
106030 91.818
106040 91.8431
106050 91.8547
106060 91.8568
106070 91.8606
106080 91.8761
106090 91.8992
106100 91.9183
106110 91.9286
106120 91.9324
106130 91.9347
106140 91.9406
106150 91.9497
106160 91.9501
106170 91.9276
106180 91.8795
106190 91.8122
106200 91.732
106210 91.6448
106220 91.5644
106230 91.5043
106240 91.4691
106250 91.4569
106260 91.462
106270 91.4773
106280 91.4935
106290 91.501
106300 91.4922
106310 91.463
106320 91.4102
106330 91.3344
106340 91.2365
106350 91.1164
106360 90.9791
106370 90.8396
106380 90.7143
106390 90.6116
106400 90.5345
106410 90.4835
106420 90.4554
106430 90.4374
106440 90.4122
106450 90.3732
106460 90.3249
106470 90.2687
106480 90.1976
106490 90.1115
106500 90.0238
106510 89.9495
106520 89.8925
106530 89.8518
106540 89.8287
106550 89.8222
106560 89.8255
106570 89.829
106580 89.8275
106590 89.8225
106600 89.8186
106610 89.8137
106620 89.8016
106630 89.7779
106640 89.7441
106650 89.704
106660 89.6622
106670 89.6235
106680 89.5896
106690 89.5579
106700 89.5215
106710 89.4754
106720 89.4221
106730 89.373
106740 89.3361
106750 89.3101
106760 89.2987
106770 89.3093
106780 89.3404
106790 89.3863
106800 89.4457
106810 89.5178
106820 89.5988
106830 89.6896
106840 89.7942
106850 89.9105
106860 90.0321
106870 90.1574
106880 90.2876
106890 90.4218
106900 90.5583
106910 90.6919
106920 90.8144
106930 90.9221
106940 91.0176
106950 91.0976
106960 91.1559
106970 91.1975
106980 91.2353
106990 91.2765
107000 91.3188
107010 91.3565
107020 91.3866
107030 91.4096
107040 91.4285
107050 91.4464
107060 91.465
107070 91.4822
107080 91.4932
107090 91.4924
107100 91.476
107110 91.4487
107120 91.4192
107130 91.3898
107140 91.3575
107150 91.321
107160 91.2826
107170 91.2485
107180 91.2289
107190 91.2283
107200 91.2421
107210 91.2613
107220 91.281
107230 91.2983
107240 91.3112
107250 91.3248
107260 91.3469
107270 91.3808
107280 91.4275
107290 91.489
107300 91.5633
107310 91.6455
107320 91.7326
107330 91.8218
107340 91.9115
107350 91.994
107360 92.0573
107370 92.1
107380 92.1263
107390 92.1333
107400 92.1206
107410 92.1
107420 92.087
107430 92.085
107440 92.0854
107450 92.0834
107460 92.0819
107470 92.0788
107480 92.0694
107490 92.0533
107500 92.0301
107510 91.998
107520 91.9572
107530 91.9084
107540 91.8538
107550 91.7992
107560 91.7524
107570 91.7111
107580 91.664
107590 91.6064
107600 91.5396
107610 91.4665
107620 91.3922
107630 91.3245
107640 91.2692
107650 91.2298
107660 91.2041
107670 91.1859
107680 91.1744
107690 91.1745
107700 91.1874
107710 91.2059
107720 91.2201
107730 91.2282
107740 91.2349
107750 91.24
107760 91.2393
107770 91.2359
107780 91.2385
107790 91.246
107800 91.2512
107810 91.2566
107820 91.2678
107830 91.2816
107840 91.2916
107850 91.3019
107860 91.3205
107870 91.348
107880 91.3853
107890 91.4366
107900 91.4969
107910 91.5558
107920 91.6117
107930 91.6726
107940 91.7421
107950 91.8175
107960 91.8984
107970 91.9895
107980 92.0898
107990 92.1916
108000 92.2842
108010 92.3598
108020 92.4177
108030 92.4587
108040 92.484
108050 92.4966
108060 92.4989
108070 92.4948
108080 92.4948
108090 92.5059
108100 92.5256
108110 92.5484
108120 92.5764
108130 92.618
108140 92.6752
108150 92.739
108160 92.7972
108170 92.8455
108180 92.8916
108190 92.9366
108200 92.9745
108210 93.0019
108220 93.0236
108230 93.0463
108240 93.0751
108250 93.1095
108260 93.1403
108270 93.1615
108280 93.1762
108290 93.189
108300 93.2028
108310 93.2243
108320 93.2589
108330 93.3038
108340 93.3554
108350 93.4133
108360 93.4758
108370 93.5382
108380 93.5959
108390 93.6442
108400 93.6766
108410 93.6892
108420 93.684
108430 93.6663
108440 93.6373
108450 93.5976
108460 93.5513
108470 93.5033
108480 93.4557
108490 93.4101
108500 93.3712
108510 93.3432
108520 93.3271
108530 93.3213
108540 93.3243
108550 93.332
108560 93.335
108570 93.3283
108580 93.3157
108590 93.3042
108600 93.2994
108610 93.303
108620 93.315
108630 93.3352
108640 93.3639
108650 93.4029
108660 93.4508
108670 93.5038
108680 93.5606
108690 93.6242
108700 93.6983
108710 93.7833
108720 93.8731
108730 93.9601
108740 94.0402
108750 94.1125
108760 94.1781
108770 94.2412
108780 94.3072
108790 94.3825
108800 94.4676
108810 94.55
108820 94.6164
108830 94.6643
108840 94.6942
108850 94.7048
108860 94.6973
108870 94.6763
108880 94.6449
108890 94.6053
108900 94.5563
108910 94.492
108920 94.4081
108930 94.3076
108940 94.2003
108950 94.0931
108960 93.9862
108970 93.8784
108980 93.7765
108990 93.6894
109000 93.6194
109010 93.5644
109020 93.5219
109030 93.4911
109040 93.4713
109050 93.4604
109060 93.4508
109070 93.4354
109080 93.4181
109090 93.4018
109100 93.3766
109110 93.3386
109120 93.2997
109130 93.2667
109140 93.2309
109150 93.1893
109160 93.1507
109170 93.1175
109180 93.0828
109190 93.0458
109200 93.0125
109210 92.9852
109220 92.9661
109230 92.9647
109240 92.9885
109250 93.0345
109260 93.0943
109270 93.1598
109280 93.224
109290 93.279
109300 93.3206
109310 93.3511
109320 93.37
109330 93.3764
109340 93.3791
109350 93.3912
109360 93.4157
109370 93.4502
109380 93.5005
109390 93.5719
109400 93.6546
109410 93.7342
109420 93.8168
109430 93.9176
109440 94.0356
109450 94.1535
109460 94.2571
109470 94.346
109480 94.4235
109490 94.4918
109500 94.5505
109510 94.6002
109520 94.6424
109530 94.6746
109540 94.6901
109550 94.6902
109560 94.6885
109570 94.6917
109580 94.6881
109590 94.6643
109600 94.6191
109610 94.5563
109620 94.4787
109630 94.3936
109640 94.3107
109650 94.2378
109660 94.1791
109670 94.1358
109680 94.1099
109690 94.1021
109700 94.1033
109710 94.0975
109720 94.0781
109730 94.0505
109740 94.0198
109750 93.9843
109760 93.943
109770 93.8968
109780 93.8437
109790 93.7813
109800 93.7128
109810 93.6441
109820 93.5792
109830 93.5174
109840 93.4563
109850 93.3939
109860 93.3351
109870 93.2857
109880 93.2405
109890 93.1911
109900 93.1385
109910 93.0885
109920 93.0418
109930 92.9982
109940 92.9635
109950 92.9456
109960 92.9494
109970 92.9774
109980 93.0272
109990 93.096
110000 93.1841
110010 93.2832
110020 93.3759
110030 93.4523
110040 93.5157
110050 93.5696
110060 93.6132
110070 93.6482
110080 93.6782
110090 93.7012
110100 93.711
110110 93.7103
110120 93.7095
110130 93.7099
110140 93.7032
110150 93.6874
110160 93.6723
110170 93.6639
110180 93.6577
110190 93.6479
110200 93.6346
110210 93.6164
110220 93.5861
110230 93.5433
110240 93.4987
110250 93.4618
110260 93.4363
110270 93.419
110280 93.4009
110290 93.3754
110300 93.3435
110310 93.3077
110320 93.2677
110330 93.2193
110340 93.1595
110350 93.0904
110360 93.0177
110370 92.9501
110380 92.8966
110390 92.8582
110400 92.8284
110410 92.8025
110420 92.779
110430 92.758
110440 92.738
110450 92.7182
110460 92.6987
110470 92.6779
110480 92.6554
110490 92.6366
110500 92.6242
110510 92.6108
110520 92.5913
110530 92.5718
110540 92.5618
110550 92.562
110560 92.5678
110570 92.5766
110580 92.5904
110590 92.6074
110600 92.6182
110610 92.6128
110620 92.5951
110630 92.5807
110640 92.5736
110650 92.5657
110660 92.5538
110670 92.5412
110680 92.5295
110690 92.5153
110700 92.497
110710 92.4798
110720 92.47
110730 92.4681
110740 92.4727
110750 92.486
110760 92.509
110770 92.5347
110780 92.5509
110790 92.5512
110800 92.5364
110810 92.5109
110820 92.4829
110830 92.4586
110840 92.4425
110850 92.4412
110860 92.4627
110870 92.5058
110880 92.5606
110890 92.6205
110900 92.6848
110910 92.7538
110920 92.8245
110930 92.89
110940 92.9424
110950 92.9837
110960 93.0203
110970 93.052
110980 93.0794
110990 93.1086
111000 93.1419
111010 93.1753
111020 93.2031
111030 93.2188
111040 93.2136
111050 93.1824
111060 93.1296
111070 93.0655
111080 93.0007
111090 92.9476
111100 92.9119
111110 92.889
111120 92.8724
111130 92.8592
111140 92.8463
111150 92.8317
111160 92.8176
111170 92.8104
111180 92.816
111190 92.8357
111200 92.8672
111210 92.9054
111220 92.9406
111230 92.9606
111240 92.9605
111250 92.9443
111260 92.9152
111270 92.8722
111280 92.8195
111290 92.7642
111300 92.7126
111310 92.6727
111320 92.6473
111330 92.6368
111340 92.6461
111350 92.6761
111360 92.7128
111370 92.7382
111380 92.7454
111390 92.7403
111400 92.7289
111410 92.7189
111420 92.7168
111430 92.719
111440 92.7214
111450 92.727
111460 92.7341
111470 92.7351
111480 92.7332
111490 92.7352
111500 92.7368
111510 92.7365
111520 92.7443
111530 92.7648
111540 92.7881
111550 92.8037
111560 92.8147
111570 92.8289
111580 92.8484
111590 92.8711
111600 92.8995
111610 92.9414
111620 92.9987
111630 93.0673
111640 93.1443
111650 93.228
111660 93.3105
111670 93.3835
111680 93.4484
111690 93.5123
111700 93.5737
111710 93.6254
111720 93.6661
111730 93.6966
111740 93.719
111750 93.735
111760 93.75
111770 93.7676
111780 93.7885
111790 93.8137
111800 93.8435
111810 93.8772
111820 93.9188
111830 93.9765
111840 94.0499
111850 94.1263
111860 94.1998
111870 94.2766
111880 94.3565
111890 94.4267
111900 94.478
111910 94.5119
111920 94.5312
111930 94.5369
111940 94.5294
111950 94.5098
111960 94.4849
111970 94.4653
111980 94.4545
111990 94.4456
112000 94.4296
112010 94.4047
112020 94.3732
112030 94.3414
112040 94.3189
112050 94.3097
112060 94.3084
112070 94.3064
112080 94.2977
112090 94.2819
112100 94.26
112110 94.228
112120 94.18
112130 94.1174
112140 94.0492
112150 93.9861
112160 93.9312
112170 93.8864
112180 93.8572
112190 93.8445
112200 93.839
112210 93.8274
112220 93.8052
112230 93.7735
112240 93.7339
112250 93.6917
112260 93.6544
112270 93.6251
112280 93.6019
112290 93.5839
112300 93.5731
112310 93.5684
112320 93.5676
112330 93.5682
112340 93.5645
112350 93.5547
112360 93.543
112370 93.5316
112380 93.5199
112390 93.5103
112400 93.508
112410 93.5158
112420 93.5328
112430 93.5594
112440 93.5972
112450 93.6432
112460 93.6918
112470 93.7446
112480 93.8092
112490 93.8853
112500 93.9639
112510 94.038
112520 94.1042
112530 94.1605
112540 94.2139
112550 94.2726
112560 94.3344
112570 94.3918
112580 94.4437
112590 94.4907
112600 94.5274
112610 94.5492
112620 94.5632
112630 94.5773
112640 94.59
112650 94.5997
112660 94.6128
112670 94.6375
112680 94.6737
112690 94.7105
112700 94.7421
112710 94.772
112720 94.8022
112730 94.8339
112740 94.8714
112750 94.9163
112760 94.9633
112770 95.0102
112780 95.06
112790 95.1121
112800 95.1578
112810 95.192
112820 95.2199
112830 95.2461
112840 95.2682
112850 95.282
112860 95.2829
112870 95.2679
112880 95.2355
112890 95.1891
112900 95.1372
112910 95.0837
112920 95.0307
112930 94.9854
112940 94.9517
112950 94.9252
112960 94.9019
112970 94.8846
112980 94.8741
112990 94.8675
113000 94.8602
113010 94.8524
113020 94.8496
113030 94.8517
113040 94.8537
113050 94.8553
113060 94.8598
113070 94.867
113080 94.8731
113090 94.8735
113100 94.8629
113110 94.8427
113120 94.8205
113130 94.8008
113140 94.7846
113150 94.7701
113160 94.7508
113170 94.7237
113180 94.6879
113190 94.6447
113200 94.5966
113210 94.5431
113220 94.4808
113230 94.4081
113240 94.3343
113250 94.2709
113260 94.2223
113270 94.1881
113280 94.1679
113290 94.1608
113300 94.1633
113310 94.1692
113320 94.1737
113330 94.1741
113340 94.1739
113350 94.182
113360 94.2017
113370 94.2269
113380 94.2485
113390 94.2639
113400 94.2742
113410 94.2793
113420 94.2817
113430 94.2862
113440 94.2931
113450 94.2977
113460 94.2935
113470 94.2757
113480 94.2428
113490 94.199
113500 94.1584
113510 94.1395
113520 94.1515
113530 94.1908
113540 94.2485
113550 94.3139
113560 94.3822
113570 94.4586
113580 94.5468
113590 94.6367
113600 94.7128
113610 94.7666
113620 94.7985
113630 94.8109
113640 94.8033
113650 94.7743
113660 94.725
113670 94.6633
113680 94.5999
113690 94.5457
113700 94.5126
113710 94.5084
113720 94.5284
113730 94.5619
113740 94.6027
113750 94.6482
113760 94.6928
113770 94.7314
113780 94.7633
113790 94.7921
113800 94.827
113810 94.8765
113820 94.9389
113830 95.0057
113840 95.0724
113850 95.1412
113860 95.2104
113870 95.2754
113880 95.3362
113890 95.3962
113900 95.4568
113910 95.5205
113920 95.5894
113930 95.6684
113940 95.7597
113950 95.8554
113960 95.943
113970 96.018
113980 96.0874
113990 96.1605
114000 96.2371
114010 96.3101
114020 96.3718
114030 96.4174
114040 96.4505
114050 96.4822
114060 96.5135
114070 96.5379
114080 96.5599
114090 96.5889
114100 96.6241
114110 96.67
114120 96.742
114130 96.8432
114140 96.9593
114150 97.0756
114160 97.1862
114170 97.2855
114180 97.3664
114190 97.4263
114200 97.4668
114210 97.4837
114220 97.4718
114230 97.435
114240 97.38
114250 97.3077
114260 97.2177
114270 97.1175
114280 97.0159
114290 96.9131
114300 96.8075
114310 96.7019
114320 96.5996
114330 96.5006
114340 96.404
114350 96.3094
114360 96.2199
114370 96.1394
114380 96.0686
114390 96.0086
114400 95.9615
114410 95.929
114420 95.9076
114430 95.8923
114440 95.8849
114450 95.8931
114460 95.9154
114470 95.9427
114480 95.9734
114490 96.0103
114500 96.0483
114510 96.0804
114520 96.1077
114530 96.133
114540 96.1533
114550 96.1707
114560 96.1925
114570 96.2226
114580 96.2617
114590 96.3107
114600 96.365
114610 96.4189
114620 96.4737
114630 96.534
114640 96.5986
114650 96.6676
114660 96.744
114670 96.8271
114680 96.9093
114690 96.9813
114700 97.0424
114710 97.1005
114720 97.1621
114730 97.2307
114740 97.3041
114750 97.3741
114760 97.4302
114770 97.4664
114780 97.4833
114790 97.4813
114800 97.4646
114810 97.4468
114820 97.4388
114830 97.4441
114840 97.4618
114850 97.4879
114860 97.5157
114870 97.5418
114880 97.5693
114890 97.605
114900 97.6528
114910 97.7117
114920 97.7801
114930 97.8558
114940 97.9376
114950 98.0282
114960 98.1261
114970 98.2229
114980 98.311
114990 98.3911
115000 98.4643
115010 98.5225
115020 98.5583
115030 98.5762
115040 98.5827
115050 98.576
115060 98.5511
115070 98.5063
115080 98.4427
115090 98.3637
115100 98.2772
115110 98.1956
115120 98.1323
115130 98.0967
115140 98.0837
115150 98.0819
115160 98.0839
115170 98.093
115180 98.1153
115190 98.1534
115200 98.2053
115210 98.2633
115220 98.3176
115230 98.366
115240 98.4096
115250 98.4444
115260 98.4674
115270 98.4811
115280 98.4904
115290 98.4988
115300 98.5086
115310 98.5217
115320 98.5388
115330 98.5565
115340 98.5729
115350 98.5887
115360 98.6013
115370 98.5988
115380 98.5723
115390 98.5288
115400 98.4806
115410 98.4286
115420 98.3647
115430 98.2899
115440 98.2191
115450 98.1643
115460 98.1213
115470 98.081
115480 98.044
115490 98.0151
115500 97.9963
115510 97.9872
115520 97.9829
115530 97.9775
115540 97.9753
115550 97.985
115560 98.0082
115570 98.037
115580 98.0669
115590 98.1013
115600 98.1429
115610 98.193
115620 98.2507
115630 98.3081
115640 98.3505
115650 98.3684
115660 98.3644
115670 98.343
115680 98.3102
115690 98.2764
115700 98.2518
115710 98.2436
115720 98.2565
115730 98.2923
115740 98.3456
115750 98.4066
115760 98.4663
115770 98.5222
115780 98.5764
115790 98.6308
115800 98.6849
115810 98.7316
115820 98.7672
115830 98.7974
115840 98.8249
115850 98.846
115860 98.8615
115870 98.8751
115880 98.8852
115890 98.8843
115900 98.8657
115910 98.8317
115920 98.7909
115930 98.747
115940 98.7021
115950 98.6578
115960 98.6173
115970 98.5855
115980 98.5644
115990 98.5556
116000 98.5589
116010 98.5665
116020 98.5679
116030 98.5569
116040 98.53
116050 98.4849
116060 98.4236
116070 98.3555
116080 98.2889
116090 98.2279
116100 98.1734
116110 98.1272
116120 98.0937
116130 98.0766
116140 98.0793
116150 98.103
116160 98.1495
116170 98.2161
116180 98.2907
116190 98.362
116200 98.4221
116210 98.4683
116220 98.5025
116230 98.5274
116240 98.5415
116250 98.54
116260 98.5222
116270 98.4933
116280 98.4628
116290 98.4409
116300 98.4326
116310 98.4393
116320 98.4646
116330 98.5082
116340 98.5605
116350 98.6173
116360 98.6817
116370 98.7552
116380 98.8347
116390 98.9168
116400 98.9941
116410 99.0523
116420 99.0821
116430 99.0878
116440 99.0771
116450 99.0521
116460 99.0162
116470 98.9792
116480 98.9489
116490 98.927
116500 98.9175
116510 98.9217
116520 98.9289
116530 98.9248
116540 98.9031
116550 98.8664
116560 98.8178
116570 98.762
116580 98.7073
116590 98.6554
116600 98.6001
116610 98.5461
116620 98.5066
116630 98.4832
116640 98.4688
116650 98.4635
116660 98.4703
116670 98.4835
116680 98.4916
116690 98.487
116700 98.4684
116710 98.4398
116720 98.4096
116730 98.3887
116740 98.3876
116750 98.405
116760 98.4277
116770 98.451
116780 98.4765
116790 98.5001
116800 98.5172
116810 98.5335
116820 98.5638
116830 98.6152
116840 98.6811
116850 98.7522
116860 98.8274
116870 98.9098
116880 98.9981
116890 99.0854
116900 99.1627
116910 99.2266
116920 99.2803
116930 99.3306
116940 99.3793
116950 99.4231
116960 99.4627
116970 99.5075
116980 99.5671
116990 99.6398
117000 99.7132
117010 99.7751
117020 99.8186
117030 99.8452
117040 99.859
117050 99.8606
117060 99.8514
117070 99.8361
117080 99.8177
117090 99.8013
117100 99.7891
117110 99.7779
117120 99.7635
117130 99.7481
117140 99.7348
117150 99.716
117160 99.6816
117170 99.6303
117180 99.5693
117190 99.5033
117200 99.4308
117210 99.3508
117220 99.2707
117230 99.2002
117240 99.1417
117250 99.0892
117260 99.04
117270 98.9955
117280 98.9524
117290 98.9061
117300 98.8574
117310 98.8081
117320 98.7517
117330 98.6876
117340 98.6285
117350 98.587
117360 98.5665
117370 98.5619
117380 98.5676
117390 98.5839
117400 98.6137
117410 98.6584
117420 98.7185
117430 98.7942
117440 98.8812
117450 98.9705
117460 99.0565
117470 99.1406
117480 99.2229
117490 99.2997
117500 99.3676
117510 99.4233
117520 99.4668
117530 99.503
117540 99.5343
117550 99.5582
117560 99.5736
117570 99.5869
117580 99.6087
117590 99.6434
117600 99.6884
117610 99.7464
117620 99.8232
117630 99.9149
117640 100.011
117650 100.106
117660 100.196
117670 100.274
117680 100.341
117690 100.402
117700 100.464
117710 100.52
117720 100.563
117730 100.596
117740 100.622
117750 100.635
117760 100.633
117770 100.625
117780 100.614
117790 100.603
117800 100.597
117810 100.593
117820 100.589
117830 100.581
117840 100.573
117850 100.566
117860 100.565
117870 100.571
117880 100.583
117890 100.598
117900 100.613
117910 100.626
117920 100.632
117930 100.622
117940 100.598
117950 100.568
117960 100.537
117970 100.509
117980 100.485
117990 100.467
118000 100.455
118010 100.444
118020 100.431
118030 100.417
118040 100.411
118050 100.421
118060 100.445
118070 100.475
118080 100.504
118090 100.534
118100 100.567
118110 100.61
118120 100.668
118130 100.738
118140 100.812
118150 100.887
118160 100.968
118170 101.059
118180 101.16
118190 101.263
118200 101.36
118210 101.444
118220 101.518
118230 101.587
118240 101.658
118250 101.734
118260 101.823
118270 101.919
118280 102.01
118290 102.09
118300 102.162
118310 102.23
118320 102.295
118330 102.354
118340 102.41
118350 102.462
118360 102.505
118370 102.533
118380 102.547
118390 102.547
118400 102.536
118410 102.513
118420 102.478
118430 102.434
118440 102.381
118450 102.316
118460 102.233
118470 102.142
118480 102.056
118490 101.985
118500 101.931
118510 101.894
118520 101.872
118530 101.864
118540 101.865
118550 101.866
118560 101.864
118570 101.865
118580 101.869
118590 101.87
118600 101.863
118610 101.852
118620 101.842
118630 101.834
118640 101.819
118650 101.786
118660 101.732
118670 101.669
118680 101.611
118690 101.567
118700 101.54
118710 101.535
118720 101.549
118730 101.573
118740 101.593
118750 101.603
118760 101.608
118770 101.605
118780 101.589
118790 101.561
118800 101.529
118810 101.496
118820 101.463
118830 101.429
118840 101.401
118850 101.387
118860 101.381
118870 101.378
118880 101.37
118890 101.359
118900 101.346
118910 101.33
118920 101.311
118930 101.293
118940 101.284
118950 101.287
118960 101.299
118970 101.316
118980 101.33
118990 101.335
119000 101.331
119010 101.324
119020 101.307
119030 101.274
119040 101.225
119050 101.163
119060 101.088
119070 100.999
119080 100.908
119090 100.817
119100 100.72
119110 100.61
119120 100.497
119130 100.395
119140 100.319
119150 100.27
119160 100.236
119170 100.211
119180 100.199
119190 100.205
119200 100.227
119210 100.257
119220 100.284
119230 100.299
119240 100.305
119250 100.31
119260 100.318
119270 100.313
119280 100.296
119290 100.284
119300 100.285
119310 100.294
119320 100.299
119330 100.307
119340 100.329
119350 100.366
119360 100.411
119370 100.467
119380 100.538
119390 100.621
119400 100.706
119410 100.788
119420 100.869
119430 100.953
119440 101.035
119450 101.105
119460 101.159
119470 101.203
119480 101.252
119490 101.31
119500 101.376
119510 101.45
119520 101.53
119530 101.614
119540 101.701
119550 101.789
119560 101.875
119570 101.954
119580 102.013
119590 102.042
119600 102.04
119610 102.014
119620 101.972
119630 101.917
119640 101.854
119650 101.788
119660 101.721
119670 101.655
119680 101.593
119690 101.538
119700 101.493
119710 101.457
119720 101.423
119730 101.39
119740 101.354
119750 101.308
119760 101.243
119770 101.166
119780 101.088
119790 101.013
119800 100.939
119810 100.876
119820 100.832
119830 100.808
119840 100.801
119850 100.811
119860 100.828
119870 100.842
119880 100.852
119890 100.857
119900 100.853
119910 100.838
119920 100.816
119930 100.793
119940 100.773
119950 100.754
119960 100.744
119970 100.745
119980 100.76
119990 100.791
120000 100.845
120010 100.924
120020 101.034
120030 101.17
120040 101.311
120050 101.44
120060 101.548
120070 101.628
120080 101.672
120090 101.678
120100 101.663
120110 101.634
120120 101.594
120130 101.55
120140 101.521
120150 101.517
120160 101.535
120170 101.572
120180 101.625
120190 101.687
120200 101.744
120210 101.784
120220 101.811
120230 101.833
120240 101.857
120250 101.887
120260 101.919
120270 101.951
120280 101.985
120290 102.024
120300 102.067
120310 102.109
120320 102.14
120330 102.162
120340 102.18
120350 102.198
120360 102.21
120370 102.221
120380 102.242
120390 102.275
120400 102.304
120410 102.322
120420 102.33
120430 102.33
120440 102.325
120450 102.32
120460 102.322
120470 102.329
120480 102.341
120490 102.359
120500 102.369
120510 102.356
120520 102.321
120530 102.271
120540 102.205
120550 102.122
120560 102.031
120570 101.934
120580 101.83
120590 101.722
120600 101.618
120610 101.524
120620 101.442
120630 101.379
120640 101.337
120650 101.312
120660 101.31
120670 101.331
120680 101.362
120690 101.388
120700 101.405
120710 101.423
120720 101.446
120730 101.465
120740 101.467
120750 101.448
120760 101.413
120770 101.374
120780 101.339
120790 101.314
120800 101.301
120810 101.305
120820 101.326
120830 101.367
120840 101.425
120850 101.497
120860 101.574
120870 101.648
120880 101.711
120890 101.76
120900 101.793
120910 101.813
120920 101.827
120930 101.848
120940 101.884
120950 101.937
120960 102.002
120970 102.078
120980 102.171
120990 102.277
121000 102.393
121010 102.517
121020 102.65
121030 102.784
121040 102.915
121050 103.044
121060 103.173
121070 103.301
121080 103.419
121090 103.529
121100 103.641
121110 103.755
121120 103.86
121130 103.949
121140 104.019
121150 104.066
121160 104.091
121170 104.104
121180 104.112
121190 104.117
121200 104.12
121210 104.122
121220 104.123
121230 104.12
121240 104.117
121250 104.12
121260 104.131
121270 104.14
121280 104.138
121290 104.13
121300 104.123
121310 104.116
121320 104.106
121330 104.098
121340 104.097
121350 104.1
121360 104.098
121370 104.09
121380 104.075
121390 104.055
121400 104.033
121410 104.008
121420 103.978
121430 103.948
121440 103.921
121450 103.894
121460 103.859
121470 103.821
121480 103.786
121490 103.75
121500 103.71
121510 103.666
121520 103.617
121530 103.565
121540 103.512
121550 103.466
121560 103.43
121570 103.405
121580 103.392
121590 103.396
121600 103.414
121610 103.437
121620 103.463
121630 103.497
121640 103.536
121650 103.566
121660 103.584
121670 103.597
121680 103.613
121690 103.634
121700 103.663
121710 103.703
121720 103.749
121730 103.79
121740 103.818
121750 103.833
121760 103.829
121770 103.799
121780 103.751
121790 103.707
121800 103.682
121810 103.681
121820 103.701
121830 103.738
121840 103.786
121850 103.835
121860 103.884
121870 103.932
121880 103.979
121890 104.021
121900 104.054
121910 104.077
121920 104.093
121930 104.102
121940 104.107
121950 104.122
121960 104.155
121970 104.199
121980 104.237
121990 104.268
122000 104.309
122010 104.367
122020 104.428
122030 104.483
122040 104.537
122050 104.6
122060 104.665
122070 104.719
122080 104.76
122090 104.796
122100 104.834
122110 104.872
122120 104.904
122130 104.925
122140 104.937
122150 104.942
122160 104.942
122170 104.936
122180 104.92
122190 104.894
122200 104.864
122210 104.835
122220 104.813
122230 104.8
122240 104.795
122250 104.795
122260 104.795
122270 104.788
122280 104.774
122290 104.754
122300 104.725
122310 104.687
122320 104.642
122330 104.591
122340 104.537
122350 104.483
122360 104.432
122370 104.386
122380 104.349
122390 104.332
122400 104.341
122410 104.377
122420 104.433
122430 104.499
122440 104.566
122450 104.627
122460 104.682
122470 104.732
122480 104.775
122490 104.812
122500 104.843
122510 104.872
122520 104.899
122530 104.928
122540 104.961
122550 104.996
122560 105.028
122570 105.053
122580 105.08
122590 105.12
122600 105.176
122610 105.245
122620 105.323
122630 105.411
122640 105.505
122650 105.603
122660 105.696
122670 105.773
122680 105.823
122690 105.84
122700 105.827
122710 105.795
122720 105.75
122730 105.69
122740 105.623
122750 105.559
122760 105.502
122770 105.449
122780 105.401
122790 105.362
122800 105.334
122810 105.318
122820 105.319
122830 105.337
122840 105.367
122850 105.408
122860 105.461
122870 105.521
122880 105.573
122890 105.603
122900 105.609
122910 105.597
122920 105.576
122930 105.547
122940 105.508
122950 105.467
122960 105.434
122970 105.411
122980 105.396
122990 105.386
123000 105.383
123010 105.391
123020 105.407
123030 105.428
123040 105.449
123050 105.469
123060 105.487
123070 105.5
123080 105.513
123090 105.532
123100 105.555
123110 105.577
123120 105.598
123130 105.624
123140 105.66
123150 105.697
123160 105.732
123170 105.768
123180 105.807
123190 105.842
123200 105.866
123210 105.886
123220 105.913
123230 105.946
123240 105.979
123250 106.009
123260 106.039
123270 106.068
123280 106.094
123290 106.118
123300 106.143
123310 106.172
123320 106.202
123330 106.232
123340 106.263
123350 106.298
123360 106.335
123370 106.374
123380 106.414
123390 106.456
123400 106.502
123410 106.553
123420 106.607
123430 106.66
123440 106.712
123450 106.767
123460 106.826
123470 106.885
123480 106.941
123490 106.984
123500 107.008
123510 107.017
123520 107.022
123530 107.026
123540 107.026
123550 107.018
123560 106.997
123570 106.963
123580 106.917
123590 106.864
123600 106.807
123610 106.752
123620 106.707
123630 106.668
123640 106.631
123650 106.598
123660 106.576
123670 106.561
123680 106.552
123690 106.555
123700 106.576
123710 106.615
123720 106.671
123730 106.742
123740 106.819
123750 106.884
123760 106.927
123770 106.946
123780 106.955
123790 106.967
123800 106.994
123810 107.037
123820 107.087
123830 107.134
123840 107.18
123850 107.223
123860 107.26
123870 107.294
123880 107.323
123890 107.343
123900 107.357
123910 107.373
123920 107.388
123930 107.396
123940 107.39
123950 107.374
123960 107.355
123970 107.339
123980 107.334
123990 107.345
124000 107.369
124010 107.398
124020 107.421
124030 107.435
124040 107.446
124050 107.464
124060 107.492
124070 107.537
124080 107.607
124090 107.695
124100 107.786
124110 107.87
124120 107.946
124130 108.013
124140 108.068
124150 108.118
124160 108.165
124170 108.198
124180 108.207
124190 108.197
124200 108.174
124210 108.143
124220 108.12
124230 108.128
124240 108.168
124250 108.226
124260 108.295
124270 108.374
124280 108.461
124290 108.546
124300 108.618
124310 108.663
124320 108.679
124330 108.671
124340 108.648
124350 108.613
124360 108.57
124370 108.53
124380 108.497
124390 108.463
124400 108.42
124410 108.373
124420 108.326
124430 108.288
124440 108.268
124450 108.268
124460 108.294
124470 108.346
124480 108.415
124490 108.482
124500 108.536
124510 108.571
124520 108.585
124530 108.574
124540 108.543
124550 108.505
124560 108.467
124570 108.431
124580 108.395
124590 108.361
124600 108.329
124610 108.291
124620 108.238
124630 108.167
124640 108.077
124650 107.972
124660 107.857
124670 107.74
124680 107.622
124690 107.505
124700 107.396
124710 107.304
124720 107.236
124730 107.19
124740 107.161
124750 107.139
124760 107.117
124770 107.094
124780 107.077
124790 107.062
124800 107.043
124810 107.017
124820 106.989
124830 106.953
124840 106.905
124850 106.846
124860 106.786
124870 106.735
124880 106.707
124890 106.711
124900 106.747
124910 106.808
124920 106.894
124930 106.999
124940 107.119
124950 107.251
124960 107.397
124970 107.551
124980 107.704
124990 107.842
125000 107.953
125010 108.034
125020 108.091
125030 108.132
125040 108.167
125050 108.198
125060 108.225
125070 108.245
125080 108.264
125090 108.293
125100 108.337
125110 108.392
125120 108.454
125130 108.513
125140 108.563
125150 108.603
125160 108.643
125170 108.689
125180 108.743
125190 108.8
125200 108.848
125210 108.876
125220 108.892
125230 108.901
125240 108.903
125250 108.892
125260 108.866
125270 108.829
125280 108.79
125290 108.755
125300 108.733
125310 108.721
125320 108.718
125330 108.721
125340 108.725
125350 108.719
125360 108.696
125370 108.652
125380 108.59
125390 108.522
125400 108.459
125410 108.407
125420 108.372
125430 108.354
125440 108.35
125450 108.355
125460 108.368
125470 108.378
125480 108.375
125490 108.353
125500 108.325
125510 108.307
125520 108.306
125530 108.317
125540 108.337
125550 108.363
125560 108.395
125570 108.427
125580 108.449
125590 108.455
125600 108.446
125610 108.428
125620 108.404
125630 108.376
125640 108.343
125650 108.312
125660 108.285
125670 108.263
125680 108.244
125690 108.23
125700 108.218
125710 108.211
125720 108.214
125730 108.218
125740 108.213
125750 108.197
125760 108.173
125770 108.145
125780 108.123
125790 108.106
125800 108.087
125810 108.063
125820 108.041
125830 108.023
125840 108.001
125850 107.963
125860 107.911
125870 107.856
125880 107.809
125890 107.773
125900 107.755
125910 107.761
125920 107.784
125930 107.813
125940 107.839
125950 107.859
125960 107.873
125970 107.881
125980 107.887
125990 107.9
126000 107.92
126010 107.95
126020 107.989
126030 108.031
126040 108.076
126050 108.124
126060 108.173
126070 108.222
126080 108.272
126090 108.323
126100 108.371
126110 108.425
126120 108.486
126130 108.546
126140 108.6
126150 108.652
126160 108.707
126170 108.754
126180 108.786
126190 108.807
126200 108.822
126210 108.829
126220 108.816
126230 108.779
126240 108.728
126250 108.672
126260 108.61
126270 108.545
126280 108.483
126290 108.434
126300 108.402
126310 108.383
126320 108.369
126330 108.353
126340 108.332
126350 108.305
126360 108.272
126370 108.235
126380 108.194
126390 108.154
126400 108.122
126410 108.099
126420 108.091
126430 108.099
126440 108.123
126450 108.157
126460 108.196
126470 108.239
126480 108.286
126490 108.343
126500 108.411
126510 108.486
126520 108.556
126530 108.609
126540 108.643
126550 108.653
126560 108.647
126570 108.64
126580 108.645
126590 108.663
126600 108.69
126610 108.726
126620 108.77
126630 108.818
126640 108.869
126650 108.913
126660 108.945
126670 108.966
126680 108.983
126690 108.993
126700 108.993
126710 108.99
126720 108.994
126730 108.999
126740 108.995
126750 108.984
126760 108.981
126770 108.996
126780 109.022
126790 109.052
126800 109.082
126810 109.106
126820 109.117
126830 109.105
126840 109.068
126850 109.007
126860 108.922
126870 108.822
126880 108.724
126890 108.64
126900 108.569
126910 108.512
126920 108.476
126930 108.465
126940 108.476
126950 108.505
126960 108.549
126970 108.603
126980 108.665
126990 108.732
127000 108.793
127010 108.84
127020 108.876
127030 108.906
127040 108.926
127050 108.929
127060 108.919
127070 108.895
127080 108.86
127090 108.815
127100 108.764
127110 108.71
127120 108.653
127130 108.587
127140 108.513
127150 108.44
127160 108.375
127170 108.32
127180 108.276
127190 108.239
127200 108.2
127210 108.154
127220 108.105
127230 108.063
127240 108.031
127250 108.01
127260 107.998
127270 107.991
127280 107.987
127290 107.984
127300 107.977
127310 107.96
127320 107.932
127330 107.893
127340 107.844
127350 107.786
127360 107.722
127370 107.654
127380 107.584
127390 107.516
127400 107.45
127410 107.393
127420 107.356
127430 107.344
127440 107.357
127450 107.391
127460 107.444
127470 107.506
127480 107.561
127490 107.605
127500 107.644
127510 107.678
127520 107.702
127530 107.71
127540 107.707
127550 107.693
127560 107.668
127570 107.631
127580 107.584
127590 107.531
127600 107.473
127610 107.403
127620 107.316
127630 107.213
127640 107.102
127650 106.997
127660 106.912
127670 106.851
127680 106.802
127690 106.755
127700 106.713
127710 106.679
127720 106.641
127730 106.581
127740 106.499
127750 106.398
127760 106.281
127770 106.153
127780 106.028
127790 105.918
127800 105.825
127810 105.748
127820 105.687
127830 105.633
127840 105.577
127850 105.517
127860 105.463
127870 105.426
127880 105.41
127890 105.415
127900 105.437
127910 105.469
127920 105.504
127930 105.538
127940 105.571
127950 105.606
127960 105.65
127970 105.697
127980 105.736
127990 105.764
128000 105.783
128010 105.792
128020 105.79
128030 105.783
128040 105.773
128050 105.76
128060 105.741
128070 105.719
128080 105.698
128090 105.679
128100 105.66
128110 105.639
128120 105.62
128130 105.603
128140 105.581
128150 105.554
128160 105.53
128170 105.507
128180 105.475
128190 105.435
128200 105.397
128210 105.372
128220 105.36
128230 105.351
128240 105.332
128250 105.306
128260 105.284
128270 105.273
128280 105.278
128290 105.295
128300 105.322
128310 105.356
128320 105.396
128330 105.437
128340 105.479
128350 105.529
128360 105.59
128370 105.661
128380 105.742
128390 105.836
128400 105.941
128410 106.049
128420 106.153
128430 106.252
128440 106.347
128450 106.434
128460 106.51
128470 106.579
128480 106.647
128490 106.717
128500 106.781
128510 106.829
128520 106.857
128530 106.87
128540 106.863
128550 106.83
128560 106.775
128570 106.71
128580 106.645
128590 106.582
128600 106.524
128610 106.477
128620 106.442
128630 106.411
128640 106.377
128650 106.34
128660 106.31
128670 106.289
128680 106.275
128690 106.269
128700 106.278
128710 106.297
128720 106.314
128730 106.324
128740 106.329
128750 106.329
128760 106.327
128770 106.324
128780 106.322
128790 106.329
128800 106.35
128810 106.384
128820 106.43
128830 106.491
128840 106.558
128850 106.624
128860 106.685
128870 106.739
128880 106.788
128890 106.833
128900 106.871
128910 106.9
128920 106.927
128930 106.971
128940 107.046
128950 107.146
128960 107.265
128970 107.406
128980 107.566
128990 107.732
129000 107.894
129010 108.051
129020 108.197
129030 108.325
129040 108.435
129050 108.535
129060 108.63
129070 108.716
129080 108.8
129090 108.897
129100 109.004
129110 109.11
129120 109.204
129130 109.281
129140 109.337
129150 109.374
129160 109.4
129170 109.412
129180 109.407
129190 109.4
129200 109.412
129210 109.451
129220 109.517
129230 109.597
129240 109.678
129250 109.748
129260 109.799
129270 109.831
129280 109.837
129290 109.809
129300 109.743
129310 109.642
129320 109.519
129330 109.39
129340 109.264
129350 109.144
129360 109.033
129370 108.936
129380 108.86
129390 108.801
129400 108.756
129410 108.72
129420 108.687
129430 108.654
129440 108.62
129450 108.582
129460 108.543
129470 108.506
129480 108.478
129490 108.465
129500 108.476
129510 108.517
129520 108.586
129530 108.679
129540 108.788
129550 108.9
129560 109.002
129570 109.082
129580 109.141
129590 109.189
129600 109.235
129610 109.276
129620 109.309
129630 109.335
129640 109.367
129650 109.409
129660 109.463
129670 109.522
129680 109.576
129690 109.622
129700 109.664
129710 109.703
129720 109.737
129730 109.762
129740 109.777
129750 109.777
129760 109.761
129770 109.732
129780 109.703
129790 109.682
129800 109.667
129810 109.658
129820 109.65
129830 109.647
129840 109.652
129850 109.662
129860 109.674
129870 109.685
129880 109.691
129890 109.681
129900 109.647
129910 109.585
129920 109.499
129930 109.399
129940 109.29
129950 109.18
129960 109.075
129970 108.979
129980 108.895
129990 108.829
130000 108.782
130010 108.753
130020 108.738
130030 108.736
130040 108.747
130050 108.765
130060 108.787
130070 108.815
130080 108.846
130090 108.876
130100 108.903
130110 108.929
130120 108.955
130130 108.98
130140 109
130150 109.004
130160 108.991
130170 108.968
130180 108.94
130190 108.911
130200 108.885
130210 108.864
130220 108.848
130230 108.853
130240 108.892
130250 108.964
130260 109.056
130270 109.152
130280 109.232
130290 109.281
130300 109.305
130310 109.315
130320 109.313
130330 109.296
130340 109.264
130350 109.22
130360 109.164
130370 109.104
130380 109.047
130390 108.992
130400 108.936
130410 108.88
130420 108.826
130430 108.769
130440 108.708
130450 108.647
130460 108.587
130470 108.524
130480 108.455
130490 108.381
130500 108.304
130510 108.227
130520 108.153
130530 108.085
130540 108.026
130550 107.981
130560 107.953
130570 107.941
130580 107.941
130590 107.946
130600 107.955
130610 107.971
130620 107.994
130630 108.018
130640 108.035
130650 108.046
130660 108.059
130670 108.069
130680 108.064
130690 108.039
130700 108.006
130710 107.98
130720 107.961
130730 107.942
130740 107.925
130750 107.926
130760 107.951
130770 107.988
130780 108.026
130790 108.067
130800 108.104
130810 108.13
130820 108.144
130830 108.152
130840 108.16
130850 108.167
130860 108.175
130870 108.181
130880 108.181
130890 108.176
130900 108.17
130910 108.169
130920 108.18
130930 108.21
130940 108.258
130950 108.315
130960 108.381
130970 108.457
130980 108.537
130990 108.617
131000 108.699
131010 108.778
131020 108.852
131030 108.914
131040 108.96
131050 108.983
131060 108.987
131070 108.972
131080 108.942
131090 108.909
131100 108.887
131110 108.875
131120 108.861
131130 108.836
131140 108.805
131150 108.775
131160 108.755
131170 108.751
131180 108.757
131190 108.762
131200 108.759
131210 108.761
131220 108.774
131230 108.793
131240 108.813
131250 108.829
131260 108.84
131270 108.845
131280 108.847
131290 108.844
131300 108.832
131310 108.812
131320 108.783
131330 108.75
131340 108.716
131350 108.683
131360 108.647
131370 108.609
131380 108.571
131390 108.527
131400 108.47
131410 108.4
131420 108.328
131430 108.268
131440 108.227
131450 108.206
131460 108.197
131470 108.194
131480 108.184
131490 108.163
131500 108.136
131510 108.113
131520 108.087
131530 108.049
131540 108.007
131550 107.973
131560 107.949
131570 107.937
131580 107.941
131590 107.959
131600 107.987
131610 108.016
131620 108.035
131630 108.041
131640 108.037
131650 108.026
131660 108.008
131670 107.989
131680 107.97
131690 107.951
131700 107.936
131710 107.93
131720 107.936
131730 107.945
131740 107.96
131750 107.988
131760 108.026
131770 108.065
131780 108.106
131790 108.154
131800 108.211
131810 108.275
131820 108.34
131830 108.393
131840 108.433
131850 108.472
131860 108.517
131870 108.568
131880 108.623
131890 108.678
131900 108.729
131910 108.773
131920 108.809
131930 108.839
131940 108.867
131950 108.888
131960 108.904
131970 108.921
131980 108.941
131990 108.949
132000 108.942
132010 108.929
132020 108.914
132030 108.893
132040 108.861
132050 108.827
132060 108.798
132070 108.773
132080 108.747
132090 108.717
132100 108.694
132110 108.687
132120 108.696
132130 108.717
132140 108.742
132150 108.767
132160 108.787
132170 108.797
132180 108.798
132190 108.803
132200 108.822
132210 108.848
132220 108.871
132230 108.884
132240 108.886
132250 108.882
132260 108.876
132270 108.873
132280 108.873
132290 108.876
132300 108.892
132310 108.927
132320 108.978
132330 109.037
132340 109.095
132350 109.148
132360 109.196
132370 109.232
132380 109.248
132390 109.238
132400 109.208
132410 109.174
132420 109.144
132430 109.119
132440 109.096
132450 109.078
132460 109.06
132470 109.036
132480 109.01
132490 108.993
132500 108.991
132510 109.011
132520 109.049
132530 109.1
132540 109.157
132550 109.216
132560 109.28
132570 109.344
132580 109.405
132590 109.468
132600 109.548
132610 109.65
132620 109.77
132630 109.9
132640 110.032
132650 110.163
132660 110.289
132670 110.406
132680 110.515
132690 110.617
132700 110.708
132710 110.783
132720 110.837
132730 110.875
132740 110.9
132750 110.92
132760 110.948
132770 110.988
132780 111.03
132790 111.07
132800 111.112
132810 111.156
132820 111.186
132830 111.188
132840 111.161
132850 111.12
132860 111.079
132870 111.043
132880 111.01
132890 110.988
132900 110.978
132910 110.969
132920 110.954
132930 110.944
132940 110.943
132950 110.942
132960 110.93
132970 110.909
132980 110.884
132990 110.854
133000 110.824
133010 110.8
133020 110.782
133030 110.777
133040 110.789
133050 110.813
133060 110.832
133070 110.837
133080 110.832
133090 110.827
133100 110.828
133110 110.838
133120 110.854
133130 110.877
133140 110.913
133150 110.968
133160 111.03
133170 111.093
133180 111.157
133190 111.231
133200 111.31
133210 111.381
133220 111.436
133230 111.476
133240 111.515
133250 111.561
133260 111.61
133270 111.653
133280 111.688
133290 111.718
133300 111.74
133310 111.76
133320 111.791
133330 111.841
133340 111.908
133350 111.987
133360 112.073
133370 112.163
133380 112.249
133390 112.329
133400 112.411
133410 112.502
133420 112.604
133430 112.704
133440 112.799
133450 112.893
133460 112.983
133470 113.062
133480 113.118
133490 113.151
133500 113.158
133510 113.14
133520 113.096
133530 113.034
133540 112.974
133550 112.931
133560 112.903
133570 112.881
133580 112.861
133590 112.841
133600 112.816
133610 112.783
133620 112.742
133630 112.698
133640 112.655
133650 112.622
133660 112.598
133670 112.585
133680 112.582
133690 112.592
133700 112.612
133710 112.641
133720 112.682
133730 112.733
133740 112.79
133750 112.851
133760 112.921
133770 112.998
133780 113.073
133790 113.138
133800 113.19
133810 113.235
133820 113.282
133830 113.339
133840 113.411
133850 113.499
133860 113.599
133870 113.71
133880 113.835
133890 113.973
133900 114.114
133910 114.249
133920 114.368
133930 114.465
133940 114.533
133950 114.574
133960 114.591
133970 114.584
133980 114.553
133990 114.504
134000 114.45
134010 114.398
134020 114.348
134030 114.301
134040 114.257
134050 114.22
134060 114.201
134070 114.204
134080 114.226
134090 114.253
134100 114.267
134110 114.255
134120 114.214
134130 114.144
134140 114.052
134150 113.955
134160 113.859
134170 113.759
134180 113.649
134190 113.535
134200 113.431
134210 113.344
134220 113.273
134230 113.223
134240 113.204
134250 113.21
134260 113.231
134270 113.256
134280 113.278
134290 113.285
134300 113.28
134310 113.267
134320 113.245
134330 113.214
134340 113.183
134350 113.16
134360 113.146
134370 113.145
134380 113.158
134390 113.184
134400 113.224
134410 113.278
134420 113.34
134430 113.394
134440 113.431
134450 113.462
134460 113.505
134470 113.568
134480 113.649
134490 113.747
134500 113.856
134510 113.957
134520 114.028
134530 114.063
134540 114.072
134550 114.068
134560 114.054
134570 114.03
134580 114.002
134590 113.974
134600 113.945
134610 113.915
134620 113.884
134630 113.848
134640 113.795
134650 113.725
134660 113.646
134670 113.559
134680 113.461
134690 113.345
134700 113.21
134710 113.065
134720 112.918
134730 112.766
134740 112.609
134750 112.454
134760 112.31
134770 112.18
134780 112.066
134790 111.972
134800 111.901
134810 111.846
134820 111.802
134830 111.776
134840 111.768
134850 111.77
134860 111.777
134870 111.792
134880 111.815
134890 111.839
134900 111.858
134910 111.873
134920 111.883
134930 111.881
134940 111.867
134950 111.853
134960 111.85
134970 111.862
134980 111.882
134990 111.899
135000 111.908
135010 111.911
135020 111.911
135030 111.911
135040 111.913
135050 111.918
135060 111.924
135070 111.925
135080 111.921
135090 111.919
135100 111.927
135110 111.943
135120 111.962
135130 111.978
135140 111.99
135150 111.999
135160 112.013
135170 112.042
135180 112.084
135190 112.128
135200 112.173
135210 112.22
135220 112.269
135230 112.32
135240 112.372
135250 112.427
135260 112.492
135270 112.57
135280 112.66
135290 112.76
135300 112.871
135310 112.985
135320 113.092
135330 113.187
135340 113.277
135350 113.359
135360 113.424
135370 113.467
135380 113.497
135390 113.516
135400 113.521
135410 113.513
135420 113.5
135430 113.483
135440 113.464
135450 113.452
135460 113.453
135470 113.47
135480 113.505
135490 113.561
135500 113.638
135510 113.729
135520 113.829
135530 113.937
135540 114.05
135550 114.156
135560 114.243
135570 114.308
135580 114.356
135590 114.392
135600 114.419
135610 114.444
135620 114.467
135630 114.486
135640 114.501
135650 114.517
135660 114.539
135670 114.566
135680 114.591
135690 114.606
135700 114.615
135710 114.621
135720 114.627
135730 114.628
135740 114.627
135750 114.629
135760 114.637
135770 114.657
135780 114.69
135790 114.735
135800 114.79
135810 114.847
135820 114.897
135830 114.932
135840 114.949
135850 114.952
135860 114.947
135870 114.94
135880 114.937
135890 114.938
135900 114.943
135910 114.946
135920 114.942
135930 114.925
135940 114.9
135950 114.874
135960 114.854
135970 114.838
135980 114.825
135990 114.818
136000 114.823
136010 114.842
136020 114.867
136030 114.888
136040 114.907
136050 114.929
136060 114.955
136070 114.978
136080 114.99
136090 114.986
136100 114.965
136110 114.939
136120 114.92
136130 114.917
136140 114.934
136150 114.968
136160 115.012
136170 115.066
136180 115.132
136190 115.207
136200 115.282
136210 115.356
136220 115.431
136230 115.5
136240 115.554
136250 115.591
136260 115.607
136270 115.599
136280 115.567
136290 115.508
136300 115.426
136310 115.338
136320 115.26
136330 115.201
136340 115.167
136350 115.159
136360 115.167
136370 115.181
136380 115.192
136390 115.2
136400 115.21
136410 115.223
136420 115.244
136430 115.277
136440 115.325
136450 115.377
136460 115.42
136470 115.444
136480 115.454
136490 115.449
136500 115.425
136510 115.379
136520 115.315
136530 115.242
136540 115.167
136550 115.094
136560 115.034
136570 114.986
136580 114.941
136590 114.882
136600 114.803
136610 114.703
136620 114.585
136630 114.449
136640 114.305
136650 114.167
136660 114.045
136670 113.937
136680 113.84
136690 113.762
136700 113.713
136710 113.692
136720 113.695
136730 113.714
136740 113.742
136750 113.773
136760 113.806
136770 113.84
136780 113.872
136790 113.9
136800 113.92
136810 113.932
136820 113.949
136830 113.979
136840 114.018
136850 114.059
136860 114.096
136870 114.126
136880 114.146
136890 114.158
136900 114.166
136910 114.167
136920 114.157
136930 114.142
136940 114.127
136950 114.112
136960 114.091
136970 114.071
136980 114.058
136990 114.058
137000 114.071
137010 114.095
137020 114.123
137030 114.154
137040 114.196
137050 114.254
137060 114.323
137070 114.392
137080 114.451
137090 114.498
137100 114.531
137110 114.551
137120 114.562
137130 114.569
137140 114.575
137150 114.589
137160 114.614
137170 114.651
137180 114.7
137190 114.753
137200 114.808
137210 114.868
137220 114.937
137230 115.017
137240 115.107
137250 115.202
137260 115.297
137270 115.398
137280 115.511
137290 115.633
137300 115.763
137310 115.896
137320 116.019
137330 116.12
137340 116.192
137350 116.235
137360 116.259
137370 116.276
137380 116.292
137390 116.313
137400 116.343
137410 116.38
137420 116.415
137430 116.443
137440 116.46
137450 116.468
137460 116.476
137470 116.488
137480 116.501
137490 116.509
137500 116.513
137510 116.51
137520 116.496
137530 116.469
137540 116.427
137550 116.368
137560 116.303
137570 116.24
137580 116.176
137590 116.105
137600 116.029
137610 115.949
137620 115.86
137630 115.758
137640 115.646
137650 115.532
137660 115.424
137670 115.322
137680 115.225
137690 115.133
137700 115.049
137710 114.971
137720 114.896
137730 114.82
137740 114.739
137750 114.646
137760 114.546
137770 114.445
137780 114.35
137790 114.266
137800 114.197
137810 114.147
137820 114.119
137830 114.112
137840 114.124
137850 114.143
137860 114.159
137870 114.175
137880 114.195
137890 114.222
137900 114.255
137910 114.295
137920 114.34
137930 114.386
137940 114.428
137950 114.463
137960 114.499
137970 114.542
137980 114.594
137990 114.648
138000 114.692
138010 114.71
138020 114.695
138030 114.658
138040 114.611
138050 114.565
138060 114.535
138070 114.52
138080 114.514
138090 114.515
138100 114.523
138110 114.532
138120 114.533
138130 114.534
138140 114.54
138150 114.551
138160 114.57
138170 114.595
138180 114.623
138190 114.655
138200 114.699
138210 114.75
138220 114.797
138230 114.833
138240 114.862
138250 114.887
138260 114.909
138270 114.919
138280 114.912
138290 114.893
138300 114.869
138310 114.847
138320 114.828
138330 114.811
138340 114.789
138350 114.755
138360 114.702
138370 114.629
138380 114.541
138390 114.448
138400 114.359
138410 114.276
138420 114.195
138430 114.119
138440 114.055
138450 114.009
138460 113.98
138470 113.973
138480 113.992
138490 114.03
138500 114.076
138510 114.121
138520 114.164
138530 114.204
138540 114.238
138550 114.262
138560 114.279
138570 114.295
138580 114.315
138590 114.338
138600 114.364
138610 114.392
138620 114.42
138630 114.445
138640 114.466
138650 114.484
138660 114.51
138670 114.555
138680 114.612
138690 114.674
138700 114.736
138710 114.8
138720 114.861
138730 114.917
138740 114.969
138750 115.021
138760 115.07
138770 115.104
138780 115.118
138790 115.109
138800 115.078
138810 115.03
138820 114.98
138830 114.937
138840 114.896
138850 114.852
138860 114.814
138870 114.794
138880 114.792
138890 114.803
138900 114.823
138910 114.852
138920 114.884
138930 114.911
138940 114.928
138950 114.936
138960 114.931
138970 114.921
138980 114.92
138990 114.932
139000 114.954
139010 114.986
139020 115.027
139030 115.069
139040 115.104
139050 115.133
139060 115.155
139070 115.167
139080 115.17
139090 115.168
139100 115.165
139110 115.164
139120 115.165
139130 115.166
139140 115.167
139150 115.167
139160 115.166
139170 115.166
139180 115.173
139190 115.179
139200 115.176
139210 115.173
139220 115.183
139230 115.202
139240 115.221
139250 115.236
139260 115.241
139270 115.226
139280 115.193
139290 115.157
139300 115.129
139310 115.107
139320 115.086
139330 115.064
139340 115.044
139350 115.03
139360 115.024
139370 115.023
139380 115.024
139390 115.026
139400 115.026
139410 115.027
139420 115.031
139430 115.034
139440 115.028
139450 115.013
139460 114.995
139470 114.977
139480 114.954
139490 114.923
139500 114.892
139510 114.868
139520 114.864
139530 114.885
139540 114.923
139550 114.965
139560 115.006
139570 115.054
139580 115.109
139590 115.168
139600 115.228
139610 115.289
139620 115.351
139630 115.417
139640 115.486
139650 115.547
139660 115.592
139670 115.622
139680 115.64
139690 115.658
139700 115.68
139710 115.708
139720 115.742
139730 115.783
139740 115.83
139750 115.887
139760 115.958
139770 116.041
139780 116.132
139790 116.237
139800 116.354
139810 116.474
139820 116.595
139830 116.72
139840 116.855
139850 117
139860 117.146
139870 117.28
139880 117.399
139890 117.504
139900 117.599
139910 117.681
139920 117.744
139930 117.786
139940 117.812
139950 117.826
139960 117.829
139970 117.825
139980 117.824
139990 117.824
140000 117.815
140010 117.786
140020 117.738
140030 117.679
140040 117.614
140050 117.55
140060 117.5
140070 117.475
140080 117.475
140090 117.485
140100 117.494
140110 117.498
140120 117.492
140130 117.481
140140 117.47
140150 117.461
140160 117.448
140170 117.434
140180 117.432
140190 117.448
140200 117.483
140210 117.537
140220 117.605
140230 117.683
140240 117.77
140250 117.857
140260 117.928
140270 117.98
140280 118.016
140290 118.032
140300 118.033
140310 118.034
140320 118.036
140330 118.026
140340 118.009
140350 117.999
140360 118.007
140370 118.037
140380 118.091
140390 118.158
140400 118.225
140410 118.283
140420 118.318
140430 118.323
140440 118.298
140450 118.254
140460 118.193
140470 118.113
140480 118.025
140490 117.951
140500 117.899
140510 117.869
140520 117.865
140530 117.895
140540 117.958
140550 118.046
140560 118.159
140570 118.296
140580 118.447
140590 118.599
140600 118.744
140610 118.869
140620 118.963
140630 119.022
140640 119.047
140650 119.045
140660 119.023
140670 118.991
140680 118.949
140690 118.903
140700 118.864
140710 118.838
140720 118.826
140730 118.834
140740 118.864
140750 118.907
140760 118.945
140770 118.968
140780 118.975
140790 118.968
140800 118.954
140810 118.94
140820 118.929
140830 118.921
140840 118.913
140850 118.904
140860 118.892
140870 118.88
140880 118.876
140890 118.884
140900 118.906
140910 118.942
140920 118.986
140930 119.032
140940 119.082
140950 119.137
140960 119.193
140970 119.247
140980 119.301
140990 119.356
141000 119.404
141010 119.431
141020 119.436
141030 119.424
141040 119.397
141050 119.361
141060 119.323
141070 119.288
141080 119.253
141090 119.216
141100 119.178
141110 119.143
141120 119.111
141130 119.084
141140 119.067
141150 119.067
141160 119.08
141170 119.096
141180 119.106
141190 119.108
141200 119.108
141210 119.109
141220 119.109
141230 119.116
141240 119.134
141250 119.157
141260 119.173
141270 119.178
141280 119.171
141290 119.156
141300 119.141
141310 119.135
141320 119.14
141330 119.147
141340 119.147
141350 119.136
141360 119.121
141370 119.114
141380 119.12
141390 119.138
141400 119.165
141410 119.206
141420 119.27
141430 119.356
141440 119.458
141450 119.562
141460 119.651
141470 119.725
141480 119.789
141490 119.851
141500 119.912
141510 119.967
141520 120.017
141530 120.069
141540 120.115
141550 120.144
141560 120.162
141570 120.179
141580 120.205
141590 120.242
141600 120.289
141610 120.337
141620 120.38
141630 120.415
141640 120.444
141650 120.471
141660 120.494
141670 120.513
141680 120.524
141690 120.524
141700 120.515
141710 120.498
141720 120.469
141730 120.436
141740 120.405
141750 120.375
141760 120.337
141770 120.288
141780 120.237
141790 120.186
141800 120.131
141810 120.077
141820 120.032
141830 120.002
141840 119.987
141850 119.992
141860 120.012
141870 120.039
141880 120.056
141890 120.05
141900 120.021
141910 119.978
141920 119.931
141930 119.891
141940 119.856
141950 119.818
141960 119.774
141970 119.73
141980 119.69
141990 119.648
142000 119.598
142010 119.545
142020 119.495
142030 119.45
142040 119.408
142050 119.372
142060 119.336
142070 119.292
142080 119.236
142090 119.177
142100 119.124
142110 119.078
142120 119.04
142130 119.014
142140 119.006
142150 119.011
142160 119.019
142170 119.023
142180 119.017
142190 119.003
142200 118.986
142210 118.961
142220 118.926
142230 118.896
142240 118.886
142250 118.895
142260 118.913
142270 118.934
142280 118.962
142290 118.995
142300 119.029
142310 119.061
142320 119.098
142330 119.144
142340 119.197
142350 119.25
142360 119.298
142370 119.342
142380 119.391
142390 119.452
142400 119.531
142410 119.628
142420 119.741
142430 119.86
142440 119.978
142450 120.088
142460 120.185
142470 120.261
142480 120.31
142490 120.336
142500 120.35
142510 120.366
142520 120.386
142530 120.407
142540 120.426
142550 120.441
142560 120.444
142570 120.432
142580 120.416
142590 120.41
142600 120.412
142610 120.414
142620 120.417
142630 120.431
142640 120.458
142650 120.492
142660 120.527
142670 120.567
142680 120.616
142690 120.676
142700 120.747
142710 120.823
142720 120.899
142730 120.974
142740 121.046
142750 121.106
142760 121.15
142770 121.18
142780 121.202
142790 121.225
142800 121.253
142810 121.279
142820 121.301
142830 121.33
142840 121.366
142850 121.397
142860 121.421
142870 121.441
142880 121.456
142890 121.455
142900 121.443
142910 121.429
142920 121.415
142930 121.399
142940 121.386
142950 121.375
142960 121.356
142970 121.325
142980 121.291
142990 121.258
143000 121.225
143010 121.196
143020 121.173
143030 121.154
143040 121.139
143050 121.129
143060 121.128
143070 121.136
143080 121.149
143090 121.159
143100 121.158
143110 121.135
143120 121.092
143130 121.04
143140 120.988
143150 120.936
143160 120.878
143170 120.821
143180 120.778
143190 120.752
143200 120.734
143210 120.716
143220 120.69
143230 120.657
143240 120.623
143250 120.6
143260 120.593
143270 120.603
143280 120.623
143290 120.647
143300 120.668
143310 120.68
143320 120.672
143330 120.644
143340 120.61
143350 120.582
143360 120.567
143370 120.572
143380 120.603
143390 120.656
143400 120.715
143410 120.765
143420 120.806
143430 120.842
143440 120.876
143450 120.908
143460 120.94
143470 120.981
143480 121.031
143490 121.086
143500 121.139
143510 121.187
143520 121.227
143530 121.258
143540 121.276
143550 121.277
143560 121.264
143570 121.244
143580 121.215
143590 121.186
143600 121.175
143610 121.191
143620 121.225
143630 121.273
143640 121.341
143650 121.435
143660 121.549
143670 121.671
143680 121.805
143690 121.96
143700 122.134
143710 122.316
143720 122.495
143730 122.666
143740 122.815
143750 122.928
143760 123.004
143770 123.057
143780 123.084
143790 123.077
143800 123.044
143810 123.002
143820 122.964
143830 122.927
143840 122.889
143850 122.853
143860 122.823
143870 122.798
143880 122.769
143890 122.731
143900 122.687
143910 122.65
143920 122.628
143930 122.621
143940 122.628
143950 122.65
143960 122.69
143970 122.745
143980 122.809
143990 122.871
144000 122.922
144010 122.954
144020 122.964
144030 122.955
144040 122.938
144050 122.926
144060 122.929
144070 122.946
144080 122.98
144090 123.032
144100 123.096
144110 123.16
144120 123.218
144130 123.275
144140 123.332
144150 123.384
144160 123.428
144170 123.462
144180 123.491
144190 123.518
144200 123.546
144210 123.577
144220 123.614
144230 123.655
144240 123.7
144250 123.748
144260 123.796
144270 123.842
144280 123.883
144290 123.917
144300 123.948
144310 123.98
144320 124.009
144330 124.033
144340 124.059
144350 124.099
144360 124.152
144370 124.202
144380 124.243
144390 124.273
144400 124.293
144410 124.307
144420 124.314
144430 124.31
144440 124.297
144450 124.283
144460 124.271
144470 124.257
144480 124.238
144490 124.213
144500 124.184
144510 124.161
144520 124.148
144530 124.143
144540 124.147
144550 124.163
144560 124.19
144570 124.219
144580 124.243
144590 124.26
144600 124.276
144610 124.299
144620 124.335
144630 124.384
144640 124.436
144650 124.478
144660 124.507
144670 124.52
144680 124.522
144690 124.524
144700 124.539
144710 124.567
144720 124.602
144730 124.643
144740 124.686
144750 124.727
144760 124.759
144770 124.785
144780 124.809
144790 124.832
144800 124.851
144810 124.869
144820 124.89
144830 124.913
144840 124.932
144850 124.943
144860 124.946
144870 124.937
144880 124.921
144890 124.905
144900 124.887
144910 124.86
144920 124.822
144930 124.782
144940 124.739
144950 124.686
144960 124.625
144970 124.568
144980 124.523
144990 124.495
145000 124.488
145010 124.506
145020 124.546
145030 124.591
145040 124.625
145050 124.65
145060 124.672
145070 124.692
145080 124.703
145090 124.698
145100 124.682
145110 124.66
145120 124.633
145130 124.597
145140 124.554
145150 124.52
145160 124.517
145170 124.551
145180 124.605
145190 124.663
145200 124.715
145210 124.757
145220 124.781
145230 124.786
145240 124.772
145250 124.746
145260 124.708
145270 124.656
145280 124.595
145290 124.532
145300 124.463
145310 124.382
145320 124.295
145330 124.21
145340 124.13
145350 124.059
145360 124.006
145370 123.979
145380 123.984
145390 124.023
145400 124.082
145410 124.145
145420 124.21
145430 124.274
145440 124.324
145450 124.351
145460 124.359
145470 124.349
145480 124.323
145490 124.288
145500 124.252
145510 124.208
145520 124.152
145530 124.095
145540 124.048
145550 124.014
145560 123.99
145570 123.981
145580 123.99
145590 124.02
145600 124.062
145610 124.104
145620 124.137
145630 124.162
145640 124.181
145650 124.19
145660 124.186
145670 124.173
145680 124.152
145690 124.13
145700 124.109
145710 124.092
145720 124.076
145730 124.054
145740 124.029
145750 124.004
145760 123.985
145770 123.97
145780 123.959
145790 123.954
145800 123.946
145810 123.934
145820 123.92
145830 123.896
145840 123.858
145850 123.819
145860 123.797
145870 123.797
145880 123.813
145890 123.837
145900 123.869
145910 123.903
145920 123.933
145930 123.958
145940 123.977
145950 123.988
145960 123.996
145970 124.014
145980 124.041
145990 124.07
146000 124.094
146010 124.112
146020 124.126
146030 124.14
146040 124.163
146050 124.195
146060 124.234
146070 124.282
146080 124.333
146090 124.38
146100 124.424
146110 124.471
146120 124.509
146130 124.519
146140 124.498
146150 124.46
146160 124.417
146170 124.368
146180 124.313
146190 124.255
146200 124.204
146210 124.165
146220 124.142
146230 124.142
146240 124.164
146250 124.2
146260 124.244
146270 124.297
146280 124.363
146290 124.429
146300 124.482
146310 124.517
146320 124.531
146330 124.528
146340 124.511
146350 124.481
146360 124.442
146370 124.399
146380 124.362
146390 124.343
146400 124.347
146410 124.364
146420 124.383
146430 124.4
146440 124.419
146450 124.444
146460 124.473
146470 124.511
146480 124.565
146490 124.639
146500 124.731
146510 124.836
146520 124.949
146530 125.063
146540 125.163
146550 125.236
146560 125.276
146570 125.291
146580 125.295
146590 125.297
146600 125.296
146610 125.289
146620 125.275
146630 125.258
146640 125.24
146650 125.224
146660 125.207
146670 125.184
146680 125.161
146690 125.139
146700 125.115
146710 125.087
146720 125.052
146730 125.006
146740 124.955
146750 124.908
146760 124.866
146770 124.828
146780 124.786
146790 124.738
146800 124.688
146810 124.643
146820 124.599
146830 124.541
146840 124.471
146850 124.398
146860 124.332
146870 124.278
146880 124.242
146890 124.228
146900 124.232
146910 124.243
146920 124.247
146930 124.237
146940 124.214
146950 124.186
146960 124.161
146970 124.148
146980 124.147
146990 124.158
147000 124.18
147010 124.212
147020 124.255
147030 124.309
147040 124.381
147050 124.469
147060 124.566
147070 124.657
147080 124.733
147090 124.792
147100 124.841
147110 124.881
147120 124.911
147130 124.93
147140 124.931
147150 124.916
147160 124.888
147170 124.849
147180 124.802
147190 124.753
147200 124.714
147210 124.694
147220 124.691
147230 124.696
147240 124.712
147250 124.742
147260 124.781
147270 124.817
147280 124.845
147290 124.86
147300 124.856
147310 124.837
147320 124.813
147330 124.788
147340 124.756
147350 124.719
147360 124.688
147370 124.664
147380 124.638
147390 124.607
147400 124.574
147410 124.536
147420 124.485
147430 124.42
147440 124.354
147450 124.301
147460 124.258
147470 124.228
147480 124.222
147490 124.24
147500 124.268
147510 124.3
147520 124.331
147530 124.352
147540 124.355
147550 124.341
147560 124.31
147570 124.262
147580 124.199
147590 124.128
147600 124.064
147610 124.017
147620 123.985
147630 123.968
147640 123.962
147650 123.961
147660 123.957
147670 123.944
147680 123.921
147690 123.892
147700 123.859
147710 123.814
147720 123.758
147730 123.705
147740 123.667
147750 123.643
147760 123.624
147770 123.6
147780 123.563
147790 123.506
147800 123.436
147810 123.362
147820 123.29
147830 123.223
147840 123.162
147850 123.112
147860 123.075
147870 123.047
147880 123.023
147890 122.998
147900 122.976
147910 122.963
147920 122.956
147930 122.947
147940 122.928
147950 122.892
147960 122.833
147970 122.762
147980 122.692
147990 122.623
148000 122.555
148010 122.498
148020 122.467
148030 122.465
148040 122.477
148050 122.492
148060 122.51
148070 122.535
148080 122.561
148090 122.58
148100 122.597
148110 122.624
148120 122.658
148130 122.688
148140 122.714
148150 122.742
148160 122.778
148170 122.817
148180 122.859
148190 122.901
148200 122.951
148210 123.023
148220 123.12
148230 123.24
148240 123.367
148250 123.498
148260 123.634
148270 123.771
148280 123.895
148290 124.005
148300 124.108
148310 124.208
148320 124.302
148330 124.388
148340 124.471
148350 124.553
148360 124.637
148370 124.724
148380 124.814
148390 124.902
148400 124.986
148410 125.071
148420 125.158
148430 125.24
148440 125.309
148450 125.361
148460 125.393
148470 125.408
148480 125.41
148490 125.394
148500 125.36
148510 125.311
148520 125.254
148530 125.187
148540 125.106
148550 125.019
148560 124.93
148570 124.84
148580 124.748
148590 124.663
148600 124.597
148610 124.555
148620 124.533
148630 124.522
148640 124.514
148650 124.5
148660 124.477
148670 124.447
148680 124.412
148690 124.377
148700 124.357
148710 124.353
148720 124.356
148730 124.365
148740 124.384
148750 124.422
148760 124.477
148770 124.534
148780 124.576
148790 124.597
148800 124.596
148810 124.569
148820 124.519
148830 124.462
148840 124.416
148850 124.392
148860 124.395
148870 124.423
148880 124.46
148890 124.49
148900 124.51
148910 124.523
148920 124.537
148930 124.556
148940 124.581
148950 124.603
148960 124.619
148970 124.633
148980 124.645
148990 124.654
149000 124.663
149010 124.674
149020 124.681
149030 124.677
149040 124.672
149050 124.68
149060 124.701
149070 124.727
149080 124.755
149090 124.785
149100 124.818
149110 124.853
149120 124.891
149130 124.937
149140 124.989
149150 125.041
149160 125.08
149170 125.095
149180 125.09
149190 125.078
149200 125.072
149210 125.073
149220 125.079
149230 125.089
149240 125.107
149250 125.134
149260 125.175
149270 125.227
149280 125.276
149290 125.319
149300 125.36
149310 125.412
149320 125.472
149330 125.53
149340 125.576
149350 125.605
149360 125.624
149370 125.637
149380 125.649
149390 125.662
149400 125.675
149410 125.688
149420 125.71
149430 125.743
149440 125.779
149450 125.818
149460 125.866
149470 125.925
149480 125.987
149490 126.041
149500 126.087
149510 126.126
149520 126.157
149530 126.181
149540 126.205
149550 126.232
149560 126.261
149570 126.285
149580 126.304
149590 126.313
149600 126.312
149610 126.304
149620 126.293
149630 126.283
149640 126.279
149650 126.285
149660 126.296
149670 126.302
149680 126.296
149690 126.276
149700 126.243
149710 126.196
149720 126.134
149730 126.063
149740 125.994
149750 125.928
149760 125.863
149770 125.799
149780 125.737
149790 125.685
149800 125.637
149810 125.582
149820 125.516
149830 125.441
149840 125.354
149850 125.261
149860 125.174
149870 125.102
149880 125.047
149890 125.02
149900 125.03
149910 125.067
149920 125.121
149930 125.19
149940 125.273
149950 125.368
149960 125.471
149970 125.58
149980 125.695
149990 125.813
150000 125.914
150010 125.987
150020 126.036
150030 126.067
150040 126.087
150050 126.102
150060 126.109
150070 126.1
150080 126.077
150090 126.055
150100 126.042
150110 126.035
150120 126.031
150130 126.036
150140 126.054
150150 126.08
150160 126.108
150170 126.128
150180 126.139
150190 126.145
150200 126.143
150210 126.127
150220 126.094
150230 126.048
150240 125.989
150250 125.919
150260 125.849
150270 125.795
150280 125.755
150290 125.722
150300 125.691
150310 125.664
150320 125.642
150330 125.62
150340 125.594
150350 125.559
150360 125.512
150370 125.454
150380 125.392
150390 125.33
150400 125.266
150410 125.194
150420 125.112
150430 125.028
150440 124.953
150450 124.894
150460 124.852
150470 124.819
150480 124.792
150490 124.772
150500 124.763
150510 124.762
150520 124.766
150530 124.776
150540 124.799
150550 124.831
150560 124.866
150570 124.905
150580 124.954
150590 125.018
150600 125.102
150610 125.208
150620 125.324
150630 125.438
150640 125.549
150650 125.66
150660 125.775
150670 125.895
150680 126.023
150690 126.16
150700 126.297
150710 126.424
150720 126.535
150730 126.623
150740 126.679
150750 126.701
150760 126.698
150770 126.682
150780 126.663
150790 126.644
150800 126.625
150810 126.608
150820 126.598
150830 126.605
150840 126.629
150850 126.665
150860 126.715
150870 126.781
150880 126.855
150890 126.928
150900 126.996
150910 127.053
150920 127.094
150930 127.119
150940 127.137
150950 127.148
150960 127.15
150970 127.142
150980 127.131
150990 127.122
151000 127.114
151010 127.114
151020 127.127
151030 127.157
151040 127.201
151050 127.253
151060 127.316
151070 127.39
151080 127.476
151090 127.564
151100 127.643
151110 127.709
151120 127.763
151130 127.806
151140 127.844
151150 127.88
151160 127.911
151170 127.936
151180 127.961
151190 127.993
151200 128.031
151210 128.078
151220 128.138
151230 128.205
151240 128.271
151250 128.338
151260 128.406
151270 128.47
151280 128.533
151290 128.602
151300 128.667
151310 128.717
151320 128.752
151330 128.778
151340 128.793
151350 128.801
151360 128.809
151370 128.822
151380 128.842
151390 128.863
151400 128.885
151410 128.907
151420 128.925
151430 128.937
151440 128.945
151450 128.948
151460 128.939
151470 128.914
151480 128.875
151490 128.828
151500 128.784
151510 128.749
151520 128.729
151530 128.726
151540 128.732
151550 128.739
151560 128.741
151570 128.735
151580 128.724
151590 128.711
151600 128.698
151610 128.684
151620 128.672
151630 128.659
151640 128.644
151650 128.629
151660 128.61
151670 128.583
151680 128.543
151690 128.494
151700 128.441
151710 128.382
151720 128.314
151730 128.239
151740 128.166
151750 128.1
151760 128.042
151770 127.993
151780 127.96
151790 127.948
151800 127.947
151810 127.95
151820 127.957
151830 127.965
151840 127.961
151850 127.941
151860 127.91
151870 127.878
151880 127.845
151890 127.814
151900 127.792
151910 127.778
151920 127.765
151930 127.749
151940 127.737
151950 127.734
151960 127.74
151970 127.752
151980 127.763
151990 127.765
152000 127.759
152010 127.744
152020 127.724
152030 127.717
152040 127.737
152050 127.785
152060 127.847
152070 127.912
152080 127.98
152090 128.043
152100 128.098
152110 128.15
152120 128.208
152130 128.278
152140 128.358
152150 128.441
152160 128.52
152170 128.585
152180 128.633
152190 128.666
152200 128.687
152210 128.695
152220 128.693
152230 128.686
152240 128.678
152250 128.663
152260 128.638
152270 128.608
152280 128.582
152290 128.561
152300 128.546
152310 128.545
152320 128.56
152330 128.585
152340 128.61
152350 128.628
152360 128.638
152370 128.643
152380 128.642
152390 128.629
152400 128.6
152410 128.551
152420 128.484
152430 128.408
152440 128.337
152450 128.278
152460 128.236
152470 128.215
152480 128.212
152490 128.214
152500 128.211
152510 128.196
152520 128.17
152530 128.136
152540 128.1
152550 128.069
152560 128.05
152570 128.039
152580 128.028
152590 128.014
152600 127.995
152610 127.973
152620 127.946
152630 127.917
152640 127.894
152650 127.88
152660 127.876
152670 127.888
152680 127.917
152690 127.955
152700 127.988
152710 128.005
152720 128.004
152730 127.989
152740 127.958
152750 127.913
152760 127.855
152770 127.792
152780 127.729
152790 127.681
152800 127.657
152810 127.656
152820 127.668
152830 127.677
152840 127.679
152850 127.672
152860 127.652
152870 127.614
152880 127.564
152890 127.508
152900 127.452
152910 127.401
152920 127.356
152930 127.319
152940 127.287
152950 127.253
152960 127.221
152970 127.2
152980 127.194
152990 127.202
153000 127.224
153010 127.253
153020 127.287
153030 127.325
153040 127.368
153050 127.418
153060 127.474
153070 127.54
153080 127.624
153090 127.72
153100 127.817
153110 127.912
153120 128.001
153130 128.076
153140 128.139
153150 128.206
153160 128.282
153170 128.359
153180 128.437
153190 128.515
153200 128.588
153210 128.655
153220 128.722
153230 128.791
153240 128.861
153250 128.935
153260 129.015
153270 129.104
153280 129.202
153290 129.302
153300 129.4
153310 129.49
153320 129.572
153330 129.652
153340 129.739
153350 129.834
153360 129.926
153370 130.004
153380 130.073
153390 130.128
153400 130.162
153410 130.174
153420 130.171
153430 130.157
153440 130.144
153450 130.142
153460 130.146
153470 130.145
153480 130.126
153490 130.087
153500 130.032
153510 129.962
153520 129.883
153530 129.805
153540 129.743
153550 129.703
153560 129.684
153570 129.683
153580 129.692
153590 129.707
153600 129.716
153610 129.714
153620 129.704
153630 129.69
153640 129.672
153650 129.648
153660 129.628
153670 129.618
153680 129.626
153690 129.651
153700 129.687
153710 129.726
153720 129.759
153730 129.787
153740 129.81
153750 129.824
153760 129.827
153770 129.823
153780 129.816
153790 129.809
153800 129.803
153810 129.801
153820 129.81
153830 129.824
153840 129.838
153850 129.852
153860 129.868
153870 129.891
153880 129.919
153890 129.95
153900 129.986
153910 130.027
153920 130.073
153930 130.104
153940 130.104
153950 130.074
153960 130.032
153970 129.988
153980 129.94
153990 129.886
154000 129.835
154010 129.787
154020 129.741
154030 129.699
154040 129.669
154050 129.647
154060 129.625
154070 129.6
154080 129.573
154090 129.546
154100 129.521
154110 129.506
154120 129.502
154130 129.5
154140 129.493
154150 129.482
154160 129.469
154170 129.452
154180 129.425
154190 129.393
154200 129.358
154210 129.325
154220 129.294
154230 129.268
154240 129.246
154250 129.233
154260 129.229
154270 129.239
154280 129.264
154290 129.301
154300 129.339
154310 129.365
154320 129.372
154330 129.364
154340 129.349
154350 129.334
154360 129.315
154370 129.28
154380 129.229
154390 129.171
154400 129.116
154410 129.071
154420 129.035
154430 129.006
154440 128.985
154450 128.967
154460 128.948
154470 128.934
154480 128.932
154490 128.931
154500 128.914
154510 128.881
154520 128.843
154530 128.806
154540 128.765
154550 128.716
154560 128.655
154570 128.584
154580 128.508
154590 128.437
154600 128.378
154610 128.333
154620 128.305
154630 128.291
154640 128.288
154650 128.293
154660 128.297
154670 128.291
154680 128.27
154690 128.238
154700 128.197
154710 128.148
154720 128.097
154730 128.051
154740 128.019
154750 128.001
154760 127.99
154770 127.977
154780 127.958
154790 127.935
154800 127.9
154810 127.849
154820 127.785
154830 127.719
154840 127.654
154850 127.59
154860 127.531
154870 127.484
154880 127.455
154890 127.445
154900 127.452
154910 127.474
154920 127.51
154930 127.559
154940 127.615
154950 127.673
154960 127.723
154970 127.756
154980 127.778
154990 127.805
155000 127.845
155010 127.884
155020 127.909
155030 127.922
155040 127.934
155050 127.95
155060 127.971
155070 127.996
155080 128.027
155090 128.065
155100 128.112
155110 128.171
155120 128.245
155130 128.336
155140 128.441
155150 128.558
155160 128.677
155170 128.79
155180 128.896
155190 128.997
155200 129.095
155210 129.18
155220 129.249
155230 129.3
155240 129.334
155250 129.35
155260 129.344
155270 129.315
155280 129.267
155290 129.21
155300 129.15
155310 129.092
155320 129.035
155330 128.971
155340 128.895
155350 128.817
155360 128.752
155370 128.7
155380 128.654
155390 128.611
155400 128.576
155410 128.55
155420 128.527
155430 128.503
155440 128.476
155450 128.447
155460 128.418
155470 128.385
155480 128.344
155490 128.3
155500 128.266
155510 128.254
155520 128.27
155530 128.319
155540 128.393
155550 128.479
155560 128.565
155570 128.644
155580 128.712
155590 128.763
155600 128.796
155610 128.818
155620 128.828
155630 128.816
155640 128.782
155650 128.743
155660 128.713
155670 128.692
155680 128.677
155690 128.668
155700 128.659
155710 128.641
155720 128.611
155730 128.573
155740 128.535
155750 128.499
155760 128.458
155770 128.41
155780 128.359
155790 128.314
155800 128.277
155810 128.242
155820 128.204
155830 128.165
155840 128.134
155850 128.112
155860 128.09
155870 128.065
155880 128.038
155890 128.009
155900 127.982
155910 127.967
155920 127.97
155930 127.983
155940 128.004
155950 128.037
155960 128.08
155970 128.125
155980 128.17
155990 128.21
156000 128.247
156010 128.293
156020 128.35
156030 128.411
156040 128.473
156050 128.537
156060 128.606
156070 128.681
156080 128.753
156090 128.809
156100 128.84
156110 128.85
156120 128.845
156130 128.83
156140 128.812
156150 128.801
156160 128.798
156170 128.8
156180 128.805
156190 128.808
156200 128.805
156210 128.795
156220 128.776
156230 128.748
156240 128.708
156250 128.658
156260 128.599
156270 128.537
156280 128.474
156290 128.411
156300 128.352
156310 128.302
156320 128.271
156330 128.265
156340 128.281
156350 128.313
156360 128.359
156370 128.411
156380 128.458
156390 128.494
156400 128.521
156410 128.543
156420 128.568
156430 128.604
156440 128.653
156450 128.706
156460 128.757
156470 128.811
156480 128.875
156490 128.944
156500 129.021
156510 129.105
156520 129.183
156530 129.237
156540 129.262
156550 129.268
156560 129.272
156570 129.281
156580 129.294
156590 129.309
156600 129.33
156610 129.366
156620 129.419
156630 129.487
156640 129.561
156650 129.633
156660 129.695
156670 129.745
156680 129.793
156690 129.845
156700 129.901
156710 129.958
156720 130.012
156730 130.061
156740 130.112
156750 130.174
156760 130.252
156770 130.338
156780 130.427
156790 130.51
156800 130.576
156810 130.62
156820 130.642
156830 130.644
156840 130.637
156850 130.63
156860 130.635
156870 130.658
156880 130.699
156890 130.748
156900 130.793
156910 130.824
156920 130.842
156930 130.853
156940 130.861
156950 130.871
156960 130.881
156970 130.889
156980 130.903
156990 130.928
157000 130.966
157010 131.017
157020 131.083
157030 131.165
157040 131.258
157050 131.349
157060 131.43
157070 131.497
157080 131.551
157090 131.587
157100 131.606
157110 131.611
157120 131.61
157130 131.614
157140 131.626
157150 131.645
157160 131.663
157170 131.681
157180 131.697
157190 131.71
157200 131.714
157210 131.706
157220 131.691
157230 131.682
157240 131.693
157250 131.723
157260 131.753
157270 131.78
157280 131.816
157290 131.869
157300 131.93
157310 131.984
157320 132.028
157330 132.058
157340 132.064
157350 132.048
157360 132.025
157370 132.008
157380 131.999
157390 131.994
157400 131.986
157410 131.978
157420 131.975
157430 131.985
157440 132.007
157450 132.04
157460 132.082
157470 132.124
157480 132.16
157490 132.187
157500 132.206
157510 132.217
157520 132.222
157530 132.229
157540 132.24
157550 132.26
157560 132.294
157570 132.354
157580 132.442
157590 132.55
157600 132.669
157610 132.795
157620 132.925
157630 133.044
157640 133.138
157650 133.199
157660 133.229
157670 133.232
157680 133.215
157690 133.187
157700 133.152
157710 133.108
157720 133.058
157730 133.008
157740 132.964
157750 132.927
157760 132.892
157770 132.857
157780 132.821
157790 132.774
157800 132.711
157810 132.633
157820 132.548
157830 132.462
157840 132.378
157850 132.298
157860 132.229
157870 132.172
157880 132.128
157890 132.091
157900 132.057
157910 132.024
157920 131.999
157930 131.984
157940 131.978
157950 131.987
157960 132.009
157970 132.031
157980 132.034
157990 132.002
158000 131.936
158010 131.856
158020 131.777
158030 131.704
158040 131.639
158050 131.588
158060 131.556
158070 131.541
158080 131.543
158090 131.556
158100 131.567
158110 131.563
158120 131.546
158130 131.527
158140 131.509
158150 131.489
158160 131.461
158170 131.422
158180 131.377
158190 131.335
158200 131.307
158210 131.298
158220 131.309
158230 131.34
158240 131.384
158250 131.429
158260 131.471
158270 131.512
158280 131.552
158290 131.582
158300 131.6
158310 131.612
158320 131.628
158330 131.655
158340 131.695
158350 131.747
158360 131.806
158370 131.868
158380 131.928
158390 131.976
158400 132.005
158410 132.013
158420 132.004
158430 131.983
158440 131.948
158450 131.894
158460 131.832
158470 131.779
158480 131.743
158490 131.72
158500 131.701
158510 131.691
158520 131.697
158530 131.72
158540 131.756
158550 131.804
158560 131.861
158570 131.916
158580 131.963
158590 131.994
158600 132
158610 131.977
158620 131.937
158630 131.889
158640 131.836
158650 131.786
158660 131.749
158670 131.729
158680 131.722
158690 131.723
158700 131.724
158710 131.722
158720 131.718
158730 131.713
158740 131.709
158750 131.703
158760 131.691
158770 131.672
158780 131.646
158790 131.619
158800 131.593
158810 131.565
158820 131.538
158830 131.517
158840 131.506
158850 131.503
158860 131.506
158870 131.517
158880 131.533
158890 131.54
158900 131.531
158910 131.516
158920 131.508
158930 131.507
158940 131.502
158950 131.489
158960 131.473
158970 131.456
158980 131.433
158990 131.406
159000 131.382
159010 131.372
159020 131.381
159030 131.411
159040 131.46
159050 131.525
159060 131.601
159070 131.678
159080 131.747
159090 131.808
159100 131.868
159110 131.923
159120 131.972
159130 132.016
159140 132.051
159150 132.071
159160 132.078
159170 132.084
159180 132.101
159190 132.122
159200 132.139
159210 132.149
159220 132.16
159230 132.173
159240 132.178
159250 132.162
159260 132.124
159270 132.072
159280 132.019
159290 131.976
159300 131.947
159310 131.929
159320 131.913
159330 131.894
159340 131.876
159350 131.863
159360 131.851
159370 131.833
159380 131.806
159390 131.768
159400 131.726
159410 131.688
159420 131.655
159430 131.632
159440 131.63
159450 131.65
159460 131.68
159470 131.709
159480 131.732
159490 131.748
159500 131.753
159510 131.747
159520 131.737
159530 131.733
159540 131.742
159550 131.764
159560 131.801
159570 131.85
159580 131.904
159590 131.957
159600 132.009
159610 132.059
159620 132.104
159630 132.144
159640 132.191
159650 132.26
159660 132.353
159670 132.458
159680 132.561
159690 132.658
159700 132.744
159710 132.815
159720 132.87
159730 132.911
159740 132.942
159750 132.967
159760 132.99
159770 133.019
159780 133.053
159790 133.085
159800 133.108
159810 133.118
159820 133.115
159830 133.1
159840 133.077
159850 133.052
159860 133.027
159870 133
159880 132.98
159890 132.971
159900 132.973
159910 132.977
159920 132.98
159930 132.971
159940 132.931
159950 132.849
159960 132.73
159970 132.592
159980 132.451
159990 132.326
160000 132.222
160010 132.133
160020 132.061
160030 132.01
160040 131.98
160050 131.965
160060 131.964
160070 131.979
160080 132
160090 132.017
160100 132.025
160110 132.028
160120 132.035
160130 132.041
160140 132.035
160150 132.016
160160 131.991
160170 131.961
160180 131.937
160190 131.936
160200 131.964
160210 132.018
160220 132.094
160230 132.18
160240 132.264
160250 132.339
160260 132.406
160270 132.465
160280 132.515
160290 132.559
160300 132.597
160310 132.629
160320 132.653
160330 132.667
160340 132.673
160350 132.668
160360 132.65
160370 132.617
160380 132.571
160390 132.514
160400 132.454
160410 132.395
160420 132.334
160430 132.26
160440 132.172
160450 132.078
160460 131.988
160470 131.905
160480 131.831
160490 131.767
160500 131.719
160510 131.685
160520 131.663
160530 131.652
160540 131.649
160550 131.653
160560 131.67
160570 131.707
160580 131.757
160590 131.805
160600 131.842
160610 131.87
160620 131.895
160630 131.922
160640 131.945
160650 131.96
160660 131.976
160670 132.001
160680 132.033
160690 132.061
160700 132.088
160710 132.122
160720 132.161
160730 132.199
160740 132.237
160750 132.283
160760 132.332
160770 132.369
160780 132.387
160790 132.395
160800 132.397
160810 132.399
160820 132.409
160830 132.437
160840 132.489
160850 132.562
160860 132.641
160870 132.707
160880 132.753
160890 132.785
160900 132.819
160910 132.856
160920 132.887
160930 132.91
160940 132.934
160950 132.973
160960 133.035
160970 133.116
160980 133.198
160990 133.263
161000 133.301
161010 133.31
161020 133.288
161030 133.244
161040 133.188
161050 133.129
161060 133.073
161070 133.035
161080 133.026
161090 133.045
161100 133.077
161110 133.114
161120 133.157
161130 133.205
161140 133.252
161150 133.301
161160 133.356
161170 133.414
161180 133.472
161190 133.53
161200 133.591
161210 133.654
161220 133.716
161230 133.768
161240 133.808
161250 133.839
161260 133.865
161270 133.889
161280 133.911
161290 133.934
161300 133.967
161310 134.009
161320 134.058
161330 134.106
161340 134.15
161350 134.186
161360 134.212
161370 134.234
161380 134.259
161390 134.282
161400 134.299
161410 134.309
161420 134.316
161430 134.328
161440 134.352
161450 134.397
161460 134.455
161470 134.507
161480 134.537
161490 134.546
161500 134.542
161510 134.522
161520 134.492
161530 134.456
161540 134.413
161550 134.362
161560 134.318
161570 134.29
161580 134.279
161590 134.283
161600 134.307
161610 134.35
161620 134.408
161630 134.479
161640 134.555
161650 134.633
161660 134.711
161670 134.789
161680 134.864
161690 134.936
161700 135.008
161710 135.086
161720 135.164
161730 135.24
161740 135.315
161750 135.39
161760 135.458
161770 135.519
161780 135.577
161790 135.635
161800 135.687
161810 135.726
161820 135.746
161830 135.746
161840 135.733
161850 135.711
161860 135.684
161870 135.655
161880 135.629
161890 135.606
161900 135.592
161910 135.599
161920 135.631
161930 135.677
161940 135.715
161950 135.732
161960 135.726
161970 135.702
161980 135.663
161990 135.622
162000 135.591
162010 135.575
162020 135.567
162030 135.557
162040 135.548
162050 135.547
162060 135.559
162070 135.583
162080 135.617
162090 135.66
162100 135.708
162110 135.76
162120 135.813
162130 135.862
162140 135.905
162150 135.938
162160 135.958
162170 135.959
162180 135.936
162190 135.891
162200 135.839
162210 135.785
162220 135.721
162230 135.644
162240 135.568
162250 135.5
162260 135.438
162270 135.376
162280 135.316
162290 135.257
162300 135.194
162310 135.125
162320 135.057
162330 135
162340 134.964
162350 134.941
162360 134.918
162370 134.889
162380 134.853
162390 134.812
162400 134.766
162410 134.719
162420 134.682
162430 134.662
162440 134.661
162450 134.68
162460 134.718
162470 134.766
162480 134.812
162490 134.856
162500 134.897
162510 134.932
162520 134.955
162530 134.961
162540 134.95
162550 134.929
162560 134.905
162570 134.882
162580 134.857
162590 134.827
162600 134.799
162610 134.772
162620 134.747
162630 134.724
162640 134.704
162650 134.684
162660 134.668
162670 134.675
162680 134.719
162690 134.793
162700 134.883
162710 134.983
162720 135.091
162730 135.2
162740 135.307
162750 135.41
162760 135.507
162770 135.593
162780 135.665
162790 135.73
162800 135.789
162810 135.836
162820 135.869
162830 135.901
162840 135.951
162850 136.026
162860 136.115
162870 136.204
162880 136.287
162890 136.362
162900 136.426
162910 136.477
162920 136.511
162930 136.528
162940 136.531
162950 136.525
162960 136.52
162970 136.515
162980 136.51
162990 136.507
163000 136.513
163010 136.522
163020 136.533
163030 136.551
163040 136.572
163050 136.6
163060 136.635
163070 136.676
163080 136.71
163090 136.733
163100 136.749
163110 136.768
163120 136.793
163130 136.821
163140 136.847
163150 136.87
163160 136.886
163170 136.894
163180 136.898
163190 136.902
163200 136.909
163210 136.917
163220 136.927
163230 136.932
163240 136.929
163250 136.92
163260 136.91
163270 136.902
163280 136.898
163290 136.9
163300 136.905
163310 136.909
163320 136.919
163330 136.939
163340 136.966
163350 136.997
163360 137.041
163370 137.094
163380 137.136
163390 137.156
163400 137.154
163410 137.133
163420 137.097
163430 137.061
163440 137.032
163450 137.009
163460 136.996
163470 136.996
163480 137.009
163490 137.035
163500 137.077
163510 137.128
163520 137.18
163530 137.22
163540 137.248
163550 137.264
163560 137.266
163570 137.252
163580 137.219
163590 137.171
163600 137.111
163610 137.042
163620 136.967
163630 136.901
163640 136.862
163650 136.854
163660 136.871
163670 136.904
163680 136.946
163690 136.999
163700 137.067
163710 137.156
163720 137.261
163730 137.369
163740 137.46
163750 137.52
163760 137.548
163770 137.556
163780 137.552
163790 137.546
163800 137.545
163810 137.547
163820 137.55
163830 137.561
163840 137.582
163850 137.608
163860 137.637
163870 137.673
163880 137.711
163890 137.747
163900 137.784
163910 137.825
163920 137.867
163930 137.898
163940 137.915
163950 137.925
163960 137.927
163970 137.925
163980 137.934
163990 137.965
164000 138.024
164010 138.1
164020 138.18
164030 138.254
164040 138.315
164050 138.36
164060 138.391
164070 138.408
164080 138.407
164090 138.386
164100 138.355
164110 138.326
164120 138.307
164130 138.293
164140 138.287
164150 138.29
164160 138.304
164170 138.323
164180 138.343
164190 138.355
164200 138.357
164210 138.353
164220 138.347
164230 138.334
164240 138.309
164250 138.266
164260 138.204
164270 138.123
164280 138.026
164290 137.923
164300 137.821
164310 137.725
164320 137.639
164330 137.569
164340 137.521
164350 137.496
164360 137.494
164370 137.521
164380 137.568
164390 137.621
164400 137.673
164410 137.728
164420 137.786
164430 137.84
164440 137.889
164450 137.936
164460 137.981
164470 138.019
164480 138.039
164490 138.032
164500 137.994
164510 137.923
164520 137.831
164530 137.733
164540 137.637
164550 137.533
164560 137.409
164570 137.268
164580 137.123
164590 136.983
164600 136.844
164610 136.704
164620 136.568
164630 136.45
164640 136.368
164650 136.328
164660 136.324
164670 136.344
164680 136.383
164690 136.433
164700 136.486
164710 136.536
164720 136.573
164730 136.594
164740 136.606
164750 136.617
164760 136.639
164770 136.676
164780 136.732
164790 136.805
164800 136.886
164810 136.962
164820 137.024
164830 137.065
164840 137.086
164850 137.095
164860 137.095
164870 137.083
164880 137.061
164890 137.034
164900 137.001
164910 136.955
164920 136.892
164930 136.818
164940 136.735
164950 136.645
164960 136.551
164970 136.467
164980 136.406
164990 136.367
165000 136.352
165010 136.368
165020 136.418
165030 136.497
165040 136.594
165050 136.701
165060 136.808
165070 136.91
165080 137.001
165090 137.074
165100 137.132
165110 137.174
165120 137.195
165130 137.201
165140 137.206
165150 137.223
165160 137.253
165170 137.289
165180 137.329
165190 137.367
165200 137.391
165210 137.398
165220 137.391
165230 137.378
165240 137.357
165250 137.328
165260 137.292
165270 137.25
165280 137.197
165290 137.135
165300 137.069
165310 137.011
165320 136.969
165330 136.944
165340 136.93
165350 136.922
165360 136.926
165370 136.946
165380 136.979
165390 137.021
165400 137.067
165410 137.11
165420 137.136
165430 137.135
165440 137.112
165450 137.07
165460 137.022
165470 136.98
165480 136.951
165490 136.938
165500 136.939
165510 136.953
165520 136.98
165530 137.012
165540 137.038
165550 137.043
165560 137.029
165570 137.01
165580 136.999
165590 136.995
165600 136.992
165610 136.986
165620 136.966
165630 136.927
165640 136.871
165650 136.798
165660 136.712
165670 136.624
165680 136.539
165690 136.458
165700 136.375
165710 136.291
165720 136.211
165730 136.138
165740 136.072
165750 136.008
165760 135.952
165770 135.91
165780 135.89
165790 135.894
165800 135.918
165810 135.95
165820 135.975
165830 135.982
165840 135.977
165850 135.975
165860 135.981
165870 135.989
165880 135.982
165890 135.962
165900 135.944
165910 135.941
165920 135.949
165930 135.965
165940 135.988
165950 136.016
165960 136.045
165970 136.076
165980 136.111
165990 136.15
166000 136.187
166010 136.218
166020 136.243
166030 136.268
166040 136.286
166050 136.287
166060 136.267
166070 136.241
166080 136.232
166090 136.251
166100 136.297
166110 136.353
166120 136.406
166130 136.448
166140 136.473
166150 136.484
166160 136.496
166170 136.517
166180 136.545
166190 136.582
166200 136.634
166210 136.704
166220 136.787
166230 136.871
166240 136.946
166250 137.007
166260 137.051
166270 137.073
166280 137.078
166290 137.079
166300 137.084
166310 137.086
166320 137.076
166330 137.049
166340 137.013
166350 136.968
166360 136.918
166370 136.873
166380 136.839
166390 136.812
166400 136.784
166410 136.753
166420 136.728
166430 136.71
166440 136.698
166450 136.695
166460 136.703
166470 136.72
166480 136.743
166490 136.771
166500 136.8
166510 136.826
166520 136.843
166530 136.85
166540 136.848
166550 136.851
166560 136.867
166570 136.9
166580 136.959
166590 137.044
166600 137.15
166610 137.27
166620 137.392
166630 137.506
166640 137.611
166650 137.706
166660 137.797
166670 137.891
166680 137.99
166690 138.09
166700 138.186
166710 138.275
166720 138.359
166730 138.436
166740 138.503
166750 138.553
166760 138.588
166770 138.607
166780 138.607
166790 138.595
166800 138.577
166810 138.557
166820 138.537
166830 138.526
166840 138.521
166850 138.516
166860 138.517
166870 138.532
166880 138.561
166890 138.591
166900 138.61
166910 138.618
166920 138.611
166930 138.585
166940 138.55
166950 138.514
166960 138.481
166970 138.448
166980 138.423
166990 138.416
167000 138.43
167010 138.456
167020 138.488
167030 138.531
167040 138.592
167050 138.672
167060 138.77
167070 138.883
167080 139.01
167090 139.142
167100 139.261
167110 139.356
167120 139.429
167130 139.485
167140 139.53
167150 139.572
167160 139.619
167170 139.674
167180 139.728
167190 139.78
167200 139.839
167210 139.911
167220 139.993
167230 140.079
167240 140.162
167250 140.234
167260 140.291
167270 140.332
167280 140.35
167290 140.347
167300 140.331
167310 140.313
167320 140.294
167330 140.271
167340 140.245
167350 140.214
167360 140.181
167370 140.156
167380 140.15
167390 140.16
167400 140.175
167410 140.189
167420 140.209
167430 140.237
167440 140.275
167450 140.324
167460 140.374
167470 140.414
167480 140.441
167490 140.458
167500 140.457
167510 140.434
167520 140.392
167530 140.343
167540 140.298
167550 140.267
167560 140.259
167570 140.281
167580 140.33
167590 140.384
167600 140.416
167610 140.416
167620 140.385
167630 140.33
167640 140.254
167650 140.164
167660 140.068
167670 139.977
167680 139.9
167690 139.839
167700 139.793
167710 139.755
167720 139.725
167730 139.704
167740 139.694
167750 139.688
167760 139.683
167770 139.674
167780 139.661
167790 139.642
167800 139.615
167810 139.591
167820 139.59
167830 139.617
167840 139.664
167850 139.723
167860 139.793
167870 139.87
167880 139.947
167890 140.02
167900 140.081
167910 140.124
167920 140.144
167930 140.144
167940 140.123
167950 140.086
167960 140.042
167970 140.011
167980 139.998
167990 139.994
168000 139.994
168010 139.992
168020 139.978
168030 139.946
168040 139.907
168050 139.872
168060 139.842
168070 139.819
168080 139.821
168090 139.854
168100 139.904
168110 139.968
168120 140.051
168130 140.142
168140 140.22
168150 140.276
168160 140.316
168170 140.345
168180 140.36
168190 140.373
168200 140.402
168210 140.455
168220 140.515
168230 140.574
168240 140.643
168250 140.732
168260 140.834
168270 140.933
168280 141.021
168290 141.088
168300 141.13
168310 141.149
168320 141.151
168330 141.136
168340 141.114
168350 141.101
168360 141.106
168370 141.127
168380 141.161
168390 141.196
168400 141.215
168410 141.205
168420 141.162
168430 141.091
168440 140.999
168450 140.894
168460 140.79
168470 140.701
168480 140.636
168490 140.598
168500 140.576
168510 140.564
168520 140.566
168530 140.584
168540 140.611
168550 140.643
168560 140.684
168570 140.736
168580 140.794
168590 140.841
168600 140.866
168610 140.87
168620 140.866
168630 140.852
168640 140.828
168650 140.797
168660 140.772
168670 140.764
168680 140.771
168690 140.786
168700 140.797
168710 140.797
168720 140.789
168730 140.772
168740 140.748
168750 140.723
168760 140.708
168770 140.706
168780 140.718
168790 140.741
168800 140.772
168810 140.81
168820 140.848
168830 140.889
168840 140.936
168850 140.984
168860 141.032
168870 141.086
168880 141.152
168890 141.223
168900 141.294
168910 141.367
168920 141.445
168930 141.525
168940 141.599
168950 141.667
168960 141.732
168970 141.788
168980 141.824
168990 141.842
169000 141.85
169010 141.853
169020 141.858
169030 141.87
169040 141.9
169050 141.955
169060 142.035
169070 142.13
169080 142.231
169090 142.326
169100 142.402
169110 142.452
169120 142.478
169130 142.48
169140 142.462
169150 142.43
169160 142.391
169170 142.347
169180 142.302
169190 142.262
169200 142.228
169210 142.195
169220 142.162
169230 142.128
169240 142.088
169250 142.038
169260 141.977
169270 141.918
169280 141.869
169290 141.828
169300 141.788
169310 141.747
169320 141.701
169330 141.643
169340 141.575
169350 141.509
169360 141.454
169370 141.419
169380 141.405
169390 141.408
169400 141.422
169410 141.445
169420 141.483
169430 141.535
169440 141.602
169450 141.687
169460 141.79
169470 141.914
169480 142.056
169490 142.216
169500 142.387
169510 142.55
169520 142.695
169530 142.827
169540 142.949
169550 143.056
169560 143.145
169570 143.217
169580 143.275
169590 143.311
169600 143.322
169610 143.316
169620 143.307
169630 143.292
169640 143.266
169650 143.237
169660 143.222
169670 143.226
169680 143.241
169690 143.259
169700 143.282
169710 143.315
169720 143.36
169730 143.412
169740 143.462
169750 143.503
169760 143.537
169770 143.566
169780 143.594
169790 143.62
169800 143.643
169810 143.655
169820 143.654
169830 143.636
169840 143.605
169850 143.578
169860 143.563
169870 143.562
169880 143.571
169890 143.592
169900 143.625
169910 143.676
169920 143.747
169930 143.837
169940 143.936
169950 144.034
169960 144.128
169970 144.211
169980 144.275
169990 144.318
170000 144.339
170010 144.337
170020 144.314
170030 144.28
170040 144.238
170050 144.19
170060 144.129
170070 144.052
170080 143.961
170090 143.858
170100 143.75
170110 143.649
170120 143.574
170130 143.54
170140 143.545
170150 143.577
170160 143.618
170170 143.654
170180 143.677
170190 143.68
170200 143.658
170210 143.612
170220 143.549
170230 143.474
170240 143.385
170250 143.281
170260 143.161
170270 143.019
170280 142.859
170290 142.688
170300 142.515
170310 142.35
170320 142.201
170330 142.064
170340 141.937
170350 141.826
170360 141.734
170370 141.663
170380 141.611
170390 141.578
170400 141.565
170410 141.577
170420 141.612
170430 141.669
170440 141.747
170450 141.85
170460 141.973
170470 142.103
170480 142.225
170490 142.332
170500 142.427
170510 142.516
170520 142.604
170530 142.695
170540 142.778
170550 142.849
170560 142.908
170570 142.949
170580 142.971
170590 142.976
170600 142.968
170610 142.95
170620 142.923
170630 142.887
170640 142.845
170650 142.802
170660 142.766
170670 142.748
170680 142.748
170690 142.752
170700 142.752
170710 142.748
170720 142.739
170730 142.729
170740 142.724
170750 142.726
170760 142.722
170770 142.704
170780 142.676
170790 142.645
170800 142.614
170810 142.579
170820 142.541
170830 142.502
170840 142.471
170850 142.453
170860 142.448
170870 142.452
170880 142.467
170890 142.488
170900 142.507
170910 142.523
170920 142.543
170930 142.566
170940 142.587
170950 142.607
170960 142.638
170970 142.685
170980 142.741
170990 142.797
171000 142.854
171010 142.916
171020 142.986
171030 143.066
171040 143.157
171050 143.26
171060 143.373
171070 143.492
171080 143.615
171090 143.738
171100 143.856
171110 143.963
171120 144.059
171130 144.149
171140 144.226
171150 144.28
171160 144.316
171170 144.349
171180 144.39
171190 144.435
171200 144.486
171210 144.548
171220 144.623
171230 144.696
171240 144.754
171250 144.792
171260 144.819
171270 144.847
171280 144.884
171290 144.933
171300 144.994
171310 145.066
171320 145.139
171330 145.208
171340 145.262
171350 145.301
171360 145.33
171370 145.355
171380 145.369
171390 145.362
171400 145.332
171410 145.279
171420 145.209
171430 145.129
171440 145.044
171450 144.952
171460 144.856
171470 144.763
171480 144.675
171490 144.589
171500 144.501
171510 144.412
171520 144.332
171530 144.269
171540 144.229
171550 144.209
171560 144.199
171570 144.185
171580 144.156
171590 144.118
171600 144.083
171610 144.059
171620 144.042
171630 144.034
171640 144.041
171650 144.065
171660 144.097
171670 144.127
171680 144.145
171690 144.147
171700 144.146
171710 144.161
171720 144.191
171730 144.226
171740 144.267
171750 144.323
171760 144.393
171770 144.47
171780 144.545
171790 144.608
171800 144.654
171810 144.681
171820 144.699
171830 144.715
171840 144.731
171850 144.75
171860 144.786
171870 144.847
171880 144.931
171890 145.024
171900 145.11
171910 145.175
171920 145.213
171930 145.227
171940 145.217
171950 145.185
171960 145.141
171970 145.086
171980 145.021
171990 144.949
172000 144.878
172010 144.806
172020 144.728
172030 144.641
172040 144.55
172050 144.459
172060 144.373
172070 144.303
172080 144.253
172090 144.217
172100 144.19
172110 144.174
172120 144.173
172130 144.185
172140 144.208
172150 144.234
172160 144.258
172170 144.278
172180 144.293
172190 144.298
172200 144.294
172210 144.283
172220 144.263
172230 144.233
172240 144.207
172250 144.19
172260 144.184
172270 144.197
172280 144.239
172290 144.304
172300 144.374
172310 144.442
172320 144.516
172330 144.599
172340 144.688
172350 144.785
172360 144.884
172370 144.966
172380 145.017
172390 145.046
172400 145.07
172410 145.094
172420 145.121
172430 145.152
172440 145.179
172450 145.189
172460 145.181
172470 145.157
172480 145.114
172490 145.045
172500 144.96
172510 144.883
172520 144.833
172530 144.811
172540 144.807
172550 144.818
172560 144.845
172570 144.876
172580 144.904
172590 144.927
172600 144.935
172610 144.912
172620 144.859
172630 144.789
172640 144.712
172650 144.624
172660 144.53
172670 144.438
172680 144.363
172690 144.323
172700 144.326
172710 144.371
172720 144.442
172730 144.522
172740 144.6
172750 144.67
172760 144.73
172770 144.784
172780 144.84
172790 144.904
172800 144.975
172810 145.055
172820 145.145
172830 145.243
172840 145.345
172850 145.442
172860 145.533
172870 145.622
172880 145.712
172890 145.8
172900 145.888
172910 145.978
172920 146.067
172930 146.158
172940 146.254
172950 146.352
172960 146.441
172970 146.513
172980 146.576
172990 146.643
173000 146.715
173010 146.784
173020 146.849
173030 146.909
173040 146.965
173050 147.017
173060 147.059
173070 147.084
173080 147.091
173090 147.079
173100 147.045
173110 146.992
173120 146.934
173130 146.884
173140 146.851
173150 146.837
173160 146.843
173170 146.859
173180 146.871
173190 146.876
173200 146.882
173210 146.894
173220 146.912
173230 146.934
173240 146.96
173250 146.992
173260 147.028
173270 147.066
173280 147.096
173290 147.119
173300 147.142
173310 147.165
173320 147.181
173330 147.19
173340 147.2
173350 147.206
173360 147.195
173370 147.163
173380 147.118
173390 147.06
173400 146.991
173410 146.91
173420 146.824
173430 146.741
173440 146.659
173450 146.574
173460 146.49
173470 146.409
173480 146.319
173490 146.212
173500 146.098
173510 145.985
173520 145.873
173530 145.766
173540 145.671
173550 145.597
173560 145.54
173570 145.489
173580 145.439
173590 145.393
173600 145.353
173610 145.311
173620 145.271
173630 145.238
173640 145.211
173650 145.18
173660 145.142
173670 145.099
173680 145.058
173690 145.025
173700 145.007
173710 145.006
173720 145.018
173730 145.031
173740 145.036
173750 145.03
173760 145.013
173770 144.985
173780 144.953
173790 144.932
173800 144.932
173810 144.947
173820 144.968
173830 144.993
173840 145.025
173850 145.062
173860 145.095
173870 145.122
173880 145.144
173890 145.172
173900 145.207
173910 145.238
173920 145.258
173930 145.273
173940 145.29
173950 145.301
173960 145.303
173970 145.298
173980 145.288
173990 145.273
174000 145.251
174010 145.223
174020 145.194
174030 145.163
174040 145.126
174050 145.081
174060 145.033
174070 145.002
174080 144.995
174090 144.998
174100 145
174110 145.002
174120 145.003
174130 144.997
174140 144.984
174150 144.974
174160 144.979
174170 145.001
174180 145.036
174190 145.078
174200 145.131
174210 145.198
174220 145.27
174230 145.335
174240 145.386
174250 145.426
174260 145.458
174270 145.489
174280 145.525
174290 145.572
174300 145.635
174310 145.711
174320 145.79
174330 145.866
174340 145.942
174350 146.014
174360 146.069
174370 146.102
174380 146.116
174390 146.116
174400 146.108
174410 146.095
174420 146.082
174430 146.064
174440 146.045
174450 146.031
174460 146.022
174470 146.014
174480 146.012
174490 146.024
174500 146.055
174510 146.1
174520 146.148
174530 146.192
174540 146.224
174550 146.242
174560 146.247
174570 146.246
174580 146.244
174590 146.241
174600 146.233
174610 146.222
174620 146.209
174630 146.195
174640 146.179
174650 146.167
174660 146.167
174670 146.18
174680 146.207
174690 146.253
174700 146.32
174710 146.406
174720 146.501
174730 146.591
174740 146.667
174750 146.733
174760 146.793
174770 146.842
174780 146.868
174790 146.867
174800 146.842
174810 146.801
174820 146.754
174830 146.709
174840 146.664
174850 146.611
174860 146.556
174870 146.505
174880 146.458
174890 146.41
174900 146.354
174910 146.29
174920 146.214
174930 146.128
174940 146.042
174950 145.966
174960 145.904
174970 145.856
174980 145.824
174990 145.807
175000 145.798
175010 145.785
175020 145.76
175030 145.725
175040 145.687
175050 145.653
175060 145.618
175070 145.585
175080 145.565
175090 145.565
175100 145.569
175110 145.562
175120 145.544
175130 145.516
175140 145.473
175150 145.419
175160 145.361
175170 145.301
175180 145.243
175190 145.191
175200 145.147
175210 145.108
175220 145.069
175230 145.02
175240 144.955
175250 144.875
175260 144.788
175270 144.703
175280 144.625
175290 144.565
175300 144.533
175310 144.529
175320 144.544
175330 144.567
175340 144.597
175350 144.632
175360 144.671
175370 144.711
175380 144.747
175390 144.78
175400 144.813
175410 144.839
175420 144.846
175430 144.827
175440 144.782
175450 144.719
175460 144.643
175470 144.558
175480 144.466
175490 144.371
175500 144.286
175510 144.221
175520 144.181
175530 144.171
175540 144.192
175550 144.236
175560 144.297
175570 144.369
175580 144.446
175590 144.523
175600 144.603
175610 144.682
175620 144.753
175630 144.81
175640 144.856
175650 144.896
175660 144.932
175670 144.973
175680 145.028
175690 145.099
175700 145.172
175710 145.235
175720 145.281
175730 145.311
175740 145.33
175750 145.348
175760 145.372
175770 145.408
175780 145.456
175790 145.513
175800 145.568
175810 145.614
175820 145.649
175830 145.667
175840 145.671
175850 145.662
175860 145.639
175870 145.6
175880 145.551
175890 145.499
175900 145.452
175910 145.421
175920 145.418
175930 145.447
175940 145.504
175950 145.583
175960 145.677
175970 145.776
175980 145.868
175990 145.949
176000 146.023
176010 146.095
176020 146.166
176030 146.234
176040 146.303
176050 146.377
176060 146.454
176070 146.525
176080 146.582
176090 146.622
176100 146.641
176110 146.642
176120 146.64
176130 146.655
176140 146.68
176150 146.699
176160 146.705
176170 146.71
176180 146.72
176190 146.737
176200 146.758
176210 146.785
176220 146.815
176230 146.85
176240 146.891
176250 146.93
176260 146.963
176270 146.993
176280 147.031
176290 147.083
176300 147.143
176310 147.201
176320 147.262
176330 147.33
176340 147.406
176350 147.494
176360 147.603
176370 147.736
176380 147.883
176390 148.023
176400 148.147
176410 148.254
176420 148.342
176430 148.415
176440 148.478
176450 148.534
176460 148.583
176470 148.633
176480 148.692
176490 148.76
176500 148.838
176510 148.913
176520 148.975
176530 149.018
176540 149.04
176550 149.052
176560 149.057
176570 149.06
176580 149.069
176590 149.085
176600 149.094
176610 149.087
176620 149.064
176630 149.023
176640 148.96
176650 148.878
176660 148.79
176670 148.711
176680 148.643
176690 148.582
176700 148.522
176710 148.459
176720 148.395
176730 148.337
176740 148.292
176750 148.262
176760 148.248
176770 148.244
176780 148.236
176790 148.215
176800 148.179
176810 148.135
176820 148.097
176830 148.076
176840 148.075
176850 148.09
176860 148.117
176870 148.156
176880 148.204
176890 148.265
176900 148.336
176910 148.417
176920 148.505
176930 148.594
176940 148.676
176950 148.739
176960 148.78
176970 148.803
176980 148.812
176990 148.806
177000 148.781
177010 148.744
177020 148.704
177030 148.668
177040 148.641
177050 148.628
177060 148.622
177070 148.621
177080 148.633
177090 148.664
177100 148.702
177110 148.716
177120 148.689
177130 148.634
177140 148.57
177150 148.506
177160 148.449
177170 148.412
177180 148.399
177190 148.402
177200 148.41
177210 148.418
177220 148.431
177230 148.455
177240 148.489
177250 148.529
177260 148.572
177270 148.616
177280 148.666
177290 148.721
177300 148.78
177310 148.844
177320 148.914
177330 148.997
177340 149.096
177350 149.212
177360 149.337
177370 149.451
177380 149.533
177390 149.585
177400 149.624
177410 149.664
177420 149.703
177430 149.739
177440 149.782
177450 149.839
177460 149.904
177470 149.969
177480 150.019
177490 150.04
177500 150.03
177510 149.999
177520 149.958
177530 149.91
177540 149.859
177550 149.811
177560 149.772
177570 149.748
177580 149.743
177590 149.752
177600 149.768
177610 149.783
177620 149.795
177630 149.808
177640 149.817
177650 149.807
177660 149.775
177670 149.724
177680 149.663
177690 149.602
177700 149.549
177710 149.504
177720 149.458
177730 149.409
177740 149.362
177750 149.327
177760 149.312
177770 149.325
177780 149.373
177790 149.462
177800 149.592
177810 149.752
177820 149.93
177830 150.117
177840 150.302
177850 150.474
177860 150.625
177870 150.758
177880 150.88
177890 150.992
177900 151.09
177910 151.171
177920 151.234
177930 151.278
177940 151.307
177950 151.317
177960 151.311
177970 151.287
177980 151.25
177990 151.206
178000 151.169
178010 151.15
178020 151.15
178030 151.159
178040 151.176
178050 151.205
178060 151.237
178070 151.256
178080 151.255
178090 151.236
178100 151.208
178110 151.177
178120 151.149
178130 151.128
178140 151.112
178150 151.102
178160 151.097
178170 151.097
178180 151.101
178190 151.105
178200 151.108
178210 151.109
178220 151.11
178230 151.117
178240 151.136
178250 151.169
178260 151.207
178270 151.245
178280 151.281
178290 151.307
178300 151.315
178310 151.31
178320 151.299
178330 151.276
178340 151.243
178350 151.211
178360 151.183
178370 151.152
178380 151.107
178390 151.051
178400 150.983
178410 150.906
178420 150.823
178430 150.739
178440 150.658
178450 150.594
178460 150.563
178470 150.569
178480 150.594
178490 150.623
178500 150.65
178510 150.677
178520 150.696
178530 150.706
178540 150.707
178550 150.692
178560 150.654
178570 150.594
178580 150.523
178590 150.449
178600 150.382
178610 150.325
178620 150.276
178630 150.233
178640 150.192
178650 150.154
178660 150.125
178670 150.111
178680 150.112
178690 150.118
178700 150.115
178710 150.108
178720 150.116
178730 150.146
178740 150.19
178750 150.243
178760 150.3
178770 150.354
178780 150.399
178790 150.423
178800 150.411
178810 150.362
178820 150.283
178830 150.185
178840 150.075
178850 149.958
178860 149.836
178870 149.714
178880 149.603
178890 149.51
178900 149.438
178910 149.389
178920 149.363
178930 149.349
178940 149.336
178950 149.321
178960 149.308
178970 149.305
178980 149.318
178990 149.354
179000 149.407
179010 149.468
179020 149.533
179030 149.596
179040 149.645
179050 149.677
179060 149.702
179070 149.733
179080 149.773
179090 149.828
179100 149.902
179110 149.987
179120 150.075
179130 150.167
179140 150.264
179150 150.362
179160 150.455
179170 150.537
179180 150.604
179190 150.663
179200 150.723
179210 150.788
179220 150.854
179230 150.922
179240 150.994
179250 151.061
179260 151.113
179270 151.154
179280 151.189
179290 151.22
179300 151.25
179310 151.288
179320 151.339
179330 151.399
179340 151.465
179350 151.523
179360 151.561
179370 151.573
179380 151.559
179390 151.52
179400 151.467
179410 151.413
179420 151.369
179430 151.331
179440 151.302
179450 151.286
179460 151.279
179470 151.272
179480 151.267
179490 151.266
179500 151.263
179510 151.255
179520 151.247
179530 151.243
179540 151.239
179550 151.235
179560 151.229
179570 151.219
179580 151.211
179590 151.206
179600 151.189
179610 151.165
179620 151.147
179630 151.141
179640 151.145
179650 151.158
179660 151.181
179670 151.208
179680 151.23
179690 151.243
179700 151.239
179710 151.209
179720 151.147
179730 151.065
179740 150.978
179750 150.893
179760 150.808
179770 150.725
179780 150.647
179790 150.581
179800 150.544
179810 150.547
179820 150.585
179830 150.652
179840 150.743
179850 150.849
179860 150.958
179870 151.056
179880 151.134
179890 151.195
179900 151.249
179910 151.298
179920 151.34
179930 151.381
179940 151.431
179950 151.491
179960 151.549
179970 151.587
179980 151.601
179990 151.61
180000 151.632
180010 151.671
180020 151.719
180030 151.779
180040 151.847
180050 151.917
180060 151.984
180070 152.046
180080 152.095
180090 152.129
180100 152.147
180110 152.146
180120 152.12
180130 152.076
180140 152.024
180150 151.973
180160 151.932
180170 151.913
180180 151.918
180190 151.942
180200 151.98
180210 152.027
180220 152.072
180230 152.104
180240 152.117
180250 152.119
180260 152.109
180270 152.09
180280 152.069
180290 152.05
180300 152.04
180310 152.042
180320 152.05
180330 152.059
180340 152.068
180350 152.068
180360 152.049
180370 152.009
180380 151.948
180390 151.868
180400 151.765
180410 151.638
180420 151.49
180430 151.336
180440 151.196
180450 151.085
180460 151.006
180470 150.956
180480 150.92
180490 150.879
180500 150.829
180510 150.777
180520 150.72
180530 150.658
180540 150.61
180550 150.598
180560 150.622
180570 150.668
180580 150.731
180590 150.813
180600 150.896
180610 150.955
180620 150.981
180630 150.985
180640 150.982
180650 150.977
180660 150.965
180670 150.949
180680 150.937
180690 150.936
180700 150.952
180710 150.979
180720 151.017
180730 151.068
180740 151.129
180750 151.187
180760 151.233
180770 151.272
180780 151.314
180790 151.367
180800 151.439
180810 151.532
180820 151.633
180830 151.736
180840 151.838
180850 151.933
180860 152.01
180870 152.07
180880 152.121
180890 152.164
180900 152.193
180910 152.212
180920 152.217
180930 152.202
180940 152.163
180950 152.105
180960 152.043
180970 151.993
180980 151.968
180990 151.969
181000 151.982
181010 151.996
181020 152.014
181030 152.036
181040 152.06
181050 152.079
181060 152.089
181070 152.091
181080 152.085
181090 152.062
181100 152.015
181110 151.948
181120 151.861
181130 151.755
181140 151.634
181150 151.506
181160 151.376
181170 151.25
181180 151.129
181190 151.014
181200 150.907
181210 150.809
181220 150.723
181230 150.649
181240 150.59
181250 150.548
181260 150.518
181270 150.492
181280 150.473
181290 150.466
181300 150.468
181310 150.478
181320 150.49
181330 150.506
181340 150.527
181350 150.547
181360 150.558
181370 150.573
181380 150.605
181390 150.653
181400 150.715
181410 150.789
181420 150.868
181430 150.942
181440 151.01
181450 151.077
181460 151.146
181470 151.211
181480 151.268
181490 151.32
181500 151.37
181510 151.412
181520 151.433
181530 151.434
181540 151.43
181550 151.433
181560 151.444
181570 151.461
181580 151.483
181590 151.514
181600 151.546
181610 151.573
181620 151.602
181630 151.645
181640 151.712
181650 151.797
181660 151.893
181670 152.001
181680 152.121
181690 152.245
181700 152.354
181710 152.439
181720 152.506
181730 152.566
181740 152.62
181750 152.67
181760 152.726
181770 152.793
181780 152.867
181790 152.944
181800 153.022
181810 153.098
181820 153.165
181830 153.218
181840 153.251
181850 153.257
181860 153.242
181870 153.214
181880 153.18
181890 153.149
181900 153.128
181910 153.121
181920 153.134
181930 153.168
181940 153.215
181950 153.264
181960 153.314
181970 153.367
181980 153.419
181990 153.463
182000 153.493
182010 153.519
182020 153.551
182030 153.587
182040 153.617
182050 153.63
182060 153.627
182070 153.611
182080 153.592
182090 153.576
182100 153.57
182110 153.58
182120 153.616
182130 153.676
182140 153.748
182150 153.818
182160 153.881
182170 153.941
182180 154
182190 154.058
182200 154.116
182210 154.175
182220 154.23
182230 154.281
182240 154.327
182250 154.369
182260 154.4
182270 154.414
182280 154.417
182290 154.42
182300 154.434
182310 154.465
182320 154.517
182330 154.588
182340 154.67
182350 154.75
182360 154.822
182370 154.888
182380 154.946
182390 154.987
182400 155.01
182410 155.018
182420 155.014
182430 155
182440 154.977
182450 154.942
182460 154.899
182470 154.848
182480 154.791
182490 154.739
182500 154.71
182510 154.712
182520 154.736
182530 154.776
182540 154.831
182550 154.895
182560 154.957
182570 155.017
182580 155.079
182590 155.14
182600 155.191
182610 155.227
182620 155.245
182630 155.253
182640 155.269
182650 155.3
182660 155.334
182670 155.362
182680 155.392
182690 155.439
182700 155.504
182710 155.577
182720 155.652
182730 155.728
182740 155.802
182750 155.86
182760 155.895
182770 155.912
182780 155.926
182790 155.944
182800 155.96
182810 155.971
182820 155.978
182830 155.983
182840 155.986
182850 155.991
182860 155.999
182870 156.021
182880 156.062
182890 156.111
182900 156.15
182910 156.186
182920 156.23
182930 156.279
182940 156.321
182950 156.353
182960 156.389
182970 156.438
182980 156.49
182990 156.53
183000 156.552
183010 156.551
183020 156.533
183030 156.505
183040 156.476
183050 156.455
183060 156.446
183070 156.443
183080 156.434
183090 156.415
183100 156.389
183110 156.363
183120 156.346
183130 156.339
183140 156.328
183150 156.305
183160 156.275
183170 156.244
183180 156.211
183190 156.181
183200 156.172
183210 156.189
183220 156.214
183230 156.244
183240 156.29
183250 156.35
183260 156.415
183270 156.485
183280 156.569
183290 156.664
183300 156.754
183310 156.83
183320 156.897
183330 156.958
183340 157.007
183350 157.039
183360 157.051
183370 157.043
183380 157.019
183390 156.992
183400 156.973
183410 156.964
183420 156.959
183430 156.955
183440 156.96
183450 156.984
183460 157.026
183470 157.077
183480 157.125
183490 157.168
183500 157.207
183510 157.246
183520 157.284
183530 157.32
183540 157.354
183550 157.389
183560 157.428
183570 157.469
183580 157.511
183590 157.564
183600 157.629
183610 157.693
183620 157.745
183630 157.788
183640 157.82
183650 157.83
183660 157.809
183670 157.761
183680 157.692
183690 157.604
183700 157.513
183710 157.429
183720 157.349
183730 157.26
183740 157.157
183750 157.048
183760 156.934
183770 156.82
183780 156.72
183790 156.639
183800 156.577
183810 156.526
183820 156.489
183830 156.464
183840 156.438
183850 156.402
183860 156.352
183870 156.292
183880 156.225
183890 156.159
183900 156.107
183910 156.077
183920 156.06
183930 156.046
183940 156.035
183950 156.029
183960 156.021
183970 156.011
183980 156.006
183990 156.015
184000 156.043
184010 156.091
184020 156.157
184030 156.242
184040 156.346
184050 156.458
184060 156.568
184070 156.673
184080 156.773
184090 156.861
184100 156.935
184110 156.992
184120 157.037
184130 157.07
184140 157.092
184150 157.1
184160 157.102
184170 157.11
184180 157.127
184190 157.148
184200 157.166
184210 157.172
184220 157.163
184230 157.139
184240 157.096
184250 157.032
184260 156.944
184270 156.844
184280 156.756
184290 156.691
184300 156.647
184310 156.621
184320 156.617
184330 156.632
184340 156.664
184350 156.709
184360 156.762
184370 156.822
184380 156.877
184390 156.919
184400 156.948
184410 156.965
184420 156.971
184430 156.976
184440 156.983
184450 156.986
184460 156.982
184470 156.977
184480 156.967
184490 156.941
184500 156.901
184510 156.854
184520 156.807
184530 156.766
184540 156.741
184550 156.738
184560 156.754
184570 156.786
184580 156.827
184590 156.871
184600 156.908
184610 156.931
184620 156.931
184630 156.904
184640 156.862
184650 156.819
184660 156.776
184670 156.732
184680 156.697
184690 156.68
184700 156.673
184710 156.672
184720 156.681
184730 156.697
184740 156.719
184750 156.758
184760 156.82
184770 156.895
184780 156.976
184790 157.065
184800 157.158
184810 157.241
184820 157.308
184830 157.357
184840 157.396
184850 157.432
184860 157.465
184870 157.489
184880 157.5
184890 157.496
184900 157.47
184910 157.423
184920 157.359
184930 157.291
184940 157.226
184950 157.167
184960 157.109
184970 157.053
184980 156.997
184990 156.944
185000 156.892
185010 156.841
185020 156.792
185030 156.748
185040 156.721
185050 156.718
185060 156.741
185070 156.781
185080 156.831
185090 156.88
185100 156.919
185110 156.953
185120 156.985
185130 157.019
185140 157.046
185150 157.061
185160 157.057
185170 157.033
185180 157.004
185190 156.991
185200 157.007
185210 157.045
185220 157.098
185230 157.162
185240 157.24
185250 157.327
185260 157.42
185270 157.512
185280 157.6
185290 157.685
185300 157.768
185310 157.837
185320 157.885
185330 157.91
185340 157.917
185350 157.907
185360 157.885
185370 157.862
185380 157.847
185390 157.846
185400 157.862
185410 157.898
185420 157.954
185430 158.025
185440 158.112
185450 158.215
185460 158.33
185470 158.456
185480 158.593
185490 158.739
185500 158.881
185510 159.011
185520 159.124
185530 159.219
185540 159.296
185550 159.361
185560 159.423
185570 159.491
185580 159.568
185590 159.652
185600 159.738
185610 159.82
185620 159.897
185630 159.976
185640 160.064
185650 160.165
185660 160.276
185670 160.397
185680 160.522
185690 160.643
185700 160.753
185710 160.85
185720 160.927
185730 160.975
185740 160.995
185750 161.004
185760 161.017
185770 161.026
185780 161.025
185790 161.013
185800 160.996
185810 160.973
185820 160.946
185830 160.925
185840 160.913
185850 160.9
185860 160.868
185870 160.81
185880 160.735
185890 160.661
185900 160.592
185910 160.526
185920 160.464
185930 160.413
185940 160.375
185950 160.345
185960 160.317
185970 160.287
185980 160.251
185990 160.21
186000 160.164
186010 160.114
186020 160.054
186030 159.984
186040 159.916
186050 159.858
186060 159.81
186070 159.767
186080 159.722
186090 159.682
186100 159.662
186110 159.659
186120 159.657
186130 159.644
186140 159.631
186150 159.636
186160 159.67
186170 159.738
186180 159.835
186190 159.95
186200 160.073
186210 160.196
186220 160.311
186230 160.416
186240 160.499
186250 160.55
186260 160.572
186270 160.574
186280 160.562
186290 160.539
186300 160.511
186310 160.486
186320 160.469
186330 160.461
186340 160.46
186350 160.468
186360 160.479
186370 160.489
186380 160.492
186390 160.483
186400 160.466
186410 160.448
186420 160.432
186430 160.422
186440 160.421
186450 160.432
186460 160.449
186470 160.469
186480 160.493
186490 160.515
186500 160.523
186510 160.512
186520 160.49
186530 160.466
186540 160.446
186550 160.438
186560 160.45
186570 160.491
186580 160.564
186590 160.666
186600 160.783
186610 160.899
186620 160.997
186630 161.072
186640 161.127
186650 161.165
186660 161.193
186670 161.222
186680 161.258
186690 161.302
186700 161.358
186710 161.426
186720 161.496
186730 161.561
186740 161.611
186750 161.634
186760 161.628
186770 161.598
186780 161.551
186790 161.494
186800 161.428
186810 161.347
186820 161.252
186830 161.146
186840 161.035
186850 160.931
186860 160.844
186870 160.777
186880 160.735
186890 160.721
186900 160.733
186910 160.76
186920 160.797
186930 160.837
186940 160.872
186950 160.891
186960 160.888
186970 160.865
186980 160.828
186990 160.781
187000 160.733
187010 160.694
187020 160.674
187030 160.673
187040 160.686
187050 160.703
187060 160.724
187070 160.75
187080 160.775
187090 160.791
187100 160.803
187110 160.818
187120 160.834
187130 160.846
187140 160.857
187150 160.876
187160 160.898
187170 160.91
187180 160.908
187190 160.895
187200 160.876
187210 160.846
187220 160.801
187230 160.744
187240 160.683
187250 160.62
187260 160.552
187270 160.482
187280 160.419
187290 160.361
187300 160.303
187310 160.244
187320 160.182
187330 160.118
187340 160.064
187350 160.028
187360 160.01
187370 160.01
187380 160.024
187390 160.045
187400 160.06
187410 160.064
187420 160.055
187430 160.026
187440 159.974
187450 159.898
187460 159.807
187470 159.702
187480 159.586
187490 159.465
187500 159.339
187510 159.211
187520 159.094
187530 158.995
187540 158.911
187550 158.843
187560 158.801
187570 158.787
187580 158.79
187590 158.807
187600 158.833
187610 158.862
187620 158.884
187630 158.898
187640 158.911
187650 158.923
187660 158.924
187670 158.907
187680 158.878
187690 158.846
187700 158.805
187710 158.757
187720 158.707
187730 158.653
187740 158.595
187750 158.534
187760 158.465
187770 158.393
187780 158.333
187790 158.297
187800 158.288
187810 158.308
187820 158.367
187830 158.466
187840 158.587
187850 158.71
187860 158.821
187870 158.912
187880 158.983
187890 159.041
187900 159.098
187910 159.151
187920 159.197
187930 159.237
187940 159.269
187950 159.292
187960 159.313
187970 159.341
187980 159.379
187990 159.434
188000 159.514
188010 159.62
188020 159.748
188030 159.894
188040 160.051
188050 160.203
188060 160.336
188070 160.443
188080 160.524
188090 160.583
188100 160.62
188110 160.631
188120 160.626
188130 160.619
188140 160.624
188150 160.649
188160 160.697
188170 160.765
188180 160.838
188190 160.899
188200 160.943
188210 160.972
188220 160.993
188230 161.012
188240 161.047
188250 161.106
188260 161.179
188270 161.25
188280 161.312
188290 161.357
188300 161.375
188310 161.372
188320 161.355
188330 161.323
188340 161.274
188350 161.211
188360 161.136
188370 161.058
188380 160.987
188390 160.931
188400 160.889
188410 160.864
188420 160.862
188430 160.876
188440 160.89
188450 160.894
188460 160.891
188470 160.887
188480 160.884
188490 160.883
188500 160.89
188510 160.907
188520 160.933
188530 160.961
188540 160.977
188550 160.981
188560 160.979
188570 160.967
188580 160.949
188590 160.936
188600 160.941
188610 160.957
188620 160.975
188630 160.996
188640 161.025
188650 161.058
188660 161.089
188670 161.115
188680 161.145
188690 161.182
188700 161.228
188710 161.278
188720 161.332
188730 161.39
188740 161.446
188750 161.489
188760 161.518
188770 161.535
188780 161.538
188790 161.525
188800 161.498
188810 161.457
188820 161.403
188830 161.338
188840 161.27
188850 161.213
188860 161.185
188870 161.186
188880 161.203
188890 161.222
188900 161.249
188910 161.294
188920 161.354
188930 161.424
188940 161.493
188950 161.556
188960 161.614
188970 161.675
188980 161.744
188990 161.822
189000 161.907
189010 161.992
189020 162.077
189030 162.162
189040 162.237
189050 162.289
189060 162.311
189070 162.311
189080 162.295
189090 162.275
189100 162.262
189110 162.262
189120 162.275
189130 162.302
189140 162.346
189150 162.402
189160 162.47
189170 162.552
189180 162.641
189190 162.73
189200 162.811
189210 162.877
189220 162.918
189230 162.941
189240 162.953
189250 162.964
189260 162.976
189270 162.989
189280 163.009
189290 163.043
189300 163.103
189310 163.188
189320 163.286
189330 163.39
189340 163.496
189350 163.595
189360 163.666
189370 163.691
189380 163.668
189390 163.609
189400 163.527
189410 163.442
189420 163.368
189430 163.309
189440 163.262
189450 163.227
189460 163.201
189470 163.178
189480 163.153
189490 163.122
189500 163.075
189510 163
189520 162.897
189530 162.782
189540 162.681
189550 162.605
189560 162.569
189570 162.582
189580 162.633
189590 162.706
189600 162.795
189610 162.9
189620 163.016
189630 163.131
189640 163.239
189650 163.328
189660 163.388
189670 163.426
189680 163.45
189690 163.466
189700 163.486
189710 163.519
189720 163.56
189730 163.601
189740 163.649
189750 163.707
189760 163.763
189770 163.803
189780 163.821
189790 163.818
189800 163.793
189810 163.744
189820 163.669
189830 163.579
189840 163.486
189850 163.398
189860 163.313
189870 163.233
189880 163.158
189890 163.089
189900 163.028
189910 162.97
189920 162.91
189930 162.847
189940 162.786
189950 162.729
189960 162.676
189970 162.63
189980 162.588
189990 162.547
190000 162.505
190010 162.464
190020 162.414
190030 162.35
190040 162.273
190050 162.193
190060 162.121
190070 162.06
190080 162.014
190090 161.983
190100 161.97
190110 161.969
190120 161.971
190130 161.971
190140 161.968
190150 161.96
190160 161.934
190170 161.887
190180 161.83
190190 161.772
190200 161.714
190210 161.656
190220 161.602
190230 161.557
190240 161.524
190250 161.506
190260 161.504
190270 161.517
190280 161.541
190290 161.57
190300 161.61
190310 161.663
190320 161.714
190330 161.754
190340 161.78
190350 161.794
190360 161.806
190370 161.821
190380 161.838
190390 161.856
190400 161.879
190410 161.907
190420 161.924
190430 161.924
190440 161.915
190450 161.911
190460 161.921
190470 161.949
190480 161.99
190490 162.03
190500 162.06
190510 162.09
190520 162.13
190530 162.187
190540 162.261
190550 162.351
190560 162.457
190570 162.571
190580 162.678
190590 162.772
190600 162.854
190610 162.929
190620 162.988
190630 163.03
190640 163.06
190650 163.089
190660 163.112
190670 163.118
190680 163.108
190690 163.095
190700 163.092
190710 163.093
190720 163.084
190730 163.061
190740 163.027
190750 162.981
190760 162.924
190770 162.859
190780 162.787
190790 162.709
190800 162.629
190810 162.558
190820 162.509
190830 162.481
190840 162.465
190850 162.454
190860 162.45
190870 162.46
190880 162.482
190890 162.512
190900 162.557
190910 162.624
190920 162.704
190930 162.78
190940 162.849
190950 162.917
190960 162.982
190970 163.034
190980 163.064
190990 163.08
191000 163.102
191010 163.128
191020 163.142
191030 163.132
191040 163.102
191050 163.067
191060 163.039
191070 163.026
191080 163.03
191090 163.055
191100 163.104
191110 163.172
191120 163.245
191130 163.305
191140 163.342
191150 163.353
191160 163.347
191170 163.342
191180 163.35
191190 163.369
191200 163.388
191210 163.407
191220 163.429
191230 163.447
191240 163.443
191250 163.414
191260 163.368
191270 163.31
191280 163.242
191290 163.164
191300 163.078
191310 162.986
191320 162.893
191330 162.798
191340 162.703
191350 162.613
191360 162.538
191370 162.48
191380 162.435
191390 162.404
191400 162.39
191410 162.399
191420 162.427
191430 162.465
191440 162.503
191450 162.538
191460 162.57
191470 162.596
191480 162.616
191490 162.632
191500 162.654
191510 162.7
191520 162.783
191530 162.894
191540 163.015
191550 163.135
191560 163.262
191570 163.397
191580 163.532
191590 163.666
191600 163.8
191610 163.933
191620 164.061
191630 164.188
191640 164.321
191650 164.458
191660 164.591
191670 164.713
191680 164.829
191690 164.941
191700 165.052
191710 165.161
191720 165.269
191730 165.377
191740 165.483
191750 165.579
191760 165.653
191770 165.695
191780 165.703
191790 165.678
191800 165.627
191810 165.56
191820 165.482
191830 165.393
191840 165.304
191850 165.219
191860 165.126
191870 165.01
191880 164.868
191890 164.713
191900 164.56
191910 164.418
191920 164.293
191930 164.198
191940 164.138
191950 164.113
191960 164.115
191970 164.135
191980 164.168
191990 164.208
192000 164.256
192010 164.316
192020 164.372
192030 164.404
192040 164.412
192050 164.411
192060 164.407
192070 164.407
192080 164.421
192090 164.453
192100 164.492
192110 164.534
192120 164.584
192130 164.637
192140 164.682
192150 164.719
192160 164.752
192170 164.777
192180 164.788
192190 164.785
192200 164.769
192210 164.743
192220 164.708
192230 164.668
192240 164.629
192250 164.59
192260 164.546
192270 164.495
192280 164.442
192290 164.393
192300 164.353
192310 164.327
192320 164.32
192330 164.327
192340 164.338
192350 164.345
192360 164.345
192370 164.342
192380 164.344
192390 164.354
192400 164.366
192410 164.368
192420 164.353
192430 164.313
192440 164.242
192450 164.143
192460 164.03
192470 163.912
192480 163.791
192490 163.672
192500 163.561
192510 163.475
192520 163.419
192530 163.388
192540 163.369
192550 163.356
192560 163.346
192570 163.33
192580 163.302
192590 163.263
192600 163.222
192610 163.182
192620 163.141
192630 163.104
192640 163.08
192650 163.068
192660 163.06
192670 163.052
192680 163.046
192690 163.054
192700 163.083
192710 163.134
192720 163.202
192730 163.289
192740 163.393
192750 163.503
192760 163.613
192770 163.731
192780 163.861
192790 164.001
192800 164.148
192810 164.311
192820 164.481
192830 164.638
192840 164.767
192850 164.869
192860 164.941
192870 164.974
192880 164.966
192890 164.925
192900 164.864
192910 164.794
192920 164.727
192930 164.669
192940 164.619
192950 164.576
192960 164.549
192970 164.553
192980 164.596
192990 164.67
193000 164.758
193010 164.853
193020 164.946
193030 165.029
193040 165.091
193050 165.119
193060 165.115
193070 165.1
193080 165.089
193090 165.083
193100 165.077
193110 165.077
193120 165.084
193130 165.095
193140 165.108
193150 165.127
193160 165.147
193170 165.16
193180 165.159
193190 165.141
193200 165.108
193210 165.06
193220 164.994
193230 164.905
193240 164.797
193250 164.689
193260 164.593
193270 164.506
193280 164.423
193290 164.348
193300 164.284
193310 164.223
193320 164.157
193330 164.09
193340 164.024
193350 163.956
193360 163.885
193370 163.819
193380 163.758
193390 163.696
193400 163.636
193410 163.581
193420 163.525
193430 163.456
193440 163.369
193450 163.277
193460 163.195
193470 163.13
193480 163.069
193490 163.002
193500 162.936
193510 162.885
193520 162.855
193530 162.847
193540 162.864
193550 162.909
193560 162.978
193570 163.072
193580 163.191
193590 163.32
193600 163.445
193610 163.567
193620 163.689
193630 163.804
193640 163.901
193650 163.981
193660 164.046
193670 164.081
193680 164.069
193690 164.022
193700 163.969
193710 163.922
193720 163.881
193730 163.844
193740 163.817
193750 163.804
193760 163.8
193770 163.803
193780 163.818
193790 163.843
193800 163.873
193810 163.908
193820 163.943
193830 163.969
193840 163.982
193850 163.984
193860 163.978
193870 163.962
193880 163.927
193890 163.87
193900 163.796
193910 163.714
193920 163.638
193930 163.579
193940 163.544
193950 163.528
193960 163.528
193970 163.545
193980 163.576
193990 163.609
194000 163.636
194010 163.661
194020 163.697
194030 163.756
194040 163.84
194050 163.947
194060 164.075
194070 164.223
194080 164.384
194090 164.544
194100 164.693
194110 164.83
194120 164.957
194130 165.072
194140 165.167
194150 165.237
194160 165.283
194170 165.308
194180 165.312
194190 165.297
194200 165.273
194210 165.248
194220 165.223
194230 165.185
194240 165.13
194250 165.072
194260 165.028
194270 165.001
194280 164.986
194290 164.984
194300 164.991
194310 165.001
194320 165.006
194330 165.006
194340 165.001
194350 164.991
194360 164.967
194370 164.928
194380 164.883
194390 164.841
194400 164.803
194410 164.771
194420 164.76
194430 164.772
194440 164.799
194450 164.825
194460 164.834
194470 164.815
194480 164.759
194490 164.665
194500 164.532
194510 164.378
194520 164.224
194530 164.078
194540 163.941
194550 163.82
194560 163.728
194570 163.668
194580 163.634
194590 163.627
194600 163.65
194610 163.698
194620 163.765
194630 163.848
194640 163.937
194650 164.021
194660 164.096
194670 164.165
194680 164.229
194690 164.294
194700 164.372
194710 164.464
194720 164.564
194730 164.676
194740 164.804
194750 164.938
194760 165.064
194770 165.176
194780 165.279
194790 165.372
194800 165.451
194810 165.514
194820 165.568
194830 165.627
194840 165.696
194850 165.778
194860 165.88
194870 166
194880 166.118
194890 166.223
194900 166.315
194910 166.4
194920 166.482
194930 166.556
194940 166.619
194950 166.672
194960 166.715
194970 166.748
194980 166.772
194990 166.779
195000 166.766
195010 166.74
195020 166.715
195030 166.702
195040 166.705
195050 166.726
195060 166.764
195070 166.821
195080 166.888
195090 166.947
195100 166.989
195110 167.019
195120 167.039
195130 167.048
195140 167.056
195150 167.073
195160 167.095
195170 167.115
195180 167.144
195190 167.188
195200 167.241
195210 167.285
195220 167.314
195230 167.335
195240 167.346
195250 167.33
195260 167.275
195270 167.184
195280 167.072
195290 166.946
195300 166.806
195310 166.663
195320 166.538
195330 166.437
195340 166.359
195350 166.311
195360 166.296
195370 166.302
195380 166.321
195390 166.353
195400 166.399
195410 166.449
195420 166.494
195430 166.53
195440 166.548
195450 166.542
195460 166.517
195470 166.479
195480 166.433
195490 166.39
195500 166.354
195510 166.333
195520 166.332
195530 166.358
195540 166.414
195550 166.495
195560 166.592
195570 166.7
195580 166.817
195590 166.939
195600 167.064
195610 167.189
195620 167.316
195630 167.444
195640 167.567
195650 167.678
195660 167.774
195670 167.853
195680 167.907
195690 167.934
195700 167.936
195710 167.915
195720 167.882
195730 167.853
195740 167.827
195750 167.794
195760 167.747
195770 167.686
195780 167.607
195790 167.507
195800 167.397
195810 167.295
195820 167.218
195830 167.168
195840 167.137
195850 167.123
195860 167.127
195870 167.147
195880 167.174
195890 167.2
195900 167.23
195910 167.263
195920 167.292
195930 167.315
195940 167.339
195950 167.373
195960 167.418
195970 167.478
195980 167.547
195990 167.617
196000 167.682
196010 167.742
196020 167.794
196030 167.844
196040 167.896
196050 167.943
196060 167.98
196070 168.011
196080 168.044
196090 168.082
196100 168.121
196110 168.156
196120 168.179
196130 168.186
196140 168.182
196150 168.175
196160 168.169
196170 168.162
196180 168.151
196190 168.136
196200 168.127
196210 168.131
196220 168.146
196230 168.162
196240 168.176
196250 168.197
196260 168.227
196270 168.253
196280 168.266
196290 168.275
196300 168.289
196310 168.303
196320 168.308
196330 168.3
196340 168.276
196350 168.234
196360 168.178
196370 168.119
196380 168.066
196390 168.024
196400 168
196410 168.003
196420 168.043
196430 168.117
196440 168.214
196450 168.316
196460 168.411
196470 168.492
196480 168.555
196490 168.603
196500 168.641
196510 168.674
196520 168.718
196530 168.788
196540 168.878
196550 168.968
196560 169.048
196570 169.125
196580 169.198
196590 169.253
196600 169.288
196610 169.319
196620 169.352
196630 169.375
196640 169.376
196650 169.364
196660 169.348
196670 169.326
196680 169.293
196690 169.26
196700 169.231
196710 169.207
196720 169.19
196730 169.185
196740 169.192
196750 169.201
196760 169.197
196770 169.17
196780 169.122
196790 169.055
196800 168.977
196810 168.895
196820 168.821
196830 168.761
196840 168.719
196850 168.704
196860 168.716
196870 168.747
196880 168.791
196890 168.844
196900 168.897
196910 168.941
196920 168.971
196930 168.995
196940 169.02
196950 169.05
196960 169.075
196970 169.079
196980 169.06
196990 169.026
197000 168.98
197010 168.922
197020 168.849
197030 168.764
197040 168.672
197050 168.582
197060 168.5
197070 168.428
197080 168.372
197090 168.343
197100 168.351
197110 168.398
197120 168.479
197130 168.581
197140 168.686
197150 168.782
197160 168.864
197170 168.924
197180 168.967
197190 168.997
197200 169.017
197210 169.027
197220 169.034
197230 169.044
197240 169.062
197250 169.082
197260 169.093
197270 169.088
197280 169.072
197290 169.049
197300 169.024
197310 169.002
197320 168.987
197330 168.971
197340 168.95
197350 168.929
197360 168.916
197370 168.916
197380 168.928
197390 168.951
197400 168.979
197410 169.006
197420 169.022
197430 169.028
197440 169.031
197450 169.024
197460 168.995
197470 168.942
197480 168.869
197490 168.777
197500 168.661
197510 168.524
197520 168.38
197530 168.236
197540 168.098
197550 167.969
197560 167.857
197570 167.771
197580 167.717
197590 167.694
197600 167.69
197610 167.701
197620 167.729
197630 167.773
197640 167.815
197650 167.836
197660 167.843
197670 167.843
197680 167.835
197690 167.822
197700 167.813
197710 167.809
197720 167.809
197730 167.811
197740 167.813
197750 167.812
197760 167.81
197770 167.823
197780 167.859
197790 167.916
197800 167.985
197810 168.056
197820 168.126
197830 168.195
197840 168.262
197850 168.318
197860 168.359
197870 168.386
197880 168.403
197890 168.413
197900 168.418
197910 168.42
197920 168.418
197930 168.419
197940 168.432
197950 168.462
197960 168.505
197970 168.553
197980 168.591
197990 168.604
198000 168.591
198010 168.559
198020 168.517
198030 168.472
198040 168.429
198050 168.39
198060 168.361
198070 168.346
198080 168.349
198090 168.369
198100 168.403
198110 168.445
198120 168.486
198130 168.525
198140 168.564
198150 168.602
198160 168.644
198170 168.696
198180 168.757
198190 168.824
198200 168.898
198210 168.975
198220 169.048
198230 169.116
198240 169.181
198250 169.247
198260 169.314
198270 169.381
198280 169.459
198290 169.553
198300 169.659
198310 169.761
198320 169.855
198330 169.939
198340 170.008
198350 170.059
198360 170.098
198370 170.135
198380 170.168
198390 170.197
198400 170.234
198410 170.287
198420 170.343
198430 170.388
198440 170.426
198450 170.46
198460 170.48
198470 170.479
198480 170.466
198490 170.454
198500 170.443
198510 170.428
198520 170.416
198530 170.409
198540 170.405
198550 170.4
198560 170.388
198570 170.365
198580 170.338
198590 170.323
198600 170.317
198610 170.313
198620 170.321
198630 170.356
198640 170.406
198650 170.455
198660 170.5
198670 170.546
198680 170.596
198690 170.656
198700 170.726
198710 170.795
198720 170.844
198730 170.867
198740 170.869
198750 170.867
198760 170.877
198770 170.91
198780 170.961
198790 171.023
198800 171.092
198810 171.155
198820 171.205
198830 171.242
198840 171.252
198850 171.231
198860 171.191
198870 171.146
198880 171.102
198890 171.066
198900 171.049
198910 171.051
198920 171.059
198930 171.058
198940 171.044
198950 171.016
198960 170.972
198970 170.913
198980 170.848
198990 170.781
199000 170.712
199010 170.64
199020 170.574
199030 170.53
199040 170.522
199050 170.555
199060 170.626
199070 170.73
199080 170.856
199090 170.993
199100 171.128
199110 171.251
199120 171.366
199130 171.469
199140 171.554
199150 171.621
199160 171.672
199170 171.707
199180 171.723
199190 171.721
199200 171.713
199210 171.711
199220 171.712
199230 171.718
199240 171.741
199250 171.783
199260 171.833
199270 171.881
199280 171.932
199290 171.984
199300 172.029
199310 172.07
199320 172.118
199330 172.168
199340 172.211
199350 172.246
199360 172.288
199370 172.345
199380 172.417
199390 172.492
199400 172.558
199410 172.612
199420 172.659
199430 172.71
199440 172.769
199450 172.825
199460 172.866
199470 172.886
199480 172.887
199490 172.871
199500 172.839
199510 172.793
199520 172.742
199530 172.691
199540 172.637
199550 172.582
199560 172.525
199570 172.47
199580 172.424
199590 172.39
199600 172.357
199610 172.318
199620 172.273
199630 172.22
199640 172.155
199650 172.076
199660 171.988
199670 171.899
199680 171.821
199690 171.769
199700 171.75
199710 171.761
199720 171.803
199730 171.87
199740 171.944
199750 172.011
199760 172.065
199770 172.101
199780 172.107
199790 172.08
199800 172.023
199810 171.945
199820 171.864
199830 171.792
199840 171.73
199850 171.663
199860 171.58
199870 171.488
199880 171.402
199890 171.338
199900 171.298
199910 171.271
199920 171.245
199930 171.216
199940 171.18
199950 171.132
199960 171.065
199970 170.983
199980 170.891
199990 170.797
200000 170.707
