# Time-averaged data for fix msdk
# TimeStep c_mk[4]
0 1.8604e-29
10 0.0022546
20 0.00871059
30 0.0185974
40 0.0309508
50 0.0447999
60 0.0594695
70 0.0747244
80 0.0905006
90 0.106605
100 0.122852
110 0.139228
120 0.155626
130 0.171654
140 0.186964
150 0.201534
160 0.215861
170 0.230306
180 0.244763
190 0.259228
200 0.274076
210 0.289754
220 0.306452
230 0.324624
240 0.344108
250 0.363472
260 0.381485
270 0.397763
280 0.412054
290 0.424624
300 0.436795
310 0.449615
320 0.462783
330 0.475451
340 0.487558
350 0.49981
360 0.512144
370 0.524
380 0.53589
390 0.548552
400 0.561573
410 0.573834
420 0.584948
430 0.595354
440 0.605584
450 0.616168
460 0.627195
470 0.637894
480 0.647623
490 0.656671
500 0.665249
510 0.672816
520 0.67974
530 0.687365
540 0.695748
550 0.703848
560 0.71139
570 0.71936
580 0.72879
590 0.739785
600 0.752039
610 0.764315
620 0.774554
630 0.781597
640 0.786668
650 0.791928
660 0.798095
670 0.805763
680 0.816213
690 0.829636
700 0.84438
710 0.858898
720 0.872645
730 0.884943
740 0.895424
750 0.904756
760 0.912983
770 0.919498
780 0.924363
790 0.927933
800 0.930171
810 0.931113
820 0.931422
830 0.932063
840 0.933785
850 0.936629
860 0.939842
870 0.942641
880 0.944833
890 0.946685
900 0.947998
910 0.949051
920 0.950651
930 0.952992
940 0.955903
950 0.959594
960 0.964646
970 0.972154
980 0.982939
990 0.996829
1000 1.0138
1010 1.03361
1020 1.05411
1030 1.07238
1040 1.08597
1050 1.09413
1060 1.09844
1070 1.10129
1080 1.104
1090 1.10767
1100 1.11371
1110 1.12256
1120 1.13315
1130 1.14464
1140 1.15743
1150 1.17222
1160 1.18842
1170 1.20472
1180 1.22051
1190 1.23583
1200 1.2504
1210 1.2634
1220 1.27426
1230 1.28352
1240 1.29193
1250 1.30002
1260 1.30774
1270 1.31481
1280 1.32092
1290 1.32616
1300 1.33114
1310 1.33592
1320 1.33943
1330 1.34108
1340 1.34115
1350 1.33988
1360 1.33756
1370 1.33452
1380 1.3309
1390 1.32699
1400 1.32356
1410 1.32108
1420 1.31903
1430 1.3178
1440 1.31859
1450 1.32133
1460 1.32507
1470 1.32977
1480 1.33555
1490 1.34151
1500 1.34561
1510 1.34695
1520 1.34675
1530 1.34609
1540 1.34499
1550 1.34394
1560 1.34369
1570 1.34391
1580 1.34518
1590 1.34873
1600 1.35474
1610 1.36338
1620 1.37547
1630 1.39054
1640 1.4067
1650 1.4229
1660 1.43854
1670 1.45246
1680 1.46308
1690 1.4698
1700 1.47375
1710 1.47662
1720 1.47881
1730 1.48053
1740 1.48366
1750 1.48917
1760 1.49564
1770 1.50152
1780 1.50566
1790 1.50818
1800 1.51095
1810 1.516
1820 1.52388
1830 1.53426
1840 1.54642
1850 1.55829
1860 1.56753
1870 1.57341
1880 1.57611
1890 1.57554
1900 1.57313
1910 1.57139
1920 1.57149
1930 1.57346
1940 1.57753
1950 1.5842
1960 1.59291
1970 1.60291
1980 1.6138
1990 1.62385
2000 1.6315
2010 1.63714
2020 1.64171
2030 1.6447
2040 1.64607
2050 1.64715
2060 1.64826
2070 1.64946
2080 1.65192
2090 1.65576
2100 1.66021
2110 1.66536
2120 1.67171
2130 1.68039
2140 1.69273
2150 1.70842
2160 1.72601
2170 1.74454
2180 1.76259
2190 1.77883
2200 1.79391
2210 1.80816
2220 1.8215
2230 1.83474
2240 1.84927
2250 1.86508
2260 1.88079
2270 1.89579
2280 1.91031
2290 1.92299
2300 1.93229
2310 1.93905
2320 1.94515
2330 1.95168
2340 1.96011
2350 1.97227
2360 1.98801
2370 2.00593
2380 2.02601
2390 2.04813
2400 2.07105
2410 2.0933
2420 2.11413
2430 2.13395
2440 2.15227
2450 2.16701
2460 2.1771
2470 2.1858
2480 2.19611
2490 2.20765
2500 2.21932
2510 2.23038
2520 2.24012
2530 2.24839
2540 2.25583
2550 2.26409
2560 2.27383
2570 2.28408
2580 2.29267
2590 2.29776
2600 2.29972
2610 2.29934
2620 2.29683
2630 2.29357
2640 2.29118
2650 2.29029
2660 2.2913
2670 2.29435
2680 2.29907
2690 2.30498
2700 2.31331
2710 2.32528
2720 2.3395
2730 2.35325
2740 2.36547
2750 2.37739
2760 2.39164
2770 2.41058
2780 2.43281
2790 2.45458
2800 2.47459
2810 2.49309
2820 2.51085
2830 2.52908
2840 2.5482
2850 2.56682
2860 2.5833
2870 2.59725
2880 2.60777
2890 2.61418
2900 2.61817
2910 2.62256
2920 2.62856
2930 2.63635
2940 2.64511
2950 2.65293
2960 2.65786
2970 2.65893
2980 2.65616
2990 2.65034
3000 2.64299
3010 2.63726
3020 2.63481
3030 2.63546
3040 2.63906
3050 2.64463
3060 2.64983
3070 2.65393
3080 2.65811
3090 2.66157
3100 2.66274
3110 2.66272
3120 2.66376
3130 2.6678
3140 2.6761
3150 2.68784
3160 2.70097
3170 2.7142
3180 2.7257
3190 2.73293
3200 2.73649
3210 2.73941
3220 2.74368
3230 2.75032
3240 2.75799
3250 2.76451
3260 2.76954
3270 2.77422
3280 2.77968
3290 2.78548
3300 2.79001
3310 2.79249
3320 2.79304
3330 2.79281
3340 2.79433
3350 2.79975
3360 2.80844
3370 2.81881
3380 2.83051
3390 2.84309
3400 2.85464
3410 2.86314
3420 2.86884
3430 2.87233
3440 2.87331
3450 2.8725
3460 2.87134
3470 2.8704
3480 2.86979
3490 2.86947
3500 2.86918
3510 2.86772
3520 2.86427
3530 2.85951
3540 2.85417
3550 2.84828
3560 2.8413
3570 2.83274
3580 2.82307
3590 2.81381
3600 2.80645
3610 2.80147
3620 2.79886
3630 2.79762
3640 2.79596
3650 2.79335
3660 2.79077
3670 2.78935
3680 2.79057
3690 2.79525
3700 2.80298
3710 2.81452
3720 2.83119
3730 2.85263
3740 2.87747
3750 2.90406
3760 2.93028
3770 2.95352
3780 2.97262
3790 2.98781
3800 2.99883
3810 3.00597
3820 3.01232
3830 3.02211
3840 3.03645
3850 3.05269
3860 3.06748
3870 3.07848
3880 3.08525
3890 3.08905
3900 3.09183
3910 3.09547
3920 3.10024
3930 3.10522
3940 3.11185
3950 3.1234
3960 3.1413
3970 3.16397
3980 3.18836
3990 3.21083
4000 3.22813
4010 3.24066
4020 3.25144
4030 3.26296
4040 3.27594
4050 3.29013
4060 3.3029
4070 3.31052
4080 3.31248
4090 3.31126
4100 3.30881
4110 3.30596
4120 3.30484
4130 3.30794
4140 3.31568
4150 3.32741
4160 3.34165
4170 3.35636
4180 3.37072
4190 3.38415
4200 3.39703
4210 3.40986
4220 3.42266
4230 3.43638
4240 3.45133
4250 3.46604
4260 3.48009
4270 3.49457
4280 3.51066
4290 3.52824
4300 3.54562
4310 3.56169
4320 3.57731
4330 3.59366
4340 3.60934
4350 3.6234
4360 3.63739
4370 3.65201
4380 3.66601
4390 3.67873
4400 3.69091
4410 3.70267
4420 3.7139
4430 3.72431
4440 3.733
4450 3.73926
4460 3.74316
4470 3.7443
4480 3.74191
4490 3.73614
4500 3.72744
4510 3.71728
4520 3.70828
4530 3.70178
4540 3.69757
4550 3.69517
4560 3.69489
4570 3.69816
4580 3.707
4590 3.72316
4600 3.74587
4610 3.77211
4620 3.79729
4630 3.81651
4640 3.82835
4650 3.8338
4660 3.83278
4670 3.82438
4680 3.81197
4690 3.80204
4700 3.79646
4710 3.79223
4720 3.78835
4730 3.78724
4740 3.79097
4750 3.80016
4760 3.81468
4770 3.83249
4780 3.8487
4790 3.86027
4800 3.86864
4810 3.87582
4820 3.88128
4830 3.88384
4840 3.88453
4850 3.8862
4860 3.89128
4870 3.90144
4880 3.91639
4890 3.93597
4900 3.96156
4910 3.99303
4920 4.02874
4930 4.06654
4940 4.10446
4950 4.14228
4960 4.17819
4970 4.20806
4980 4.22838
4990 4.24096
5000 4.25026
5010 4.25934
5020 4.2692
5030 4.28056
5040 4.29428
5050 4.30877
5060 4.32017
5070 4.3267
5080 4.33116
5090 4.33775
5100 4.34801
5110 4.36036
5120 4.37379
5130 4.38896
5140 4.40519
5150 4.42052
5160 4.43271
5170 4.44142
5180 4.44817
5190 4.45402
5200 4.4578
5210 4.45906
5220 4.45858
5230 4.45766
5240 4.45714
5250 4.45542
5260 4.4498
5270 4.44019
5280 4.4282
5290 4.41507
5300 4.40168
5310 4.38832
5320 4.3758
5330 4.36666
5340 4.36348
5350 4.36631
5360 4.37448
5370 4.38728
5380 4.40445
5390 4.4253
5400 4.44738
5410 4.46798
5420 4.48702
5430 4.50616
5440 4.52418
5450 4.53791
5460 4.54726
5470 4.55498
5480 4.56396
5490 4.57563
5500 4.58961
5510 4.60484
5520 4.61873
5530 4.62698
5540 4.62815
5550 4.625
5560 4.62021
5570 4.61474
5580 4.60826
5590 4.6003
5600 4.59139
5610 4.58263
5620 4.57464
5630 4.5664
5640 4.55729
5650 4.54681
5660 4.53393
5670 4.51862
5680 4.50328
5690 4.4896
5700 4.47709
5710 4.46629
5720 4.45925
5730 4.45742
5740 4.45961
5750 4.46322
5760 4.4655
5770 4.46599
5780 4.46676
5790 4.46966
5800 4.47523
5810 4.4832
5820 4.49275
5830 4.50097
5840 4.50408
5850 4.50383
5860 4.50451
5870 4.50833
5880 4.51558
5890 4.52529
5900 4.53498
5910 4.54448
5920 4.55532
5930 4.56723
5940 4.57942
5950 4.59168
5960 4.60298
5970 4.61214
5980 4.6176
5990 4.6187
6000 4.6181
6010 4.6185
6020 4.61891
6030 4.61789
6040 4.6163
6050 4.6143
6060 4.61118
6070 4.60737
6080 4.60493
6090 4.60627
6100 4.61079
6110 4.6155
6120 4.61807
6130 4.61792
6140 4.61502
6150 4.6104
6160 4.60615
6170 4.60253
6180 4.59795
6190 4.59061
6200 4.58137
6210 4.57161
6220 4.55988
6230 4.54513
6240 4.53013
6250 4.51936
6260 4.51461
6270 4.51541
6280 4.52158
6290 4.53298
6300 4.5462
6310 4.55647
6320 4.56171
6330 4.56305
6340 4.56293
6350 4.56442
6360 4.56946
6370 4.57739
6380 4.58644
6390 4.59512
6400 4.60287
6410 4.60988
6420 4.61542
6430 4.61824
6440 4.61754
6450 4.6154
6460 4.61686
6470 4.62498
6480 4.63908
6490 4.65722
6500 4.67689
6510 4.69549
6520 4.71026
6530 4.71893
6540 4.72093
6550 4.71755
6560 4.71224
6570 4.70713
6580 4.70101
6590 4.69188
6600 4.67934
6610 4.66614
6620 4.65516
6630 4.64503
6640 4.63459
6650 4.62602
6660 4.62236
6670 4.62481
6680 4.63253
6690 4.64479
6700 4.66201
6710 4.68304
6720 4.705
6730 4.72566
6740 4.74523
6750 4.76306
6760 4.77546
6770 4.78051
6780 4.78058
6790 4.77799
6800 4.77266
6810 4.76555
6820 4.75993
6830 4.75775
6840 4.7585
6850 4.76089
6860 4.76306
6870 4.76454
6880 4.7689
6890 4.77707
6900 4.78579
6910 4.79371
6920 4.80137
6930 4.80988
6940 4.81954
6950 4.82919
6960 4.83614
6970 4.83876
6980 4.83769
6990 4.83604
7000 4.83878
7010 4.8476
7020 4.85901
7030 4.87004
7040 4.88044
7050 4.88981
7060 4.89688
7070 4.90268
7080 4.91132
7090 4.92462
7100 4.94207
7110 4.9632
7120 4.98551
7130 5.00569
7140 5.02214
7150 5.03372
7160 5.03914
7170 5.03921
7180 5.03575
7190 5.03029
7200 5.02478
7210 5.02002
7220 5.014
7230 5.0036
7240 4.98729
7250 4.96641
7260 4.94508
7270 4.92698
7280 4.91189
7290 4.89785
7300 4.88172
7310 4.86014
7320 4.8358
7330 4.8153
7340 4.80172
7350 4.79422
7360 4.79343
7370 4.80133
7380 4.81696
7390 4.83731
7400 4.85818
7410 4.87597
7420 4.88703
7430 4.88818
7440 4.88084
7450 4.86997
7460 4.86073
7470 4.85656
7480 4.85753
7490 4.86133
7500 4.86785
7510 4.87918
7520 4.89394
7530 4.90711
7540 4.91607
7550 4.92266
7560 4.92879
7570 4.93415
7580 4.93815
7590 4.94064
7600 4.9419
7610 4.94183
7620 4.94141
7630 4.94359
7640 4.95057
7650 4.96241
7660 4.97828
7670 4.99604
7680 5.01263
7690 5.02676
7700 5.04003
7710 5.05468
7720 5.07191
7730 5.09165
7740 5.11445
7750 5.14111
7760 5.17065
7770 5.20162
7780 5.23217
7790 5.25765
7800 5.27435
7810 5.28411
7820 5.28993
7830 5.29292
7840 5.2936
7850 5.2929
7860 5.29154
7870 5.28908
7880 5.28533
7890 5.28029
7900 5.27277
7910 5.26197
7920 5.2496
7930 5.23685
7940 5.22143
7950 5.20161
7960 5.18007
7970 5.16118
7980 5.14753
7990 5.13902
8000 5.13483
8010 5.13542
8020 5.14084
8030 5.14916
8040 5.15846
8050 5.16659
8060 5.17069
8070 5.1699
8080 5.16601
8090 5.16155
8100 5.16027
8110 5.16623
8120 5.18013
8130 5.19896
8140 5.21856
8150 5.23744
8160 5.25675
8170 5.27634
8180 5.29418
8190 5.31009
8200 5.32617
8210 5.34248
8220 5.35678
8230 5.36842
8240 5.37795
8250 5.38594
8260 5.39237
8270 5.3984
8280 5.40649
8290 5.41543
8300 5.42243
8310 5.42825
8320 5.43545
8330 5.44369
8340 5.45178
8350 5.46116
8360 5.47383
8370 5.48893
8380 5.50329
8390 5.51511
8400 5.52464
8410 5.533
8420 5.54092
8430 5.54807
8440 5.55407
8450 5.56046
8460 5.56912
8470 5.57862
8480 5.5863
8490 5.59148
8500 5.59445
8510 5.5933
8520 5.58697
8530 5.57796
8540 5.56847
8550 5.55842
8560 5.54819
8570 5.54035
8580 5.53634
8590 5.53446
8600 5.53281
8610 5.53051
8620 5.52763
8630 5.52415
8640 5.5196
8650 5.51561
8660 5.51507
8670 5.51843
8680 5.52397
8690 5.53082
8700 5.54042
8710 5.55628
8720 5.5804
8730 5.60979
8740 5.63786
8750 5.66037
8760 5.67836
8770 5.69241
8780 5.69913
8790 5.69557
8800 5.68523
8810 5.67424
8820 5.66697
8830 5.66653
8840 5.6732
8850 5.68486
8860 5.69829
8870 5.71216
8880 5.7282
8890 5.74702
8900 5.76608
8910 5.78084
8920 5.78874
8930 5.79048
8940 5.78715
8950 5.77873
8960 5.76653
8970 5.75435
8980 5.7462
8990 5.74439
9000 5.75023
9010 5.76359
9020 5.78358
9030 5.80874
9040 5.83521
9050 5.85984
9060 5.88352
9070 5.90799
9080 5.93171
9090 5.95167
9100 5.96742
9110 5.98156
9120 5.99597
9130 6.00978
9140 6.02402
9150 6.04106
9160 6.0594
9170 6.07562
9180 6.08858
9190 6.09789
9200 6.10309
9210 6.10556
9220 6.1069
9230 6.10631
9240 6.10199
9250 6.09463
9260 6.08503
9270 6.07362
9280 6.0622
9290 6.05292
9300 6.04725
9310 6.04522
9320 6.04454
9330 6.04305
9340 6.0402
9350 6.03633
9360 6.0329
9370 6.03201
9380 6.03391
9390 6.03612
9400 6.03663
9410 6.03709
9420 6.04016
9430 6.04439
9440 6.04817
9450 6.0525
9460 6.05888
9470 6.06628
9480 6.0733
9490 6.08099
9500 6.08973
9510 6.1006
9520 6.11675
9530 6.13935
9540 6.1649
9550 6.19015
9560 6.21553
9570 6.24311
9580 6.27309
9590 6.304
9600 6.33519
9610 6.36697
9620 6.39837
9630 6.42544
9640 6.44472
9650 6.45684
9660 6.46592
9670 6.47596
9680 6.48772
9690 6.50091
9700 6.51556
9710 6.53155
9720 6.54972
9730 6.57189
9740 6.59692
9750 6.62119
9760 6.644
9770 6.66626
9780 6.68868
9790 6.71296
9800 6.74021
9810 6.76849
9820 6.7951
9830 6.81857
9840 6.83741
9850 6.85212
9860 6.86294
9870 6.86875
9880 6.87027
9890 6.86936
9900 6.86633
9910 6.86067
9920 6.85229
9930 6.84157
9940 6.8303
9950 6.8218
9960 6.81611
9970 6.81009
9980 6.80243
9990 6.79287
10000 6.77854
10010 6.75577
10020 6.72517
10030 6.69284
10040 6.66552
10050 6.64677
10060 6.63732
10070 6.63529
10080 6.63711
10090 6.63993
10100 6.64396
10110 6.6496
10120 6.65665
10130 6.66647
10140 6.68132
10150 6.70208
10160 6.72779
10170 6.75647
10180 6.78565
10190 6.81208
10200 6.83287
10210 6.84768
10220 6.85658
10230 6.86002
10240 6.86129
10250 6.86399
10260 6.86816
10270 6.87503
10280 6.88854
10290 6.90832
10300 6.93068
10310 6.95295
10320 6.97296
10330 6.98766
10340 6.99567
10350 6.99816
10360 6.99549
10370 6.98847
10380 6.97889
10390 6.96831
10400 6.95728
10410 6.9459
10420 6.9357
10430 6.92926
10440 6.92699
10450 6.92716
10460 6.92803
10470 6.92768
10480 6.92478
10490 6.92083
10500 6.91815
10510 6.91659
10520 6.91528
10530 6.91444
10540 6.91417
10550 6.91264
10560 6.91165
10570 6.9152
10580 6.92335
10590 6.93391
10600 6.94557
10610 6.95895
10620 6.97412
10630 6.98998
10640 7.00296
10650 7.00983
10660 7.00875
10670 6.99909
10680 6.98283
10690 6.96353
10700 6.94434
10710 6.92875
10720 6.91905
10730 6.9146
10740 6.91415
10750 6.91808
10760 6.9267
10770 6.94074
10780 6.96166
10790 6.98826
10800 7.01638
10810 7.0434
10820 7.06831
10830 7.08995
10840 7.10591
10850 7.11613
10860 7.12465
10870 7.1363
10880 7.15418
10890 7.17912
10900 7.20869
10910 7.23837
10920 7.26575
10930 7.29208
10940 7.31916
10950 7.3479
10960 7.37783
10970 7.4057
10980 7.42714
10990 7.44212
11000 7.45256
11010 7.45814
11020 7.45755
11030 7.45088
11040 7.43894
11050 7.42423
11060 7.40912
11070 7.3948
11080 7.38472
11090 7.38211
11100 7.38594
11110 7.39688
11120 7.41773
11130 7.44714
11140 7.48108
11150 7.51726
11160 7.55363
11170 7.58865
11180 7.62193
11190 7.65276
11200 7.68162
11210 7.71087
11220 7.74138
11230 7.77007
11240 7.79217
11250 7.80591
11260 7.81119
11270 7.80589
11280 7.78986
11290 7.7689
11300 7.75008
11310 7.73625
11320 7.72655
11330 7.71996
11340 7.71668
11350 7.71777
11360 7.72276
11370 7.72976
11380 7.73925
11390 7.75312
11400 7.76657
11410 7.77417
11420 7.77785
11430 7.78144
11440 7.78586
11450 7.79099
11460 7.79658
11470 7.8025
11480 7.80903
11490 7.81621
11500 7.82288
11510 7.82627
11520 7.82406
11530 7.81912
11540 7.81703
11550 7.81904
11560 7.82312
11570 7.82885
11580 7.83667
11590 7.84402
11600 7.84575
11610 7.8406
11620 7.83275
11630 7.82535
11640 7.81941
11650 7.8183
11660 7.82488
11670 7.83796
11680 7.85587
11690 7.87877
11700 7.90573
11710 7.93263
11720 7.95772
11730 7.98209
11740 8.00354
11750 8.01791
11760 8.02563
11770 8.03272
11780 8.04326
11790 8.05692
11800 8.07238
11810 8.08718
11820 8.09888
11830 8.10909
11840 8.12182
11850 8.13984
11860 8.1627
11870 8.18824
11880 8.21592
11890 8.24493
11900 8.27301
11910 8.29713
11920 8.31465
11930 8.32418
11940 8.32585
11950 8.32142
11960 8.31186
11970 8.29701
11980 8.27829
11990 8.26018
12000 8.24674
12010 8.23835
12020 8.23453
12030 8.23586
12040 8.24429
12050 8.25855
12060 8.27329
12070 8.28259
12080 8.28276
12090 8.27419
12100 8.25934
12110 8.24076
12120 8.22087
12130 8.20464
12140 8.19625
12150 8.19454
12160 8.19589
12170 8.2003
12180 8.21058
12190 8.2284
12200 8.25193
12210 8.27573
12220 8.2957
12230 8.31137
12240 8.32198
12250 8.32536
12260 8.32311
12270 8.32045
12280 8.32173
12290 8.32807
12300 8.33768
12310 8.34715
12320 8.3543
12330 8.35954
12340 8.36406
12350 8.3692
12360 8.37487
12370 8.37751
12380 8.37561
12390 8.36926
12400 8.35779
12410 8.34369
12420 8.33211
12430 8.32581
12440 8.32356
12450 8.32463
12460 8.33101
12470 8.34507
12480 8.36511
12490 8.38582
12500 8.40483
12510 8.42245
12520 8.43783
12530 8.45073
12540 8.4643
12550 8.48049
12560 8.49584
12570 8.50549
12580 8.50756
12590 8.50404
12600 8.4981
12610 8.49278
12620 8.49054
12630 8.49357
12640 8.50373
12650 8.52085
12660 8.54326
12670 8.56883
12680 8.59431
12690 8.6139
12700 8.62212
12710 8.61549
12720 8.59384
12730 8.56229
12740 8.5261
12750 8.48977
12760 8.45657
12770 8.42915
12780 8.40791
12790 8.39006
12800 8.3737
12810 8.35717
12820 8.33774
12830 8.31458
12840 8.28692
12850 8.25481
12860 8.22435
12870 8.20319
12880 8.19252
12890 8.18935
12900 8.19295
12910 8.20351
12920 8.22036
12930 8.24223
12940 8.26773
12950 8.29588
12960 8.32434
12970 8.34933
12980 8.36886
12990 8.38461
13000 8.39679
13010 8.40265
13020 8.40346
13030 8.40527
13040 8.41147
13050 8.42124
13060 8.43306
13070 8.4468
13080 8.4659
13090 8.49477
13100 8.53237
13110 8.57237
13120 8.60679
13130 8.63229
13140 8.65083
13150 8.66356
13160 8.67101
13170 8.67636
13180 8.68281
13190 8.69021
13200 8.69818
13210 8.70626
13220 8.71259
13230 8.71559
13240 8.71696
13250 8.71811
13260 8.71694
13270 8.70911
13280 8.69195
13290 8.66694
13300 8.63682
13310 8.60495
13320 8.57432
13330 8.54615
13340 8.52077
13350 8.49892
13360 8.4834
13370 8.47565
13380 8.47349
13390 8.47401
13400 8.47773
13410 8.48733
13420 8.50369
13430 8.52298
13440 8.53947
13450 8.55001
13460 8.55303
13470 8.54892
13480 8.54184
13490 8.53569
13500 8.53234
13510 8.53415
13520 8.54461
13530 8.56418
13540 8.58852
13550 8.61352
13560 8.63821
13570 8.66166
13580 8.68155
13590 8.69562
13600 8.70382
13610 8.70918
13620 8.71486
13630 8.72183
13640 8.73058
13650 8.7439
13660 8.76495
13670 8.79544
13680 8.83658
13690 8.88673
13700 8.94079
13710 8.99566
13720 9.05095
13730 9.10517
13740 9.15425
13750 9.19564
13760 9.23106
13770 9.26049
13780 9.27961
13790 9.28721
13800 9.28583
13810 9.27882
13820 9.26982
13830 9.26073
13840 9.25117
13850 9.24034
13860 9.22616
13870 9.20844
13880 9.19004
13890 9.17362
13900 9.16007
13910 9.149
13920 9.13815
13930 9.12677
13940 9.11883
13950 9.11894
13960 9.12721
13970 9.1412
13980 9.16047
13990 9.18118
14000 9.19521
14010 9.20018
14020 9.20012
14030 9.19764
14040 9.19334
14050 9.19045
14060 9.19399
14070 9.20707
14080 9.22961
14090 9.25846
14100 9.29052
14110 9.32328
14120 9.35418
14130 9.3826
14140 9.40797
14150 9.42933
14160 9.44772
14170 9.46559
14180 9.48173
14190 9.4915
14200 9.49436
14210 9.49334
14220 9.48906
14230 9.47992
14240 9.46648
14250 9.45154
14260 9.43732
14270 9.42671
14280 9.42122
14290 9.41904
14300 9.41811
14310 9.42192
14320 9.43435
14330 9.45045
14340 9.46142
14350 9.46419
14360 9.4612
14370 9.45537
14380 9.45036
14390 9.44995
14400 9.45719
14410 9.47233
14420 9.49315
14430 9.51922
14440 9.54873
14450 9.57703
14460 9.6033
14470 9.63044
14480 9.65857
14490 9.68363
14500 9.70224
14510 9.7147
14520 9.72316
14530 9.72886
14540 9.73398
14550 9.74165
14560 9.75382
14570 9.77086
14580 9.79248
14590 9.81555
14600 9.83599
14610 9.85083
14620 9.85873
14630 9.863
14640 9.86847
14650 9.87603
14660 9.88408
14670 9.89237
14680 9.90258
14690 9.91358
14700 9.92159
14710 9.92763
14720 9.93647
14730 9.94875
14740 9.96212
14750 9.97515
14760 9.988
14770 10.0012
14780 10.0161
14790 10.0378
14800 10.0703
14810 10.1095
14820 10.146
14830 10.172
14840 10.1847
14850 10.1868
14860 10.183
14870 10.1764
14880 10.1711
14890 10.1702
14900 10.1739
14910 10.1775
14920 10.1787
14930 10.1793
14940 10.1781
14950 10.1737
14960 10.1697
14970 10.1688
14980 10.1701
14990 10.1733
15000 10.18
15010 10.1906
15020 10.2061
15030 10.2293
15040 10.2619
15050 10.3009
15060 10.3397
15070 10.3766
15080 10.4158
15090 10.4606
15100 10.5096
15110 10.5577
15120 10.5992
15130 10.631
15140 10.6532
15150 10.6683
15160 10.6788
15170 10.6832
15180 10.6786
15190 10.662
15200 10.6324
15210 10.5926
15220 10.5491
15230 10.5077
15240 10.4711
15250 10.4396
15260 10.4154
15270 10.3994
15280 10.3888
15290 10.3792
15300 10.3673
15310 10.351
15320 10.3294
15330 10.3029
15340 10.2733
15350 10.2452
15360 10.2245
15370 10.2162
15380 10.2195
15390 10.2286
15400 10.2383
15410 10.2484
15420 10.2619
15430 10.2762
15440 10.2887
15450 10.2996
15460 10.3052
15470 10.3032
15480 10.3007
15490 10.3063
15500 10.3195
15510 10.3338
15520 10.3451
15530 10.3519
15540 10.3542
15550 10.3532
15560 10.3506
15570 10.347
15580 10.3421
15590 10.3379
15600 10.3383
15610 10.3446
15620 10.3549
15630 10.3668
15640 10.3771
15650 10.3841
15660 10.3891
15670 10.3963
15680 10.4069
15690 10.4172
15700 10.4242
15710 10.4275
15720 10.4283
15730 10.4295
15740 10.4336
15750 10.4404
15760 10.4463
15770 10.4498
15780 10.4532
15790 10.4583
15800 10.4656
15810 10.4764
15820 10.4923
15830 10.5116
15840 10.53
15850 10.5445
15860 10.5551
15870 10.5619
15880 10.5662
15890 10.5711
15900 10.5789
15910 10.5884
15920 10.5973
15930 10.6044
15940 10.609
15950 10.6101
15960 10.6072
15970 10.6002
15980 10.5906
15990 10.5824
16000 10.5804
16010 10.5865
16020 10.5961
16030 10.606
16040 10.6176
16050 10.6314
16060 10.6441
16070 10.6518
16080 10.6548
16090 10.6564
16100 10.6585
16110 10.6599
16120 10.6594
16130 10.6557
16140 10.6485
16150 10.6408
16160 10.6346
16170 10.6309
16180 10.633
16190 10.6428
16200 10.6578
16210 10.6751
16220 10.6946
16230 10.717
16240 10.7431
16250 10.7736
16260 10.8051
16270 10.8328
16280 10.8569
16290 10.8786
16300 10.8958
16310 10.9072
16320 10.913
16330 10.912
16340 10.9022
16350 10.8834
16360 10.8559
16370 10.8207
16380 10.7843
16390 10.7519
16400 10.7234
16410 10.6996
16420 10.6863
16430 10.6847
16440 10.6876
16450 10.685
16460 10.6724
16470 10.6514
16480 10.6255
16490 10.5968
16500 10.5654
16510 10.5321
16520 10.5015
16530 10.4764
16540 10.4546
16550 10.4339
16560 10.4155
16570 10.4017
16580 10.3929
16590 10.3911
16600 10.3972
16610 10.407
16620 10.4171
16630 10.4299
16640 10.447
16650 10.4648
16660 10.4808
16670 10.4985
16680 10.5219
16690 10.5516
16700 10.5866
16710 10.6254
16720 10.6636
16730 10.6962
16740 10.7228
16750 10.7461
16760 10.7648
16770 10.7768
16780 10.7833
16790 10.7851
16800 10.7826
16810 10.7791
16820 10.7752
16830 10.7682
16840 10.7583
16850 10.7499
16860 10.7451
16870 10.7425
16880 10.7428
16890 10.7495
16900 10.7615
16910 10.7725
16920 10.778
16930 10.7815
16940 10.7921
16950 10.8151
16960 10.8485
16970 10.8875
16980 10.9271
16990 10.9614
17000 10.9868
17010 11.0009
17020 11.0025
17030 10.9916
17040 10.9729
17050 10.9525
17060 10.934
17070 10.9203
17080 10.9138
17090 10.916
17100 10.9251
17110 10.9369
17120 10.9463
17130 10.9514
17140 10.9505
17150 10.9426
17160 10.9304
17170 10.9187
17180 10.9095
17190 10.9012
17200 10.8959
17210 10.8991
17220 10.9121
17230 10.9321
17240 10.9558
17250 10.9796
17260 11.0008
17270 11.0204
17280 11.0396
17290 11.0564
17300 11.0721
17310 11.0895
17320 11.1079
17330 11.1267
17340 11.1485
17350 11.1746
17360 11.2016
17370 11.2261
17380 11.2468
17390 11.2638
17400 11.2787
17410 11.2929
17420 11.3092
17430 11.3288
17440 11.3479
17450 11.36
17460 11.3639
17470 11.363
17480 11.3594
17490 11.3547
17500 11.3535
17510 11.3603
17520 11.3758
17530 11.3976
17540 11.4221
17550 11.4474
17560 11.4757
17570 11.5073
17580 11.5385
17590 11.5646
17600 11.5849
17610 11.6003
17620 11.6108
17630 11.6171
17640 11.62
17650 11.6173
17660 11.6088
17670 11.5973
17680 11.5869
17690 11.5799
17700 11.5769
17710 11.5791
17720 11.5868
17730 11.5972
17740 11.6064
17750 11.6135
17760 11.6198
17770 11.6246
17780 11.6244
17790 11.6184
17800 11.6103
17810 11.6052
17820 11.6035
17830 11.603
17840 11.6045
17850 11.6091
17860 11.6162
17870 11.6252
17880 11.6356
17890 11.6464
17900 11.6591
17910 11.6738
17920 11.6851
17930 11.6895
17940 11.689
17950 11.6874
17960 11.6863
17970 11.6848
17980 11.6815
17990 11.6761
18000 11.6683
18010 11.6588
18020 11.6497
18030 11.6428
18040 11.6401
18050 11.6429
18060 11.6523
18070 11.669
18080 11.6904
18090 11.7168
18100 11.7489
18110 11.7815
18120 11.8079
18130 11.8246
18140 11.8318
18150 11.8328
18160 11.8314
18170 11.83
18180 11.8306
18190 11.8357
18200 11.8461
18210 11.859
18220 11.8731
18230 11.8875
18240 11.8997
18250 11.9068
18260 11.9113
18270 11.9167
18280 11.9212
18290 11.9231
18300 11.9225
18310 11.9193
18320 11.9149
18330 11.9105
18340 11.9052
18350 11.8991
18360 11.8952
18370 11.892
18380 11.8852
18390 11.8756
18400 11.8653
18410 11.8547
18420 11.8469
18430 11.8465
18440 11.8526
18450 11.8608
18460 11.8666
18470 11.8663
18480 11.8602
18490 11.8519
18500 11.8479
18510 11.8522
18520 11.8647
18530 11.8822
18540 11.8997
18550 11.9146
18560 11.9292
18570 11.947
18580 11.9675
18590 11.9868
18600 12.0062
18610 12.0263
18620 12.0441
18630 12.0568
18640 12.064
18650 12.0676
18660 12.0677
18670 12.0648
18680 12.0616
18690 12.0622
18700 12.0665
18710 12.0731
18720 12.0833
18730 12.0965
18740 12.1089
18750 12.1172
18760 12.1209
18770 12.1215
18780 12.1217
18790 12.1229
18800 12.1243
18810 12.129
18820 12.1424
18830 12.1633
18840 12.1864
18850 12.2101
18860 12.2331
18870 12.2492
18880 12.2555
18890 12.2535
18900 12.2441
18910 12.2309
18920 12.2184
18930 12.2063
18940 12.1926
18950 12.1814
18960 12.1778
18970 12.1805
18980 12.1859
18990 12.1932
19000 12.2008
19010 12.2072
19020 12.2125
19030 12.2164
19040 12.2174
19050 12.2131
19060 12.2042
19070 12.1957
19080 12.1939
19090 12.2046
19100 12.2293
19110 12.2627
19120 12.2948
19130 12.3196
19140 12.337
19150 12.3498
19160 12.3617
19170 12.3767
19180 12.3977
19190 12.4251
19200 12.4559
19210 12.4874
19220 12.5183
19230 12.5477
19240 12.575
19250 12.6039
19260 12.6392
19270 12.6806
19280 12.7244
19290 12.768
19300 12.8076
19310 12.8395
19320 12.867
19330 12.8953
19340 12.9234
19350 12.9472
19360 12.967
19370 12.9843
19380 12.9991
19390 13.0107
19400 13.0177
19410 13.0185
19420 13.0132
19430 13.0027
19440 12.991
19450 12.9842
19460 12.9853
19470 12.9901
19480 12.9918
19490 12.9865
19500 12.9735
19510 12.9553
19520 12.935
19530 12.9154
19540 12.9011
19550 12.8971
19560 12.9031
19570 12.9148
19580 12.9293
19590 12.9448
19600 12.9596
19610 12.974
19620 12.9885
19630 13.0027
19640 13.0154
19650 13.0281
19660 13.0442
19670 13.0657
19680 13.0924
19690 13.125
19700 13.1623
19710 13.1982
19720 13.2247
19730 13.2382
19740 13.2407
19750 13.2348
19760 13.2238
19770 13.212
19780 13.2015
19790 13.1902
19800 13.1763
19810 13.1589
19820 13.1365
19830 13.1134
19840 13.0969
19850 13.0881
19860 13.0853
19870 13.089
19880 13.098
19890 13.1072
19900 13.115
19910 13.1244
19920 13.1373
19930 13.1527
19940 13.1688
19950 13.1832
19960 13.1964
19970 13.211
19980 13.2296
19990 13.2538
20000 13.2822
20010 13.3113
20020 13.3367
20030 13.3572
20040 13.3734
20050 13.3854
20060 13.3951
20070 13.4041
20080 13.4106
20090 13.4149
20100 13.42
20110 13.4283
20120 13.4404
20130 13.4559
20140 13.4728
20150 13.4903
20160 13.5101
20170 13.5325
20180 13.5537
20190 13.5695
20200 13.5787
20210 13.5836
20220 13.5864
20230 13.587
20240 13.5876
20250 13.5916
20260 13.5955
20270 13.5945
20280 13.5907
20290 13.5876
20300 13.5848
20310 13.5823
20320 13.5834
20330 13.5906
20340 13.6042
20350 13.6235
20360 13.6481
20370 13.6764
20380 13.7036
20390 13.7265
20400 13.7447
20410 13.7562
20420 13.7596
20430 13.7577
20440 13.7551
20450 13.7542
20460 13.7568
20470 13.7661
20480 13.7815
20490 13.7963
20500 13.8068
20510 13.8138
20520 13.8185
20530 13.8228
20540 13.8314
20550 13.8464
20560 13.8627
20570 13.8717
20580 13.8693
20590 13.8549
20600 13.8301
20610 13.8002
20620 13.7702
20630 13.7393
20640 13.7064
20650 13.676
20660 13.6523
20670 13.6342
20680 13.6187
20690 13.6055
20700 13.5962
20710 13.5908
20720 13.586
20730 13.5767
20740 13.5613
20750 13.5443
20760 13.5315
20770 13.5261
20780 13.528
20790 13.535
20800 13.5448
20810 13.5557
20820 13.5694
20830 13.5891
20840 13.6146
20850 13.6398
20860 13.6581
20870 13.6658
20880 13.6639
20890 13.6567
20900 13.6487
20910 13.6421
20920 13.6391
20930 13.6413
20940 13.6497
20950 13.6646
20960 13.6824
20970 13.6993
20980 13.7145
20990 13.7261
21000 13.7291
21010 13.7218
21020 13.7067
21030 13.6877
21040 13.6711
21050 13.6596
21060 13.6505
21070 13.6417
21080 13.6358
21090 13.6361
21100 13.644
21110 13.6567
21120 13.6667
21130 13.6683
21140 13.6618
21150 13.6483
21160 13.6276
21170 13.6018
21180 13.5786
21190 13.5646
21200 13.5619
21210 13.5692
21220 13.5829
21230 13.5974
21240 13.6048
21250 13.6022
21260 13.5922
21270 13.5788
21280 13.5656
21290 13.5546
21300 13.5425
21310 13.5252
21320 13.5058
21330 13.4885
21340 13.475
21350 13.4668
21360 13.4639
21370 13.4667
21380 13.4781
21390 13.5002
21400 13.5337
21410 13.5776
21420 13.6243
21430 13.665
21440 13.6966
21450 13.7193
21460 13.7315
21470 13.7319
21480 13.7236
21490 13.71
21500 13.6952
21510 13.6818
21520 13.6706
21530 13.6621
21540 13.6572
21550 13.6535
21560 13.6469
21570 13.6382
21580 13.6314
21590 13.6279
21600 13.6267
21610 13.6257
21620 13.6223
21630 13.6168
21640 13.6109
21650 13.608
21660 13.6092
21670 13.6115
21680 13.6133
21690 13.6166
21700 13.6219
21710 13.6257
21720 13.6249
21730 13.6163
21740 13.599
21750 13.5762
21760 13.5527
21770 13.5312
21780 13.5132
21790 13.5029
21800 13.5056
21810 13.5213
21820 13.5435
21830 13.5665
21840 13.5908
21850 13.614
21860 13.6295
21870 13.6376
21880 13.646
21890 13.6576
21900 13.6705
21910 13.688
21920 13.7122
21930 13.7369
21940 13.7568
21950 13.7745
21960 13.7924
21970 13.8065
21980 13.8139
21990 13.8175
22000 13.8205
22010 13.8224
22020 13.8207
22030 13.8156
22040 13.8109
22050 13.8115
22060 13.8171
22070 13.8227
22080 13.823
22090 13.8181
22100 13.812
22110 13.8067
22120 13.8019
22130 13.7957
22140 13.7875
22150 13.7782
22160 13.7671
22170 13.7535
22180 13.7391
22190 13.7255
22200 13.7125
22210 13.6992
22220 13.6857
22230 13.6734
22240 13.6621
22250 13.6512
22260 13.6391
22270 13.623
22280 13.6035
22290 13.5854
22300 13.5737
22310 13.5679
22320 13.5653
22330 13.5677
22340 13.5785
22350 13.5984
22360 13.6266
22370 13.6585
22380 13.688
22390 13.7118
22400 13.7302
22410 13.7468
22420 13.7609
22430 13.771
22440 13.7815
22450 13.7944
22460 13.8083
22470 13.8215
22480 13.8328
22490 13.842
22500 13.8487
22510 13.8521
22520 13.8512
22530 13.8439
22540 13.83
22550 13.8117
22560 13.7956
22570 13.7892
22580 13.7937
22590 13.8022
22600 13.8103
22610 13.818
22620 13.8254
22630 13.8342
22640 13.8485
22650 13.8698
22660 13.8983
22670 13.935
22680 13.9805
22690 14.0301
22700 14.0753
22710 14.1123
22720 14.1423
22730 14.1663
22740 14.1851
22750 14.2018
22760 14.2177
22770 14.232
22780 14.2455
22790 14.2573
22800 14.2647
22810 14.2648
22820 14.2577
22830 14.2472
22840 14.2357
22850 14.223
22860 14.21
22870 14.1982
22880 14.1867
22890 14.1753
22900 14.1673
22910 14.1655
22920 14.1663
22930 14.1642
22940 14.157
22950 14.1462
22960 14.1364
22970 14.134
22980 14.1412
22990 14.1556
23000 14.1737
23010 14.191
23020 14.2052
23030 14.2169
23040 14.2249
23050 14.2309
23060 14.2406
23070 14.2533
23080 14.2633
23090 14.2704
23100 14.279
23110 14.2909
23120 14.3063
23130 14.3261
23140 14.3476
23150 14.3664
23160 14.3834
23170 14.4023
23180 14.4228
23190 14.4428
23200 14.4623
23210 14.4808
23220 14.4949
23230 14.5027
23240 14.5084
23250 14.5174
23260 14.5313
23270 14.5483
23280 14.5659
23290 14.5834
23300 14.5987
23310 14.6094
23320 14.6175
23330 14.6284
23340 14.6425
23350 14.6563
23360 14.6674
23370 14.6762
23380 14.6856
23390 14.6964
23400 14.705
23410 14.7091
23420 14.7077
23430 14.698
23440 14.6771
23450 14.6482
23460 14.6206
23470 14.601
23480 14.5919
23490 14.5959
23500 14.6137
23510 14.6368
23520 14.653
23530 14.6618
23540 14.6702
23550 14.6789
23560 14.6845
23570 14.6863
23580 14.6847
23590 14.6795
23600 14.672
23610 14.6625
23620 14.6486
23630 14.6288
23640 14.6046
23650 14.5786
23660 14.5544
23670 14.5357
23680 14.5226
23690 14.5116
23700 14.5011
23710 14.4925
23720 14.4863
23730 14.4824
23740 14.4836
23750 14.4937
23760 14.5138
23770 14.5434
23780 14.5799
23790 14.6198
23800 14.663
23810 14.7097
23820 14.7564
23830 14.7978
23840 14.8314
23850 14.8585
23860 14.8795
23870 14.8933
23880 14.9042
23890 14.9168
23900 14.928
23910 14.9352
23920 14.9395
23930 14.9455
23940 14.9555
23950 14.9637
23960 14.9633
23970 14.9566
23980 14.9488
23990 14.9419
24000 14.9378
24010 14.9408
24020 14.9515
24030 14.964
24040 14.9734
24050 14.9813
24060 14.9888
24070 14.9936
24080 14.993
24090 14.9867
24100 14.9766
24110 14.9634
24120 14.949
24130 14.9399
24140 14.942
24150 14.9558
24160 14.9787
24170 15.0082
24180 15.0375
24190 15.0618
24200 15.0796
24210 15.0899
24220 15.0891
24230 15.075
24240 15.0524
24250 15.0256
24260 14.9929
24270 14.9557
24280 14.921
24290 14.8937
24300 14.8757
24310 14.8685
24320 14.8689
24330 14.8658
24340 14.8489
24350 14.8183
24360 14.7808
24370 14.7418
24380 14.7054
24390 14.6738
24400 14.649
24410 14.632
24420 14.6233
24430 14.6227
24440 14.6272
24450 14.6302
24460 14.6262
24470 14.6146
24480 14.5983
24490 14.5797
24500 14.5577
24510 14.5328
24520 14.5123
24530 14.4985
24540 14.4882
24550 14.4799
24560 14.4748
24570 14.4774
24580 14.4928
24590 14.5211
24600 14.558
24610 14.599
24620 14.6417
24630 14.6842
24640 14.7231
24650 14.7556
24660 14.7813
24670 14.8018
24680 14.8199
24690 14.8381
24700 14.8549
24710 14.8693
24720 14.8822
24730 14.8936
24740 14.9026
24750 14.9096
24760 14.9147
24770 14.9165
24780 14.9141
24790 14.9093
24800 14.9068
24810 14.9083
24820 14.9117
24830 14.9148
24840 14.9182
24850 14.9256
24860 14.9391
24870 14.9562
24880 14.9728
24890 14.9915
24900 15.0142
24910 15.0338
24920 15.0451
24930 15.0511
24940 15.0533
24950 15.0533
24960 15.0571
24970 15.0674
24980 15.0823
24990 15.1036
25000 15.1342
25010 15.1723
25020 15.2161
25030 15.2649
25040 15.315
25050 15.3619
25060 15.4043
25070 15.4431
25080 15.4787
25090 15.51
25100 15.5367
25110 15.5619
25120 15.5872
25130 15.6106
25140 15.6316
25150 15.6534
25160 15.6774
25170 15.7031
25180 15.7308
25190 15.7617
25200 15.7949
25210 15.8282
25220 15.8592
25230 15.8878
25240 15.9156
25250 15.9418
25260 15.9645
25270 15.9884
25280 16.0225
25290 16.0672
25300 16.1138
25310 16.1557
25320 16.1881
25330 16.2021
25340 16.1959
25350 16.1767
25360 16.15
25370 16.1186
25380 16.0883
25390 16.0605
25400 16.033
25410 16.0066
25420 15.9834
25430 15.9632
25440 15.9428
25450 15.9207
25460 15.9011
25470 15.8866
25480 15.8741
25490 15.8613
25500 15.8506
25510 15.844
25520 15.8396
25530 15.8393
25540 15.8485
25550 15.8699
25560 15.9035
25570 15.948
25580 15.9978
25590 16.0436
25600 16.0814
25610 16.1138
25620 16.1406
25630 16.1572
25640 16.1644
25650 16.1686
25660 16.1742
25670 16.1832
25680 16.1995
25690 16.2255
25700 16.2578
25710 16.2924
25720 16.3278
25730 16.3613
25740 16.3899
25750 16.4126
25760 16.4266
25770 16.4258
25780 16.4097
25790 16.3847
25800 16.3553
25810 16.325
25820 16.3012
25830 16.2916
25840 16.2958
25850 16.31
25860 16.3312
25870 16.3562
25880 16.3795
25890 16.3954
25900 16.4034
25910 16.4057
25920 16.4019
25930 16.3954
25940 16.3918
25950 16.3927
25960 16.398
25970 16.407
25980 16.4171
25990 16.426
26000 16.4303
26010 16.4279
26020 16.4219
26030 16.4179
26040 16.4169
26050 16.4157
26060 16.4126
26070 16.4063
26080 16.3971
26090 16.384
26100 16.367
26110 16.3518
26120 16.343
26130 16.3413
26140 16.3452
26150 16.3533
26160 16.3637
26170 16.3701
26180 16.3628
26190 16.3416
26200 16.3173
26210 16.2995
26220 16.2887
26230 16.2827
26240 16.283
26250 16.2935
26260 16.3149
26270 16.3417
26280 16.3671
26290 16.387
26300 16.4009
26310 16.4124
26320 16.4252
26330 16.4385
26340 16.451
26350 16.4652
26360 16.486
26370 16.5134
26380 16.5441
26390 16.575
26400 16.6063
26410 16.6389
26420 16.6703
26430 16.6955
26440 16.7134
26450 16.726
26460 16.737
26470 16.7488
26480 16.7604
26490 16.7703
26500 16.7803
26510 16.7937
26520 16.8092
26530 16.822
26540 16.8299
26550 16.8367
26560 16.8461
26570 16.8588
26580 16.8725
26590 16.8835
26600 16.8903
26610 16.8933
26620 16.89
26630 16.8754
26640 16.8504
26650 16.8238
26660 16.8025
26670 16.7887
26680 16.7855
26690 16.7965
26700 16.8162
26710 16.8345
26720 16.8491
26730 16.8632
26740 16.8811
26750 16.9052
26760 16.9366
26770 16.9765
26780 17.0234
26790 17.0732
26800 17.1193
26810 17.1575
26820 17.1886
26830 17.2103
26840 17.2199
26850 17.223
26860 17.2289
26870 17.2393
26880 17.2459
26890 17.2415
26900 17.229
26910 17.2127
26920 17.1928
26930 17.1726
26940 17.1598
26950 17.1541
26960 17.1512
26970 17.1531
26980 17.1602
26990 17.1664
27000 17.1684
27010 17.1672
27020 17.1591
27030 17.1417
27040 17.1203
27050 17.1029
27060 17.0942
27070 17.0939
27080 17.0976
27090 17.1008
27100 17.1032
27110 17.1052
27120 17.1077
27130 17.1121
27140 17.1202
27150 17.1318
27160 17.1477
27170 17.1703
27180 17.2002
27190 17.2345
27200 17.2683
27210 17.2963
27220 17.3161
27230 17.3298
27240 17.3418
27250 17.3552
27260 17.3679
27270 17.3778
27280 17.3844
27290 17.3865
27300 17.386
27310 17.3877
27320 17.3937
27330 17.4017
27340 17.4096
27350 17.4177
27360 17.4265
27370 17.4358
27380 17.4443
27390 17.4505
27400 17.455
27410 17.4609
27420 17.4723
27430 17.4912
27440 17.515
27450 17.539
27460 17.5641
27470 17.5919
27480 17.6203
27490 17.6432
27500 17.6565
27510 17.659
27520 17.6509
27530 17.6365
27540 17.6242
27550 17.6212
27560 17.63
27570 17.6465
27580 17.6649
27590 17.6801
27600 17.6851
27610 17.6774
27620 17.6633
27630 17.6487
27640 17.6366
27650 17.6296
27660 17.6297
27670 17.6366
27680 17.6479
27690 17.6612
27700 17.6755
27710 17.6905
27720 17.7049
27730 17.7169
27740 17.7285
27750 17.7434
27760 17.7605
27770 17.7731
27780 17.7795
27790 17.7852
27800 17.7914
27810 17.7937
27820 17.7896
27830 17.7833
27840 17.7758
27850 17.763
27860 17.7443
27870 17.7242
27880 17.7031
27890 17.6775
27900 17.6477
27910 17.62
27920 17.6003
27930 17.5891
27940 17.5874
27950 17.5976
27960 17.6196
27970 17.6495
27980 17.6831
27990 17.7171
28000 17.7487
28010 17.7765
28020 17.7979
28030 17.8105
28040 17.8146
28050 17.8101
28060 17.795
28070 17.7735
28080 17.7535
28090 17.7415
28100 17.7422
28110 17.7553
28120 17.7748
28130 17.7925
28140 17.8039
28150 17.8096
28160 17.8125
28170 17.8159
28180 17.8197
28190 17.82
28200 17.8187
28210 17.8213
28220 17.8286
28230 17.8436
28240 17.8706
28250 17.9067
28260 17.9467
28270 17.9921
28280 18.0411
28290 18.086
28300 18.1239
28310 18.1545
28320 18.1746
28330 18.1858
28340 18.192
28350 18.1898
28360 18.1771
28370 18.1602
28380 18.1458
28390 18.1356
28400 18.1295
28410 18.128
28420 18.1315
28430 18.1416
28440 18.1602
28450 18.1869
28460 18.2166
28470 18.2423
28480 18.2612
28490 18.2747
28500 18.2861
28510 18.3022
28520 18.3312
28530 18.3738
28540 18.421
28550 18.4636
28560 18.4968
28570 18.5182
28580 18.5287
28590 18.5339
28600 18.537
28610 18.5393
28620 18.5431
28630 18.5501
28640 18.5615
28650 18.576
28660 18.5906
28670 18.6016
28680 18.6066
28690 18.6064
28700 18.6039
28710 18.6017
28720 18.6023
28730 18.6069
28740 18.6136
28750 18.6189
28760 18.6188
28770 18.6103
28780 18.591
28790 18.5571
28800 18.5138
28810 18.474
28820 18.4458
28830 18.432
28840 18.4338
28850 18.448
28860 18.4679
28870 18.4887
28880 18.5067
28890 18.5197
28900 18.5289
28910 18.5341
28920 18.5345
28930 18.5337
28940 18.5386
28950 18.5477
28960 18.5542
28970 18.5577
28980 18.567
28990 18.5901
29000 18.6245
29010 18.6623
29020 18.6959
29030 18.7173
29040 18.722
29050 18.7103
29060 18.6821
29070 18.6367
29080 18.5766
29090 18.5034
29100 18.4207
29110 18.3402
29120 18.2744
29130 18.2256
29140 18.1904
29150 18.1703
29160 18.1657
29170 18.1692
29180 18.1739
29190 18.1792
29200 18.1825
29210 18.177
29220 18.1608
29230 18.1396
29240 18.1199
29250 18.1055
29260 18.0982
29270 18.0985
29280 18.1086
29290 18.1295
29300 18.1562
29310 18.1798
29320 18.1931
29330 18.1933
29340 18.1823
29350 18.1658
29360 18.1491
29370 18.1341
29380 18.1236
29390 18.122
29400 18.1318
29410 18.1484
29420 18.16
29430 18.1634
29440 18.167
29450 18.1755
29460 18.1861
29470 18.1986
29480 18.2164
29490 18.2402
29500 18.2685
29510 18.2983
29520 18.3254
29530 18.3488
29540 18.3739
29550 18.4065
29560 18.4439
29570 18.4745
29580 18.4893
29590 18.4907
29600 18.4848
29610 18.4745
29620 18.4608
29630 18.447
29640 18.4397
29650 18.4426
29660 18.4546
29670 18.4733
29680 18.4949
29690 18.5154
29700 18.5314
29710 18.5428
29720 18.5523
29730 18.5602
29740 18.5652
29750 18.5703
29760 18.5771
29770 18.5838
29780 18.5905
29790 18.5971
29800 18.6028
29810 18.6102
29820 18.6217
29830 18.6309
29840 18.6299
29850 18.6197
29860 18.6035
29870 18.5824
29880 18.5607
29890 18.5421
29900 18.5267
29910 18.5148
29920 18.5091
29930 18.5122
29940 18.522
29950 18.5362
29960 18.5512
29970 18.5595
29980 18.5567
29990 18.5451
30000 18.5294
30010 18.5149
30020 18.5072
30030 18.513
30040 18.5347
30050 18.5668
30060 18.6022
30070 18.6394
30080 18.6749
30090 18.6986
30100 18.7049
30110 18.6994
30120 18.6924
30130 18.6868
30140 18.6817
30150 18.6774
30160 18.6745
30170 18.6739
30180 18.6768
30190 18.6832
30200 18.6931
30210 18.7035
30220 18.71
30230 18.7124
30240 18.7137
30250 18.7161
30260 18.722
30270 18.7335
30280 18.7498
30290 18.769
30300 18.7885
30310 18.8047
30320 18.8153
30330 18.82
30340 18.8233
30350 18.8283
30360 18.8315
30370 18.8295
30380 18.8262
30390 18.8297
30400 18.8443
30410 18.871
30420 18.9072
30430 18.9459
30440 18.9797
30450 19.0064
30460 19.0296
30470 19.0555
30480 19.0873
30490 19.1243
30500 19.1618
30510 19.1945
30520 19.2228
30530 19.2494
30540 19.2703
30550 19.2786
30560 19.2764
30570 19.2684
30580 19.2541
30590 19.2343
30600 19.2122
30610 19.1908
30620 19.172
30630 19.1544
30640 19.1388
30650 19.1304
30660 19.1309
30670 19.1362
30680 19.1402
30690 19.1395
30700 19.1336
30710 19.1213
30720 19.1008
30730 19.0745
30740 19.0474
30750 19.0248
30760 19.0149
30770 19.024
30780 19.0495
30790 19.0869
30800 19.1339
30810 19.184
30820 19.2299
30830 19.2701
30840 19.3061
30850 19.3362
30860 19.3603
30870 19.3815
30880 19.4035
30890 19.4318
30900 19.4687
30910 19.5098
30920 19.5493
30930 19.5849
30940 19.6174
30950 19.648
30960 19.6771
30970 19.7036
30980 19.7276
30990 19.7516
31000 19.776
31010 19.7976
31020 19.8143
31030 19.8275
31040 19.84
31050 19.8538
31060 19.868
31070 19.8823
31080 19.9007
31090 19.9245
31100 19.95
31110 19.9748
31120 20.001
31130 20.031
31140 20.0635
31150 20.095
31160 20.126
31170 20.1585
31180 20.1911
31190 20.2234
31200 20.2535
31210 20.277
31220 20.2925
31230 20.3028
31240 20.3128
31250 20.3222
31260 20.3251
31270 20.3183
31280 20.3065
31290 20.2969
31300 20.2896
31310 20.2823
31320 20.2799
31330 20.2893
31340 20.3122
31350 20.3439
31360 20.3792
31370 20.4124
31380 20.4384
31390 20.4562
31400 20.4669
31410 20.4708
31420 20.4668
31430 20.4562
31440 20.4446
31450 20.4379
31460 20.4346
31470 20.4293
31480 20.4198
31490 20.4077
31500 20.3967
31510 20.3928
31520 20.3984
31530 20.4088
31540 20.4181
31550 20.4266
31560 20.4361
31570 20.4411
31580 20.4385
31590 20.4305
31600 20.4143
31610 20.3866
31620 20.3524
31630 20.3193
31640 20.294
31650 20.2844
31660 20.2912
31670 20.3046
31680 20.3154
31690 20.3246
31700 20.3336
31710 20.3388
31720 20.3383
31730 20.3329
31740 20.3257
31750 20.3205
31760 20.3191
31770 20.323
31780 20.3357
31790 20.3573
31800 20.3838
31810 20.4122
31820 20.4418
31830 20.4684
31840 20.4899
31850 20.5092
31860 20.5245
31870 20.5311
31880 20.5325
31890 20.5352
31900 20.541
31910 20.5525
31920 20.5707
31930 20.5925
31940 20.6144
31950 20.6353
31960 20.6619
31970 20.6983
31980 20.7374
31990 20.7721
32000 20.8018
32010 20.8255
32020 20.8404
32030 20.8442
32040 20.839
32050 20.8312
32060 20.8249
32070 20.8181
32080 20.8063
32090 20.79
32100 20.7755
32110 20.7681
32120 20.7687
32130 20.7761
32140 20.7881
32150 20.7977
32160 20.8018
32170 20.8045
32180 20.8084
32190 20.8118
32200 20.8158
32210 20.8249
32220 20.8389
32230 20.8516
32240 20.858
32250 20.8584
32260 20.8542
32270 20.8451
32280 20.8323
32290 20.8243
32300 20.8295
32310 20.8464
32320 20.867
32330 20.8811
32340 20.881
32350 20.8684
32360 20.848
32370 20.8213
32380 20.7926
32390 20.7736
32400 20.7681
32410 20.7711
32420 20.7813
32430 20.8011
32440 20.8299
32450 20.8638
32460 20.8995
32470 20.9335
32480 20.9633
32490 20.9906
32500 21.0187
32510 21.0465
32520 21.0715
32530 21.0916
32540 21.1048
32550 21.1132
32560 21.1208
32570 21.1274
32580 21.1288
32590 21.1201
32600 21.1005
32610 21.0721
32620 21.0355
32630 20.9936
32640 20.9552
32650 20.9276
32660 20.9108
32670 20.9036
32680 20.9056
32690 20.9152
32700 20.9312
32710 20.9489
32720 20.9611
32730 20.9653
32740 20.9604
32750 20.9441
32760 20.9181
32770 20.8865
32780 20.8525
32790 20.8194
32800 20.7896
32810 20.7618
32820 20.7368
32830 20.7179
32840 20.7052
32850 20.6948
32860 20.6852
32870 20.6784
32880 20.6755
32890 20.6741
32900 20.6754
32910 20.6822
32920 20.6899
32930 20.6915
32940 20.6876
32950 20.6838
32960 20.6818
32970 20.6807
32980 20.6803
32990 20.6805
33000 20.682
33010 20.6849
33020 20.6888
33030 20.6956
33040 20.7052
33050 20.7091
33060 20.697
33070 20.6701
33080 20.6372
33090 20.6035
33100 20.5689
33110 20.5374
33120 20.514
33130 20.5001
33140 20.4937
33150 20.4908
33160 20.4863
33170 20.4776
33180 20.4683
33190 20.4634
33200 20.4651
33210 20.475
33220 20.4916
33230 20.5072
33240 20.5147
33250 20.5152
33260 20.5136
33270 20.5116
33280 20.5117
33290 20.5186
33300 20.533
33310 20.553
33320 20.5761
33330 20.603
33340 20.636
33350 20.6721
33360 20.7069
33370 20.7424
33380 20.7793
33390 20.8156
33400 20.8513
33410 20.8864
33420 20.9206
33430 20.9538
33440 20.9869
33450 21.0182
33460 21.0431
33470 21.0584
33480 21.0675
33490 21.0768
33500 21.0889
33510 21.1004
33520 21.1064
33530 21.1053
33540 21.1003
33550 21.0947
33560 21.0946
33570 21.1045
33580 21.1218
33590 21.139
33600 21.1525
33610 21.1615
33620 21.1657
33630 21.1678
33640 21.1736
33650 21.1822
33660 21.1884
33670 21.1919
33680 21.1932
33690 21.1896
33700 21.1813
33710 21.1719
33720 21.1659
33730 21.1664
33740 21.1737
33750 21.1866
33760 21.2039
33770 21.2226
33780 21.2365
33790 21.2469
33800 21.2608
33810 21.2793
33820 21.2993
33830 21.3171
33840 21.3322
33850 21.3464
33860 21.3617
33870 21.3791
33880 21.3992
33890 21.4212
33900 21.4434
33910 21.4667
33920 21.4921
33930 21.5185
33940 21.5463
33950 21.5778
33960 21.6123
33970 21.6447
33980 21.6717
33990 21.6909
34000 21.7027
34010 21.713
34020 21.7277
34030 21.7463
34040 21.7656
34050 21.7864
34060 21.809
34070 21.8319
34080 21.8554
34090 21.8775
34100 21.8947
34110 21.9066
34120 21.9123
34130 21.9109
34140 21.9087
34150 21.9115
34160 21.9177
34170 21.9231
34180 21.9261
34190 21.927
34200 21.9225
34210 21.9114
34220 21.8961
34230 21.8832
34240 21.8796
34250 21.8892
34260 21.9118
34270 21.9437
34280 21.9786
34290 22.0068
34300 22.0198
34310 22.0204
34320 22.0178
34330 22.0165
34340 22.0146
34350 22.0072
34360 21.9929
34370 21.9736
34380 21.9563
34390 21.9519
34400 21.9626
34410 21.9779
34420 21.9894
34430 21.9945
34440 21.9914
34450 21.9764
34460 21.9496
34470 21.9174
34480 21.886
34490 21.8589
34500 21.8399
34510 21.8292
34520 21.8222
34530 21.8204
34540 21.8276
34550 21.8428
34560 21.8622
34570 21.8791
34580 21.8879
34590 21.8882
34600 21.8835
34610 21.8771
34620 21.8708
34630 21.8666
34640 21.8631
34650 21.8604
34660 21.8637
34670 21.8798
34680 21.909
34690 21.9421
34700 21.9702
34710 21.9931
34720 22.0144
34730 22.0359
34740 22.0585
34750 22.0804
34760 22.0931
34770 22.0886
34780 22.0677
34790 22.0337
34800 21.9884
34810 21.9397
34820 21.8977
34830 21.8682
34840 21.8512
34850 21.8444
34860 21.8447
34870 21.8473
34880 21.8463
34890 21.836
34900 21.811
34910 21.7683
34920 21.7118
34930 21.6507
34940 21.5947
34950 21.55
34960 21.5193
34970 21.5014
34980 21.4933
34990 21.4943
35000 21.504
35010 21.5168
35020 21.5237
35030 21.5218
35040 21.5155
35050 21.5083
35060 21.5028
35070 21.501
35080 21.5028
35090 21.5084
35100 21.5194
35110 21.532
35120 21.5391
35130 21.5415
35140 21.5457
35150 21.5532
35160 21.5615
35170 21.5723
35180 21.5899
35190 21.6158
35200 21.6489
35210 21.6877
35220 21.7298
35230 21.7716
35240 21.8128
35250 21.8552
35260 21.9016
35270 21.9553
35280 22.0198
35290 22.0924
35300 22.1611
35310 22.2158
35320 22.2564
35330 22.286
35340 22.3017
35350 22.3007
35360 22.2861
35370 22.2612
35380 22.2259
35390 22.1866
35400 22.1545
35410 22.1332
35420 22.1169
35430 22.1001
35440 22.0817
35450 22.0638
35460 22.0496
35470 22.0407
35480 22.0405
35490 22.0522
35500 22.0736
35510 22.1011
35520 22.1318
35530 22.1627
35540 22.1914
35550 22.2212
35560 22.2594
35570 22.306
35580 22.3564
35590 22.4048
35600 22.4434
35610 22.4655
35620 22.4723
35630 22.4741
35640 22.4826
35650 22.5042
35660 22.5383
35670 22.5787
35680 22.6198
35690 22.6594
35700 22.697
35710 22.7312
35720 22.7628
35730 22.7948
35740 22.827
35750 22.8577
35760 22.8861
35770 22.9101
35780 22.9275
35790 22.9414
35800 22.9552
35810 22.9633
35820 22.9601
35830 22.954
35840 22.9577
35850 22.9699
35860 22.981
35870 22.9882
35880 22.9949
35890 23.0031
35900 23.0142
35910 23.0323
35920 23.0557
35930 23.0768
35940 23.0943
35950 23.1083
35960 23.1155
35970 23.1162
35980 23.1138
35990 23.1082
36000 23.097
36010 23.082
36020 23.0665
36030 23.0504
36040 23.0361
36050 23.029
36060 23.0286
36070 23.0269
36080 23.0215
36090 23.0177
36100 23.0188
36110 23.0225
36120 23.0261
36130 23.0298
36140 23.0346
36150 23.0407
36160 23.0471
36170 23.0556
36180 23.0711
36190 23.0952
36200 23.124
36210 23.154
36220 23.1865
36230 23.2233
36240 23.2621
36250 23.2978
36260 23.3277
36270 23.3523
36280 23.3722
36290 23.3893
36300 23.4085
36310 23.4334
36320 23.4665
36330 23.5064
36340 23.548
36350 23.5889
36360 23.6263
36370 23.6554
36380 23.6766
36390 23.693
36400 23.703
36410 23.7023
36420 23.6896
36430 23.6654
36440 23.634
36450 23.6047
36460 23.5847
36470 23.5748
36480 23.5705
36490 23.5682
36500 23.566
36510 23.5614
36520 23.5548
36530 23.5528
36540 23.5584
36550 23.5653
36560 23.5679
36570 23.5639
36580 23.5503
36590 23.5303
36600 23.5115
36610 23.5007
36620 23.4998
36630 23.5068
36640 23.5212
36650 23.5432
36660 23.5715
36670 23.6045
36680 23.64
36690 23.6772
36700 23.7152
36710 23.7502
36720 23.7805
36730 23.8065
36740 23.8263
36750 23.8392
36760 23.8503
36770 23.8678
36780 23.8953
36790 23.9316
36800 23.9764
36810 24.0269
36820 24.0736
36830 24.111
36840 24.1418
36850 24.1691
36860 24.1952
36870 24.2216
36880 24.2445
36890 24.2553
36900 24.2493
36910 24.2317
36920 24.2124
36930 24.1937
36940 24.1759
36950 24.1648
36960 24.1647
36970 24.1725
36980 24.1836
36990 24.1944
37000 24.2018
37010 24.2075
37020 24.2158
37030 24.2236
37040 24.2288
37050 24.2349
37060 24.2401
37070 24.2431
37080 24.2533
37090 24.2786
37100 24.3144
37110 24.3501
37120 24.3799
37130 24.3996
37140 24.406
37150 24.4011
37160 24.3891
37170 24.3721
37180 24.3536
37190 24.3362
37200 24.3184
37210 24.3001
37220 24.2832
37230 24.2661
37240 24.2511
37250 24.2451
37260 24.2481
37270 24.2534
37280 24.2579
37290 24.2611
37300 24.2598
37310 24.2514
37320 24.236
37330 24.2169
37340 24.2005
37350 24.1909
37360 24.1911
37370 24.204
37380 24.2247
37390 24.2471
37400 24.2731
37410 24.3018
37420 24.3239
37430 24.3344
37440 24.3385
37450 24.3397
37460 24.3357
37470 24.3243
37480 24.3058
37490 24.2813
37500 24.2509
37510 24.2106
37520 24.1576
37530 24.0998
37540 24.0496
37550 24.0115
37560 23.983
37570 23.9635
37580 23.9567
37590 23.9679
37600 23.9994
37610 24.0471
37620 24.1006
37630 24.1531
37640 24.2046
37650 24.2513
37660 24.2814
37670 24.291
37680 24.2914
37690 24.2943
37700 24.3002
37710 24.3061
37720 24.3127
37730 24.3221
37740 24.3374
37750 24.3563
37760 24.3728
37770 24.3818
37780 24.3818
37790 24.3718
37800 24.3537
37810 24.3362
37820 24.3251
37830 24.3167
37840 24.3063
37850 24.2968
37860 24.2948
37870 24.2983
37880 24.2982
37890 24.2933
37900 24.291
37910 24.2947
37920 24.3015
37930 24.3056
37940 24.3031
37950 24.2971
37960 24.2957
37970 24.3044
37980 24.3213
37990 24.3409
38000 24.3602
38010 24.38
38020 24.3998
38030 24.4141
38040 24.417
38050 24.4093
38060 24.3966
38070 24.3823
38080 24.3697
38090 24.3634
38100 24.365
38110 24.3721
38120 24.3836
38130 24.4007
38140 24.425
38150 24.457
38160 24.4942
38170 24.5347
38180 24.578
38190 24.6222
38200 24.664
38210 24.7012
38220 24.7303
38230 24.7472
38240 24.754
38250 24.7569
38260 24.7592
38270 24.7594
38280 24.7535
38290 24.7404
38300 24.7265
38310 24.7218
38320 24.7292
38330 24.7427
38340 24.7558
38350 24.7686
38360 24.7845
38370 24.8017
38380 24.8182
38390 24.8348
38400 24.847
38410 24.8451
38420 24.8242
38430 24.7857
38440 24.7334
38450 24.6749
38460 24.6205
38470 24.579
38480 24.5538
38490 24.5449
38500 24.5489
38510 24.5606
38520 24.5769
38530 24.5977
38540 24.6255
38550 24.6577
38560 24.6855
38570 24.7026
38580 24.7088
38590 24.7089
38600 24.708
38610 24.7073
38620 24.7077
38630 24.7154
38640 24.7335
38650 24.7606
38660 24.7954
38670 24.8313
38680 24.8619
38690 24.8899
38700 24.919
38710 24.9441
38720 24.9573
38730 24.9557
38740 24.9416
38750 24.9193
38760 24.8922
38770 24.8631
38780 24.8364
38790 24.8147
38800 24.7955
38810 24.7837
38820 24.7875
38830 24.8029
38840 24.8194
38850 24.8337
38860 24.8473
38870 24.8601
38880 24.8736
38890 24.8884
38900 24.9041
38910 24.9176
38920 24.9238
38930 24.9211
38940 24.9134
38950 24.9061
38960 24.9046
38970 24.9121
38980 24.9238
38990 24.9322
39000 24.9419
39010 24.9625
39020 24.9902
39030 25.0141
39040 25.033
39050 25.0468
39060 25.0508
39070 25.0467
39080 25.0463
39090 25.0571
39100 25.0805
39110 25.1145
39120 25.1552
39130 25.1961
39140 25.2356
39150 25.2759
39160 25.3196
39170 25.3686
39180 25.4214
39190 25.4735
39200 25.5197
39210 25.553
39220 25.5693
39230 25.5699
39240 25.5567
39250 25.5277
39260 25.4838
39270 25.436
39280 25.3973
39290 25.3715
39300 25.3589
39310 25.3612
39320 25.3759
39330 25.3945
39340 25.4145
39350 25.4396
39360 25.4697
39370 25.5015
39380 25.5374
39390 25.5819
39400 25.6289
39410 25.6711
39420 25.7093
39430 25.7425
39440 25.7621
39450 25.7641
39460 25.7536
39470 25.7381
39480 25.7215
39490 25.7053
39500 25.6914
39510 25.681
39520 25.675
39530 25.6715
39540 25.6682
39550 25.6611
39560 25.6487
39570 25.6348
39580 25.6216
39590 25.6068
39600 25.595
39610 25.5921
39620 25.5955
39630 25.6015
39640 25.6128
39650 25.6292
39660 25.6456
39670 25.6597
39680 25.6713
39690 25.6763
39700 25.6713
39710 25.6564
39720 25.6333
39730 25.6043
39740 25.5707
39750 25.5355
39760 25.5045
39770 25.4824
39780 25.4675
39790 25.4572
39800 25.4526
39810 25.4498
39820 25.441
39830 25.4239
39840 25.4015
39850 25.3783
39860 25.3576
39870 25.3418
39880 25.3303
39890 25.318
39900 25.3022
39910 25.2864
39920 25.2767
39930 25.2728
39940 25.2685
39950 25.2632
39960 25.2663
39970 25.2823
39980 25.3068
39990 25.336
40000 25.3678
40010 25.3982
40020 25.4223
40030 25.4403
40040 25.4599
40050 25.4874
40060 25.5256
40070 25.5755
40080 25.6328
40090 25.6895
40100 25.738
40110 25.7756
40120 25.7986
40130 25.8009
40140 25.7805
40150 25.7446
40160 25.7077
40170 25.6818
40180 25.6697
40190 25.6693
40200 25.6798
40210 25.7009
40220 25.7278
40230 25.7563
40240 25.7871
40250 25.818
40260 25.8401
40270 25.8504
40280 25.8519
40290 25.8488
40300 25.8445
40310 25.8424
40320 25.84
40330 25.8302
40340 25.8122
40350 25.7889
40360 25.7586
40370 25.7176
40380 25.666
40390 25.6079
40400 25.5508
40410 25.503
40420 25.4669
40430 25.4367
40440 25.4072
40450 25.3774
40460 25.3445
40470 25.3053
40480 25.2649
40490 25.2341
40500 25.2214
40510 25.2282
40520 25.2459
40530 25.2651
40540 25.2849
40550 25.3064
40560 25.3252
40570 25.3385
40580 25.3482
40590 25.3568
40600 25.3644
40610 25.3677
40620 25.3635
40630 25.3544
40640 25.3478
40650 25.3467
40660 25.3521
40670 25.3667
40680 25.3895
40690 25.4154
40700 25.4423
40710 25.4696
40720 25.499
40730 25.5382
40740 25.5917
40750 25.6505
40760 25.7
40770 25.7329
40780 25.7521
40790 25.763
40800 25.7678
40810 25.7663
40820 25.7567
40830 25.7398
40840 25.7163
40850 25.6809
40860 25.6276
40870 25.5603
40880 25.4887
40890 25.4194
40900 25.3583
40910 25.3134
40920 25.2862
40930 25.2717
40940 25.268
40950 25.275
40960 25.2861
40970 25.2952
40980 25.3039
40990 25.3171
41000 25.3345
41010 25.3536
41020 25.3734
41030 25.3935
41040 25.4123
41050 25.4292
41060 25.4463
41070 25.4621
41080 25.4736
41090 25.4802
41100 25.48
41110 25.4718
41120 25.4588
41130 25.446
41140 25.4344
41150 25.4237
41160 25.4195
41170 25.4273
41180 25.4462
41190 25.4724
41200 25.5033
41210 25.5326
41220 25.5522
41230 25.5574
41240 25.5469
41250 25.5244
41260 25.4991
41270 25.479
41280 25.4664
41290 25.4617
41300 25.4683
41310 25.4856
41320 25.5022
41330 25.5093
41340 25.5112
41350 25.514
41360 25.5162
41370 25.5159
41380 25.5121
41390 25.4997
41400 25.4751
41410 25.4454
41420 25.4176
41430 25.3907
41440 25.3647
41450 25.3443
41460 25.333
41470 25.3269
41480 25.3183
41490 25.3014
41500 25.2742
41510 25.2389
41520 25.1986
41530 25.1575
41540 25.1221
41550 25.0936
41560 25.0667
41570 25.0364
41580 25.0042
41590 24.9738
41600 24.9481
41610 24.9307
41620 24.923
41630 24.9244
41640 24.9325
41650 24.9414
41660 24.9465
41670 24.9495
41680 24.9509
41690 24.9478
41700 24.9408
41710 24.9309
41720 24.9166
41730 24.9011
41740 24.89
41750 24.8855
41760 24.8927
41770 24.9145
41780 24.9412
41790 24.9615
41800 24.9761
41810 24.9901
41820 25.0066
41830 25.0293
41840 25.0594
41850 25.0974
41860 25.1452
41870 25.1987
41880 25.2492
41890 25.2925
41900 25.3282
41910 25.3544
41920 25.3719
41930 25.3849
41940 25.3954
41950 25.4039
41960 25.4119
41970 25.42
41980 25.4282
41990 25.438
42000 25.4494
42010 25.4591
42020 25.4628
42030 25.4621
42040 25.4622
42050 25.4607
42060 25.4511
42070 25.4344
42080 25.417
42090 25.4039
42100 25.3959
42110 25.3917
42120 25.3894
42130 25.3878
42140 25.383
42150 25.3703
42160 25.3506
42170 25.3349
42180 25.3357
42190 25.3586
42200 25.3992
42210 25.4513
42220 25.5106
42230 25.5703
42240 25.6235
42250 25.6669
42260 25.6995
42270 25.7187
42280 25.7242
42290 25.7244
42300 25.7256
42310 25.7244
42320 25.7196
42330 25.7125
42340 25.7015
42350 25.6858
42360 25.6681
42370 25.6468
42380 25.616
42390 25.5748
42400 25.5297
42410 25.4888
42420 25.4561
42430 25.4265
42440 25.3965
42450 25.3716
42460 25.3578
42470 25.3561
42480 25.363
42490 25.3726
42500 25.3801
42510 25.3868
42520 25.396
42530 25.4057
42540 25.4134
42550 25.4183
42560 25.4149
42570 25.395
42580 25.3612
42590 25.3269
42600 25.3042
42610 25.2976
42620 25.3065
42630 25.3286
42640 25.3602
42650 25.3978
42660 25.4366
42670 25.4715
42680 25.4977
42690 25.515
42700 25.5247
42710 25.527
42720 25.5293
42730 25.54
42740 25.5556
42750 25.5649
42760 25.563
42770 25.5512
42780 25.5338
42790 25.5178
42800 25.5092
42810 25.5123
42820 25.5267
42830 25.5489
42840 25.5769
42850 25.6109
42860 25.6495
42870 25.6879
42880 25.722
42890 25.7512
42900 25.7758
42910 25.7972
42920 25.8159
42930 25.8297
42940 25.8349
42950 25.8305
42960 25.8179
42970 25.8006
42980 25.7834
42990 25.7694
43000 25.7608
43010 25.7592
43020 25.765
43030 25.7745
43040 25.7841
43050 25.7936
43060 25.8007
43070 25.8011
43080 25.7913
43090 25.7697
43100 25.7434
43110 25.7192
43120 25.6956
43130 25.6741
43140 25.6633
43150 25.6634
43160 25.6676
43170 25.6737
43180 25.6802
43190 25.6863
43200 25.6914
43210 25.6917
43220 25.6867
43230 25.6815
43240 25.6843
43250 25.6982
43260 25.7158
43270 25.7273
43280 25.7271
43290 25.7151
43300 25.6941
43310 25.6645
43320 25.6219
43330 25.564
43340 25.4986
43350 25.4423
43360 25.4108
43370 25.4071
43380 25.4213
43390 25.4397
43400 25.4532
43410 25.4582
43420 25.4583
43430 25.4588
43440 25.4604
43450 25.4615
43460 25.4655
43470 25.4772
43480 25.4944
43490 25.5131
43500 25.5328
43510 25.5538
43520 25.5798
43530 25.6167
43540 25.6623
43550 25.7062
43560 25.744
43570 25.7761
43580 25.7997
43590 25.8121
43600 25.8181
43610 25.8213
43620 25.8168
43630 25.8039
43640 25.7872
43650 25.7679
43660 25.7439
43670 25.7179
43680 25.6989
43690 25.6919
43700 25.698
43710 25.7165
43720 25.7437
43730 25.7749
43740 25.8051
43750 25.8273
43760 25.8349
43770 25.8251
43780 25.8028
43790 25.7725
43800 25.7329
43810 25.6841
43820 25.6363
43830 25.6034
43840 25.5885
43850 25.5853
43860 25.5907
43870 25.5996
43880 25.6045
43890 25.6055
43900 25.6039
43910 25.5995
43920 25.5976
43930 25.6014
43940 25.6079
43950 25.6163
43960 25.6262
43970 25.6322
43980 25.6333
43990 25.6341
44000 25.6362
44010 25.6367
44020 25.6315
44030 25.6183
44040 25.5998
44050 25.5827
44060 25.5715
44070 25.5686
44080 25.5747
44090 25.5857
44100 25.5991
44110 25.6146
44120 25.6311
44130 25.6461
44140 25.6619
44150 25.6829
44160 25.7073
44170 25.7345
44180 25.7714
44190 25.8169
44200 25.859
44210 25.8898
44220 25.9113
44230 25.9285
44240 25.9455
44250 25.9667
44260 25.9946
44270 26.0266
44280 26.0581
44290 26.0872
44300 26.1114
44310 26.1256
44320 26.1232
44330 26.1022
44340 26.0687
44350 26.0305
44360 25.9897
44370 25.9448
44380 25.8982
44390 25.8557
44400 25.8248
44410 25.8114
44420 25.8166
44430 25.8405
44440 25.88
44450 25.9254
44460 25.9683
44470 26.007
44480 26.0416
44490 26.0729
44500 26.1056
44510 26.1455
44520 26.1952
44530 26.2514
44540 26.308
44550 26.3604
44560 26.4089
44570 26.4591
44580 26.5128
44590 26.563
44600 26.5999
44610 26.6204
44620 26.6313
44630 26.6402
44640 26.6456
44650 26.6451
44660 26.6463
44670 26.6566
44680 26.674
44690 26.695
44700 26.7195
44710 26.7477
44720 26.7804
44730 26.8207
44740 26.8632
44750 26.894
44760 26.9107
44770 26.915
44780 26.9059
44790 26.8892
44800 26.8754
44810 26.8685
44820 26.866
44830 26.8632
44840 26.8556
44850 26.8424
44860 26.8247
44870 26.8024
44880 26.777
44890 26.7537
44900 26.7357
44910 26.7261
44920 26.7298
44930 26.7478
44940 26.7733
44950 26.8001
44960 26.8305
44970 26.8667
44980 26.9047
44990 26.936
45000 26.9533
45010 26.9531
45020 26.9368
45030 26.9094
45040 26.8779
45050 26.8512
45060 26.8355
45070 26.8297
45080 26.8275
45090 26.8255
45100 26.8275
45110 26.8392
45120 26.8609
45130 26.8873
45140 26.9149
45150 26.9434
45160 26.9714
45170 26.9988
45180 27.0274
45190 27.0572
45200 27.0854
45210 27.1099
45220 27.1313
45230 27.1512
45240 27.168
45250 27.1791
45260 27.1852
45270 27.1885
45280 27.1945
45290 27.2116
45300 27.2422
45310 27.279
45320 27.3127
45330 27.3367
45340 27.352
45350 27.3652
45360 27.3788
45370 27.3957
45380 27.4197
45390 27.447
45400 27.4732
45410 27.4983
45420 27.5167
45430 27.5202
45440 27.5086
45450 27.4859
45460 27.4515
45470 27.4084
45480 27.3698
45490 27.3485
45500 27.3502
45510 27.3705
45520 27.3993
45530 27.4268
45540 27.4468
45550 27.4615
45560 27.4798
45570 27.5092
45580 27.5467
45590 27.583
45600 27.6127
45610 27.6403
45620 27.6753
45630 27.7139
45640 27.7482
45650 27.7797
45660 27.8091
45670 27.8316
45680 27.8437
45690 27.8467
45700 27.8459
45710 27.8444
45720 27.8416
45730 27.8338
45740 27.8155
45750 27.7857
45760 27.7482
45770 27.7044
45780 27.6567
45790 27.6148
45800 27.5871
45810 27.5717
45820 27.5644
45830 27.564
45840 27.5642
45850 27.5587
45860 27.5493
45870 27.5437
45880 27.5498
45890 27.5693
45900 27.5936
45910 27.6104
45920 27.6153
45930 27.6138
45940 27.6098
45950 27.6014
45960 27.5891
45970 27.5773
45980 27.5692
45990 27.5661
46000 27.568
46010 27.5766
46020 27.5898
46030 27.6014
46040 27.6111
46050 27.6211
46060 27.6318
46070 27.641
46080 27.6484
46090 27.6523
46100 27.6527
46110 27.6529
46120 27.6569
46130 27.6688
46140 27.6901
46150 27.7185
46160 27.749
46170 27.7791
46180 27.8073
46190 27.8313
46200 27.8547
46210 27.8799
46220 27.9014
46230 27.9148
46240 27.9258
46250 27.9433
46260 27.9714
46270 28.0087
46280 28.0521
46290 28.0994
46300 28.1471
46310 28.1905
46320 28.2237
46330 28.2415
46340 28.243
46350 28.2344
46360 28.2214
46370 28.2079
46380 28.198
46390 28.1964
46400 28.2033
46410 28.2151
46420 28.2307
46430 28.252
46440 28.2774
46450 28.298
46460 28.3041
46470 28.2901
46480 28.2543
46490 28.197
46500 28.1244
46510 28.0573
46520 28.014
46530 27.9949
46540 27.9959
46550 28.0169
46560 28.0503
46570 28.0853
46580 28.1181
46590 28.1455
46600 28.1641
46610 28.1748
46620 28.1815
46630 28.1848
46640 28.1868
46650 28.1942
46660 28.212
46670 28.2399
46680 28.2748
46690 28.3127
46700 28.3507
46710 28.3874
46720 28.4223
46730 28.4556
46740 28.485
46750 28.5089
46760 28.5305
46770 28.5551
46780 28.5799
46790 28.5994
46800 28.6147
46810 28.6277
46820 28.6347
46830 28.6327
46840 28.6217
46850 28.604
46860 28.5821
46870 28.5591
46880 28.5363
46890 28.5147
46900 28.5
46910 28.5007
46920 28.5241
46930 28.5684
46940 28.6232
46950 28.6778
46960 28.7247
46970 28.7613
46980 28.7881
46990 28.8038
47000 28.805
47010 28.792
47020 28.7706
47030 28.7504
47040 28.7398
47050 28.7364
47060 28.7382
47070 28.7447
47080 28.7502
47090 28.7487
47100 28.7404
47110 28.7292
47120 28.7197
47130 28.7138
47140 28.7119
47150 28.7162
47160 28.732
47170 28.762
47180 28.8009
47190 28.8436
47200 28.889
47210 28.934
47220 28.9731
47230 29.0027
47240 29.0217
47250 29.0327
47260 29.0411
47270 29.05
47280 29.0602
47290 29.076
47300 29.1025
47310 29.1376
47320 29.175
47330 29.2108
47340 29.245
47350 29.2794
47360 29.3136
47370 29.3428
47380 29.3663
47390 29.3904
47400 29.419
47410 29.4537
47420 29.4941
47430 29.5355
47440 29.5723
47450 29.6037
47460 29.6283
47470 29.6445
47480 29.654
47490 29.6576
47500 29.6562
47510 29.6511
47520 29.6447
47530 29.6417
47540 29.643
47550 29.6478
47560 29.6572
47570 29.6702
47580 29.6798
47590 29.6781
47600 29.6658
47610 29.6502
47620 29.64
47630 29.6404
47640 29.6475
47650 29.6563
47660 29.6683
47670 29.6846
47680 29.7008
47690 29.7107
47700 29.712
47710 29.7093
47720 29.709
47730 29.7142
47740 29.7224
47750 29.7264
47760 29.7199
47770 29.7042
47780 29.6906
47790 29.6898
47800 29.6964
47810 29.6973
47820 29.6893
47830 29.6787
47840 29.6661
47850 29.6475
47860 29.6243
47870 29.6015
47880 29.5835
47890 29.573
47900 29.5716
47910 29.5792
47920 29.5953
47930 29.6181
47940 29.6439
47950 29.6702
47960 29.6936
47970 29.7109
47980 29.7215
47990 29.7246
48000 29.7196
48010 29.7124
48020 29.7108
48030 29.7114
48040 29.7103
48050 29.7083
48060 29.7062
48070 29.7039
48080 29.7053
48090 29.7091
48100 29.7111
48110 29.7169
48120 29.7329
48130 29.7556
48140 29.7816
48150 29.8146
48160 29.8566
48170 29.9029
48180 29.9473
48190 29.9897
48200 30.0372
48210 30.0976
48220 30.17
48230 30.243
48240 30.3077
48250 30.3639
48260 30.4103
48270 30.4403
48280 30.4514
48290 30.4507
48300 30.4487
48310 30.4527
48320 30.4649
48330 30.4836
48340 30.5071
48350 30.5339
48360 30.5574
48370 30.5694
48380 30.5679
48390 30.5604
48400 30.5544
48410 30.5504
48420 30.5439
48430 30.5355
48440 30.5316
48450 30.534
48460 30.5352
48470 30.5303
48480 30.5198
48490 30.5023
48500 30.4788
48510 30.4552
48520 30.4353
48530 30.4202
48540 30.4114
48550 30.4069
48560 30.4003
48570 30.3871
48580 30.366
48590 30.3364
48600 30.2976
48610 30.2513
48620 30.2055
48630 30.1699
48640 30.1503
48650 30.1499
48660 30.1657
48670 30.1879
48680 30.2089
48690 30.2258
48700 30.2386
48710 30.2518
48720 30.2734
48730 30.3111
48740 30.3688
48750 30.4419
48760 30.5198
48770 30.5916
48780 30.6503
48790 30.6919
48800 30.7138
48810 30.7213
48820 30.7248
48830 30.7314
48840 30.7454
48850 30.7688
48860 30.7957
48870 30.8164
48880 30.8289
48890 30.8385
48900 30.8478
48910 30.8585
48920 30.8752
48930 30.8991
48940 30.9247
48950 30.9446
48960 30.9555
48970 30.9565
48980 30.9471
48990 30.926
49000 30.8925
49010 30.8486
49020 30.8003
49030 30.7541
49040 30.7141
49050 30.6806
49060 30.6575
49070 30.6515
49080 30.6613
49090 30.6808
49100 30.7045
49110 30.728
49120 30.7474
49130 30.7591
49140 30.7583
49150 30.7421
49160 30.715
49170 30.6868
49180 30.666
49190 30.6559
49200 30.6523
49210 30.6499
49220 30.6499
49230 30.6582
49240 30.6772
49250 30.7017
49260 30.7286
49270 30.7593
49280 30.7957
49290 30.8392
49300 30.8891
49310 30.9399
49320 30.984
49330 31.0187
49340 31.0457
49350 31.0605
49360 31.0594
49370 31.0491
49380 31.0391
49390 31.0332
49400 31.0316
49410 31.0361
49420 31.0503
49430 31.0711
49440 31.0877
49450 31.0918
49460 31.0826
49470 31.0636
49480 31.0424
49490 31.0285
49500 31.0245
49510 31.0271
49520 31.0352
49530 31.0527
49540 31.0856
49550 31.1369
49560 31.2
49570 31.2637
49580 31.3214
49590 31.3727
49600 31.4175
49610 31.4526
49620 31.4768
49630 31.4957
49640 31.5186
49650 31.5478
49660 31.5757
49670 31.5977
49680 31.6171
49690 31.6367
49700 31.6535
49710 31.6636
49720 31.6681
49730 31.6685
49740 31.6667
49750 31.6645
49760 31.662
49770 31.6596
49780 31.6568
49790 31.6551
49800 31.6602
49810 31.6771
49820 31.7022
49830 31.7269
49840 31.7476
49850 31.7662
49860 31.7822
49870 31.7925
49880 31.7984
49890 31.8037
49900 31.8038
49910 31.7948
49920 31.7793
49930 31.7634
49940 31.752
49950 31.7433
49960 31.7311
49970 31.7155
49980 31.7021
49990 31.6931
50000 31.6859
50010 31.6806
50020 31.6816
50030 31.6899
50040 31.7029
50050 31.722
50060 31.7513
50070 31.7896
50080 31.8295
50090 31.8684
50100 31.912
50110 31.9613
50120 32.0067
50130 32.0416
50140 32.0682
50150 32.0896
50160 32.1061
50170 32.123
50180 32.1503
50190 32.191
50200 32.2425
50210 32.2994
50220 32.3526
50230 32.3959
50240 32.4286
50250 32.4556
50260 32.4832
50270 32.5097
50280 32.5308
50290 32.5463
50300 32.5574
50310 32.5659
50320 32.5756
50330 32.5897
50340 32.6074
50350 32.6265
50360 32.647
50370 32.6703
50380 32.6941
50390 32.7119
50400 32.7228
50410 32.7325
50420 32.7419
50430 32.7465
50440 32.7449
50450 32.7382
50460 32.7249
50470 32.7114
50480 32.7129
50490 32.7358
50500 32.7752
50510 32.8253
50520 32.8758
50530 32.9119
50540 32.9293
50550 32.9332
50560 32.9231
50570 32.8946
50580 32.8488
50590 32.795
50600 32.7457
50610 32.7083
50620 32.6787
50630 32.6497
50640 32.6227
50650 32.6023
50660 32.5847
50670 32.5633
50680 32.5391
50690 32.5172
50700 32.4973
50710 32.4782
50720 32.466
50730 32.4696
50740 32.4916
50750 32.5258
50760 32.5577
50770 32.5766
50780 32.5826
50790 32.5816
50800 32.5795
50810 32.5803
50820 32.5867
50830 32.6028
50840 32.6323
50850 32.6749
50860 32.7272
50870 32.7838
50880 32.8361
50890 32.8769
50900 32.9053
50910 32.925
50920 32.9401
50930 32.9541
50940 32.9723
50950 32.9953
50960 33.0192
50970 33.0476
50980 33.0861
50990 33.1293
51000 33.1618
51010 33.1765
51020 33.1785
51030 33.172
51040 33.1576
51050 33.1406
51060 33.1271
51070 33.1135
51080 33.0979
51090 33.0849
51100 33.0772
51110 33.0762
51120 33.0821
51130 33.0869
51140 33.0821
51150 33.067
51160 33.0464
51170 33.0287
51180 33.0169
51190 33.0061
51200 32.9932
51210 32.9817
51220 32.9758
51230 32.979
51240 32.9894
51250 33.0034
51260 33.0179
51270 33.0252
51280 33.0192
51290 33.0021
51300 32.9814
51310 32.9595
51320 32.9369
51330 32.9144
51340 32.8928
51350 32.8773
51360 32.8699
51370 32.8676
51380 32.8657
51390 32.8618
51400 32.8571
51410 32.8537
51420 32.8511
51430 32.8477
51440 32.8429
51450 32.8404
51460 32.8457
51470 32.8612
51480 32.8835
51490 32.9087
51500 32.9293
51510 32.9344
51520 32.9224
51530 32.9004
51540 32.8735
51550 32.846
51560 32.826
51570 32.8179
51580 32.8203
51590 32.8326
51600 32.8543
51610 32.8782
51620 32.9009
51630 32.9309
51640 32.9749
51650 33.0263
51660 33.0783
51670 33.1356
51680 33.1999
51690 33.262
51700 33.3086
51710 33.337
51720 33.3526
51730 33.3597
51740 33.3627
51750 33.3648
51760 33.3672
51770 33.37
51780 33.3712
51790 33.3657
51800 33.3477
51810 33.3196
51820 33.2882
51830 33.2561
51840 33.2238
51850 33.1961
51860 33.1739
51870 33.149
51880 33.1122
51890 33.0645
51900 33.0148
51910 32.9677
51920 32.9203
51930 32.8685
51940 32.8142
51950 32.7679
51960 32.742
51970 32.7404
51980 32.7586
51990 32.7891
52000 32.8258
52010 32.8637
52020 32.9002
52030 32.9293
52040 32.9423
52050 32.936
52060 32.9177
52070 32.8938
52080 32.8618
52090 32.8239
52100 32.7939
52110 32.7846
52120 32.7943
52130 32.8109
52140 32.8281
52150 32.8438
52160 32.8514
52170 32.8421
52180 32.8166
52190 32.7838
52200 32.7491
52210 32.7127
52220 32.6789
52230 32.6577
52240 32.656
52250 32.6688
52260 32.6882
52270 32.7093
52280 32.7317
52290 32.7589
52300 32.7948
52310 32.8347
52320 32.8661
52330 32.8825
52340 32.8891
52350 32.8901
52360 32.8828
52370 32.8666
52380 32.8467
52390 32.827
52400 32.8097
52410 32.7995
52420 32.8014
52430 32.816
52440 32.8341
52450 32.8444
52460 32.8444
52470 32.8372
52480 32.8233
52490 32.8008
52500 32.7706
52510 32.7349
52520 32.6933
52530 32.6529
52540 32.6327
52550 32.6429
52560 32.6757
52570 32.7199
52580 32.7703
52590 32.8207
52600 32.8607
52610 32.8857
52620 32.9044
52630 32.9231
52640 32.9348
52650 32.9351
52660 32.9291
52670 32.9185
52680 32.9041
52690 32.8882
52700 32.8704
52710 32.8508
52720 32.8348
52730 32.824
52740 32.8165
52750 32.8161
52760 32.8278
52770 32.8493
52780 32.8794
52790 32.9202
52800 32.9727
52810 33.0344
52820 33.0961
52830 33.1469
52840 33.182
52850 33.2067
52860 33.2293
52870 33.252
52880 33.2697
52890 33.2757
52900 33.2682
52910 33.2548
52920 33.2436
52930 33.2377
52940 33.2381
52950 33.2459
52960 33.2633
52970 33.287
52980 33.3097
52990 33.3304
53000 33.3529
53010 33.3807
53020 33.4157
53030 33.4553
53040 33.496
53050 33.5341
53060 33.564
53070 33.5822
53080 33.5926
53090 33.6036
53100 33.6204
53110 33.6426
53120 33.6694
53130 33.6993
53140 33.7259
53150 33.7446
53160 33.7548
53170 33.7564
53180 33.7528
53190 33.7492
53200 33.7466
53210 33.7472
53220 33.755
53230 33.7726
53240 33.798
53250 33.8234
53260 33.843
53270 33.8534
53280 33.8481
53290 33.8217
53300 33.7744
53310 33.7096
53320 33.6328
53330 33.5529
53340 33.4819
53350 33.4285
53360 33.3927
53370 33.3708
53380 33.3615
53390 33.3601
53400 33.3595
53410 33.3557
53420 33.3472
53430 33.337
53440 33.3302
53450 33.3274
53460 33.3293
53470 33.3393
53480 33.3538
53490 33.3683
53500 33.3868
53510 33.4125
53520 33.4426
53530 33.4776
53540 33.5248
53550 33.5853
53560 33.6532
53570 33.7275
53580 33.8027
53590 33.8649
53600 33.9103
53610 33.9494
53620 33.9872
53630 34.0151
53640 34.022
53650 34.0065
53660 33.9766
53670 33.9404
53680 33.8994
53690 33.852
53700 33.8002
53710 33.7504
53720 33.7093
53730 33.6824
53740 33.6724
53750 33.6769
53760 33.6912
53770 33.7085
53780 33.7224
53790 33.7297
53800 33.7302
53810 33.7264
53820 33.7175
53830 33.7009
53840 33.6803
53850 33.6626
53860 33.65
53870 33.6412
53880 33.6358
53890 33.6303
53900 33.6209
53910 33.6127
53920 33.614
53930 33.6288
53940 33.6597
53950 33.7069
53960 33.7634
53970 33.8233
53980 33.8894
53990 33.9612
54000 34.0287
54010 34.0811
54020 34.116
54030 34.1376
54040 34.1498
54050 34.1577
54060 34.1664
54070 34.1743
54080 34.1793
54090 34.1843
54100 34.1966
54110 34.2222
54120 34.2625
54130 34.3107
54140 34.358
54150 34.3987
54160 34.4328
54170 34.4634
54180 34.4917
54190 34.5139
54200 34.5243
54210 34.5213
54220 34.5046
54230 34.4735
54240 34.4376
54250 34.4093
54260 34.392
54270 34.3827
54280 34.3804
54290 34.3857
54300 34.3949
54310 34.4034
54320 34.4087
54330 34.4129
54340 34.4177
54350 34.4179
54360 34.4075
54370 34.386
54380 34.353
54390 34.3104
54400 34.2646
54410 34.2214
54420 34.1875
54430 34.1678
54440 34.1626
54450 34.1719
54460 34.1954
54470 34.2297
54480 34.2682
54490 34.3021
54500 34.3209
54510 34.3192
54520 34.303
54530 34.2817
54540 34.2638
54550 34.2568
54560 34.2619
54570 34.277
54580 34.2998
54590 34.3272
54600 34.3533
54610 34.3757
54620 34.4007
54630 34.4333
54640 34.4706
54650 34.5101
54660 34.5498
54670 34.5846
54680 34.6101
54690 34.6217
54700 34.62
54710 34.6139
54720 34.6115
54730 34.6182
54740 34.6349
54750 34.6554
54760 34.6727
54770 34.6885
54780 34.7073
54790 34.7291
54800 34.7484
54810 34.7595
54820 34.7612
54830 34.756
54840 34.7443
54850 34.7279
54860 34.715
54870 34.7134
54880 34.7227
54890 34.7365
54900 34.7499
54910 34.7605
54920 34.7661
54930 34.7653
54940 34.7616
54950 34.7603
54960 34.764
54970 34.7724
54980 34.7822
54990 34.7884
55000 34.7878
55010 34.7774
55020 34.7578
55030 34.7373
55040 34.726
55050 34.7292
55060 34.7436
55070 34.7615
55080 34.7792
55090 34.7953
55100 34.809
55110 34.8213
55120 34.8307
55130 34.8353
55140 34.8344
55150 34.8291
55160 34.821
55170 34.8089
55180 34.7934
55190 34.7763
55200 34.7561
55210 34.7336
55220 34.715
55230 34.7048
55240 34.7009
55250 34.7006
55260 34.7007
55270 34.6981
55280 34.694
55290 34.6904
55300 34.6871
55310 34.6812
55320 34.6699
55330 34.6553
55340 34.6488
55350 34.6587
55360 34.686
55370 34.7291
55380 34.7855
55390 34.8493
55400 34.9116
55410 34.9663
55420 35.0082
55430 35.0296
55440 35.0274
55450 35.0108
55460 34.993
55470 34.9817
55480 34.9783
55490 34.9836
55500 34.9978
55510 35.0203
55520 35.0477
55530 35.0752
55540 35.0962
55550 35.1065
55560 35.1082
55570 35.1062
55580 35.1
55590 35.0902
55600 35.0801
55610 35.0689
55620 35.0539
55630 35.0331
55640 35.0054
55650 34.9729
55660 34.939
55670 34.9051
55680 34.8749
55690 34.8478
55700 34.8169
55710 34.7752
55720 34.7184
55730 34.6461
55740 34.5638
55750 34.4839
55760 34.4178
55770 34.3711
55780 34.3444
55790 34.3361
55800 34.3416
55810 34.3526
55820 34.3639
55830 34.3749
55840 34.3849
55850 34.3956
55860 34.4107
55870 34.4323
55880 34.4561
55890 34.4755
55900 34.4863
55910 34.4917
55920 34.5003
55930 34.5155
55940 34.5315
55950 34.5377
55960 34.5249
55970 34.4934
55980 34.4528
55990 34.4095
56000 34.36
56010 34.3022
56020 34.244
56030 34.1968
56040 34.1661
56050 34.1525
56060 34.1518
56070 34.1597
56080 34.1751
56090 34.193
56100 34.207
56110 34.2187
56120 34.233
56130 34.2514
56140 34.2755
56150 34.3117
56160 34.3606
56170 34.4177
56180 34.4811
56190 34.5448
56200 34.6016
56210 34.6515
56220 34.6968
56230 34.7367
56240 34.7655
56250 34.778
56260 34.7776
56270 34.7673
56280 34.7469
56290 34.7211
56300 34.6992
56310 34.6893
56320 34.6903
56330 34.6913
56340 34.686
56350 34.6762
56360 34.6645
56370 34.6506
56380 34.6362
56390 34.6278
56400 34.6303
56410 34.6422
56420 34.6652
56430 34.702
56440 34.7477
56450 34.7956
56460 34.8436
56470 34.8937
56480 34.9464
56490 34.9974
56500 35.0427
56510 35.0815
56520 35.1131
56530 35.1405
56540 35.1704
56550 35.2053
56560 35.2456
56570 35.2981
56580 35.3637
56590 35.4315
56600 35.4909
56610 35.5443
56620 35.5948
56630 35.6412
56640 35.6858
56650 35.7293
56660 35.7638
56670 35.7811
56680 35.7829
56690 35.7777
56700 35.7691
56710 35.7586
56720 35.754
56730 35.7609
56740 35.7732
56750 35.7888
56760 35.8153
56770 35.8541
56780 35.8948
56790 35.9233
56800 35.9315
56810 35.9219
56820 35.9065
56830 35.8942
56840 35.8881
56850 35.8905
56860 35.9003
56870 35.9113
56880 35.9163
56890 35.9077
56900 35.8812
56910 35.838
56920 35.7812
56930 35.7202
56940 35.6704
56950 35.6421
56960 35.6357
56970 35.6461
56980 35.6697
56990 35.7067
57000 35.7554
57010 35.8102
57020 35.865
57030 35.916
57040 35.959
57050 35.9854
57060 35.9879
57070 35.97
57080 35.9446
57090 35.9226
57100 35.9106
57110 35.9147
57120 35.932
57130 35.9526
57140 35.9697
57150 35.9803
57160 35.98
57170 35.9664
57180 35.9431
57190 35.9143
57200 35.8858
57210 35.8657
57220 35.8595
57230 35.8676
57240 35.887
57250 35.917
57260 35.9583
57270 36.0102
57280 36.069
57290 36.127
57300 36.1748
57310 36.2049
57320 36.218
57330 36.2206
57340 36.2151
57350 36.2037
57360 36.1977
57370 36.2064
57380 36.2304
57390 36.2698
57400 36.3199
57410 36.3678
57420 36.401
57430 36.4146
57440 36.4116
57450 36.3977
57460 36.3796
57470 36.3635
57480 36.3566
57490 36.3677
57500 36.3967
57510 36.4333
57520 36.4649
57530 36.4848
57540 36.4892
57550 36.4795
57560 36.4601
57570 36.4347
57580 36.4063
57590 36.3813
57600 36.3595
57610 36.332
57620 36.2955
57630 36.257
57640 36.2231
57650 36.1962
57660 36.1777
57670 36.1687
57680 36.1665
57690 36.1644
57700 36.1629
57710 36.1694
57720 36.1852
57730 36.2063
57740 36.23
57750 36.2573
57760 36.2906
57770 36.3312
57780 36.3762
57790 36.4214
57800 36.4675
57810 36.5177
57820 36.5731
57830 36.6308
57840 36.6843
57850 36.7278
57860 36.7611
57870 36.7858
57880 36.7987
57890 36.7989
57900 36.7893
57910 36.7743
57920 36.757
57930 36.7383
57940 36.7193
57950 36.7049
57960 36.7047
57970 36.7221
57980 36.7473
57990 36.7663
58000 36.7696
58010 36.7555
58020 36.7313
58030 36.7092
58040 36.6998
58050 36.7047
58060 36.714
58070 36.7183
58080 36.7166
58090 36.7089
58100 36.6962
58110 36.6863
58120 36.6899
58130 36.7099
58140 36.7421
58150 36.7847
58160 36.8376
58170 36.8932
58180 36.9387
58190 36.9665
58200 36.9782
58210 36.9831
58220 36.9905
58230 37.003
58240 37.023
58250 37.0525
58260 37.0886
58270 37.1262
58280 37.1662
58290 37.2134
58300 37.2638
58310 37.3101
58320 37.3522
58330 37.3888
58340 37.4174
58350 37.4433
58360 37.4745
58370 37.5109
58380 37.5487
58390 37.5851
58400 37.6181
58410 37.649
58420 37.6779
58430 37.7043
58440 37.7332
58450 37.769
58460 37.808
58470 37.8434
58480 37.8706
58490 37.8884
58500 37.9027
58510 37.9182
58520 37.9324
58530 37.9415
58540 37.9446
58550 37.9403
58560 37.9306
58570 37.9207
58580 37.9131
58590 37.9042
58600 37.8857
58610 37.8581
58620 37.8308
58630 37.8092
58640 37.7926
58650 37.7805
58660 37.7777
58670 37.7875
58680 37.806
58690 37.8277
58700 37.8538
58710 37.89
58720 37.937
58730 37.9919
58740 38.0474
58750 38.0958
58760 38.1376
58770 38.1765
58780 38.2144
58790 38.2557
58800 38.3054
58810 38.36
58820 38.4166
58830 38.477
58840 38.5394
58850 38.6007
58860 38.6571
58870 38.7041
58880 38.744
58890 38.7893
58900 38.8473
58910 38.9126
58920 38.974
58930 39.0228
58940 39.057
58950 39.0831
58960 39.1076
58970 39.1296
58980 39.144
58990 39.1516
59000 39.1575
59010 39.1621
59020 39.1675
59030 39.1764
59040 39.1814
59050 39.1752
59060 39.1619
59070 39.1445
59080 39.1228
59090 39.1015
59100 39.0832
59110 39.0626
59120 39.0384
59130 39.0158
59140 38.9989
59150 38.9902
59160 38.9897
59170 38.9907
59180 38.9898
59190 38.9926
59200 39.0006
59210 39.0129
59220 39.024
59230 39.0277
59240 39.0273
59250 39.0311
59260 39.0432
59270 39.067
59280 39.103
59290 39.1435
59300 39.1774
59310 39.1998
59320 39.2143
59330 39.2274
59340 39.2454
59350 39.2736
59360 39.3071
59370 39.3344
59380 39.3531
59390 39.3671
59400 39.375
59410 39.3747
59420 39.3721
59430 39.3699
59440 39.3594
59450 39.3348
59460 39.3062
59470 39.2838
59480 39.2683
59490 39.2641
59500 39.2772
59510 39.3036
59520 39.3389
59530 39.3827
59540 39.4272
59550 39.4636
59560 39.491
59570 39.5098
59580 39.5147
59590 39.4991
59600 39.4641
59610 39.4218
59620 39.3898
59630 39.3768
59640 39.3805
59650 39.3996
59660 39.4289
59670 39.459
59680 39.4838
59690 39.4979
59700 39.5013
59710 39.5066
59720 39.5202
59730 39.5349
59740 39.547
59750 39.561
59760 39.5784
59770 39.5973
59780 39.6157
59790 39.629
59800 39.6355
59810 39.6398
59820 39.6419
59830 39.6393
59840 39.6305
59850 39.6151
59860 39.593
59870 39.5648
59880 39.5347
59890 39.5061
59900 39.4793
59910 39.4568
59920 39.44
59930 39.4266
59940 39.4182
59950 39.4173
59960 39.4174
59970 39.41
59980 39.3961
59990 39.3792
60000 39.3592
60010 39.3366
60020 39.3151
60030 39.295
60040 39.2765
60050 39.2658
60060 39.2723
60070 39.3012
60080 39.3485
60090 39.4015
60100 39.4475
60110 39.4807
60120 39.5018
60130 39.5176
60140 39.5345
60150 39.5529
60160 39.5698
60170 39.5789
60180 39.5734
60190 39.5575
60200 39.5404
60210 39.5253
60220 39.5122
60230 39.5017
60240 39.4957
60250 39.4987
60260 39.5096
60270 39.5183
60280 39.5137
60290 39.488
60300 39.4388
60310 39.3692
60320 39.285
60330 39.1928
60340 39.1032
60350 39.0266
60360 38.9677
60370 38.9262
60380 38.8984
60390 38.8787
60400 38.8632
60410 38.8525
60420 38.8545
60430 38.8766
60440 38.9181
60450 38.9746
60460 39.0406
60470 39.1119
60480 39.1818
60490 39.2428
60500 39.2861
60510 39.3064
60520 39.3119
60530 39.3182
60540 39.3306
60550 39.3475
60560 39.3687
60570 39.3934
60580 39.4193
60590 39.4438
60600 39.4637
60610 39.4784
60620 39.4882
60630 39.4951
60640 39.5064
60650 39.5264
60660 39.5492
60670 39.5697
60680 39.5881
60690 39.6036
60700 39.6127
60710 39.6137
60720 39.6092
60730 39.6087
60740 39.6196
60750 39.6374
60760 39.6509
60770 39.6537
60780 39.6447
60790 39.6256
60800 39.6001
60810 39.5735
60820 39.5479
60830 39.5224
60840 39.4978
60850 39.4744
60860 39.4521
60870 39.4295
60880 39.4045
60890 39.3748
60900 39.3425
60910 39.317
60920 39.3028
60930 39.2987
60940 39.3029
60950 39.3134
60960 39.3245
60970 39.332
60980 39.3366
60990 39.3397
61000 39.3414
61010 39.3398
61020 39.3359
61030 39.3334
61040 39.3349
61050 39.3442
61060 39.3635
61070 39.3967
61080 39.4464
61090 39.5101
61100 39.5789
61110 39.6425
61120 39.6947
61130 39.7351
61140 39.7657
61150 39.7939
61160 39.8282
61170 39.8646
61180 39.8914
61190 39.9083
61200 39.9264
61210 39.9508
61220 39.98
61230 40.009
61240 40.033
61250 40.0497
61260 40.0578
61270 40.0584
61280 40.0541
61290 40.0439
61300 40.0219
61310 39.9873
61320 39.9535
61330 39.9341
61340 39.9283
61350 39.9271
61360 39.9234
61370 39.9184
61380 39.9182
61390 39.9268
61400 39.9409
61410 39.9551
61420 39.9694
61430 39.9863
61440 40.0076
61450 40.0315
61460 40.0535
61470 40.0729
61480 40.0926
61490 40.1122
61500 40.1249
61510 40.1266
61520 40.1204
61530 40.1108
61540 40.1046
61550 40.1102
61560 40.1327
61570 40.1686
61580 40.2052
61590 40.2327
61600 40.2497
61610 40.2551
61620 40.2522
61630 40.2474
61640 40.2422
61650 40.2382
61660 40.243
61670 40.2618
61680 40.2866
61690 40.3081
61700 40.3248
61710 40.3361
61720 40.3385
61730 40.3238
61740 40.2867
61750 40.2357
61760 40.1825
61770 40.1287
61780 40.074
61790 40.0262
61800 39.9912
61810 39.9705
61820 39.9629
61830 39.9642
61840 39.9698
61850 39.9801
61860 39.9927
61870 40.008
61880 40.0273
61890 40.0445
61900 40.0543
61910 40.0616
61920 40.0733
61930 40.0915
61940 40.1132
61950 40.1338
61960 40.1512
61970 40.1678
61980 40.1842
61990 40.1975
62000 40.2095
62010 40.2283
62020 40.2549
62030 40.2833
62040 40.3079
62050 40.329
62060 40.3516
62070 40.383
62080 40.421
62090 40.4578
62100 40.4907
62110 40.5191
62120 40.5438
62130 40.5689
62140 40.5992
62150 40.6359
62160 40.6755
62170 40.717
62180 40.7618
62190 40.8038
62200 40.8281
62210 40.8228
62220 40.7906
62230 40.7459
62240 40.7052
62250 40.6778
62260 40.6634
62270 40.6555
62280 40.6549
62290 40.6669
62300 40.6888
62310 40.7159
62320 40.7516
62330 40.7969
62340 40.8418
62350 40.8825
62360 40.9263
62370 40.9734
62380 41.018
62390 41.0605
62400 41.098
62410 41.1237
62420 41.1377
62430 41.1473
62440 41.1582
62450 41.1742
62460 41.1989
62470 41.2298
62480 41.2579
62490 41.2812
62500 41.3001
62510 41.3092
62520 41.3087
62530 41.3075
62540 41.3063
62550 41.3001
62560 41.2927
62570 41.2924
62580 41.296
62590 41.2966
62600 41.2978
62610 41.3116
62620 41.3423
62630 41.3849
62640 41.4288
62650 41.4606
62660 41.4686
62670 41.4483
62680 41.407
62690 41.3536
62700 41.2944
62710 41.2378
62720 41.193
62730 41.1618
62740 41.1392
62750 41.1199
62760 41.0987
62770 41.0731
62780 41.0486
62790 41.0305
62800 41.018
62810 41.0141
62820 41.0313
62830 41.0739
62840 41.1289
62850 41.1889
62860 41.2613
62870 41.3528
62880 41.4538
62890 41.5471
62900 41.6205
62910 41.6659
62920 41.6815
62930 41.6774
62940 41.6674
62950 41.6633
62960 41.6746
62970 41.7055
62980 41.7561
62990 41.8246
63000 41.908
63010 41.9977
63020 42.0861
63030 42.1718
63040 42.2532
63050 42.3255
63060 42.3849
63070 42.4236
63080 42.4348
63090 42.4244
63100 42.406
63110 42.3883
63120 42.3798
63130 42.3915
63140 42.4222
63150 42.4574
63160 42.49
63170 42.5216
63180 42.5517
63190 42.5828
63200 42.621
63210 42.6663
63220 42.7158
63230 42.7706
63240 42.8287
63250 42.8789
63260 42.9129
63270 42.931
63280 42.9389
63290 42.9403
63300 42.9348
63310 42.9261
63320 42.9165
63330 42.9022
63340 42.8792
63350 42.8498
63360 42.815
63370 42.7765
63380 42.7458
63390 42.733
63400 42.736
63410 42.751
63420 42.777
63430 42.808
63440 42.8369
63450 42.8598
63460 42.8728
63470 42.8765
63480 42.8764
63490 42.8748
63500 42.8707
63510 42.8654
63520 42.8616
63530 42.8554
63540 42.8418
63550 42.8193
63560 42.7864
63570 42.7369
63580 42.6686
63590 42.5883
63600 42.5065
63610 42.4299
63620 42.3596
63630 42.2974
63640 42.2464
63650 42.2083
63660 42.1875
63670 42.1894
63680 42.2047
63690 42.2187
63700 42.2271
63710 42.2303
63720 42.228
63730 42.2213
63740 42.2108
63750 42.1942
63760 42.1743
63770 42.1607
63780 42.1611
63790 42.1758
63800 42.1979
63810 42.2195
63820 42.2359
63830 42.2481
63840 42.2641
63850 42.2911
63860 42.3244
63870 42.3538
63880 42.377
63890 42.3976
63900 42.418
63910 42.4336
63920 42.4393
63930 42.4371
63940 42.4354
63950 42.4377
63960 42.4395
63970 42.4368
63980 42.4306
63990 42.4239
64000 42.4184
64010 42.4219
64020 42.4396
64030 42.4648
64040 42.489
64050 42.509
64060 42.5252
64070 42.5404
64080 42.5616
64090 42.5926
64100 42.6307
64110 42.6671
64120 42.6932
64130 42.7069
64140 42.7162
64150 42.7276
64160 42.7366
64170 42.7347
64180 42.7186
64190 42.6904
64200 42.6542
64210 42.6145
64220 42.5728
64230 42.5257
64240 42.4706
64250 42.412
64260 42.3607
64270 42.3257
64280 42.3096
64290 42.3071
64300 42.3063
64310 42.2976
64320 42.2793
64330 42.2538
64340 42.2247
64350 42.2
64360 42.185
64370 42.1725
64380 42.1518
64390 42.1223
64400 42.0951
64410 42.0814
64420 42.0757
64430 42.0602
64440 42.0334
64450 42.0134
64460 42.0154
64470 42.0409
64480 42.0792
64490 42.1173
64500 42.1447
64510 42.159
64520 42.1648
64530 42.1651
64540 42.1645
64550 42.1725
64560 42.1925
64570 42.2196
64580 42.2489
64590 42.2793
64600 42.3093
64610 42.3331
64620 42.347
64630 42.3546
64640 42.3596
64650 42.3632
64660 42.3646
64670 42.3651
64680 42.3725
64690 42.3886
64700 42.404
64710 42.4174
64720 42.4357
64730 42.4529
64740 42.4566
64750 42.4463
64760 42.4303
64770 42.4136
64780 42.3967
64790 42.3806
64800 42.368
64810 42.3593
64820 42.3514
64830 42.3415
64840 42.3285
64850 42.3069
64860 42.2708
64870 42.2242
64880 42.179
64890 42.1467
64900 42.1336
64910 42.1359
64920 42.1455
64930 42.1586
64940 42.1731
64950 42.186
64960 42.1948
64970 42.1979
64980 42.1956
64990 42.1864
65000 42.1699
65010 42.1503
65020 42.138
65030 42.1415
65040 42.1571
65050 42.1754
65060 42.1909
65070 42.2049
65080 42.2171
65090 42.2195
65100 42.2106
65110 42.1986
65120 42.1949
65130 42.2097
65140 42.245
65150 42.2911
65160 42.3401
65170 42.3952
65180 42.4583
65190 42.5251
65200 42.592
65210 42.6549
65220 42.7069
65230 42.7431
65240 42.7684
65250 42.786
65260 42.7946
65270 42.798
65280 42.8011
65290 42.8061
65300 42.8129
65310 42.8201
65320 42.8236
65330 42.8197
65340 42.8132
65350 42.8083
65360 42.7986
65370 42.7784
65380 42.7511
65390 42.7231
65400 42.6981
65410 42.6752
65420 42.6522
65430 42.6311
65440 42.6148
65450 42.5998
65460 42.5886
65470 42.594
65480 42.6205
65490 42.6635
65500 42.7164
65510 42.7696
65520 42.8173
65530 42.8636
65540 42.91
65550 42.9523
65560 42.9893
65570 43.0283
65580 43.0721
65590 43.1136
65600 43.152
65610 43.1928
65620 43.2347
65630 43.2736
65640 43.3072
65650 43.3307
65660 43.3423
65670 43.3491
65680 43.3531
65690 43.3477
65700 43.3281
65710 43.2995
65720 43.2715
65730 43.2501
65740 43.2375
65750 43.2324
65760 43.2329
65770 43.2372
65780 43.2416
65790 43.2435
65800 43.2403
65810 43.2268
65820 43.1974
65830 43.1497
65840 43.0872
65850 43.0218
65860 42.9688
65870 42.9389
65880 42.9287
65890 42.928
65900 42.9303
65910 42.934
65920 42.9392
65930 42.9506
65940 42.9692
65950 42.9881
65960 42.9997
65970 43.0051
65980 43.0112
65990 43.0212
66000 43.0336
66010 43.0443
66020 43.0509
66030 43.0571
66040 43.0678
66050 43.0793
66060 43.0821
66070 43.0749
66080 43.0588
66090 43.0386
66100 43.0244
66110 43.0218
66120 43.0288
66130 43.044
66140 43.0645
66150 43.0827
66160 43.0979
66170 43.118
66180 43.1457
66190 43.1762
66200 43.208
66210 43.2396
66220 43.2635
66230 43.2702
66240 43.2577
66250 43.233
66260 43.2016
66270 43.1622
66280 43.1199
66290 43.0843
66300 43.0584
66310 43.0406
66320 43.031
66330 43.0281
66340 43.0296
66350 43.0339
66360 43.0373
66370 43.0396
66380 43.0405
66390 43.0355
66400 43.0225
66410 43.005
66420 42.9865
66430 42.9714
66440 42.966
66450 42.9731
66460 42.9927
66470 43.0234
66480 43.0602
66490 43.0974
66500 43.1348
66510 43.1693
66520 43.187
66530 43.1778
66540 43.1455
66550 43.0966
66560 43.0348
66570 42.9683
66580 42.9092
66590 42.8655
66600 42.8347
66610 42.8064
66620 42.7753
66630 42.7458
66640 42.7248
66650 42.7159
66660 42.7187
66670 42.7274
66680 42.7367
66690 42.7456
66700 42.7535
66710 42.7688
66720 42.7987
66730 42.8342
66740 42.8616
66750 42.879
66760 42.8909
66770 42.8989
66780 42.9054
66790 42.9138
66800 42.918
66810 42.9111
66820 42.8952
66830 42.8767
66840 42.8607
66850 42.8512
66860 42.8498
66870 42.8558
66880 42.868
66890 42.8804
66900 42.8848
66910 42.8762
66920 42.8542
66930 42.8232
66940 42.7938
66950 42.7743
66960 42.7673
66970 42.7751
66980 42.7944
66990 42.8189
67000 42.8454
67010 42.8707
67020 42.8853
67030 42.8779
67040 42.8496
67050 42.8122
67060 42.7774
67070 42.7546
67080 42.7467
67090 42.7455
67100 42.7475
67110 42.7614
67120 42.7912
67130 42.8303
67140 42.8731
67150 42.9174
67160 42.9548
67170 42.9772
67180 42.9871
67190 42.992
67200 42.9937
67210 42.9891
67220 42.9806
67230 42.9763
67240 42.9828
67250 43.0056
67260 43.04
67270 43.0697
67280 43.0867
67290 43.0948
67300 43.0986
67310 43.0972
67320 43.0855
67330 43.0614
67340 43.0291
67350 42.9891
67360 42.9413
67370 42.8938
67380 42.8625
67390 42.857
67400 42.8706
67410 42.8898
67420 42.9042
67430 42.9079
67440 42.8978
67450 42.8753
67460 42.8486
67470 42.8276
67480 42.8162
67490 42.8155
67500 42.8262
67510 42.8433
67520 42.856
67530 42.8529
67540 42.8307
67550 42.7956
67560 42.7523
67570 42.6959
67580 42.6237
67590 42.5493
67600 42.4845
67610 42.4268
67620 42.3737
67630 42.3263
67640 42.2832
67650 42.243
67660 42.2082
67670 42.1779
67680 42.1516
67690 42.1355
67700 42.1345
67710 42.1451
67720 42.1626
67730 42.1861
67740 42.218
67750 42.2585
67760 42.3076
67770 42.3678
67780 42.4349
67790 42.496
67800 42.5441
67810 42.5825
67820 42.6106
67830 42.6243
67840 42.6259
67850 42.6275
67860 42.6407
67870 42.6653
67880 42.6946
67890 42.7262
67900 42.7621
67910 42.8066
67920 42.8599
67930 42.9151
67940 42.9625
67950 42.9943
67960 43.0049
67970 42.9978
67980 42.9828
67990 42.9713
68000 42.9699
68010 42.9736
68020 42.9755
68030 42.9695
68040 42.9493
68050 42.9196
68060 42.8859
68070 42.847
68080 42.8062
68090 42.7714
68100 42.7491
68110 42.7409
68120 42.7417
68130 42.7455
68140 42.7534
68150 42.7684
68160 42.784
68170 42.7921
68180 42.7922
68190 42.7873
68200 42.7828
68210 42.783
68220 42.7878
68230 42.7953
68240 42.8032
68250 42.8136
68260 42.8326
68270 42.863
68280 42.9032
68290 42.9506
68300 43.001
68310 43.0485
68320 43.0857
68330 43.1085
68340 43.1186
68350 43.1165
68360 43.1036
68370 43.0871
68380 43.0784
68390 43.0872
68400 43.1164
68410 43.1639
68420 43.2201
68430 43.2708
68440 43.3072
68450 43.3272
68460 43.331
68470 43.3243
68480 43.3154
68490 43.3066
68500 43.2967
68510 43.2908
68520 43.2936
68530 43.2963
68540 43.2918
68550 43.2847
68560 43.2799
68570 43.274
68580 43.2611
68590 43.2422
68600 43.2227
68610 43.2096
68620 43.2081
68630 43.2212
68640 43.2481
68650 43.2804
68660 43.3049
68670 43.3152
68680 43.3176
68690 43.3182
68700 43.3158
68710 43.3101
68720 43.3014
68730 43.2899
68740 43.2763
68750 43.2564
68760 43.2213
68770 43.1682
68780 43.1037
68790 43.0358
68800 42.9674
68810 42.9001
68820 42.8397
68830 42.7937
68840 42.765
68850 42.7512
68860 42.753
68870 42.7667
68880 42.7811
68890 42.7916
68900 42.7984
68910 42.801
68920 42.8038
68930 42.8117
68940 42.8219
68950 42.8324
68960 42.849
68970 42.8766
68980 42.9079
68990 42.9355
69000 42.9641
69010 42.9984
69020 43.034
69030 43.0679
69040 43.1022
69050 43.1332
69060 43.1546
69070 43.1687
69080 43.1848
69090 43.2098
69100 43.2444
69110 43.2877
69120 43.3373
69130 43.3875
69140 43.4293
69150 43.4568
69160 43.4743
69170 43.4891
69180 43.5054
69190 43.5295
69200 43.5637
69210 43.6059
69220 43.6589
69230 43.7253
69240 43.7984
69250 43.8632
69260 43.9054
69270 43.9241
69280 43.9284
69290 43.9243
69300 43.9107
69310 43.8871
69320 43.8644
69330 43.8515
69340 43.849
69350 43.8576
69360 43.8739
69370 43.8876
69380 43.8881
69390 43.8669
69400 43.8248
69410 43.7697
69420 43.7093
69430 43.6565
69440 43.6255
69450 43.6202
69460 43.6305
69470 43.6476
69480 43.6691
69490 43.6914
69500 43.7113
69510 43.735
69520 43.7666
69530 43.8051
69540 43.8484
69550 43.8925
69560 43.9321
69570 43.9693
69580 44.0052
69590 44.0338
69600 44.0562
69610 44.0835
69620 44.1186
69630 44.1506
69640 44.1722
69650 44.1838
69660 44.1842
69670 44.1749
69680 44.1617
69690 44.1508
69700 44.1453
69710 44.1444
69720 44.1508
69730 44.1686
69740 44.1968
69750 44.2276
69760 44.2544
69770 44.2769
69780 44.293
69790 44.3014
69800 44.3114
69810 44.3326
69820 44.3644
69830 44.4079
69840 44.4626
69850 44.5193
69860 44.5698
69870 44.6156
69880 44.6606
69890 44.7034
69900 44.7402
69910 44.7729
69920 44.807
69930 44.8462
69940 44.8911
69950 44.9455
69960 45.0128
69970 45.085
69980 45.1483
69990 45.1962
70000 45.2335
70010 45.2641
70020 45.2875
70030 45.3045
70040 45.3135
70050 45.3126
70060 45.3057
70070 45.2985
70080 45.2924
70090 45.2844
70100 45.2707
70110 45.2553
70120 45.2452
70130 45.2381
70140 45.228
70150 45.2169
70160 45.212
70170 45.2131
70180 45.2202
70190 45.2395
70200 45.2735
70210 45.3178
70220 45.3621
70230 45.3973
70240 45.4211
70250 45.4323
70260 45.4206
70270 45.3754
70280 45.3044
70290 45.2211
70300 45.1324
70310 45.0484
70320 44.9809
70330 44.9301
70340 44.8875
70350 44.8511
70360 44.8236
70370 44.8065
70380 44.7978
70390 44.7923
70400 44.7878
70410 44.7841
70420 44.7817
70430 44.7773
70440 44.7644
70450 44.7463
70460 44.7333
70470 44.7303
70480 44.7368
70490 44.7514
70500 44.7703
70510 44.7873
70520 44.7976
70530 44.8003
70540 44.8011
70550 44.8083
70560 44.8255
70570 44.8478
70580 44.868
70590 44.8832
70600 44.8931
70610 44.8992
70620 44.905
70630 44.9154
70640 44.9386
70650 44.9767
70660 45.022
70670 45.0683
70680 45.1149
70690 45.1603
70700 45.2028
70710 45.2409
70720 45.275
70730 45.3036
70740 45.3257
70750 45.3433
70760 45.3583
70770 45.3695
70780 45.379
70790 45.3908
70800 45.4034
70810 45.4093
70820 45.4003
70830 45.3809
70840 45.3615
70850 45.3449
70860 45.3296
70870 45.3181
70880 45.3103
70890 45.3039
70900 45.2983
70910 45.2964
70920 45.3015
70930 45.3103
70940 45.3199
70950 45.3303
70960 45.3388
70970 45.3474
70980 45.3584
70990 45.3677
71000 45.3778
71010 45.3961
71020 45.4178
71030 45.4296
71040 45.4281
71050 45.4158
71060 45.3914
71070 45.3572
71080 45.3256
71090 45.3078
71100 45.3016
71110 45.2944
71120 45.2827
71130 45.2679
71140 45.2469
71150 45.2185
71160 45.1896
71170 45.1677
71180 45.1561
71190 45.1548
71200 45.1642
71210 45.1811
71220 45.1984
71230 45.2092
71240 45.2106
71250 45.2041
71260 45.1942
71270 45.1861
71280 45.1852
71290 45.1945
71300 45.2136
71310 45.2297
71320 45.2263
71330 45.1983
71340 45.1508
71350 45.0957
71360 45.0454
71370 45.0087
71380 44.9906
71390 44.9905
71400 45.0022
71410 45.0172
71420 45.0273
71430 45.0301
71440 45.0265
71450 45.0165
71460 45.0018
71470 44.9878
71480 44.9813
71490 44.9885
71500 45.0169
71510 45.0681
71520 45.1308
71530 45.1869
71540 45.2279
71550 45.2583
71560 45.2852
71570 45.3112
71580 45.3377
71590 45.3656
71600 45.3924
71610 45.412
71620 45.4195
71630 45.4174
71640 45.4071
71650 45.3876
71660 45.3635
71670 45.3397
71680 45.3133
71690 45.2822
71700 45.2509
71710 45.2276
71720 45.2172
71730 45.2177
71740 45.2299
71750 45.2622
71760 45.3174
71770 45.3826
71780 45.4451
71790 45.5024
71800 45.5515
71810 45.5914
71820 45.6244
71830 45.65
71840 45.6663
71850 45.6759
71860 45.685
71870 45.696
71880 45.7066
71890 45.7176
71900 45.7309
71910 45.743
71920 45.7487
71930 45.7469
71940 45.7401
71950 45.724
71960 45.6953
71970 45.6607
71980 45.6255
71990 45.5928
72000 45.569
72010 45.5567
72020 45.5584
72030 45.5764
72040 45.6022
72050 45.6242
72060 45.6416
72070 45.6568
72080 45.6659
72090 45.6691
72100 45.6767
72110 45.695
72120 45.7204
72130 45.7521
72140 45.7931
72150 45.8438
72160 45.8997
72170 45.9551
72180 46.0035
72190 46.0385
72200 46.0549
72210 46.0544
72220 46.0452
72230 46.0333
72240 46.0193
72250 46.008
72260 46.0035
72270 45.9978
72280 45.9782
72290 45.9449
72300 45.9061
72310 45.8631
72320 45.8121
72330 45.7576
72340 45.7059
72350 45.6553
72360 45.5989
72370 45.5352
72380 45.4737
72390 45.4226
72400 45.3752
72410 45.3258
72420 45.2828
72430 45.2545
72440 45.2393
72450 45.2301
72460 45.218
72470 45.199
72480 45.1759
72490 45.1499
72500 45.1249
72510 45.1087
72520 45.1067
72530 45.1185
72540 45.1405
72550 45.1682
72560 45.1989
72570 45.2346
72580 45.277
72590 45.3231
72600 45.3639
72610 45.392
72620 45.4083
72630 45.4221
72640 45.4444
72650 45.481
72660 45.5312
72670 45.5854
72680 45.6314
72690 45.662
72700 45.6794
72710 45.6939
72720 45.71
72730 45.7231
72740 45.7301
72750 45.7336
72760 45.7402
72770 45.7514
72780 45.7619
72790 45.7687
72800 45.7779
72810 45.7942
72820 45.8143
72830 45.8351
72840 45.854
72850 45.8648
72860 45.8626
72870 45.8486
72880 45.832
72890 45.825
72900 45.8333
72910 45.8525
72920 45.8758
72930 45.8983
72940 45.9153
72950 45.9223
72960 45.9207
72970 45.911
72980 45.8952
72990 45.8777
73000 45.8593
73010 45.8396
73020 45.8239
73030 45.8197
73040 45.8273
73050 45.8371
73060 45.8453
73070 45.8537
73080 45.8594
73090 45.8577
73100 45.8435
73110 45.8129
73120 45.7646
73130 45.706
73140 45.6486
73150 45.6003
73160 45.5605
73170 45.5241
73180 45.4913
73190 45.4648
73200 45.4434
73210 45.4276
73220 45.4259
73230 45.441
73240 45.4606
73250 45.4727
73260 45.4729
73270 45.4566
73280 45.4216
73290 45.3738
73300 45.3135
73310 45.24
73320 45.1647
73330 45.0987
73340 45.0459
73350 45.0092
73360 44.9907
73370 44.988
73380 44.9957
73390 45.0043
73400 45.0032
73410 44.9933
73420 44.9846
73430 44.9808
73440 44.979
73450 44.9757
73460 44.9699
73470 44.9669
73480 44.9741
73490 44.9953
73500 45.0323
73510 45.0862
73520 45.1544
73530 45.2273
73540 45.2929
73550 45.34
73560 45.3627
73570 45.3721
73580 45.3876
73590 45.4183
73600 45.4618
73610 45.511
73620 45.5592
73630 45.595
73640 45.6106
73650 45.611
73660 45.6088
73670 45.6129
73680 45.6195
73690 45.6249
73700 45.6382
73710 45.6664
73720 45.7045
73730 45.7452
73740 45.787
73750 45.8318
73760 45.8782
73770 45.9204
73780 45.9544
73790 45.9792
73800 45.9991
73810 46.0191
73820 46.0379
73830 46.0513
73840 46.0562
73850 46.0543
73860 46.0553
73870 46.0672
73880 46.0821
73890 46.0861
73900 46.0795
73910 46.0708
73920 46.0665
73930 46.0678
73940 46.0665
73950 46.0566
73960 46.0432
73970 46.0296
73980 46.0091
73990 45.9809
74000 45.955
74010 45.9326
74020 45.9027
74030 45.8647
74040 45.8306
74050 45.8128
74060 45.8123
74070 45.8166
74080 45.8152
74090 45.812
74100 45.8163
74110 45.8259
74120 45.8306
74130 45.8303
74140 45.8339
74150 45.8485
74160 45.8746
74170 45.9075
74180 45.9465
74190 45.9906
74200 46.0297
74210 46.0596
74220 46.0897
74230 46.1205
74240 46.1391
74250 46.1391
74260 46.125
74270 46.1023
74280 46.0765
74290 46.0528
74300 46.0382
74310 46.0351
74320 46.0398
74330 46.0469
74340 46.0507
74350 46.0508
74360 46.0498
74370 46.0521
74380 46.0605
74390 46.0726
74400 46.0851
74410 46.1011
74420 46.1248
74430 46.1565
74440 46.1964
74450 46.2453
74460 46.3003
74470 46.3527
74480 46.3934
74490 46.4209
74500 46.4374
74510 46.4392
74520 46.4271
74530 46.4104
74540 46.3951
74550 46.384
74560 46.3784
74570 46.3804
74580 46.3912
74590 46.4083
74600 46.4226
74610 46.4299
74620 46.4342
74630 46.4339
74640 46.4256
74650 46.4126
74660 46.3984
74670 46.3805
74680 46.3553
74690 46.3214
74700 46.279
74710 46.2282
74720 46.1731
74730 46.121
74740 46.0727
74750 46.0292
74760 45.9939
74770 45.9643
74780 45.9345
74790 45.9078
74800 45.8908
74810 45.8807
74820 45.8732
74830 45.8668
74840 45.8599
74850 45.8488
74860 45.8304
74870 45.8036
74880 45.772
74890 45.7398
74900 45.7044
74910 45.661
74920 45.609
74930 45.5526
74940 45.4924
74950 45.4278
74960 45.3653
74970 45.3149
74980 45.2855
74990 45.286
75000 45.3172
75010 45.3673
75020 45.4211
75030 45.4696
75040 45.5101
75050 45.5383
75060 45.5481
75070 45.5401
75080 45.5231
75090 45.5125
75100 45.5166
75110 45.5323
75120 45.5578
75130 45.597
75140 45.6439
75150 45.6833
75160 45.7103
75170 45.7297
75180 45.7409
75190 45.7472
75200 45.7661
75210 45.8084
75220 45.8671
75230 45.9351
75240 46.0146
75250 46.1063
75260 46.2076
75270 46.3154
75280 46.4219
75290 46.5165
75300 46.5962
75310 46.6655
75320 46.727
75330 46.7814
75340 46.8319
75350 46.8833
75360 46.9378
75370 46.9927
75380 47.0398
75390 47.0769
75400 47.1123
75410 47.1518
75420 47.1911
75430 47.226
75440 47.2591
75450 47.2898
75460 47.3147
75470 47.3336
75480 47.3441
75490 47.3385
75500 47.3182
75510 47.2947
75520 47.2737
75530 47.2545
75540 47.2398
75550 47.2324
75560 47.2295
75570 47.2291
75580 47.2265
75590 47.214
75600 47.1968
75610 47.1901
75620 47.1968
75630 47.2084
75640 47.2221
75650 47.2387
75660 47.2548
75670 47.2687
75680 47.2806
75690 47.2934
75700 47.3125
75710 47.3392
75720 47.3703
75730 47.4059
75740 47.4482
75750 47.4976
75760 47.5545
75770 47.6205
75780 47.691
75790 47.7573
75800 47.8131
75810 47.8606
75820 47.9097
75830 47.967
75840 48.0264
75850 48.0784
75860 48.1275
75870 48.1856
75880 48.2553
75890 48.3337
75900 48.4174
75910 48.4939
75920 48.5442
75930 48.5663
75940 48.569
75950 48.5571
75960 48.5377
75970 48.5238
75980 48.5258
75990 48.541
76000 48.5687
76010 48.6065
76020 48.6466
76030 48.6815
76040 48.7041
76050 48.7066
76060 48.6863
76070 48.6507
76080 48.6066
76090 48.5574
76100 48.5083
76110 48.4652
76120 48.4331
76130 48.4131
76140 48.3973
76150 48.3738
76160 48.3383
76170 48.2932
76180 48.2449
76190 48.2002
76200 48.1604
76210 48.1229
76220 48.0837
76230 48.0394
76240 47.991
76250 47.9403
76260 47.8867
76270 47.8322
76280 47.7849
76290 47.7492
76300 47.7225
76310 47.7008
76320 47.6767
76330 47.6478
76340 47.6237
76350 47.6097
76360 47.6012
76370 47.5931
76380 47.5845
76390 47.5755
76400 47.5675
76410 47.563
76420 47.5588
76430 47.552
76440 47.5497
76450 47.5575
76460 47.5737
76470 47.5988
76480 47.6389
76490 47.6977
76500 47.7676
76510 47.8397
76520 47.9129
76530 47.9846
76540 48.0468
76550 48.1024
76560 48.1613
76570 48.2229
76580 48.2807
76590 48.3308
76600 48.3715
76610 48.4007
76620 48.4192
76630 48.4318
76640 48.4447
76650 48.4602
76660 48.4779
76670 48.4972
76680 48.5191
76690 48.5464
76700 48.5789
76710 48.6158
76720 48.658
76730 48.7018
76740 48.7343
76750 48.7484
76760 48.7442
76770 48.7137
76780 48.6493
76790 48.5686
76800 48.5018
76810 48.4607
76820 48.4412
76830 48.442
76840 48.4551
76850 48.4661
76860 48.4698
76870 48.4751
76880 48.4942
76890 48.5267
76900 48.5615
76910 48.5919
76920 48.6195
76930 48.6478
76940 48.6763
76950 48.6995
76960 48.7102
76970 48.7055
76980 48.6918
76990 48.6754
77000 48.6609
77010 48.6575
77020 48.6707
77030 48.6961
77040 48.7204
77050 48.737
77060 48.7522
77070 48.7723
77080 48.7965
77090 48.8259
77100 48.8652
77110 48.9138
77120 48.9694
77130 49.0343
77140 49.1017
77150 49.156
77160 49.1881
77170 49.1973
77180 49.1856
77190 49.1563
77200 49.1151
77210 49.0657
77220 49.0106
77230 48.9589
77240 48.9267
77250 48.923
77260 48.9435
77270 48.9799
77280 49.0256
77290 49.0716
77300 49.1138
77310 49.1533
77320 49.185
77330 49.205
77340 49.2136
77350 49.2084
77360 49.1887
77370 49.1548
77380 49.1116
77390 49.0675
77400 49.0269
77410 48.9949
77420 48.9733
77430 48.9572
77440 48.944
77450 48.9355
77460 48.9297
77470 48.9213
77480 48.9091
77490 48.8924
77500 48.8729
77510 48.852
77520 48.8304
77530 48.8136
77540 48.8077
77550 48.8092
77560 48.8102
77570 48.8112
77580 48.8137
77590 48.8145
77600 48.8113
77610 48.8078
77620 48.8126
77630 48.8325
77640 48.8695
77650 48.9186
77660 48.9754
77670 49.038
77680 49.1003
77690 49.1555
77700 49.2054
77710 49.2539
77720 49.2999
77730 49.3382
77740 49.3609
77750 49.3674
77760 49.3661
77770 49.3649
77780 49.3693
77790 49.3797
77800 49.3911
77810 49.3975
77820 49.3914
77830 49.3705
77840 49.3352
77850 49.287
77860 49.2347
77870 49.1864
77880 49.1377
77890 49.0822
77900 49.0277
77910 48.9834
77920 48.9469
77930 48.9131
77940 48.8817
77950 48.8538
77960 48.8315
77970 48.8178
77980 48.8121
77990 48.8076
78000 48.8057
78010 48.8162
78020 48.8365
78030 48.8504
78040 48.8471
78050 48.8256
78060 48.7867
78070 48.7365
78080 48.6881
78090 48.6507
78100 48.6193
78110 48.5877
78120 48.5586
78130 48.5358
78140 48.5214
78150 48.5177
78160 48.5249
78170 48.5338
78180 48.5344
78190 48.5276
78200 48.5194
78210 48.5089
78220 48.4946
78230 48.4843
78240 48.4793
78250 48.4692
78260 48.4498
78270 48.4255
78280 48.3996
78290 48.3666
78300 48.3217
78310 48.2771
78320 48.2492
78330 48.2408
78340 48.2465
78350 48.2587
78360 48.2627
78370 48.2446
78380 48.2093
78390 48.1666
78400 48.1169
78410 48.0646
78420 48.0187
78430 47.9829
78440 47.96
78450 47.9506
78460 47.9429
78470 47.9256
78480 47.8996
78490 47.8696
78500 47.8326
78510 47.7839
78520 47.7253
78530 47.6692
78540 47.6333
78550 47.6264
78560 47.6416
78570 47.6659
78580 47.692
78590 47.7163
78600 47.74
78610 47.769
78620 47.8029
78630 47.8394
78640 47.8795
78650 47.9178
78660 47.9426
78670 47.9476
78680 47.9354
78690 47.912
78700 47.8855
78710 47.8602
78720 47.8352
78730 47.8146
78740 47.8067
78750 47.812
78760 47.8286
78770 47.8543
78780 47.8837
78790 47.908
78800 47.9219
78810 47.9275
78820 47.931
78830 47.9411
78840 47.9648
78850 48.0037
78860 48.059
78870 48.1304
78880 48.2107
78890 48.2907
78900 48.3632
78910 48.4243
78920 48.473
78930 48.5058
78940 48.5227
78950 48.5281
78960 48.5247
78970 48.5141
78980 48.5019
78990 48.4935
79000 48.4897
79010 48.4923
79020 48.5051
79030 48.5273
79040 48.5603
79050 48.6104
79060 48.6786
79070 48.7537
79080 48.8248
79090 48.8897
79100 48.9501
79110 49.0071
79120 49.0579
79130 49.0967
79140 49.1177
79150 49.1229
79160 49.1231
79170 49.1283
79180 49.142
79190 49.166
79200 49.1994
79210 49.2378
79220 49.2774
79230 49.3149
79240 49.3455
79250 49.3698
79260 49.3959
79270 49.4264
79280 49.4525
79290 49.4654
79300 49.4652
79310 49.4523
79320 49.424
79330 49.3847
79340 49.3483
79350 49.3223
79360 49.3059
79370 49.302
79380 49.3168
79390 49.3438
79400 49.3666
79410 49.3768
79420 49.3793
79430 49.3849
79440 49.396
79450 49.4096
79460 49.429
79470 49.4631
79480 49.5119
79490 49.5711
79500 49.633
79510 49.6841
79520 49.7184
79530 49.7421
79540 49.7609
79550 49.7714
79560 49.7706
79570 49.763
79580 49.7542
79590 49.7489
79600 49.7537
79610 49.776
79620 49.8201
79630 49.8831
79640 49.9556
79650 50.0258
79660 50.0899
79670 50.1485
79680 50.1974
79690 50.23
79700 50.2485
79710 50.2637
79720 50.2844
79730 50.3116
79740 50.3439
79750 50.3773
79760 50.398
79770 50.3882
79780 50.3454
79790 50.2821
79800 50.2112
79810 50.1449
79820 50.096
79830 50.075
79840 50.0827
79850 50.113
79860 50.1563
79870 50.1997
79880 50.2328
79890 50.256
79900 50.276
79910 50.2986
79920 50.3237
79930 50.3439
79940 50.355
79950 50.3661
79960 50.3902
79970 50.4262
79980 50.462
79990 50.4896
80000 50.5094
80010 50.5247
80020 50.5371
80030 50.5479
80040 50.5549
80050 50.5537
80060 50.5427
80070 50.5218
80080 50.4936
80090 50.463
80100 50.4349
80110 50.4076
80120 50.3746
80130 50.3345
80140 50.2923
80150 50.2554
80160 50.2294
80170 50.2142
80180 50.2048
80190 50.1964
80200 50.1898
80210 50.1849
80220 50.1779
80230 50.1741
80240 50.1792
80250 50.1913
80260 50.2087
80270 50.2293
80280 50.2455
80290 50.25
80300 50.2459
80310 50.2385
80320 50.2262
80330 50.207
80340 50.1838
80350 50.1608
80360 50.1425
80370 50.1347
80380 50.1376
80390 50.1476
80400 50.1638
80410 50.1891
80420 50.2236
80430 50.2603
80440 50.2925
80450 50.3209
80460 50.3459
80470 50.3678
80480 50.3922
80490 50.4244
80500 50.4637
80510 50.5042
80520 50.5408
80530 50.5683
80540 50.5806
80550 50.5785
80560 50.5678
80570 50.5483
80580 50.516
80590 50.4782
80600 50.4512
80610 50.4445
80620 50.4571
80630 50.4904
80640 50.5473
80650 50.6178
80660 50.6851
80670 50.7402
80680 50.7818
80690 50.8103
80700 50.8269
80710 50.8321
80720 50.8253
80730 50.812
80740 50.8036
80750 50.8071
80760 50.8258
80770 50.865
80780 50.9265
80790 50.9984
80800 51.0635
80810 51.1133
80820 51.1476
80830 51.1653
80840 51.1689
80850 51.1611
80860 51.1452
80870 51.1301
80880 51.1219
80890 51.1149
80900 51.1024
80910 51.0868
80920 51.0694
80930 51.044
80940 51.0089
80950 50.9734
80960 50.9462
80970 50.9328
80980 50.9346
80990 50.9458
81000 50.9583
81010 50.9651
81020 50.9606
81030 50.9451
81040 50.9262
81050 50.9087
81060 50.8952
81070 50.8891
81080 50.8888
81090 50.8905
81100 50.8944
81110 50.9055
81120 50.9282
81130 50.9656
81140 51.0197
81150 51.0882
81160 51.1637
81170 51.2346
81180 51.2854
81190 51.3044
81200 51.2945
81210 51.2703
81220 51.2383
81230 51.1924
81240 51.1329
81250 51.0733
81260 51.0194
81270 50.9691
81280 50.9267
81290 50.895
81300 50.8658
81310 50.8353
81320 50.8132
81330 50.8023
81340 50.7956
81350 50.7922
81360 50.7934
81370 50.7947
81380 50.7905
81390 50.7814
81400 50.7755
81410 50.7834
81420 50.8005
81430 50.8117
81440 50.8063
81450 50.7839
81460 50.7512
81470 50.7229
81480 50.7111
81490 50.7166
81500 50.7363
81510 50.7659
81520 50.8013
81530 50.8376
81540 50.8691
81550 50.8913
81560 50.906
81570 50.9184
81580 50.9239
81590 50.9152
81600 50.8983
81610 50.8843
81620 50.8753
81630 50.8732
81640 50.8838
81650 50.9083
81660 50.9432
81670 50.9843
81680 51.0207
81690 51.0362
81700 51.0246
81710 50.9931
81720 50.9486
81730 50.8986
81740 50.8571
81750 50.8332
81760 50.8251
81770 50.8273
81780 50.838
81790 50.8542
81800 50.872
81810 50.8972
81820 50.9352
81830 50.9742
81840 50.9973
81850 51.0052
81860 51.0057
81870 51.0013
81880 50.9972
81890 51.002
81900 51.0176
81910 51.0372
81920 51.058
81930 51.0805
81940 51.1048
81950 51.1333
81960 51.1658
81970 51.1995
81980 51.2317
81990 51.2592
82000 51.2797
82010 51.2914
82020 51.2956
82030 51.2939
82040 51.2878
82050 51.2826
82060 51.2877
82070 51.309
82080 51.3411
82090 51.3709
82100 51.3908
82110 51.4062
82120 51.43
82130 51.4702
82140 51.5198
82150 51.5661
82160 51.6064
82170 51.6456
82180 51.6928
82190 51.7516
82200 51.8167
82210 51.8801
82220 51.9314
82230 51.9579
82240 51.9577
82250 51.9391
82260 51.9119
82270 51.891
82280 51.8956
82290 51.9329
82300 51.9939
82310 52.0662
82320 52.1418
82330 52.2158
82340 52.2878
82350 52.3617
82360 52.4427
82370 52.533
82380 52.6284
82390 52.7209
82400 52.8057
82410 52.883
82420 52.952
82430 53.0116
82440 53.0639
82450 53.1118
82460 53.1502
82470 53.1698
82480 53.165
82490 53.1369
82500 53.0888
82510 53.0319
82520 52.9796
82530 52.9293
82540 52.8775
82550 52.8363
82560 52.8153
82570 52.8124
82580 52.8262
82590 52.8575
82600 52.9
82610 52.9393
82620 52.9643
82630 52.9748
82640 52.9782
82650 52.9784
82660 52.9764
82670 52.9717
82680 52.9545
82690 52.9096
82700 52.8371
82710 52.7528
82720 52.6742
82730 52.6174
82740 52.5966
82750 52.6152
82760 52.6651
82770 52.7339
82780 52.8061
82790 52.8687
82800 52.9195
82810 52.9593
82820 52.9856
82830 52.9948
82840 52.9874
82850 52.9725
82860 52.9633
82870 52.9659
82880 52.9781
82890 52.9984
82900 53.0288
82910 53.0726
82920 53.1288
82930 53.1934
82940 53.2669
82950 53.3464
82960 53.4199
82970 53.4748
82980 53.5123
82990 53.5422
83000 53.5721
83010 53.6051
83020 53.6398
83030 53.6694
83040 53.6915
83050 53.7122
83060 53.734
83070 53.7519
83080 53.763
83090 53.7681
83100 53.7671
83110 53.7654
83120 53.7761
83130 53.8064
83140 53.855
83150 53.9203
83160 53.9958
83170 54.0702
83180 54.1358
83190 54.1914
83200 54.2343
83210 54.2574
83220 54.2573
83230 54.2382
83240 54.208
83250 54.1741
83260 54.1365
83270 54.0874
83280 54.0265
83290 53.9649
83300 53.9122
83310 53.8703
83320 53.8355
83330 53.804
83340 53.7731
83350 53.7405
83360 53.7011
83370 53.648
83380 53.5772
83390 53.4926
83400 53.4068
83410 53.3347
83420 53.2861
83430 53.2632
83440 53.2603
83450 53.2615
83460 53.254
83470 53.2402
83480 53.2261
83490 53.2146
83500 53.2078
83510 53.2071
83520 53.2171
83530 53.242
83540 53.2787
83550 53.3195
83560 53.3546
83570 53.3771
83580 53.3877
83590 53.3915
83600 53.3978
83610 53.4209
83620 53.4679
83630 53.5258
83640 53.5786
83650 53.6285
83660 53.6756
83670 53.7079
83680 53.7253
83690 53.74
83700 53.7557
83710 53.7678
83720 53.7791
83730 53.8002
83740 53.8291
83750 53.8519
83760 53.8634
83770 53.8685
83780 53.8726
83790 53.8765
83800 53.8796
83810 53.8813
83820 53.878
83830 53.868
83840 53.8608
83850 53.8662
83860 53.8813
83870 53.9002
83880 53.9138
83890 53.9106
83900 53.8899
83910 53.8632
83920 53.8422
83930 53.826
83940 53.8067
83950 53.7827
83960 53.7567
83970 53.7337
83980 53.7168
83990 53.706
84000 53.6983
84010 53.6915
84020 53.6862
84030 53.6909
84040 53.7168
84050 53.7576
84060 53.7976
84070 53.8283
84080 53.8424
84090 53.8347
84100 53.8135
84110 53.7852
84120 53.7535
84130 53.7309
84140 53.7256
84150 53.7281
84160 53.7261
84170 53.716
84180 53.6973
84190 53.6646
84200 53.614
84210 53.5523
84220 53.493
84230 53.4433
84240 53.4058
84250 53.384
84260 53.3792
84270 53.3813
84280 53.3758
84290 53.3573
84300 53.3247
84310 53.2734
84320 53.2068
84330 53.1428
84340 53.0927
84350 53.0559
84360 53.0301
84370 53.0124
84380 53.0046
84390 53.0139
84400 53.0419
84410 53.079
84420 53.1128
84430 53.1321
84440 53.1282
84450 53.1016
84460 53.0618
84470 53.0207
84480 52.9809
84490 52.9369
84500 52.8906
84510 52.8442
84520 52.793
84530 52.7418
84540 52.7029
84550 52.6826
84560 52.6797
84570 52.6966
84580 52.7411
84590 52.811
84600 52.8928
84610 52.9726
84620 53.0435
84630 53.1054
84640 53.1634
84650 53.2192
84660 53.268
84670 53.3142
84680 53.3654
84690 53.4196
84700 53.4719
84710 53.5211
84720 53.5688
84730 53.6159
84740 53.6627
84750 53.7046
84760 53.7327
84770 53.7427
84780 53.7289
84790 53.687
84800 53.6261
84810 53.5613
84820 53.4989
84830 53.4323
84840 53.3562
84850 53.2751
84860 53.1954
84870 53.1196
84880 53.0481
84890 52.9863
84900 52.942
84910 52.9137
84920 52.8949
84930 52.8839
84940 52.8831
84950 52.8893
84960 52.8901
84970 52.8718
84980 52.8306
84990 52.7789
85000 52.7315
85010 52.6889
85020 52.6482
85030 52.6161
85040 52.6027
85050 52.6087
85060 52.6304
85070 52.6672
85080 52.7178
85090 52.7767
85100 52.8382
85110 52.8962
85120 52.9393
85130 52.963
85140 52.9746
85150 52.9801
85160 52.9862
85170 53.001
85180 53.0245
85190 53.0505
85200 53.074
85210 53.0913
85220 53.1011
85230 53.104
85240 53.1013
85250 53.0957
85260 53.0895
85270 53.0846
85280 53.0841
85290 53.0912
85300 53.1055
85310 53.1206
85320 53.1298
85330 53.1301
85340 53.1217
85350 53.1109
85360 53.1079
85370 53.117
85380 53.1352
85390 53.1617
85400 53.1996
85410 53.2502
85420 53.3134
85430 53.3876
85440 53.4702
85450 53.5535
85460 53.6294
85470 53.6936
85480 53.7449
85490 53.7853
85500 53.8215
85510 53.8575
85520 53.8876
85530 53.9132
85540 53.9426
85550 53.9819
85560 54.0325
85570 54.0886
85580 54.1412
85590 54.1844
85600 54.2126
85610 54.2175
85620 54.2028
85630 54.1859
85640 54.1725
85650 54.1606
85660 54.1542
85670 54.1566
85680 54.161
85690 54.1561
85700 54.1444
85710 54.1311
85720 54.1165
85730 54.1059
85740 54.1031
85750 54.1027
85760 54.1008
85770 54.0982
85780 54.0929
85790 54.0826
85800 54.0715
85810 54.0634
85820 54.0556
85830 54.046
85840 54.0378
85850 54.0356
85860 54.0376
85870 54.04
85880 54.0455
85890 54.0555
85900 54.0639
85910 54.0658
85920 54.0571
85930 54.0332
85940 53.9957
85950 53.9563
85960 53.9255
85970 53.9071
85980 53.9095
85990 53.9448
86000 54.0127
86010 54.1008
86020 54.1941
86030 54.2778
86040 54.3422
86050 54.3829
86060 54.3996
86070 54.4016
86080 54.402
86090 54.4019
86100 54.3965
86110 54.389
86120 54.3831
86130 54.3754
86140 54.3674
86150 54.3676
86160 54.3784
86170 54.3879
86180 54.3857
86190 54.3765
86200 54.3688
86210 54.3628
86220 54.355
86230 54.3459
86240 54.3343
86250 54.3213
86260 54.316
86270 54.3236
86280 54.3457
86290 54.3806
86300 54.4175
86310 54.4422
86320 54.4482
86330 54.4425
86340 54.4375
86350 54.4392
86360 54.4482
86370 54.463
86380 54.4786
86390 54.4898
86400 54.4963
86410 54.5027
86420 54.5114
86430 54.5221
86440 54.5363
86450 54.5555
86460 54.581
86470 54.6158
86480 54.6601
86490 54.7104
86500 54.763
86510 54.814
86520 54.8629
86530 54.9113
86540 54.9604
86550 55.0056
86560 55.0363
86570 55.046
86580 55.0348
86590 55.0069
86600 54.9737
86610 54.9457
86620 54.9272
86630 54.9196
86640 54.9286
86650 54.9555
86660 54.9896
86670 55.0229
86680 55.0513
86690 55.0632
86700 55.0521
86710 55.0288
86720 55.0024
86730 54.9709
86740 54.9341
86750 54.9028
86760 54.8844
86770 54.8752
86780 54.872
86790 54.8748
86800 54.8832
86810 54.8991
86820 54.9241
86830 54.9541
86840 54.9867
86850 55.0221
86860 55.0579
86870 55.0891
86880 55.1074
86890 55.1059
86900 55.0816
86910 55.0352
86920 54.9743
86930 54.9071
86940 54.8359
86950 54.7646
86960 54.7062
86970 54.6729
86980 54.6647
86990 54.6768
87000 54.7097
87010 54.7614
87020 54.8142
87030 54.845
87040 54.8448
87050 54.8211
87060 54.7806
87070 54.7335
87080 54.6986
87090 54.6889
87100 54.6986
87110 54.7195
87120 54.7486
87130 54.7785
87140 54.8017
87150 54.8197
87160 54.8363
87170 54.8523
87180 54.8704
87190 54.894
87200 54.9249
87210 54.9632
87220 55.01
87230 55.0689
87240 55.1387
87250 55.2117
87260 55.2795
87270 55.333
87280 55.3656
87290 55.3761
87300 55.3698
87310 55.36
87320 55.3609
87330 55.3745
87340 55.3943
87350 55.4196
87360 55.448
87370 55.4733
87380 55.4941
87390 55.5098
87400 55.5187
87410 55.5223
87420 55.5184
87430 55.498
87440 55.4609
87450 55.4134
87460 55.3548
87470 55.2822
87480 55.2022
87490 55.1278
87500 55.0693
87510 55.0278
87520 55.0017
87530 54.9898
87540 54.9937
87550 55.0151
87560 55.0508
87570 55.0864
87580 55.1108
87590 55.1271
87600 55.1476
87610 55.1824
87620 55.2313
87630 55.2874
87640 55.3476
87650 55.4176
87660 55.4998
87670 55.5882
87680 55.6786
87690 55.7703
87700 55.8555
87710 55.925
87720 55.9871
87730 56.0516
87740 56.1097
87750 56.1551
87760 56.1965
87770 56.2337
87780 56.2549
87790 56.2593
87800 56.2554
87810 56.2541
87820 56.2637
87830 56.2748
87840 56.2693
87850 56.2463
87860 56.2153
87870 56.1806
87880 56.1452
87890 56.1102
87900 56.0718
87910 56.0237
87920 55.9671
87930 55.9128
87940 55.8706
87950 55.8424
87960 55.8263
87970 55.8269
87980 55.8452
87990 55.8735
88000 55.9095
88010 55.9613
88020 56.0328
88030 56.1104
88040 56.1788
88050 56.2404
88060 56.3011
88070 56.3534
88080 56.3887
88090 56.4098
88100 56.4255
88110 56.442
88120 56.4574
88130 56.473
88140 56.496
88150 56.5259
88160 56.5582
88170 56.5923
88180 56.6275
88190 56.6596
88200 56.6839
88210 56.6994
88220 56.713
88230 56.732
88240 56.7571
88250 56.7893
88260 56.829
88270 56.8724
88280 56.9152
88290 56.9501
88300 56.9672
88310 56.9623
88320 56.9406
88330 56.9055
88340 56.8535
88350 56.7844
88360 56.706
88370 56.626
88380 56.5463
88390 56.4713
88400 56.4106
88410 56.3698
88420 56.3487
88430 56.3466
88440 56.3566
88450 56.3659
88460 56.3662
88470 56.3584
88480 56.3475
88490 56.3375
88500 56.3264
88510 56.3121
88520 56.2996
88530 56.2938
88540 56.2955
88550 56.2999
88560 56.3003
88570 56.2931
88580 56.2746
88590 56.2468
88600 56.2229
88610 56.2134
88620 56.2168
88630 56.2225
88640 56.2166
88650 56.1924
88660 56.1558
88670 56.1172
88680 56.0839
88690 56.0584
88700 56.0399
88710 56.023
88720 55.9986
88730 55.9621
88740 55.9188
88750 55.8774
88760 55.8426
88770 55.8142
88780 55.7849
88790 55.7444
88800 55.6922
88810 55.6329
88820 55.5683
88830 55.5037
88840 55.4462
88850 55.3914
88860 55.3387
88870 55.2982
88880 55.2717
88890 55.2537
88900 55.2391
88910 55.2227
88920 55.2007
88930 55.1727
88940 55.1342
88950 55.0805
88960 55.0168
88970 54.9555
88980 54.9074
88990 54.8777
89000 54.8658
89010 54.8673
89020 54.8777
89030 54.8875
89040 54.8826
89050 54.8615
89060 54.8344
89070 54.8058
89080 54.7777
89090 54.755
89100 54.7379
89110 54.7227
89120 54.7062
89130 54.6818
89140 54.6428
89150 54.5983
89160 54.5639
89170 54.5485
89180 54.5523
89190 54.5745
89200 54.6137
89210 54.6725
89220 54.7573
89230 54.8679
89240 54.9964
89250 55.136
89260 55.276
89270 55.4008
89280 55.5006
89290 55.5764
89300 55.629
89310 55.6548
89320 55.6549
89330 55.6356
89340 55.6009
89350 55.5614
89360 55.5312
89370 55.5113
89380 55.4952
89390 55.4827
89400 55.4761
89410 55.4718
89420 55.4589
89430 55.433
89440 55.4061
89450 55.3921
89460 55.3926
89470 55.4072
89480 55.4419
89490 55.4965
89500 55.5644
89510 55.6371
89520 55.7104
89530 55.7843
89540 55.8616
89550 55.942
89560 56.0186
89570 56.0855
89580 56.1365
89590 56.1621
89600 56.16
89610 56.1387
89620 56.106
89630 56.0711
89640 56.0453
89650 56.0369
89660 56.0504
89670 56.0886
89680 56.1454
89690 56.2055
89700 56.2524
89710 56.2716
89720 56.2627
89730 56.2368
89740 56.2016
89750 56.1645
89760 56.1393
89770 56.1358
89780 56.1513
89790 56.1796
89800 56.2163
89810 56.2523
89820 56.2796
89830 56.2957
89840 56.2947
89850 56.2721
89860 56.2326
89870 56.1842
89880 56.1313
89890 56.0789
89900 56.0286
89910 55.9805
89920 55.9409
89930 55.915
89940 55.9042
89950 55.9047
89960 55.9124
89970 55.9299
89980 55.9567
89990 55.9769
90000 55.972
90010 55.9373
90020 55.8834
90030 55.8222
90040 55.758
90050 55.6941
90060 55.6344
90070 55.578
90080 55.5214
90090 55.4667
90100 55.4131
90110 55.3552
90120 55.2942
90130 55.2438
90140 55.2176
90150 55.2263
90160 55.274
90170 55.3517
90180 55.447
90190 55.5513
90200 55.6598
90210 55.7718
90220 55.8883
90230 56.0039
90240 56.1038
90250 56.1793
90260 56.2366
90270 56.2888
90280 56.3432
90290 56.3973
90300 56.4492
90310 56.5058
90320 56.5695
90330 56.6285
90340 56.6675
90350 56.6837
90360 56.6859
90370 56.6841
90380 56.6841
90390 56.6871
90400 56.6894
90410 56.6911
90420 56.7038
90430 56.7406
90440 56.8009
90450 56.8749
90460 56.9614
90470 57.0587
90480 57.1495
90490 57.2134
90500 57.2414
90510 57.2302
90520 57.1874
90530 57.1341
90540 57.0873
90550 57.0556
90560 57.0451
90570 57.0559
90580 57.0755
90590 57.0839
90600 57.0701
90610 57.0347
90620 56.9795
90630 56.9148
90640 56.857
90650 56.813
90660 56.7833
90670 56.7692
90680 56.7675
90690 56.7755
90700 56.7916
90710 56.8084
90720 56.808
90730 56.7743
90740 56.7095
90750 56.6271
90760 56.542
90770 56.465
90780 56.4012
90790 56.3482
90800 56.3014
90810 56.2587
90820 56.223
90830 56.1987
90840 56.1885
90850 56.1939
90860 56.2131
90870 56.2427
90880 56.2857
90890 56.3437
90900 56.4048
90910 56.4451
90920 56.4464
90930 56.4161
90940 56.3781
90950 56.3451
90960 56.3208
90970 56.3099
90980 56.3055
90990 56.2985
91000 56.2962
91010 56.3063
91020 56.3208
91030 56.3303
91040 56.3373
91050 56.341
91060 56.3369
91070 56.3303
91080 56.3347
91090 56.3563
91100 56.3881
91110 56.4196
91120 56.4466
91130 56.4698
91140 56.4881
91150 56.4983
91160 56.4995
91170 56.4957
91180 56.488
91190 56.4753
91200 56.4532
91210 56.4181
91220 56.373
91230 56.3302
91240 56.3001
91250 56.2838
91260 56.2792
91270 56.2821
91280 56.2899
91290 56.3017
91300 56.3129
91310 56.3232
91320 56.343
91330 56.3775
91340 56.4172
91350 56.4571
91360 56.4962
91370 56.5264
91380 56.5443
91390 56.5583
91400 56.5747
91410 56.5907
91420 56.6009
91430 56.5976
91440 56.5773
91450 56.5452
91460 56.5099
91470 56.4787
91480 56.4548
91490 56.4405
91500 56.4436
91510 56.4731
91520 56.5288
91530 56.5986
91540 56.6703
91550 56.7395
91560 56.8034
91570 56.8585
91580 56.9065
91590 56.9544
91600 57.0065
91610 57.0667
91620 57.1371
91630 57.2131
91640 57.2909
91650 57.3698
91660 57.4467
91670 57.5162
91680 57.5694
91690 57.6001
91700 57.6146
91710 57.623
91720 57.6308
91730 57.6445
91740 57.6664
91750 57.6897
91760 57.7134
91770 57.7417
91780 57.7717
91790 57.7914
91800 57.7931
91810 57.7786
91820 57.7523
91830 57.7214
91840 57.6959
91850 57.6852
91860 57.6944
91870 57.7198
91880 57.7531
91890 57.7879
91900 57.8238
91910 57.8642
91920 57.9019
91930 57.929
91940 57.9487
91950 57.9639
91960 57.9677
91970 57.9555
91980 57.927
91990 57.8826
92000 57.8313
92010 57.7902
92020 57.7676
92030 57.7555
92040 57.7455
92050 57.7366
92060 57.7257
92070 57.708
92080 57.6887
92090 57.6738
92100 57.658
92110 57.6322
92120 57.5992
92130 57.5653
92140 57.53
92150 57.4934
92160 57.4616
92170 57.4383
92180 57.4181
92190 57.3983
92200 57.3786
92210 57.3585
92220 57.3448
92230 57.3429
92240 57.3487
92250 57.3596
92260 57.3779
92270 57.4034
92280 57.4358
92290 57.4785
92300 57.5304
92310 57.5844
92320 57.6365
92330 57.6877
92340 57.7374
92350 57.7852
92360 57.8313
92370 57.8714
92380 57.9033
92390 57.9339
92400 57.9668
92410 57.9988
92420 58.0314
92430 58.064
92440 58.0905
92450 58.1106
92460 58.128
92470 58.1401
92480 58.1481
92490 58.1626
92500 58.193
92510 58.24
92520 58.2997
92530 58.365
92540 58.4275
92550 58.4816
92560 58.5196
92570 58.5386
92580 58.5443
92590 58.5392
92600 58.5214
92610 58.499
92620 58.4879
92630 58.4954
92640 58.5189
92650 58.5519
92660 58.5853
92670 58.6137
92680 58.6424
92690 58.6738
92700 58.6993
92710 58.7159
92720 58.7255
92730 58.7203
92740 58.6948
92750 58.6568
92760 58.6143
92770 58.5661
92780 58.5121
92790 58.4614
92800 58.4286
92810 58.421
92820 58.4321
92830 58.4416
92840 58.4297
92850 58.3943
92860 58.3497
92870 58.3056
92880 58.2623
92890 58.2195
92900 58.1749
92910 58.1237
92920 58.0657
92930 58.0042
92940 57.9409
92950 57.878
92960 57.82
92970 57.7781
92980 57.7598
92990 57.7668
93000 57.8029
93010 57.8709
93020 57.9575
93030 58.0404
93040 58.1074
93050 58.1557
93060 58.1837
93070 58.1932
93080 58.1898
93090 58.181
93100 58.1691
93110 58.1542
93120 58.1392
93130 58.1307
93140 58.1383
93150 58.1614
93160 58.1886
93170 58.2161
93180 58.2443
93190 58.2666
93200 58.278
93210 58.288
93220 58.3059
93230 58.3298
93240 58.3618
93250 58.4109
93260 58.4769
93270 58.553
93280 58.6342
93290 58.714
93300 58.7836
93310 58.834
93320 58.8645
93330 58.8867
93340 58.9124
93350 58.9505
93360 59.0093
93370 59.0965
93380 59.2125
93390 59.3418
93400 59.4678
93410 59.5856
93420 59.6923
93430 59.7842
93440 59.8616
93450 59.9248
93460 59.9695
93470 59.9979
93480 60.0258
93490 60.0629
93500 60.105
93510 60.1439
93520 60.1739
93530 60.2005
93540 60.232
93550 60.2607
93560 60.2781
93570 60.2903
93580 60.3024
93590 60.3101
93600 60.3151
93610 60.3256
93620 60.3409
93630 60.35
93640 60.3439
93650 60.3295
93660 60.3199
93670 60.3198
93680 60.3242
93690 60.3269
93700 60.326
93710 60.3237
93720 60.3216
93730 60.3158
93740 60.3008
93750 60.2742
93760 60.2379
93770 60.2022
93780 60.1799
93790 60.1721
93800 60.174
93810 60.1821
93820 60.1953
93830 60.2135
93840 60.2283
93850 60.227
93860 60.2066
93870 60.1699
93880 60.1223
93890 60.0767
93900 60.0423
93910 60.0183
93920 60.0013
93930 59.9867
93940 59.9758
93950 59.9682
93960 59.9546
93970 59.9308
93980 59.9053
93990 59.8831
94000 59.8541
94010 59.8096
94020 59.7538
94030 59.6887
94040 59.6085
94050 59.516
94060 59.4261
94070 59.3478
94080 59.2835
94090 59.2317
94100 59.1892
94110 59.1502
94120 59.1115
94130 59.0762
94140 59.0502
94150 59.0401
94160 59.054
94170 59.0971
94180 59.1645
94190 59.2448
94200 59.329
94210 59.4154
94220 59.5049
94230 59.5898
94240 59.6633
94250 59.7267
94260 59.7821
94270 59.8268
94280 59.8602
94290 59.8892
94300 59.9189
94310 59.9514
94320 59.9878
94330 60.0261
94340 60.0666
94350 60.1127
94360 60.1667
94370 60.2224
94380 60.2683
94390 60.3034
94400 60.3358
94410 60.3622
94420 60.371
94430 60.3573
94440 60.3251
94450 60.2811
94460 60.2268
94470 60.1622
94480 60.0903
94490 60.0191
94500 59.9586
94510 59.9186
94520 59.9043
94530 59.9098
94540 59.9229
94550 59.9319
94560 59.9297
94570 59.9126
94580 59.8743
94590 59.8153
94600 59.7496
94610 59.6905
94620 59.6462
94630 59.6221
94640 59.6237
94650 59.6512
94660 59.6959
94670 59.7485
94680 59.8033
94690 59.8549
94700 59.9005
94710 59.943
94720 59.9865
94730 60.0297
94740 60.0678
94750 60.0974
94760 60.1144
94770 60.1181
94780 60.1179
94790 60.1293
94800 60.1605
94810 60.211
94820 60.275
94830 60.3459
94840 60.4167
94850 60.4806
94860 60.531
94870 60.56
94880 60.5642
94890 60.5507
94900 60.5251
94910 60.4823
94920 60.4214
94930 60.3479
94940 60.2642
94950 60.1708
94960 60.0738
94970 59.9848
94980 59.91
94990 59.8505
95000 59.8071
95010 59.7755
95020 59.7531
95030 59.7455
95040 59.7534
95050 59.7675
95060 59.7774
95070 59.7782
95080 59.7683
95090 59.7436
95100 59.7051
95110 59.6614
95120 59.6245
95130 59.6015
95140 59.5907
95150 59.5895
95160 59.597
95170 59.6047
95180 59.6044
95190 59.5905
95200 59.5608
95210 59.523
95220 59.4899
95230 59.4685
95240 59.4618
95250 59.4696
95260 59.4845
95270 59.4961
95280 59.5074
95290 59.5283
95300 59.5562
95310 59.5861
95320 59.6221
95330 59.6688
95340 59.7254
95350 59.7882
95360 59.8532
95370 59.9146
95380 59.9639
95390 59.9996
95400 60.0236
95410 60.0332
95420 60.0284
95430 60.0155
95440 59.9944
95450 59.9583
95460 59.9119
95470 59.8714
95480 59.8476
95490 59.8403
95500 59.8512
95510 59.8809
95520 59.921
95530 59.9539
95540 59.9666
95550 59.9588
95560 59.937
95570 59.9103
95580 59.8908
95590 59.8879
95600 59.9027
95610 59.9309
95620 59.9656
95630 60.0105
95640 60.0717
95650 60.1431
95660 60.2103
95670 60.2677
95680 60.3206
95690 60.37
95700 60.4095
95710 60.4294
95720 60.4227
95730 60.3856
95740 60.3198
95750 60.231
95760 60.126
95770 60.0196
95780 59.9268
95790 59.8533
95800 59.8065
95810 59.7924
95820 59.7964
95830 59.8006
95840 59.8048
95850 59.8144
95860 59.8288
95870 59.8494
95880 59.8808
95890 59.9198
95900 59.9561
95910 59.987
95920 60.0208
95930 60.0622
95940 60.105
95950 60.1478
95960 60.1902
95970 60.2271
95980 60.2562
95990 60.2805
96000 60.3036
96010 60.3243
96020 60.3438
96030 60.3652
96040 60.3924
96050 60.4288
96060 60.4708
96070 60.5097
96080 60.5403
96090 60.5664
96100 60.5944
96110 60.6275
96120 60.6672
96130 60.7153
96140 60.7658
96150 60.8059
96160 60.8305
96170 60.84
96180 60.8344
96190 60.8131
96200 60.7829
96210 60.7585
96220 60.7487
96230 60.7528
96240 60.7707
96250 60.8071
96260 60.8581
96270 60.9137
96280 60.9722
96290 61.0285
96300 61.0743
96310 61.1043
96320 61.112
96330 61.0944
96340 61.0598
96350 61.0226
96360 60.9876
96370 60.9525
96380 60.9223
96390 60.9059
96400 60.9051
96410 60.9153
96420 60.9281
96430 60.9365
96440 60.9396
96450 60.9469
96460 60.9671
96470 60.9929
96480 61.0145
96490 61.0386
96500 61.0744
96510 61.1231
96520 61.1835
96530 61.2563
96540 61.3386
96550 61.4292
96560 61.5288
96570 61.637
96580 61.7555
96590 61.8821
96600 62.0066
96610 62.1224
96620 62.2311
96630 62.3336
96640 62.4261
96650 62.5007
96660 62.5467
96670 62.5585
96680 62.5412
96690 62.5079
96700 62.4639
96710 62.4059
96720 62.3407
96730 62.2805
96740 62.2329
96750 62.1995
96760 62.1751
96770 62.154
96780 62.1304
96790 62.0941
96800 62.0373
96810 61.9616
96820 61.8786
96830 61.8063
96840 61.7512
96850 61.7075
96860 61.6689
96870 61.6369
96880 61.6137
96890 61.5965
96900 61.5878
96910 61.5936
96920 61.6103
96930 61.6247
96940 61.629
96950 61.6207
96960 61.5982
96970 61.5665
96980 61.533
96990 61.4998
97000 61.4659
97010 61.4284
97020 61.3888
97030 61.3491
97040 61.3092
97050 61.2693
97060 61.2367
97070 61.2225
97080 61.2251
97090 61.2373
97100 61.2597
97110 61.295
97120 61.3422
97130 61.4007
97140 61.4682
97150 61.5367
97160 61.5965
97170 61.6407
97180 61.6638
97190 61.6655
97200 61.6471
97210 61.613
97220 61.5736
97230 61.5384
97240 61.5102
97250 61.4878
97260 61.4772
97270 61.4862
97280 61.508
97290 61.5265
97300 61.5318
97310 61.5221
97320 61.4958
97330 61.4517
97340 61.3989
97350 61.3486
97360 61.308
97370 61.2828
97380 61.2773
97390 61.2885
97400 61.3049
97410 61.3165
97420 61.3179
97430 61.3059
97440 61.2852
97450 61.266
97460 61.2516
97470 61.2405
97480 61.2367
97490 61.2434
97500 61.2599
97510 61.2852
97520 61.3174
97530 61.3556
97540 61.396
97550 61.4314
97560 61.4504
97570 61.4454
97580 61.4209
97590 61.3863
97600 61.3473
97610 61.3083
97620 61.2757
97630 61.2535
97640 61.2363
97650 61.2189
97660 61.2027
97670 61.195
97680 61.209
97690 61.2481
97700 61.2953
97710 61.3341
97720 61.3591
97730 61.3631
97740 61.338
97750 61.2907
97760 61.2338
97770 61.171
97780 61.1051
97790 61.0487
97800 61.0139
97810 60.9996
97820 60.9968
97830 60.9993
97840 61.0096
97850 61.0324
97860 61.067
97870 61.1089
97880 61.1486
97890 61.1803
97900 61.2006
97910 61.2041
97920 61.1837
97930 61.1415
97940 61.0885
97950 61.0367
97960 60.9942
97970 60.9691
97980 60.9726
97990 61.0023
98000 61.0431
98010 61.0819
98020 61.1082
98030 61.1182
98040 61.112
98050 61.0897
98060 61.0612
98070 61.0357
98080 61.0143
98090 60.9991
98100 60.9891
98110 60.9722
98120 60.9327
98130 60.87
98140 60.8004
98150 60.7397
98160 60.6972
98170 60.6753
98180 60.6658
98190 60.6557
98200 60.6356
98210 60.5993
98220 60.5419
98230 60.4643
98240 60.3733
98250 60.2782
98260 60.1894
98270 60.1169
98280 60.0628
98290 60.0198
98300 59.9868
98310 59.9699
98320 59.967
98330 59.9678
98340 59.9681
98350 59.9689
98360 59.9652
98370 59.9534
98380 59.935
98390 59.9058
98400 59.8573
98410 59.7937
98420 59.726
98430 59.6554
98440 59.577
98450 59.491
98460 59.4068
98470 59.3339
98480 59.277
98490 59.2342
98500 59.1988
98510 59.1639
98520 59.1299
98530 59.0976
98540 59.0672
98550 59.0429
98560 59.023
98570 59.0034
98580 58.9931
98590 59.0013
98600 59.0249
98610 59.0565
98620 59.0923
98630 59.1328
98640 59.1781
98650 59.2264
98660 59.2747
98670 59.3219
98680 59.3658
98690 59.3975
98700 59.4028
98710 59.377
98720 59.3299
98730 59.2721
98740 59.2107
98750 59.1545
98760 59.1102
98770 59.0795
98780 59.0596
98790 59.0452
98800 59.0335
98810 59.03
98820 59.0378
98830 59.0494
98840 59.054
98850 59.0523
98860 59.0576
98870 59.0786
98880 59.1133
98890 59.1612
98900 59.2238
98910 59.3031
98920 59.4008
98930 59.5122
98940 59.6221
98950 59.7192
98960 59.803
98970 59.8719
98980 59.923
98990 59.9531
99000 59.9592
99010 59.9432
99020 59.9207
99030 59.9077
99040 59.9026
99050 59.8957
99060 59.885
99070 59.8741
99080 59.8676
99090 59.8637
99100 59.8547
99110 59.8352
99120 59.8056
99130 59.7724
99140 59.7426
99150 59.7172
99160 59.6998
99170 59.7047
99180 59.7409
99190 59.804
99200 59.8852
99210 59.979
99220 60.0778
99230 60.1724
99240 60.2511
99250 60.2987
99260 60.3136
99270 60.3158
99280 60.3176
99290 60.3112
99300 60.2924
99310 60.2689
99320 60.2501
99330 60.2435
99340 60.2518
99350 60.2743
99360 60.3095
99370 60.3556
99380 60.4087
99390 60.4602
99400 60.4972
99410 60.513
99420 60.5098
99430 60.49
99440 60.4582
99450 60.42
99460 60.3802
99470 60.3431
99480 60.3093
99490 60.2814
99500 60.2666
99510 60.2635
99520 60.2614
99530 60.2576
99540 60.2582
99550 60.2681
99560 60.2928
99570 60.3409
99580 60.4112
99590 60.4907
99600 60.5648
99610 60.6205
99620 60.6462
99630 60.638
99640 60.6091
99650 60.5807
99660 60.5642
99670 60.5588
99680 60.5619
99690 60.5711
99700 60.5833
99710 60.5927
99720 60.5901
99730 60.5698
99740 60.5332
99750 60.4847
99760 60.4322
99770 60.3846
99780 60.3398
99790 60.2873
99800 60.2281
99810 60.1738
99820 60.1281
99830 60.0873
99840 60.0508
99850 60.0216
99860 60.001
99870 59.9866
99880 59.9812
99890 59.9916
99900 60.018
99910 60.0565
99920 60.1009
99930 60.1427
99940 60.1825
99950 60.2259
99960 60.2737
99970 60.3185
99980 60.3508
99990 60.3641
100000 60.3613
100010 60.3468
100020 60.3216
100030 60.2873
100040 60.2526
100050 60.2268
100060 60.2137
100070 60.2087
100080 60.201
100090 60.1869
100100 60.1724
100110 60.1621
100120 60.1524
100130 60.1393
100140 60.1216
100150 60.0902
100160 60.035
100170 59.9611
100180 59.8848
100190 59.8179
100200 59.7693
100210 59.7452
100220 59.7418
100230 59.7514
100240 59.7743
100250 59.809
100260 59.8426
100270 59.8582
100280 59.8459
100290 59.8018
100300 59.7286
100310 59.6413
100320 59.5541
100330 59.4774
100340 59.4163
100350 59.3696
100360 59.339
100370 59.3302
100380 59.3462
100390 59.3849
100400 59.4383
100410 59.4915
100420 59.5346
100430 59.5668
100440 59.5876
100450 59.5978
100460 59.6079
100470 59.6294
100480 59.6606
100490 59.6969
100500 59.7418
100510 59.7988
100520 59.8643
100530 59.9365
100540 60.0182
100550 60.1109
100560 60.2117
100570 60.309
100580 60.3879
100590 60.446
100600 60.4869
100610 60.5054
100620 60.4982
100630 60.4803
100640 60.4712
100650 60.4776
100660 60.4952
100670 60.5152
100680 60.5338
100690 60.5523
100700 60.569
100710 60.585
100720 60.6054
100730 60.6319
100740 60.6602
100750 60.6846
100760 60.7049
100770 60.7286
100780 60.7622
100790 60.8006
100800 60.8359
100810 60.8693
100820 60.9064
100830 60.9516
100840 61.0112
100850 61.0883
100860 61.1734
100870 61.2526
100880 61.324
100890 61.3913
100900 61.4498
100910 61.4943
100920 61.5308
100930 61.5664
100940 61.5976
100950 61.6234
100960 61.65
100970 61.6847
100980 61.7262
100990 61.7607
101000 61.7776
101010 61.7883
101020 61.8043
101030 61.8196
101040 61.8288
101050 61.8377
101060 61.8526
101070 61.8716
101080 61.8888
101090 61.8991
101100 61.9042
101110 61.9093
101120 61.9175
101130 61.9303
101140 61.9472
101150 61.9731
101160 62.0164
101170 62.0772
101180 62.1479
101190 62.2245
101200 62.2984
101210 62.3551
101220 62.3865
101230 62.3986
101240 62.4032
101250 62.4087
101260 62.4162
101270 62.424
101280 62.4317
101290 62.4331
101300 62.4219
101310 62.3981
101320 62.3691
101330 62.3439
101340 62.3247
101350 62.3082
101360 62.2969
101370 62.3022
101380 62.3289
101390 62.3701
101400 62.419
101410 62.4772
101420 62.5504
101430 62.6329
101440 62.7068
101450 62.7616
101460 62.7952
101470 62.8007
101480 62.7736
101490 62.7264
101500 62.6728
101510 62.6194
101520 62.5752
101530 62.5467
101540 62.5291
101550 62.514
101560 62.4962
101570 62.4738
101580 62.4421
101590 62.3984
101600 62.3445
101610 62.2848
101620 62.2275
101630 62.1787
101640 62.143
101650 62.1304
101660 62.146
101670 62.1866
101680 62.2414
101690 62.298
101700 62.3463
101710 62.3814
101720 62.4066
101730 62.4307
101740 62.4584
101750 62.4836
101760 62.5
101770 62.5117
101780 62.5262
101790 62.5467
101800 62.5809
101810 62.6399
101820 62.7262
101830 62.8339
101840 62.9515
101850 63.0591
101860 63.1431
101870 63.2081
101880 63.2671
101890 63.3217
101900 63.3679
101910 63.4066
101920 63.4407
101930 63.4692
101940 63.4932
101950 63.5134
101960 63.5197
101970 63.5014
101980 63.4719
101990 63.4531
102000 63.4445
102010 63.4364
102020 63.4299
102030 63.4314
102040 63.4431
102050 63.4588
102060 63.4749
102070 63.4915
102080 63.5057
102090 63.5148
102100 63.5161
102110 63.5078
102120 63.4959
102130 63.4876
102140 63.4781
102150 63.4622
102160 63.4444
102170 63.4299
102180 63.4211
102190 63.4198
102200 63.4219
102210 63.4161
102220 63.3953
102230 63.3617
102240 63.3248
102250 63.2914
102260 63.2612
102270 63.2314
102280 63.2028
102290 63.1807
102300 63.1716
102310 63.1786
102320 63.2001
102330 63.2373
102340 63.295
102350 63.3696
102360 63.4478
102370 63.5205
102380 63.5868
102390 63.6483
102400 63.6969
102410 63.7187
102420 63.7126
102430 63.6914
102440 63.6695
102450 63.6632
102460 63.6852
102470 63.7334
102480 63.7947
102490 63.8582
102500 63.9204
102510 63.9814
102520 64.0361
102530 64.0759
102540 64.0986
102550 64.1121
102560 64.1325
102570 64.1706
102580 64.2181
102590 64.2617
102600 64.3027
102610 64.3471
102620 64.3924
102630 64.4306
102640 64.4595
102650 64.4788
102660 64.4849
102670 64.4772
102680 64.4619
102690 64.4461
102700 64.4346
102710 64.4296
102720 64.4291
102730 64.4326
102740 64.4377
102750 64.4409
102760 64.4428
102770 64.4447
102780 64.4401
102790 64.4287
102800 64.4202
102810 64.4188
102820 64.4169
102830 64.4024
102840 64.3692
102850 64.3206
102860 64.2649
102870 64.2078
102880 64.1527
102890 64.1058
102900 64.0696
102910 64.0403
102920 64.0138
102930 63.9874
102940 63.965
102950 63.9517
102960 63.9551
102970 63.9859
102980 64.0502
102990 64.1393
103000 64.2401
103010 64.3391
103020 64.4231
103030 64.4846
103040 64.5254
103050 64.5527
103060 64.574
103070 64.5923
103080 64.6126
103090 64.6422
103100 64.6819
103110 64.7222
103120 64.752
103130 64.7682
103140 64.772
103150 64.7665
103160 64.7664
103170 64.7859
103180 64.8197
103190 64.853
103200 64.8803
103210 64.9007
103220 64.9101
103230 64.907
103240 64.8998
103250 64.8958
103260 64.8957
103270 64.9
103280 64.9109
103290 64.9277
103300 64.9486
103310 64.9768
103320 65.01
103330 65.041
103340 65.0635
103350 65.0735
103360 65.0704
103370 65.0586
103380 65.0455
103390 65.0405
103400 65.0565
103410 65.1008
103420 65.1653
103430 65.2335
103440 65.2884
103450 65.3145
103460 65.3084
103470 65.2784
103480 65.2358
103490 65.1934
103500 65.153
103510 65.1085
103520 65.0691
103530 65.0443
103540 65.0248
103550 65.0054
103560 64.9968
103570 65.0055
103580 65.0264
103590 65.0503
103600 65.0686
103610 65.0821
103620 65.0955
103630 65.1008
103640 65.0888
103650 65.0715
103660 65.0657
103670 65.0733
103680 65.0851
103690 65.0953
103700 65.1029
103710 65.108
103720 65.11
103730 65.1093
103740 65.1126
103750 65.1246
103760 65.1445
103770 65.1707
103780 65.2034
103790 65.2424
103800 65.2817
103810 65.3083
103820 65.3147
103830 65.3066
103840 65.2912
103850 65.2686
103860 65.2398
103870 65.2063
103880 65.1655
103890 65.1187
103900 65.0727
103910 65.0276
103920 64.982
103930 64.9417
103940 64.913
103950 64.897
103960 64.8948
103970 64.9082
103980 64.9332
103990 64.968
104000 65.0208
104010 65.0956
104020 65.1783
104030 65.2516
104040 65.3075
104050 65.3393
104060 65.3434
104070 65.329
104080 65.311
104090 65.2912
104100 65.2642
104110 65.2321
104120 65.1986
104130 65.1568
104140 65.1014
104150 65.0395
104160 64.9809
104170 64.9278
104180 64.8801
104190 64.8427
104200 64.8195
104210 64.81
104220 64.8073
104230 64.806
104240 64.8064
104250 64.8086
104260 64.8144
104270 64.83
104280 64.8513
104290 64.866
104300 64.8708
104310 64.8771
104320 64.8938
104330 64.9195
104340 64.9514
104350 64.9935
104360 65.0498
104370 65.1145
104380 65.1756
104390 65.2214
104400 65.2492
104410 65.2653
104420 65.2758
104430 65.2874
104440 65.3072
104450 65.3349
104460 65.3634
104470 65.3837
104480 65.3903
104490 65.389
104500 65.3968
104510 65.4211
104520 65.4528
104530 65.4842
104540 65.5101
104550 65.5255
104560 65.5318
104570 65.5365
104580 65.5398
104590 65.5379
104600 65.5357
104610 65.541
104620 65.5559
104630 65.5803
104640 65.6198
104650 65.6688
104660 65.7059
104670 65.7152
104680 65.6996
104690 65.6718
104700 65.6394
104710 65.609
104720 65.5905
104730 65.5898
104740 65.5962
104750 65.591
104760 65.5716
104770 65.5464
104780 65.5148
104790 65.471
104800 65.4148
104810 65.3532
104820 65.2951
104830 65.2509
104840 65.227
104850 65.2159
104860 65.2062
104870 65.1914
104880 65.172
104890 65.1566
104900 65.1551
104910 65.1638
104920 65.174
104930 65.1798
104940 65.1716
104950 65.1383
104960 65.082
104970 65.0168
104980 64.95
104990 64.8746
105000 64.7904
105010 64.7172
105020 64.6671
105030 64.626
105040 64.5807
105050 64.5388
105060 64.5118
105070 64.4953
105080 64.4748
105090 64.4448
105100 64.4086
105110 64.3649
105120 64.313
105130 64.2569
105140 64.2015
105150 64.1555
105160 64.1306
105170 64.1272
105180 64.1367
105190 64.159
105200 64.1955
105210 64.2384
105220 64.2785
105230 64.3152
105240 64.3476
105250 64.3763
105260 64.4068
105270 64.4405
105280 64.4695
105290 64.4839
105300 64.4841
105310 64.4756
105320 64.4646
105330 64.4581
105340 64.4605
105350 64.4783
105360 64.519
105370 64.5793
105380 64.649
105390 64.7275
105400 64.8163
105410 64.9042
105420 64.9706
105430 65.0062
105440 65.0223
105450 65.0306
105460 65.0319
105470 65.0232
105480 65.0074
105490 64.9942
105500 64.9928
105510 65.0064
105520 65.0304
105530 65.0562
105540 65.0793
105550 65.1025
105560 65.1307
105570 65.1639
105580 65.1983
105590 65.2337
105600 65.267
105610 65.288
105620 65.2937
105630 65.2899
105640 65.2802
105650 65.2608
105660 65.2254
105670 65.1755
105680 65.1228
105690 65.0859
105700 65.0755
105710 65.0844
105720 65.1065
105730 65.1446
105740 65.1951
105750 65.2459
105760 65.2855
105770 65.3107
105780 65.3271
105790 65.3418
105800 65.357
105810 65.3741
105820 65.3998
105830 65.4373
105840 65.4839
105850 65.5361
105860 65.5884
105870 65.636
105880 65.6739
105890 65.6964
105900 65.698
105910 65.6814
105920 65.6596
105930 65.6412
105940 65.6298
105950 65.6346
105960 65.6603
105970 65.6987
105980 65.7433
105990 65.794
106000 65.8509
106010 65.9121
106020 65.9708
106030 66.021
106040 66.0599
106050 66.0938
106060 66.1289
106070 66.1628
106080 66.1886
106090 66.1988
106100 66.1992
106110 66.2055
106120 66.2217
106130 66.2423
106140 66.2687
106150 66.3142
106160 66.3826
106170 66.4635
106180 66.555
106190 66.6583
106200 66.758
106210 66.8388
106220 66.904
106230 66.9524
106240 66.9702
106250 66.9561
106260 66.9247
106270 66.888
106280 66.8483
106290 66.8056
106300 66.7607
106310 66.7149
106320 66.6699
106330 66.6273
106340 66.5894
106350 66.5557
106360 66.5252
106370 66.4993
106380 66.4779
106390 66.4614
106400 66.4569
106410 66.4673
106420 66.4909
106430 66.5245
106440 66.5586
106450 66.5857
106460 66.6019
106470 66.6071
106480 66.6057
106490 66.5979
106500 66.5865
106510 66.5783
106520 66.5759
106530 66.5703
106540 66.5548
106550 66.5373
106560 66.5285
106570 66.5304
106580 66.5421
106590 66.563
106600 66.5918
106610 66.6227
106620 66.6535
106630 66.6832
106640 66.7053
106650 66.7195
106660 66.7364
106670 66.764
106680 66.7966
106690 66.8207
106700 66.8308
106710 66.8358
106720 66.851
106730 66.8856
106740 66.9322
106750 66.9799
106760 67.0288
106770 67.0794
106780 67.1251
106790 67.1617
106800 67.192
106810 67.214
106820 67.2176
106830 67.2018
106840 67.179
106850 67.1673
106860 67.1766
106870 67.2092
106880 67.2587
106890 67.309
106900 67.3491
106910 67.3809
106920 67.4076
106930 67.429
106940 67.441
106950 67.4389
106960 67.4263
106970 67.4107
106980 67.3913
106990 67.3697
107000 67.3576
107010 67.3575
107020 67.3578
107030 67.3518
107040 67.3411
107050 67.3239
107060 67.2969
107070 67.2622
107080 67.2299
107090 67.2111
107100 67.2086
107110 67.2203
107120 67.2452
107130 67.2767
107140 67.3019
107150 67.3137
107160 67.3151
107170 67.3073
107180 67.2903
107190 67.2673
107200 67.2398
107210 67.2054
107220 67.1711
107230 67.1439
107240 67.1207
107250 67.0934
107260 67.0529
107270 66.999
107280 66.9457
107290 66.907
107300 66.8865
107310 66.8804
107320 66.8894
107330 66.9072
107340 66.9157
107350 66.9094
107360 66.8922
107370 66.866
107380 66.8331
107390 66.797
107400 66.7573
107410 66.7154
107420 66.6808
107430 66.6617
107440 66.6558
107450 66.6554
107460 66.6568
107470 66.6599
107480 66.6638
107490 66.6668
107500 66.6676
107510 66.6673
107520 66.6751
107530 66.6984
107540 66.7355
107550 66.7769
107560 66.8114
107570 66.8345
107580 66.8456
107590 66.8447
107600 66.8331
107610 66.8113
107620 66.7825
107630 66.7506
107640 66.7167
107650 66.6827
107660 66.6478
107670 66.6098
107680 66.5659
107690 66.5068
107700 66.4301
107710 66.3446
107720 66.2603
107730 66.1874
107740 66.1321
107750 66.0954
107760 66.0754
107770 66.0751
107780 66.0949
107790 66.1207
107800 66.1309
107810 66.1154
107820 66.08
107830 66.0397
107840 66.0086
107850 65.9875
107860 65.9718
107870 65.9588
107880 65.9483
107890 65.9443
107900 65.9502
107910 65.9637
107920 65.9743
107930 65.9711
107940 65.9551
107950 65.9383
107960 65.9305
107970 65.9336
107980 65.944
107990 65.9525
108000 65.9499
108010 65.9323
108020 65.901
108030 65.8566
108040 65.8091
108050 65.7713
108060 65.7502
108070 65.747
108080 65.7601
108090 65.7795
108100 65.7894
108110 65.7849
108120 65.7769
108130 65.7788
108140 65.7934
108150 65.814
108160 65.8387
108170 65.8728
108180 65.9171
108190 65.968
108200 66.0204
108210 66.0713
108220 66.1142
108230 66.1388
108240 66.1411
108250 66.1249
108260 66.0983
108270 66.0641
108280 66.0198
108290 65.959
108300 65.8841
108310 65.8131
108320 65.7555
108330 65.7046
108340 65.6527
108350 65.6034
108360 65.5617
108370 65.5238
108380 65.4913
108390 65.4755
108400 65.4809
108410 65.5016
108420 65.521
108430 65.5249
108440 65.5171
108450 65.5123
108460 65.5173
108470 65.5233
108480 65.52
108490 65.509
108500 65.4949
108510 65.4807
108520 65.4683
108530 65.4614
108540 65.4686
108550 65.494
108560 65.5281
108570 65.555
108580 65.571
108590 65.5853
108600 65.6051
108610 65.6289
108620 65.6545
108630 65.6787
108640 65.7005
108650 65.7223
108660 65.7432
108670 65.7618
108680 65.7855
108690 65.8276
108700 65.8929
108710 65.9685
108720 66.0379
108730 66.0892
108740 66.1127
108750 66.1025
108760 66.0644
108770 66.0176
108780 65.9835
108790 65.9675
108800 65.9624
108810 65.9614
108820 65.9635
108830 65.9687
108840 65.9795
108850 65.9957
108860 66.0105
108870 66.0157
108880 66.0073
108890 65.9884
108900 65.9693
108910 65.9571
108920 65.9494
108930 65.9401
108940 65.9262
108950 65.9022
108960 65.8649
108970 65.8196
108980 65.7672
108990 65.7101
109000 65.6616
109010 65.6366
109020 65.6373
109030 65.6518
109040 65.6661
109050 65.6727
109060 65.6693
109070 65.6601
109080 65.6523
109090 65.6444
109100 65.6357
109110 65.6342
109120 65.6457
109130 65.6632
109140 65.675
109150 65.6798
109160 65.6826
109170 65.6864
109180 65.6923
109190 65.7044
109200 65.7301
109210 65.7673
109220 65.8079
109230 65.8444
109240 65.8731
109250 65.8953
109260 65.9135
109270 65.9285
109280 65.9407
109290 65.961
109300 66.0015
109310 66.0624
109320 66.1344
109330 66.2102
109340 66.2921
109350 66.3792
109360 66.4628
109370 66.5359
109380 66.5931
109390 66.6291
109400 66.6429
109410 66.6382
109420 66.6219
109430 66.5974
109440 66.5697
109450 66.5496
109460 66.5449
109470 66.5512
109480 66.5596
109490 66.5678
109500 66.5757
109510 66.5781
109520 66.5712
109530 66.5577
109540 66.5412
109550 66.5226
109560 66.5031
109570 66.486
109580 66.4714
109590 66.4544
109600 66.4309
109610 66.407
109620 66.3897
109630 66.3744
109640 66.3549
109650 66.3291
109660 66.2979
109670 66.2631
109680 66.2239
109690 66.1811
109700 66.1371
109710 66.0947
109720 66.0577
109730 66.0286
109740 66.009
109750 66.0022
109760 66.0061
109770 66.0138
109780 66.018
109790 66.0191
109800 66.0233
109810 66.0325
109820 66.0399
109830 66.0407
109840 66.0437
109850 66.0615
109860 66.095
109870 66.1431
109880 66.2071
109890 66.2805
109900 66.3535
109910 66.4183
109920 66.47
109930 66.5033
109940 66.5142
109950 66.5088
109960 66.5011
109970 66.4969
109980 66.4905
109990 66.478
110000 66.4675
110010 66.4671
110020 66.4741
110030 66.4828
110040 66.489
110050 66.4881
110060 66.4749
110070 66.4505
110080 66.4264
110090 66.411
110100 66.4041
110110 66.4058
110120 66.416
110130 66.4296
110140 66.4345
110150 66.4266
110160 66.4143
110170 66.4001
110180 66.3759
110190 66.3372
110200 66.2911
110210 66.2514
110220 66.2288
110230 66.2262
110240 66.2367
110250 66.2522
110260 66.2691
110270 66.2805
110280 66.2773
110290 66.2661
110300 66.2569
110310 66.2502
110320 66.2506
110330 66.2674
110340 66.2913
110350 66.3053
110360 66.3084
110370 66.3085
110380 66.3132
110390 66.3255
110400 66.3399
110410 66.3504
110420 66.36
110430 66.3725
110440 66.381
110450 66.3785
110460 66.3683
110470 66.3543
110480 66.3437
110490 66.3494
110500 66.379
110510 66.4335
110520 66.5084
110530 66.5917
110540 66.6734
110550 66.7478
110560 66.8079
110570 66.8486
110580 66.8718
110590 66.8794
110600 66.8706
110610 66.8488
110620 66.8224
110630 66.8041
110640 66.8005
110650 66.8041
110660 66.8015
110670 66.7819
110680 66.7414
110690 66.6894
110700 66.6422
110710 66.61
110720 66.5997
110730 66.6202
110740 66.67
110750 66.7326
110760 66.7883
110770 66.8285
110780 66.8562
110790 66.8763
110800 66.8931
110810 66.9166
110820 66.9587
110830 67.0163
110840 67.0736
110850 67.1161
110860 67.1346
110870 67.1266
110880 67.0975
110890 67.0554
110900 67.0114
110910 66.9777
110920 66.9586
110930 66.9537
110940 66.9565
110950 66.9582
110960 66.9539
110970 66.9425
110980 66.9283
110990 66.9208
111000 66.9281
111010 66.9495
111020 66.9869
111030 67.0423
111040 67.0981
111050 67.1283
111060 67.1212
111070 67.0793
111080 67.0107
111090 66.9309
111100 66.8613
111110 66.8063
111120 66.758
111130 66.7201
111140 66.7
111150 66.6962
111160 66.7075
111170 66.7348
111180 66.7757
111190 66.8197
111200 66.8564
111210 66.8786
111220 66.8802
111230 66.8619
111240 66.8346
111250 66.8094
111260 66.7887
111270 66.7769
111280 66.7808
111290 66.7981
111300 66.8228
111310 66.8545
111320 66.8932
111330 66.9362
111340 66.9863
111350 67.0415
111360 67.0904
111370 67.128
111380 67.1611
111390 67.1951
111400 67.2332
111410 67.2798
111420 67.3323
111430 67.3836
111440 67.432
111450 67.4822
111460 67.5364
111470 67.591
111480 67.6441
111490 67.6973
111500 67.7523
111510 67.8046
111520 67.85
111530 67.8905
111540 67.9262
111550 67.9571
111560 67.9887
111570 68.0242
111580 68.0567
111590 68.0743
111600 68.066
111610 68.0248
111620 67.958
111630 67.8866
111640 67.8227
111650 67.7672
111660 67.7193
111670 67.6744
111680 67.6279
111690 67.583
111700 67.5478
111710 67.5228
111720 67.4998
111730 67.479
111740 67.4752
111750 67.4926
111760 67.5166
111770 67.54
111780 67.5677
111790 67.6003
111800 67.6287
111810 67.6488
111820 67.6654
111830 67.6781
111840 67.6864
111850 67.6994
111860 67.7262
111870 67.7672
111880 67.8171
111890 67.8701
111900 67.9194
111910 67.9558
111920 67.9755
111930 67.9827
111940 67.9781
111950 67.9598
111960 67.932
111970 67.9008
111980 67.8694
111990 67.8479
112000 67.8431
112010 67.8478
112020 67.851
112030 67.847
112040 67.8349
112050 67.8164
112060 67.7986
112070 67.787
112080 67.7796
112090 67.7703
112100 67.7571
112110 67.7378
112120 67.7115
112130 67.6865
112140 67.6679
112150 67.6498
112160 67.6324
112170 67.628
112180 67.6446
112190 67.6797
112200 67.7216
112210 67.757
112220 67.775
112230 67.7747
112240 67.7704
112250 67.7763
112260 67.7928
112270 67.8093
112280 67.8141
112290 67.8054
112300 67.7894
112310 67.7654
112320 67.727
112330 67.6805
112340 67.632
112350 67.5769
112360 67.5195
112370 67.4733
112380 67.4468
112390 67.4413
112400 67.4519
112410 67.4711
112420 67.4928
112430 67.5169
112440 67.5503
112450 67.5942
112460 67.6361
112470 67.6699
112480 67.7017
112490 67.7423
112500 67.7945
112510 67.8544
112520 67.9178
112530 67.9761
112540 68.0197
112550 68.0377
112560 68.0223
112570 67.9772
112580 67.9169
112590 67.8551
112600 67.7977
112610 67.7502
112620 67.7226
112630 67.7178
112640 67.73
112650 67.7529
112660 67.7789
112670 67.799
112680 67.8063
112690 67.7996
112700 67.7869
112710 67.7774
112720 67.7716
112730 67.765
112740 67.7484
112750 67.7218
112760 67.6972
112770 67.6799
112780 67.6629
112790 67.6409
112800 67.613
112810 67.5818
112820 67.5529
112830 67.5373
112840 67.5472
112850 67.5893
112860 67.6539
112870 67.7224
112880 67.7866
112890 67.8533
112900 67.9241
112910 67.9906
112920 68.0541
112930 68.1214
112940 68.1984
112950 68.2877
112960 68.3822
112970 68.4768
112980 68.5723
112990 68.6642
113000 68.7424
113010 68.8004
113020 68.8341
113030 68.8375
113040 68.8122
113050 68.7631
113060 68.6912
113070 68.6102
113080 68.5411
113090 68.4876
113100 68.4401
113110 68.391
113120 68.3401
113130 68.2948
113140 68.2612
113150 68.2431
113160 68.2417
113170 68.2556
113180 68.2812
113190 68.3151
113200 68.3559
113210 68.3958
113220 68.4189
113230 68.4156
113240 68.3961
113250 68.3809
113260 68.3752
113270 68.3683
113280 68.3586
113290 68.3517
113300 68.3438
113310 68.3268
113320 68.2999
113330 68.273
113340 68.2532
113350 68.2382
113360 68.2272
113370 68.2224
113380 68.2204
113390 68.2179
113400 68.2129
113410 68.1991
113420 68.1727
113430 68.1448
113440 68.1248
113450 68.1054
113460 68.0762
113470 68.0401
113480 68.0088
113490 67.9891
113500 67.9816
113510 67.9849
113520 68.0005
113530 68.0281
113540 68.0596
113550 68.0844
113560 68.0929
113570 68.0816
113580 68.0579
113590 68.0256
113600 67.9807
113610 67.9251
113620 67.8705
113630 67.8244
113640 67.7805
113650 67.74
113660 67.7186
113670 67.7246
113680 67.7494
113690 67.7823
113700 67.8205
113710 67.8599
113720 67.8852
113730 67.8813
113740 67.8434
113750 67.7807
113760 67.7122
113770 67.6528
113780 67.6089
113790 67.5819
113800 67.5688
113810 67.5578
113820 67.5308
113830 67.478
113840 67.4082
113850 67.3402
113860 67.2865
113870 67.254
113880 67.2492
113890 67.2748
113900 67.3237
113910 67.3865
113920 67.4527
113930 67.5085
113940 67.5451
113950 67.5626
113960 67.5609
113970 67.5398
113980 67.5074
113990 67.4687
114000 67.4198
114010 67.3625
114020 67.3125
114030 67.2868
114040 67.2908
114050 67.3174
114060 67.3578
114070 67.4032
114080 67.4471
114090 67.4851
114100 67.5187
114110 67.5609
114120 67.6209
114130 67.6967
114140 67.7788
114150 67.8531
114160 67.9094
114170 67.9458
114180 67.9681
114190 67.9844
114200 68.0064
114210 68.0489
114220 68.1156
114230 68.1992
114240 68.2871
114250 68.3591
114260 68.4028
114270 68.4279
114280 68.4558
114290 68.4912
114300 68.523
114310 68.545
114320 68.5585
114330 68.5697
114340 68.5858
114350 68.6042
114360 68.6216
114370 68.6422
114380 68.6603
114390 68.6638
114400 68.6467
114410 68.611
114420 68.5649
114430 68.519
114440 68.4812
114450 68.4578
114460 68.4499
114470 68.4461
114480 68.436
114490 68.4155
114500 68.3807
114510 68.3328
114520 68.2812
114530 68.2354
114540 68.1958
114550 68.1643
114560 68.1531
114570 68.172
114580 68.2127
114590 68.2603
114600 68.3143
114610 68.3695
114620 68.4035
114630 68.4082
114640 68.3938
114650 68.3747
114660 68.359
114670 68.3469
114680 68.3392
114690 68.3446
114700 68.3691
114710 68.4101
114720 68.4648
114730 68.5357
114740 68.6236
114750 68.7164
114760 68.793
114770 68.8424
114780 68.8643
114790 68.8663
114800 68.8602
114810 68.8565
114820 68.8527
114830 68.8398
114840 68.8164
114850 68.7899
114860 68.7643
114870 68.7323
114880 68.6912
114890 68.6516
114900 68.6226
114910 68.6016
114920 68.5837
114930 68.57
114940 68.5691
114950 68.5882
114960 68.6246
114970 68.6689
114980 68.7165
114990 68.7708
115000 68.827
115010 68.8772
115020 68.9217
115030 68.9615
115040 68.9914
115050 69.0061
115060 69.0043
115070 68.9881
115080 68.9622
115090 68.929
115100 68.8861
115110 68.8342
115120 68.7795
115130 68.7251
115140 68.6735
115150 68.6252
115160 68.5798
115170 68.5436
115180 68.5237
115190 68.5192
115200 68.5219
115210 68.5271
115220 68.537
115230 68.5501
115240 68.5632
115250 68.584
115260 68.624
115270 68.6798
115280 68.7363
115290 68.778
115300 68.7948
115310 68.791
115320 68.7803
115330 68.7686
115340 68.7537
115350 68.7381
115360 68.7269
115370 68.717
115380 68.7038
115390 68.6888
115400 68.6746
115410 68.6633
115420 68.6588
115430 68.6612
115440 68.6652
115450 68.6676
115460 68.6667
115470 68.6588
115480 68.6433
115490 68.6249
115500 68.6072
115510 68.592
115520 68.5749
115530 68.5495
115540 68.5095
115550 68.4488
115560 68.3673
115570 68.2724
115580 68.1744
115590 68.0785
115600 67.9837
115610 67.8927
115620 67.8156
115630 67.7619
115640 67.7348
115650 67.7337
115660 67.7477
115670 67.7623
115680 67.7719
115690 67.7763
115700 67.7709
115710 67.7512
115720 67.7235
115730 67.7016
115740 67.6946
115750 67.7033
115760 67.7279
115770 67.7628
115780 67.8038
115790 67.8513
115800 67.9039
115810 67.9563
115820 68.0053
115830 68.0449
115840 68.0655
115850 68.0663
115860 68.0599
115870 68.0594
115880 68.0752
115890 68.1169
115900 68.1843
115910 68.274
115920 68.3869
115930 68.5146
115940 68.6405
115950 68.7549
115960 68.8543
115970 68.9371
115980 68.9993
115990 69.0369
116000 69.0631
116010 69.0905
116020 69.1164
116030 69.1384
116040 69.1608
116050 69.1801
116060 69.1885
116070 69.1972
116080 69.2222
116090 69.2585
116100 69.2918
116110 69.3181
116120 69.3411
116130 69.3632
116140 69.3863
116150 69.4081
116160 69.4184
116170 69.4132
116180 69.4053
116190 69.4048
116200 69.4098
116210 69.4183
116220 69.4322
116230 69.4532
116240 69.4813
116250 69.5115
116260 69.5338
116270 69.5428
116280 69.5394
116290 69.5257
116300 69.5046
116310 69.4833
116320 69.4657
116330 69.4476
116340 69.433
116350 69.4294
116360 69.4424
116370 69.4755
116380 69.5276
116390 69.5972
116400 69.6837
116410 69.7775
116420 69.8691
116430 69.9572
116440 70.0418
116450 70.1195
116460 70.1864
116470 70.2405
116480 70.2816
116490 70.3127
116500 70.3349
116510 70.3485
116520 70.3534
116530 70.3539
116540 70.359
116550 70.3734
116560 70.3911
116570 70.3991
116580 70.3894
116590 70.3624
116600 70.3235
116610 70.2802
116620 70.2405
116630 70.2033
116640 70.1656
116650 70.1326
116660 70.1081
116670 70.0881
116680 70.0628
116690 70.035
116700 70.022
116710 70.031
116720 70.0483
116730 70.0598
116740 70.0601
116750 70.0456
116760 70.0153
116770 69.9776
116780 69.9381
116790 69.8961
116800 69.8561
116810 69.8233
116820 69.7946
116830 69.768
116840 69.7539
116850 69.7641
116860 69.7958
116870 69.8316
116880 69.8611
116890 69.8904
116900 69.9262
116910 69.9704
116920 70.0209
116930 70.0649
116940 70.0927
116950 70.1146
116960 70.1421
116970 70.1703
116980 70.1922
116990 70.214
117000 70.2434
117010 70.2782
117020 70.3131
117030 70.3446
117040 70.3732
117050 70.3996
117060 70.417
117070 70.4212
117080 70.4161
117090 70.4022
117100 70.3842
117110 70.3744
117120 70.3799
117130 70.3935
117140 70.4009
117150 70.4008
117160 70.4031
117170 70.412
117180 70.421
117190 70.4224
117200 70.41
117210 70.3796
117220 70.3295
117230 70.2603
117240 70.1805
117250 70.1015
117260 70.0312
117270 69.9729
117280 69.9262
117290 69.8914
117300 69.8646
117310 69.8392
117320 69.812
117330 69.7813
117340 69.7402
117350 69.689
117360 69.648
117370 69.6341
117380 69.6456
117390 69.6716
117400 69.7045
117410 69.7401
117420 69.7702
117430 69.7832
117440 69.7728
117450 69.7383
117460 69.6882
117470 69.6367
117480 69.5914
117490 69.5582
117500 69.5443
117510 69.5511
117520 69.5762
117530 69.6198
117540 69.6839
117550 69.7589
117560 69.8286
117570 69.884
117580 69.9238
117590 69.9491
117600 69.9639
117610 69.97
117620 69.9637
117630 69.9481
117640 69.9381
117650 69.9433
117660 69.9555
117670 69.9638
117680 69.9705
117690 69.977
117700 69.9791
117710 69.9779
117720 69.9827
117730 70.0007
117740 70.0331
117750 70.0786
117760 70.1348
117770 70.1937
117780 70.2396
117790 70.2626
117800 70.2609
117810 70.2384
117820 70.2063
117830 70.1737
117840 70.1379
117850 70.096
117860 70.0525
117870 70.0039
117880 69.9429
117890 69.8796
117900 69.8213
117910 69.7623
117920 69.6998
117930 69.6386
117940 69.5843
117950 69.5415
117960 69.5152
117970 69.5033
117980 69.4963
117990 69.4914
118000 69.4844
118010 69.4667
118020 69.4383
118030 69.4094
118040 69.3835
118050 69.3562
118060 69.3229
118070 69.2872
118080 69.2578
118090 69.2344
118100 69.2098
118110 69.184
118120 69.1626
118130 69.147
118140 69.1351
118150 69.127
118160 69.1281
118170 69.1456
118180 69.1834
118190 69.2386
118200 69.3028
118210 69.3701
118220 69.4309
118230 69.4724
118240 69.4958
118250 69.5177
118260 69.5492
118270 69.5882
118280 69.6348
118290 69.6916
118300 69.7556
118310 69.817
118320 69.8682
118330 69.9055
118340 69.9238
118350 69.9216
118360 69.9049
118370 69.8838
118380 69.8699
118390 69.8663
118400 69.862
118410 69.8482
118420 69.8277
118430 69.8055
118440 69.7828
118450 69.7615
118460 69.7505
118470 69.7553
118480 69.7691
118490 69.7841
118500 69.8045
118510 69.8303
118520 69.8543
118530 69.8799
118540 69.9118
118550 69.9444
118560 69.9718
118570 69.9879
118580 69.9905
118590 69.9871
118600 69.9858
118610 69.9828
118620 69.9739
118630 69.966
118640 69.9676
118650 69.9902
118660 70.0382
118670 70.0978
118680 70.1505
118690 70.1895
118700 70.2164
118710 70.2309
118720 70.2335
118730 70.2281
118740 70.2085
118750 70.1628
118760 70.0937
118770 70.0139
118780 69.9324
118790 69.8592
118800 69.8071
118810 69.7812
118820 69.7719
118830 69.768
118840 69.7639
118850 69.7549
118860 69.7331
118870 69.6925
118880 69.6344
118890 69.5681
118900 69.5059
118910 69.454
118920 69.4097
118930 69.3698
118940 69.3396
118950 69.3283
118960 69.3355
118970 69.3495
118980 69.3607
118990 69.3676
119000 69.374
119010 69.3823
119020 69.3948
119030 69.4111
119040 69.4233
119050 69.4281
119060 69.4351
119070 69.4535
119080 69.4844
119090 69.5271
119100 69.5791
119110 69.6315
119120 69.677
119130 69.7142
119140 69.7439
119150 69.7681
119160 69.7911
119170 69.8135
119180 69.8325
119190 69.843
119200 69.839
119210 69.8174
119220 69.7807
119230 69.7293
119240 69.657
119250 69.567
119260 69.4694
119270 69.3716
119280 69.2804
119290 69.2041
119300 69.1402
119310 69.0764
119320 69.0097
119330 68.9401
119340 68.8664
119350 68.799
119360 68.7439
119370 68.6889
119380 68.6304
119390 68.5821
119400 68.552
119410 68.5353
119420 68.5252
119430 68.5138
119440 68.4954
119450 68.479
119460 68.4828
119470 68.5149
119480 68.5661
119490 68.6212
119500 68.6727
119510 68.7224
119520 68.7748
119530 68.8299
119540 68.8865
119550 68.947
119560 69.0124
119570 69.0749
119580 69.1258
119590 69.1691
119600 69.2168
119610 69.2772
119620 69.3481
119630 69.4138
119640 69.4618
119650 69.4971
119660 69.5315
119670 69.5702
119680 69.6142
119690 69.6673
119700 69.7337
119710 69.8102
119720 69.8894
119730 69.9654
119740 70.0335
119750 70.087
119760 70.1186
119770 70.1314
119780 70.1378
119790 70.1453
119800 70.1535
119810 70.1579
119820 70.1575
119830 70.1495
119840 70.1255
119850 70.0814
119860 70.0225
119870 69.958
119880 69.8971
119890 69.8482
119900 69.8172
119910 69.7983
119920 69.7736
119930 69.7322
119940 69.6756
119950 69.6094
119960 69.542
119970 69.4921
119980 69.473
119990 69.4808
120000 69.5079
120010 69.5567
120020 69.6346
120030 69.7365
120040 69.8508
120050 69.9698
120060 70.0761
120070 70.1516
120080 70.1985
120090 70.2282
120100 70.2484
120110 70.268
120120 70.2965
120130 70.3364
120140 70.3871
120150 70.4467
120160 70.5053
120170 70.5462
120180 70.5651
120190 70.5721
120200 70.5755
120210 70.5823
120220 70.6025
120230 70.6396
120240 70.688
120250 70.7329
120260 70.7557
120270 70.7495
120280 70.722
120290 70.6783
120300 70.6232
120310 70.5659
120320 70.5162
120330 70.474
120340 70.4382
120350 70.4201
120360 70.4291
120370 70.4636
120380 70.5143
120390 70.5725
120400 70.6357
120410 70.7049
120420 70.7709
120430 70.826
120440 70.8765
120450 70.9248
120460 70.9577
120470 70.9712
120480 70.9801
120490 70.9908
120500 70.9978
120510 71.0013
120520 71.0064
120530 71.0151
120540 71.028
120550 71.0463
120560 71.0727
120570 71.1074
120580 71.1434
120590 71.1699
120600 71.1852
120610 71.1943
120620 71.1984
120630 71.2001
120640 71.2122
120650 71.2464
120660 71.3032
120670 71.3731
120680 71.4504
120690 71.5367
120700 71.6279
120710 71.7149
120720 71.7925
120730 71.8583
120740 71.9165
120750 71.9768
120760 72.0464
120770 72.1253
120780 72.204
120790 72.2714
120800 72.3209
120810 72.3474
120820 72.3475
120830 72.3224
120840 72.2775
120850 72.2143
120860 72.1314
120870 72.0384
120880 71.9548
120890 71.8947
120900 71.8554
120910 71.8252
120920 71.7941
120930 71.7591
120940 71.7285
120950 71.7159
120960 71.7253
120970 71.7521
120980 71.7942
120990 71.8437
121000 71.8907
121010 71.9285
121020 71.9614
121030 72.0021
121040 72.0521
121050 72.0933
121060 72.1065
121070 72.0909
121080 72.0567
121090 72.0096
121100 71.9587
121110 71.9239
121120 71.918
121130 71.9364
121140 71.9717
121150 72.018
121160 72.072
121170 72.1293
121180 72.1808
121190 72.2157
121200 72.2329
121210 72.2443
121220 72.2608
121230 72.2789
121240 72.2873
121250 72.2765
121260 72.2438
121270 72.1924
121280 72.1284
121290 72.0583
121300 71.9872
121310 71.9189
121320 71.8581
121330 71.8099
121340 71.7736
121350 71.7504
121360 71.7447
121370 71.754
121380 71.7748
121390 71.8043
121400 71.8338
121410 71.856
121420 71.8631
121430 71.8408
121440 71.7867
121450 71.7129
121460 71.6322
121470 71.5527
121480 71.4834
121490 71.4371
121500 71.4213
121510 71.438
121520 71.4834
121530 71.5453
121540 71.609
121550 71.6624
121560 71.6991
121570 71.7154
121580 71.7129
121590 71.7062
121600 71.7065
121610 71.7036
121620 71.6836
121630 71.6449
121640 71.5858
121650 71.5069
121660 71.419
121670 71.3308
121680 71.2442
121690 71.1635
121700 71.0916
121710 71.0227
121720 70.9487
121730 70.8688
121740 70.7899
121750 70.7231
121760 70.6769
121770 70.6544
121780 70.6485
121790 70.6458
121800 70.6406
121810 70.6359
121820 70.6284
121830 70.6191
121840 70.6229
121850 70.6488
121860 70.6869
121870 70.7265
121880 70.7633
121890 70.7925
121900 70.8137
121910 70.8355
121920 70.8651
121930 70.9031
121940 70.9435
121950 70.9718
121960 70.9763
121970 70.9544
121980 70.9069
121990 70.8416
122000 70.776
122010 70.7299
122020 70.7127
122030 70.7223
122040 70.7609
122050 70.8336
122060 70.9312
122070 71.0376
122080 71.1407
122090 71.2259
122100 71.2793
122110 71.3042
122120 71.3111
122130 71.3068
122140 71.2943
122150 71.2765
122160 71.2589
122170 71.2473
122180 71.2467
122190 71.2615
122200 71.2905
122210 71.3224
122220 71.3505
122230 71.3785
122240 71.4093
122250 71.4345
122260 71.448
122270 71.4565
122280 71.4657
122290 71.4733
122300 71.4828
122310 71.5031
122320 71.5353
122330 71.5708
122340 71.5972
122350 71.6076
122360 71.6035
122370 71.5922
122380 71.5802
122390 71.5679
122400 71.5455
122410 71.505
122420 71.4504
122430 71.3909
122440 71.3343
122450 71.2882
122460 71.2549
122470 71.2232
122480 71.1802
122490 71.1225
122500 71.054
122510 70.9822
122520 70.9232
122530 70.8844
122540 70.8525
122550 70.8065
122560 70.7371
122570 70.6507
122580 70.5536
122590 70.4536
122600 70.3687
122610 70.3172
122620 70.301
122630 70.3082
122640 70.3198
122650 70.3226
122660 70.3185
122670 70.3158
122680 70.3135
122690 70.3061
122700 70.2946
122710 70.282
122720 70.2676
122730 70.25
122740 70.2293
122750 70.2067
122760 70.187
122770 70.18
122780 70.1946
122790 70.23
122800 70.2811
122810 70.345
122820 70.4165
122830 70.4902
122840 70.5618
122850 70.6238
122860 70.6659
122870 70.6854
122880 70.6897
122890 70.6886
122900 70.6895
122910 70.6872
122920 70.6732
122930 70.6507
122940 70.6239
122950 70.5871
122960 70.5382
122970 70.4848
122980 70.4365
122990 70.3991
123000 70.3805
123010 70.3887
123020 70.4174
123030 70.4502
123040 70.4722
123050 70.4772
123060 70.4675
123070 70.4479
123080 70.4194
123090 70.3831
123100 70.3431
123110 70.3003
123120 70.255
123130 70.2129
123140 70.1738
123150 70.131
123160 70.0846
123170 70.0414
123180 70.0035
123190 69.9735
123200 69.9521
123210 69.9366
123220 69.9268
123230 69.9234
123240 69.9261
123250 69.9416
123260 69.9699
123270 70.0034
123280 70.0396
123290 70.0809
123300 70.1226
123310 70.1574
123320 70.1854
123330 70.207
123340 70.2261
123350 70.251
123360 70.2886
123370 70.3387
123380 70.3986
123390 70.4631
123400 70.5172
123410 70.5469
123420 70.5508
123430 70.5366
123440 70.5107
123450 70.4866
123460 70.4803
123470 70.4919
123480 70.5057
123490 70.5124
123500 70.5168
123510 70.5205
123520 70.5197
123530 70.5183
123540 70.5239
123550 70.5353
123560 70.5422
123570 70.5371
123580 70.5145
123590 70.4733
123600 70.4256
123610 70.3899
123620 70.3727
123630 70.3718
123640 70.3872
123650 70.4183
123660 70.4592
123670 70.5039
123680 70.548
123690 70.5856
123700 70.6117
123710 70.6274
123720 70.6362
123730 70.6394
123740 70.6405
123750 70.6375
123760 70.6211
123770 70.5862
123780 70.5365
123790 70.4801
123800 70.4277
123810 70.3863
123820 70.3529
123830 70.329
123840 70.3217
123850 70.3278
123860 70.3416
123870 70.364
123880 70.396
123890 70.4308
123900 70.4639
123910 70.4964
123920 70.5262
123930 70.5461
123940 70.5601
123950 70.5763
123960 70.5927
123970 70.6049
123980 70.6114
123990 70.6123
124000 70.6125
124010 70.6219
124020 70.6475
124030 70.6832
124040 70.7103
124050 70.7164
124060 70.6976
124070 70.6595
124080 70.615
124090 70.5697
124100 70.5181
124110 70.4593
124120 70.4082
124130 70.3768
124140 70.3716
124150 70.3982
124160 70.4554
124170 70.5289
124180 70.6033
124190 70.6688
124200 70.7214
124210 70.7636
124220 70.8001
124230 70.83
124240 70.8499
124250 70.8612
124260 70.8685
124270 70.8763
124280 70.8823
124290 70.8815
124300 70.8767
124310 70.8739
124320 70.8732
124330 70.8665
124340 70.8427
124350 70.7988
124360 70.7409
124370 70.6832
124380 70.6351
124390 70.5891
124400 70.5337
124410 70.465
124420 70.389
124430 70.3202
124440 70.27
124450 70.2435
124460 70.2453
124470 70.2753
124480 70.3198
124490 70.3641
124500 70.4063
124510 70.4497
124520 70.4895
124530 70.5177
124540 70.5328
124550 70.5408
124560 70.5511
124570 70.5737
124580 70.6066
124590 70.6386
124600 70.6695
124610 70.7049
124620 70.737
124630 70.7506
124640 70.741
124650 70.7167
124660 70.6811
124670 70.6351
124680 70.5872
124690 70.5502
124700 70.5304
124710 70.5257
124720 70.539
124730 70.5747
124740 70.6249
124750 70.67
124760 70.697
124770 70.7087
124780 70.7191
124790 70.7349
124800 70.7461
124810 70.7483
124820 70.7502
124830 70.7545
124840 70.7555
124850 70.7517
124860 70.7424
124870 70.7254
124880 70.7045
124890 70.686
124900 70.6717
124910 70.6617
124920 70.6592
124930 70.6644
124940 70.6694
124950 70.6628
124960 70.6358
124970 70.5878
124980 70.5247
124990 70.4556
125000 70.3927
125010 70.3446
125020 70.3063
125030 70.2673
125040 70.2248
125050 70.1846
125060 70.1552
125070 70.1444
125080 70.1523
125090 70.1718
125100 70.1942
125110 70.2117
125120 70.2267
125130 70.245
125140 70.2636
125150 70.2763
125160 70.2806
125170 70.2806
125180 70.2775
125190 70.2676
125200 70.2478
125210 70.217
125220 70.1797
125230 70.1397
125240 70.0949
125250 70.0444
125260 69.9889
125270 69.9288
125280 69.8685
125290 69.8105
125300 69.7537
125310 69.7024
125320 69.6641
125330 69.6414
125340 69.6308
125350 69.6236
125360 69.6076
125370 69.5738
125380 69.5262
125390 69.4761
125400 69.4255
125410 69.3645
125420 69.2895
125430 69.2152
125440 69.162
125450 69.1369
125460 69.1346
125470 69.1512
125480 69.1886
125490 69.2415
125500 69.2905
125510 69.3231
125520 69.3491
125530 69.3834
125540 69.4244
125550 69.4684
125560 69.5149
125570 69.5598
125580 69.6034
125590 69.6493
125600 69.6918
125610 69.7198
125620 69.7321
125630 69.7378
125640 69.7459
125650 69.753
125660 69.7525
125670 69.7469
125680 69.7458
125690 69.7542
125700 69.7728
125710 69.7991
125720 69.8297
125730 69.8604
125740 69.8916
125750 69.9243
125760 69.9619
125770 70.0071
125780 70.0463
125790 70.058
125800 70.0389
125810 70.0002
125820 69.9526
125830 69.9065
125840 69.8645
125850 69.8206
125860 69.776
125870 69.744
125880 69.733
125890 69.7466
125900 69.7875
125910 69.8513
125920 69.9246
125930 69.9933
125940 70.0502
125950 70.0938
125960 70.1286
125970 70.1593
125980 70.1864
125990 70.2123
126000 70.2355
126010 70.2447
126020 70.2304
126030 70.2008
126040 70.1709
126050 70.1486
126060 70.1377
126070 70.1324
126080 70.1253
126090 70.1185
126100 70.1168
126110 70.1225
126120 70.1327
126130 70.1442
126140 70.1613
126150 70.1847
126160 70.2082
126170 70.2269
126180 70.2401
126190 70.2466
126200 70.243
126210 70.2307
126220 70.2227
126230 70.2309
126240 70.2492
126250 70.2597
126260 70.253
126270 70.2326
126280 70.1989
126290 70.1501
126300 70.0894
126310 70.0178
126320 69.9379
126330 69.8616
126340 69.8021
126350 69.7597
126360 69.7297
126370 69.7123
126380 69.7057
126390 69.7086
126400 69.7307
126410 69.7804
126420 69.8584
126430 69.9578
126440 70.0625
126450 70.1456
126460 70.1929
126470 70.2159
126480 70.2318
126490 70.248
126500 70.2717
126510 70.3079
126520 70.3487
126530 70.3842
126540 70.4107
126550 70.4292
126560 70.4432
126570 70.4547
126580 70.4612
126590 70.4623
126600 70.4577
126610 70.4409
126620 70.4075
126630 70.3594
126640 70.2979
126650 70.2289
126660 70.1611
126670 70.0924
126680 70.0158
126690 69.9348
126700 69.8599
126710 69.807
126720 69.7809
126730 69.7666
126740 69.7484
126750 69.7243
126760 69.6912
126770 69.639
126780 69.5682
126790 69.4956
126800 69.4355
126810 69.3922
126820 69.3701
126830 69.3736
126840 69.4034
126850 69.4561
126860 69.5171
126870 69.5653
126880 69.5968
126890 69.6267
126900 69.6638
126910 69.7021
126920 69.7382
126930 69.7693
126940 69.788
126950 69.7929
126960 69.7926
126970 69.7942
126980 69.7965
126990 69.8018
127000 69.8175
127010 69.8464
127020 69.8856
127030 69.9287
127040 69.9638
127050 69.9801
127060 69.9736
127070 69.9522
127080 69.9286
127090 69.9135
127100 69.9082
127110 69.9106
127120 69.9169
127130 69.9234
127140 69.9324
127150 69.9506
127160 69.9778
127170 70.0079
127180 70.0406
127190 70.0836
127200 70.1422
127210 70.2106
127220 70.2759
127230 70.3294
127240 70.3738
127250 70.4178
127260 70.4667
127270 70.5186
127280 70.5735
127290 70.6347
127300 70.6964
127310 70.7466
127320 70.7851
127330 70.8264
127340 70.8841
127350 70.9611
127360 71.06
127370 71.1773
127380 71.2987
127390 71.4066
127400 71.4951
127410 71.5682
127420 71.6311
127430 71.6912
127440 71.7532
127450 71.812
127460 71.8579
127470 71.8897
127480 71.9142
127490 71.9367
127500 71.9583
127510 71.9791
127520 71.9973
127530 72.0132
127540 72.0373
127550 72.0849
127560 72.1575
127570 72.2388
127580 72.3141
127590 72.3796
127600 72.443
127610 72.5174
127620 72.6051
127630 72.6966
127640 72.7802
127650 72.8458
127660 72.8854
127670 72.8967
127680 72.8823
127690 72.8463
127700 72.792
127710 72.7268
127720 72.6704
127730 72.6478
127740 72.6654
127750 72.7092
127760 72.7638
127770 72.8183
127780 72.8595
127790 72.8778
127800 72.8736
127810 72.8549
127820 72.8315
127830 72.8129
127840 72.805
127850 72.8122
127860 72.8345
127870 72.8661
127880 72.9042
127890 72.9491
127900 72.9922
127910 73.0244
127920 73.0493
127930 73.0787
127940 73.1166
127950 73.1591
127960 73.1977
127970 73.2243
127980 73.237
127990 73.2399
128000 73.2359
128010 73.2242
128020 73.2097
128030 73.1977
128040 73.1829
128050 73.1594
128060 73.1362
128070 73.1225
128080 73.1108
128090 73.0988
128100 73.0948
128110 73.0962
128120 73.0905
128130 73.0713
128140 73.0426
128150 73.0066
128160 72.9629
128170 72.9189
128180 72.8928
128190 72.8999
128200 72.9397
128210 72.9993
128220 73.0681
128230 73.1369
128240 73.1923
128250 73.2229
128260 73.2354
128270 73.2484
128280 73.2702
128290 73.2998
128300 73.3372
128310 73.3834
128320 73.4353
128330 73.4814
128340 73.5123
128350 73.5339
128360 73.5571
128370 73.5827
128380 73.6061
128390 73.6244
128400 73.6404
128410 73.6587
128420 73.6752
128430 73.68
128440 73.6688
128450 73.6422
128460 73.6053
128470 73.5692
128480 73.5399
128490 73.5177
128500 73.506
128510 73.5067
128520 73.5141
128530 73.5239
128540 73.539
128550 73.5651
128560 73.6004
128570 73.6381
128580 73.6757
128590 73.7103
128600 73.7351
128610 73.7457
128620 73.7498
128630 73.7596
128640 73.781
128650 73.8088
128660 73.8364
128670 73.8624
128680 73.8881
128690 73.9122
128700 73.9311
128710 73.9445
128720 73.96
128730 73.9845
128740 74.0195
128750 74.059
128760 74.0933
128770 74.1191
128780 74.1356
128790 74.1368
128800 74.1208
128810 74.0954
128820 74.0657
128830 74.0296
128840 73.9897
128850 73.9566
128860 73.9308
128870 73.9018
128880 73.8698
128890 73.838
128900 73.8027
128910 73.7592
128920 73.712
128930 73.6744
128940 73.6581
128950 73.6736
128960 73.7229
128970 73.7892
128980 73.8502
128990 73.8938
129000 73.9219
129010 73.941
129020 73.9605
129030 73.9829
129040 73.9992
129050 73.9986
129060 73.9816
129070 73.9576
129080 73.9331
129090 73.9101
129100 73.8965
129110 73.902
129120 73.9232
129130 73.9514
129140 73.9853
129150 74.0288
129160 74.0717
129170 74.0983
129180 74.1016
129190 74.0794
129200 74.0372
129210 73.9907
129220 73.9507
129230 73.9187
129240 73.8932
129250 73.8701
129260 73.8393
129270 73.7968
129280 73.7503
129290 73.7019
129300 73.6531
129310 73.6131
129320 73.5854
129330 73.5654
129340 73.5476
129350 73.5324
129360 73.5242
129370 73.5246
129380 73.5273
129390 73.5166
129400 73.4862
129410 73.446
129420 73.408
129430 73.3808
129440 73.3673
129450 73.3675
129460 73.3792
129470 73.3978
129480 73.4222
129490 73.452
129500 73.4942
129510 73.5616
129520 73.654
129530 73.7567
129540 73.8556
129550 73.9429
129560 74.0139
129570 74.0662
129580 74.1001
129590 74.1154
129600 74.109
129610 74.0846
129620 74.0567
129630 74.0425
129640 74.0513
129650 74.0781
129660 74.1148
129670 74.1531
129680 74.1841
129690 74.2102
129700 74.2442
129710 74.295
129720 74.361
129730 74.4354
129740 74.5079
129750 74.5681
129760 74.6074
129770 74.6195
129780 74.6118
129790 74.6044
129800 74.6088
129810 74.6261
129820 74.6594
129830 74.714
129840 74.7798
129850 74.8393
129860 74.8868
129870 74.92
129880 74.9408
129890 74.9562
129900 74.9715
129910 74.9937
129920 75.0272
129930 75.0671
129940 75.1059
129950 75.1348
129960 75.1508
129970 75.16
129980 75.1687
129990 75.17
130000 75.1557
130010 75.1287
130020 75.0926
130030 75.0524
130040 75.0166
130050 74.99
130060 74.9682
130070 74.9456
130080 74.9175
130090 74.8758
130100 74.8216
130110 74.763
130120 74.6954
130130 74.6144
130140 74.523
130150 74.427
130160 74.3392
130170 74.2697
130180 74.2125
130190 74.1519
130200 74.08
130210 73.9985
130220 73.9165
130230 73.8452
130240 73.7897
130250 73.7544
130260 73.7404
130270 73.7374
130280 73.7373
130290 73.7453
130300 73.7654
130310 73.7865
130320 73.7955
130330 73.7933
130340 73.7847
130350 73.7665
130360 73.7403
130370 73.7139
130380 73.6956
130390 73.6896
130400 73.6982
130410 73.7286
130420 73.7859
130430 73.8662
130440 73.9554
130450 74.0361
130460 74.0973
130470 74.1387
130480 74.1707
130490 74.195
130500 74.2001
130510 74.1753
130520 74.1206
130530 74.0495
130540 73.9759
130550 73.9039
130560 73.83
130570 73.7575
130580 73.6944
130590 73.6459
130600 73.6121
130610 73.5858
130620 73.5566
130630 73.5237
130640 73.5005
130650 73.4979
130660 73.5123
130670 73.54
130680 73.5821
130690 73.6356
130700 73.6912
130710 73.7411
130720 73.7789
130730 73.8041
130740 73.8218
130750 73.8358
130760 73.8527
130770 73.881
130780 73.9209
130790 73.9661
130800 74.0137
130810 74.0667
130820 74.1229
130830 74.1701
130840 74.1943
130850 74.1913
130860 74.1688
130870 74.1435
130880 74.1294
130890 74.1259
130900 74.1298
130910 74.1393
130920 74.1506
130930 74.1593
130940 74.1652
130950 74.172
130960 74.1852
130970 74.2037
130980 74.2202
130990 74.2299
131000 74.2411
131010 74.256
131020 74.2622
131030 74.2577
131040 74.2567
131050 74.2638
131060 74.2729
131070 74.2864
131080 74.3112
131090 74.3457
131100 74.3853
131110 74.4311
131120 74.4795
131130 74.516
131140 74.5303
131150 74.5298
131160 74.5258
131170 74.52
131180 74.5003
131190 74.4529
131200 74.3768
131210 74.2768
131220 74.1642
131230 74.0651
131240 74.005
131250 73.9874
131260 74
131270 74.0311
131280 74.0663
131290 74.0921
131300 74.1159
131310 74.1473
131320 74.1784
131330 74.2047
131340 74.2344
131350 74.269
131360 74.2977
131370 74.3154
131380 74.3278
131390 74.3371
131400 74.3412
131410 74.3436
131420 74.3489
131430 74.3577
131440 74.3726
131450 74.3977
131460 74.4257
131470 74.4404
131480 74.4342
131490 74.4174
131500 74.4045
131510 74.4011
131520 74.4084
131530 74.4314
131540 74.4719
131550 74.5212
131560 74.567
131570 74.5994
131580 74.6153
131590 74.6189
131600 74.6141
131610 74.6018
131620 74.582
131630 74.5495
131640 74.4948
131650 74.4148
131660 74.3257
131670 74.2445
131680 74.1763
131690 74.1246
131700 74.094
131710 74.084
131720 74.0891
131730 74.1016
131740 74.1141
131750 74.1267
131760 74.1483
131770 74.187
131780 74.2429
131790 74.3115
131800 74.3885
131810 74.4621
131820 74.5212
131830 74.5636
131840 74.5876
131850 74.5925
131860 74.5886
131870 74.5906
131880 74.6113
131890 74.6566
131900 74.7166
131910 74.7784
131920 74.837
131930 74.8897
131940 74.9351
131950 74.9767
131960 75.0172
131970 75.0482
131980 75.0634
131990 75.0662
132000 75.0584
132010 75.0386
132020 75.013
132030 74.9933
132040 74.9831
132050 74.9786
132060 74.9741
132070 74.9638
132080 74.9427
132090 74.9057
132100 74.8563
132110 74.8016
132120 74.7434
132130 74.6854
132140 74.6408
132150 74.6212
132160 74.6327
132170 74.6728
132180 74.7295
132190 74.7832
132200 74.8319
132210 74.8868
132220 74.9426
132230 74.9885
132240 75.0225
132250 75.0445
132260 75.0571
132270 75.0654
132280 75.0662
132290 75.0543
132300 75.0339
132310 75.02
132320 75.0275
132330 75.0547
132340 75.0868
132350 75.1121
132360 75.1305
132370 75.1446
132380 75.1521
132390 75.1508
132400 75.141
132410 75.1239
132420 75.097
132430 75.0616
132440 75.0254
132450 74.9984
132460 74.9898
132470 74.9988
132480 75.0166
132490 75.0401
132500 75.0744
132510 75.1233
132520 75.1812
132530 75.2414
132540 75.3044
132550 75.3697
132560 75.434
132570 75.492
132580 75.5314
132590 75.5406
132600 75.521
132610 75.4825
132620 75.4381
132630 75.4009
132640 75.3795
132650 75.3697
132660 75.3587
132670 75.3401
132680 75.3212
132690 75.3092
132700 75.3012
132710 75.2971
132720 75.3043
132730 75.3223
132740 75.3376
132750 75.3333
132760 75.2997
132770 75.2433
132780 75.1804
132790 75.1234
132800 75.0701
132810 75.0132
132820 74.9513
132830 74.8888
132840 74.8357
132850 74.801
132860 74.784
132870 74.7782
132880 74.7778
132890 74.7803
132900 74.782
132910 74.7775
132920 74.7763
132930 74.7933
132940 74.8274
132950 74.8642
132960 74.8949
132970 74.9223
132980 74.9447
132990 74.9485
133000 74.9329
133010 74.9158
133020 74.9112
133030 74.9168
133040 74.9205
133050 74.9203
133060 74.9234
133070 74.9297
133080 74.9374
133090 74.9546
133100 74.981
133110 75.0088
133120 75.0408
133130 75.0836
133140 75.1353
133150 75.1923
133160 75.2487
133170 75.2926
133180 75.3154
133190 75.3185
133200 75.3097
133210 75.3023
133220 75.3074
133230 75.3224
133240 75.3332
133250 75.3374
133260 75.3522
133270 75.3917
133280 75.4571
133290 75.5427
133300 75.6426
133310 75.7516
133320 75.8577
133330 75.9433
133340 75.9979
133350 76.0204
133360 76.0155
133370 75.9939
133380 75.9755
133390 75.9771
133400 76.0072
133410 76.0722
133420 76.17
133430 76.2814
133440 76.3866
133450 76.4759
133460 76.543
133470 76.5816
133480 76.5896
133490 76.5736
133500 76.5418
133510 76.4981
133520 76.4464
133530 76.3971
133540 76.3527
133550 76.3081
133560 76.2676
133570 76.2421
133580 76.2347
133590 76.2372
133600 76.2367
133610 76.2272
133620 76.2109
133630 76.1892
133640 76.1664
133650 76.1535
133660 76.1591
133670 76.184
133680 76.2232
133690 76.2705
133700 76.3161
133710 76.3485
133720 76.3699
133730 76.3908
133740 76.4128
133750 76.4334
133760 76.4605
133770 76.5071
133780 76.5772
133790 76.6594
133800 76.737
133810 76.8073
133820 76.8746
133830 76.9283
133840 76.9514
133850 76.9417
133860 76.9144
133870 76.8887
133880 76.8762
133890 76.8809
133900 76.9006
133910 76.9275
133920 76.9508
133930 76.9685
133940 76.9841
133950 76.9947
133960 76.9947
133970 76.9784
133980 76.9482
133990 76.9167
134000 76.89
134010 76.8661
134020 76.8494
134030 76.8408
134040 76.8324
134050 76.8143
134060 76.7839
134070 76.7458
134080 76.6978
134090 76.6386
134100 76.5795
134110 76.5359
134120 76.5168
134130 76.5301
134140 76.572
134150 76.6297
134160 76.6876
134170 76.729
134180 76.7438
134190 76.7351
134200 76.713
134210 76.6856
134220 76.6627
134230 76.6533
134240 76.6598
134250 76.6787
134260 76.7087
134270 76.7523
134280 76.809
134290 76.8742
134300 76.9515
134310 77.0447
134320 77.1417
134330 77.2244
134340 77.2867
134350 77.3342
134360 77.3661
134370 77.3756
134380 77.3622
134390 77.336
134400 77.3021
134410 77.2565
134420 77.1993
134430 77.1414
134440 77.0956
134450 77.0635
134460 77.0347
134470 76.9948
134480 76.9423
134490 76.8907
134500 76.8504
134510 76.8241
134520 76.8082
134530 76.7953
134540 76.7801
134550 76.7572
134560 76.7199
134570 76.6688
134580 76.6165
134590 76.5772
134600 76.554
134610 76.5418
134620 76.5348
134630 76.5307
134640 76.531
134650 76.5369
134660 76.5509
134670 76.5725
134680 76.6005
134690 76.6317
134700 76.6583
134710 76.6766
134720 76.6865
134730 76.6777
134740 76.6373
134750 76.5704
134760 76.4934
134770 76.4133
134780 76.3327
134790 76.2618
134800 76.2083
134810 76.1647
134820 76.1246
134830 76.0945
134840 76.0833
134850 76.0906
134860 76.1054
134870 76.1209
134880 76.1372
134890 76.1556
134900 76.179
134910 76.2022
134920 76.2189
134930 76.234
134940 76.2527
134950 76.2718
134960 76.2979
134970 76.3422
134980 76.3953
134990 76.4424
135000 76.478
135010 76.4935
135020 76.4755
135030 76.4181
135040 76.3311
135050 76.2308
135060 76.1308
135070 76.0377
135080 75.9552
135090 75.8899
135100 75.8497
135110 75.8253
135120 75.7969
135130 75.7616
135140 75.7281
135150 75.7011
135160 75.6844
135170 75.6793
135180 75.6791
135190 75.6708
135200 75.6446
135210 75.6023
135220 75.557
135230 75.5259
135240 75.5233
135250 75.5463
135260 75.5782
135270 75.6106
135280 75.646
135290 75.685
135300 75.7224
135310 75.7553
135320 75.7836
135330 75.8098
135340 75.8374
135350 75.8667
135360 75.8918
135370 75.9071
135380 75.9152
135390 75.9211
135400 75.9276
135410 75.9376
135420 75.9551
135430 75.9802
135440 76.0079
135450 76.0381
135460 76.0739
135470 76.1152
135480 76.163
135490 76.2173
135500 76.2686
135510 76.3048
135520 76.3225
135530 76.3239
135540 76.3126
135550 76.2997
135560 76.3047
135570 76.3378
135580 76.3964
135590 76.4844
135600 76.608
135610 76.7601
135620 76.9223
135630 77.0804
135640 77.224
135650 77.339
135660 77.4135
135670 77.4489
135680 77.4598
135690 77.4618
135700 77.4685
135710 77.4896
135720 77.5209
135730 77.5499
135740 77.5785
135750 77.6185
135760 77.6701
135770 77.7208
135780 77.7646
135790 77.7995
135800 77.8258
135810 77.8509
135820 77.883
135830 77.9228
135840 77.9659
135850 78.0144
135860 78.0703
135870 78.1256
135880 78.1733
135890 78.2177
135900 78.2673
135910 78.3213
135920 78.367
135930 78.3906
135940 78.3851
135950 78.3573
135960 78.3202
135970 78.2792
135980 78.2375
135990 78.2095
136000 78.2119
136010 78.2474
136020 78.2982
136030 78.3454
136040 78.3874
136050 78.4324
136060 78.4859
136070 78.5472
136080 78.61
136090 78.6615
136100 78.6917
136110 78.7046
136120 78.7093
136130 78.7003
136140 78.6753
136150 78.6483
136160 78.6284
136170 78.6071
136180 78.5728
136190 78.5237
136200 78.4628
136210 78.3992
136220 78.3397
136230 78.2784
136240 78.2082
136250 78.133
136260 78.0545
136270 77.9706
136280 77.8911
136290 77.8352
136300 77.8085
136310 77.8097
136320 77.8403
136330 77.8939
136340 77.9482
136350 77.9806
136360 77.9861
136370 77.974
136380 77.953
136390 77.9299
136400 77.9148
136410 77.9151
136420 77.9313
136430 77.9531
136440 77.9586
136450 77.9377
136460 77.8979
136470 77.8436
136480 77.7772
136490 77.7023
136500 77.6221
136510 77.5369
136520 77.4481
136530 77.3616
136540 77.2804
136550 77.206
136560 77.1387
136570 77.0791
136580 77.0293
136590 76.9854
136600 76.9379
136610 76.8886
136620 76.8417
136630 76.7954
136640 76.7568
136650 76.7399
136660 76.7507
136670 76.7927
136680 76.8709
136690 76.9783
136700 77.103
136710 77.2346
136720 77.3608
136730 77.47
136740 77.5558
136750 77.621
136760 77.6754
136770 77.7301
136780 77.7914
136790 77.8591
136800 77.9295
136810 77.9922
136820 78.0351
136830 78.0627
136840 78.091
136850 78.1279
136860 78.1703
136870 78.2161
136880 78.267
136890 78.3232
136900 78.3839
136910 78.4408
136920 78.4794
136930 78.4904
136940 78.4772
136950 78.4555
136960 78.444
136970 78.4516
136980 78.48
136990 78.5256
137000 78.582
137010 78.6431
137020 78.7003
137030 78.7458
137040 78.7735
137050 78.7803
137060 78.7673
137070 78.7403
137080 78.7081
137090 78.6775
137100 78.6549
137110 78.6446
137120 78.6459
137130 78.6566
137140 78.6761
137150 78.7083
137160 78.7584
137170 78.8258
137180 78.9009
137190 78.9756
137200 79.0417
137210 79.0865
137220 79.1047
137230 79.1037
137240 79.0898
137250 79.0602
137260 79.0131
137270 78.9547
137280 78.889
137290 78.8145
137300 78.7361
137310 78.6687
137320 78.6293
137330 78.6214
137340 78.6276
137350 78.6257
137360 78.6018
137370 78.5451
137380 78.4543
137390 78.3459
137400 78.2344
137410 78.1187
137420 78.0027
137430 77.8959
137440 77.8002
137450 77.7136
137460 77.6388
137470 77.5802
137480 77.5379
137490 77.5065
137500 77.4806
137510 77.4542
137520 77.4218
137530 77.3876
137540 77.3605
137550 77.3456
137560 77.3449
137570 77.3575
137580 77.3817
137590 77.4129
137600 77.4479
137610 77.4916
137620 77.5441
137630 77.5931
137640 77.6342
137650 77.6755
137660 77.7226
137670 77.7799
137680 77.8518
137690 77.9357
137700 78.0236
137710 78.1116
137720 78.1945
137730 78.268
137740 78.3395
137750 78.4198
137760 78.511
137770 78.6021
137780 78.6721
137790 78.7047
137800 78.7058
137810 78.6906
137820 78.6649
137830 78.6277
137840 78.5782
137850 78.5109
137860 78.4253
137870 78.3357
137880 78.2566
137890 78.1911
137900 78.136
137910 78.0896
137920 78.0522
137930 78.0175
137940 77.9821
137950 77.9563
137960 77.9469
137970 77.9527
137980 77.9735
137990 78.0126
138000 78.0714
138010 78.1449
138020 78.2187
138030 78.2734
138040 78.3022
138050 78.3126
138060 78.306
138070 78.2798
138080 78.2424
138090 78.201
138100 78.1516
138110 78.0881
138120 78.0083
138130 77.9166
138140 77.8304
138150 77.7678
138160 77.7342
138170 77.723
138180 77.7304
138190 77.7517
138200 77.7728
138210 77.788
138220 77.8083
138230 77.8399
138240 77.8712
138250 77.8903
138260 77.893
138270 77.8826
138280 77.8677
138290 77.8517
138300 77.8324
138310 77.8135
138320 77.7956
138330 77.775
138340 77.7477
138350 77.7134
138360 77.6847
138370 77.6733
138380 77.6782
138390 77.6955
138400 77.7231
138410 77.7531
138420 77.7771
138430 77.794
138440 77.8023
138450 77.802
138460 77.7941
138470 77.7763
138480 77.7505
138490 77.7262
138500 77.7106
138510 77.7054
138520 77.7109
138530 77.7206
138540 77.7228
138550 77.706
138560 77.6669
138570 77.6186
138580 77.5711
138590 77.523
138600 77.476
138610 77.4364
138620 77.4011
138630 77.3648
138640 77.3296
138650 77.2997
138660 77.2717
138670 77.2471
138680 77.2385
138690 77.2507
138700 77.2735
138710 77.2966
138720 77.3255
138730 77.3713
138740 77.4342
138750 77.5021
138760 77.5646
138770 77.6109
138780 77.6332
138790 77.634
138800 77.6177
138810 77.5843
138820 77.539
138830 77.492
138840 77.4531
138850 77.4261
138860 77.4161
138870 77.4327
138880 77.4776
138890 77.5502
138900 77.6494
138910 77.7606
138920 77.8619
138930 77.9347
138940 77.967
138950 77.9627
138960 77.9392
138970 77.9073
138980 77.8646
138990 77.8142
139000 77.764
139010 77.7149
139020 77.6624
139030 77.6081
139040 77.5635
139050 77.5334
139060 77.5079
139070 77.4802
139080 77.4488
139090 77.4112
139100 77.3645
139110 77.309
139120 77.2538
139130 77.2093
139140 77.1791
139150 77.1659
139160 77.1693
139170 77.1839
139180 77.2023
139190 77.2148
139200 77.2175
139210 77.2127
139220 77.2066
139230 77.2064
139240 77.2149
139250 77.2286
139260 77.247
139270 77.2733
139280 77.314
139290 77.377
139300 77.4582
139310 77.535
139320 77.5859
139330 77.6093
139340 77.6179
139350 77.6165
139360 77.6054
139370 77.5877
139380 77.5709
139390 77.5603
139400 77.5542
139410 77.5467
139420 77.5359
139430 77.5284
139440 77.5302
139450 77.5425
139460 77.5617
139470 77.5759
139480 77.5724
139490 77.5514
139500 77.527
139510 77.5087
139520 77.4936
139530 77.4834
139540 77.4769
139550 77.4614
139560 77.4269
139570 77.3803
139580 77.3345
139590 77.2931
139600 77.2534
139610 77.2176
139620 77.192
139630 77.1751
139640 77.155
139650 77.1223
139660 77.0782
139670 77.0306
139680 76.9891
139690 76.9616
139700 76.9476
139710 76.9472
139720 76.9652
139730 76.9981
139740 77.0413
139750 77.0916
139760 77.1435
139770 77.1937
139780 77.2471
139790 77.3098
139800 77.3822
139810 77.461
139820 77.541
139830 77.6138
139840 77.6678
139850 77.6986
139860 77.7091
139870 77.7056
139880 77.6956
139890 77.6844
139900 77.6754
139910 77.6709
139920 77.6674
139930 77.6598
139940 77.6486
139950 77.6424
139960 77.6495
139970 77.6713
139980 77.7064
139990 77.7486
140000 77.7873
140010 77.8161
140020 77.8373
140030 77.8487
140040 77.843
140050 77.8283
140060 77.8259
140070 77.8476
140080 77.8912
140090 77.952
140100 78.0183
140110 78.0756
140120 78.1228
140130 78.1673
140140 78.2074
140150 78.2454
140160 78.2955
140170 78.3651
140180 78.4535
140190 78.5575
140200 78.672
140210 78.7862
140220 78.8868
140230 78.9682
140240 79.0283
140250 79.0668
140260 79.0862
140270 79.0887
140280 79.0722
140290 79.0304
140300 78.9664
140310 78.8933
140320 78.8253
140330 78.77
140340 78.7258
140350 78.6871
140360 78.6542
140370 78.6313
140380 78.6182
140390 78.6106
140400 78.6058
140410 78.6107
140420 78.6331
140430 78.6671
140440 78.7009
140450 78.7256
140460 78.7381
140470 78.7377
140480 78.7264
140490 78.7091
140500 78.6791
140510 78.6239
140520 78.5511
140530 78.4827
140540 78.4232
140550 78.3539
140560 78.2656
140570 78.1746
140580 78.1034
140590 78.0603
140600 78.0448
140610 78.0566
140620 78.0917
140630 78.1432
140640 78.2029
140650 78.2626
140660 78.3135
140670 78.3453
140680 78.3516
140690 78.3342
140700 78.3011
140710 78.26
140720 78.2138
140730 78.1689
140740 78.1319
140750 78.1021
140760 78.0723
140770 78.0348
140780 77.9909
140790 77.9494
140800 77.9156
140810 77.888
140820 77.8646
140830 77.8464
140840 77.8339
140850 77.8314
140860 77.8447
140870 77.8693
140880 77.8973
140890 77.9251
140900 77.9426
140910 77.9409
140920 77.9266
140930 77.9132
140940 77.9048
140950 77.8956
140960 77.8771
140970 77.848
140980 77.8196
140990 77.8007
141000 77.7905
141010 77.7896
141020 77.7989
141030 77.8142
141040 77.835
141050 77.8605
141060 77.886
141070 77.9078
141080 77.9222
141090 77.9251
141100 77.9215
141110 77.9233
141120 77.9357
141130 77.9534
141140 77.967
141150 77.9652
141160 77.9376
141170 77.8821
141180 77.8058
141190 77.7218
141200 77.6454
141210 77.5864
141220 77.5494
141230 77.5392
141240 77.5614
141250 77.6107
141260 77.6688
141270 77.7194
141280 77.7541
141290 77.7697
141300 77.7749
141310 77.7858
141320 77.8126
141330 77.8543
141340 77.9052
141350 77.9627
141360 78.0281
141370 78.1044
141380 78.1887
141390 78.2681
141400 78.3304
141410 78.3733
141420 78.4039
141430 78.4322
141440 78.4587
141450 78.4808
141460 78.5056
141470 78.5356
141480 78.555
141490 78.5485
141500 78.5209
141510 78.487
141520 78.452
141530 78.4067
141540 78.3443
141550 78.2772
141560 78.2214
141570 78.1739
141580 78.1248
141590 78.0767
141600 78.0426
141610 78.0303
141620 78.0345
141630 78.0475
141640 78.0671
141650 78.0918
141660 78.1178
141670 78.1405
141680 78.1613
141690 78.1855
141700 78.2157
141710 78.2521
141720 78.2874
141730 78.3118
141740 78.326
141750 78.3383
141760 78.3513
141770 78.3612
141780 78.3717
141790 78.3884
141800 78.4046
141810 78.4129
141820 78.4207
141830 78.4383
141840 78.4643
141850 78.4856
141860 78.4936
141870 78.4945
141880 78.4974
141890 78.506
141900 78.5236
141910 78.5532
141920 78.5946
141930 78.638
141940 78.673
141950 78.7047
141960 78.7395
141970 78.7753
141980 78.8096
141990 78.8481
142000 78.8992
142010 78.9723
142020 79.0737
142030 79.1933
142040 79.3169
142050 79.4423
142060 79.5646
142070 79.6661
142080 79.736
142090 79.7829
142100 79.8259
142110 79.8746
142120 79.9313
142130 79.993
142140 80.0548
142150 80.1101
142160 80.1518
142170 80.1736
142180 80.1765
142190 80.1736
142200 80.1787
142210 80.1874
142220 80.188
142230 80.1792
142240 80.1742
142250 80.1873
142260 80.2175
142270 80.2519
142280 80.2791
142290 80.2882
142300 80.2715
142310 80.24
142320 80.2151
142330 80.2084
142340 80.2209
142350 80.2477
142360 80.2843
142370 80.3271
142380 80.3698
142390 80.4026
142400 80.4211
142410 80.4315
142420 80.4346
142430 80.4292
142440 80.4229
142450 80.4217
142460 80.4263
142470 80.4423
142480 80.4676
142490 80.4877
142500 80.4948
142510 80.4915
142520 80.4841
142530 80.4757
142540 80.4678
142550 80.4694
142560 80.4858
142570 80.5076
142580 80.5253
142590 80.537
142600 80.5378
142610 80.5249
142620 80.5041
142630 80.4813
142640 80.4666
142650 80.4731
142660 80.5034
142670 80.5518
142680 80.6199
142690 80.7081
142700 80.8038
142710 80.9006
142720 81.0001
142730 81.0962
142740 81.1728
142750 81.2182
142760 81.2356
142770 81.235
142780 81.2233
142790 81.2034
142800 81.1764
142810 81.1441
142820 81.1123
142830 81.0936
142840 81.096
142850 81.1154
142860 81.145
142870 81.1735
142880 81.1883
142890 81.1961
142900 81.2139
142910 81.249
142920 81.3044
142930 81.3811
142940 81.4648
142950 81.5358
142960 81.5908
142970 81.6383
142980 81.6791
142990 81.7055
143000 81.7154
143010 81.7197
143020 81.7343
143030 81.765
143040 81.8056
143050 81.8541
143060 81.9171
143070 81.9974
143080 82.084
143090 82.1581
143100 82.2046
143110 82.2237
143120 82.2204
143130 82.1988
143140 82.1657
143150 82.1272
143160 82.0821
143170 82.0216
143180 81.9429
143190 81.8597
143200 81.7898
143210 81.7411
143220 81.7188
143230 81.725
143240 81.7463
143250 81.7644
143260 81.7675
143270 81.759
143280 81.7559
143290 81.7712
143300 81.8025
143310 81.843
143320 81.8908
143330 81.9454
143340 82.006
143350 82.0735
143360 82.1477
143370 82.2169
143380 82.2703
143390 82.3118
143400 82.3491
143410 82.3804
143420 82.3935
143430 82.3844
143440 82.3684
143450 82.3724
143460 82.4129
143470 82.4865
143480 82.5779
