# Time-averaged data for fix msdo
# TimeStep c_mo[4]
0 1.28321e-29
10 0.00432892
20 0.0159018
30 0.0304902
40 0.0453696
50 0.0599866
60 0.0734507
70 0.0864888
80 0.0994602
90 0.112176
100 0.125071
110 0.138262
120 0.151855
130 0.163987
140 0.175027
150 0.186762
160 0.199023
170 0.209177
180 0.215286
190 0.219312
200 0.223625
210 0.229239
220 0.234857
230 0.241141
240 0.248091
250 0.256474
260 0.267567
270 0.278681
280 0.285564
290 0.28896
300 0.2929
310 0.299662
320 0.310998
330 0.3274
340 0.344773
350 0.358534
360 0.371034
370 0.381551
380 0.385948
390 0.388704
400 0.394343
410 0.399331
420 0.402973
430 0.408345
440 0.415131
450 0.420493
460 0.421574
470 0.417148
480 0.41047
490 0.40567
500 0.40435
510 0.405512
520 0.40727
530 0.407365
540 0.405606
550 0.404923
560 0.407667
570 0.412629
580 0.418735
590 0.425801
600 0.435174
610 0.445085
620 0.451105
630 0.452809
640 0.453836
650 0.457814
660 0.466103
670 0.475725
680 0.482255
690 0.48848
700 0.499605
710 0.513502
720 0.524755
730 0.529212
740 0.529123
750 0.529748
760 0.531206
770 0.533314
780 0.536749
790 0.544881
800 0.557246
810 0.567969
820 0.576639
830 0.583839
840 0.588464
850 0.591026
860 0.591644
870 0.591703
880 0.591631
890 0.591064
900 0.588834
910 0.583997
920 0.576961
930 0.568988
940 0.56266
950 0.559417
960 0.558807
970 0.561726
980 0.567503
990 0.57447
1000 0.581285
1010 0.586094
1020 0.587239
1030 0.586337
1040 0.584463
1050 0.579923
1060 0.576734
1070 0.576865
1080 0.575636
1090 0.571834
1100 0.571564
1110 0.572065
1120 0.568039
1130 0.563673
1140 0.561534
1150 0.564874
1160 0.573001
1170 0.581202
1180 0.587172
1190 0.589351
1200 0.587391
1210 0.583885
1220 0.582337
1230 0.582433
1240 0.583413
1250 0.584972
1260 0.588242
1270 0.594096
1280 0.600594
1290 0.604068
1300 0.605543
1310 0.606592
1320 0.607268
1330 0.609672
1340 0.615497
1350 0.621777
1360 0.625539
1370 0.62832
1380 0.631501
1390 0.634558
1400 0.637195
1410 0.641278
1420 0.649418
1430 0.659178
1440 0.668798
1450 0.679196
1460 0.68815
1470 0.693071
1480 0.691808
1490 0.688747
1500 0.688791
1510 0.692157
1520 0.695858
1530 0.696782
1540 0.695572
1550 0.695408
1560 0.698891
1570 0.70335
1580 0.70287
1590 0.699379
1600 0.697925
1610 0.697298
1620 0.698332
1630 0.702412
1640 0.708675
1650 0.717001
1660 0.72814
1670 0.737675
1680 0.743392
1690 0.747211
1700 0.749069
1710 0.750559
1720 0.750156
1730 0.746168
1740 0.745316
1750 0.748594
1760 0.749027
1770 0.747388
1780 0.747901
1790 0.750618
1800 0.752438
1810 0.752397
1820 0.752413
1830 0.755903
1840 0.76269
1850 0.770795
1860 0.781454
1870 0.792568
1880 0.801097
1890 0.804026
1900 0.804314
1910 0.804037
1920 0.802598
1930 0.80602
1940 0.815229
1950 0.823747
1960 0.829988
1970 0.832204
1980 0.827706
1990 0.821794
2000 0.817796
2010 0.812752
2020 0.810102
2030 0.814507
2040 0.8181
2050 0.816035
2060 0.814546
2070 0.815631
2080 0.817674
2090 0.815369
2100 0.807637
2110 0.799402
2120 0.794137
2130 0.786922
2140 0.776668
2150 0.771297
2160 0.773731
2170 0.779177
2180 0.784427
2190 0.787911
2200 0.785531
2210 0.777948
2220 0.770901
2230 0.769305
2240 0.774508
2250 0.782997
2260 0.788727
2270 0.790267
2280 0.792114
2290 0.792365
2300 0.787426
2310 0.783425
2320 0.785078
2330 0.791891
2340 0.800765
2350 0.811375
2360 0.82533
2370 0.838777
2380 0.847135
2390 0.84686
2400 0.839128
2410 0.831861
2420 0.833844
2430 0.846277
2440 0.864022
2450 0.88057
2460 0.892495
2470 0.896257
2480 0.890479
2490 0.875669
2500 0.858751
2510 0.850823
2520 0.855856
2530 0.868145
2540 0.879481
2550 0.886177
2560 0.883405
2570 0.871619
2580 0.856839
2590 0.841372
2600 0.83152
2610 0.833411
2620 0.840141
2630 0.847507
2640 0.85672
2650 0.86493
2660 0.869721
2670 0.876703
2680 0.885647
2690 0.889402
2700 0.890135
2710 0.895319
2720 0.903903
2730 0.912924
2740 0.921703
2750 0.926054
2760 0.923425
2770 0.917698
2780 0.914378
2790 0.914806
2800 0.918093
2810 0.927379
2820 0.941416
2830 0.956714
2840 0.969931
2850 0.979517
2860 0.986517
2870 0.988653
2880 0.986181
2890 0.984115
2900 0.987177
2910 0.991841
2920 0.994743
2930 0.999961
2940 1.00953
2950 1.01586
2960 1.01629
2970 1.01352
2980 1.01055
2990 1.00903
3000 1.01001
3010 1.01384
3020 1.01701
3030 1.01649
3040 1.01479
3050 1.01491
3060 1.01575
3070 1.01558
3080 1.01515
3090 1.01591
3100 1.01701
3110 1.01728
3120 1.01411
3130 1.00929
3140 1.00946
3150 1.01529
3160 1.02084
3170 1.02362
3180 1.02544
3190 1.02523
3200 1.02246
3210 1.01944
3220 1.02016
3230 1.02542
3240 1.03534
3250 1.04863
3260 1.0587
3270 1.06228
3280 1.06314
3290 1.05896
3300 1.04695
3310 1.03446
3320 1.02817
3330 1.02551
3340 1.02586
3350 1.03163
3360 1.03717
3370 1.03643
3380 1.03119
3390 1.02515
3400 1.01712
3410 1.01228
3420 1.01526
3430 1.02282
3440 1.02905
3450 1.03434
3460 1.0406
3470 1.04224
3480 1.03487
3490 1.02605
3500 1.02504
3510 1.03183
3520 1.04529
3530 1.06614
3540 1.08882
3550 1.10352
3560 1.10677
3570 1.10413
3580 1.09907
3590 1.09625
3600 1.09738
3610 1.10173
3620 1.11094
3630 1.12405
3640 1.13253
3650 1.12816
3660 1.12014
3670 1.11989
3680 1.12586
3690 1.13474
3700 1.14401
3710 1.15278
3720 1.16275
3730 1.17489
3740 1.18177
3750 1.17844
3760 1.17623
3770 1.1816
3780 1.18506
3790 1.1832
3800 1.18258
3810 1.1836
3820 1.17916
3830 1.17321
3840 1.16902
3850 1.16215
3860 1.15617
3870 1.15687
3880 1.16092
3890 1.1648
3900 1.17096
3910 1.17856
3920 1.18808
3930 1.20166
3940 1.21682
3950 1.22761
3960 1.23437
3970 1.23983
3980 1.24365
3990 1.24312
4000 1.241
4010 1.23895
4020 1.23225
4030 1.22357
4040 1.21948
4050 1.21898
4060 1.22021
4070 1.2267
4080 1.24047
4090 1.25549
4100 1.26548
4110 1.27515
4120 1.28624
4130 1.29133
4140 1.29184
4150 1.29163
4160 1.2909
4170 1.29033
4180 1.29046
4190 1.2877
4200 1.2803
4210 1.27597
4220 1.28053
4230 1.28836
4240 1.29213
4250 1.29119
4260 1.29002
4270 1.28736
4280 1.28601
4290 1.28857
4300 1.29467
4310 1.30275
4320 1.30765
4330 1.30682
4340 1.29854
4350 1.28671
4360 1.27891
4370 1.27435
4380 1.26894
4390 1.26672
4400 1.27062
4410 1.27182
4420 1.26279
4430 1.24977
4440 1.23924
4450 1.23441
4460 1.23799
4470 1.24971
4480 1.26678
4490 1.28463
4500 1.29848
4510 1.3049
4520 1.30022
4530 1.28728
4540 1.28165
4550 1.29139
4560 1.31082
4570 1.33589
4580 1.35458
4590 1.35968
4600 1.35678
4610 1.3519
4620 1.34785
4630 1.34522
4640 1.34592
4650 1.34906
4660 1.35574
4670 1.36853
4680 1.3839
4690 1.392
4700 1.39327
4710 1.39116
4720 1.38784
4730 1.38319
4740 1.37879
4750 1.37629
4760 1.37299
4770 1.36959
4780 1.36767
4790 1.36536
4800 1.36477
4810 1.36323
4820 1.35634
4830 1.35351
4840 1.35951
4850 1.36613
4860 1.36999
4870 1.37769
4880 1.38521
4890 1.3876
4900 1.3903
4910 1.39543
4920 1.39954
4930 1.40335
4940 1.4046
4950 1.40206
4960 1.39389
4970 1.37946
4980 1.3697
4990 1.37
5000 1.37053
5010 1.36953
5020 1.36935
5030 1.37022
5040 1.37192
5050 1.37348
5060 1.36911
5070 1.35668
5080 1.34281
5090 1.32901
5100 1.31461
5110 1.30405
5120 1.3027
5130 1.30766
5140 1.31053
5150 1.31111
5160 1.31365
5170 1.31606
5180 1.31527
5190 1.31577
5200 1.32163
5210 1.33116
5220 1.33866
5230 1.34241
5240 1.3453
5250 1.34747
5260 1.34608
5270 1.34178
5280 1.34241
5290 1.35107
5300 1.364
5310 1.37731
5320 1.38753
5330 1.39586
5340 1.40801
5350 1.42181
5360 1.42918
5370 1.42743
5380 1.42142
5390 1.41931
5400 1.42243
5410 1.42577
5420 1.42937
5430 1.43529
5440 1.44723
5450 1.46005
5460 1.46591
5470 1.46625
5480 1.4649
5490 1.45817
5500 1.44264
5510 1.42113
5520 1.40202
5530 1.39036
5540 1.38779
5550 1.39245
5560 1.40084
5570 1.40839
5580 1.41308
5590 1.41802
5600 1.42819
5610 1.44024
5620 1.44792
5630 1.45418
5640 1.46113
5650 1.46392
5660 1.46108
5670 1.45603
5680 1.45401
5690 1.45501
5700 1.45816
5710 1.46595
5720 1.47296
5730 1.47628
5740 1.47908
5750 1.47977
5760 1.47431
5770 1.46731
5780 1.46251
5790 1.46349
5800 1.47774
5810 1.49855
5820 1.51524
5830 1.52599
5840 1.53025
5850 1.5247
5860 1.5129
5870 1.50369
5880 1.50259
5890 1.50954
5900 1.51677
5910 1.52135
5920 1.5231
5930 1.51834
5940 1.51309
5950 1.51462
5960 1.5214
5970 1.52759
5980 1.5315
5990 1.53065
6000 1.52348
6010 1.51705
6020 1.51725
6030 1.52106
6040 1.52831
6050 1.54177
6060 1.55696
6070 1.56656
6080 1.57022
6090 1.5689
6100 1.5657
6110 1.5666
6120 1.57946
6130 1.59928
6140 1.61501
6150 1.62269
6160 1.62209
6170 1.61878
6180 1.61418
6190 1.60846
6200 1.60785
6210 1.61239
6220 1.61555
6230 1.6134
6240 1.60449
6250 1.5899
6260 1.57996
6270 1.57633
6280 1.57252
6290 1.57043
6300 1.57172
6310 1.57101
6320 1.56584
6330 1.56148
6340 1.55908
6350 1.5585
6360 1.55752
6370 1.55624
6380 1.55907
6390 1.5653
6400 1.57112
6410 1.57554
6420 1.58964
6430 1.61743
6440 1.64068
6450 1.64962
6460 1.65661
6470 1.66501
6480 1.67082
6490 1.672
6500 1.67374
6510 1.67775
6520 1.68845
6530 1.70549
6540 1.72352
6550 1.73988
6560 1.75194
6570 1.75259
6580 1.74379
6590 1.73749
6600 1.73745
6610 1.73407
6620 1.72727
6630 1.72435
6640 1.72657
6650 1.73777
6660 1.75785
6670 1.77419
6680 1.78103
6690 1.78396
6700 1.78628
6710 1.79094
6720 1.79928
6730 1.80595
6740 1.80587
6750 1.8038
6760 1.80381
6770 1.80406
6780 1.80385
6790 1.80422
6800 1.80731
6810 1.80992
6820 1.81307
6830 1.81937
6840 1.8264
6850 1.82709
6860 1.82089
6870 1.81424
6880 1.80444
6890 1.79348
6900 1.79447
6910 1.80351
6920 1.80744
6930 1.80575
6940 1.80665
6950 1.80904
6960 1.80547
6970 1.79765
6980 1.79174
6990 1.7897
7000 1.79333
7010 1.80426
7020 1.81676
7030 1.82756
7040 1.84015
7050 1.85204
7060 1.8583
7070 1.86036
7080 1.86147
7090 1.8658
7100 1.87132
7110 1.87541
7120 1.88657
7130 1.90979
7140 1.93732
7150 1.95955
7160 1.97121
7170 1.97122
7180 1.96573
7190 1.96055
7200 1.96437
7210 1.98131
7220 2.00306
7230 2.02338
7240 2.03974
7250 2.05069
7260 2.05179
7270 2.0473
7280 2.04316
7290 2.03678
7300 2.02954
7310 2.0239
7320 2.017
7330 2.00609
7340 1.99897
7350 1.99678
7360 1.99616
7370 1.99487
7380 1.99278
7390 1.99211
7400 1.99313
7410 1.99094
7420 1.9821
7430 1.97684
7440 1.98379
7450 1.99864
7460 2.01327
7470 2.02206
7480 2.02162
7490 2.01619
7500 2.00498
7510 1.98857
7520 1.97479
7530 1.96726
7540 1.96328
7550 1.9632
7560 1.9715
7570 1.98038
7580 1.9758
7590 1.96179
7600 1.95556
7610 1.95882
7620 1.96439
7630 1.96951
7640 1.97533
7650 1.97705
7660 1.97484
7670 1.97193
7680 1.96753
7690 1.96274
7700 1.96343
7710 1.9751
7720 1.99432
7730 2.01046
7740 2.02006
7750 2.02458
7760 2.02575
7770 2.03056
7780 2.03755
7790 2.04302
7800 2.04383
7810 2.04336
7820 2.04739
7830 2.06048
7840 2.08282
7850 2.1097
7860 2.13348
7870 2.15245
7880 2.16944
7890 2.18415
7900 2.19523
7910 2.19916
7920 2.19755
7930 2.19133
7940 2.18052
7950 2.17443
7960 2.17951
7970 2.18849
7980 2.19239
7990 2.18892
8000 2.18691
8010 2.19423
8020 2.20558
8030 2.2229
8040 2.24731
8050 2.26821
8060 2.27538
8070 2.27808
8080 2.28429
8090 2.29302
8100 2.30661
8110 2.32528
8120 2.33838
8130 2.34716
8140 2.35695
8150 2.36317
8160 2.36568
8170 2.36801
8180 2.37468
8190 2.39037
8200 2.41089
8210 2.42384
8220 2.43359
8230 2.45006
8240 2.46507
8250 2.4691
8260 2.46688
8270 2.46076
8280 2.4553
8290 2.45471
8300 2.45563
8310 2.45324
8320 2.45104
8330 2.45429
8340 2.45535
8350 2.44802
8360 2.43717
8370 2.43084
8380 2.43288
8390 2.43883
8400 2.44768
8410 2.45957
8420 2.47278
8430 2.4853
8440 2.48921
8450 2.48725
8460 2.4922
8470 2.5078
8480 2.52121
8490 2.52259
8500 2.52028
8510 2.51682
8520 2.50894
8530 2.50151
8540 2.50215
8550 2.50766
8560 2.51801
8570 2.53662
8580 2.55567
8590 2.56086
8600 2.55383
8610 2.54608
8620 2.54036
8630 2.53522
8640 2.53103
8650 2.52545
8660 2.51681
8670 2.51201
8680 2.51667
8690 2.52272
8700 2.52654
8710 2.53052
8720 2.53598
8730 2.54554
8740 2.56257
8750 2.5867
8760 2.60916
8770 2.63391
8780 2.67229
8790 2.713
8800 2.74562
8810 2.77402
8820 2.79639
8830 2.80269
8840 2.79078
8850 2.77206
8860 2.75968
8870 2.76271
8880 2.77814
8890 2.79406
8900 2.81072
8910 2.82054
8920 2.81086
8930 2.78651
8940 2.76373
8950 2.74615
8960 2.73109
8970 2.72278
8980 2.72707
8990 2.7419
9000 2.76151
9010 2.78078
9020 2.78759
9030 2.78271
9040 2.77796
9050 2.77214
9060 2.75707
9070 2.74574
9080 2.74969
9090 2.76659
9100 2.78644
9110 2.79616
9120 2.79223
9130 2.78321
9140 2.77631
9150 2.76907
9160 2.76607
9170 2.76985
9180 2.77171
9190 2.76902
9200 2.77084
9210 2.7731
9220 2.76848
9230 2.76335
9240 2.75676
9250 2.74479
9260 2.73816
9270 2.74676
9280 2.76276
9290 2.77911
9300 2.79501
9310 2.803
9320 2.79457
9330 2.77877
9340 2.7706
9350 2.7766
9360 2.79007
9370 2.79981
9380 2.79607
9390 2.78148
9400 2.76608
9410 2.75876
9420 2.75588
9430 2.75542
9440 2.75525
9450 2.74803
9460 2.7328
9470 2.71667
9480 2.70624
9490 2.70868
9500 2.72533
9510 2.74717
9520 2.7666
9530 2.79045
9540 2.81664
9550 2.83534
9560 2.84359
9570 2.84483
9580 2.83813
9590 2.82891
9600 2.82317
9610 2.82022
9620 2.82233
9630 2.82707
9640 2.83089
9650 2.83332
9660 2.83555
9670 2.83818
9680 2.837
9690 2.83732
9700 2.84225
9710 2.85198
9720 2.87077
9730 2.89667
9740 2.92573
9750 2.95435
9760 2.97526
9770 2.98686
9780 2.99266
9790 2.98686
9800 2.96603
9810 2.94081
9820 2.92554
9830 2.92293
9840 2.93449
9850 2.96086
9860 2.99299
9870 3.01756
9880 3.03035
9890 3.03541
9900 3.03895
9910 3.04307
9920 3.04676
9930 3.04623
9940 3.03974
9950 3.03326
9960 3.03432
9970 3.0333
9980 3.02557
9990 3.02651
10000 3.04347
10010 3.06894
10020 3.0853
10030 3.08513
10040 3.08112
10050 3.08454
10060 3.0889
10070 3.08386
10080 3.07759
10090 3.0734
10100 3.06449
10110 3.06073
10120 3.06927
10130 3.08632
10140 3.10342
10150 3.11948
10160 3.12777
10170 3.12314
10180 3.11473
10190 3.11182
10200 3.10956
10210 3.09827
10220 3.07322
10230 3.04832
10240 3.04096
10250 3.05042
10260 3.06873
10270 3.09006
10280 3.10734
10290 3.11064
10300 3.10334
10310 3.09095
10320 3.06862
10330 3.04193
10340 3.02384
10350 3.01719
10360 3.01761
10370 3.01866
10380 3.01228
10390 3.00107
10400 2.99318
10410 2.98795
10420 2.97656
10430 2.96801
10440 2.96919
10450 2.97432
10460 2.98081
10470 2.98747
10480 2.99186
10490 2.99238
10500 2.98972
10510 2.97993
10520 2.96138
10530 2.94437
10540 2.9378
10550 2.93658
10560 2.93775
10570 2.94671
10580 2.96174
10590 2.97563
10600 2.98648
10610 2.99173
10620 2.98944
10630 2.98421
10640 2.97847
10650 2.97078
10660 2.96309
10670 2.95853
10680 2.95728
10690 2.95651
10700 2.95493
10710 2.94984
10720 2.93013
10730 2.90037
10740 2.87638
10750 2.86226
10760 2.8564
10770 2.86245
10780 2.87356
10790 2.87278
10800 2.86768
10810 2.86847
10820 2.8655
10830 2.85217
10840 2.84159
10850 2.84426
10860 2.85651
10870 2.86591
10880 2.86474
10890 2.86068
10900 2.86423
10910 2.87507
10920 2.88885
10930 2.91306
10940 2.94889
10950 2.98167
10960 3.00324
10970 3.01246
10980 3.00879
10990 3.00049
11000 2.99941
11010 3.01099
11020 3.03444
11030 3.06636
11040 3.09116
11050 3.09727
11060 3.09045
11070 3.08278
11080 3.07878
11090 3.08194
11100 3.09127
11110 3.09872
11120 3.10319
11130 3.1088
11140 3.11717
11150 3.13169
11160 3.14667
11170 3.15779
11180 3.16948
11190 3.18464
11200 3.19621
11210 3.19912
11220 3.19339
11230 3.18879
11240 3.19121
11250 3.19338
11260 3.19408
11270 3.20508
11280 3.21976
11290 3.22812
11300 3.23837
11310 3.2493
11320 3.25409
11330 3.26293
11340 3.28101
11350 3.29478
11360 3.30412
11370 3.32008
11380 3.33613
11390 3.3397
11400 3.33429
11410 3.32327
11420 3.30064
11430 3.28077
11440 3.2745
11450 3.27424
11460 3.27344
11470 3.27874
11480 3.29531
11490 3.31374
11500 3.32445
11510 3.32825
11520 3.32823
11530 3.33045
11540 3.34075
11550 3.35621
11560 3.36415
11570 3.36022
11580 3.35641
11590 3.35962
11600 3.36394
11610 3.36381
11620 3.36682
11630 3.37715
11640 3.38377
11650 3.381
11660 3.38017
11670 3.38563
11680 3.39942
11690 3.42424
11700 3.45537
11710 3.48209
11720 3.50245
11730 3.52027
11740 3.531
11750 3.53223
11760 3.5277
11770 3.52553
11780 3.53753
11790 3.56436
11800 3.59596
11810 3.62381
11820 3.63845
11830 3.63455
11840 3.61936
11850 3.6074
11860 3.60914
11870 3.62024
11880 3.63362
11890 3.64771
11900 3.66107
11910 3.67192
11920 3.66899
11930 3.64714
11940 3.61613
11950 3.59123
11960 3.58212
11970 3.58582
11980 3.59283
11990 3.6004
12000 3.60417
12010 3.60104
12020 3.6003
12030 3.60874
12040 3.62101
12050 3.63341
12060 3.64735
12070 3.65816
12080 3.66221
12090 3.65529
12100 3.64093
12110 3.63456
12120 3.64792
12130 3.67887
12140 3.71762
12150 3.75141
12160 3.76955
12170 3.77624
12180 3.77873
12190 3.78925
12200 3.81211
12210 3.8362
12220 3.8496
12230 3.85416
12240 3.84544
12250 3.8227
12260 3.80244
12270 3.7958
12280 3.79843
12290 3.80333
12300 3.80206
12310 3.78946
12320 3.77103
12330 3.75593
12340 3.74767
12350 3.7467
12360 3.74797
12370 3.74353
12380 3.7337
12390 3.72191
12400 3.71014
12410 3.70585
12420 3.70674
12430 3.70661
12440 3.71298
12450 3.73295
12460 3.75528
12470 3.77408
12480 3.78529
12490 3.77918
12500 3.76005
12510 3.74641
12520 3.73922
12530 3.73704
12540 3.74152
12550 3.73942
12560 3.72368
12570 3.70532
12580 3.69828
12590 3.70433
12600 3.70843
12610 3.71063
12620 3.72216
12630 3.74069
12640 3.75264
12650 3.74607
12660 3.71923
12670 3.68556
12680 3.66054
12690 3.64487
12700 3.63859
12710 3.64585
12720 3.66299
12730 3.67492
12740 3.67785
12750 3.67382
12760 3.6592
12770 3.63202
12780 3.60078
12790 3.57843
12800 3.56309
12810 3.55041
12820 3.5426
12830 3.53625
12840 3.5295
12850 3.52151
12860 3.51803
12870 3.52289
12880 3.5308
12890 3.53614
12900 3.5438
12910 3.55852
12920 3.57093
12930 3.5752
12940 3.57671
12950 3.58398
12960 3.59636
12970 3.60606
12980 3.60619
12990 3.60579
13000 3.60664
13010 3.6092
13020 3.6168
13030 3.63176
13040 3.65243
13050 3.6702
13060 3.67924
13070 3.68266
13080 3.69263
13090 3.70999
13100 3.72289
13110 3.71896
13120 3.70167
13130 3.67955
13140 3.65657
13150 3.63662
13160 3.62191
13170 3.60926
13180 3.59869
13190 3.596
13200 3.59854
13210 3.60412
13220 3.61374
13230 3.6228
13240 3.62633
13250 3.62893
13260 3.6358
13270 3.63806
13280 3.63168
13290 3.62517
13300 3.6288
13310 3.64307
13320 3.66864
13330 3.69801
13340 3.72158
13350 3.7288
13360 3.7266
13370 3.7237
13380 3.72177
13390 3.73049
13400 3.75073
13410 3.771
13420 3.78666
13430 3.80067
13440 3.81231
13450 3.82404
13460 3.83415
13470 3.83801
13480 3.84294
13490 3.85671
13500 3.87416
13510 3.88573
13520 3.89229
13530 3.89862
13540 3.9122
13550 3.93021
13560 3.94358
13570 3.94824
13580 3.94815
13590 3.95132
13600 3.95536
13610 3.96352
13620 3.98714
13630 4.02441
13640 4.0546
13650 4.0761
13660 4.09682
13670 4.1128
13680 4.11515
13690 4.10582
13700 4.09365
13710 4.08557
13720 4.08194
13730 4.08546
13740 4.09701
13750 4.11327
13760 4.12684
13770 4.12415
13780 4.10252
13790 4.07597
13800 4.05097
13810 4.02448
13820 4.00196
13830 3.99312
13840 3.99833
13850 4.00668
13860 4.0068
13870 3.98841
13880 3.9567
13890 3.92046
13900 3.88406
13910 3.85411
13920 3.83566
13930 3.82807
13940 3.82947
13950 3.83336
13960 3.84373
13970 3.85684
13980 3.86384
13990 3.87143
14000 3.88633
14010 3.90223
14020 3.90699
14030 3.90257
14040 3.89796
14050 3.89332
14060 3.88879
14070 3.88932
14080 3.89392
14090 3.89846
14100 3.90499
14110 3.91612
14120 3.91893
14130 3.90687
14140 3.88311
14150 3.85227
14160 3.82908
14170 3.82844
14180 3.84558
14190 3.8678
14200 3.89745
14210 3.93496
14220 3.96678
14230 3.98249
14240 3.98652
14250 3.99141
14260 3.99526
14270 3.99323
14280 3.99286
14290 4.00536
14300 4.02003
14310 4.02654
14320 4.03079
14330 4.03212
14340 4.01972
14350 3.99911
14360 3.98163
14370 3.97136
14380 3.96907
14390 3.97484
14400 3.97418
14410 3.95458
14420 3.92798
14430 3.91533
14440 3.92099
14450 3.93616
14460 3.95472
14470 3.96871
14480 3.96945
14490 3.95602
14500 3.94146
14510 3.93476
14520 3.93271
14530 3.93184
14540 3.93314
14550 3.93154
14560 3.92473
14570 3.90872
14580 3.88796
14590 3.87319
14600 3.86625
14610 3.86502
14620 3.86423
14630 3.862
14640 3.86028
14650 3.86386
14660 3.86867
14670 3.87081
14680 3.87315
14690 3.87877
14700 3.89063
14710 3.9036
14720 3.91597
14730 3.9302
14740 3.94855
14750 3.96895
14760 3.98096
14770 3.98346
14780 3.97884
14790 3.97201
14800 3.97431
14810 3.99367
14820 4.02378
14830 4.05418
14840 4.07501
14850 4.08536
14860 4.09008
14870 4.08465
14880 4.06964
14890 4.0606
14900 4.06528
14910 4.07703
14920 4.08877
14930 4.09675
14940 4.10182
14950 4.10494
14960 4.10787
14970 4.11711
14980 4.13039
14990 4.14501
15000 4.15965
15010 4.171
15020 4.17943
15030 4.18649
15040 4.1877
15050 4.18214
15060 4.17698
15070 4.17984
15080 4.18742
15090 4.19447
15100 4.20083
15110 4.20987
15120 4.22161
15130 4.23408
15140 4.23939
15150 4.2371
15160 4.23606
15170 4.23401
15180 4.22917
15190 4.23108
15200 4.2402
15210 4.25099
15220 4.25888
15230 4.26223
15240 4.26862
15250 4.27711
15260 4.27169
15270 4.25251
15280 4.233
15290 4.21881
15300 4.20338
15310 4.18788
15320 4.18161
15330 4.18139
15340 4.17739
15350 4.16726
15360 4.15962
15370 4.15831
15380 4.16353
15390 4.17125
15400 4.17792
15410 4.18091
15420 4.18531
15430 4.19706
15440 4.20382
15450 4.20417
15460 4.21206
15470 4.22989
15480 4.25015
15490 4.27231
15500 4.29488
15510 4.30839
15520 4.30484
15530 4.29247
15540 4.28238
15550 4.27913
15560 4.28037
15570 4.28307
15580 4.28495
15590 4.28363
15600 4.27948
15610 4.27371
15620 4.2654
15630 4.25174
15640 4.23438
15650 4.22287
15660 4.21675
15670 4.21884
15680 4.23384
15690 4.24771
15700 4.25153
15710 4.24809
15720 4.24393
15730 4.25612
15740 4.27096
15750 4.26896
15760 4.25744
15770 4.24529
15780 4.23279
15790 4.22409
15800 4.21791
15810 4.20889
15820 4.20221
15830 4.20199
15840 4.20182
15850 4.20447
15860 4.20632
15870 4.19899
15880 4.18909
15890 4.17848
15900 4.15604
15910 4.12898
15920 4.1173
15930 4.11171
15940 4.09823
15950 4.08677
15960 4.08144
15970 4.07765
15980 4.07595
15990 4.07455
16000 4.05859
16010 4.03698
16020 4.02964
16030 4.02107
16040 3.99824
16050 3.98371
16060 3.9853
16070 3.98998
16080 3.99521
16090 4.00111
16100 3.99442
16110 3.98241
16120 3.98137
16130 3.98725
16140 3.99197
16150 4.00186
16160 4.01618
16170 4.02962
16180 4.03775
16190 4.04026
16200 4.03701
16210 4.03854
16220 4.0584
16230 4.0945
16240 4.13126
16250 4.15848
16260 4.17343
16270 4.18005
16280 4.17998
16290 4.17762
16300 4.17956
16310 4.19499
16320 4.21844
16330 4.24195
16340 4.25849
16350 4.2654
16360 4.26706
16370 4.26888
16380 4.27445
16390 4.28036
16400 4.28314
16410 4.27884
16420 4.26703
16430 4.25826
16440 4.25196
16450 4.23834
16460 4.22457
16470 4.22459
16480 4.23014
16490 4.22765
16500 4.22163
16510 4.21238
16520 4.19854
16530 4.18819
16540 4.18477
16550 4.18937
16560 4.20143
16570 4.21018
16580 4.20662
16590 4.19755
16600 4.18487
16610 4.16723
16620 4.14646
16630 4.12863
16640 4.12458
16650 4.1386
16660 4.15734
16670 4.16658
16680 4.17245
16690 4.18579
16700 4.20487
16710 4.22328
16720 4.24545
16730 4.272
16740 4.29032
16750 4.29401
16760 4.29115
16770 4.28711
16780 4.28651
16790 4.28858
16800 4.29613
16810 4.31652
16820 4.34744
16830 4.38174
16840 4.4041
16850 4.40453
16860 4.3915
16870 4.38869
16880 4.40717
16890 4.44193
16900 4.48499
16910 4.51887
16920 4.52669
16930 4.51115
16940 4.4867
16950 4.4641
16960 4.45072
16970 4.44545
16980 4.449
16990 4.46006
17000 4.46961
17010 4.47332
17020 4.47462
17030 4.47999
17040 4.48626
17050 4.48981
17060 4.48916
17070 4.49251
17080 4.50732
17090 4.52848
17100 4.54939
17110 4.57347
17120 4.59862
17130 4.61873
17140 4.63782
17150 4.65415
17160 4.66404
17170 4.67589
17180 4.69518
17190 4.71077
17200 4.71352
17210 4.70359
17220 4.68983
17230 4.67808
17240 4.67699
17250 4.69171
17260 4.71483
17270 4.73429
17280 4.7369
17290 4.72595
17300 4.71749
17310 4.7187
17320 4.71827
17330 4.7144
17340 4.72074
17350 4.73582
17360 4.73943
17370 4.72224
17380 4.70669
17390 4.70412
17400 4.70647
17410 4.70431
17420 4.69311
17430 4.68839
17440 4.69509
17450 4.70658
17460 4.71947
17470 4.73369
17480 4.74045
17490 4.72999
17500 4.71286
17510 4.70147
17520 4.69017
17530 4.68038
17540 4.68282
17550 4.69142
17560 4.68983
17570 4.68325
17580 4.68568
17590 4.69834
17600 4.72317
17610 4.75541
17620 4.78037
17630 4.78987
17640 4.77923
17650 4.75462
17660 4.73213
17670 4.71471
17680 4.69913
17690 4.68726
17700 4.67952
17710 4.67411
17720 4.67338
17730 4.6814
17740 4.68922
17750 4.68424
17760 4.6656
17770 4.63719
17780 4.60908
17790 4.59113
17800 4.58533
17810 4.59588
17820 4.61695
17830 4.6338
17840 4.64523
17850 4.66164
17860 4.6826
17870 4.6955
17880 4.69606
17890 4.6949
17900 4.69417
17910 4.68522
17920 4.67089
17930 4.66105
17940 4.64547
17950 4.62509
17960 4.61415
17970 4.61916
17980 4.62716
17990 4.62729
18000 4.62225
18010 4.61476
18020 4.60877
18030 4.60954
18040 4.61396
18050 4.61355
18060 4.60735
18070 4.60305
18080 4.60295
18090 4.60209
18100 4.60452
18110 4.61501
18120 4.62252
18130 4.61948
18140 4.60953
18150 4.59636
18160 4.58795
18170 4.58632
18180 4.58753
18190 4.58684
18200 4.59272
18210 4.61554
18220 4.65057
18230 4.68317
18240 4.70304
18250 4.70929
18260 4.7043
18270 4.68959
18280 4.6825
18290 4.68368
18300 4.67686
18310 4.66365
18320 4.65296
18330 4.64632
18340 4.64598
18350 4.65345
18360 4.66155
18370 4.66935
18380 4.67607
18390 4.68021
18400 4.68092
18410 4.68311
18420 4.68348
18430 4.68126
18440 4.67882
18450 4.67649
18460 4.67502
18470 4.67428
18480 4.67716
18490 4.68169
18500 4.67927
18510 4.662
18520 4.63524
18530 4.60437
18540 4.58178
18550 4.57791
18560 4.58558
18570 4.59438
18580 4.60637
18590 4.6134
18600 4.59937
18610 4.56342
18620 4.51026
18630 4.45578
18640 4.42542
18650 4.41935
18660 4.41997
18670 4.42632
18680 4.43108
18690 4.42091
18700 4.39859
18710 4.38063
18720 4.37325
18730 4.37193
18740 4.37352
18750 4.37767
18760 4.39073
18770 4.41512
18780 4.44941
18790 4.48433
18800 4.509
18810 4.51792
18820 4.51314
18830 4.50244
18840 4.49428
18850 4.49142
18860 4.49393
18870 4.49523
18880 4.49052
18890 4.49077
18900 4.50835
18910 4.53608
18920 4.55824
18930 4.57169
18940 4.57106
18950 4.55824
18960 4.54749
18970 4.54691
18980 4.55565
18990 4.56121
19000 4.55422
19010 4.54068
19020 4.51803
19030 4.49046
19040 4.47684
19050 4.48323
19060 4.49432
19070 4.49983
19080 4.50384
19090 4.51213
19100 4.52418
19110 4.53565
19120 4.54717
19130 4.55967
19140 4.58286
19150 4.62374
19160 4.67047
19170 4.69906
19180 4.71525
19190 4.7304
19200 4.74761
19210 4.77663
19220 4.81402
19230 4.84032
19240 4.84531
19250 4.84139
19260 4.84239
19270 4.84582
19280 4.84142
19290 4.83199
19300 4.82449
19310 4.82587
19320 4.84749
19330 4.875
19340 4.88329
19350 4.87852
19360 4.87716
19370 4.87533
19380 4.85626
19390 4.83005
19400 4.81359
19410 4.80395
19420 4.79886
19430 4.79608
19440 4.79101
19450 4.78536
19460 4.77921
19470 4.76921
19480 4.76519
19490 4.76435
19500 4.75525
19510 4.73812
19520 4.72406
19530 4.71856
19540 4.72294
19550 4.72823
19560 4.72507
19570 4.70813
19580 4.68379
19590 4.66954
19600 4.66949
19610 4.67449
19620 4.67654
19630 4.67584
19640 4.67529
19650 4.66804
19660 4.65162
19670 4.63405
19680 4.6192
19690 4.6075
19700 4.59483
19710 4.57594
19720 4.55186
19730 4.53458
19740 4.52081
19750 4.5028
19760 4.48414
19770 4.47324
19780 4.47514
19790 4.49447
19800 4.53195
19810 4.56602
19820 4.58607
19830 4.59667
19840 4.60148
19850 4.59657
19860 4.58275
19870 4.56503
19880 4.55224
19890 4.54744
19900 4.54416
19910 4.5399
19920 4.53754
19930 4.53482
19940 4.52787
19950 4.52286
19960 4.52856
19970 4.54967
19980 4.58164
19990 4.61136
20000 4.63186
20010 4.64156
20020 4.64617
20030 4.65418
20040 4.667
20050 4.68507
20060 4.71033
20070 4.73554
20080 4.74669
20090 4.74412
20100 4.73686
20110 4.72807
20120 4.71828
20130 4.70737
20140 4.68885
20150 4.66113
20160 4.63675
20170 4.62283
20180 4.60992
20190 4.59531
20200 4.58778
20210 4.58463
20220 4.5769
20230 4.56916
20240 4.56238
20250 4.54788
20260 4.52548
20270 4.50372
20280 4.48818
20290 4.47584
20300 4.46702
20310 4.46544
20320 4.47495
20330 4.49811
20340 4.51999
20350 4.52715
20360 4.52866
20370 4.53444
20380 4.54199
20390 4.56214
20400 4.60138
20410 4.64645
20420 4.68765
20430 4.71655
20440 4.72751
20450 4.71494
20460 4.68425
20470 4.65647
20480 4.64643
20490 4.64951
20500 4.66055
20510 4.67861
20520 4.69498
20530 4.69673
20540 4.68903
20550 4.68327
20560 4.68167
20570 4.68461
20580 4.69602
20590 4.71136
20600 4.71701
20610 4.71215
20620 4.70009
20630 4.68618
20640 4.6787
20650 4.68134
20660 4.69006
20670 4.69907
20680 4.70533
20690 4.70006
20700 4.68662
20710 4.68097
20720 4.69022
20730 4.70512
20740 4.72099
20750 4.74129
20760 4.76621
20770 4.7825
20780 4.78992
20790 4.79695
20800 4.80489
20810 4.80816
20820 4.80687
20830 4.80957
20840 4.81986
20850 4.83234
20860 4.84218
20870 4.8487
20880 4.85681
20890 4.87278
20900 4.90325
20910 4.93654
20920 4.95838
20930 4.97293
20940 4.98715
20950 4.99335
20960 4.99099
20970 4.99276
20980 4.99244
20990 4.98764
21000 4.98335
21010 4.97997
21020 4.9766
21030 4.97773
21040 4.98031
21050 4.98478
21060 4.99543
21070 5.00244
21080 5.00158
21090 4.99242
21100 4.97562
21110 4.96483
21120 4.97781
21130 5.00598
21140 5.02362
21150 5.03017
21160 5.03921
21170 5.04493
21180 5.04045
21190 5.0317
21200 5.02666
21210 5.02901
21220 5.04594
21230 5.07368
21240 5.09721
21250 5.12052
21260 5.15203
21270 5.1732
21280 5.16817
21290 5.15021
21300 5.13305
21310 5.11919
21320 5.10755
21330 5.10042
21340 5.09439
21350 5.08562
21360 5.07114
21370 5.05465
21380 5.04262
21390 5.0363
21400 5.0428
21410 5.05974
21420 5.07283
21430 5.07159
21440 5.05916
21450 5.04047
21460 5.01892
21470 5.00515
21480 5.00905
21490 5.01879
21500 5.01856
21510 5.02237
21520 5.04857
21530 5.0828
21540 5.11549
21550 5.14714
21560 5.16668
21570 5.17075
21580 5.16939
21590 5.17228
21600 5.18509
21610 5.21094
21620 5.23666
21630 5.25237
21640 5.2656
21650 5.2832
21660 5.29965
21670 5.30836
21680 5.31652
21690 5.32666
21700 5.33866
21710 5.35882
21720 5.38246
21730 5.39189
21740 5.38609
21750 5.37503
21760 5.36453
21770 5.35566
21780 5.35058
21790 5.34993
21800 5.36065
21810 5.38245
21820 5.3962
21830 5.38946
21840 5.36737
21850 5.33528
21860 5.29852
21870 5.26767
21880 5.24664
21890 5.23615
21900 5.2441
21910 5.26906
21920 5.29738
21930 5.32216
21940 5.33617
21950 5.3277
21960 5.30113
21970 5.27565
21980 5.26044
21990 5.255
22000 5.2564
22010 5.25771
22020 5.25428
22030 5.25832
22040 5.27007
22050 5.2789
22060 5.28437
22070 5.28535
22080 5.28416
22090 5.27901
22100 5.26839
22110 5.2611
22120 5.26132
22130 5.26539
22140 5.26335
22150 5.25574
22160 5.2471
22170 5.24553
22180 5.25336
22190 5.2677
22200 5.28243
22210 5.29519
22220 5.29877
22230 5.29478
22240 5.28526
22250 5.26716
22260 5.24929
22270 5.24377
22280 5.24975
22290 5.2536
22300 5.25334
22310 5.26129
22320 5.27526
22330 5.27796
22340 5.26441
22350 5.24937
22360 5.23696
22370 5.21958
22380 5.2087
22390 5.21823
22400 5.23912
22410 5.25509
22420 5.26347
22430 5.26319
22440 5.25445
22450 5.24787
22460 5.24308
22470 5.23643
22480 5.23433
22490 5.23474
22500 5.23441
22510 5.23941
22520 5.2611
22530 5.2902
22540 5.31318
22550 5.33619
22560 5.3554
22570 5.35917
22580 5.3496
22590 5.33382
22600 5.31495
22610 5.30315
22620 5.31462
22630 5.34097
22640 5.36187
22650 5.37884
22660 5.39366
22670 5.40529
22680 5.41357
22690 5.41757
22700 5.4149
22710 5.41227
22720 5.4135
22730 5.41678
22740 5.42227
22750 5.4459
22760 5.48862
22770 5.527
22780 5.54599
22790 5.55017
22800 5.5549
22810 5.56307
22820 5.57362
22830 5.59615
22840 5.62272
22850 5.64336
22860 5.65537
22870 5.65889
22880 5.66054
22890 5.66144
22900 5.65085
22910 5.63923
22920 5.64952
22930 5.67363
22940 5.69411
22950 5.6986
22960 5.68776
22970 5.66818
22980 5.64104
22990 5.60519
23000 5.58132
23010 5.581
23020 5.5973
23030 5.61199
23040 5.6223
23050 5.64428
23060 5.679
23070 5.70796
23080 5.72189
23090 5.73566
23100 5.75631
23110 5.77943
23120 5.80281
23130 5.82378
23140 5.82958
23150 5.81682
23160 5.79349
23170 5.77424
23180 5.76757
23190 5.77521
23200 5.79805
23210 5.82122
23220 5.83294
23230 5.83489
23240 5.82966
23250 5.81192
23260 5.7843
23270 5.76327
23280 5.75602
23290 5.75134
23300 5.75086
23310 5.76505
23320 5.78222
23330 5.7875
23340 5.78582
23350 5.78171
23360 5.77662
23370 5.77823
23380 5.79912
23390 5.83553
23400 5.87151
23410 5.89315
23420 5.89503
23430 5.88422
23440 5.87939
23450 5.8968
23460 5.92797
23470 5.95382
23480 5.97506
23490 5.99217
23500 6.00005
23510 5.99365
23520 5.97679
23530 5.96113
23540 5.95219
23550 5.94906
23560 5.95194
23570 5.95589
23580 5.9573
23590 5.9552
23600 5.95601
23610 5.96508
23620 5.96825
23630 5.96195
23640 5.95622
23650 5.95845
23660 5.97018
23670 5.99302
23680 6.02321
23690 6.04483
23700 6.03993
23710 6.01854
23720 6.00247
23730 5.98519
23740 5.95918
23750 5.93804
23760 5.92123
23770 5.89665
23780 5.87143
23790 5.85844
23800 5.85261
23810 5.85467
23820 5.86777
23830 5.88157
23840 5.89243
23850 5.90228
23860 5.91512
23870 5.93348
23880 5.94756
23890 5.95
23900 5.94696
23910 5.94395
23920 5.9342
23930 5.91618
23940 5.89656
23950 5.88437
23960 5.8797
23970 5.87273
23980 5.86438
23990 5.85553
24000 5.84388
24010 5.84102
24020 5.84639
24030 5.85215
24040 5.85415
24050 5.85716
24060 5.86276
24070 5.86244
24080 5.85011
24090 5.8341
24100 5.82362
24110 5.81697
24120 5.8161
24130 5.8184
24140 5.81057
24150 5.79224
24160 5.78059
24170 5.77913
24180 5.78109
24190 5.79762
24200 5.82617
24210 5.84411
24220 5.85207
24230 5.8632
24240 5.87209
24250 5.87947
24260 5.89578
24270 5.91614
24280 5.93783
24290 5.9518
24300 5.95184
24310 5.94526
24320 5.93653
24330 5.9241
24340 5.91426
24350 5.91414
24360 5.92065
24370 5.92842
24380 5.93092
24390 5.92493
24400 5.91155
24410 5.89859
24420 5.87732
24430 5.84504
24440 5.81744
24450 5.79847
24460 5.78861
24470 5.79026
24480 5.80114
24490 5.81296
24500 5.81496
24510 5.81225
24520 5.8143
24530 5.82
24540 5.82923
24550 5.85138
24560 5.89188
24570 5.93396
24580 5.95116
24590 5.95119
24600 5.95297
24610 5.9593
24620 5.95917
24630 5.95406
24640 5.94782
24650 5.94416
24660 5.94682
24670 5.95818
24680 5.96852
24690 5.97794
24700 5.98468
24710 5.97924
24720 5.96543
24730 5.95458
24740 5.95395
24750 5.9581
24760 5.95304
24770 5.93487
24780 5.91855
24790 5.91706
24800 5.93439
24810 5.96352
24820 5.99682
24830 6.01488
24840 6.01617
24850 6.00314
24860 5.98655
24870 5.98348
24880 5.99987
24890 6.0215
24900 6.03664
24910 6.04418
24920 6.04469
24930 6.03262
24940 6.0069
24950 5.98229
24960 5.97097
24970 5.97919
24980 6.0045
24990 6.03641
25000 6.06316
25010 6.08203
25020 6.09734
25030 6.11199
25040 6.12548
25050 6.13043
25060 6.13489
25070 6.1639
25080 6.2156
25090 6.26398
25100 6.30177
25110 6.33475
25120 6.35973
25130 6.37407
25140 6.37575
25150 6.36917
25160 6.36303
25170 6.36517
25180 6.36783
25190 6.36395
25200 6.35855
25210 6.36
25220 6.36006
25230 6.35114
25240 6.34377
25250 6.34363
25260 6.34618
25270 6.34285
25280 6.33569
25290 6.3322
25300 6.32987
25310 6.32166
25320 6.31616
25330 6.31951
25340 6.32519
25350 6.32918
25360 6.32583
25370 6.30317
25380 6.26945
25390 6.24789
25400 6.23682
25410 6.21591
25420 6.19095
25430 6.18031
25440 6.18352
25450 6.19213
25460 6.20274
25470 6.21299
25480 6.22085
25490 6.22799
25500 6.23749
25510 6.24708
25520 6.25866
25530 6.27391
25540 6.2844
25550 6.28407
25560 6.27994
25570 6.27093
25580 6.26182
25590 6.26561
25600 6.27603
25610 6.28356
25620 6.28969
25630 6.28963
25640 6.28283
25650 6.27889
25660 6.27728
25670 6.26549
25680 6.25336
25690 6.2489
25700 6.25356
25710 6.26404
25720 6.27023
25730 6.26802
25740 6.25906
25750 6.2428
25760 6.21776
25770 6.18377
25780 6.15347
25790 6.14334
25800 6.15879
25810 6.18813
25820 6.21235
25830 6.21986
25840 6.2034
25850 6.16188
25860 6.10378
25870 6.0527
25880 6.02402
25890 6.01055
25900 6.00619
25910 6.00433
25920 5.9943
25930 5.97655
25940 5.95899
25950 5.94071
25960 5.92677
25970 5.92307
25980 5.93534
25990 5.96293
26000 6.0014
26010 6.03679
26020 6.05334
26030 6.04724
26040 6.03992
26050 6.04423
26060 6.05669
26070 6.07184
26080 6.08932
26090 6.10535
26100 6.11502
26110 6.12105
26120 6.12772
26130 6.14144
26140 6.16706
26150 6.20172
26160 6.24476
26170 6.27648
26180 6.28811
26190 6.28883
26200 6.28067
26210 6.2623
26220 6.24005
26230 6.223
26240 6.22785
26250 6.25247
26260 6.27741
26270 6.28923
26280 6.29406
26290 6.29289
26300 6.27571
26310 6.24377
26320 6.22125
26330 6.22758
26340 6.25925
26350 6.29415
26360 6.31672
26370 6.3274
26380 6.32897
26390 6.32828
26400 6.32586
26410 6.31398
26420 6.29093
26430 6.26815
26440 6.25192
26450 6.24002
26460 6.23794
26470 6.25716
26480 6.27906
26490 6.27793
26500 6.26084
26510 6.24296
26520 6.22943
26530 6.21925
26540 6.21894
26550 6.22803
26560 6.23708
26570 6.24981
26580 6.2625
26590 6.25705
26600 6.23844
26610 6.22197
26620 6.2055
26630 6.17863
26640 6.15476
26650 6.14254
26660 6.1282
26670 6.10862
26680 6.0996
26690 6.10237
26700 6.11456
26710 6.13007
26720 6.14521
26730 6.15544
26740 6.16726
26750 6.18844
26760 6.21091
26770 6.231
26780 6.24659
26790 6.25519
26800 6.26896
26810 6.30149
26820 6.34307
26830 6.36311
26840 6.36693
26850 6.36596
26860 6.35074
26870 6.33317
26880 6.32193
26890 6.30939
26900 6.28691
26910 6.26118
26920 6.24599
26930 6.2369
26940 6.22462
26950 6.20716
26960 6.18186
26970 6.15247
26980 6.12496
26990 6.10222
27000 6.09616
27010 6.11279
27020 6.14692
27030 6.18519
27040 6.2156
27050 6.23579
27060 6.24564
27070 6.24174
27080 6.23435
27090 6.2277
27100 6.22685
27110 6.24456
27120 6.27693
27130 6.30816
27140 6.33419
27150 6.35444
27160 6.35623
27170 6.34317
27180 6.33181
27190 6.32034
27200 6.30806
27210 6.30465
27220 6.30478
27230 6.29459
27240 6.27816
27250 6.26006
27260 6.24194
27270 6.23165
27280 6.23257
27290 6.23858
27300 6.26313
27310 6.31051
27320 6.36378
27330 6.40732
27340 6.43209
27350 6.43909
27360 6.44036
27370 6.43951
27380 6.4341
27390 6.43075
27400 6.42713
27410 6.42275
27420 6.42805
27430 6.4396
27440 6.44673
27450 6.44399
27460 6.42747
27470 6.39872
27480 6.37019
27490 6.35298
27500 6.34379
27510 6.3437
27520 6.35585
27530 6.37225
27540 6.38575
27550 6.39086
27560 6.3889
27570 6.3812
27580 6.37075
27590 6.36285
27600 6.35891
27610 6.35221
27620 6.34798
27630 6.3571
27640 6.37753
27650 6.39897
27660 6.40842
27670 6.40673
27680 6.39752
27690 6.38279
27700 6.37529
27710 6.36793
27720 6.34986
27730 6.33685
27740 6.34055
27750 6.34402
27760 6.33819
27770 6.33662
27780 6.34267
27790 6.34629
27800 6.34434
27810 6.33571
27820 6.31407
27830 6.28846
27840 6.27454
27850 6.27402
27860 6.28579
27870 6.30158
27880 6.32286
27890 6.35013
27900 6.37695
27910 6.39502
27920 6.39986
27930 6.39925
27940 6.39137
27950 6.37352
27960 6.34588
27970 6.30912
27980 6.26946
27990 6.24083
28000 6.23289
28010 6.23357
28020 6.23209
28030 6.23584
28040 6.24072
28050 6.24099
28060 6.23894
28070 6.24488
28080 6.25957
28090 6.27375
28100 6.27766
28110 6.27674
28120 6.264
28130 6.23754
28140 6.22023
28150 6.22523
28160 6.23525
28170 6.23237
28180 6.23201
28190 6.24548
28200 6.26789
28210 6.29235
28220 6.30894
28230 6.32063
28240 6.32788
28250 6.3202
28260 6.30104
28270 6.29183
28280 6.29219
28290 6.29256
28300 6.30043
28310 6.31617
28320 6.31725
28330 6.30363
28340 6.29158
28350 6.28227
28360 6.27035
28370 6.26841
28380 6.27969
28390 6.293
28400 6.31289
28410 6.33787
28420 6.34674
28430 6.34257
28440 6.34773
28450 6.3528
28460 6.34683
28470 6.34687
28480 6.36196
28490 6.37509
28500 6.37163
28510 6.35631
28520 6.33654
28530 6.31725
28540 6.30992
28550 6.31179
28560 6.31107
28570 6.31567
28580 6.33475
28590 6.36812
28600 6.40809
28610 6.43475
28620 6.44062
28630 6.43979
28640 6.4278
28650 6.40322
28660 6.38866
28670 6.39585
28680 6.4082
28690 6.40976
28700 6.41198
28710 6.40918
28720 6.38273
28730 6.34487
28740 6.3188
28750 6.31441
28760 6.3297
28770 6.35601
28780 6.37866
28790 6.38468
28800 6.38313
28810 6.39578
28820 6.42845
28830 6.46218
28840 6.48587
28850 6.50596
28860 6.53518
28870 6.57433
28880 6.60767
28890 6.62776
28900 6.64175
28910 6.65431
28920 6.6575
28930 6.63988
28940 6.60692
28950 6.57228
28960 6.53916
28970 6.5087
28980 6.48441
28990 6.47817
29000 6.49031
29010 6.49213
29020 6.468
29030 6.43109
29040 6.40083
29050 6.38113
29060 6.37085
29070 6.36738
29080 6.36294
29090 6.34688
29100 6.31482
29110 6.27586
29120 6.24976
29130 6.24557
29140 6.25239
29150 6.25779
29160 6.26087
29170 6.25965
29180 6.24709
29190 6.22702
29200 6.21286
29210 6.20864
29220 6.22172
29230 6.25446
29240 6.29355
29250 6.32099
29260 6.33208
29270 6.33088
29280 6.31347
29290 6.29325
29300 6.28838
29310 6.29135
29320 6.29569
29330 6.30416
29340 6.30682
29350 6.29849
29360 6.28281
29370 6.26075
29380 6.23707
29390 6.22667
29400 6.22662
29410 6.21693
29420 6.19585
29430 6.17818
29440 6.17028
29450 6.16749
29460 6.16763
29470 6.17324
29480 6.17944
29490 6.17708
29500 6.1715
29510 6.18015
29520 6.19347
29530 6.20029
29540 6.20284
29550 6.2009
29560 6.19546
29570 6.1887
29580 6.18747
29590 6.20328
29600 6.22506
29610 6.24061
29620 6.26538
29630 6.30504
29640 6.33466
29650 6.34789
29660 6.36058
29670 6.37892
29680 6.40028
29690 6.42037
29700 6.42526
29710 6.40788
29720 6.37886
29730 6.34256
29740 6.30387
29750 6.28172
29760 6.28923
29770 6.31739
29780 6.35344
29790 6.39273
29800 6.42906
29810 6.45138
29820 6.45496
29830 6.45516
29840 6.46763
29850 6.48862
29860 6.51566
29870 6.54323
29880 6.55206
29890 6.54303
29900 6.532
29910 6.52079
29920 6.49957
29930 6.476
29940 6.45974
29950 6.44578
29960 6.43355
29970 6.42745
29980 6.43119
29990 6.44266
30000 6.45698
30010 6.4663
30020 6.47474
30030 6.48299
30040 6.48258
30050 6.47798
30060 6.47595
30070 6.47312
30080 6.47006
30090 6.47066
30100 6.46705
30110 6.45864
30120 6.45817
30130 6.4601
30140 6.45113
30150 6.43862
30160 6.4266
30170 6.41504
30180 6.40544
30190 6.39645
30200 6.37773
30210 6.34643
30220 6.30694
30230 6.26742
30240 6.23704
30250 6.22172
30260 6.21533
30270 6.21625
30280 6.22669
30290 6.24252
30300 6.25531
30310 6.25568
30320 6.24521
30330 6.23512
30340 6.23176
30350 6.2289
30360 6.22295
30370 6.23174
30380 6.25442
30390 6.27591
30400 6.2957
30410 6.31523
30420 6.33647
30430 6.35407
30440 6.366
30450 6.38072
30460 6.3994
30470 6.42187
30480 6.45652
30490 6.50035
30500 6.53913
30510 6.55983
30520 6.558
30530 6.54605
30540 6.54223
30550 6.54884
30560 6.55386
30570 6.54967
30580 6.53357
30590 6.51593
30600 6.5063
30610 6.49677
30620 6.49158
30630 6.49953
30640 6.52521
30650 6.5546
30660 6.57445
30670 6.58302
30680 6.57929
30690 6.56767
30700 6.55529
30710 6.54965
30720 6.55449
30730 6.57
30740 6.58802
30750 6.59865
30760 6.60151
30770 6.6004
30780 6.59081
30790 6.57608
30800 6.5734
30810 6.58405
30820 6.59685
30830 6.60603
30840 6.61029
30850 6.60934
30860 6.60514
30870 6.59909
30880 6.59813
30890 6.6057
30900 6.61283
30910 6.61746
30920 6.62625
30930 6.64361
30940 6.66823
30950 6.6869
30960 6.68505
30970 6.67172
30980 6.67165
30990 6.68056
31000 6.68501
31010 6.68793
31020 6.69842
31030 6.71306
31040 6.72482
31050 6.73276
31060 6.72819
31070 6.70283
31080 6.67023
31090 6.64833
31100 6.64306
31110 6.64387
31120 6.64479
31130 6.64991
31140 6.6551
31150 6.65776
31160 6.66288
31170 6.66688
31180 6.66227
31190 6.64841
31200 6.62433
31210 6.59414
31220 6.5746
31230 6.57139
31240 6.57114
31250 6.56714
31260 6.56386
31270 6.56336
31280 6.55423
31290 6.54075
31300 6.52816
31310 6.51308
31320 6.50527
31330 6.51618
31340 6.54124
31350 6.57694
31360 6.61897
31370 6.64654
31380 6.64181
31390 6.61384
31400 6.58266
31410 6.55566
31420 6.54323
31430 6.56032
31440 6.59736
31450 6.62977
31460 6.64924
31470 6.6507
31480 6.62603
31490 6.58396
31500 6.55053
31510 6.52869
31520 6.50589
31530 6.49238
31540 6.49408
31550 6.50028
31560 6.50492
31570 6.50357
31580 6.48386
31590 6.45208
31600 6.42776
31610 6.40749
31620 6.38636
31630 6.38184
31640 6.39433
31650 6.39429
31660 6.3793
31670 6.36643
31680 6.34728
31690 6.31793
31700 6.30104
31710 6.2981
31720 6.2988
31730 6.3092
31740 6.32984
31750 6.3409
31760 6.33426
31770 6.3202
31780 6.31584
31790 6.32236
31800 6.33529
31810 6.35606
31820 6.38198
31830 6.40962
31840 6.43332
31850 6.44663
31860 6.45719
31870 6.46396
31880 6.45906
31890 6.44503
31900 6.43296
31910 6.42742
31920 6.42614
31930 6.41924
31940 6.41033
31950 6.41366
31960 6.42873
31970 6.44508
31980 6.45886
31990 6.47344
32000 6.48276
32010 6.47494
32020 6.45466
32030 6.43011
32040 6.40949
32050 6.3976
32060 6.38928
32070 6.38372
32080 6.38815
32090 6.39917
32100 6.40662
32110 6.40621
32120 6.3983
32130 6.38382
32140 6.36581
32150 6.35276
32160 6.36094
32170 6.40262
32180 6.46077
32190 6.50612
32200 6.5317
32210 6.54184
32220 6.53545
32230 6.51509
32240 6.49694
32250 6.49607
32260 6.51571
32270 6.55014
32280 6.58386
32290 6.60244
32300 6.60574
32310 6.60602
32320 6.59777
32330 6.58119
32340 6.56519
32350 6.54542
32360 6.51738
32370 6.50224
32380 6.51236
32390 6.52694
32400 6.53293
32410 6.53604
32420 6.53741
32430 6.53506
32440 6.53256
32450 6.53801
32460 6.5502
32470 6.56095
32480 6.57016
32490 6.58717
32500 6.61235
32510 6.63079
32520 6.64725
32530 6.67182
32540 6.69431
32550 6.70537
32560 6.70929
32570 6.71275
32580 6.7236
32590 6.73653
32600 6.74578
32610 6.74557
32620 6.73325
32630 6.71949
32640 6.70746
32650 6.70519
32660 6.73018
32670 6.77553
32680 6.82235
32690 6.86487
32700 6.89149
32710 6.88446
32720 6.84821
32730 6.8119
32740 6.8056
32750 6.8305
32760 6.87514
32770 6.92535
32780 6.95826
32790 6.96039
32800 6.94027
32810 6.90921
32820 6.87615
32830 6.84579
32840 6.82603
32850 6.82231
32860 6.82686
32870 6.83492
32880 6.83805
32890 6.8216
32900 6.78969
32910 6.75514
32920 6.72487
32930 6.69547
32940 6.6689
32950 6.65753
32960 6.65192
32970 6.63616
32980 6.61701
32990 6.60056
33000 6.57922
33010 6.55526
33020 6.54633
33030 6.55107
33040 6.56611
33050 6.59114
33060 6.6176
33070 6.63716
33080 6.65278
33090 6.67273
33100 6.68558
33110 6.68798
33120 6.70226
33130 6.7324
33140 6.75592
33150 6.76429
33160 6.75598
33170 6.72925
33180 6.70071
33190 6.68203
33200 6.67664
33210 6.68099
33220 6.68914
33230 6.70171
33240 6.71727
33250 6.73089
33260 6.74189
33270 6.73965
33280 6.72142
33290 6.70489
33300 6.69747
33310 6.69627
33320 6.70003
33330 6.71591
33340 6.74012
33350 6.76492
33360 6.79126
33370 6.81519
33380 6.83063
33390 6.84003
33400 6.84505
33410 6.84421
33420 6.84524
33430 6.85525
33440 6.87486
33450 6.89552
33460 6.91038
33470 6.91416
33480 6.91055
33490 6.90002
33500 6.8805
33510 6.85489
33520 6.83275
33530 6.8197
33540 6.82398
33550 6.84321
33560 6.86244
33570 6.86812
33580 6.86587
33590 6.85874
33600 6.84109
33610 6.82091
33620 6.81661
33630 6.83415
33640 6.8652
33650 6.89384
33660 6.90753
33670 6.90399
33680 6.88544
33690 6.85732
33700 6.82364
33710 6.79188
33720 6.76542
33730 6.74262
33740 6.72688
33750 6.71858
33760 6.70936
33770 6.68875
33780 6.66125
33790 6.64033
33800 6.62995
33810 6.62722
33820 6.61593
33830 6.60246
33840 6.60273
33850 6.61941
33860 6.63797
33870 6.64653
33880 6.64653
33890 6.63539
33900 6.61053
33910 6.58428
33920 6.56898
33930 6.56041
33940 6.54488
33950 6.51975
33960 6.50607
33970 6.51336
33980 6.53516
33990 6.56894
34000 6.6096
34010 6.643
34020 6.65521
34030 6.64537
34040 6.6147
34050 6.57102
34060 6.53598
34070 6.52733
34080 6.53983
34090 6.56742
34100 6.59901
34110 6.61011
34120 6.60168
34130 6.5924
34140 6.5859
34150 6.58003
34160 6.58046
34170 6.59108
34180 6.6063
34190 6.62016
34200 6.63167
34210 6.65365
34220 6.68606
34230 6.71522
34240 6.74294
34250 6.77447
34260 6.80477
34270 6.82868
34280 6.84247
34290 6.85099
34300 6.85497
34310 6.85506
34320 6.85619
34330 6.8537
34340 6.85429
34350 6.86145
34360 6.87045
34370 6.87225
34380 6.8681
34390 6.86461
34400 6.86557
34410 6.86027
34420 6.84774
34430 6.84753
34440 6.86115
34450 6.88028
34460 6.90894
34470 6.94128
34480 6.9672
34490 6.98517
34500 6.98542
34510 6.95939
34520 6.92412
34530 6.90383
34540 6.8994
34550 6.9111
34560 6.93926
34570 6.97032
34580 6.99935
34590 7.02386
34600 7.03052
34610 7.01198
34620 6.97793
34630 6.95309
34640 6.93698
34650 6.9216
34660 6.9078
34670 6.89621
34680 6.88095
34690 6.8638
34700 6.83972
34710 6.80286
34720 6.76436
34730 6.73486
34740 6.70918
34750 6.68064
34760 6.65581
34770 6.63799
34780 6.61627
34790 6.58879
34800 6.57482
34810 6.58965
34820 6.6234
34830 6.65676
34840 6.68312
34850 6.70618
34860 6.70939
34870 6.68569
34880 6.66334
34890 6.66196
34900 6.67401
34910 6.6904
34920 6.70497
34930 6.7077
34940 6.69695
34950 6.67196
34960 6.63754
34970 6.61138
34980 6.60897
34990 6.632
35000 6.66205
35010 6.68216
35020 6.69557
35030 6.70686
35040 6.70738
35050 6.69757
35060 6.68774
35070 6.68446
35080 6.69343
35090 6.71314
35100 6.73695
35110 6.74729
35120 6.73536
35130 6.71995
35140 6.71928
35150 6.72501
35160 6.73198
35170 6.74906
35180 6.76985
35190 6.78098
35200 6.77679
35210 6.75941
35220 6.74133
35230 6.73849
35240 6.75594
35250 6.78306
35260 6.8098
35270 6.83225
35280 6.85591
35290 6.88299
35300 6.90756
35310 6.93626
35320 6.96846
35330 6.99243
35340 7.01445
35350 7.04037
35360 7.05973
35370 7.06051
35380 7.05007
35390 7.035
35400 7.01086
35410 6.98238
35420 6.96304
35430 6.95593
35440 6.96917
35450 6.99456
35460 7.00606
35470 6.99547
35480 6.98259
35490 6.98526
35500 6.98907
35510 6.98719
35520 6.98993
35530 6.99347
35540 6.99347
35550 6.99856
35560 7.007
35570 7.01476
35580 7.02295
35590 7.03308
35600 7.03143
35610 7.01776
35620 7.00872
35630 7.00926
35640 7.02101
35650 7.03197
35660 7.03361
35670 7.03355
35680 7.03589
35690 7.0411
35700 7.04815
35710 7.05881
35720 7.07831
35730 7.1028
35740 7.1201
35750 7.1252
35760 7.1223
35770 7.13298
35780 7.16732
35790 7.20416
35800 7.2278
35810 7.24834
35820 7.2689
35830 7.28087
35840 7.28271
35850 7.27927
35860 7.26229
35870 7.23815
35880 7.22836
35890 7.24341
35900 7.27712
35910 7.31975
35920 7.36045
35930 7.37608
35940 7.36266
35950 7.33012
35960 7.2905
35970 7.2555
35980 7.23305
35990 7.21707
36000 7.20591
36010 7.20104
36020 7.20147
36030 7.20567
36040 7.21144
36050 7.22112
36060 7.22113
36070 7.19379
36080 7.15439
36090 7.12602
36100 7.11338
36110 7.11239
36120 7.11486
36130 7.11977
36140 7.13465
36150 7.15247
36160 7.14738
36170 7.11609
36180 7.07821
36190 7.0411
36200 7.01845
36210 7.02504
36220 7.05365
36230 7.08443
36240 7.11563
36250 7.14917
36260 7.17629
36270 7.18894
36280 7.19123
36290 7.18089
36300 7.16044
36310 7.14115
36320 7.13751
36330 7.15246
36340 7.17678
36350 7.19657
36360 7.20203
36370 7.18414
36380 7.14188
36390 7.09736
36400 7.06887
36410 7.05298
36420 7.0433
36430 7.04327
36440 7.05597
36450 7.07637
36460 7.09353
36470 7.09607
36480 7.08611
36490 7.07808
36500 7.07514
36510 7.07285
36520 7.0663
36530 7.05938
36540 7.05924
36550 7.05644
36560 7.04539
36570 7.03129
36580 7.01522
36590 6.99038
36600 6.96478
36610 6.9616
36620 6.98218
36630 7.00903
36640 7.03563
36650 7.05284
36660 7.04621
36670 7.0256
36680 7.01464
36690 7.02395
36700 7.04221
36710 7.0549
36720 7.05699
36730 7.04745
36740 7.03206
36750 7.02474
36760 7.03451
36770 7.05256
36780 7.07418
36790 7.10015
36800 7.13423
36810 7.16833
36820 7.18004
36830 7.16959
36840 7.16239
36850 7.17647
36860 7.1992
36870 7.21475
36880 7.22586
36890 7.23267
36900 7.24008
36910 7.24286
36920 7.24254
36930 7.24327
36940 7.23983
36950 7.2289
36960 7.21702
36970 7.21248
36980 7.21812
36990 7.22299
37000 7.2189
37010 7.20826
37020 7.18432
37030 7.15322
37040 7.13339
37050 7.13709
37060 7.15182
37070 7.17537
37080 7.21208
37090 7.24004
37100 7.24356
37110 7.23987
37120 7.23752
37130 7.23865
37140 7.24423
37150 7.25808
37160 7.28327
37170 7.31155
37180 7.32262
37190 7.31238
37200 7.29802
37210 7.29159
37220 7.29108
37230 7.29024
37240 7.28922
37250 7.28892
37260 7.2847
37270 7.2821
37280 7.28657
37290 7.29633
37300 7.30886
37310 7.32352
37320 7.33672
37330 7.34075
37340 7.32789
37350 7.30629
37360 7.28868
37370 7.2711
37380 7.24462
37390 7.21321
37400 7.18953
37410 7.18595
37420 7.20218
37430 7.2151
37440 7.2252
37450 7.25036
37460 7.27392
37470 7.28134
37480 7.27722
37490 7.26788
37500 7.25678
37510 7.25032
37520 7.25157
37530 7.25833
37540 7.26958
37550 7.28065
37560 7.28897
37570 7.29341
37580 7.29409
37590 7.30098
37600 7.30723
37610 7.30526
37620 7.29804
37630 7.29132
37640 7.2802
37650 7.27677
37660 7.28726
37670 7.30078
37680 7.31607
37690 7.34848
37700 7.37743
37710 7.37625
37720 7.34925
37730 7.3167
37740 7.28522
37750 7.25307
37760 7.22336
37770 7.20561
37780 7.20141
37790 7.19575
37800 7.18542
37810 7.17932
37820 7.1774
37830 7.16296
37840 7.13829
37850 7.12211
37860 7.11596
37870 7.12512
37880 7.15455
37890 7.19621
37900 7.22573
37910 7.23401
37920 7.22958
37930 7.22344
37940 7.22035
37950 7.23122
37960 7.24752
37970 7.25885
37980 7.25977
37990 7.25196
38000 7.23859
38010 7.2331
38020 7.23447
38030 7.23301
38040 7.23506
38050 7.23955
38060 7.23753
38070 7.23282
38080 7.22999
38090 7.22532
38100 7.2264
38110 7.23875
38120 7.25249
38130 7.24918
38140 7.22907
38150 7.21718
38160 7.22215
38170 7.22916
38180 7.23304
38190 7.25021
38200 7.28503
38210 7.31962
38220 7.33909
38230 7.35073
38240 7.36546
38250 7.38147
38260 7.39573
38270 7.40852
38280 7.41494
38290 7.42281
38300 7.43919
38310 7.44962
38320 7.44933
38330 7.44585
38340 7.44257
38350 7.44043
38360 7.43572
38370 7.42215
38380 7.40456
38390 7.39185
38400 7.37564
38410 7.3542
38420 7.33274
38430 7.31714
38440 7.31969
38450 7.35074
38460 7.38965
38470 7.41233
38480 7.42815
38490 7.44835
38500 7.46582
38510 7.46954
38520 7.46481
38530 7.46022
38540 7.44539
38550 7.4218
38560 7.40716
38570 7.40784
38580 7.41826
38590 7.43362
38600 7.45416
38610 7.47199
38620 7.48336
38630 7.49564
38640 7.50341
38650 7.50061
38660 7.49543
38670 7.48731
38680 7.4714
38690 7.46844
38700 7.476
38710 7.48167
38720 7.49055
38730 7.50235
38740 7.5114
38750 7.51102
38760 7.49661
38770 7.47295
38780 7.45925
38790 7.45923
38800 7.46221
38810 7.46984
38820 7.47505
38830 7.46049
38840 7.43102
38850 7.41177
38860 7.40851
38870 7.41042
38880 7.41413
38890 7.41578
38900 7.41886
38910 7.41835
38920 7.4061
38930 7.38903
38940 7.36734
38950 7.34544
38960 7.32257
38970 7.30039
38980 7.29482
38990 7.30725
39000 7.32114
39010 7.32701
39020 7.32913
39030 7.32531
39040 7.31241
39050 7.29947
39060 7.29879
39070 7.315
39080 7.35268
39090 7.40475
39100 7.46777
39110 7.53621
39120 7.59132
39130 7.62488
39140 7.6451
39150 7.65848
39160 7.66925
39170 7.68077
39180 7.69113
39190 7.69454
39200 7.68968
39210 7.67426
39220 7.65511
39230 7.63979
39240 7.62528
39250 7.61816
39260 7.62001
39270 7.62343
39280 7.62151
39290 7.61884
39300 7.62296
39310 7.62957
39320 7.63893
39330 7.66582
39340 7.69936
39350 7.7069
39360 7.70196
39370 7.70774
39380 7.71855
39390 7.72693
39400 7.74089
39410 7.75268
39420 7.74594
39430 7.72052
39440 7.6867
39450 7.65952
39460 7.65076
39470 7.65506
39480 7.66531
39490 7.68134
39500 7.70314
39510 7.71943
39520 7.72397
39530 7.72117
39540 7.71985
39550 7.72957
39560 7.75935
39570 7.79351
39580 7.81653
39590 7.83326
39600 7.8401
39610 7.83158
39620 7.82177
39630 7.8172
39640 7.81325
39650 7.80969
39660 7.80748
39670 7.79918
39680 7.77937
39690 7.74961
39700 7.71297
39710 7.68207
39720 7.67413
39730 7.69171
39740 7.72675
39750 7.77292
39760 7.81894
39770 7.84641
39780 7.84331
39790 7.81555
39800 7.77181
39810 7.72585
39820 7.68932
39830 7.67142
39840 7.6703
39850 7.6685
39860 7.65853
39870 7.64151
39880 7.61981
39890 7.59093
39900 7.56639
39910 7.56345
39920 7.58225
39930 7.60582
39940 7.62075
39950 7.61555
39960 7.58988
39970 7.55196
39980 7.50796
39990 7.46434
40000 7.43813
40010 7.43945
40020 7.46274
40030 7.49156
40040 7.5156
40050 7.52936
40060 7.54216
40070 7.56127
40080 7.57987
40090 7.59738
40100 7.61082
40110 7.60967
40120 7.60707
40130 7.6145
40140 7.62476
40150 7.62829
40160 7.61731
40170 7.59576
40180 7.58171
40190 7.5894
40200 7.60011
40210 7.59958
40220 7.59896
40230 7.60024
40240 7.59133
40250 7.57974
40260 7.57623
40270 7.58055
40280 7.59487
40290 7.61567
40300 7.63583
40310 7.65001
40320 7.65574
40330 7.65167
40340 7.64224
40350 7.64205
40360 7.66327
40370 7.70083
40380 7.73801
40390 7.76231
40400 7.76591
40410 7.74527
40420 7.71434
40430 7.69826
40440 7.69667
40450 7.69924
40460 7.71956
40470 7.75173
40480 7.76071
40490 7.74163
40500 7.72092
40510 7.71407
40520 7.71795
40530 7.72594
40540 7.72891
40550 7.73182
40560 7.73918
40570 7.74049
40580 7.73533
40590 7.7336
40600 7.73217
40610 7.73246
40620 7.73467
40630 7.7408
40640 7.75517
40650 7.77683
40660 7.80409
40670 7.83137
40680 7.85607
40690 7.8893
40700 7.91812
40710 7.92883
40720 7.93393
40730 7.94774
40740 7.9579
40750 7.96225
40760 7.97249
40770 7.97297
40780 7.95736
40790 7.94545
40800 7.94342
40810 7.94324
40820 7.94722
40830 7.95083
40840 7.94637
40850 7.94512
40860 7.95211
40870 7.96168
40880 7.97437
40890 7.98361
40900 7.98116
40910 7.97364
40920 7.96966
40930 7.96338
40940 7.95846
40950 7.95754
40960 7.95389
40970 7.9442
40980 7.93345
40990 7.92982
41000 7.9263
41010 7.92419
41020 7.92403
41030 7.92712
41040 7.93342
41050 7.94248
41060 7.95849
41070 7.97384
41080 7.97982
41090 7.98559
41100 7.98689
41110 7.96926
41120 7.93219
41130 7.89247
41140 7.86212
41150 7.8451
41160 7.84109
41170 7.84638
41180 7.84905
41190 7.8439
41200 7.84
41210 7.84047
41220 7.8458
41230 7.85459
41240 7.86293
41250 7.87178
41260 7.88653
41270 7.9003
41280 7.90611
41290 7.90373
41300 7.88974
41310 7.87576
41320 7.87443
41330 7.87781
41340 7.88048
41350 7.89567
41360 7.92049
41370 7.92738
41380 7.91016
41390 7.88273
41400 7.85353
41410 7.83955
41420 7.84837
41430 7.87346
41440 7.90856
41450 7.93816
41460 7.95021
41470 7.94272
41480 7.9046
41490 7.84514
41500 7.79836
41510 7.77841
41520 7.77459
41530 7.78045
41540 7.80173
41550 7.83052
41560 7.8517
41570 7.86679
41580 7.87681
41590 7.88308
41600 7.88809
41610 7.8951
41620 7.90869
41630 7.92683
41640 7.93441
41650 7.92249
41660 7.90471
41670 7.88903
41680 7.87473
41690 7.86629
41700 7.86429
41710 7.85525
41720 7.82991
41730 7.81001
41740 7.81006
41750 7.81631
41760 7.82948
41770 7.84401
41780 7.839
41790 7.82523
41800 7.80978
41810 7.79233
41820 7.78213
41830 7.77319
41840 7.74993
41850 7.71802
41860 7.69761
41870 7.69012
41880 7.68271
41890 7.69031
41900 7.71545
41910 7.74086
41920 7.75946
41930 7.76986
41940 7.77078
41950 7.76049
41960 7.7442
41970 7.74073
41980 7.75725
41990 7.77855
42000 7.79973
42010 7.81845
42020 7.8308
42030 7.83045
42040 7.81372
42050 7.78756
42060 7.75825
42070 7.72369
42080 7.69627
42090 7.69341
42100 7.70602
42110 7.7091
42120 7.69825
42130 7.68127
42140 7.66012
42150 7.64581
42160 7.64864
42170 7.66906
42180 7.70167
42190 7.73608
42200 7.75463
42210 7.73669
42220 7.68707
42230 7.6371
42240 7.61142
42250 7.60509
42260 7.61414
42270 7.63811
42280 7.6552
42290 7.66225
42300 7.67112
42310 7.67774
42320 7.68529
42330 7.70078
42340 7.71656
42350 7.72677
42360 7.73471
42370 7.75406
42380 7.77844
42390 7.78595
42400 7.77949
42410 7.7828
42420 7.79637
42430 7.80088
42440 7.7916
42450 7.78039
42460 7.75725
42470 7.72002
42480 7.68609
42490 7.66576
42500 7.66561
42510 7.68437
42520 7.70519
42530 7.71457
42540 7.71925
42550 7.71469
42560 7.69981
42570 7.68928
42580 7.68358
42590 7.67966
42600 7.69481
42610 7.74148
42620 7.80751
42630 7.87148
42640 7.927
42650 7.97103
42660 7.98546
42670 7.95922
42680 7.91913
42690 7.89608
42700 7.89379
42710 7.91366
42720 7.95367
42730 8.00187
42740 8.04208
42750 8.05795
42760 8.03403
42770 7.97516
42780 7.91526
42790 7.88746
42800 7.89958
42810 7.93542
42820 7.98384
42830 8.0321
42840 8.05574
42850 8.03537
42860 7.98665
42870 7.94583
42880 7.91998
42890 7.90186
42900 7.896
42910 7.90748
42920 7.91994
42930 7.92232
42940 7.91176
42950 7.89268
42960 7.86819
42970 7.85241
42980 7.84916
42990 7.85616
43000 7.87367
43010 7.8869
43020 7.88154
43030 7.87398
43040 7.87523
43050 7.87356
43060 7.86759
43070 7.85573
43080 7.83123
43090 7.80524
43100 7.78738
43110 7.77242
43120 7.76842
43130 7.77621
43140 7.78246
43150 7.79699
43160 7.83783
43170 7.8846
43180 7.91559
43190 7.93621
43200 7.95377
43210 7.95967
43220 7.94871
43230 7.93636
43240 7.93698
43250 7.95791
43260 7.99233
43270 8.0274
43280 8.05872
43290 8.07486
43300 8.06488
43310 8.03797
43320 8.0144
43330 8.00935
43340 8.02164
43350 8.03526
43360 8.04938
43370 8.06322
43380 8.0807
43390 8.109
43400 8.1422
43410 8.15865
43420 8.15583
43430 8.14782
43440 8.13612
43450 8.11581
43460 8.09613
43470 8.08362
43480 8.07621
43490 8.07497
43500 8.08252
43510 8.10519
43520 8.14048
43530 8.17238
43540 8.18905
43550 8.19565
43560 8.19054
43570 8.16308
43580 8.12482
43590 8.09548
43600 8.07226
43610 8.04712
43620 8.02961
43630 8.02037
43640 8.01697
43650 8.01865
43660 8.02382
43670 8.01547
43680 8.0062
43690 8.01463
43700 8.0233
43710 8.01872
43720 8.01932
43730 8.0288
43740 8.0279
43750 8.02477
43760 8.03927
43770 8.05683
43780 8.05463
43790 8.05344
43800 8.07887
43810 8.10789
43820 8.12222
43830 8.13136
43840 8.14245
43850 8.15329
43860 8.16233
43870 8.1645
43880 8.16457
43890 8.17105
43900 8.18032
43910 8.19009
43920 8.20166
43930 8.20607
43940 8.19788
43950 8.1742
43960 8.13699
43970 8.10301
43980 8.08452
43990 8.0777
44000 8.06599
44010 8.05114
44020 8.04331
44030 8.03283
44040 8.01652
44050 7.99432
44060 7.96565
44070 7.94019
44080 7.91881
44090 7.90061
44100 7.89548
44110 7.91644
44120 7.9421
44130 7.95437
44140 7.96384
44150 7.98001
44160 7.99272
44170 7.98526
44180 7.96483
44190 7.94748
44200 7.94498
44210 7.95513
44220 7.98383
44230 8.0287
44240 8.07723
44250 8.12225
44260 8.16367
44270 8.1969
44280 8.21385
44290 8.21806
44300 8.22141
44310 8.22963
44320 8.23847
44330 8.25044
44340 8.27164
44350 8.28916
44360 8.2921
44370 8.28087
44380 8.26145
44390 8.24014
44400 8.22019
44410 8.21257
44420 8.21766
44430 8.22541
44440 8.22798
44450 8.22702
44460 8.22454
44470 8.21233
44480 8.19503
44490 8.18962
44500 8.19456
44510 8.20783
44520 8.23761
44530 8.27793
44540 8.30149
44550 8.29438
44560 8.28058
44570 8.27466
44580 8.27176
44590 8.27253
44600 8.27773
44610 8.28155
44620 8.27999
44630 8.28987
44640 8.32001
44650 8.3571
44660 8.39433
44670 8.42644
44680 8.44065
44690 8.43819
44700 8.41968
44710 8.39418
44720 8.37202
44730 8.35756
44740 8.35796
44750 8.3689
44760 8.37973
44770 8.39654
44780 8.41449
44790 8.41298
44800 8.39823
44810 8.39567
44820 8.4088
44830 8.4192
44840 8.42327
44850 8.43122
44860 8.4459
44870 8.45291
44880 8.44529
44890 8.42474
44900 8.40301
44910 8.39353
44920 8.39405
44930 8.38598
44940 8.36652
44950 8.35938
44960 8.37072
44970 8.38896
44980 8.413
44990 8.44154
45000 8.46919
45010 8.49304
45020 8.51422
45030 8.52088
45040 8.50052
45050 8.46711
45060 8.43308
45070 8.4053
45080 8.39024
45090 8.39188
45100 8.40403
45110 8.41868
45120 8.42359
45130 8.4298
45140 8.45477
45150 8.4847
45160 8.50247
45170 8.5208
45180 8.54667
45190 8.56338
45200 8.56502
45210 8.55385
45220 8.52487
45230 8.4836
45240 8.44708
45250 8.43566
45260 8.45752
45270 8.48886
45280 8.50912
45290 8.52942
45300 8.55683
45310 8.57639
45320 8.57775
45330 8.58205
45340 8.60439
45350 8.62879
45360 8.63549
45370 8.62916
45380 8.60751
45390 8.57969
45400 8.5646
45410 8.56857
45420 8.57655
45430 8.58024
45440 8.57303
45450 8.54939
45460 8.51246
45470 8.46954
45480 8.42933
45490 8.38473
45500 8.34129
45510 8.3155
45520 8.31698
45530 8.33072
45540 8.33906
45550 8.33423
45560 8.31749
45570 8.2939
45580 8.25382
45590 8.19736
45600 8.15358
45610 8.14457
45620 8.15686
45630 8.17137
45640 8.18358
45650 8.1942
45660 8.20553
45670 8.22559
45680 8.25533
45690 8.2815
45700 8.29355
45710 8.29674
45720 8.29345
45730 8.28054
45740 8.26997
45750 8.2748
45760 8.28454
45770 8.29242
45780 8.29307
45790 8.28409
45800 8.27039
45810 8.25509
45820 8.23698
45830 8.22532
45840 8.22719
45850 8.22731
45860 8.22069
45870 8.21662
45880 8.20747
45890 8.19426
45900 8.18293
45910 8.18611
45920 8.19935
45930 8.21075
45940 8.21757
45950 8.22011
45960 8.20414
45970 8.17241
45980 8.14397
45990 8.11458
46000 8.09478
46010 8.10973
46020 8.1588
46030 8.20527
46040 8.22187
46050 8.20531
46060 8.16888
46070 8.12092
46080 8.07785
46090 8.05979
46100 8.05963
46110 8.06801
46120 8.0777
46130 8.091
46140 8.10471
46150 8.10286
46160 8.0818
46170 8.05921
46180 8.04412
46190 8.04186
46200 8.05542
46210 8.08689
46220 8.135
46230 8.18551
46240 8.21644
46250 8.22154
46260 8.21473
46270 8.20815
46280 8.20523
46290 8.20839
46300 8.20967
46310 8.20474
46320 8.20145
46330 8.20971
46340 8.22114
46350 8.23358
46360 8.25374
46370 8.27165
46380 8.2912
46390 8.31711
46400 8.33366
46410 8.3429
46420 8.34151
46430 8.318
46440 8.28391
46450 8.25908
46460 8.25327
46470 8.27127
46480 8.3162
46490 8.37303
46500 8.4082
46510 8.41527
46520 8.41047
46530 8.39278
46540 8.3593
46550 8.33237
46560 8.31529
46570 8.30083
46580 8.28972
46590 8.28492
46600 8.27488
46610 8.24749
46620 8.20693
46630 8.15813
46640 8.12371
46650 8.12377
46660 8.1485
46670 8.18076
46680 8.21028
46690 8.22092
46700 8.21637
46710 8.20274
46720 8.17803
46730 8.1589
46740 8.16775
46750 8.19617
46760 8.22694
46770 8.25165
46780 8.26342
46790 8.26036
46800 8.2473
46810 8.24064
46820 8.24474
46830 8.25647
46840 8.27588
46850 8.30163
46860 8.32265
46870 8.33344
46880 8.33805
46890 8.33662
46900 8.33567
46910 8.34114
46920 8.35126
46930 8.36475
46940 8.3836
46950 8.40385
46960 8.41628
46970 8.4248
46980 8.44046
46990 8.45625
47000 8.4697
47010 8.50012
47020 8.5372
47030 8.55561
47040 8.56289
47050 8.57351
47060 8.56787
47070 8.54583
47080 8.53409
47090 8.53879
47100 8.5486
47110 8.56526
47120 8.58061
47130 8.57914
47140 8.56756
47150 8.55993
47160 8.55625
47170 8.56459
47180 8.58691
47190 8.60098
47200 8.59296
47210 8.58398
47220 8.58258
47230 8.58191
47240 8.58334
47250 8.59738
47260 8.61666
47270 8.62914
47280 8.63401
47290 8.63762
47300 8.64345
47310 8.65098
47320 8.66647
47330 8.69087
47340 8.70904
47350 8.71391
47360 8.71238
47370 8.71307
47380 8.71341
47390 8.71437
47400 8.7181
47410 8.7206
47420 8.71864
47430 8.71369
47440 8.71243
47450 8.71724
47460 8.73336
47470 8.7603
47480 8.77887
47490 8.78316
47500 8.77825
47510 8.75723
47520 8.72475
47530 8.70088
47540 8.68644
47550 8.66833
47560 8.6491
47570 8.63854
47580 8.62736
47590 8.60775
47600 8.58955
47610 8.58409
47620 8.58219
47630 8.57319
47640 8.57234
47650 8.58628
47660 8.60404
47670 8.62487
47680 8.64525
47690 8.65573
47700 8.65771
47710 8.65269
47720 8.63912
47730 8.63705
47740 8.65684
47750 8.69422
47760 8.73207
47770 8.75892
47780 8.76548
47790 8.74629
47800 8.71363
47810 8.68054
47820 8.6563
47830 8.65037
47840 8.65658
47850 8.65889
47860 8.65473
47870 8.63873
47880 8.61465
47890 8.60355
47900 8.60351
47910 8.60538
47920 8.61686
47930 8.6352
47940 8.64148
47950 8.63455
47960 8.63031
47970 8.62645
47980 8.61826
47990 8.61268
48000 8.61433
48010 8.62109
48020 8.62876
48030 8.63263
48040 8.63387
48050 8.63704
48060 8.63753
48070 8.63645
48080 8.64147
48090 8.659
48100 8.67277
48110 8.66996
48120 8.65741
48130 8.64781
48140 8.65179
48150 8.66447
48160 8.66234
48170 8.64204
48180 8.63001
48190 8.63562
48200 8.64241
48210 8.64566
48220 8.65504
48230 8.66759
48240 8.67275
48250 8.67138
48260 8.67257
48270 8.67894
48280 8.69662
48290 8.72963
48300 8.7778
48310 8.83744
48320 8.89612
48330 8.94131
48340 8.96005
48350 8.9561
48360 8.9417
48370 8.93942
48380 8.95948
48390 8.98331
48400 9.00439
48410 9.02196
48420 9.02627
48430 9.0155
48440 8.99934
48450 8.9909
48460 8.98846
48470 8.9813
48480 8.96743
48490 8.95144
48500 8.93571
48510 8.9211
48520 8.90344
48530 8.88419
48540 8.87594
48550 8.8814
48560 8.89796
48570 8.91471
48580 8.92839
48590 8.94072
48600 8.9419
48610 8.92414
48620 8.89362
48630 8.85334
48640 8.81947
48650 8.80066
48660 8.7876
48670 8.78058
48680 8.77904
48690 8.77435
48700 8.7599
48710 8.74709
48720 8.73805
48730 8.72476
48740 8.70741
48750 8.68965
48760 8.67436
48770 8.66719
48780 8.66132
48790 8.65056
48800 8.64493
48810 8.65297
48820 8.67507
48830 8.70258
48840 8.73162
48850 8.75495
48860 8.76748
48870 8.76455
48880 8.74851
48890 8.73247
48900 8.72785
48910 8.72442
48920 8.70671
48930 8.68503
48940 8.67328
48950 8.67648
48960 8.69303
48970 8.71343
48980 8.72748
48990 8.7512
49000 8.79342
49010 8.82473
49020 8.82238
49030 8.7959
49040 8.75989
49050 8.72953
49060 8.72224
49070 8.7384
49080 8.75892
49090 8.77891
49100 8.81066
49110 8.85212
49120 8.8928
49130 8.93078
49140 8.96225
49150 8.97477
49160 8.97683
49170 8.97987
49180 8.9842
49190 8.99784
49200 9.02989
49210 9.06693
49220 9.09696
49230 9.12841
49240 9.14232
49250 9.12593
49260 9.09868
49270 9.08612
49280 9.08759
49290 9.08622
49300 9.0827
49310 9.07698
49320 9.06384
49330 9.04479
49340 9.02694
49350 9.01408
49360 9.00827
49370 9.01882
49380 9.03651
49390 9.05388
49400 9.07066
49410 9.07998
49420 9.07808
49430 9.06129
49440 9.03147
49450 8.99702
49460 8.97572
49470 8.97302
49480 8.98017
49490 9.00285
49500 9.02987
49510 9.03154
49520 9.00875
49530 8.98151
49540 8.94924
49550 8.90946
49560 8.88527
49570 8.89578
49580 8.92661
49590 8.96382
49600 9.00286
49610 9.04211
49620 9.06608
49630 9.07009
49640 9.06867
49650 9.06292
49660 9.04687
49670 9.03349
49680 9.04691
49690 9.08489
49700 9.12347
49710 9.15182
49720 9.16221
49730 9.14977
49740 9.1268
49750 9.10839
49760 9.10751
49770 9.11389
49780 9.12308
49790 9.13625
49800 9.14334
49810 9.1376
49820 9.12144
49830 9.09714
49840 9.06454
49850 9.03554
49860 9.01416
49870 9.00111
49880 9.00362
49890 9.02373
49900 9.04459
49910 9.05489
49920 9.05074
49930 9.02341
49940 8.98377
49950 8.95671
49960 8.94836
49970 8.94598
49980 8.93666
49990 8.91978
50000 8.89756
50010 8.8729
50020 8.85955
50030 8.86001
50040 8.86128
50050 8.85388
50060 8.83391
50070 8.80911
50080 8.79316
50090 8.79116
50100 8.79402
50110 8.80232
50120 8.80332
50130 8.79241
50140 8.78655
50150 8.79696
50160 8.82258
50170 8.86466
50180 8.91878
50190 8.96992
50200 9.00703
50210 9.01928
50220 9.00307
50230 8.97612
50240 8.95114
50250 8.92629
50260 8.90231
50270 8.88492
50280 8.88567
50290 8.90647
50300 8.93478
50310 8.95625
50320 8.9618
50330 8.94981
50340 8.93095
50350 8.91197
50360 8.90373
50370 8.91894
50380 8.94875
50390 8.97329
50400 8.98494
50410 8.98445
50420 8.98253
50430 8.98085
50440 8.9802
50450 8.98027
50460 8.97531
50470 8.97189
50480 8.97078
50490 8.96763
50500 8.96831
50510 8.98038
50520 8.99825
50530 9.00802
50540 9.01764
50550 9.03581
50560 9.04507
50570 9.03302
50580 9.00849
50590 8.98014
50600 8.95901
50610 8.95233
50620 8.94679
50630 8.93977
50640 8.9293
50650 8.90759
50660 8.88553
50670 8.87905
50680 8.89313
50690 8.91927
50700 8.96025
50710 9.01259
50720 9.05422
50730 9.06875
50740 9.06385
50750 9.05062
50760 9.0447
50770 9.05607
50780 9.07574
50790 9.09234
50800 9.09898
50810 9.09367
50820 9.0838
50830 9.07181
50840 9.05166
50850 9.02913
50860 8.99967
50870 8.96875
50880 8.96741
50890 9.00156
50900 9.04571
50910 9.08288
50920 9.10172
50930 9.08993
50940 9.06087
50950 9.03748
50960 9.0308
50970 9.04382
50980 9.07828
50990 9.12754
51000 9.17753
51010 9.20949
51020 9.22082
51030 9.22144
51040 9.20989
51050 9.18901
51060 9.17516
51070 9.17037
51080 9.16867
51090 9.17237
51100 9.17035
51110 9.16126
51120 9.16109
51130 9.1751
51140 9.18743
51150 9.18418
51160 9.16574
51170 9.14854
51180 9.13944
51190 9.14281
51200 9.15879
51210 9.17486
51220 9.18001
51230 9.17682
51240 9.16383
51250 9.13462
51260 9.10601
51270 9.09255
51280 9.09467
51290 9.10308
51300 9.11726
51310 9.1392
51320 9.15532
51330 9.16367
51340 9.16489
51350 9.15693
51360 9.14962
51370 9.15706
51380 9.18115
51390 9.21935
51400 9.26798
51410 9.29826
51420 9.29284
51430 9.26876
51440 9.24487
51450 9.21705
51460 9.18679
51470 9.16846
51480 9.17124
51490 9.1885
51500 9.19723
51510 9.18605
51520 9.16042
51530 9.12896
51540 9.08949
51550 9.03931
51560 8.99324
51570 8.96645
51580 8.95518
51590 8.96485
51600 9.00423
51610 9.04888
51620 9.0681
51630 9.06796
51640 9.06653
51650 9.06567
51660 9.06939
51670 9.09401
51680 9.13961
51690 9.17758
51700 9.19732
51710 9.2094
51720 9.21791
51730 9.22038
51740 9.22157
51750 9.23132
51760 9.25988
51770 9.29685
51780 9.32666
51790 9.3396
51800 9.32966
51810 9.3041
51820 9.27334
51830 9.24424
51840 9.22474
51850 9.22083
51860 9.23171
51870 9.25463
51880 9.26848
51890 9.26231
51900 9.2547
51910 9.25861
51920 9.26005
51930 9.25599
51940 9.25384
51950 9.26125
51960 9.27205
51970 9.2741
51980 9.26808
51990 9.24928
52000 9.21479
52010 9.18967
52020 9.19425
52030 9.20993
52040 9.21577
52050 9.23651
52060 9.27696
52070 9.3044
52080 9.3132
52090 9.30985
52100 9.28787
52110 9.24445
52120 9.20387
52130 9.17214
52140 9.14345
52150 9.13657
52160 9.15226
52170 9.17141
52180 9.17878
52190 9.16997
52200 9.14407
52210 9.11368
52220 9.10461
52230 9.11312
52240 9.12828
52250 9.15416
52260 9.17599
52270 9.1753
52280 9.15972
52290 9.14962
52300 9.13728
52310 9.10692
52320 9.07253
52330 9.05921
52340 9.07168
52350 9.09319
52360 9.11166
52370 9.12158
52380 9.11585
52390 9.09712
52400 9.08245
52410 9.07805
52420 9.07603
52430 9.07691
52440 9.08925
52450 9.10717
52460 9.12036
52470 9.12895
52480 9.14138
52490 9.15602
52500 9.16333
52510 9.17072
52520 9.19154
52530 9.21855
52540 9.24371
52550 9.26066
52560 9.27591
52570 9.29705
52580 9.32149
52590 9.34585
52600 9.37465
52610 9.4015
52620 9.41817
52630 9.42566
52640 9.42923
52650 9.43744
52660 9.45666
52670 9.47548
52680 9.48102
52690 9.47544
52700 9.46685
52710 9.46117
52720 9.45757
52730 9.45347
52740 9.45054
52750 9.45436
52760 9.45735
52770 9.45058
52780 9.4459
52790 9.45497
52800 9.47325
52810 9.48187
52820 9.47249
52830 9.45822
52840 9.45166
52850 9.45613
52860 9.46419
52870 9.45953
52880 9.44242
52890 9.42908
52900 9.4176
52910 9.41199
52920 9.42254
52930 9.43577
52940 9.43904
52950 9.45242
52960 9.4897
52970 9.52684
52980 9.54622
52990 9.5564
53000 9.55582
53010 9.53647
53020 9.51694
53030 9.51831
53040 9.54146
53050 9.56924
53060 9.59677
53070 9.62718
53080 9.65395
53090 9.67747
53100 9.69685
53110 9.70469
53120 9.70523
53130 9.70394
53140 9.69927
53150 9.69531
53160 9.70954
53170 9.73403
53180 9.75092
53190 9.75314
53200 9.736
53210 9.71154
53220 9.70366
53230 9.71375
53240 9.73101
53250 9.74461
53260 9.75916
53270 9.78051
53280 9.80381
53290 9.82635
53300 9.83483
53310 9.81709
53320 9.80879
53330 9.82982
53340 9.8588
53350 9.886
53360 9.92022
53370 9.94621
53380 9.94854
53390 9.93362
53400 9.90229
53410 9.86348
53420 9.83651
53430 9.8249
53440 9.8133
53450 9.80531
53460 9.80005
53470 9.78515
53480 9.76745
53490 9.76397
53500 9.76115
53510 9.7449
53520 9.73916
53530 9.74639
53540 9.74803
53550 9.75017
53560 9.76313
53570 9.78113
53580 9.80886
53590 9.84302
53600 9.87563
53610 9.90769
53620 9.94033
53630 9.94237
53640 9.90607
53650 9.86611
53660 9.85483
53670 9.86207
53680 9.86764
53690 9.86747
53700 9.86102
53710 9.83851
53720 9.80705
53730 9.79287
53740 9.7967
53750 9.81315
53760 9.83743
53770 9.86192
53780 9.89154
53790 9.9226
53800 9.93378
53810 9.92032
53820 9.89935
53830 9.88655
53840 9.88797
53850 9.89818
53860 9.91597
53870 9.94191
53880 9.95091
53890 9.92958
53900 9.88719
53910 9.84545
53920 9.82396
53930 9.82966
53940 9.8581
53950 9.90305
53960 9.95921
53970 10.0088
53980 10.0309
53990 10.0308
54000 10.03
54010 10.0257
54020 10.0049
54030 9.98186
54040 9.98608
54050 10.0243
54060 10.0701
54070 10.099
54080 10.0987
54090 10.0777
54100 10.0383
54110 9.98974
54120 9.96553
54130 9.98479
54140 10.0167
54150 10.0305
54160 10.0303
54170 10.0203
54180 9.9942
54190 9.96313
54200 9.95132
54210 9.95615
54220 9.9579
54230 9.94506
54240 9.93174
54250 9.94044
54260 9.97497
54270 10.0029
54280 10.0041
54290 9.99318
54300 9.99491
54310 9.99518
54320 9.98431
54330 9.98773
54340 10.0083
54350 10.0245
54360 10.0389
54370 10.0683
54380 10.0948
54390 10.1048
54400 10.1045
54410 10.092
54420 10.0798
54430 10.0862
54440 10.1015
54450 10.1147
54460 10.1248
54470 10.1338
54480 10.1403
54490 10.143
54500 10.1479
54510 10.1603
54520 10.1774
54530 10.1941
54540 10.1987
54550 10.1947
54560 10.1892
54570 10.1911
54580 10.203
54590 10.2103
54600 10.2046
54610 10.1948
54620 10.1934
54630 10.1911
54640 10.1716
54650 10.1398
54660 10.1045
54670 10.0816
54680 10.09
54690 10.1335
54700 10.1912
54710 10.2295
54720 10.2295
54730 10.1988
54740 10.1604
54750 10.1389
54760 10.1377
54770 10.1374
54780 10.1232
54790 10.1129
54800 10.1299
54810 10.1592
54820 10.1748
54830 10.166
54840 10.1404
54850 10.1176
54860 10.1159
54870 10.1251
54880 10.1226
54890 10.1164
54900 10.1157
54910 10.1069
54920 10.0844
54930 10.0596
54940 10.0378
54950 10.0155
54960 9.99372
54970 9.98883
54980 9.98434
54990 9.95127
55000 9.89999
55010 9.85988
55020 9.84156
55030 9.83442
55040 9.83952
55050 9.85559
55060 9.87047
55070 9.88264
55080 9.89381
55090 9.89537
55100 9.8754
55110 9.85514
55120 9.85881
55130 9.86514
55140 9.85733
55150 9.8432
55160 9.82715
55170 9.80335
55180 9.76979
55190 9.73685
55200 9.72677
55210 9.73679
55220 9.74789
55230 9.75946
55240 9.77774
55250 9.78368
55260 9.76265
55270 9.73503
55280 9.72224
55290 9.73193
55300 9.75882
55310 9.79139
55320 9.8184
55330 9.84002
55340 9.84696
55350 9.83164
55360 9.8137
55370 9.81338
55380 9.81764
55390 9.81527
55400 9.82236
55410 9.84114
55420 9.84357
55430 9.82756
55440 9.80618
55450 9.78347
55460 9.75878
55470 9.74297
55480 9.75368
55490 9.78943
55500 9.83993
55510 9.8931
55520 9.93067
55530 9.93967
55540 9.91771
55550 9.87435
55560 9.83145
55570 9.80978
55580 9.81127
55590 9.82666
55600 9.84766
55610 9.85938
55620 9.85639
55630 9.84629
55640 9.82895
55650 9.79729
55660 9.75455
55670 9.71197
55680 9.68418
55690 9.68565
55700 9.7384
55710 9.83662
55720 9.93091
55730 9.99471
55740 10.0331
55750 10.062
55760 10.0817
55770 10.0874
55780 10.09
55790 10.1017
55800 10.1185
55810 10.1242
55820 10.1173
55830 10.1117
55840 10.0982
55850 10.0781
55860 10.069
55870 10.0767
55880 10.0961
55890 10.1212
55900 10.1443
55910 10.1569
55920 10.1496
55930 10.1346
55940 10.1321
55950 10.146
55960 10.1605
55970 10.1701
55980 10.188
55990 10.2075
56000 10.2084
56010 10.2088
56020 10.2193
56030 10.2174
56040 10.1952
56050 10.1732
56060 10.1588
56070 10.1468
56080 10.1583
56090 10.2
56100 10.2415
56110 10.2625
56120 10.2627
56130 10.243
56140 10.2162
56150 10.1991
56160 10.1904
56170 10.187
56180 10.1947
56190 10.213
56200 10.2389
56210 10.2548
56220 10.2425
56230 10.2016
56240 10.1532
56250 10.1209
56260 10.1056
56270 10.1006
56280 10.0948
56290 10.0834
56300 10.0676
56310 10.0543
56320 10.0502
56330 10.0516
56340 10.0668
56350 10.0966
56360 10.1205
56370 10.1318
56380 10.1314
56390 10.1112
56400 10.0876
56410 10.077
56420 10.0781
56430 10.0935
56440 10.1335
56450 10.1744
56460 10.1853
56470 10.1699
56480 10.1434
56490 10.1094
56500 10.077
56510 10.0646
56520 10.076
56530 10.0937
56540 10.1085
56550 10.1265
56560 10.1452
56570 10.1569
56580 10.1631
56590 10.1686
56600 10.1719
56610 10.1734
56620 10.1866
56630 10.2184
56640 10.2621
56650 10.3001
56660 10.3159
56670 10.3083
56680 10.2985
56690 10.2946
56700 10.2917
56710 10.2964
56720 10.3102
56730 10.3167
56740 10.2987
56750 10.262
56760 10.227
56770 10.2079
56780 10.206
56790 10.2215
56800 10.2425
56810 10.2599
56820 10.2774
56830 10.2952
56840 10.2981
56850 10.2885
56860 10.281
56870 10.2758
56880 10.2779
56890 10.2998
56900 10.3355
56910 10.3845
56920 10.443
56930 10.4919
56940 10.5178
56950 10.5289
56960 10.5331
56970 10.533
56980 10.5338
56990 10.5441
57000 10.5632
57010 10.6002
57020 10.6643
57030 10.7305
57040 10.7657
57050 10.774
57060 10.7667
57070 10.7574
57080 10.7749
57090 10.82
57100 10.8584
57110 10.8722
57120 10.8625
57130 10.8199
57140 10.7536
57150 10.6915
57160 10.6491
57170 10.6221
57180 10.6057
57190 10.6024
57200 10.6121
57210 10.6237
57220 10.6233
57230 10.6146
57240 10.609
57250 10.6076
57260 10.6006
57270 10.5902
57280 10.5896
57290 10.5904
57300 10.576
57310 10.5523
57320 10.5262
57330 10.4988
57340 10.4764
57350 10.4754
57360 10.4954
57370 10.521
57380 10.5413
57390 10.5504
57400 10.5362
57410 10.4941
57420 10.458
57430 10.4527
57440 10.4808
57450 10.5278
57460 10.5733
57470 10.5983
57480 10.6074
57490 10.6054
57500 10.59
57510 10.571
57520 10.5601
57530 10.5571
57540 10.557
57550 10.5544
57560 10.5519
57570 10.5586
57580 10.5708
57590 10.581
57600 10.5904
57610 10.5973
57620 10.5994
57630 10.5975
57640 10.5866
57650 10.5779
57660 10.5933
57670 10.6232
57680 10.652
57690 10.6711
57700 10.6882
57710 10.6931
57720 10.678
57730 10.6496
57740 10.6231
57750 10.6129
57760 10.6207
57770 10.6359
57780 10.6434
57790 10.6235
57800 10.5818
57810 10.5421
57820 10.5046
57830 10.4679
57840 10.4503
57850 10.4564
57860 10.461
57870 10.4633
57880 10.4625
57890 10.4453
57900 10.4268
57910 10.4256
57920 10.4328
57930 10.4373
57940 10.4553
57950 10.4893
57960 10.5224
57970 10.5429
57980 10.5482
57990 10.5362
58000 10.5117
58010 10.4912
58020 10.488
58030 10.4916
58040 10.4943
58050 10.4922
58060 10.4885
58070 10.4855
58080 10.48
58090 10.4662
58100 10.4471
58110 10.4314
58120 10.4211
58130 10.4191
58140 10.4211
58150 10.4225
58160 10.4375
58170 10.4696
58180 10.4863
58190 10.4755
58200 10.4638
58210 10.4606
58220 10.456
58230 10.4601
58240 10.4849
58250 10.5045
58260 10.4916
58270 10.4594
58280 10.4274
58290 10.394
58300 10.3707
58310 10.3783
58320 10.4084
58330 10.4351
58340 10.4444
58350 10.4431
58360 10.4295
58370 10.4124
58380 10.394
58390 10.3708
58400 10.3537
58410 10.3642
58420 10.3942
58430 10.4188
58440 10.4444
58450 10.4669
58460 10.4684
58470 10.4572
58480 10.4592
58490 10.4754
58500 10.5018
58510 10.5345
58520 10.56
58530 10.5645
58540 10.5481
58550 10.53
58560 10.5323
58570 10.5455
58580 10.5446
58590 10.525
58600 10.4885
58610 10.4622
58620 10.4566
58630 10.4499
58640 10.4383
58650 10.4437
58660 10.4626
58670 10.4753
58680 10.4684
58690 10.4402
58700 10.4043
58710 10.3762
58720 10.3714
58730 10.3932
58740 10.4375
58750 10.4932
58760 10.5425
58770 10.5752
58780 10.5813
58790 10.558
58800 10.5251
58810 10.4957
58820 10.4686
58830 10.4452
58840 10.44
58850 10.4584
58860 10.4887
58870 10.5161
58880 10.5487
58890 10.5862
58900 10.6155
58910 10.6157
58920 10.5822
58930 10.5277
58940 10.4785
58950 10.4536
58960 10.4547
58970 10.4684
58980 10.4888
58990 10.5022
59000 10.4877
59010 10.4529
59020 10.429
59030 10.4309
59040 10.4487
59050 10.488
59060 10.5451
59070 10.5897
59080 10.6064
59090 10.6025
59100 10.5764
59110 10.5296
59120 10.4917
59130 10.485
59140 10.5062
59150 10.5441
59160 10.5939
59170 10.642
59180 10.6633
59190 10.6516
59200 10.6283
59210 10.6033
59220 10.5733
59230 10.5469
59240 10.5331
59250 10.5316
59260 10.5557
59270 10.6038
59280 10.6499
59290 10.6818
59300 10.6972
59310 10.681
59320 10.6477
59330 10.6345
59340 10.6506
59350 10.681
59360 10.7181
59370 10.7549
59380 10.7762
59390 10.782
59400 10.7847
59410 10.7875
59420 10.7867
59430 10.7994
59440 10.8257
59450 10.8477
59460 10.8647
59470 10.8869
59480 10.9186
59490 10.9447
59500 10.944
59510 10.9162
59520 10.8983
59530 10.9085
59540 10.9193
59550 10.9127
59560 10.8966
59570 10.8668
59580 10.8199
59590 10.7706
59600 10.7347
59610 10.7161
59620 10.7103
59630 10.7095
59640 10.6957
59650 10.6799
59660 10.6742
59670 10.6704
59680 10.6607
59690 10.6569
59700 10.6616
59710 10.6618
59720 10.67
59730 10.6941
59740 10.7126
59750 10.715
59760 10.7206
59770 10.7401
59780 10.7451
59790 10.7277
59800 10.7308
59810 10.7684
59820 10.8164
59830 10.8598
59840 10.8986
59850 10.9418
59860 10.9801
59870 11.0009
59880 11.0182
59890 11.0505
59900 11.0922
59910 11.1372
59920 11.1803
59930 11.2128
59940 11.2234
59950 11.208
59960 11.1777
59970 11.1288
59980 11.0741
59990 11.0283
60000 11.0011
60010 11.0092
60020 11.03
60030 11.0289
60040 10.9989
60050 10.9613
60060 10.9355
60070 10.9311
60080 10.9505
60090 10.9777
60100 10.9901
60110 10.9844
60120 10.9745
60130 10.9648
60140 10.9658
60150 10.9826
60160 11.0052
60170 11.024
60180 11.0343
60190 11.0503
60200 11.0686
60210 11.081
60220 11.0929
60230 11.1058
60240 11.1082
60250 11.0835
60260 11.0432
60270 11.0061
60280 10.9843
60290 10.9789
60300 10.9881
60310 11.0015
60320 11.022
60330 11.0519
60340 11.0649
60350 11.0673
60360 11.0945
60370 11.1333
60380 11.1671
60390 11.2048
60400 11.2336
60410 11.2444
60420 11.2457
60430 11.2372
60440 11.2289
60450 11.2359
60460 11.2636
60470 11.3034
60480 11.3426
60490 11.3633
60500 11.3684
60510 11.3685
60520 11.3377
60530 11.2824
60540 11.245
60550 11.2158
60560 11.1701
60570 11.1367
60580 11.1347
60590 11.1428
60600 11.1512
60610 11.158
60620 11.1454
60630 11.1215
60640 11.1129
60650 11.1175
60660 11.1276
60670 11.1515
60680 11.1876
60690 11.2149
60700 11.2344
60710 11.2514
60720 11.2656
60730 11.275
60740 11.2776
60750 11.2613
60760 11.2309
60770 11.2167
60780 11.2231
60790 11.238
60800 11.2585
60810 11.2735
60820 11.2711
60830 11.2625
60840 11.2591
60850 11.2566
60860 11.2649
60870 11.2931
60880 11.3241
60890 11.3353
60900 11.3263
60910 11.3021
60920 11.2774
60930 11.2639
60940 11.2584
60950 11.2497
60960 11.2427
60970 11.2394
60980 11.2381
60990 11.2418
61000 11.2515
61010 11.2549
61020 11.2446
61030 11.2397
61040 11.2513
61050 11.2648
61060 11.2738
61070 11.2835
61080 11.2826
61090 11.2703
61100 11.2468
61110 11.2172
61120 11.1927
61130 11.1725
61140 11.1527
61150 11.1329
61160 11.1134
61170 11.0971
61180 11.081
61190 11.0504
61200 11.0091
61210 10.9747
61220 10.9517
61230 10.9353
61240 10.9383
61250 10.9597
61260 10.9879
61270 11.0215
61280 11.0499
61290 11.0631
61300 11.069
61310 11.0848
61320 11.1077
61330 11.1397
61340 11.1886
61350 11.235
61360 11.2572
61370 11.2564
61380 11.2531
61390 11.2558
61400 11.2653
61410 11.2946
61420 11.3385
61430 11.3632
61440 11.3441
61450 11.3007
61460 11.2615
61470 11.2442
61480 11.2482
61490 11.2579
61500 11.2692
61510 11.2791
61520 11.2806
61530 11.2663
61540 11.249
61550 11.2416
61560 11.2483
61570 11.2618
61580 11.2941
61590 11.3468
61600 11.4023
61610 11.4515
61620 11.4812
61630 11.4804
61640 11.4555
61650 11.4282
61660 11.4173
61670 11.431
61680 11.4683
61690 11.5146
61700 11.5464
61710 11.5626
61720 11.5638
61730 11.5529
61740 11.5373
61750 11.516
61760 11.4989
61770 11.5054
61780 11.5266
61790 11.5474
61800 11.5655
61810 11.5808
61820 11.5854
61830 11.581
61840 11.5756
61850 11.5756
61860 11.5792
61870 11.5823
61880 11.5768
61890 11.5658
61900 11.5511
61910 11.5173
61920 11.4785
61930 11.4723
61940 11.486
61950 11.4939
61960 11.4875
61970 11.4814
61980 11.483
61990 11.4899
62000 11.4983
62010 11.5047
62020 11.5179
62030 11.5339
62040 11.5364
62050 11.5206
62060 11.4956
62070 11.4863
62080 11.4989
62090 11.5184
62100 11.5358
62110 11.5402
62120 11.5358
62130 11.5367
62140 11.5472
62150 11.567
62160 11.5896
62170 11.6077
62180 11.6203
62190 11.6322
62200 11.6296
62210 11.6011
62220 11.5668
62230 11.5425
62240 11.5182
62250 11.495
62260 11.4963
62270 11.5198
62280 11.544
62290 11.5779
62300 11.6297
62310 11.68
62320 11.7127
62330 11.7315
62340 11.7382
62350 11.7316
62360 11.7302
62370 11.7442
62380 11.7785
62390 11.829
62400 11.8768
62410 11.9013
62420 11.9006
62430 11.8768
62440 11.8463
62450 11.824
62460 11.8026
62470 11.7837
62480 11.7826
62490 11.8013
62500 11.8217
62510 11.8309
62520 11.8369
62530 11.8393
62540 11.8346
62550 11.8263
62560 11.8138
62570 11.7953
62580 11.7858
62590 11.8024
62600 11.8318
62610 11.8604
62620 11.8888
62630 11.9146
62640 11.9295
62650 11.934
62660 11.9361
62670 11.9223
62680 11.8941
62690 11.8799
62700 11.8883
62710 11.9019
62720 11.9173
62730 11.9321
62740 11.9335
62750 11.9211
62760 11.9005
62770 11.8682
62780 11.833
62790 11.8272
62800 11.8513
62810 11.8871
62820 11.9225
62830 11.933
62840 11.9072
62850 11.8676
62860 11.8454
62870 11.8427
62880 11.8501
62890 11.8583
62900 11.8701
62910 11.8767
62920 11.8732
62930 11.8592
62940 11.8428
62950 11.8536
62960 11.8944
62970 11.9463
62980 11.9811
62990 11.9931
63000 11.9806
63010 11.9412
63020 11.9
63030 11.8823
63040 11.8904
63050 11.9092
63060 11.9403
63070 11.9831
63080 12.0175
63090 12.0315
63100 12.0316
63110 12.0263
63120 12.016
63130 12
63140 12.0014
63150 12.0359
63160 12.0689
63170 12.0887
63180 12.1028
63190 12.0938
63200 12.0603
63210 12.0197
63220 11.978
63230 11.938
63240 11.9082
63250 11.8919
63260 11.8775
63270 11.8631
63280 11.8543
63290 11.8543
63300 11.8468
63310 11.8261
63320 11.8117
63330 11.8194
63340 11.8411
63350 11.861
63360 11.8757
63370 11.8863
63380 11.8868
63390 11.893
63400 11.9259
63410 11.9688
63420 12.0057
63430 12.0386
63440 12.0621
63450 12.0652
63460 12.0602
63470 12.0384
63480 11.9917
63490 11.9422
63500 11.9076
63510 11.8867
63520 11.885
63530 11.9003
63540 11.9167
63550 11.9222
63560 11.926
63570 11.9345
63580 11.9409
63590 11.9432
63600 11.9449
63610 11.9431
63620 11.9414
63630 11.9415
63640 11.9407
63650 11.94
63660 11.9434
63670 11.9517
63680 11.9688
63690 12.0019
63700 12.0386
63710 12.0509
63720 12.0269
63730 11.9853
63740 11.9485
63750 11.9261
63760 11.9083
63770 11.8846
63780 11.8608
63790 11.8539
63800 11.8704
63810 11.8841
63820 11.8728
63830 11.8398
63840 11.8066
63850 11.7843
63860 11.7809
63870 11.7974
63880 11.8289
63890 11.8654
63900 11.8909
63910 11.907
63920 11.9271
63930 11.9422
63940 11.9421
63950 11.9296
63960 11.9046
63970 11.8673
63980 11.8236
63990 11.7827
64000 11.7627
64010 11.7681
64020 11.7879
64030 11.8121
64040 11.8378
64050 11.8526
64060 11.8485
64070 11.8449
64080 11.851
64090 11.8707
64100 11.9075
64110 11.9456
64120 11.9695
64130 11.9902
64140 12.0154
64150 12.0223
64160 12.0063
64170 11.9985
64180 12.0037
64190 12.0099
64200 12.0271
64210 12.0615
64220 12.0947
64230 12.1069
64240 12.1054
64250 12.0906
64260 12.0499
64270 11.9969
64280 11.9476
64290 11.9142
64300 11.8985
64310 11.8869
64320 11.8747
64330 11.8704
64340 11.8652
64350 11.8464
64360 11.8332
64370 11.8439
64380 11.8604
64390 11.8743
64400 11.8965
64410 11.9279
64420 11.953
64430 11.9569
64440 11.942
64450 11.9169
64460 11.8919
64470 11.8813
64480 11.8903
64490 11.9049
64500 11.9175
64510 11.9346
64520 11.9623
64530 12.0058
64540 12.0516
64550 12.076
64560 12.0724
64570 12.0526
64580 12.035
64590 12.0336
64600 12.0435
64610 12.0651
64620 12.1025
64630 12.1404
64640 12.167
64650 12.1844
64660 12.1963
64670 12.2062
64680 12.2268
64690 12.2633
64700 12.3136
64710 12.3544
64720 12.3631
64730 12.3515
64740 12.3511
64750 12.3641
64760 12.3867
64770 12.4328
64780 12.4952
64790 12.5456
64800 12.5608
64810 12.5495
64820 12.5369
64830 12.5305
64840 12.5327
64850 12.5386
64860 12.5473
64870 12.5615
64880 12.5792
64890 12.5899
64900 12.5849
64910 12.5681
64920 12.5377
64930 12.4848
64940 12.4417
64950 12.4413
64960 12.4689
64970 12.4945
64980 12.5018
64990 12.4845
65000 12.4474
65010 12.4126
65020 12.3964
65030 12.394
65040 12.4013
65050 12.4147
65060 12.4336
65070 12.4634
65080 12.4983
65090 12.5172
65100 12.5
65110 12.4653
65120 12.4375
65130 12.4226
65140 12.412
65150 12.4013
65160 12.395
65170 12.4013
65180 12.4107
65190 12.4206
65200 12.4302
65210 12.4329
65220 12.4325
65230 12.4397
65240 12.4585
65250 12.4827
65260 12.4969
65270 12.4949
65280 12.492
65290 12.4931
65300 12.4985
65310 12.4994
65320 12.4992
65330 12.5262
65340 12.5927
65350 12.6694
65360 12.7176
65370 12.7416
65380 12.7486
65390 12.7488
65400 12.7561
65410 12.7652
65420 12.7721
65430 12.7725
65440 12.7714
65450 12.7728
65460 12.7792
65470 12.7804
65480 12.7664
65490 12.7383
65500 12.7093
65510 12.6775
65520 12.6414
65530 12.6173
65540 12.6107
65550 12.6042
65560 12.5899
65570 12.5706
65580 12.5556
65590 12.5523
65600 12.5518
65610 12.5412
65620 12.5216
65630 12.495
65640 12.4618
65650 12.4407
65660 12.4495
65670 12.4849
65680 12.5261
65690 12.5522
65700 12.5674
65710 12.5833
65720 12.5923
65730 12.5885
65740 12.595
65750 12.6322
65760 12.6935
65770 12.7391
65780 12.7616
65790 12.7814
65800 12.7954
65810 12.8044
65820 12.8208
65830 12.8443
65840 12.8599
65850 12.8717
65860 12.9033
65870 12.9489
65880 12.9869
65890 13.0141
65900 13.0439
65910 13.0816
65920 13.1109
65930 13.1393
65940 13.1663
65950 13.1716
65960 13.1509
65970 13.1285
65980 13.1273
65990 13.1547
66000 13.1974
66010 13.2472
66020 13.287
66030 13.3038
66040 13.3096
66050 13.3054
66060 13.2778
66070 13.2343
66080 13.1963
66090 13.1709
66100 13.1537
66110 13.1556
66120 13.1815
66130 13.2135
66140 13.2487
66150 13.2938
66160 13.3236
66170 13.3275
66180 13.3294
66190 13.3351
66200 13.3304
66210 13.3284
66220 13.3346
66230 13.353
66240 13.3976
66250 13.4517
66260 13.4971
66270 13.5404
66280 13.5799
66290 13.5919
66300 13.5625
66310 13.5203
66320 13.4924
66330 13.4813
66340 13.4874
66350 13.5043
66360 13.5095
66370 13.5012
66380 13.4894
66390 13.4747
66400 13.4463
66410 13.4016
66420 13.3636
66430 13.3517
66440 13.3567
66450 13.3585
66460 13.3567
66470 13.3348
66480 13.2857
66490 13.2239
66500 13.1704
66510 13.1416
66520 13.1356
66530 13.1495
66540 13.1683
66550 13.1758
66560 13.1769
66570 13.1661
66580 13.146
66590 13.1416
66600 13.1428
66610 13.1328
66620 13.1277
66630 13.1421
66640 13.1583
66650 13.1686
66660 13.1855
66670 13.224
66680 13.2667
66690 13.2873
66700 13.284
66710 13.2727
66720 13.2537
66730 13.2292
66740 13.2187
66750 13.2227
66760 13.2326
66770 13.256
66780 13.289
66790 13.3155
66800 13.334
66810 13.3466
66820 13.3503
66830 13.3605
66840 13.3857
66850 13.4006
66860 13.3922
66870 13.3825
66880 13.3775
66890 13.3706
66900 13.3721
66910 13.3948
66920 13.4272
66930 13.4493
66940 13.4612
66950 13.4844
66960 13.5133
66970 13.5341
66980 13.5354
66990 13.5271
67000 13.5194
67010 13.5005
67020 13.4693
67030 13.4421
67040 13.4209
67050 13.4012
67060 13.3866
67070 13.3907
67080 13.4099
67090 13.4245
67100 13.4254
67110 13.4187
67120 13.4069
67130 13.3839
67140 13.3523
67150 13.3223
67160 13.3136
67170 13.3263
67180 13.356
67190 13.3983
67200 13.4249
67210 13.4185
67220 13.3995
67230 13.3779
67240 13.3577
67250 13.3479
67260 13.3523
67270 13.3697
67280 13.3948
67290 13.4201
67300 13.4482
67310 13.4797
67320 13.5014
67330 13.4925
67340 13.4546
67350 13.4237
67360 13.4151
67370 13.4181
67380 13.4295
67390 13.4495
67400 13.4709
67410 13.4762
67420 13.4635
67430 13.4475
67440 13.4327
67450 13.4086
67460 13.3884
67470 13.3836
67480 13.3797
67490 13.3675
67500 13.3438
67510 13.3183
67520 13.3018
67530 13.2946
67540 13.3076
67550 13.3405
67560 13.3746
67570 13.3942
67580 13.3933
67590 13.3854
67600 13.3777
67610 13.3604
67620 13.3365
67630 13.3402
67640 13.3771
67650 13.4257
67660 13.4767
67670 13.5099
67680 13.509
67690 13.4785
67700 13.4274
67710 13.3831
67720 13.3614
67730 13.3699
67740 13.3901
67750 13.4189
67760 13.4689
67770 13.5203
67780 13.5462
67790 13.5492
67800 13.541
67810 13.5373
67820 13.5404
67830 13.5342
67840 13.5147
67850 13.5049
67860 13.505
67870 13.4935
67880 13.4688
67890 13.4552
67900 13.4509
67910 13.4358
67920 13.4304
67930 13.4461
67940 13.4628
67950 13.4706
67960 13.4689
67970 13.4503
67980 13.4267
67990 13.4177
68000 13.4244
68010 13.4209
68020 13.3915
68030 13.3459
68040 13.3009
68050 13.2772
68060 13.2871
68070 13.3116
68080 13.3433
68090 13.3923
68100 13.4557
68110 13.4954
68120 13.4887
68130 13.448
68140 13.3924
68150 13.3446
68160 13.3218
68170 13.3237
68180 13.3333
68190 13.3295
68200 13.3218
68210 13.327
68220 13.3303
68230 13.3269
68240 13.3358
68250 13.3537
68260 13.3631
68270 13.3583
68280 13.3504
68290 13.3587
68300 13.3858
68310 13.4124
68320 13.4351
68330 13.4647
68340 13.5023
68350 13.5226
68360 13.5114
68370 13.4917
68380 13.4862
68390 13.4943
68400 13.5244
68410 13.5765
68420 13.6246
68430 13.6555
68440 13.6778
68450 13.6853
68460 13.665
68470 13.6275
68480 13.5967
68490 13.583
68500 13.5725
68510 13.543
68520 13.505
68530 13.4736
68540 13.4505
68550 13.4274
68560 13.3831
68570 13.3301
68580 13.2854
68590 13.2671
68600 13.2854
68610 13.3352
68620 13.41
68630 13.4976
68640 13.5629
68650 13.5725
68660 13.548
68670 13.5249
68680 13.5092
68690 13.5144
68700 13.5448
68710 13.5938
68720 13.6477
68730 13.6945
68740 13.7143
68750 13.7006
68760 13.682
68770 13.6853
68780 13.7075
68790 13.7175
68800 13.7104
68810 13.7113
68820 13.7261
68830 13.7471
68840 13.7631
68850 13.7613
68860 13.744
68870 13.7332
68880 13.7221
68890 13.7133
68900 13.7253
68910 13.7479
68920 13.7426
68930 13.7083
68940 13.6674
68950 13.6249
68960 13.5714
68970 13.5191
68980 13.4911
68990 13.4832
69000 13.4871
69010 13.5236
69020 13.5951
69030 13.6605
69040 13.6793
69050 13.6594
69060 13.621
69070 13.568
69080 13.5164
69090 13.4953
69100 13.5116
69110 13.5507
69120 13.5731
69130 13.5554
69140 13.5014
69150 13.4398
69160 13.4043
69170 13.3936
69180 13.3957
69190 13.416
69200 13.4471
69210 13.4589
69220 13.4492
69230 13.4314
69240 13.4096
69250 13.3998
69260 13.4107
69270 13.4313
69280 13.4583
69290 13.486
69300 13.5012
69310 13.5024
69320 13.5062
69330 13.5057
69340 13.4838
69350 13.4583
69360 13.4425
69370 13.4249
69380 13.4107
69390 13.4026
69400 13.3936
69410 13.3896
69420 13.4014
69430 13.4132
69440 13.4231
69450 13.4393
69460 13.4603
69470 13.4626
69480 13.4427
69490 13.4171
69500 13.4158
69510 13.454
69520 13.4965
69530 13.522
69540 13.5497
69550 13.5808
69560 13.5924
69570 13.5948
69580 13.6006
69590 13.6157
69600 13.6556
69610 13.7158
69620 13.7682
69630 13.7855
69640 13.7752
69650 13.7622
69660 13.7465
69670 13.731
69680 13.7213
69690 13.7197
69700 13.7193
69710 13.7339
69720 13.7773
69730 13.8249
69740 13.8583
69750 13.8822
69760 13.9065
69770 13.9238
69780 13.9216
69790 13.9098
69800 13.9172
69810 13.9439
69820 13.9787
69830 14.0023
69840 14.0089
69850 14.0155
69860 14.03
69870 14.0307
69880 13.9994
69890 13.9609
69900 13.9439
69910 13.9366
69920 13.9398
69930 13.9643
69940 13.9906
69950 14.0009
69960 13.9856
69970 13.9538
69980 13.9305
69990 13.9153
70000 13.9026
70010 13.906
70020 13.9201
70030 13.9337
70040 13.9467
70050 13.9533
70060 13.9344
70070 13.8981
70080 13.8642
70090 13.8431
70100 13.8449
70110 13.8655
70120 13.8801
70130 13.8872
70140 13.9203
70150 13.9765
70160 14.0092
70170 14.0112
70180 14.0087
70190 14.0046
70200 13.9924
70210 13.9781
70220 13.9655
70230 13.9552
70240 13.9577
70250 13.9808
70260 14.0201
70270 14.073
70280 14.1301
70290 14.1736
70300 14.1939
70310 14.1893
70320 14.1709
70330 14.1628
70340 14.1708
70350 14.1993
70360 14.2353
70370 14.2534
70380 14.2648
70390 14.2853
70400 14.3002
70410 14.2981
70420 14.2903
70430 14.2741
70440 14.2349
70450 14.1873
70460 14.1501
70470 14.1155
70480 14.0797
70490 14.0652
70500 14.0834
70510 14.1218
70520 14.1793
70530 14.2419
70540 14.2899
70550 14.3217
70560 14.3453
70570 14.3547
70580 14.3446
70590 14.3275
70600 14.3168
70610 14.3202
70620 14.345
70630 14.3731
70640 14.3788
70650 14.3511
70660 14.3118
70670 14.2816
70680 14.259
70690 14.2518
70700 14.2678
70710 14.2902
70720 14.3128
70730 14.3322
70740 14.3385
70750 14.3411
70760 14.3545
70770 14.3661
70780 14.3671
70790 14.3862
70800 14.4294
70810 14.4687
70820 14.5004
70830 14.5485
70840 14.6061
70850 14.648
70860 14.6659
70870 14.6653
70880 14.6488
70890 14.6125
70900 14.5807
70910 14.5747
70920 14.5769
70930 14.5717
70940 14.5721
70950 14.5941
70960 14.6259
70970 14.6507
70980 14.6781
70990 14.7287
71000 14.7957
71010 14.87
71020 14.9315
71030 14.9677
71040 14.9894
71050 15.0361
71060 15.1059
71070 15.1664
71080 15.2009
71090 15.2131
71100 15.2011
71110 15.1608
71120 15.1199
71130 15.0999
71140 15.0869
71150 15.0763
71160 15.0836
71170 15.1196
71180 15.1723
71190 15.2317
71200 15.266
71210 15.2361
71220 15.1643
71230 15.1101
71240 15.076
71250 15.0442
71260 15.0346
71270 15.0593
71280 15.0929
71290 15.1077
71300 15.1035
71310 15.0857
71320 15.0431
71330 14.9765
71340 14.9108
71350 14.8613
71360 14.8252
71370 14.8043
71380 14.8152
71390 14.8395
71400 14.8367
71410 14.7969
71420 14.7444
71430 14.6798
71440 14.6146
71450 14.5792
71460 14.5786
71470 14.5975
71480 14.642
71490 14.6997
71500 14.7343
71510 14.7397
71520 14.7214
71530 14.6821
71540 14.6464
71550 14.6394
71560 14.6512
71570 14.6621
71580 14.6634
71590 14.6524
71600 14.6242
71610 14.5953
71620 14.5801
71630 14.5695
71640 14.5679
71650 14.5861
71660 14.6031
71670 14.6034
71680 14.606
71690 14.602
71700 14.5827
71710 14.5739
71720 14.5841
71730 14.5985
71740 14.6226
71750 14.6555
71760 14.6686
71770 14.6615
71780 14.6504
71790 14.6372
71800 14.62
71810 14.61
71820 14.62
71830 14.6497
71840 14.6915
71850 14.7251
71860 14.7371
71870 14.7449
71880 14.7553
71890 14.7569
71900 14.7438
71910 14.7171
71920 14.6881
71930 14.6756
71940 14.6836
71950 14.694
71960 14.7082
71970 14.7318
71980 14.7425
71990 14.723
72000 14.6923
72010 14.6738
72020 14.6819
72030 14.7048
72040 14.731
72050 14.7522
72060 14.7579
72070 14.7509
72080 14.7419
72090 14.7361
72100 14.7238
72110 14.7069
72120 14.7118
72130 14.7547
72140 14.825
72150 14.8982
72160 14.9501
72170 14.9494
72180 14.8995
72190 14.8559
72200 14.8591
72210 14.8869
72220 14.9106
72230 14.9238
72240 14.9246
72250 14.917
72260 14.9197
72270 14.9261
72280 14.9167
72290 14.8889
72300 14.8502
72310 14.8186
72320 14.8148
72330 14.8331
72340 14.8583
72350 14.8938
72360 14.9278
72370 14.9301
72380 14.896
72390 14.8366
72400 14.7818
72410 14.7542
72420 14.7596
72430 14.7957
72440 14.8496
72450 14.8924
72460 14.9155
72470 14.9381
72480 14.9764
72490 15.0249
72500 15.0535
72510 15.068
72520 15.1054
72530 15.1684
72540 15.2188
72550 15.2402
72560 15.2412
72570 15.2361
72580 15.2295
72590 15.222
72600 15.2018
72610 15.1658
72620 15.112
72630 15.048
72640 14.9904
72650 14.9512
72660 14.9367
72670 14.9362
72680 14.9396
72690 14.9401
72700 14.9165
72710 14.881
72720 14.8604
72730 14.8536
72740 14.8525
72750 14.876
72760 14.9307
72770 14.982
72780 15.0094
72790 15.017
72800 14.9959
72810 14.9342
72820 14.8536
72830 14.792
72840 14.7576
72850 14.7653
72860 14.8198
72870 14.8899
72880 14.9361
72890 14.9588
72900 14.9691
72910 14.9718
72920 14.9767
72930 14.9851
72940 14.9871
72950 14.9813
72960 14.9734
72970 14.9675
72980 14.9763
72990 15.0049
73000 15.0352
73010 15.0413
73020 15.0171
73030 14.9902
73040 14.9704
73050 14.9521
73060 14.9488
73070 14.9703
73080 15.0068
73090 15.0412
73100 15.0684
73110 15.0899
73120 15.0995
73130 15.0988
73140 15.087
73150 15.0759
73160 15.0812
73170 15.0784
73180 15.0434
73190 14.9956
73200 14.9537
73210 14.9243
73220 14.924
73230 14.9577
73240 14.9904
73250 15.009
73260 15.0129
73270 14.9903
73280 14.9557
73290 14.9202
73300 14.8898
73310 14.8872
73320 14.9126
73330 14.9514
73340 15.0002
73350 15.0649
73360 15.1335
73370 15.1857
73380 15.2103
73390 15.2157
73400 15.223
73410 15.2361
73420 15.2535
73430 15.2633
73440 15.252
73450 15.2345
73460 15.2299
73470 15.2468
73480 15.27
73490 15.2864
73500 15.2915
73510 15.2855
73520 15.2785
73530 15.2738
73540 15.2728
73550 15.2795
73560 15.2992
73570 15.3243
73580 15.3381
73590 15.3306
73600 15.306
73610 15.2739
73620 15.2475
73630 15.2397
73640 15.2398
73650 15.234
73660 15.2298
73670 15.2435
73680 15.2642
73690 15.2709
73700 15.2674
73710 15.2688
73720 15.2727
73730 15.2601
73740 15.2355
73750 15.2087
73760 15.1881
73770 15.1713
73780 15.141
73790 15.1015
73800 15.0651
73810 15.039
73820 15.0203
73830 15.0174
73840 15.0317
73850 15.0495
73860 15.052
73870 15.0414
73880 15.0278
73890 15.0152
73900 15.0177
73910 15.038
73920 15.0705
73930 15.1075
73940 15.14
73950 15.1553
73960 15.1556
73970 15.1614
73980 15.1699
73990 15.1757
74000 15.1932
74010 15.2136
74020 15.2137
74030 15.2046
74040 15.203
74050 15.2064
74060 15.2077
74070 15.2069
74080 15.1983
74090 15.1631
74100 15.1118
74110 15.0718
74120 15.0409
74130 15.016
74140 14.9793
74150 14.9354
74160 14.909
74170 14.8932
74180 14.8804
74190 14.8739
74200 14.8643
74210 14.8394
74220 14.8229
74230 14.8173
74240 14.7931
74250 14.7483
74260 14.7118
74270 14.6856
74280 14.6566
74290 14.6422
74300 14.6489
74310 14.6648
74320 14.6886
74330 14.7286
74340 14.7713
74350 14.7923
74360 14.8004
74370 14.8139
74380 14.8315
74390 14.8503
74400 14.8688
74410 14.8738
74420 14.8653
74430 14.8643
74440 14.8795
74450 14.8923
74460 14.8966
74470 14.894
74480 14.8858
74490 14.8821
74500 14.8827
74510 14.8699
74520 14.8422
74530 14.8226
74540 14.8198
74550 14.8168
74560 14.8131
74570 14.8199
74580 14.8456
74590 14.8832
74600 14.9252
74610 14.9826
74620 15.0372
74630 15.0652
74640 15.076
74650 15.0805
74660 15.0728
74670 15.0707
74680 15.0923
74690 15.1264
74700 15.1482
74710 15.1669
74720 15.183
74730 15.1838
74740 15.1774
74750 15.1823
74760 15.2049
74770 15.2268
74780 15.2285
74790 15.222
74800 15.2195
74810 15.2285
74820 15.2643
74830 15.3129
74840 15.3682
74850 15.4289
74860 15.4596
74870 15.4311
74880 15.3874
74890 15.3593
74900 15.3415
74910 15.3483
74920 15.3955
74930 15.4594
74940 15.5109
74950 15.5351
74960 15.5308
74970 15.512
74980 15.4836
74990 15.4407
75000 15.3886
75010 15.3428
75020 15.3155
75030 15.2986
75040 15.2876
75050 15.2656
75060 15.2171
75070 15.1653
75080 15.1393
75090 15.1205
75100 15.0877
75110 15.0616
75120 15.0529
75130 15.0711
75140 15.1139
75150 15.1487
75160 15.1562
75170 15.1396
75180 15.1141
75190 15.0942
75200 15.0752
75210 15.0624
75220 15.058
75230 15.0631
75240 15.0788
75250 15.0992
75260 15.1002
75270 15.0713
75280 15.0405
75290 15.0311
75300 15.0258
75310 15.0018
75320 14.967
75330 14.948
75340 14.9459
75350 14.965
75360 15.0083
75370 15.0626
75380 15.116
75390 15.1367
75400 15.1032
75410 15.0411
75420 14.9978
75430 14.9802
75440 14.9687
75450 14.9601
75460 14.9627
75470 14.9635
75480 14.9512
75490 14.9336
75500 14.924
75510 14.9259
75520 14.9325
75530 14.9451
75540 14.9578
75550 14.9725
75560 14.9992
75570 15.0276
75580 15.0501
75590 15.0723
75600 15.0842
75610 15.0952
75620 15.1168
75630 15.1423
75640 15.1617
75650 15.1793
75660 15.1867
75670 15.1855
75680 15.1893
75690 15.1892
75700 15.1767
75710 15.1689
75720 15.1752
75730 15.2038
75740 15.2473
75750 15.2782
75760 15.2886
75770 15.3044
75780 15.3282
75790 15.3559
75800 15.3873
75810 15.4159
75820 15.4262
75830 15.4171
75840 15.4192
75850 15.4534
75860 15.5067
75870 15.5676
75880 15.6196
75890 15.6382
75900 15.6408
75910 15.6529
75920 15.6583
75930 15.6532
75940 15.6575
75950 15.656
75960 15.6402
75970 15.6241
75980 15.6101
75990 15.5959
76000 15.5839
76010 15.5784
76020 15.5739
76030 15.5767
76040 15.5858
76050 15.5753
76060 15.5476
76070 15.5387
76080 15.5496
76090 15.5718
76100 15.609
76110 15.6354
76120 15.6153
76130 15.5749
76140 15.5581
76150 15.5582
76160 15.5603
76170 15.5872
76180 15.6376
76190 15.6686
76200 15.6726
76210 15.6676
76220 15.6593
76230 15.6629
76240 15.684
76250 15.69
76260 15.6673
76270 15.6291
76280 15.5798
76290 15.531
76300 15.4988
76310 15.4833
76320 15.4801
76330 15.4812
76340 15.4802
76350 15.4861
76360 15.494
76370 15.4948
76380 15.4796
76390 15.452
76400 15.425
76410 15.4076
76420 15.3965
76430 15.3938
76440 15.3997
76450 15.4035
76460 15.3983
76470 15.3967
76480 15.405
76490 15.3993
76500 15.3768
76510 15.3607
76520 15.3498
76530 15.334
76540 15.3312
76550 15.3491
76560 15.3747
76570 15.402
76580 15.4253
76590 15.4277
76600 15.4183
76610 15.4416
76620 15.5032
76630 15.5586
76640 15.6045
76650 15.6672
76660 15.7299
76670 15.7632
76680 15.7725
76690 15.7663
76700 15.7453
76710 15.724
76720 15.7217
76730 15.7348
76740 15.7767
76750 15.8421
76760 15.8961
76770 15.9231
76780 15.9305
76790 15.9268
76800 15.9063
76810 15.8762
76820 15.8631
76830 15.8642
76840 15.8672
76850 15.8749
76860 15.8752
76870 15.8693
76880 15.8725
76890 15.8968
76900 15.9429
76910 15.9712
76920 15.9559
76930 15.9203
76940 15.9007
76950 15.8907
76960 15.8803
76970 15.8904
76980 15.927
76990 15.9697
77000 16.0058
77010 16.0164
77020 15.9898
77030 15.9447
77040 15.9071
77050 15.8739
77060 15.8506
77070 15.8593
77080 15.8809
77090 15.8905
77100 15.8997
77110 15.9069
77120 15.8843
77130 15.8302
77140 15.7829
77150 15.766
77160 15.7644
77170 15.7647
77180 15.779
77190 15.8071
77200 15.8346
77210 15.8534
77220 15.8425
77230 15.816
77240 15.8037
77250 15.7906
77260 15.7471
77270 15.7027
77280 15.691
77290 15.6961
77300 15.6984
77310 15.698
77320 15.6863
77330 15.6493
77340 15.5872
77350 15.5375
77360 15.5213
77370 15.5254
77380 15.5456
77390 15.5747
77400 15.5974
77410 15.6073
77420 15.6163
77430 15.6358
77440 15.6581
77450 15.6902
77460 15.7339
77470 15.764
77480 15.7752
77490 15.784
77500 15.784
77510 15.7594
77520 15.7317
77530 15.7248
77540 15.7172
77550 15.6974
77560 15.7015
77570 15.7525
77580 15.8187
77590 15.8688
77600 15.8917
77610 15.8941
77620 15.8781
77630 15.8525
77640 15.8352
77650 15.8337
77660 15.8318
77670 15.8214
77680 15.8072
77690 15.7898
77700 15.7628
77710 15.7269
77720 15.7038
77730 15.7072
77740 15.7229
77750 15.7232
77760 15.7172
77770 15.7141
77780 15.7015
77790 15.6963
77800 15.7098
77810 15.7294
77820 15.7485
77830 15.7839
77840 15.8256
77850 15.8421
77860 15.843
77870 15.8574
77880 15.8851
77890 15.9221
77900 15.9757
77910 16.0293
77920 16.0621
77930 16.0838
77940 16.1048
77950 16.1241
77960 16.1339
77970 16.1318
77980 16.1136
77990 16.0856
78000 16.0678
78010 16.0688
78020 16.0797
78030 16.0742
78040 16.0709
78050 16.1022
78060 16.1509
78070 16.1798
78080 16.1767
78090 16.1469
78100 16.1176
78110 16.112
78120 16.1208
78130 16.1372
78140 16.1687
78150 16.1954
78160 16.203
78170 16.1914
78180 16.1678
78190 16.1413
78200 16.1105
78210 16.0753
78220 16.0448
78230 16.0202
78240 15.9891
78250 15.9562
78260 15.9284
78270 15.895
78280 15.8542
78290 15.8213
78300 15.8002
78310 15.784
78320 15.7703
78330 15.7626
78340 15.7629
78350 15.7726
78360 15.7868
78370 15.8101
78380 15.8351
78390 15.8548
78400 15.8741
78410 15.8886
78420 15.8955
78430 15.9211
78440 15.97
78450 16.0039
78460 15.9988
78470 15.9709
78480 15.9572
78490 15.9687
78500 15.9878
78510 16.0011
78520 16.0147
78530 16.0259
78540 16.0333
78550 16.0347
78560 16.0217
78570 15.9971
78580 15.9563
78590 15.9118
78600 15.8788
78610 15.8616
78620 15.8599
78630 15.8622
78640 15.8487
78650 15.8194
78660 15.7774
78670 15.7251
78680 15.6783
78690 15.645
78700 15.6186
78710 15.5984
78720 15.5877
78730 15.5887
78740 15.5811
78750 15.5696
78760 15.5769
78770 15.5812
78780 15.5689
78790 15.5591
78800 15.5706
78810 15.5954
78820 15.6101
78830 15.5988
78840 15.5704
78850 15.5505
78860 15.5563
78870 15.5814
78880 15.6008
78890 15.6145
78900 15.6299
78910 15.6292
78920 15.5949
78930 15.5435
78940 15.4941
78950 15.4547
78960 15.4396
78970 15.4453
78980 15.4486
78990 15.456
79000 15.4641
79010 15.4575
79020 15.4337
79030 15.3994
79040 15.3581
79050 15.3334
79060 15.3397
79070 15.3683
79080 15.4064
79090 15.4521
79100 15.4945
79110 15.5081
79120 15.4976
79130 15.4829
79140 15.4554
79150 15.4069
79160 15.3649
79170 15.3488
79180 15.3512
79190 15.3585
79200 15.3829
79210 15.4198
79220 15.4432
79230 15.448
79240 15.4462
79250 15.4399
79260 15.427
79270 15.4125
79280 15.4181
79290 15.4538
79300 15.5084
79310 15.5608
79320 15.5878
79330 15.5859
79340 15.5755
79350 15.5579
79360 15.5323
79370 15.5237
79380 15.5437
79390 15.5548
79400 15.5406
79410 15.5291
79420 15.5463
79430 15.5675
79440 15.5764
79450 15.5691
79460 15.5543
79470 15.5463
79480 15.5484
79490 15.5564
79500 15.5635
79510 15.5567
79520 15.5324
79530 15.5059
79540 15.4864
79550 15.4781
79560 15.4762
79570 15.4738
79580 15.4763
79590 15.4845
79600 15.4812
79610 15.465
79620 15.4585
79630 15.4639
79640 15.4716
79650 15.4889
79660 15.5127
79670 15.537
79680 15.5686
79690 15.6066
79700 15.6423
79710 15.6706
79720 15.6959
79730 15.7313
79740 15.7855
79750 15.8258
79760 15.8399
79770 15.8386
79780 15.8291
79790 15.8138
79800 15.7939
79810 15.7725
79820 15.7768
79830 15.8117
79840 15.8478
79850 15.854
79860 15.8489
79870 15.8496
79880 15.8509
79890 15.8563
79900 15.8764
79910 15.9165
79920 15.9702
79930 16.0188
79940 16.0557
79950 16.084
79960 16.1024
79970 16.1155
79980 16.1298
79990 16.1484
80000 16.1516
80010 16.1311
80020 16.112
80030 16.1069
80040 16.1052
80050 16.1091
80060 16.1301
80070 16.1671
80080 16.2122
80090 16.2387
80100 16.2342
80110 16.2105
80120 16.1779
80130 16.1425
80140 16.1122
80150 16.0905
80160 16.066
80170 16.0439
80180 16.0334
80190 16.0334
80200 16.0384
80210 16.0542
80220 16.0759
80230 16.0622
80240 16.0088
80250 15.9416
80260 15.8968
80270 15.8871
80280 15.9022
80290 15.9316
80300 15.9572
80310 15.9559
80320 15.9253
80330 15.8898
80340 15.8642
80350 15.8553
80360 15.8768
80370 15.9364
80380 16.0282
80390 16.1173
80400 16.172
80410 16.2002
80420 16.2093
80430 16.2108
80440 16.2161
80450 16.2351
80460 16.2755
80470 16.3357
80480 16.3805
80490 16.395
80500 16.3954
80510 16.3975
80520 16.4061
80530 16.4181
80540 16.4426
80550 16.4678
80560 16.4607
80570 16.4117
80580 16.3649
80590 16.35
80600 16.3533
80610 16.3828
80620 16.4463
80630 16.5158
80640 16.557
80650 16.5636
80660 16.5409
80670 16.5024
80680 16.457
80690 16.4211
80700 16.4171
80710 16.4494
80720 16.4743
80730 16.4544
80740 16.4127
80750 16.3862
80760 16.3687
80770 16.3466
80780 16.3291
80790 16.2982
80800 16.2484
80810 16.2063
80820 16.1783
80830 16.1346
80840 16.0824
80850 16.0489
80860 16.0248
80870 15.9892
80880 15.9554
80890 15.9244
80900 15.8903
80910 15.8674
80920 15.8665
80930 15.8775
80940 15.8953
80950 15.9066
80960 15.9151
80970 15.9387
80980 15.9748
80990 16.0045
81000 16.0222
81010 16.0241
81020 15.996
81030 15.9519
81040 15.9408
81050 15.9809
81060 16.0332
81070 16.0674
81080 16.0843
81090 16.0747
81100 16.0298
81110 15.985
81120 15.9718
81130 15.976
81140 15.9875
81150 16.0184
81160 16.0569
81170 16.0686
81180 16.04
81190 15.9818
81200 15.9119
81210 15.8481
81220 15.7951
81230 15.7631
81240 15.7607
81250 15.7892
81260 15.8325
81270 15.8663
81280 15.8727
81290 15.8549
81300 15.8243
81310 15.7829
81320 15.7434
81330 15.7386
81340 15.7634
81350 15.7988
81360 15.8507
81370 15.9152
81380 15.9534
81390 15.9446
81400 15.9151
81410 15.8841
81420 15.8534
81430 15.8291
81440 15.8153
81450 15.8091
81460 15.8007
81470 15.7915
81480 15.8025
81490 15.8497
81500 15.9083
81510 15.9404
81520 15.9591
81530 15.9746
81540 15.9751
81550 15.9826
81560 16.021
81570 16.082
81580 16.1351
81590 16.1777
81600 16.207
81610 16.2058
81620 16.197
81630 16.2069
81640 16.2295
81650 16.2522
81660 16.2749
81670 16.2862
81680 16.2824
81690 16.2749
81700 16.2713
81710 16.2726
81720 16.2802
81730 16.2806
81740 16.2859
81750 16.3113
81760 16.3259
81770 16.3131
81780 16.2984
81790 16.2907
81800 16.2759
81810 16.2442
81820 16.191
81830 16.1322
81840 16.0787
81850 16.029
81860 15.9959
81870 15.9957
81880 16.013
81890 16.0232
81900 16.0246
81910 16.0218
81920 16.0163
81930 16.0271
81940 16.0631
81950 16.1152
81960 16.1686
81970 16.2179
81980 16.2575
81990 16.2818
82000 16.2951
82010 16.2852
82020 16.2406
82030 16.1856
82040 16.1682
82050 16.1921
82060 16.2239
82070 16.2474
82080 16.2626
82090 16.2661
82100 16.2581
82110 16.2389
82120 16.2318
82130 16.2511
82140 16.2839
82150 16.307
82160 16.3171
82170 16.3171
82180 16.3064
82190 16.293
82200 16.2851
82210 16.3033
82220 16.3717
82230 16.4583
82240 16.5187
82250 16.5568
82260 16.5839
82270 16.5812
82280 16.5573
82290 16.5398
82300 16.5379
82310 16.5607
82320 16.599
82330 16.6289
82340 16.6417
82350 16.6456
82360 16.6411
82370 16.6267
82380 16.6082
82390 16.6047
82400 16.6263
82410 16.6628
82420 16.6926
82430 16.7023
82440 16.6848
82450 16.6508
82460 16.635
82470 16.6488
82480 16.6732
82490 16.6977
82500 16.7073
82510 16.678
82520 16.6139
82530 16.5534
82540 16.5169
82550 16.4939
82560 16.4974
82570 16.5304
82580 16.5569
82590 16.5605
82600 16.5609
82610 16.5449
82620 16.5071
82630 16.4689
82640 16.4431
82650 16.42
82660 16.4096
82670 16.4248
82680 16.4537
82690 16.4776
82700 16.487
82710 16.4693
82720 16.4303
82730 16.3849
82740 16.3455
82750 16.3212
82760 16.3221
82770 16.3404
82780 16.35
82790 16.3374
82800 16.3043
82810 16.2598
82820 16.2238
82830 16.2276
82840 16.2516
82850 16.269
82860 16.2862
82870 16.3042
82880 16.3032
82890 16.287
82900 16.2777
82910 16.2874
82920 16.3078
82930 16.3159
82940 16.3099
82950 16.3121
82960 16.3163
82970 16.2893
82980 16.2334
82990 16.1824
83000 16.1597
83010 16.1674
83020 16.1948
83030 16.2253
83040 16.2339
83050 16.2173
83060 16.1966
83070 16.1849
83080 16.1841
83090 16.186
83100 16.1891
83110 16.1942
83120 16.2016
83130 16.2075
83140 16.197
83150 16.1751
83160 16.1618
83170 16.156
83180 16.1492
83190 16.152
83200 16.1706
83210 16.1782
83220 16.1609
83230 16.1313
83240 16.0976
83250 16.0691
83260 16.053
83270 16.0567
83280 16.0771
83290 16.1052
83300 16.1313
83310 16.1328
83320 16.1078
83330 16.0718
83340 16.0416
83350 16.0346
83360 16.0499
83370 16.0842
83380 16.1162
83390 16.124
83400 16.1054
83410 16.0663
83420 16.015
83430 15.9706
83440 15.9483
83450 15.9356
83460 15.9297
83470 15.9208
83480 15.8995
83490 15.8707
83500 15.8388
83510 15.8126
83520 15.7862
83530 15.7561
83540 15.7293
83550 15.7106
83560 15.7046
83570 15.7115
83580 15.7148
83590 15.7075
83600 15.7152
83610 15.7456
83620 15.7749
83630 15.7877
83640 15.7869
83650 15.7828
83660 15.7925
83670 15.8246
83680 15.8708
83690 15.9202
83700 15.9613
83710 15.9708
83720 15.9489
83730 15.9141
83740 15.8717
83750 15.8287
83760 15.7985
83770 15.7801
83780 15.787
83790 15.8075
83800 15.8156
83810 15.8062
83820 15.7864
83830 15.7604
83840 15.7414
83850 15.7343
83860 15.7325
83870 15.7238
83880 15.7055
83890 15.6795
83900 15.6502
83910 15.6308
83920 15.6277
83930 15.6375
83940 15.6447
83950 15.6539
83960 15.6828
83970 15.7051
83980 15.6969
83990 15.6564
84000 15.6026
84010 15.5546
84020 15.5191
84030 15.5098
84040 15.5303
84050 15.5605
84060 15.5824
84070 15.6035
84080 15.6154
84090 15.6138
84100 15.6137
84110 15.6206
84120 15.6287
84130 15.6418
84140 15.6685
84150 15.7048
84160 15.7487
84170 15.8008
84180 15.8618
84190 15.9239
84200 15.9729
84210 16.0113
84220 16.0366
84230 16.0359
84240 16.0168
84250 15.99
84260 15.9771
84270 16.002
84280 16.0745
84290 16.1653
84300 16.2462
84310 16.2984
84320 16.2971
84330 16.2534
84340 16.2147
84350 16.2057
84360 16.2137
84370 16.2244
84380 16.2399
84390 16.2532
84400 16.2511
84410 16.2412
84420 16.2261
84430 16.2089
84440 16.1986
84450 16.1999
84460 16.1993
84470 16.1948
84480 16.2002
84490 16.2144
84500 16.2211
84510 16.2194
84520 16.2201
84530 16.2129
84540 16.1942
84550 16.177
84560 16.1632
84570 16.1574
84580 16.1678
84590 16.2078
84600 16.2729
84610 16.3314
84620 16.3651
84630 16.3921
84640 16.4045
84650 16.3878
84660 16.3664
84670 16.356
84680 16.3479
84690 16.3284
84700 16.3035
84710 16.2768
84720 16.2523
84730 16.2447
84740 16.2453
84750 16.2287
84760 16.1997
84770 16.1883
84780 16.1917
84790 16.1909
84800 16.1833
84810 16.1783
84820 16.207
84830 16.2798
84840 16.3555
84850 16.41
84860 16.4583
84870 16.4954
84880 16.4937
84890 16.4651
84900 16.4424
84910 16.4506
84920 16.4966
84930 16.5558
84940 16.6071
84950 16.6519
84960 16.683
84970 16.6941
84980 16.6843
84990 16.6654
85000 16.6427
85010 16.6215
85020 16.6097
85030 16.6036
85040 16.6138
85050 16.6317
85060 16.6288
85070 16.6034
85080 16.5779
85090 16.5556
85100 16.5267
85110 16.5088
85120 16.5069
85130 16.5129
85140 16.5355
85150 16.5658
85160 16.5712
85170 16.5588
85180 16.562
85190 16.5889
85200 16.6305
85210 16.6788
85220 16.725
85230 16.78
85240 16.8472
85250 16.8994
85260 16.9142
85270 16.8996
85280 16.8753
85290 16.8505
85300 16.8416
85310 16.8496
85320 16.8576
85330 16.8609
85340 16.8687
85350 16.8764
85360 16.8767
85370 16.8663
85380 16.8462
85390 16.8253
85400 16.8124
85410 16.8095
85420 16.8144
85430 16.8262
85440 16.8364
85450 16.8371
85460 16.8409
85470 16.8598
85480 16.8945
85490 16.9466
85500 16.999
85510 17.0339
85520 17.0398
85530 17.01
85540 16.957
85550 16.9099
85560 16.8765
85570 16.86
85580 16.867
85590 16.8921
85600 16.9117
85610 16.9095
85620 16.895
85630 16.8796
85640 16.8663
85650 16.8571
85660 16.8484
85670 16.8415
85680 16.8509
85690 16.8758
85700 16.9013
85710 16.9369
85720 16.977
85730 16.9957
85740 16.9951
85750 17.0043
85760 17.0372
85770 17.0827
85780 17.1301
85790 17.1744
85800 17.2086
85810 17.2424
85820 17.2725
85830 17.2661
85840 17.2196
85850 17.171
85860 17.1322
85870 17.1032
85880 17.0938
85890 17.1112
85900 17.1516
85910 17.1972
85920 17.2427
85930 17.272
85940 17.2685
85950 17.2592
85960 17.2672
85970 17.2866
85980 17.3036
85990 17.3095
86000 17.2974
86010 17.2719
86020 17.2493
86030 17.2331
86040 17.2153
86050 17.1872
86060 17.1505
86070 17.1175
86080 17.0861
86090 17.0566
86100 17.0468
86110 17.0502
86120 17.0504
86130 17.0564
86140 17.0722
86150 17.0978
86160 17.123
86170 17.1482
86180 17.1722
86190 17.1765
86200 17.1616
86210 17.1462
86220 17.1409
86230 17.1388
86240 17.1429
86250 17.1682
86260 17.2044
86270 17.2239
86280 17.2088
86290 17.1839
86300 17.1654
86310 17.1362
86320 17.0886
86330 17.0522
86340 17.0387
86350 17.0305
86360 17.0241
86370 17.0291
86380 17.0312
86390 17.0026
86400 16.9177
86410 16.7812
86420 16.6406
86430 16.5427
86440 16.5019
86450 16.5138
86460 16.559
86470 16.5968
86480 16.6135
86490 16.6264
86500 16.644
86510 16.6678
86520 16.7105
86530 16.7782
86540 16.8334
86550 16.8601
86560 16.875
86570 16.8968
86580 16.9336
86590 16.9842
86600 17.042
86610 17.093
86620 17.1253
86630 17.1344
86640 17.1129
86650 17.0666
86660 17.0285
86670 17.0172
86680 17.0218
86690 17.043
86700 17.0881
86710 17.1367
86720 17.1491
86730 17.1288
86740 17.0987
86750 17.076
86760 17.0711
86770 17.09
86780 17.1134
86790 17.1104
86800 17.0896
86810 17.0863
86820 17.08
86830 17.0617
86840 17.0815
86850 17.1484
86860 17.2061
86870 17.2294
86880 17.2299
86890 17.2217
86900 17.2043
86910 17.176
86920 17.1352
86930 17.1021
86940 17.0918
86950 17.0884
86960 17.0823
86970 17.0798
86980 17.071
86990 17.0543
87000 17.0558
87010 17.0698
87020 17.0636
87030 17.0507
87040 17.0558
87050 17.0711
87060 17.1082
87070 17.1645
87080 17.196
87090 17.1792
87100 17.1388
87110 17.0849
87120 17.0176
87130 16.9674
87140 16.9506
87150 16.942
87160 16.9263
87170 16.9052
87180 16.8806
87190 16.8578
87200 16.8435
87210 16.8323
87220 16.8094
87230 16.793
87240 16.7927
87250 16.8016
87260 16.8164
87270 16.8214
87280 16.7926
87290 16.7393
87300 16.7015
87310 16.69
87320 16.6914
87330 16.7213
87340 16.7768
87350 16.8162
87360 16.8266
87370 16.8235
87380 16.8122
87390 16.7845
87400 16.7644
87410 16.7683
87420 16.7926
87430 16.8203
87440 16.8316
87450 16.83
87460 16.815
87470 16.7947
87480 16.7771
87490 16.766
87500 16.7574
87510 16.7353
87520 16.7008
87530 16.6689
87540 16.6449
87550 16.626
87560 16.618
87570 16.6197
87580 16.624
87590 16.6254
87600 16.6293
87610 16.6279
87620 16.6237
87630 16.6239
87640 16.6247
87650 16.6385
87660 16.6645
87670 16.7007
87680 16.7317
87690 16.7238
87700 16.6892
87710 16.6709
87720 16.6796
87730 16.6913
87740 16.7011
87750 16.7247
87760 16.7532
87770 16.7772
87780 16.8048
87790 16.8192
87800 16.8242
87810 16.8384
87820 16.8786
87830 16.9435
87840 17.0066
87850 17.0562
87860 17.0805
87870 17.0614
87880 17.0293
87890 17.0175
87900 17.0186
87910 17.0258
87920 17.0352
87930 17.0318
87940 17.0202
87950 17.019
87960 17.0195
87970 17.018
87980 17.0274
87990 17.0664
88000 17.1173
88010 17.1465
88020 17.1499
88030 17.1408
88040 17.1067
88050 17.0578
88060 17.0258
88070 17.0219
88080 17.0291
88090 17.0366
88100 17.0495
88110 17.0747
88120 17.1122
88130 17.1381
88140 17.1199
88150 17.0762
88160 17.0481
88170 17.0581
88180 17.0911
88190 17.128
88200 17.1688
88210 17.2167
88220 17.2461
88230 17.2458
88240 17.2407
88250 17.2473
88260 17.2547
88270 17.2553
88280 17.2504
88290 17.2593
88300 17.2786
88310 17.3044
88320 17.3355
88330 17.358
88340 17.3742
88350 17.3997
88360 17.4545
88370 17.5294
88380 17.5994
88390 17.6648
88400 17.7046
88410 17.6776
88420 17.599
88430 17.5223
88440 17.4846
88450 17.4927
88460 17.5342
88470 17.5982
88480 17.6639
88490 17.7074
88500 17.7202
88510 17.7104
88520 17.6923
88530 17.6864
88540 17.6922
88550 17.7069
88560 17.7369
88570 17.7678
88580 17.7873
88590 17.8071
88600 17.8241
88610 17.8171
88620 17.799
88630 17.7912
88640 17.7796
88650 17.7553
88660 17.7425
88670 17.7332
88680 17.713
88690 17.692
88700 17.6749
88710 17.6636
88720 17.667
88730 17.6848
88740 17.6921
88750 17.6852
88760 17.6731
88770 17.662
88780 17.6678
88790 17.7102
88800 17.7699
88810 17.8115
88820 17.8249
88830 17.8108
88840 17.7945
88850 17.7865
88860 17.7824
88870 17.7844
88880 17.7915
88890 17.7889
88900 17.793
88910 17.8171
88920 17.8366
88930 17.8466
88940 17.8537
88950 17.8594
88960 17.8544
88970 17.8227
88980 17.7526
88990 17.6704
89000 17.6237
89010 17.6208
89020 17.6417
89030 17.6892
89040 17.7496
89050 17.778
89060 17.7636
89070 17.7356
89080 17.6988
89090 17.6603
89100 17.6617
89110 17.7142
89120 17.7808
89130 17.8269
89140 17.8417
89150 17.8347
89160 17.8187
89170 17.7997
89180 17.7706
89190 17.744
89200 17.7333
89210 17.7264
89220 17.7123
89230 17.6883
89240 17.6594
89250 17.6325
89260 17.5923
89270 17.5417
89280 17.5074
89290 17.4922
89300 17.4823
89310 17.4697
89320 17.4519
89330 17.4199
89340 17.3852
89350 17.3593
89360 17.3455
89370 17.3405
89380 17.3438
89390 17.3435
89400 17.3299
89410 17.3066
89420 17.2724
89430 17.2425
89440 17.2288
89450 17.2342
89460 17.266
89470 17.3369
89480 17.4278
89490 17.4936
89500 17.5255
89510 17.5304
89520 17.5135
89530 17.477
89540 17.432
89550 17.405
89560 17.4189
89570 17.4591
89580 17.4891
89590 17.4929
89600 17.4869
89610 17.4797
89620 17.4598
89630 17.4336
89640 17.4186
89650 17.4122
89660 17.4153
89670 17.4234
89680 17.4268
89690 17.4339
89700 17.4616
89710 17.5092
89720 17.5438
89730 17.5453
89740 17.5277
89750 17.5216
89760 17.5206
89770 17.5039
89780 17.4741
89790 17.4482
89800 17.4303
89810 17.4216
89820 17.4262
89830 17.4486
89840 17.4783
89850 17.4973
89860 17.5054
89870 17.5264
89880 17.5527
89890 17.5557
89900 17.5556
89910 17.5862
89920 17.6234
89930 17.6438
89940 17.661
89950 17.6685
89960 17.6622
89970 17.6579
89980 17.6554
89990 17.6555
90000 17.659
90010 17.6506
90020 17.6418
90030 17.6394
90040 17.6414
90050 17.6667
90060 17.7158
90070 17.7544
90080 17.7514
90090 17.7259
90100 17.7057
90110 17.6896
90120 17.6853
90130 17.7094
90140 17.7608
90150 17.819
90160 17.8575
90170 17.8739
90180 17.8772
90190 17.871
90200 17.8617
90210 17.864
90220 17.8942
90230 17.947
90240 18.0103
90250 18.0718
90260 18.115
90270 18.1222
90280 18.0974
90290 18.0718
90300 18.0541
90310 18.0608
90320 18.1158
90330 18.1809
90340 18.1983
90350 18.182
90360 18.1773
90370 18.1922
90380 18.2038
90390 18.221
90400 18.2595
90410 18.311
90420 18.3587
90430 18.411
90440 18.4615
90450 18.4838
90460 18.478
90470 18.4608
90480 18.44
90490 18.4237
90500 18.4091
90510 18.3832
90520 18.3594
90530 18.3326
90540 18.2842
90550 18.2211
90560 18.1544
90570 18.0887
90580 18.0493
90590 18.0557
90600 18.0754
90610 18.0887
90620 18.0931
90630 18.0737
90640 18.0377
90650 18.0035
90660 17.9656
90670 17.9319
90680 17.93
90690 17.9519
90700 17.9675
90710 17.9633
90720 17.955
90730 17.9696
90740 17.9916
90750 18.01
90760 18.0273
90770 18.0237
90780 17.9867
90790 17.9441
90800 17.9219
90810 17.8989
90820 17.8632
90830 17.8322
90840 17.7934
90850 17.7502
90860 17.7348
90870 17.7458
90880 17.7521
90890 17.7479
90900 17.7335
90910 17.6822
90920 17.5985
90930 17.529
90940 17.4906
90950 17.4679
90960 17.463
90970 17.4906
90980 17.5358
90990 17.5876
91000 17.6446
91010 17.695
91020 17.7238
91030 17.7335
91040 17.7355
91050 17.7471
91060 17.7856
91070 17.8421
91080 17.9103
91090 17.9885
91100 18.0538
91110 18.0778
91120 18.0692
91130 18.068
91140 18.0735
91150 18.0595
91160 18.0473
91170 18.058
91180 18.0698
91190 18.0808
91200 18.0973
91210 18.1016
91220 18.0995
91230 18.1096
91240 18.1279
91250 18.1428
91260 18.1627
91270 18.1885
91280 18.2063
91290 18.2164
91300 18.2288
91310 18.2555
91320 18.2902
91330 18.3231
91340 18.3571
91350 18.4029
91360 18.4601
91370 18.5065
91380 18.5279
91390 18.5284
91400 18.5283
91410 18.5482
91420 18.5826
91430 18.6125
91440 18.6449
91450 18.6907
91460 18.7365
91470 18.7776
91480 18.8193
91490 18.8381
91500 18.8371
91510 18.8499
91520 18.8797
91530 18.8985
91540 18.9079
91550 18.9183
91560 18.9128
91570 18.9031
91580 18.9042
91590 18.8983
91600 18.8935
91610 18.9166
91620 18.9629
91630 19.0091
91640 19.0478
91650 19.0624
91660 19.0398
91670 19.0226
91680 19.0266
91690 19.0304
91700 19.0322
91710 19.0491
91720 19.069
91730 19.068
91740 19.0552
91750 19.0425
91760 19.0269
91770 18.9984
91780 18.9665
91790 18.9401
91800 18.9203
91810 18.9096
91820 18.9227
91830 18.9496
91840 18.9643
91850 18.9813
91860 19.0017
91870 19.0171
91880 19.0275
91890 19.0327
91900 19.0406
91910 19.0535
91920 19.0578
91930 19.0454
91940 19.0221
91950 19.0125
91960 19.0098
91970 18.9924
91980 18.9636
91990 18.9356
92000 18.9159
92010 18.9152
92020 18.9203
92030 18.9254
92040 18.9431
92050 18.9593
92060 18.9633
92070 18.9542
92080 18.9262
92090 18.8916
92100 18.8577
92110 18.8324
92120 18.8366
92130 18.8518
92140 18.8436
92150 18.8178
92160 18.7925
92170 18.7614
92180 18.7211
92190 18.6752
92200 18.6287
92210 18.5978
92220 18.5835
92230 18.5705
92240 18.5668
92250 18.585
92260 18.6098
92270 18.6188
92280 18.6123
92290 18.6119
92300 18.6114
92310 18.5891
92320 18.5428
92330 18.4883
92340 18.4424
92350 18.4017
92360 18.3656
92370 18.3577
92380 18.3563
92390 18.3431
92400 18.359
92410 18.4155
92420 18.4794
92430 18.5219
92440 18.5402
92450 18.5515
92460 18.5494
92470 18.5305
92480 18.5192
92490 18.5373
92500 18.5668
92510 18.5762
92520 18.5604
92530 18.5312
92540 18.5038
92550 18.5001
92560 18.5417
92570 18.6222
92580 18.6903
92590 18.708
92600 18.6947
92610 18.6736
92620 18.6449
92630 18.6218
92640 18.6253
92650 18.6351
92660 18.6443
92670 18.6625
92680 18.6836
92690 18.7017
92700 18.7079
92710 18.7084
92720 18.7015
92730 18.6795
92740 18.6456
92750 18.6061
92760 18.5513
92770 18.4898
92780 18.4255
92790 18.3434
92800 18.2609
92810 18.2232
92820 18.2376
92830 18.2805
92840 18.3377
92850 18.3965
92860 18.4319
92870 18.4416
92880 18.4427
92890 18.4322
92900 18.4029
92910 18.379
92920 18.3945
92930 18.4487
92940 18.5058
92950 18.5563
92960 18.6051
92970 18.6303
92980 18.6195
92990 18.586
93000 18.5466
93010 18.5049
93020 18.4814
93030 18.4815
93040 18.4883
93050 18.4998
93060 18.5209
93070 18.5424
93080 18.5682
93090 18.5967
93100 18.6216
93110 18.6467
93120 18.6636
93130 18.657
93140 18.6386
93150 18.6245
93160 18.6133
93170 18.6036
93180 18.6051
93190 18.6292
93200 18.6697
93210 18.7009
93220 18.7196
93230 18.7389
93240 18.7264
93250 18.6894
93260 18.6903
93270 18.7269
93280 18.7597
93290 18.7669
93300 18.7507
93310 18.7175
93320 18.6699
93330 18.6296
93340 18.613
93350 18.6197
93360 18.6377
93370 18.6586
93380 18.6865
93390 18.7186
93400 18.7332
93410 18.7374
93420 18.7699
93430 18.8356
93440 18.9006
93450 18.9378
93460 18.9459
93470 18.9216
93480 18.8724
93490 18.8209
93500 18.7816
93510 18.7608
93520 18.7521
93530 18.7506
93540 18.7451
93550 18.741
93560 18.7269
93570 18.7064
93580 18.6893
93590 18.6853
93600 18.7012
93610 18.7252
93620 18.749
93630 18.7744
93640 18.7962
93650 18.8108
93660 18.8158
93670 18.8082
93680 18.7915
93690 18.7672
93700 18.7446
93710 18.7383
93720 18.7576
93730 18.8
93740 18.8439
93750 18.8702
93760 18.8659
93770 18.8551
93780 18.8542
93790 18.8588
93800 18.8665
93810 18.9008
93820 18.9678
93830 19.0403
93840 19.1048
93850 19.1616
93860 19.2035
93870 19.2255
93880 19.2221
93890 19.1998
93900 19.1745
93910 19.1603
93920 19.1608
93930 19.1629
93940 19.1693
93950 19.2036
93960 19.2626
93970 19.3108
93980 19.3295
93990 19.323
94000 19.3019
94010 19.2775
94020 19.2552
94030 19.2291
94040 19.2152
94050 19.2056
94060 19.1734
94070 19.1279
94080 19.0805
94090 19.0302
94100 18.9855
94110 18.9544
94120 18.9347
94130 18.9192
94140 18.8954
94150 18.862
94160 18.8271
94170 18.8052
94180 18.8071
94190 18.8161
94200 18.8064
94210 18.7741
94220 18.7185
94230 18.6599
94240 18.6202
94250 18.593
94260 18.5918
94270 18.6249
94280 18.671
94290 18.7138
94300 18.7529
94310 18.7821
94320 18.7975
94330 18.8101
94340 18.8221
94350 18.8279
94360 18.8283
94370 18.8248
94380 18.818
94390 18.8129
94400 18.8172
94410 18.8427
94420 18.8813
94430 18.9086
94440 18.9218
94450 18.933
94460 18.9373
94470 18.9439
94480 18.9494
94490 18.9543
94500 18.9705
94510 18.9904
94520 19.005
94530 19.0112
94540 19.0235
94550 19.0405
94560 19.0536
94570 19.057
94580 19.0503
94590 19.0546
94600 19.0709
94610 19.0916
94620 19.1174
94630 19.1361
94640 19.143
94650 19.1362
94660 19.115
94670 19.0994
94680 19.0995
94690 19.1041
94700 19.1052
94710 19.1165
94720 19.1491
94730 19.1835
94740 19.2096
94750 19.2265
94760 19.2201
94770 19.2052
94780 19.1993
94790 19.1867
94800 19.175
94810 19.1811
94820 19.1883
94830 19.1918
94840 19.1991
94850 19.2075
94860 19.2105
94870 19.2202
94880 19.2472
94890 19.2772
94900 19.2963
94910 19.3078
94920 19.3101
94930 19.3217
94940 19.3463
94950 19.3636
94960 19.3618
94970 19.3532
94980 19.3617
94990 19.3783
95000 19.3768
95010 19.3689
95020 19.3905
95030 19.4345
95040 19.461
95050 19.465
95060 19.4533
95070 19.4303
95080 19.3984
95090 19.351
95100 19.303
95110 19.2828
95120 19.2949
95130 19.3164
95140 19.338
95150 19.3541
95160 19.3564
95170 19.3338
95180 19.2905
95190 19.2383
95200 19.1917
95210 19.1653
95220 19.1705
95230 19.1894
95240 19.2063
95250 19.2283
95260 19.2623
95270 19.2924
95280 19.3023
95290 19.3104
95300 19.331
95310 19.3447
95320 19.3464
95330 19.3435
95340 19.325
95350 19.2772
95360 19.2335
95370 19.2316
95380 19.2818
95390 19.3567
95400 19.4359
95410 19.5013
95420 19.5312
95430 19.5334
95440 19.51
95450 19.4689
95460 19.4424
95470 19.4485
95480 19.4716
95490 19.5092
95500 19.5513
95510 19.569
95520 19.5706
95530 19.5832
95540 19.5997
95550 19.615
95560 19.6388
95570 19.6759
95580 19.715
95590 19.7389
95600 19.7439
95610 19.7364
95620 19.7134
95630 19.6869
95640 19.6687
95650 19.6563
95660 19.6572
95670 19.6702
95680 19.6635
95690 19.6255
95700 19.5988
95710 19.6261
95720 19.6882
95730 19.7428
95740 19.7761
95750 19.7853
95760 19.7651
95770 19.7183
95780 19.6628
95790 19.6255
95800 19.6037
95810 19.587
95820 19.5856
95830 19.5918
95840 19.5962
95850 19.6026
95860 19.6117
95870 19.6341
95880 19.6742
95890 19.7126
95900 19.738
95910 19.7504
95920 19.7333
95930 19.6748
95940 19.6088
95950 19.5696
95960 19.5532
95970 19.5496
95980 19.562
95990 19.5881
96000 19.6142
96010 19.619
96020 19.5989
96030 19.5692
96040 19.5562
96050 19.5601
96060 19.5653
96070 19.572
96080 19.5875
96090 19.6087
96100 19.6285
96110 19.6323
96120 19.6216
96130 19.6139
96140 19.6082
96150 19.6124
96160 19.6493
96170 19.6911
96180 19.7121
96190 19.7152
96200 19.7224
96210 19.7515
96220 19.7855
96230 19.8286
96240 19.8822
96250 19.9499
96260 20.0285
96270 20.0823
96280 20.0862
96290 20.0479
96300 20.0014
96310 19.9645
96320 19.9297
96330 19.8751
96340 19.83
96350 19.8203
96360 19.8097
96370 19.7808
96380 19.7473
96390 19.7204
96400 19.7018
96410 19.6856
96420 19.6719
96430 19.6664
96440 19.6716
96450 19.6639
96460 19.642
96470 19.6302
96480 19.635
96490 19.6621
96500 19.723
96510 19.7888
96520 19.8162
96530 19.8158
96540 19.8028
96550 19.7699
96560 19.7375
96570 19.7312
96580 19.7282
96590 19.7184
96600 19.7116
96610 19.7141
96620 19.7179
96630 19.7108
96640 19.6988
96650 19.6844
96660 19.6557
96670 19.6266
96680 19.6211
96690 19.6407
96700 19.6806
96710 19.7197
96720 19.7508
96730 19.7808
96740 19.7911
96750 19.7764
96760 19.7502
96770 19.7289
96780 19.726
96790 19.7325
96800 19.7353
96810 19.7317
96820 19.7036
96830 19.6443
96840 19.5855
96850 19.5437
96860 19.4924
96870 19.4279
96880 19.3801
96890 19.3655
96900 19.3744
96910 19.4026
96920 19.4302
96930 19.4492
96940 19.4609
96950 19.4695
96960 19.4855
96970 19.5065
96980 19.5142
96990 19.5054
97000 19.4929
97010 19.4883
97020 19.489
97030 19.4822
97040 19.4846
97050 19.5167
97060 19.566
97070 19.6065
97080 19.6281
97090 19.6219
97100 19.5844
97110 19.5337
97120 19.4982
97130 19.4891
97140 19.5028
97150 19.5311
97160 19.5424
97170 19.5414
97180 19.5484
97190 19.5503
97200 19.5312
97210 19.5052
97220 19.4808
97230 19.465
97240 19.4649
97250 19.4942
97260 19.5719
97270 19.6674
97280 19.7078
97290 19.6878
97300 19.6437
97310 19.5917
97320 19.5525
97330 19.5602
97340 19.6094
97350 19.669
97360 19.7214
97370 19.7456
97380 19.7509
97390 19.7491
97400 19.7385
97410 19.7519
97420 19.8072
97430 19.8772
97440 19.9359
97450 19.9755
97460 19.9774
97470 19.9308
97480 19.8648
97490 19.8153
97500 19.8072
97510 19.8298
97520 19.8338
97530 19.7841
97540 19.7136
97550 19.6596
97560 19.6331
97570 19.6198
97580 19.6139
97590 19.6205
97600 19.6363
97610 19.6574
97620 19.6855
97630 19.7109
97640 19.6991
97650 19.6682
97660 19.6572
97670 19.67
97680 19.6837
97690 19.6892
97700 19.6955
97710 19.6994
97720 19.6941
97730 19.6727
97740 19.6399
97750 19.5974
97760 19.5727
97770 19.5878
97780 19.6167
97790 19.6417
97800 19.6669
97810 19.6927
97820 19.7172
97830 19.7244
97840 19.7068
97850 19.6791
97860 19.6701
97870 19.6709
97880 19.6647
97890 19.6582
97900 19.6667
97910 19.6811
97920 19.6857
97930 19.6692
97940 19.6455
97950 19.6417
97960 19.6506
97970 19.6426
97980 19.6263
97990 19.6327
98000 19.6598
98010 19.6914
98020 19.7237
98030 19.733
98040 19.6944
98050 19.648
98060 19.6253
98070 19.5963
98080 19.5495
98090 19.5007
98100 19.4733
98110 19.4633
98120 19.4417
98130 19.4047
98140 19.3806
98150 19.3874
98160 19.4118
98170 19.4445
98180 19.4813
98190 19.5224
98200 19.5512
98210 19.5444
98220 19.5076
98230 19.4724
98240 19.4615
98250 19.4751
98260 19.4952
98270 19.5106
98280 19.5224
98290 19.5197
98300 19.4935
98310 19.4624
98320 19.4339
98330 19.4113
98340 19.4032
98350 19.4024
98360 19.4032
98370 19.4167
98380 19.4264
98390 19.4067
98400 19.3687
98410 19.3473
98420 19.3473
98430 19.3677
98440 19.4081
98450 19.4548
98460 19.4879
98470 19.5071
98480 19.5299
98490 19.5561
98500 19.576
98510 19.5774
98520 19.5768
98530 19.5857
98540 19.5863
98550 19.5691
98560 19.5381
98570 19.4996
98580 19.4658
98590 19.4547
98600 19.463
98610 19.4913
98620 19.5532
98630 19.6372
98640 19.7042
98650 19.7438
98660 19.7659
98670 19.7601
98680 19.7345
98690 19.738
98700 19.7814
98710 19.8227
98720 19.8371
98730 19.8239
98740 19.7968
98750 19.7752
98760 19.7628
98770 19.7628
98780 19.7862
98790 19.8533
98800 19.949
98810 20.0215
98820 20.0422
98830 20.0304
98840 20.0169
98850 20.0102
98860 20.019
98870 20.0618
98880 20.1205
98890 20.1646
98900 20.1991
98910 20.2255
98920 20.2256
98930 20.1809
98940 20.1064
98950 20.0324
98960 19.9705
98970 19.9277
98980 19.9074
98990 19.9045
99000 19.9003
99010 19.8912
99020 19.887
99030 19.8813
99040 19.8789
99050 19.8992
99060 19.9332
99070 19.9378
99080 19.9046
99090 19.8686
99100 19.8588
99110 19.8718
99120 19.8885
99130 19.9033
99140 19.9147
99150 19.937
99160 19.9876
99170 20.0496
99180 20.1076
99190 20.1787
99200 20.2375
99210 20.2527
99220 20.2433
99230 20.2193
99240 20.1633
99250 20.0792
99260 19.998
99270 19.9367
99280 19.898
99290 19.8866
99300 19.8878
99310 19.8783
99320 19.8504
99330 19.8096
99340 19.7724
99350 19.758
99360 19.7662
99370 19.8009
99380 19.8515
99390 19.8916
99400 19.9079
99410 19.9022
99420 19.8972
99430 19.8971
99440 19.8924
99450 19.8849
99460 19.8691
99470 19.8653
99480 19.877
99490 19.8781
99500 19.8682
99510 19.8506
99520 19.8241
99530 19.8105
99540 19.8282
99550 19.8667
99560 19.9035
99570 19.9434
99580 19.9931
99590 20.0324
99600 20.0654
99610 20.1016
99620 20.1161
99630 20.1098
99640 20.1017
99650 20.1034
99660 20.1108
99670 20.1137
99680 20.0967
99690 20.0768
99700 20.0745
99710 20.0803
99720 20.0839
99730 20.086
99740 20.0712
99750 20.0291
99760 19.987
99770 19.9805
99780 20.0215
99790 20.0888
99800 20.1467
99810 20.182
99820 20.2065
99830 20.2347
99840 20.2623
99850 20.2681
99860 20.2559
99870 20.2354
99880 20.2134
99890 20.201
99900 20.1762
99910 20.1313
99920 20.0969
99930 20.0738
99940 20.0311
99950 19.9897
99960 19.9773
99970 19.9667
99980 19.9583
99990 19.9826
100000 20.017
100010 20.0263
100020 20.021
100030 20.0128
100040 20.0084
100050 20.0153
100060 20.0249
100070 20.0172
100080 19.9963
100090 19.9824
100100 19.9903
100110 20.0191
100120 20.0551
100130 20.078
100140 20.0946
100150 20.1064
100160 20.1054
100170 20.0966
100180 20.085
100190 20.0641
100200 20.0506
100210 20.059
100220 20.0681
100230 20.0647
100240 20.067
100250 20.073
100260 20.0614
100270 20.0468
100280 20.0613
100290 20.099
100300 20.1294
100310 20.1365
100320 20.1139
100330 20.0721
100340 20.0235
100350 19.9763
100360 19.9552
100370 19.988
100380 20.0525
100390 20.1009
100400 20.1251
100410 20.1375
100420 20.1392
100430 20.1361
100440 20.1341
100450 20.1401
100460 20.1506
100470 20.1472
100480 20.1226
100490 20.1098
100500 20.1222
100510 20.139
100520 20.1534
100530 20.1646
100540 20.1617
100550 20.1582
100560 20.1772
100570 20.2376
100580 20.3068
100590 20.3548
100600 20.39
100610 20.4297
100620 20.4558
100630 20.4627
100640 20.4515
100650 20.4153
100660 20.3664
100670 20.3164
100680 20.2773
100690 20.2555
100700 20.2544
100710 20.2595
100720 20.2573
100730 20.242
100740 20.213
100750 20.1729
100760 20.1265
100770 20.0905
100780 20.0812
100790 20.0725
100800 20.0344
100810 19.9913
100820 19.9584
100830 19.9198
100840 19.887
100850 19.8762
100860 19.879
100870 19.877
100880 19.8665
100890 19.8471
100900 19.8302
100910 19.8244
100920 19.8367
100930 19.8589
100940 19.8803
100950 19.8996
100960 19.9216
100970 19.9509
100980 19.9978
100990 20.0428
101000 20.0736
101010 20.1018
101020 20.1353
101030 20.1669
101040 20.1877
101050 20.2119
101060 20.2425
101070 20.2572
101080 20.261
101090 20.2611
101100 20.2566
101110 20.2444
101120 20.2423
101130 20.2477
101140 20.2319
101150 20.2041
101160 20.193
101170 20.1912
101180 20.1868
101190 20.2015
101200 20.224
101210 20.224
101220 20.2044
101230 20.1816
101240 20.1468
101250 20.109
101260 20.0919
101270 20.0916
101280 20.0953
101290 20.1043
101300 20.1101
101310 20.1024
101320 20.0843
101330 20.0701
101340 20.0526
101350 20.0353
101360 20.0218
101370 20.0082
101380 20.0069
101390 20.0199
101400 20.0213
101410 19.9963
101420 19.9688
101430 19.9588
101440 19.9641
101450 19.9946
101460 20.0359
101470 20.0522
101480 20.0277
101490 19.9819
101500 19.9309
101510 19.8956
101520 19.8944
101530 19.9183
101540 19.9413
101550 19.9668
101560 20.0047
101570 20.0287
101580 20.0372
101590 20.0533
101600 20.0632
101610 20.0519
101620 20.035
101630 20.0325
101640 20.0397
101650 20.052
101660 20.0774
101670 20.0998
101680 20.1025
101690 20.089
101700 20.056
101710 20.0119
101720 19.9837
101730 19.9684
101740 19.9459
101750 19.9182
101760 19.8928
101770 19.8728
101780 19.855
101790 19.8531
101800 19.8768
101810 19.9116
101820 19.9461
101830 19.9815
101840 20.0141
101850 20.0288
101860 20.0123
101870 19.974
101880 19.9369
101890 19.8998
101900 19.8581
101910 19.8361
101920 19.8431
101930 19.8564
101940 19.8626
101950 19.8555
101960 19.8327
101970 19.7924
101980 19.738
101990 19.6854
102000 19.6579
102010 19.6716
102020 19.7172
102030 19.776
102040 19.824
102050 19.841
102060 19.8277
102070 19.7922
102080 19.7463
102090 19.7127
102100 19.7075
102110 19.7341
102120 19.7806
102130 19.8207
102140 19.8559
102150 19.8955
102160 19.9043
102170 19.8688
102180 19.8351
102190 19.8262
102200 19.8371
102210 19.8703
102220 19.9002
102230 19.8835
102240 19.8486
102250 19.829
102260 19.8058
102270 19.7724
102280 19.7534
102290 19.7708
102300 19.8095
102310 19.8443
102320 19.8428
102330 19.7972
102340 19.7556
102350 19.7461
102360 19.7497
102370 19.7686
102380 19.8116
102390 19.8675
102400 19.9046
102410 19.9158
102420 19.9201
102430 19.9141
102440 19.8939
102450 19.8674
102460 19.8422
102470 19.8463
102480 19.885
102490 19.911
102500 19.9036
102510 19.9151
102520 19.9734
102530 20.0465
102540 20.1054
102550 20.1488
102560 20.1796
102570 20.1893
102580 20.1828
102590 20.1572
102600 20.1503
102610 20.1897
102620 20.2685
102630 20.363
102640 20.4452
102650 20.4939
102660 20.5141
102670 20.5171
102680 20.5003
102690 20.4683
102700 20.4376
102710 20.408
102720 20.3836
102730 20.3707
102740 20.3616
102750 20.3591
102760 20.3616
102770 20.3678
102780 20.3739
102790 20.3698
102800 20.35
102810 20.3346
102820 20.333
102830 20.3352
102840 20.3166
102850 20.2917
102860 20.2945
102870 20.3159
102880 20.3198
102890 20.3073
102900 20.2954
102910 20.2822
102920 20.2595
102930 20.2341
102940 20.2212
102950 20.2126
102960 20.2015
102970 20.1868
102980 20.1736
102990 20.1797
103000 20.1986
103010 20.2191
103020 20.225
103030 20.2094
103040 20.1765
103050 20.1349
103060 20.0924
103070 20.0446
103080 20.0036
103090 19.999
103100 20.0261
103110 20.0554
103120 20.0817
103130 20.118
103140 20.1407
103150 20.1252
103160 20.105
103170 20.1116
103180 20.1479
103190 20.2103
103200 20.2897
103210 20.3531
103220 20.3937
103230 20.4176
103240 20.4293
103250 20.4435
103260 20.4722
103270 20.5016
103280 20.5223
103290 20.5519
103300 20.5884
103310 20.6076
103320 20.6067
103330 20.608
103340 20.6227
103350 20.6356
103360 20.6371
103370 20.6356
103380 20.6484
103390 20.6886
103400 20.7282
103410 20.735
103420 20.7247
103430 20.7133
103440 20.6855
103450 20.6482
103460 20.6221
103470 20.617
103480 20.6327
103490 20.6542
103500 20.6479
103510 20.6113
103520 20.5585
103530 20.5015
103540 20.4587
103550 20.4345
103560 20.4328
103570 20.4521
103580 20.4756
103590 20.486
103600 20.4938
103610 20.5048
103620 20.5139
103630 20.5244
103640 20.5348
103650 20.5598
103660 20.6168
103670 20.6816
103680 20.7184
103690 20.7258
103700 20.7064
103710 20.6776
103720 20.6481
103730 20.6138
103740 20.5804
103750 20.5518
103760 20.5313
103770 20.5255
103780 20.5387
103790 20.5611
103800 20.5689
103810 20.5459
103820 20.5028
103830 20.4706
103840 20.4716
103850 20.512
103860 20.5544
103870 20.5729
103880 20.5684
103890 20.536
103900 20.4884
103910 20.4389
103920 20.3878
103930 20.3419
103940 20.3182
103950 20.3167
103960 20.3072
103970 20.2877
103980 20.2855
103990 20.2905
104000 20.2917
104010 20.3013
104020 20.331
104030 20.3676
104040 20.4085
104050 20.4533
104060 20.5048
104070 20.5709
104080 20.6454
104090 20.7057
104100 20.7299
104110 20.7296
104120 20.7268
104130 20.7188
104140 20.72
104150 20.7345
104160 20.7283
104170 20.7069
104180 20.7001
104190 20.7227
104200 20.7726
104210 20.8377
104220 20.9038
104230 20.961
104240 20.9802
104250 20.9358
104260 20.8765
104270 20.847
104280 20.82
104290 20.7794
104300 20.7344
104310 20.6823
104320 20.6382
104330 20.6299
104340 20.6488
104350 20.6811
104360 20.7108
104370 20.7204
104380 20.7128
104390 20.7037
104400 20.7126
104410 20.7243
104420 20.7251
104430 20.7076
104440 20.6852
104450 20.6781
104460 20.6789
104470 20.678
104480 20.6728
104490 20.669
104500 20.6581
104510 20.6389
104520 20.6118
104530 20.5611
104540 20.4896
104550 20.4398
104560 20.422
104570 20.4215
104580 20.4145
104590 20.3895
104600 20.3499
104610 20.3114
104620 20.3048
104630 20.3416
104640 20.4092
104650 20.4677
104660 20.4847
104670 20.464
104680 20.4234
104690 20.3856
104700 20.3697
104710 20.3766
104720 20.4052
104730 20.4531
104740 20.5221
104750 20.5829
104760 20.6135
104770 20.6336
104780 20.6514
104790 20.6575
104800 20.6605
104810 20.6885
104820 20.738
104830 20.7893
104840 20.8317
104850 20.8603
104860 20.877
104870 20.8856
104880 20.8874
104890 20.8855
104900 20.8751
104910 20.8597
104920 20.8454
104930 20.8201
104940 20.7581
104950 20.6766
104960 20.6027
104970 20.5341
104980 20.4699
104990 20.4274
105000 20.4196
105010 20.4285
105020 20.4326
105030 20.4089
105040 20.3601
105050 20.3175
105060 20.3105
105070 20.3404
105080 20.3773
105090 20.41
105100 20.4529
105110 20.5035
105120 20.5547
105130 20.6035
105140 20.6288
105150 20.6276
105160 20.6217
105170 20.6172
105180 20.6085
105190 20.608
105200 20.6179
105210 20.6255
105220 20.6472
105230 20.6937
105240 20.7562
105250 20.821
105260 20.8758
105270 20.9095
105280 20.9143
105290 20.8981
105300 20.8791
105310 20.8468
105320 20.7913
105330 20.725
105340 20.6684
105350 20.6336
105360 20.6168
105370 20.5997
105380 20.5577
105390 20.4909
105400 20.4279
105410 20.396
105420 20.4026
105430 20.4488
105440 20.5224
105450 20.6099
105460 20.6894
105470 20.7299
105480 20.7198
105490 20.7014
105500 20.705
105510 20.7192
105520 20.7287
105530 20.7551
105540 20.8088
105550 20.8553
105560 20.8741
105570 20.8755
105580 20.857
105590 20.8226
105600 20.8015
105610 20.8064
105620 20.805
105630 20.8024
105640 20.8084
105650 20.8068
105660 20.7905
105670 20.7914
105680 20.792
105690 20.7615
105700 20.7272
105710 20.7122
105720 20.707
105730 20.7177
105740 20.7488
105750 20.7912
105760 20.8395
105770 20.8838
105780 20.8941
105790 20.8644
105800 20.8156
105810 20.7782
105820 20.7759
105830 20.8121
105840 20.8664
105850 20.9207
105860 20.9656
105870 20.9794
105880 20.9581
105890 20.9195
105900 20.898
105910 20.918
105920 20.9572
105930 20.9967
105940 21.032
105950 21.081
105960 21.152
105970 21.1857
105980 21.1454
105990 21.0892
106000 21.058
106010 21.0285
106020 20.9989
106030 20.9992
106040 21.012
106050 21.023
106060 21.0431
106070 21.0746
106080 21.1095
106090 21.1394
106100 21.1476
106110 21.1384
106120 21.1285
106130 21.1139
106140 21.0931
106150 21.0672
106160 21.046
106170 21.0445
106180 21.0697
106190 21.0996
106200 21.1162
106210 21.1131
106220 21.0814
106230 21.0282
106240 20.9696
106250 20.9331
106260 20.9209
106270 20.9237
106280 20.9284
106290 20.9351
106300 20.9428
106310 20.9467
106320 20.947
106330 20.9314
106340 20.8873
106350 20.8312
106360 20.7951
106370 20.7778
106380 20.7669
106390 20.7773
106400 20.81
106410 20.8394
106420 20.8478
106430 20.8305
106440 20.7961
106450 20.7645
106460 20.7489
106470 20.7676
106480 20.8067
106490 20.8404
106500 20.8451
106510 20.8235
106520 20.7937
106530 20.7673
106540 20.7474
106550 20.7338
106560 20.7454
106570 20.7879
106580 20.8486
106590 20.9091
106600 20.9656
106610 21.0195
106620 21.0534
106630 21.0534
106640 21.0354
106650 21.0293
106660 21.036
106670 21.0603
106680 21.1042
106690 21.1277
106700 21.0908
106710 21.0156
106720 20.9445
106730 20.877
106740 20.8137
106750 20.7793
106760 20.7774
106770 20.7993
106780 20.8166
106790 20.7967
106800 20.7645
106810 20.762
106820 20.7878
106830 20.8146
106840 20.8332
106850 20.85
106860 20.8448
106870 20.8164
106880 20.7909
106890 20.7809
106900 20.7793
106910 20.7837
106920 20.7927
106930 20.781
106940 20.7501
106950 20.7295
106960 20.7177
106970 20.6843
106980 20.634
106990 20.5799
107000 20.5359
107010 20.5091
107020 20.4824
107030 20.4438
107040 20.4031
107050 20.3558
107060 20.3106
107070 20.2955
107080 20.3071
107090 20.3227
107100 20.3492
107110 20.3754
107120 20.3829
107130 20.3811
107140 20.3879
107150 20.3894
107160 20.3829
107170 20.3893
107180 20.3991
107190 20.3949
107200 20.3943
107210 20.4266
107220 20.4712
107230 20.5026
107240 20.5259
107250 20.5548
107260 20.5905
107270 20.5998
107280 20.5821
107290 20.582
107300 20.5964
107310 20.5959
107320 20.5939
107330 20.6021
107340 20.6379
107350 20.7113
107360 20.8002
107370 20.8695
107380 20.8963
107390 20.8891
107400 20.866
107410 20.8314
107420 20.794
107430 20.7695
107440 20.7679
107450 20.7913
107460 20.8289
107470 20.8722
107480 20.9183
107490 20.9642
107500 21.0119
107510 21.0315
107520 21.0239
107530 21.0018
107540 20.9836
107550 20.9739
107560 20.9715
107570 20.997
107580 21.04
107590 21.0747
107600 21.111
107610 21.1567
107620 21.199
107630 21.2259
107640 21.2403
107650 21.2471
107660 21.2472
107670 21.2471
107680 21.2494
107690 21.2549
107700 21.2783
107710 21.2889
107720 21.2625
107730 21.2258
107740 21.1873
107750 21.1594
107760 21.1688
107770 21.206
107780 21.2462
107790 21.2813
107800 21.309
107810 21.3162
107820 21.2975
107830 21.2701
107840 21.2412
107850 21.2299
107860 21.2398
107870 21.257
107880 21.2743
107890 21.2836
107900 21.2854
107910 21.2859
107920 21.282
107930 21.2847
107940 21.3072
107950 21.3376
107960 21.371
107970 21.4222
107980 21.4779
107990 21.523
108000 21.5674
108010 21.6139
108020 21.6375
108030 21.623
108040 21.5634
108050 21.4936
108060 21.4513
108070 21.429
108080 21.4239
108090 21.4335
108100 21.445
108110 21.4523
108120 21.4603
108130 21.4617
108140 21.4483
108150 21.4257
108160 21.3988
108170 21.3713
108180 21.3695
108190 21.4036
108200 21.4516
108210 21.5141
108220 21.5812
108230 21.6216
108240 21.6422
108250 21.6677
108260 21.6723
108270 21.6231
108280 21.5542
108290 21.5067
108300 21.488
108310 21.4873
108320 21.509
108330 21.5505
108340 21.5855
108350 21.6101
108360 21.6134
108370 21.5902
108380 21.5636
108390 21.5567
108400 21.5543
108410 21.5473
108420 21.5348
108430 21.5251
108440 21.5247
108450 21.5157
108460 21.5031
108470 21.4893
108480 21.4594
108490 21.4279
108500 21.4106
108510 21.3698
108520 21.32
108530 21.3152
108540 21.3494
108550 21.3865
108560 21.4041
108570 21.4034
108580 21.3878
108590 21.3431
108600 21.3043
108610 21.3117
108620 21.3523
108630 21.3837
108640 21.384
108650 21.3682
108660 21.348
108670 21.3279
108680 21.3027
108690 21.2741
108700 21.2374
108710 21.1933
108720 21.1508
108730 21.1152
108740 21.0699
108750 21.0167
108760 20.9622
108770 20.9029
108780 20.8468
108790 20.7991
108800 20.7388
108810 20.6878
108820 20.6634
108830 20.6493
108840 20.6415
108850 20.6279
108860 20.5749
108870 20.4997
108880 20.4437
108890 20.4078
108900 20.38
108910 20.3489
108920 20.3041
108930 20.2764
108940 20.2946
108950 20.3303
108960 20.3352
108970 20.3179
108980 20.3332
108990 20.3802
109000 20.4167
109010 20.4263
109020 20.4228
109030 20.4086
109040 20.3848
109050 20.3604
109060 20.34
109070 20.3429
109080 20.37
109090 20.401
109100 20.4172
109110 20.4122
109120 20.3796
109130 20.3409
109140 20.3315
109150 20.3499
109160 20.3859
109170 20.4315
109180 20.4554
109190 20.4545
109200 20.4578
109210 20.4659
109220 20.47
109230 20.4858
109240 20.5362
109250 20.6129
109260 20.6905
109270 20.7528
109280 20.7723
109290 20.7519
109300 20.74
109310 20.7629
109320 20.7957
109330 20.821
109340 20.8383
109350 20.8557
109360 20.8771
109370 20.8813
109380 20.8217
109390 20.7147
109400 20.6161
109410 20.5459
109420 20.5118
109430 20.5301
109440 20.5775
109450 20.6089
109460 20.6083
109470 20.5808
109480 20.5436
109490 20.5089
109500 20.477
109510 20.4507
109520 20.4491
109530 20.4913
109540 20.5569
109550 20.6184
109560 20.6702
109570 20.7098
109580 20.7347
109590 20.7557
109600 20.7809
109610 20.7985
109620 20.8086
109630 20.8301
109640 20.8505
109650 20.8607
109660 20.8703
109670 20.8898
109680 20.9055
109690 20.9077
109700 20.9133
109710 20.9322
109720 20.9564
109730 20.982
109740 21.0142
109750 21.06
109760 21.1156
109770 21.1659
109780 21.2122
109790 21.251
109800 21.2816
109810 21.3078
109820 21.3414
109830 21.3693
109840 21.3714
109850 21.3471
109860 21.304
109870 21.2509
109880 21.2187
109890 21.2286
109900 21.2597
109910 21.2894
109920 21.3112
109930 21.3169
109940 21.306
109950 21.2908
109960 21.2748
109970 21.2701
109980 21.2846
109990 21.2898
110000 21.2727
110010 21.27
110020 21.2907
110030 21.3077
110040 21.3263
110050 21.3579
110060 21.3873
110070 21.4048
110080 21.4108
110090 21.3959
110100 21.3524
110110 21.3137
110120 21.316
110130 21.34
110140 21.3579
110150 21.3708
110160 21.3852
110170 21.3942
110180 21.4029
110190 21.4284
110200 21.466
110210 21.5032
110220 21.5355
110230 21.556
110240 21.5531
110250 21.5364
110260 21.5301
110270 21.5285
110280 21.5311
110290 21.5536
110300 21.5747
110310 21.5673
110320 21.5574
110330 21.5612
110340 21.5659
110350 21.5726
110360 21.5881
110370 21.5946
110380 21.571
110390 21.5387
110400 21.5369
110410 21.5552
110420 21.5844
110430 21.6319
110440 21.6781
110450 21.704
110460 21.7169
110470 21.7217
110480 21.7229
110490 21.7277
110500 21.7396
110510 21.7479
110520 21.7444
110530 21.7274
110540 21.7053
110550 21.6819
110560 21.6785
110570 21.6879
110580 21.6869
110590 21.6781
110600 21.6674
110610 21.6619
110620 21.6537
110630 21.6265
110640 21.5991
110650 21.605
110660 21.635
110670 21.6574
110680 21.6552
110690 21.6397
110700 21.6184
110710 21.5982
110720 21.5922
110730 21.5975
110740 21.6179
110750 21.658
110760 21.6885
110770 21.6915
110780 21.6892
110790 21.6876
110800 21.675
110810 21.6675
110820 21.6788
110830 21.7097
110840 21.7323
110850 21.7361
110860 21.741
110870 21.7621
110880 21.7806
110890 21.7669
110900 21.7279
110910 21.6893
110920 21.6657
110930 21.6672
110940 21.6808
110950 21.658
110960 21.5971
110970 21.531
110980 21.4574
110990 21.3764
111000 21.3208
111010 21.2957
111020 21.2792
111030 21.268
111040 21.2558
111050 21.2474
111060 21.2411
111070 21.2228
111080 21.1993
111090 21.1914
111100 21.2076
111110 21.2294
111120 21.2468
111130 21.2621
111140 21.2732
111150 21.2932
111160 21.3455
111170 21.4107
111180 21.4383
111190 21.4445
111200 21.4481
111210 21.4342
111220 21.4079
111230 21.3871
111240 21.3771
111250 21.3789
111260 21.3957
111270 21.4218
111280 21.4478
111290 21.4414
111300 21.3843
111310 21.317
111320 21.2833
111330 21.2818
111340 21.2929
111350 21.3132
111360 21.3417
111370 21.3701
111380 21.3948
111390 21.4024
111400 21.3843
111410 21.3664
111420 21.3717
111430 21.4022
111440 21.4536
111450 21.5268
111460 21.6091
111470 21.6633
111480 21.6756
111490 21.6584
111500 21.6246
111510 21.5833
111520 21.5684
111530 21.5943
111540 21.6298
111550 21.6723
111560 21.7196
111570 21.7636
111580 21.8023
111590 21.8371
111600 21.8573
111610 21.8445
111620 21.8171
111630 21.7875
111640 21.7407
111650 21.687
111660 21.6506
111670 21.6284
111680 21.6159
111690 21.6113
111700 21.6098
111710 21.6158
111720 21.6473
111730 21.6875
111740 21.7062
111750 21.7048
111760 21.6997
111770 21.6937
111780 21.6815
111790 21.6725
111800 21.6616
111810 21.644
111820 21.6402
111830 21.6643
111840 21.6923
111850 21.7003
111860 21.6667
111870 21.5947
111880 21.5177
111890 21.4693
111900 21.4497
111910 21.455
111920 21.4847
111930 21.525
111940 21.5589
111950 21.562
111960 21.5187
111970 21.4701
111980 21.454
111990 21.4699
112000 21.5006
112010 21.5334
112020 21.5567
112030 21.5526
112040 21.524
112050 21.502
112060 21.5051
112070 21.5237
112080 21.5627
112090 21.6381
112100 21.7127
112110 21.7443
112120 21.7346
112130 21.6964
112140 21.6298
112150 21.5534
112160 21.4848
112170 21.4561
112180 21.4661
112190 21.4941
112200 21.5234
112210 21.538
112220 21.524
112230 21.4806
112240 21.4258
112250 21.377
112260 21.331
112270 21.2896
112280 21.274
112290 21.2844
112300 21.2683
112310 21.2211
112320 21.1782
112330 21.1413
112340 21.1108
112350 21.1064
112360 21.1442
112370 21.2053
112380 21.2555
112390 21.2636
112400 21.2211
112410 21.1749
112420 21.1627
112430 21.1767
112440 21.1925
112450 21.2038
112460 21.2241
112470 21.2591
112480 21.3004
112490 21.3286
112500 21.335
112510 21.3218
112520 21.2966
112530 21.2783
112540 21.2854
112550 21.3097
112560 21.3459
112570 21.3919
112580 21.4318
112590 21.4558
112600 21.4821
112610 21.518
112620 21.5396
112630 21.541
112640 21.5293
112650 21.5097
112660 21.4941
112670 21.4808
112680 21.4782
112690 21.51
112700 21.5449
112710 21.54
112720 21.5047
112730 21.4569
112740 21.404
112750 21.3628
112760 21.3467
112770 21.3697
112780 21.4382
112790 21.5414
112800 21.6353
112810 21.6928
112820 21.7264
112830 21.7343
112840 21.7266
112850 21.7232
112860 21.72
112870 21.7214
112880 21.7406
112890 21.7764
112900 21.7895
112910 21.7715
112920 21.7485
112930 21.7391
112940 21.7531
112950 21.7933
112960 21.8467
112970 21.9047
112980 21.9495
112990 21.9634
113000 21.9443
113010 21.8961
113020 21.8457
113030 21.807
113040 21.7786
113050 21.7563
113060 21.7531
113070 21.7686
113080 21.7803
113090 21.7791
113100 21.7693
113110 21.7417
113120 21.6941
113130 21.6523
113140 21.6104
113150 21.5447
113160 21.4742
113170 21.436
113180 21.4112
113190 21.4034
113200 21.4262
113210 21.457
113220 21.4803
113230 21.5282
113240 21.5931
113250 21.635
113260 21.6609
113270 21.6951
113280 21.7286
113290 21.7517
113300 21.7882
113310 21.8364
113320 21.886
113330 21.9424
113340 21.9752
113350 21.9505
113360 21.8837
113370 21.807
113380 21.7374
113390 21.6981
113400 21.7065
113410 21.7327
113420 21.7364
113430 21.7269
113440 21.7215
113450 21.7159
113460 21.7018
113470 21.69
113480 21.7135
113490 21.769
113500 21.7968
113510 21.7533
113520 21.6668
113530 21.5857
113540 21.5315
113550 21.5061
113560 21.4945
113570 21.4973
113580 21.5174
113590 21.5287
113600 21.4959
113610 21.425
113620 21.3596
113630 21.3224
113640 21.3027
113650 21.2887
113660 21.287
113670 21.2974
113680 21.3057
113690 21.3196
113700 21.3611
113710 21.4104
113720 21.4422
113730 21.4597
113740 21.4686
113750 21.4691
113760 21.4676
113770 21.4556
113780 21.4311
113790 21.3873
113800 21.3388
113810 21.3095
113820 21.2982
113830 21.2787
113840 21.2638
113850 21.2506
113860 21.2094
113870 21.1544
113880 21.1121
113890 21.0783
113900 21.0639
113910 21.0803
113920 21.1275
113930 21.1795
113940 21.2062
113950 21.208
113960 21.2024
113970 21.2032
113980 21.201
113990 21.1994
114000 21.2083
114010 21.2221
114020 21.2484
114030 21.2925
114040 21.3335
114050 21.3435
114060 21.3288
114070 21.29
114080 21.2386
114090 21.2018
114100 21.1941
114110 21.2061
114120 21.242
114130 21.2981
114140 21.3441
114150 21.3487
114160 21.3082
114170 21.2557
114180 21.2113
114190 21.1738
114200 21.1526
114210 21.1656
114220 21.2003
114230 21.226
114240 21.2374
114250 21.2409
114260 21.2279
114270 21.2105
114280 21.209
114290 21.2155
114300 21.2211
114310 21.2312
114320 21.2334
114330 21.2229
114340 21.2242
114350 21.2446
114360 21.2595
114370 21.2686
114380 21.2905
114390 21.3218
114400 21.3515
114410 21.3664
114420 21.3656
114430 21.3567
114440 21.3461
114450 21.3158
114460 21.283
114470 21.2796
114480 21.301
114490 21.3249
114500 21.3476
114510 21.363
114520 21.3484
114530 21.2822
114540 21.1946
114550 21.1319
114560 21.0932
114570 21.0659
114580 21.0521
114590 21.0498
114600 21.0416
114610 21.0362
114620 21.0396
114630 21.0406
114640 21.0403
114650 21.0397
114660 21.0357
114670 21.0518
114680 21.0871
114690 21.1145
114700 21.1449
114710 21.1722
114720 21.1754
114730 21.1756
114740 21.2127
114750 21.2821
114760 21.3404
114770 21.3787
114780 21.4243
114790 21.4666
114800 21.471
114810 21.4432
114820 21.4127
114830 21.3807
114840 21.3551
114850 21.3529
114860 21.3638
114870 21.3874
114880 21.4405
114890 21.5024
114900 21.5208
114910 21.4893
114920 21.4404
114930 21.3925
114940 21.3524
114950 21.3419
114960 21.3605
114970 21.3946
114980 21.4321
114990 21.4589
115000 21.4756
115010 21.4748
115020 21.4604
115030 21.4515
115040 21.4646
115050 21.5053
115060 21.5678
115070 21.6242
115080 21.6515
115090 21.6548
115100 21.6335
115110 21.5747
115120 21.5108
115130 21.4672
115140 21.4199
115150 21.3801
115160 21.3847
115170 21.3985
115180 21.3658
115190 21.284
115200 21.1767
115210 21.0831
115220 21.0222
115230 20.9844
115240 20.96
115250 20.9553
115260 20.9693
115270 20.9744
115280 20.9511
115290 20.924
115300 20.8988
115310 20.8621
115320 20.8452
115330 20.8692
115340 20.896
115350 20.9036
115360 20.891
115370 20.8643
115380 20.8483
115390 20.8597
115400 20.8835
115410 20.898
115420 20.9215
115430 20.9578
115440 20.9729
115450 20.9572
115460 20.938
115470 20.9256
115480 20.9379
115490 20.987
115500 21.0394
115510 21.0585
115520 21.0615
115530 21.0675
115540 21.0632
115550 21.0473
115560 21.037
115570 21.0503
115580 21.0947
115590 21.1403
115600 21.1657
115610 21.1636
115620 21.1376
115630 21.1062
115640 21.0818
115650 21.0634
115660 21.0547
115670 21.0756
115680 21.1036
115690 21.1279
115700 21.1712
115710 21.2165
115720 21.2188
115730 21.1869
115740 21.1453
115750 21.1055
115760 21.0728
115770 21.0716
115780 21.1026
115790 21.1355
115800 21.1437
115810 21.1337
115820 21.1152
115830 21.1175
115840 21.1399
115850 21.177
115860 21.2249
115870 21.271
115880 21.3133
115890 21.3457
115900 21.3744
115910 21.4012
115920 21.43
115930 21.4622
115940 21.5005
115950 21.532
115960 21.5364
115970 21.5241
115980 21.5157
115990 21.5158
116000 21.5094
116010 21.4904
116020 21.4803
116030 21.4865
116040 21.4929
116050 21.4798
116060 21.4463
116070 21.4188
116080 21.4106
116090 21.4178
116100 21.4459
116110 21.4685
116120 21.4517
116130 21.4064
116140 21.3586
116150 21.3189
116160 21.293
116170 21.281
116180 21.2669
116190 21.2592
116200 21.2615
116210 21.2536
116220 21.244
116230 21.2522
116240 21.2599
116250 21.2593
116260 21.2628
116270 21.279
116280 21.3004
116290 21.3229
116300 21.3444
116310 21.347
116320 21.3354
116330 21.3274
116340 21.3331
116350 21.3508
116360 21.3699
116370 21.3928
116380 21.4227
116390 21.4397
116400 21.4251
116410 21.396
116420 21.3736
116430 21.3676
116440 21.3786
116450 21.4037
116460 21.4346
116470 21.4501
116480 21.4279
116490 21.3773
116500 21.3319
116510 21.3062
116520 21.2914
116530 21.3032
116540 21.3508
116550 21.4193
116560 21.4859
116570 21.5194
116580 21.5176
116590 21.4997
116600 21.4868
116610 21.4819
116620 21.4679
116630 21.4443
116640 21.4287
116650 21.4241
116660 21.4075
116670 21.3862
116680 21.3648
116690 21.3314
116700 21.3131
116710 21.3265
116720 21.3638
116730 21.4028
116740 21.4238
116750 21.4349
116760 21.4598
116770 21.4966
116780 21.5203
116790 21.5301
116800 21.5334
116810 21.5253
116820 21.5189
116830 21.5235
116840 21.5344
116850 21.526
116860 21.5058
116870 21.4969
116880 21.4726
116890 21.4203
116900 21.3653
116910 21.3177
116920 21.275
116930 21.2502
116940 21.2479
116950 21.2518
116960 21.234
116970 21.1834
116980 21.1302
116990 21.1143
117000 21.148
117010 21.2001
117020 21.2416
117030 21.2631
117040 21.264
117050 21.2504
117060 21.2354
117070 21.2119
117080 21.183
117090 21.1585
117100 21.1431
117110 21.145
117120 21.1666
117130 21.2082
117140 21.2468
117150 21.2547
117160 21.253
117170 21.2625
117180 21.2574
117190 21.2226
117200 21.1793
117210 21.1432
117220 21.13
117230 21.1491
117240 21.1925
117250 21.2445
117260 21.2785
117270 21.2842
117280 21.2711
117290 21.2532
117300 21.2474
117310 21.2625
117320 21.3009
117330 21.3423
117340 21.3496
117350 21.3256
117360 21.3135
117370 21.3238
117380 21.3515
117390 21.3906
117400 21.4367
117410 21.4837
117420 21.5192
117430 21.5478
117440 21.555
117450 21.5436
117460 21.5521
117470 21.5691
117480 21.5742
117490 21.5934
117500 21.6279
117510 21.635
117520 21.6194
117530 21.6204
117540 21.6476
117550 21.6858
117560 21.7185
117570 21.7392
117580 21.7549
117590 21.7741
117600 21.765
117610 21.7243
117620 21.6915
117630 21.6921
117640 21.7181
117650 21.7486
117660 21.7691
117670 21.7788
117680 21.7831
117690 21.758
117700 21.7003
117710 21.6322
117720 21.5903
117730 21.5935
117740 21.6187
117750 21.6312
117760 21.6395
117770 21.6505
117780 21.666
117790 21.6977
117800 21.7391
117810 21.7592
117820 21.7563
117830 21.7426
117840 21.7188
117850 21.6915
117860 21.6681
117870 21.6524
117880 21.652
117890 21.6856
117900 21.7352
117910 21.7608
117920 21.7688
117930 21.7643
117940 21.7476
117950 21.7344
117960 21.7193
117970 21.6887
117980 21.6808
117990 21.7275
118000 21.7823
118010 21.8077
118020 21.8154
118030 21.8143
118040 21.8024
118050 21.7796
118060 21.754
118070 21.7389
118080 21.7484
118090 21.7834
118100 21.8152
118110 21.8057
118120 21.7636
118130 21.723
118140 21.709
118150 21.7172
118160 21.7363
118170 21.7666
118180 21.7935
118190 21.7957
118200 21.7744
118210 21.7405
118220 21.6982
118230 21.6567
118240 21.6472
118250 21.6861
118260 21.7483
118270 21.8059
118280 21.8504
118290 21.8771
118300 21.8976
118310 21.9188
118320 21.933
118330 21.9168
118340 21.8794
118350 21.8458
118360 21.8234
118370 21.8195
118380 21.8322
118390 21.8647
118400 21.8933
118410 21.894
118420 21.8764
118430 21.8625
118440 21.8497
118450 21.8241
118460 21.7872
118470 21.7394
118480 21.6892
118490 21.6484
118500 21.6023
118510 21.5449
118520 21.5057
118530 21.4842
118540 21.4616
118550 21.4447
118560 21.4379
118570 21.4272
118580 21.416
118590 21.4103
118600 21.4019
118610 21.3883
118620 21.382
118630 21.3701
118640 21.3282
118650 21.2631
118660 21.228
118670 21.2528
118680 21.313
118690 21.3654
118700 21.3985
118710 21.3985
118720 21.3573
118730 21.3021
118740 21.2668
118750 21.2568
118760 21.2663
118770 21.2864
118780 21.3137
118790 21.3445
118800 21.3847
118810 21.423
118820 21.4559
118830 21.4809
118840 21.4986
118850 21.5063
118860 21.5057
118870 21.5047
118880 21.5142
118890 21.5322
118900 21.5496
118910 21.547
118920 21.5167
118930 21.4903
118940 21.4744
118950 21.4584
118960 21.4419
118970 21.421
118980 21.3885
118990 21.3532
119000 21.3256
119010 21.2986
119020 21.2765
119030 21.2594
119040 21.2348
119050 21.2033
119060 21.1759
119070 21.1638
119080 21.161
119090 21.1646
119100 21.1518
119110 21.1326
119120 21.1281
119130 21.1421
119140 21.1712
119150 21.2208
119160 21.2831
119170 21.3206
119180 21.334
119190 21.3522
119200 21.3804
119210 21.3865
119220 21.3626
119230 21.3325
119240 21.3115
119250 21.2941
119260 21.279
119270 21.2756
119280 21.266
119290 21.2438
119300 21.2378
119310 21.2598
119320 21.307
119330 21.3575
119340 21.3943
119350 21.421
119360 21.4327
119370 21.4128
119380 21.3698
119390 21.3359
119400 21.3278
119410 21.3273
119420 21.3236
119430 21.3179
119440 21.307
119450 21.2927
119460 21.2865
119470 21.2933
119480 21.311
119490 21.3384
119500 21.3696
119510 21.3966
119520 21.4177
119530 21.4188
119540 21.4011
119550 21.4019
119560 21.4347
119570 21.4947
119580 21.5775
119590 21.6794
119600 21.7818
119610 21.849
119620 21.8675
119630 21.849
119640 21.8202
119650 21.8234
119660 21.8706
119670 21.9208
119680 21.9616
119690 22.0031
119700 22.027
119710 22.0305
119720 22.0351
119730 22.0346
119740 22.0219
119750 22.0159
119760 22.032
119770 22.0623
119780 22.0754
119790 22.0624
119800 22.0373
119810 22.0041
119820 21.9764
119830 21.9866
119840 22.0432
119850 22.1312
119860 22.2319
119870 22.314
119880 22.3373
119890 22.3166
119900 22.3001
119910 22.2905
119920 22.2862
119930 22.3047
119940 22.3475
119950 22.3919
119960 22.4004
119970 22.3629
119980 22.3116
119990 22.2778
120000 22.2655
120010 22.2635
120020 22.2662
120030 22.2858
120040 22.3209
120050 22.3658
120060 22.3978
120070 22.4037
120080 22.3834
120090 22.356
120100 22.3444
120110 22.349
120120 22.3586
120130 22.3637
120140 22.3757
120150 22.3986
120160 22.4186
120170 22.4097
120180 22.3814
120190 22.3588
120200 22.3441
120210 22.3421
120220 22.3521
120230 22.3671
120240 22.3767
120250 22.3597
120260 22.3137
120270 22.2706
120280 22.2494
120290 22.2384
120300 22.2186
120310 22.1939
120320 22.1737
120330 22.171
120340 22.17
120350 22.1321
120360 22.0648
120370 22.0231
120380 22.0284
120390 22.0587
120400 22.0966
120410 22.1201
120420 22.1243
120430 22.125
120440 22.1175
120450 22.0999
120460 22.0763
120470 22.0572
120480 22.0698
120490 22.1105
120500 22.1666
120510 22.2279
120520 22.2826
120530 22.3309
120540 22.364
120550 22.3771
120560 22.3786
120570 22.3784
120580 22.3812
120590 22.3939
120600 22.4283
120610 22.4815
120620 22.5195
120630 22.5326
120640 22.5305
120650 22.5197
120660 22.4965
120670 22.4824
120680 22.4936
120690 22.5169
120700 22.5502
120710 22.5764
120720 22.5602
120730 22.504
120740 22.4199
120750 22.3418
120760 22.3071
120770 22.2917
120780 22.2585
120790 22.2205
120800 22.1926
120810 22.1648
120820 22.1497
120830 22.1402
120840 22.1232
120850 22.1221
120860 22.1346
120870 22.1432
120880 22.1615
120890 22.2018
120900 22.2414
120910 22.2692
120920 22.3034
120930 22.3366
120940 22.3467
120950 22.344
120960 22.3469
120970 22.3401
120980 22.3208
120990 22.3044
121000 22.2898
121010 22.2541
121020 22.2096
121030 22.1904
121040 22.1947
121050 22.1931
121060 22.197
121070 22.2115
121080 22.2271
121090 22.2494
121100 22.2772
121110 22.2752
121120 22.2365
121130 22.1891
121140 22.1472
121150 22.1314
121160 22.1465
121170 22.1798
121180 22.2215
121190 22.2593
121200 22.2808
121210 22.2964
121220 22.3081
121230 22.3085
121240 22.3078
121250 22.3243
121260 22.3451
121270 22.3582
121280 22.363
121290 22.365
121300 22.3681
121310 22.3821
121320 22.4106
121330 22.4421
121340 22.4519
121350 22.4448
121360 22.4308
121370 22.405
121380 22.3794
121390 22.3679
121400 22.3734
121410 22.3748
121420 22.3413
121430 22.2829
121440 22.2375
121450 22.2239
121460 22.2361
121470 22.2637
121480 22.2924
121490 22.3066
121500 22.3051
121510 22.2922
121520 22.2738
121530 22.2546
121540 22.226
121550 22.206
121560 22.1914
121570 22.1843
121580 22.2187
121590 22.2836
121600 22.3238
121610 22.3214
121620 22.2945
121630 22.275
121640 22.2841
121650 22.3223
121660 22.3648
121670 22.3957
121680 22.4386
121690 22.4798
121700 22.5
121710 22.5179
121720 22.5125
121730 22.4644
121740 22.408
121750 22.3733
121760 22.3584
121770 22.3706
121780 22.393
121790 22.3979
121800 22.3886
121810 22.3823
121820 22.3723
121830 22.3406
121840 22.3
121850 22.2628
121860 22.2326
121870 22.215
121880 22.2092
121890 22.2233
121900 22.2582
121910 22.2982
121920 22.3189
121930 22.3106
121940 22.2991
121950 22.306
121960 22.3472
121970 22.4199
121980 22.5019
121990 22.5721
122000 22.6222
122010 22.6532
122020 22.6603
122030 22.6431
122040 22.6136
122050 22.5884
122060 22.5601
122070 22.5226
122080 22.469
122090 22.4041
122100 22.3543
122110 22.3453
122120 22.3396
122130 22.3063
122140 22.2621
122150 22.2289
122160 22.1981
122170 22.1621
122180 22.1258
122190 22.0948
122200 22.0873
122210 22.108
122220 22.1305
122230 22.1265
122240 22.0998
122250 22.0595
122260 22.0273
122270 22.0202
122280 22.033
122290 22.0322
122300 22.0116
122310 21.9972
122320 22.0049
122330 22.0284
122340 22.0712
122350 22.118
122360 22.1619
122370 22.2165
122380 22.2824
122390 22.3327
122400 22.3541
122410 22.3657
122420 22.3631
122430 22.3371
122440 22.3084
122450 22.2781
122460 22.2435
122470 22.2258
122480 22.2344
122490 22.2374
122500 22.2093
122510 22.167
122520 22.1335
122530 22.1163
122540 22.1125
122550 22.1303
122560 22.1644
122570 22.2019
122580 22.233
122590 22.2427
122600 22.2141
122610 22.153
122620 22.0919
122630 22.0482
122640 22.0216
122650 22.0086
122660 22.0105
122670 22.0256
122680 22.041
122690 22.0214
122700 21.9559
122710 21.8612
122720 21.7666
122730 21.7005
122740 21.6844
122750 21.7106
122760 21.7472
122770 21.7803
122780 21.801
122790 21.7955
122800 21.7577
122810 21.7012
122820 21.6626
122830 21.6557
122840 21.672
122850 21.703
122860 21.7459
122870 21.7917
122880 21.8483
122890 21.8985
122900 21.9187
122910 21.9466
122920 21.9862
122930 22.0121
122940 22.0206
122950 22.0126
122960 21.9799
122970 21.9427
122980 21.9374
122990 21.9735
123000 22.0278
123010 22.0812
123020 22.1118
123030 22.1007
123040 22.0668
123050 22.0355
123060 22.0132
123070 21.9945
123080 21.9787
123090 21.9698
123100 21.9654
123110 21.9593
123120 21.948
123130 21.9438
123140 21.949
123150 21.9385
123160 21.9075
123170 21.8772
123180 21.8562
123190 21.8451
123200 21.8543
123210 21.8896
123220 21.9357
123230 21.9825
123240 22.0218
123250 22.0364
123260 22.0319
123270 22.0257
123280 22.0163
123290 22.0009
123300 21.9925
123310 21.986
123320 21.9543
123330 21.9237
123340 21.9165
123350 21.9195
123360 21.9232
123370 21.9417
123380 21.9826
123390 22.0233
123400 22.0236
123410 21.9978
123420 21.9718
123430 21.9414
123440 21.92
123450 21.9159
123460 21.9064
123470 21.8824
123480 21.8763
123490 21.9077
123500 21.9512
123510 21.9873
123520 22.0247
123530 22.0666
123540 22.0964
123550 22.1164
123560 22.1484
123570 22.188
123580 22.2151
123590 22.2388
123600 22.2609
123610 22.2834
123620 22.3071
123630 22.3298
123640 22.3391
123650 22.329
123660 22.3128
123670 22.2922
123680 22.2618
123690 22.2338
123700 22.2164
123710 22.2031
123720 22.1791
123730 22.1482
123740 22.1393
123750 22.1474
123760 22.1498
123770 22.147
123780 22.1563
123790 22.1818
123800 22.2155
123810 22.2317
123820 22.2284
123830 22.2142
123840 22.2087
123850 22.2292
123860 22.263
123870 22.3037
123880 22.3471
123890 22.3765
123900 22.3856
123910 22.3628
123920 22.3088
123930 22.2528
123940 22.2253
123950 22.2232
123960 22.2373
123970 22.2671
123980 22.2901
123990 22.2879
124000 22.2611
124010 22.2163
124020 22.1714
124030 22.1381
124040 22.1189
124050 22.1338
124060 22.1769
124070 22.2203
124080 22.2483
124090 22.2594
124100 22.2679
124110 22.2719
124120 22.2657
124130 22.2606
124140 22.2656
124150 22.2727
124160 22.2872
124170 22.3206
124180 22.356
124190 22.3677
124200 22.3596
124210 22.3472
124220 22.341
124230 22.351
124240 22.3872
124250 22.4451
124260 22.4951
124270 22.5267
124280 22.5546
124290 22.589
124300 22.6267
124310 22.6649
124320 22.7052
124330 22.7387
124340 22.7721
124350 22.8152
124360 22.8476
124370 22.8453
124380 22.7981
124390 22.7204
124400 22.6604
124410 22.6445
124420 22.665
124430 22.6935
124440 22.7147
124450 22.7387
124460 22.7562
124470 22.7617
124480 22.7675
124490 22.7695
124500 22.7506
124510 22.7151
124520 22.6731
124530 22.6414
124540 22.6399
124550 22.6646
124560 22.6903
124570 22.6927
124580 22.6629
124590 22.6098
124600 22.5561
124610 22.5045
124620 22.4555
124630 22.429
124640 22.4446
124650 22.494
124660 22.5305
124670 22.5456
124680 22.56
124690 22.5692
124700 22.5704
124710 22.5754
124720 22.578
124730 22.5711
124740 22.5871
124750 22.6232
124760 22.6517
124770 22.6725
124780 22.6806
124790 22.6624
124800 22.625
124810 22.5875
124820 22.5587
124830 22.5558
124840 22.572
124850 22.5887
124860 22.5914
124870 22.5534
124880 22.4974
124890 22.4622
124900 22.4455
124910 22.4328
124920 22.4247
124930 22.4255
124940 22.4322
124950 22.4488
124960 22.4612
124970 22.4429
124980 22.417
124990 22.4188
125000 22.4523
125010 22.506
125020 22.5635
125030 22.603
125040 22.6282
125050 22.6403
125060 22.6291
125070 22.5989
125080 22.5652
125090 22.528
125100 22.481
125110 22.4516
125120 22.4527
125130 22.4763
125140 22.497
125150 22.4934
125160 22.4807
125170 22.4791
125180 22.4794
125190 22.4654
125200 22.4429
125210 22.4097
125220 22.3563
125230 22.3081
125240 22.2644
125250 22.2162
125260 22.1804
125270 22.1749
125280 22.1808
125290 22.1753
125300 22.1534
125310 22.1177
125320 22.083
125330 22.0625
125340 22.0682
125350 22.1064
125360 22.1665
125370 22.2263
125380 22.2764
125390 22.3071
125400 22.3208
125410 22.3271
125420 22.3388
125430 22.3551
125440 22.3721
125450 22.3852
125460 22.3906
125470 22.3891
125480 22.3932
125490 22.4074
125500 22.4385
125510 22.484
125520 22.5259
125530 22.5531
125540 22.5666
125550 22.5652
125560 22.5506
125570 22.5379
125580 22.5365
125590 22.5437
125600 22.5623
125610 22.5899
125620 22.6167
125630 22.6375
125640 22.6586
125650 22.6847
125660 22.7143
125670 22.7222
125680 22.6932
125690 22.6492
125700 22.6128
125710 22.6167
125720 22.6834
125730 22.7867
125740 22.8908
125750 22.9673
125760 23.0052
125770 23.0154
125780 23.0185
125790 23.0235
125800 23.0135
125810 23.0009
125820 23.0151
125830 23.0421
125840 23.0582
125850 23.0569
125860 23.0403
125870 22.9927
125880 22.9382
125890 22.9339
125900 22.9888
125910 23.053
125920 23.0927
125930 23.1093
125940 23.1075
125950 23.0857
125960 23.0607
125970 23.0587
125980 23.0636
125990 23.0635
126000 23.0623
126010 23.0612
126020 23.0688
126030 23.1021
126040 23.1391
126050 23.1608
126060 23.1854
126070 23.2121
126080 23.2158
126090 23.2001
126100 23.1829
126110 23.1802
126120 23.1842
126130 23.1751
126140 23.171
126150 23.1961
126160 23.2262
126170 23.2353
126180 23.2268
126190 23.1978
126200 23.1587
126210 23.1265
126220 23.1017
126230 23.096
126240 23.1056
126250 23.1216
126260 23.1587
126270 23.2281
126280 23.2997
126290 23.3456
126300 23.3722
126310 23.3985
126320 23.4277
126330 23.4425
126340 23.4447
126350 23.452
126360 23.4561
126370 23.4442
126380 23.4154
126390 23.3816
126400 23.3407
126410 23.2938
126420 23.2558
126430 23.243
126440 23.2551
126450 23.2721
126460 23.2933
126470 23.3169
126480 23.3115
126490 23.275
126500 23.2319
126510 23.2017
126520 23.1871
126530 23.181
126540 23.1775
126550 23.1717
126560 23.1624
126570 23.1435
126580 23.1299
126590 23.126
126600 23.1325
126610 23.1577
126620 23.1777
126630 23.1783
126640 23.1776
126650 23.1799
126660 23.1658
126670 23.1461
126680 23.1353
126690 23.1336
126700 23.1334
126710 23.1344
126720 23.1469
126730 23.1836
126740 23.2191
126750 23.2415
126760 23.2807
126770 23.321
126780 23.338
126790 23.3536
126800 23.3611
126810 23.3542
126820 23.3625
126830 23.3869
126840 23.4033
126850 23.4182
126860 23.4274
126870 23.4049
126880 23.3757
126890 23.3651
126900 23.3738
126910 23.4109
126920 23.4401
126930 23.4274
126940 23.4065
126950 23.3982
126960 23.3785
126970 23.3416
126980 23.3195
126990 23.3305
127000 23.3473
127010 23.3358
127020 23.3
127030 23.2684
127040 23.2416
127050 23.21
127060 23.1786
127070 23.1537
127080 23.1208
127090 23.0792
127100 23.0497
127110 23.0492
127120 23.0692
127130 23.1013
127140 23.1387
127150 23.1717
127160 23.2118
127170 23.2605
127180 23.3138
127190 23.3528
127200 23.3829
127210 23.4192
127220 23.4627
127230 23.498
127240 23.5257
127250 23.534
127260 23.5146
127270 23.488
127280 23.4581
127290 23.4333
127300 23.4404
127310 23.4743
127320 23.5029
127330 23.5317
127340 23.5761
127350 23.606
127360 23.6148
127370 23.6366
127380 23.6786
127390 23.7328
127400 23.79
127410 23.8056
127420 23.7724
127430 23.7332
127440 23.6884
127450 23.6106
127460 23.5242
127470 23.4772
127480 23.47
127490 23.4822
127500 23.5105
127510 23.5405
127520 23.5437
127530 23.5059
127540 23.4386
127550 23.3669
127560 23.313
127570 23.2956
127580 23.3093
127590 23.3415
127600 23.386
127610 23.4354
127620 23.4717
127630 23.4801
127640 23.4693
127650 23.4427
127660 23.4148
127670 23.4044
127680 23.425
127690 23.4688
127700 23.5215
127710 23.5728
127720 23.6091
127730 23.6427
127740 23.6687
127750 23.6629
127760 23.6463
127770 23.6408
127780 23.6402
127790 23.6326
127800 23.6149
127810 23.5966
127820 23.5843
127830 23.5655
127840 23.5488
127850 23.5515
127860 23.5679
127870 23.5643
127880 23.5439
127890 23.531
127900 23.5288
127910 23.5278
127920 23.5082
127930 23.4658
127940 23.4237
127950 23.4016
127960 23.4049
127970 23.4123
127980 23.4078
127990 23.3909
128000 23.3782
128010 23.387
128020 23.4213
128030 23.4632
128040 23.4947
128050 23.5127
128060 23.5402
128070 23.5774
128080 23.604
128090 23.5962
128100 23.5738
128110 23.565
128120 23.554
128130 23.5226
128140 23.486
128150 23.4593
128160 23.4415
128170 23.4383
128180 23.437
128190 23.4335
128200 23.4471
128210 23.4706
128220 23.4745
128230 23.4619
128240 23.4406
128250 23.4184
128260 23.4115
128270 23.412
128280 23.3991
128290 23.3731
128300 23.3579
128310 23.3423
128320 23.3139
128330 23.2992
128340 23.3385
128350 23.4246
128360 23.5159
128370 23.5905
128380 23.6467
128390 23.6856
128400 23.6964
128410 23.6807
128420 23.6604
128430 23.6434
128440 23.6416
128450 23.6836
128460 23.7633
128470 23.8176
128480 23.8234
128490 23.8138
128500 23.8073
128510 23.7943
128520 23.781
128530 23.7784
128540 23.7803
128550 23.7964
128560 23.8181
128570 23.8199
128580 23.8178
128590 23.8212
128600 23.8107
128610 23.7796
128620 23.7393
128630 23.7106
128640 23.696
128650 23.6852
128660 23.6624
128670 23.6237
128680 23.578
128690 23.5491
128700 23.5438
128710 23.5451
128720 23.5526
128730 23.573
128740 23.5956
128750 23.613
128760 23.6189
128770 23.6323
128780 23.6827
128790 23.7538
128800 23.801
128810 23.83
128820 23.8632
128830 23.8909
128840 23.897
128850 23.8999
128860 23.9244
128870 23.9559
128880 24.0051
128890 24.078
128900 24.1394
128910 24.1645
128920 24.1537
128930 24.1184
128940 24.0868
128950 24.0919
128960 24.1238
128970 24.1634
128980 24.2211
128990 24.2716
129000 24.278
129010 24.2281
129020 24.1358
129030 24.0334
129040 23.9623
129050 23.938
129060 23.9362
129070 23.9307
129080 23.9163
129090 23.8811
129100 23.8148
129110 23.7263
129120 23.6505
129130 23.615
129140 23.6015
129150 23.5975
129160 23.607
129170 23.615
129180 23.6002
129190 23.5797
129200 23.5893
129210 23.6264
129220 23.6657
129230 23.7051
129240 23.755
129250 23.7958
129260 23.8264
129270 23.8518
129280 23.8724
129290 23.8867
129300 23.9037
129310 23.9249
129320 23.93
129330 23.9211
129340 23.8837
129350 23.8069
129360 23.7263
129370 23.6793
129380 23.6484
129390 23.6127
129400 23.5712
129410 23.5421
129420 23.5207
129430 23.4961
129440 23.4679
129450 23.4303
129460 23.3725
129470 23.3206
129480 23.3037
129490 23.3181
129500 23.3407
129510 23.3826
129520 23.4425
129530 23.4829
129540 23.4799
129550 23.456
129560 23.4403
129570 23.4451
129580 23.4734
129590 23.528
129600 23.5917
129610 23.6319
129620 23.6532
129630 23.6704
129640 23.6863
129650 23.7039
129660 23.7203
129670 23.7443
129680 23.7824
129690 23.8252
129700 23.8644
129710 23.883
129720 23.8775
129730 23.8685
129740 23.8771
129750 23.8999
129760 23.9116
129770 23.924
129780 23.9577
129790 23.9939
129800 24.0136
129810 24.0296
129820 24.0405
129830 24.0272
129840 24.0042
129850 24.0107
129860 24.0474
129870 24.0942
129880 24.1556
129890 24.2259
129900 24.2729
129910 24.2712
129920 24.2351
129930 24.1846
129940 24.1325
129950 24.1092
129960 24.1166
129970 24.1398
129980 24.164
129990 24.1798
130000 24.1726
130010 24.1108
130020 24.0127
130030 23.9166
130040 23.8391
130050 23.7747
130060 23.7302
130070 23.7234
130080 23.7465
130090 23.7504
130100 23.7197
130110 23.6892
130120 23.6795
130130 23.6799
130140 23.6956
130150 23.7273
130160 23.7582
130170 23.8064
130180 23.8672
130190 23.9052
130200 23.9222
130210 23.9306
130220 23.9257
130230 23.9207
130240 23.9388
130250 23.9744
130260 24.0102
130270 24.0564
130280 24.0929
130290 24.0912
130300 24.0421
130310 23.9758
130320 23.9221
130330 23.906
130340 23.9215
130350 23.9338
130360 23.9277
130370 23.9188
130380 23.9288
130390 23.9674
130400 24.0153
130410 24.0568
130420 24.1029
130430 24.1477
130440 24.1842
130450 24.2169
130460 24.2418
130470 24.2438
130480 24.2401
130490 24.2488
130500 24.2886
130510 24.3664
130520 24.4595
130530 24.5369
130540 24.5898
130550 24.605
130560 24.5852
130570 24.5535
130580 24.5518
130590 24.5938
130600 24.6452
130610 24.6982
130620 24.7469
130630 24.7655
130640 24.7712
130650 24.7784
130660 24.7629
130670 24.7173
130680 24.68
130690 24.673
130700 24.6562
130710 24.6232
130720 24.6242
130730 24.6497
130740 24.664
130750 24.6924
130760 24.7344
130770 24.7478
130780 24.7123
130790 24.6575
130800 24.6134
130810 24.6058
130820 24.6451
130830 24.6963
130840 24.7311
130850 24.7576
130860 24.7796
130870 24.7945
130880 24.8121
130890 24.8557
130900 24.9064
130910 24.922
130920 24.9186
130930 24.9388
130940 24.9764
130950 25.0087
130960 25.0344
130970 25.0642
130980 25.0819
130990 25.0845
131000 25.0857
131010 25.0862
131020 25.0887
131030 25.1002
131040 25.1223
131050 25.1518
131060 25.1785
131070 25.199
131080 25.2158
131090 25.2186
131100 25.2091
131110 25.1991
131120 25.2092
131130 25.239
131140 25.2631
131150 25.2536
131160 25.22
131170 25.1953
131180 25.2037
131190 25.2396
131200 25.2779
131210 25.2813
131220 25.2595
131230 25.2513
131240 25.2807
131250 25.3353
131260 25.3961
131270 25.451
131280 25.4911
131290 25.5096
131300 25.5166
131310 25.5366
131320 25.566
131330 25.5809
131340 25.6031
131350 25.6448
131360 25.6616
131370 25.6437
131380 25.6192
131390 25.5847
131400 25.529
131410 25.4815
131420 25.4674
131430 25.484
131440 25.5217
131450 25.5653
131460 25.5922
131470 25.5962
131480 25.5907
131490 25.581
131500 25.5591
131510 25.5415
131520 25.5512
131530 25.5889
131540 25.6371
131550 25.6689
131560 25.679
131570 25.6869
131580 25.7113
131590 25.7327
131600 25.7432
131610 25.7485
131620 25.7515
131630 25.7628
131640 25.8073
131650 25.8772
131660 25.9436
131670 25.9911
131680 26.0135
131690 26.0082
131700 25.9586
131710 25.8915
131720 25.8512
131730 25.8394
131740 25.8548
131750 25.8803
131760 25.8924
131770 25.8866
131780 25.887
131790 25.8989
131800 25.9045
131810 25.908
131820 25.925
131830 25.9465
131840 25.9698
131850 26.0231
131860 26.0973
131870 26.1625
131880 26.2117
131890 26.2454
131900 26.259
131910 26.2588
131920 26.237
131930 26.2093
131940 26.2053
131950 26.2282
131960 26.2503
131970 26.2375
131980 26.2014
131990 26.1652
132000 26.1407
132010 26.1255
132020 26.1104
132030 26.0825
132040 26.037
132050 25.9902
132060 25.9474
132070 25.9032
132080 25.8809
132090 25.9016
132100 25.9361
132110 25.9636
132120 25.9782
132130 25.9601
132140 25.8994
132150 25.8288
132160 25.7751
132170 25.7479
132180 25.7566
132190 25.7879
132200 25.8212
132210 25.8449
132220 25.8549
132230 25.8625
132240 25.8753
132250 25.8839
132260 25.8814
132270 25.8839
132280 25.893
132290 25.8959
132300 25.8779
132310 25.8332
132320 25.7606
132330 25.6747
132340 25.6181
132350 25.6064
132360 25.6284
132370 25.6513
132380 25.6573
132390 25.6604
132400 25.6561
132410 25.6333
132420 25.5879
132430 25.5147
132440 25.4393
132450 25.3923
132460 25.3696
132470 25.3439
132480 25.3019
132490 25.2565
132500 25.2371
132510 25.2381
132520 25.2471
132530 25.28
132540 25.3413
132550 25.4018
132560 25.4531
132570 25.4989
132580 25.5457
132590 25.5895
132600 25.6114
132610 25.6247
132620 25.6528
132630 25.6897
132640 25.6967
132650 25.6723
132660 25.6461
132670 25.6166
132680 25.5914
132690 25.5766
132700 25.5692
132710 25.5662
132720 25.5673
132730 25.5657
132740 25.5495
132750 25.5183
132760 25.4863
132770 25.4567
132780 25.437
132790 25.4382
132800 25.4509
132810 25.4788
132820 25.5181
132830 25.5343
132840 25.5331
132850 25.5377
132860 25.5369
132870 25.5052
132880 25.471
132890 25.4863
132900 25.5344
132910 25.5789
132920 25.6046
132930 25.5975
132940 25.5492
132950 25.4749
132960 25.4154
132970 25.398
132980 25.4094
132990 25.4419
133000 25.4639
133010 25.4527
133020 25.4153
133030 25.363
133040 25.2918
133050 25.2153
133060 25.1836
133070 25.2047
133080 25.2511
133090 25.2941
133100 25.3088
133110 25.2866
133120 25.2518
133130 25.2209
133140 25.1958
133150 25.1866
133160 25.2039
133170 25.2283
133180 25.2512
133190 25.2695
133200 25.2833
133210 25.3177
133220 25.379
133230 25.4478
133240 25.5148
133250 25.5719
133260 25.5933
133270 25.5812
133280 25.5614
133290 25.5446
133300 25.5452
133310 25.5899
133320 25.6472
133330 25.658
133340 25.645
133350 25.629
133360 25.6001
133370 25.5836
133380 25.5842
133390 25.5796
133400 25.5683
133410 25.5545
133420 25.5286
133430 25.4901
133440 25.4748
133450 25.4891
133460 25.5016
133470 25.5003
133480 25.493
133490 25.4978
133500 25.5152
133510 25.5225
133520 25.5091
133530 25.4946
133540 25.4845
133550 25.4744
133560 25.4597
133570 25.4447
133580 25.4432
133590 25.4419
133600 25.4096
133610 25.3414
133620 25.2885
133630 25.2976
133640 25.3417
133650 25.3759
133660 25.41
133670 25.434
133680 25.4425
133690 25.4529
133700 25.4712
133710 25.4847
133720 25.492
133730 25.4983
133740 25.4896
133750 25.4632
133760 25.4567
133770 25.4775
133780 25.4944
133790 25.5097
133800 25.5427
133810 25.5909
133820 25.6504
133830 25.7299
133840 25.8293
133850 25.9229
133860 25.9728
133870 25.9563
133880 25.8939
133890 25.8438
133900 25.8159
133910 25.7988
133920 25.7959
133930 25.8
133940 25.7838
133950 25.7455
133960 25.6825
133970 25.6027
133980 25.5393
133990 25.4967
134000 25.4491
134010 25.4101
134020 25.3887
134030 25.3632
134040 25.3331
134050 25.3208
134060 25.3024
134070 25.2589
134080 25.203
134090 25.1588
134100 25.1223
134110 25.0915
134120 25.0667
134130 25.0436
134140 25.0404
134150 25.0754
134160 25.1234
134170 25.1448
134180 25.148
134190 25.1482
134200 25.1407
134210 25.1306
134220 25.1412
134230 25.179
134240 25.2395
134250 25.3088
134260 25.3633
134270 25.3704
134280 25.333
134290 25.2991
134300 25.2901
134310 25.2905
134320 25.2914
134330 25.3125
134340 25.3481
134350 25.3808
134360 25.407
134370 25.4306
134380 25.4722
134390 25.5402
134400 25.5985
134410 25.5925
134420 25.5276
134430 25.4386
134440 25.3711
134450 25.3272
134460 25.2983
134470 25.311
134480 25.3542
134490 25.3993
134500 25.4215
134510 25.412
134520 25.3838
134530 25.3654
134540 25.3641
134550 25.3538
134560 25.3428
134570 25.3677
134580 25.4086
134590 25.4223
134600 25.4086
134610 25.4018
134620 25.4268
134630 25.4842
134640 25.5525
134650 25.6021
134660 25.617
134670 25.5988
134680 25.5575
134690 25.5151
134700 25.5005
134710 25.521
134720 25.5599
134730 25.5876
134740 25.5833
134750 25.5626
134760 25.5662
134770 25.5887
134780 25.5871
134790 25.5649
134800 25.5497
134810 25.5413
134820 25.5538
134830 25.6087
134840 25.6803
134850 25.7148
134860 25.695
134870 25.6521
134880 25.6217
134890 25.6199
134900 25.6354
134910 25.6492
134920 25.6708
134930 25.7095
134940 25.7524
134950 25.7841
134960 25.8117
134970 25.8478
134980 25.8896
134990 25.9246
135000 25.9384
135010 25.9182
135020 25.8743
135030 25.8367
135040 25.8307
135050 25.8368
135060 25.8516
135070 25.8867
135080 25.9188
135090 25.9343
135100 25.9388
135110 25.9265
135120 25.9031
135130 25.9002
135140 25.9256
135150 25.9586
135160 25.9991
135170 26.0272
135180 26.0289
135190 26.0239
135200 26.0221
135210 26.009
135220 25.9901
135230 25.9706
135240 25.9431
135250 25.9136
135260 25.9013
135270 25.9018
135280 25.9107
135290 25.9295
135300 25.9406
135310 25.9308
135320 25.9043
135330 25.8516
135340 25.7704
135350 25.6873
135360 25.6342
135370 25.6118
135380 25.6299
135390 25.6689
135400 25.6869
135410 25.6913
135420 25.7046
135430 25.7221
135440 25.7249
135450 25.7232
135460 25.737
135470 25.7676
135480 25.7993
135490 25.8358
135500 25.8682
135510 25.8914
135520 25.9034
135530 25.9119
135540 25.9274
135550 25.9656
135560 26.0111
135570 26.028
135580 26.0031
135590 25.9689
135600 25.9445
135610 25.9431
135620 25.9758
135630 26.0188
135640 26.0208
135650 25.9853
135660 25.9334
135670 25.8631
135680 25.7937
135690 25.7516
135700 25.7609
135710 25.8146
135720 25.8735
135730 25.9261
135740 25.9684
135750 25.9767
135760 25.9578
135770 25.942
135780 25.9443
135790 25.9549
135800 25.9488
135810 25.9281
135820 25.9027
135830 25.8786
135840 25.8657
135850 25.8624
135860 25.8496
135870 25.8246
135880 25.7965
135890 25.7644
135900 25.7321
135910 25.6874
135920 25.631
135930 25.5948
135940 25.6034
135950 25.6465
135960 25.6871
135970 25.7225
135980 25.7523
135990 25.7605
136000 25.7659
136010 25.8083
136020 25.8572
136030 25.8831
136040 25.8951
136050 25.8984
136060 25.8875
136070 25.8717
136080 25.8508
136090 25.846
136100 25.8772
136110 25.925
136120 25.9497
136130 25.9625
136140 25.9559
136150 25.9195
136160 25.8805
136170 25.842
136180 25.8053
136190 25.7939
136200 25.8174
136210 25.8605
136220 25.9111
136230 25.95
136240 25.9491
136250 25.9219
136260 25.8923
136270 25.8629
136280 25.8266
136290 25.8068
136300 25.8051
136310 25.8058
136320 25.7916
136330 25.7604
136340 25.7303
136350 25.7187
136360 25.7161
136370 25.7021
136380 25.7095
136390 25.7572
136400 25.8032
136410 25.8056
136420 25.7675
136430 25.7092
136440 25.6378
136450 25.5869
136460 25.592
136470 25.6338
136480 25.6708
136490 25.6861
136500 25.6717
136510 25.6306
136520 25.5868
136530 25.56
136540 25.5578
136550 25.6064
136560 25.6912
136570 25.7539
136580 25.7764
136590 25.7752
136600 25.7274
136610 25.6453
136620 25.5832
136630 25.5771
136640 25.6064
136650 25.663
136660 25.7332
136670 25.7836
136680 25.8044
136690 25.7987
136700 25.7478
136710 25.6816
136720 25.6589
136730 25.6711
136740 25.6907
136750 25.7318
136760 25.784
136770 25.8174
136780 25.8256
136790 25.8244
136800 25.8249
136810 25.8347
136820 25.8665
136830 25.9097
136840 25.9331
136850 25.9329
136860 25.9012
136870 25.8492
136880 25.8182
136890 25.829
136900 25.8479
136910 25.8644
136920 25.8967
136930 25.9386
136940 25.9793
136950 26.0133
136960 26.017
136970 25.9824
136980 25.9313
136990 25.8858
137000 25.8557
137010 25.8544
137020 25.8855
137030 25.914
137040 25.9216
137050 25.9236
137060 25.9189
137070 25.9074
137080 25.9014
137090 25.8951
137100 25.8882
137110 25.8965
137120 25.8973
137130 25.8627
137140 25.8296
137150 25.8375
137160 25.8689
137170 25.898
137180 25.921
137190 25.939
137200 25.9567
137210 25.96
137220 25.9462
137230 25.9392
137240 25.9638
137250 26.0182
137260 26.0957
137270 26.1947
137280 26.3086
137290 26.4244
137300 26.5179
137310 26.5757
137320 26.5903
137330 26.5738
137340 26.54
137350 26.5043
137360 26.4856
137370 26.4723
137380 26.4673
137390 26.4717
137400 26.4718
137410 26.4596
137420 26.4383
137430 26.4176
137440 26.3975
137450 26.3656
137460 26.3285
137470 26.3052
137480 26.3139
137490 26.3643
137500 26.445
137510 26.54
137520 26.6238
137530 26.6749
137540 26.6913
137550 26.6718
137560 26.617
137570 26.5627
137580 26.5412
137590 26.5256
137600 26.5116
137610 26.5252
137620 26.5534
137630 26.5569
137640 26.5397
137650 26.5357
137660 26.5554
137670 26.5874
137680 26.6482
137690 26.7284
137700 26.8005
137710 26.8668
137720 26.9256
137730 26.941
137740 26.9103
137750 26.8706
137760 26.8459
137770 26.844
137780 26.8607
137790 26.8911
137800 26.9248
137810 26.9571
137820 26.9761
137830 26.9853
137840 27.0025
137850 27.0162
137860 27.0161
137870 27.0057
137880 26.9875
137890 26.9852
137900 27.0009
137910 27.0085
137920 26.9998
137930 26.9867
137940 26.9706
137950 26.9628
137960 26.9724
137970 27.0029
137980 27.0437
137990 27.0676
138000 27.0581
138010 27.0325
138020 27.025
138030 27.0428
138040 27.056
138050 27.0543
138060 27.0646
138070 27.0922
138080 27.1447
138090 27.2044
138100 27.2465
138110 27.2905
138120 27.3327
138130 27.3489
138140 27.3426
138150 27.3301
138160 27.3084
138170 27.2715
138180 27.2351
138190 27.2
138200 27.1569
138210 27.1269
138220 27.1276
138230 27.1449
138240 27.1584
138250 27.1348
138260 27.0825
138270 27.0312
138280 26.9884
138290 26.9655
138300 26.9698
138310 26.9919
138320 27.0376
138330 27.0972
138340 27.1161
138350 27.0974
138360 27.081
138370 27.0628
138380 27.0334
138390 27.0219
138400 27.0296
138410 27.0415
138420 27.061
138430 27.0817
138440 27.0905
138450 27.0999
138460 27.1096
138470 27.1088
138480 27.113
138490 27.1483
138500 27.2166
138510 27.3181
138520 27.413
138530 27.4545
138540 27.4564
138550 27.428
138560 27.3488
138570 27.2549
138580 27.218
138590 27.2341
138600 27.2581
138610 27.2724
138620 27.2532
138630 27.1961
138640 27.1344
138650 27.0701
138660 27.0004
138670 26.96
138680 26.9573
138690 26.9757
138700 27.0211
138710 27.0785
138720 27.1058
138730 27.1064
138740 27.1085
138750 27.1132
138760 27.112
138770 27.1289
138780 27.1604
138790 27.1816
138800 27.2141
138810 27.2639
138820 27.3025
138830 27.3066
138840 27.3214
138850 27.3647
138860 27.4155
138870 27.4705
138880 27.5307
138890 27.5912
138900 27.64
138910 27.6762
138920 27.686
138930 27.6745
138940 27.6746
138950 27.7018
138960 27.7212
138970 27.7203
138980 27.7081
138990 27.6899
139000 27.6519
139010 27.5947
139020 27.5447
139030 27.5159
139040 27.4961
139050 27.4846
139060 27.4776
139070 27.4873
139080 27.5155
139090 27.5313
139100 27.5217
139110 27.4843
139120 27.4325
139130 27.3937
139140 27.3691
139150 27.3499
139160 27.3379
139170 27.328
139180 27.3117
139190 27.286
139200 27.2587
139210 27.2594
139220 27.2803
139230 27.2951
139240 27.289
139250 27.262
139260 27.2266
139270 27.1836
139280 27.1578
139290 27.1755
139300 27.2075
139310 27.2214
139320 27.2478
139330 27.3066
139340 27.3521
139350 27.3758
139360 27.3872
139370 27.3823
139380 27.3567
139390 27.3337
139400 27.3456
139410 27.3744
139420 27.3858
139430 27.3573
139440 27.2919
139450 27.2154
139460 27.1472
139470 27.1025
139480 27.091
139490 27.1001
139500 27.1105
139510 27.1136
139520 27.1016
139530 27.0585
139540 27.0171
139550 26.9955
139560 26.9815
139570 26.973
139580 26.9774
139590 26.9824
139600 26.9725
139610 26.958
139620 26.9431
139630 26.9154
139640 26.8904
139650 26.8754
139660 26.8632
139670 26.8495
139680 26.8448
139690 26.8737
139700 26.9305
139710 26.9664
139720 26.9743
139730 26.9694
139740 26.9369
139750 26.8816
139760 26.8388
139770 26.8188
139780 26.8068
139790 26.8133
139800 26.8335
139810 26.841
139820 26.8351
139830 26.8322
139840 26.8196
139850 26.8024
139860 26.8081
139870 26.8275
139880 26.8485
139890 26.8819
139900 26.9139
139910 26.9281
139920 26.9351
139930 26.9595
139940 26.9906
139950 27.02
139960 27.0524
139970 27.0814
139980 27.0994
139990 27.1067
140000 27.0971
140010 27.0758
140020 27.0598
140030 27.0556
140040 27.0636
140050 27.0832
140060 27.1042
140070 27.1229
140080 27.1479
140090 27.2016
140100 27.2479
140110 27.2689
140120 27.2908
140130 27.3257
140140 27.3526
140150 27.3793
140160 27.4144
140170 27.4314
140180 27.4316
140190 27.4624
140200 27.5074
140210 27.5087
140220 27.4839
140230 27.4796
140240 27.4835
140250 27.4775
140260 27.4805
140270 27.4965
140280 27.5338
140290 27.6218
140300 27.746
140310 27.8614
140320 27.9596
140330 28.0235
140340 28.0355
140350 28.014
140360 28.0005
140370 28.0041
140380 28.0243
140390 28.0444
140400 28.0839
140410 28.1446
140420 28.1735
140430 28.1389
140440 28.0807
140450 28.0228
140460 27.9639
140470 27.9228
140480 27.9137
140490 27.9212
140500 27.9315
140510 27.9371
140520 27.9343
140530 27.9336
140540 27.9099
140550 27.8613
140560 27.8193
140570 27.7636
140580 27.6775
140590 27.5984
140600 27.563
140610 27.5657
140620 27.5891
140630 27.6145
140640 27.6288
140650 27.62
140660 27.5814
140670 27.5313
140680 27.5026
140690 27.492
140700 27.4893
140710 27.4984
140720 27.5296
140730 27.6101
140740 27.7149
140750 27.7779
140760 27.7724
140770 27.7205
140780 27.6416
140790 27.566
140800 27.521
140810 27.5076
140820 27.5086
140830 27.5246
140840 27.5594
140850 27.5852
140860 27.5716
140870 27.5549
140880 27.5638
140890 27.5674
140900 27.5543
140910 27.5665
140920 27.6131
140930 27.6537
140940 27.6662
140950 27.6663
140960 27.6764
140970 27.6854
140980 27.6816
140990 27.6883
141000 27.701
141010 27.6895
141020 27.6619
141030 27.6471
141040 27.6533
141050 27.6667
141060 27.6655
141070 27.6364
141080 27.5874
141090 27.5378
141100 27.4685
141110 27.3746
141120 27.2992
141130 27.2718
141140 27.296
141150 27.3547
141160 27.4235
141170 27.4909
141180 27.5462
141190 27.5771
141200 27.581
141210 27.5755
141220 27.5709
141230 27.5723
141240 27.6036
141250 27.6661
141260 27.7447
141270 27.8215
141280 27.8811
141290 27.9038
141300 27.8933
141310 27.8798
141320 27.8676
141330 27.8389
141340 27.8098
141350 27.7956
141360 27.7864
141370 27.7732
141380 27.7663
141390 27.7675
141400 27.7915
141410 27.8275
141420 27.8644
141430 27.8928
141440 27.8962
141450 27.8803
141460 27.8833
141470 27.9233
141480 27.9678
141490 28.0091
141500 28.0547
141510 28.0843
141520 28.08
141530 28.0563
141540 28.025
141550 27.9945
141560 27.9953
141570 28.0347
141580 28.0962
141590 28.1732
141600 28.2628
141610 28.3424
141620 28.369
141630 28.3554
141640 28.3471
141650 28.3459
141660 28.331
141670 28.3214
141680 28.3571
141690 28.4096
141700 28.4354
141710 28.4233
141720 28.3832
141730 28.3154
141740 28.2535
141750 28.2266
141760 28.223
141770 28.2302
141780 28.2505
141790 28.2897
141800 28.3278
141810 28.3528
141820 28.3686
141830 28.3715
141840 28.3686
141850 28.3775
141860 28.3823
141870 28.3741
141880 28.3959
141890 28.4547
141900 28.5093
141910 28.5344
141920 28.5453
141930 28.5367
141940 28.504
141950 28.4776
141960 28.4921
141970 28.5415
141980 28.614
141990 28.6726
142000 28.6913
142010 28.6797
142020 28.6366
142030 28.5747
142040 28.5372
142050 28.5501
142060 28.5901
142070 28.6334
142080 28.6715
142090 28.6954
142100 28.6802
142110 28.6139
142120 28.5284
142130 28.4591
142140 28.4323
142150 28.454
142160 28.5029
142170 28.5337
142180 28.5411
142190 28.5331
142200 28.5241
142210 28.522
142220 28.5129
142230 28.488
142240 28.4469
142250 28.4066
142260 28.386
142270 28.3772
142280 28.3659
142290 28.3402
142300 28.3051
142310 28.2624
142320 28.2033
142330 28.1407
142340 28.0766
142350 28.0238
142360 28.0084
142370 28.0394
142380 28.0729
142390 28.084
142400 28.0834
142410 28.0784
142420 28.0615
142430 28.0547
142440 28.0713
142450 28.0838
142460 28.0787
142470 28.0895
142480 28.1346
142490 28.1896
142500 28.2444
142510 28.3018
142520 28.3407
142530 28.3516
142540 28.3589
142550 28.3475
142560 28.2831
142570 28.1937
142580 28.1303
142590 28.1055
142600 28.0941
142610 28.0811
142620 28.0742
142630 28.0778
142640 28.0728
142650 28.0325
142660 27.9695
142670 27.9101
142680 27.8652
142690 27.8476
142700 27.8706
142710 27.9304
142720 28.006
142730 28.058
142740 28.0747
142750 28.0536
142760 27.9994
142770 27.93
142780 27.8671
142790 27.8407
142800 27.8664
142810 27.938
142820 28.0293
142830 28.1211
142840 28.2057
142850 28.283
142860 28.321
142870 28.3116
142880 28.2953
142890 28.2765
142900 28.2418
142910 28.2281
142920 28.2775
142930 28.357
142940 28.4161
142950 28.4381
142960 28.4343
142970 28.4197
142980 28.3976
142990 28.3935
143000 28.4192
143010 28.4469
143020 28.4659
143030 28.4801
143040 28.4923
143050 28.5016
143060 28.5083
143070 28.5064
143080 28.4958
143090 28.5155
143100 28.5729
143110 28.6362
143120 28.7073
143130 28.8043
143140 28.9088
143150 28.9932
143160 29.0383
143170 29.0309
143180 28.9848
143190 28.9342
143200 28.9078
143210 28.9238
143220 28.9921
143230 29.0826
143240 29.1406
143250 29.1481
143260 29.1188
143270 29.0766
143280 29.0487
143290 29.0477
143300 29.0666
143310 29.1055
143320 29.1513
143330 29.1847
143340 29.206
143350 29.2205
143360 29.2247
143370 29.1969
143380 29.1542
143390 29.1287
143400 29.1272
143410 29.1448
143420 29.157
143430 29.1589
143440 29.147
143450 29.1267
143460 29.1119
143470 29.0992
143480 29.085
143490 29.0787
143500 29.0753
143510 29.0667
143520 29.0606
143530 29.0538
143540 29.0587
143550 29.0936
143560 29.1586
143570 29.256
143580 29.3726
143590 29.4742
143600 29.5441
143610 29.5778
143620 29.5956
143630 29.6176
143640 29.6469
143650 29.6852
143660 29.7247
143670 29.7544
143680 29.764
143690 29.7402
143700 29.7004
143710 29.6843
143720 29.7006
143730 29.7179
143740 29.7223
143750 29.7341
143760 29.7584
143770 29.7734
143780 29.7648
143790 29.7307
143800 29.672
143810 29.6242
143820 29.6136
143830 29.6105
143840 29.5968
143850 29.5804
143860 29.5631
143870 29.5406
143880 29.5273
143890 29.5299
143900 29.5311
143910 29.5241
143920 29.5219
143930 29.5539
143940 29.5932
143950 29.6011
143960 29.5923
143970 29.6087
143980 29.6322
143990 29.622
144000 29.6071
144010 29.6211
144020 29.6306
144030 29.6082
144040 29.575
144050 29.5534
144060 29.5625
144070 29.5971
144080 29.6252
144090 29.62
144100 29.5951
144110 29.5833
144120 29.5844
144130 29.5758
144140 29.5588
144150 29.5649
144160 29.6064
144170 29.6748
144180 29.7377
144190 29.7668
144200 29.7497
144210 29.7123
144220 29.6862
144230 29.6773
144240 29.6853
144250 29.6814
144260 29.6454
144270 29.5857
144280 29.5153
144290 29.4499
144300 29.3942
144310 29.3731
144320 29.3776
144330 29.3822
144340 29.3852
144350 29.3765
144360 29.3223
144370 29.2486
144380 29.2096
144390 29.2117
144400 29.2166
144410 29.2308
144420 29.2562
144430 29.2646
144440 29.2641
144450 29.2763
144460 29.2816
144470 29.2633
144480 29.2428
144490 29.2419
144500 29.273
144510 29.3222
144520 29.3637
144530 29.3687
144540 29.341
144550 29.3246
144560 29.3264
144570 29.3169
144580 29.2794
144590 29.235
144600 29.2209
144610 29.2262
144620 29.2203
144630 29.2053
144640 29.1808
144650 29.1639
144660 29.1917
144670 29.2487
144680 29.298
144690 29.3263
144700 29.3339
144710 29.3143
144720 29.283
144730 29.262
144740 29.2458
144750 29.228
144760 29.2059
144770 29.1894
144780 29.1942
144790 29.2141
144800 29.2285
144810 29.2514
144820 29.2808
144830 29.2706
144840 29.22
144850 29.1575
144860 29.0768
144870 28.9812
144880 28.9204
144890 28.9011
144900 28.8988
144910 28.9288
144920 28.9943
144930 29.0708
144940 29.1274
144950 29.154
144960 29.159
144970 29.1519
144980 29.1561
144990 29.1774
145000 29.178
145010 29.1467
145020 29.1372
145030 29.1516
145040 29.1586
145050 29.1763
145060 29.2207
145070 29.2721
145080 29.3251
145090 29.3709
145100 29.4064
145110 29.4382
145120 29.4613
145130 29.4855
145140 29.5112
145150 29.5303
145160 29.5249
145170 29.5264
145180 29.5597
145190 29.6061
145200 29.654
145210 29.6785
145220 29.648
145230 29.5816
145240 29.5201
145250 29.4745
145260 29.4504
145270 29.4438
145280 29.4483
145290 29.447
145300 29.4289
145310 29.4003
145320 29.3868
145330 29.3998
145340 29.3987
145350 29.3798
145360 29.3733
145370 29.3599
145380 29.3395
145390 29.3439
145400 29.3683
145410 29.393
145420 29.4081
145430 29.405
145440 29.3796
145450 29.3537
145460 29.3471
145470 29.3562
145480 29.3729
145490 29.3967
145500 29.424
145510 29.4432
145520 29.4612
145530 29.4987
145540 29.543
145550 29.5609
145560 29.5583
145570 29.5511
145580 29.5134
145590 29.4449
145600 29.3947
145610 29.3913
145620 29.435
145630 29.5058
145640 29.5742
145650 29.6023
145660 29.5918
145670 29.5714
145680 29.5439
145690 29.5036
145700 29.4856
145710 29.5131
145720 29.5625
145730 29.6185
145740 29.6735
145750 29.7227
145760 29.7561
145770 29.7485
145780 29.7032
145790 29.651
145800 29.6072
145810 29.5711
145820 29.5429
145830 29.5329
145840 29.5372
145850 29.5353
145860 29.5197
145870 29.5112
145880 29.5081
145890 29.4921
145900 29.4636
145910 29.4432
145920 29.4306
145930 29.401
145940 29.3402
145950 29.2746
145960 29.23
145970 29.2065
145980 29.2072
145990 29.2369
146000 29.2704
146010 29.2776
146020 29.2764
146030 29.2777
146040 29.2582
146050 29.2349
146060 29.2248
146070 29.2195
146080 29.2121
146090 29.2152
146100 29.2233
146110 29.2212
146120 29.2226
146130 29.226
146140 29.2206
146150 29.2222
146160 29.2324
146170 29.2342
146180 29.239
146190 29.2553
146200 29.2726
146210 29.2873
146220 29.2885
146230 29.2475
146240 29.1658
146250 29.0951
146260 29.0683
146270 29.0784
146280 29.1286
146290 29.2013
146300 29.2692
146310 29.3081
146320 29.3167
146330 29.315
146340 29.3235
146350 29.3375
146360 29.3539
146370 29.3891
146380 29.4231
146390 29.4423
146400 29.4668
146410 29.504
146420 29.5125
146430 29.4869
146440 29.4458
146450 29.3934
146460 29.351
146470 29.3529
146480 29.3818
146490 29.3949
146500 29.4053
146510 29.437
146520 29.4486
146530 29.4252
146540 29.421
146550 29.4589
146560 29.5068
146570 29.5406
146580 29.5574
146590 29.5572
146600 29.5311
146610 29.51
146620 29.519
146630 29.5252
146640 29.5176
146650 29.5168
146660 29.4977
146670 29.4419
146680 29.4029
146690 29.4057
146700 29.4236
146710 29.4321
146720 29.4462
146730 29.457
146740 29.4249
146750 29.3609
146760 29.3312
146770 29.3378
146780 29.3492
146790 29.374
146800 29.3954
146810 29.3886
146820 29.3643
146830 29.3376
146840 29.3008
146850 29.2541
146860 29.2359
146870 29.2586
146880 29.323
146890 29.4031
146900 29.4407
146910 29.4258
146920 29.3771
146930 29.3125
146940 29.2683
146950 29.2609
146960 29.2668
146970 29.2778
146980 29.3072
146990 29.3439
147000 29.3689
147010 29.3875
147020 29.3884
147030 29.3632
147040 29.3343
147050 29.2988
147060 29.2609
147070 29.2671
147080 29.3145
147090 29.3441
147100 29.3402
147110 29.3347
147120 29.321
147130 29.3065
147140 29.3072
147150 29.3077
147160 29.3022
147170 29.3223
147180 29.364
147190 29.3921
147200 29.3948
147210 29.362
147220 29.3139
147230 29.2797
147240 29.2503
147250 29.2256
147260 29.2096
147270 29.1831
147280 29.142
147290 29.1104
147300 29.0809
147310 29.0444
147320 29.0184
147330 28.9987
147340 28.979
147350 28.9822
147360 28.9833
147370 28.9509
147380 28.903
147390 28.8839
147400 28.8915
147410 28.9114
147420 28.9532
147430 29.0021
147440 29.0283
147450 29.0407
147460 29.0358
147470 29.007
147480 28.9986
147490 29.0504
147500 29.1339
147510 29.2061
147520 29.2556
147530 29.3012
147540 29.3405
147550 29.357
147560 29.3629
147570 29.3886
147580 29.4377
147590 29.4781
147600 29.4804
147610 29.4497
147620 29.3947
147630 29.3374
147640 29.2794
147650 29.2251
147660 29.1942
147670 29.1864
147680 29.1963
147690 29.2321
147700 29.2921
147710 29.3405
147720 29.368
147730 29.3934
147740 29.4205
147750 29.4315
147760 29.4223
147770 29.3924
147780 29.3389
147790 29.2773
147800 29.232
147810 29.2057
147820 29.1951
147830 29.2055
147840 29.25
147850 29.313
147860 29.3732
147870 29.4049
147880 29.3898
147890 29.345
147900 29.2887
147910 29.2257
147920 29.1936
147930 29.213
147940 29.2597
147950 29.2963
147960 29.3159
147970 29.3212
147980 29.3428
147990 29.3742
148000 29.3855
148010 29.394
148020 29.4133
148030 29.4142
148040 29.3887
148050 29.3551
148060 29.3202
148070 29.2933
148080 29.2857
148090 29.2839
148100 29.2667
148110 29.2433
148120 29.2367
148130 29.2704
148140 29.3236
148150 29.3546
148160 29.3534
148170 29.3482
148180 29.3357
148190 29.3298
148200 29.3643
148210 29.4168
148220 29.4576
148230 29.5036
148240 29.5381
148250 29.544
148260 29.5212
148270 29.4792
148280 29.4291
148290 29.3945
148300 29.3807
148310 29.371
148320 29.3638
148330 29.4
148340 29.475
148350 29.5207
148360 29.506
148370 29.4673
148380 29.4435
148390 29.4272
148400 29.4229
148410 29.4438
148420 29.4725
148430 29.4833
148440 29.4648
148450 29.4334
148460 29.4022
148470 29.3719
148480 29.3486
148490 29.3395
148500 29.3449
148510 29.3556
148520 29.3551
148530 29.3422
148540 29.3423
148550 29.3696
148560 29.4135
148570 29.4685
148580 29.523
148590 29.5513
148600 29.5466
148610 29.5127
148620 29.4585
148630 29.4091
148640 29.3674
148650 29.3458
148660 29.3525
148670 29.3802
148680 29.4067
148690 29.4249
148700 29.4424
148710 29.4444
148720 29.4289
148730 29.4329
148740 29.4613
148750 29.4934
148760 29.5282
148770 29.5476
148780 29.5281
148790 29.4811
148800 29.4531
148810 29.4471
148820 29.4375
148830 29.4287
148840 29.431
148850 29.4319
148860 29.4089
148870 29.3608
148880 29.3117
148890 29.2845
148900 29.2839
148910 29.2833
148920 29.2628
148930 29.2286
148940 29.1886
148950 29.1559
148960 29.1415
148970 29.1388
148980 29.1374
148990 29.1379
149000 29.1488
149010 29.1684
149020 29.1912
149030 29.2196
149040 29.2348
149050 29.2457
149060 29.2645
149070 29.2802
149080 29.2661
149090 29.2444
149100 29.2528
149110 29.2811
149120 29.3071
149130 29.3076
149140 29.292
149150 29.2783
149160 29.2589
149170 29.2341
149180 29.2035
149190 29.1679
149200 29.1445
149210 29.1572
149220 29.1787
149230 29.1912
149240 29.2113
149250 29.236
149260 29.2476
149270 29.2453
149280 29.2311
149290 29.2178
149300 29.1991
149310 29.1557
149320 29.1301
149330 29.1402
149340 29.137
149350 29.1141
149360 29.1088
149370 29.1136
149380 29.102
149390 29.0821
149400 29.0902
149410 29.13
149420 29.1583
149430 29.1502
149440 29.1441
149450 29.1709
149460 29.2314
149470 29.2904
149480 29.3327
149490 29.3712
149500 29.4085
149510 29.452
149520 29.5099
149530 29.5675
149540 29.6259
149550 29.683
149560 29.7338
149570 29.7622
149580 29.777
149590 29.79
149600 29.7847
149610 29.7665
149620 29.7337
149630 29.689
149640 29.6647
149650 29.674
149660 29.6989
149670 29.7022
149680 29.66
149690 29.6029
149700 29.5614
149710 29.5186
149720 29.4692
149730 29.4309
149740 29.4272
149750 29.4548
149760 29.467
149770 29.4494
149780 29.4147
149790 29.3805
149800 29.3665
149810 29.3804
149820 29.4317
149830 29.4781
149840 29.4734
149850 29.4457
149860 29.418
149870 29.4164
149880 29.4623
149890 29.5161
149900 29.546
149910 29.5651
149920 29.5844
149930 29.5769
149940 29.548
149950 29.539
149960 29.5661
149970 29.5824
149980 29.567
149990 29.5488
150000 29.5376
150010 29.5275
150020 29.536
150030 29.5675
150040 29.6007
150050 29.6218
150060 29.6183
150070 29.6046
150080 29.595
150090 29.5986
150100 29.6189
150110 29.6621
150120 29.7173
150130 29.7481
150140 29.7602
150150 29.7685
150160 29.7704
150170 29.7613
150180 29.7485
150190 29.7339
150200 29.7143
150210 29.7144
150220 29.7444
150230 29.7722
150240 29.7841
150250 29.7763
150260 29.7354
150270 29.6775
150280 29.6462
150290 29.6576
150300 29.7003
150310 29.7609
150320 29.8195
150330 29.8468
150340 29.8184
150350 29.7762
150360 29.7598
150370 29.7469
150380 29.7334
150390 29.745
150400 29.7811
150410 29.8153
150420 29.8235
150430 29.8133
150440 29.7949
150450 29.7838
150460 29.7867
150470 29.8008
150480 29.8512
150490 29.924
150500 29.9629
150510 29.9521
150520 29.9092
150530 29.8394
150540 29.7569
150550 29.7023
150560 29.6857
150570 29.6842
150580 29.6894
150590 29.7006
150600 29.703
150610 29.6987
150620 29.7009
150630 29.7106
150640 29.731
150650 29.7612
150660 29.7837
150670 29.8058
150680 29.849
150690 29.9098
150700 29.9796
150710 30.0601
150720 30.1331
150730 30.1921
150740 30.2441
150750 30.2857
150760 30.3068
150770 30.3199
150780 30.3361
150790 30.3572
150800 30.4031
150810 30.4793
150820 30.5534
150830 30.5881
150840 30.5809
150850 30.552
150860 30.5213
150870 30.4826
150880 30.4385
150890 30.4077
150900 30.411
150910 30.4205
150920 30.3993
150930 30.3691
150940 30.3521
150950 30.342
150960 30.3089
150970 30.2719
150980 30.2555
150990 30.2517
151000 30.2631
151010 30.2905
151020 30.3194
151030 30.3474
151040 30.3549
151050 30.3316
151060 30.2865
151070 30.2341
151080 30.1806
151090 30.145
151100 30.1348
151110 30.1379
151120 30.154
151130 30.1859
151140 30.2288
151150 30.2752
151160 30.3116
151170 30.3514
151180 30.3885
151190 30.4222
151200 30.4673
151210 30.5179
151220 30.537
151230 30.5241
151240 30.5186
151250 30.5332
151260 30.5514
151270 30.5778
151280 30.6245
151290 30.6676
151300 30.6849
151310 30.6881
151320 30.702
151330 30.7328
151340 30.7881
151350 30.8612
151360 30.9226
151370 30.9414
151380 30.9209
151390 30.8643
151400 30.8036
151410 30.7685
151420 30.7559
151430 30.7419
151440 30.7165
151450 30.6784
151460 30.6273
151470 30.5791
151480 30.5383
151490 30.48
151500 30.417
151510 30.3975
151520 30.4015
151530 30.3825
151540 30.3459
151550 30.3035
151560 30.2206
151570 30.1099
151580 30.0214
151590 29.981
151600 29.9685
151610 29.9905
151620 30.0522
151630 30.1088
151640 30.1218
151650 30.1027
151660 30.0844
151670 30.0668
151680 30.0554
151690 30.0559
151700 30.059
151710 30.0645
151720 30.0781
151730 30.08
151740 30.0451
151750 30.0078
151760 29.9925
151770 29.9846
151780 29.996
151790 30.0692
151800 30.1872
151810 30.2774
151820 30.3164
151830 30.3255
151840 30.3124
151850 30.3006
151860 30.3267
151870 30.3809
151880 30.4537
151890 30.5288
151900 30.5709
151910 30.5505
151920 30.4959
151930 30.4624
151940 30.4396
151950 30.4149
151960 30.4077
151970 30.4187
151980 30.4069
151990 30.3771
152000 30.359
152010 30.343
152020 30.3243
152030 30.3155
152040 30.3032
152050 30.2768
152060 30.2686
152070 30.2705
152080 30.2198
152090 30.1329
152100 30.0841
152110 30.0797
152120 30.0941
152130 30.1272
152140 30.1682
152150 30.1869
152160 30.1834
152170 30.166
152180 30.1444
152190 30.1279
152200 30.1185
152210 30.1278
152220 30.1706
152230 30.2438
152240 30.317
152250 30.3566
152260 30.352
152270 30.3184
152280 30.2772
152290 30.2699
152300 30.3118
152310 30.3688
152320 30.4148
152330 30.4493
152340 30.4618
152350 30.4545
152360 30.4291
152370 30.4125
152380 30.427
152390 30.4617
152400 30.4842
152410 30.4838
152420 30.4923
152430 30.529
152440 30.5674
152450 30.5875
152460 30.6103
152470 30.6444
152480 30.6643
152490 30.6774
152500 30.7217
152510 30.7882
152520 30.8351
152530 30.8868
152540 30.9198
152550 30.9291
152560 30.9847
152570 31.1113
152580 31.2551
152590 31.3774
152600 31.4825
152610 31.5435
152620 31.5373
152630 31.5174
152640 31.5229
152650 31.5278
152660 31.536
152670 31.5627
152680 31.5851
152690 31.5884
152700 31.564
152710 31.506
152720 31.4444
152730 31.4361
152740 31.4736
152750 31.5159
152760 31.5566
152770 31.5748
152780 31.5514
152790 31.5091
152800 31.4674
152810 31.4141
152820 31.3546
152830 31.3097
152840 31.2765
152850 31.2509
152860 31.2538
152870 31.2763
152880 31.3047
152890 31.3286
152900 31.3238
152910 31.3061
152920 31.295
152930 31.2661
152940 31.24
152950 31.2676
152960 31.3237
152970 31.3688
152980 31.4104
152990 31.4526
153000 31.448
153010 31.3896
153020 31.3406
153030 31.3415
153040 31.3711
153050 31.3811
153060 31.3742
153070 31.3997
153080 31.4449
153090 31.5036
153100 31.5817
153110 31.6361
153120 31.6404
153130 31.599
153140 31.5314
153150 31.4569
153160 31.4215
153170 31.4494
153180 31.4964
153190 31.5177
153200 31.527
153210 31.5242
153220 31.4996
153230 31.4736
153240 31.4507
153250 31.4357
153260 31.4443
153270 31.4669
153280 31.4836
153290 31.4902
153300 31.493
153310 31.4969
153320 31.5067
153330 31.5219
153340 31.5391
153350 31.5433
153360 31.5295
153370 31.5092
153380 31.4766
153390 31.4308
153400 31.3809
153410 31.336
153420 31.3276
153430 31.3677
153440 31.4282
153450 31.4915
153460 31.5659
153470 31.6305
153480 31.6624
153490 31.6718
153500 31.6727
153510 31.6538
153520 31.632
153530 31.6176
153540 31.5989
153550 31.5954
153560 31.6151
153570 31.628
153580 31.5963
153590 31.5421
153600 31.5184
153610 31.5325
153620 31.5545
153630 31.5532
153640 31.5227
153650 31.4887
153660 31.4564
153670 31.4358
153680 31.4569
153690 31.5042
153700 31.5441
153710 31.5647
153720 31.5708
153730 31.5554
153740 31.5331
153750 31.5292
153760 31.5465
153770 31.5644
153780 31.5741
153790 31.5896
153800 31.6105
153810 31.6287
153820 31.618
153830 31.573
153840 31.5324
153850 31.5233
153860 31.5463
153870 31.5899
153880 31.64
153890 31.6575
153900 31.658
153910 31.6795
153920 31.7048
153930 31.7033
153940 31.7024
153950 31.7101
153960 31.7114
153970 31.7413
153980 31.8063
153990 31.8789
154000 31.9466
154010 32.015
154020 32.0445
154030 32.0138
154040 31.9618
154050 31.9058
154060 31.8628
154070 31.8441
154080 31.8274
154090 31.8078
154100 31.8107
154110 31.8453
154120 31.9002
154130 31.9459
154140 31.9613
154150 31.9513
154160 31.9241
154170 31.8843
154180 31.8699
154190 31.8667
154200 31.8481
154210 31.8399
154220 31.8623
154230 31.888
154240 31.8857
154250 31.8598
154260 31.8462
154270 31.8803
154280 31.9354
154290 31.9794
154300 32.0023
154310 32.0037
154320 31.9917
154330 31.9921
154340 31.9905
154350 31.9751
154360 31.9812
154370 32.0007
154380 32.0026
154390 32.0153
154400 32.0554
154410 32.0845
154420 32.0971
154430 32.1352
154440 32.195
154450 32.2249
154460 32.2165
154470 32.1766
154480 32.1139
154490 32.082
154500 32.091
154510 32.1219
154520 32.1688
154530 32.2203
154540 32.2483
154550 32.2736
154560 32.3209
154570 32.3655
154580 32.4039
154590 32.4537
154600 32.4918
154610 32.5041
154620 32.506
154630 32.4944
154640 32.4652
154650 32.4267
154660 32.3966
154670 32.3962
154680 32.3977
154690 32.3857
154700 32.3698
154710 32.3268
154720 32.2684
154730 32.2274
154740 32.1979
154750 32.1671
154760 32.1466
154770 32.1339
154780 32.1257
154790 32.1253
154800 32.1485
154810 32.2032
154820 32.2541
154830 32.2913
154840 32.3206
154850 32.3348
154860 32.3443
154870 32.3843
154880 32.464
154890 32.5523
154900 32.6121
154910 32.6415
154920 32.6679
154930 32.6942
154940 32.7124
154950 32.725
154960 32.7048
154970 32.6362
154980 32.5567
154990 32.5027
155000 32.4578
155010 32.4042
155020 32.3447
155030 32.3079
155040 32.2954
155050 32.2957
155060 32.2917
155070 32.2887
155080 32.2984
155090 32.3031
155100 32.2748
155110 32.228
155120 32.2132
155130 32.2601
155140 32.3426
155150 32.4185
155160 32.4668
155170 32.4826
155180 32.4749
155190 32.4636
155200 32.4515
155210 32.4256
155220 32.3896
155230 32.4
155240 32.4599
155250 32.4958
155260 32.4732
155270 32.4242
155280 32.3731
155290 32.3229
155300 32.2951
155310 32.3116
155320 32.3678
155330 32.45
155340 32.5154
155350 32.5387
155360 32.5409
155370 32.5602
155380 32.6195
155390 32.722
155400 32.8343
155410 32.9078
155420 32.9291
155430 32.9329
155440 32.9577
155450 32.992
155460 33.019
155470 33.0409
155480 33.0437
155490 33.0432
155500 33.0571
155510 33.08
155520 33.0982
155530 33.118
155540 33.1474
155550 33.1819
155560 33.2162
155570 33.2394
155580 33.2451
155590 33.2302
155600 33.1946
155610 33.1496
155620 33.1077
155630 33.0771
155640 33.0653
155650 33.0803
155660 33.1316
155670 33.1871
155680 33.193
155690 33.1522
155700 33.1152
155710 33.0857
155720 33.0385
155730 32.9948
155740 32.9732
155750 32.9528
155760 32.9174
155770 32.9056
155780 32.9261
155790 32.9463
155800 32.9561
155810 32.9669
155820 32.9681
155830 32.9717
155840 32.9844
155850 32.9637
155860 32.9295
155870 32.9421
155880 33.0083
155890 33.1056
155900 33.2147
155910 33.3127
155920 33.3848
155930 33.4278
155940 33.4289
155950 33.3754
155960 33.3214
155970 33.309
155980 33.3486
155990 33.4396
156000 33.5493
156010 33.6469
156020 33.7156
156030 33.7481
156040 33.746
156050 33.7216
156060 33.6915
156070 33.6776
156080 33.6936
156090 33.7248
156100 33.763
156110 33.8045
156120 33.8256
156130 33.8095
156140 33.7726
156150 33.7321
156160 33.6782
156170 33.6067
156180 33.535
156190 33.468
156200 33.4069
156210 33.3532
156220 33.3292
156230 33.3474
156240 33.3726
156250 33.3624
156260 33.3448
156270 33.3463
156280 33.3289
156290 33.2928
156300 33.2819
156310 33.2923
156320 33.2938
156330 33.2806
156340 33.2569
156350 33.2265
156360 33.204
156370 33.1893
156380 33.1741
156390 33.1594
156400 33.1506
156410 33.1425
156420 33.1402
156430 33.1507
156440 33.1582
156450 33.1571
156460 33.1521
156470 33.1264
156480 33.0774
156490 32.9981
156500 32.9001
156510 32.8192
156520 32.7903
156530 32.795
156540 32.8123
156550 32.8596
156560 32.9001
156570 32.88
156580 32.8159
156590 32.7553
156600 32.7158
156610 32.6939
156620 32.6946
156630 32.709
156640 32.7022
156650 32.6738
156660 32.6547
156670 32.6453
156680 32.6359
156690 32.6342
156700 32.6608
156710 32.7091
156720 32.7452
156730 32.7633
156740 32.778
156750 32.7796
156760 32.7645
156770 32.7378
156780 32.6851
156790 32.5976
156800 32.4901
156810 32.3976
156820 32.3564
156830 32.3445
156840 32.3497
156850 32.3519
156860 32.3216
156870 32.2708
156880 32.2279
156890 32.1943
156900 32.1607
156910 32.129
156920 32.1148
156930 32.1134
156940 32.1303
156950 32.1493
156960 32.15
156970 32.1711
156980 32.2337
156990 32.2771
157000 32.2883
157010 32.3186
157020 32.3751
157030 32.4005
157040 32.3796
157050 32.3549
157060 32.3481
157070 32.3468
157080 32.3578
157090 32.3857
157100 32.4153
157110 32.4206
157120 32.4006
157130 32.3844
157140 32.3664
157150 32.3128
157160 32.2406
157170 32.1803
157180 32.1335
157190 32.1073
157200 32.1093
157210 32.1034
157220 32.0368
157230 31.9326
157240 31.8463
157250 31.7863
157260 31.7433
157270 31.7285
157280 31.7539
157290 31.8133
157300 31.873
157310 31.9023
157320 31.9138
157330 31.9341
157340 31.9622
157350 32.0089
157360 32.0799
157370 32.1555
157380 32.2311
157390 32.3014
157400 32.3304
157410 32.3005
157420 32.2412
157430 32.1927
157440 32.1818
157450 32.2051
157460 32.2387
157470 32.2566
157480 32.2486
157490 32.2218
157500 32.1917
157510 32.1832
157520 32.2044
157530 32.2424
157540 32.2947
157550 32.3489
157560 32.3831
157570 32.4074
157580 32.4603
157590 32.5332
157600 32.5917
157610 32.6442
157620 32.696
157630 32.7152
157640 32.7036
157650 32.6654
157660 32.6074
157670 32.568
157680 32.5642
157690 32.5727
157700 32.5857
157710 32.5956
157720 32.6108
157730 32.6429
157740 32.6875
157750 32.7008
157760 32.6752
157770 32.6533
157780 32.6556
157790 32.6899
157800 32.7501
157810 32.7934
157820 32.8138
157830 32.83
157840 32.8382
157850 32.8418
157860 32.8598
157870 32.8947
157880 32.9245
157890 32.9304
157900 32.9113
157910 32.8616
157920 32.8065
157930 32.7867
157940 32.7944
157950 32.8134
157960 32.8628
157970 32.9378
157980 32.9981
157990 33.0243
158000 33.0347
158010 33.0331
158020 33.0146
158030 32.986
158040 32.9509
158050 32.9088
158060 32.8885
158070 32.9019
158080 32.9163
158090 32.9284
158100 32.9623
158110 32.9883
158120 32.9731
158130 32.9474
158140 32.912
158150 32.8587
158160 32.8185
158170 32.8113
158180 32.7951
158190 32.7625
158200 32.7455
158210 32.7574
158220 32.7972
158230 32.8712
158240 32.9558
158250 33.0165
158260 33.0496
158270 33.0667
158280 33.0648
158290 33.0473
158300 33.0292
158310 33.0094
158320 33.0005
158330 33.0231
158340 33.0644
158350 33.0989
158360 33.1509
158370 33.2268
158380 33.2998
158390 33.3536
158400 33.3985
158410 33.4312
158420 33.4516
158430 33.4578
158440 33.4636
158450 33.4638
158460 33.4523
158470 33.4587
158480 33.4853
158490 33.4822
158500 33.4507
158510 33.4132
158520 33.3635
158530 33.31
158540 33.286
158550 33.3034
158560 33.3543
158570 33.4326
158580 33.5197
158590 33.5807
158600 33.6086
158610 33.6431
158620 33.7094
158630 33.7805
158640 33.8434
158650 33.9077
158660 33.9576
158670 33.9816
158680 33.9948
158690 33.9914
158700 33.956
158710 33.9097
158720 33.8979
158730 33.8923
158740 33.8801
158750 33.8867
158760 33.8886
158770 33.8737
158780 33.8695
158790 33.8686
158800 33.8491
158810 33.8296
158820 33.8259
158830 33.8161
158840 33.7967
158850 33.7942
158860 33.8183
158870 33.8579
158880 33.893
158890 33.8937
158900 33.8552
158910 33.7944
158920 33.737
158930 33.6711
158940 33.6157
158950 33.6233
158960 33.678
158970 33.7055
158980 33.6926
158990 33.667
159000 33.6411
159010 33.6173
159020 33.6008
159030 33.6006
159040 33.6152
159050 33.6299
159060 33.6391
159070 33.6551
159080 33.6837
159090 33.7166
159100 33.7528
159110 33.8043
159120 33.8508
159130 33.8705
159140 33.8592
159150 33.8316
159160 33.8077
159170 33.7864
159180 33.7752
159190 33.8014
159200 33.856
159210 33.8937
159220 33.9097
159230 33.925
159240 33.9251
159250 33.8941
159260 33.8624
159270 33.8476
159280 33.8506
159290 33.8567
159300 33.8838
159310 33.9573
159320 34.0281
159330 34.0521
159340 34.0534
159350 34.0475
159360 34.0246
159370 33.9951
159380 33.9714
159390 33.9514
159400 33.9484
159410 33.9455
159420 33.915
159430 33.8717
159440 33.8371
159450 33.8142
159460 33.8107
159470 33.8386
159480 33.8906
159490 33.9303
159500 33.9422
159510 33.9459
159520 33.9583
159530 33.9641
159540 33.9338
159550 33.8838
159560 33.8606
159570 33.866
159580 33.8636
159590 33.8441
159600 33.8199
159610 33.818
159620 33.8476
159630 33.8944
159640 33.9267
159650 33.9497
159660 33.9706
159670 33.9819
159680 33.9718
159690 33.9496
159700 33.9165
159710 33.8994
159720 33.9386
159730 34.0147
159740 34.0888
159750 34.161
159760 34.2287
159770 34.2521
159780 34.2337
159790 34.2234
159800 34.2364
159810 34.2629
159820 34.3136
159830 34.3609
159840 34.3779
159850 34.3754
159860 34.3593
159870 34.3223
159880 34.2625
159890 34.2149
159900 34.1824
159910 34.166
159920 34.1643
159930 34.1636
159940 34.1528
159950 34.1271
159960 34.0845
159970 34.0355
159980 33.99
159990 33.9616
160000 33.9594
160010 33.9812
160020 34.0212
160030 34.0675
160040 34.112
160050 34.1315
160060 34.098
160070 34.0165
160080 33.9239
160090 33.8637
160100 33.8414
160110 33.8495
160120 33.8826
160130 33.9267
160140 33.9414
160150 33.9204
160160 33.9062
160170 33.912
160180 33.9148
160190 33.9149
160200 33.9195
160210 33.9252
160220 33.9239
160230 33.9338
160240 33.9505
160250 33.9726
160260 34.0078
160270 34.0346
160280 34.0505
160290 34.0918
160300 34.1393
160310 34.1519
160320 34.1372
160330 34.1185
160340 34.0995
160350 34.072
160360 34.0524
160370 34.042
160380 34.0361
160390 34.0578
160400 34.1056
160410 34.1268
160420 34.1021
160430 34.0814
160440 34.1032
160450 34.1414
160460 34.181
160470 34.2298
160480 34.254
160490 34.2391
160500 34.2335
160510 34.2332
160520 34.1747
160530 34.0439
160540 33.9172
160550 33.8286
160560 33.776
160570 33.7593
160580 33.7857
160590 33.8376
160600 33.8665
160610 33.8585
160620 33.8424
160630 33.8351
160640 33.8308
160650 33.8292
160660 33.845
160670 33.8965
160680 33.9745
160690 34.0306
160700 34.0467
160710 34.0488
160720 34.0369
160730 33.9998
160740 33.9575
160750 33.9121
160760 33.8622
160770 33.824
160780 33.7916
160790 33.7694
160800 33.7677
160810 33.7774
160820 33.779
160830 33.7696
160840 33.7595
160850 33.7337
160860 33.6864
160870 33.6563
160880 33.6653
160890 33.7113
160900 33.7939
160910 33.8722
160920 33.8878
160930 33.836
160940 33.7713
160950 33.7038
160960 33.636
160970 33.5924
160980 33.5818
160990 33.5868
161000 33.6057
161010 33.6445
161020 33.6848
161030 33.7016
161040 33.6803
161050 33.6059
161060 33.5117
161070 33.4568
161080 33.4399
161090 33.4311
161100 33.4582
161110 33.5281
161120 33.5996
161130 33.6466
161140 33.6635
161150 33.6252
161160 33.572
161170 33.5507
161180 33.5558
161190 33.5912
161200 33.683
161210 33.7928
161220 33.8635
161230 33.897
161240 33.9013
161250 33.8701
161260 33.8236
161270 33.8022
161280 33.7975
161290 33.7904
161300 33.7968
161310 33.7971
161320 33.7689
161330 33.7245
161340 33.6914
161350 33.6901
161360 33.7189
161370 33.7534
161380 33.7744
161390 33.797
161400 33.8415
161410 33.8931
161420 33.9067
161430 33.8585
161440 33.776
161450 33.7099
161460 33.6945
161470 33.703
161480 33.7128
161490 33.7302
161500 33.7749
161510 33.8004
161520 33.7829
161530 33.7598
161540 33.7557
161550 33.7403
161560 33.6942
161570 33.6353
161580 33.5773
161590 33.5397
161600 33.5497
161610 33.5855
161620 33.612
161630 33.6334
161640 33.658
161650 33.6731
161660 33.6792
161670 33.7105
161680 33.7687
161690 33.836
161700 33.9147
161710 33.9869
161720 34.0596
161730 34.1501
161740 34.2329
161750 34.2688
161760 34.2723
161770 34.2585
161780 34.2301
161790 34.204
161800 34.2148
161810 34.2517
161820 34.2878
161830 34.3273
161840 34.3795
161850 34.4117
161860 34.3998
161870 34.3441
161880 34.2749
161890 34.2475
161900 34.2773
161910 34.3523
161920 34.4535
161930 34.5317
161940 34.5383
161950 34.4742
161960 34.3891
161970 34.3049
161980 34.2129
161990 34.1282
162000 34.0958
162010 34.1221
162020 34.1827
162030 34.2669
162040 34.3654
162050 34.4378
162060 34.4506
162070 34.4255
162080 34.3845
162090 34.3588
162100 34.3882
162110 34.4528
162120 34.5091
162130 34.5539
162140 34.5997
162150 34.6453
162160 34.6855
162170 34.7284
162180 34.7641
162190 34.762
162200 34.7284
162210 34.6983
162220 34.6746
162230 34.6617
162240 34.6676
162250 34.6681
162260 34.6607
162270 34.6665
162280 34.6859
162290 34.7114
162300 34.7395
162310 34.7493
162320 34.7244
162330 34.7
162340 34.678
162350 34.6547
162360 34.6355
162370 34.6177
162380 34.6064
162390 34.6367
162400 34.708
162410 34.7578
162420 34.752
162430 34.7217
162440 34.6818
162450 34.6293
162460 34.5909
162470 34.586
162480 34.6215
162490 34.6794
162500 34.7262
162510 34.7282
162520 34.698
162530 34.6759
162540 34.6984
162550 34.7596
162560 34.8344
162570 34.9064
162580 34.9778
162590 35.0374
162600 35.0511
162610 35.0332
162620 35.0205
162630 35.0189
162640 35.0376
162650 35.0825
162660 35.1452
162670 35.1958
162680 35.2083
162690 35.1764
162700 35.1196
162710 35.0576
162720 34.9963
162730 34.9597
162740 34.9604
162750 34.9757
162760 34.9899
162770 34.9992
162780 34.9835
162790 34.9453
162800 34.9042
162810 34.8744
162820 34.85
162830 34.8352
162840 34.8631
162850 34.9005
162860 34.8897
162870 34.8237
162880 34.7385
162890 34.6714
162900 34.643
162910 34.6496
162920 34.6764
162930 34.7166
162940 34.7703
162950 34.8294
162960 34.8748
162970 34.8916
162980 34.8617
162990 34.8096
163000 34.7574
163010 34.7109
163020 34.7053
163030 34.7716
163040 34.8704
163050 34.9551
163060 35.0362
163070 35.1086
163080 35.1261
163090 35.1103
163100 35.104
163110 35.0654
163120 34.9915
163130 34.9331
163140 34.9154
163150 34.9228
163160 34.9484
163170 34.9953
163180 35.051
163190 35.1143
163200 35.1753
163210 35.2136
163220 35.2388
163230 35.2607
163240 35.2659
163250 35.276
163260 35.3175
163270 35.3868
163280 35.456
163290 35.4995
163300 35.5265
163310 35.5413
163320 35.5376
163330 35.5158
163340 35.4962
163350 35.4784
163360 35.4595
163370 35.4498
163380 35.4612
163390 35.498
163400 35.546
163410 35.5794
163420 35.5916
163430 35.6031
163440 35.6491
163450 35.716
163460 35.7504
163470 35.7324
163480 35.6905
163490 35.6473
163500 35.6079
163510 35.5954
163520 35.6011
163530 35.5891
163540 35.5758
163550 35.585
163560 35.6026
163570 35.5937
163580 35.5634
163590 35.5393
163600 35.5262
163610 35.5248
163620 35.5298
163630 35.5225
163640 35.507
163650 35.4997
163660 35.4903
163670 35.4646
163680 35.4464
163690 35.4511
163700 35.4593
163710 35.4615
163720 35.4667
163730 35.4839
163740 35.5118
163750 35.5423
163760 35.5716
163770 35.5856
163780 35.5726
163790 35.5375
163800 35.4856
163810 35.4247
163820 35.3735
163830 35.3408
163840 35.3628
163850 35.4367
163860 35.5137
163870 35.5725
163880 35.6007
163890 35.6034
163900 35.5946
163910 35.6052
163920 35.6604
163930 35.7201
163940 35.7473
163950 35.7646
163960 35.7908
163970 35.7971
163980 35.7719
163990 35.705
164000 35.5938
164010 35.4932
164020 35.4592
164030 35.4439
164040 35.4078
164050 35.3713
164060 35.3501
164070 35.3261
164080 35.3048
164090 35.2907
164100 35.2724
164110 35.2741
164120 35.3094
164130 35.3434
164140 35.3723
164150 35.3955
164160 35.3876
164170 35.3669
164180 35.3695
164190 35.3879
164200 35.3966
164210 35.3922
164220 35.3773
164230 35.3648
164240 35.3718
164250 35.3926
164260 35.402
164270 35.4162
164280 35.4548
164290 35.4841
164300 35.5083
164310 35.5654
164320 35.6202
164330 35.6341
164340 35.6178
164350 35.6066
164360 35.6129
164370 35.6186
164380 35.5991
164390 35.5719
164400 35.5654
164410 35.5676
164420 35.5536
164430 35.5331
164440 35.5199
164450 35.5095
164460 35.5015
164470 35.5045
164480 35.5234
164490 35.5483
164500 35.5381
164510 35.4832
164520 35.4142
164530 35.3592
164540 35.3006
164550 35.2254
164560 35.1665
164570 35.1437
164580 35.1282
164590 35.0851
164600 35.0504
164610 35.0566
164620 35.0721
164630 35.089
164640 35.1166
164650 35.1407
164660 35.1493
164670 35.1395
164680 35.1027
164690 35.0441
164700 35.0023
164710 35.0031
164720 35.0336
164730 35.0538
164740 35.0359
164750 34.9647
164760 34.8537
164770 34.7462
164780 34.6511
164790 34.5622
164800 34.5088
164810 34.5037
164820 34.533
164830 34.574
164840 34.6197
164850 34.6622
164860 34.6766
164870 34.6729
164880 34.6775
164890 34.7049
164900 34.7468
164910 34.7921
164920 34.8196
164930 34.8281
164940 34.8325
164950 34.8415
164960 34.8917
164970 34.9966
164980 35.108
164990 35.1951
165000 35.2678
165010 35.3185
165020 35.3181
165030 35.2752
165040 35.2015
165050 35.1055
165060 35.0386
165070 35.0244
165080 35.0558
165090 35.1023
165100 35.1384
165110 35.1552
165120 35.15
165130 35.1355
165140 35.1149
165150 35.0897
165160 35.0819
165170 35.0681
165180 35.0411
165190 35.045
165200 35.0724
165210 35.0871
165220 35.1102
165230 35.1689
165240 35.2482
165250 35.3334
165260 35.4325
165270 35.5384
165280 35.6338
165290 35.7055
165300 35.7544
165310 35.7897
165320 35.8224
165330 35.8529
165340 35.872
165350 35.8946
165360 35.9314
165370 35.963
165380 35.9665
165390 35.9547
165400 35.9664
165410 35.9985
165420 35.9936
165430 35.9684
165440 35.954
165450 35.9294
165460 35.8973
165470 35.8716
165480 35.8509
165490 35.8308
165500 35.8314
165510 35.8716
165520 35.9115
165530 35.9155
165540 35.8971
165550 35.866
165560 35.8164
165570 35.7715
165580 35.7766
165590 35.8117
165600 35.8311
165610 35.822
165620 35.7895
165630 35.7482
165640 35.6792
165650 35.5757
165660 35.485
165670 35.4672
165680 35.5054
165690 35.5298
165700 35.5084
165710 35.4617
165720 35.4246
165730 35.4246
165740 35.4624
165750 35.5145
165760 35.5537
165770 35.5935
165780 35.6386
165790 35.6468
165800 35.6074
165810 35.5377
165820 35.4609
165830 35.4043
165840 35.4015
165850 35.4422
165860 35.496
165870 35.5734
165880 35.6681
165890 35.7326
165900 35.7482
165910 35.7428
165920 35.7363
165930 35.7329
165940 35.725
165950 35.7081
165960 35.6907
165970 35.6729
165980 35.6351
165990 35.5804
166000 35.5279
166010 35.4947
166020 35.505
166030 35.5517
166040 35.6234
166050 35.6906
166060 35.7154
166070 35.6969
166080 35.6632
166090 35.6456
166100 35.6287
166110 35.5887
166120 35.5545
166130 35.5548
166140 35.5921
166150 35.6632
166160 35.7345
166170 35.761
166180 35.7465
166190 35.7341
166200 35.72
166210 35.7016
166220 35.7066
166230 35.7271
166240 35.7439
166250 35.7802
166260 35.8134
166270 35.7912
166280 35.7271
166290 35.6557
166300 35.5761
166310 35.5017
166320 35.4766
166330 35.4676
166340 35.4345
166350 35.4279
166360 35.4516
166370 35.4602
166380 35.454
166390 35.4561
166400 35.4635
166410 35.4612
166420 35.4437
166430 35.4185
166440 35.4024
166450 35.4026
166460 35.4085
166470 35.4122
166480 35.415
166490 35.4259
166500 35.4317
166510 35.4145
166520 35.3773
166530 35.344
166540 35.3286
166550 35.3424
166560 35.383
166570 35.4248
166580 35.4352
166590 35.4115
166600 35.3804
166610 35.3592
166620 35.3311
166630 35.2851
166640 35.2628
166650 35.2847
166660 35.3081
166670 35.2972
166680 35.2648
166690 35.223
166700 35.1796
166710 35.169
166720 35.1946
166730 35.2285
166740 35.265
166750 35.299
166760 35.2968
166770 35.2512
166780 35.2147
166790 35.228
166800 35.2462
166810 35.2262
166820 35.1911
166830 35.1622
166840 35.13
166850 35.095
166860 35.0874
166870 35.1315
166880 35.2079
166890 35.296
166900 35.3878
166910 35.4614
166920 35.4922
166930 35.4924
166940 35.4988
166950 35.5176
166960 35.5257
166970 35.5113
166980 35.4869
166990 35.465
167000 35.4365
167010 35.3908
167020 35.341
167030 35.3172
167040 35.3361
167050 35.3779
167060 35.4065
167070 35.4186
167080 35.4402
167090 35.4698
167100 35.4938
167110 35.5004
167120 35.4774
167130 35.4248
167140 35.3549
167150 35.2759
167160 35.2201
167170 35.2096
167180 35.2234
167190 35.2193
167200 35.1911
167210 35.1507
167220 35.0816
167230 35.0046
167240 34.9741
167250 34.9889
167260 35.0141
167270 35.0408
167280 35.0773
167290 35.123
167300 35.1484
167310 35.1539
167320 35.1465
167330 35.1412
167340 35.1514
167350 35.1581
167360 35.1575
167370 35.1584
167380 35.1587
167390 35.1623
167400 35.1768
167410 35.19
167420 35.1863
167430 35.1781
167440 35.1923
167450 35.1954
167460 35.1675
167470 35.1511
167480 35.1553
167490 35.1463
167500 35.1341
167510 35.1741
167520 35.2573
167530 35.3209
167540 35.3504
167550 35.3457
167560 35.3106
167570 35.285
167580 35.2792
167590 35.2681
167600 35.274
167610 35.3136
167620 35.3523
167630 35.3738
167640 35.4113
167650 35.4617
167660 35.4802
167670 35.4703
167680 35.4631
167690 35.4609
167700 35.4566
167710 35.4438
167720 35.4094
167730 35.3685
167740 35.3458
167750 35.3604
167760 35.4036
167770 35.4313
167780 35.4423
167790 35.4638
167800 35.4806
167810 35.4736
167820 35.4831
167830 35.5082
167840 35.507
167850 35.486
167860 35.474
167870 35.469
167880 35.4728
167890 35.474
167900 35.4626
167910 35.4565
167920 35.4685
167930 35.4918
167940 35.4996
167950 35.4894
167960 35.4968
167970 35.5304
167980 35.5645
167990 35.5966
168000 35.6317
168010 35.6567
168020 35.6804
168030 35.6976
168040 35.6916
168050 35.6828
168060 35.6908
168070 35.7048
168080 35.7081
168090 35.7235
168100 35.7646
168110 35.8117
168120 35.8658
168130 35.9331
168140 35.9925
168150 36.0137
168160 36.002
168170 35.9832
168180 35.9615
168190 35.9453
168200 35.9299
168210 35.9022
168220 35.8809
168230 35.8902
168240 35.9262
168250 35.9566
168260 35.9641
168270 35.9646
168280 35.9529
168290 35.9129
168300 35.8809
168310 35.8978
168320 35.9592
168330 36.0316
168340 36.0948
168350 36.153
168360 36.1882
168370 36.1705
168380 36.1128
168390 36.0564
168400 36.0066
168410 35.9419
168420 35.8896
168430 35.8926
168440 35.9485
168450 36.0289
168460 36.1163
168470 36.1711
168480 36.1691
168490 36.1418
168500 36.1258
168510 36.1073
168520 36.0727
168530 36.0612
168540 36.0689
168550 36.0739
168560 36.0896
168570 36.12
168580 36.1602
168590 36.1988
168600 36.2248
168610 36.2368
168620 36.2381
168630 36.2279
168640 36.2166
168650 36.2014
168660 36.1814
168670 36.1659
168680 36.146
168690 36.1243
168700 36.1055
168710 36.0873
168720 36.0583
168730 36.0135
168740 35.9778
168750 35.9596
168760 35.951
168770 35.9286
168780 35.8827
168790 35.8357
168800 35.8147
168810 35.8213
168820 35.8468
168830 35.8851
168840 35.949
168850 36.0346
168860 36.1012
168870 36.1197
168880 36.1036
168890 36.0938
168900 36.0885
168910 36.0724
168920 36.0659
168930 36.0894
168940 36.1284
168950 36.16
168960 36.1775
168970 36.1858
168980 36.1881
168990 36.2024
169000 36.2225
169010 36.2206
169020 36.2074
169030 36.1908
169040 36.1473
169050 36.1021
169060 36.1018
169070 36.1542
169080 36.2228
169090 36.2792
169100 36.3183
169110 36.3252
169120 36.3118
169130 36.2995
169140 36.294
169150 36.311
169160 36.3314
169170 36.3218
169180 36.2917
169190 36.2522
169200 36.2171
169210 36.216
169220 36.2503
169230 36.2765
169240 36.2765
169250 36.2663
169260 36.2499
169270 36.233
169280 36.2308
169290 36.2436
169300 36.2666
169310 36.2866
169320 36.3029
169330 36.3221
169340 36.3392
169350 36.3584
169360 36.3847
169370 36.4094
169380 36.4289
169390 36.4526
169400 36.4615
169410 36.4533
169420 36.4357
169430 36.407
169440 36.3922
169450 36.4043
169460 36.4178
169470 36.4117
169480 36.3806
169490 36.3262
169500 36.2534
169510 36.1866
169520 36.1473
169530 36.125
169540 36.1054
169550 36.0999
169560 36.1003
169570 36.1036
169580 36.1187
169590 36.1343
169600 36.1342
169610 36.1269
169620 36.1279
169630 36.1297
169640 36.1166
169650 36.1085
169660 36.1243
169670 36.155
169680 36.1912
169690 36.2224
169700 36.233
169710 36.2165
169720 36.1869
169730 36.1904
169740 36.218
169750 36.2259
169760 36.2105
169770 36.1896
169780 36.1741
169790 36.1644
169800 36.1799
169810 36.2122
169820 36.2387
169830 36.2723
169840 36.2989
169850 36.3099
169860 36.3178
169870 36.3176
169880 36.2896
169890 36.2584
169900 36.2675
169910 36.2919
169920 36.2757
169930 36.2454
169940 36.2509
169950 36.2744
169960 36.2921
169970 36.3149
169980 36.3385
169990 36.3454
170000 36.31
170010 36.2344
170020 36.1474
170030 36.0593
170040 35.9807
170050 35.9313
170060 35.9068
170070 35.8687
170080 35.8318
170090 35.8275
170100 35.8578
170110 35.905
170120 35.9462
170130 35.9619
170140 35.9441
170150 35.8973
170160 35.834
170170 35.7558
170180 35.6765
170190 35.6328
170200 35.6365
170210 35.677
170220 35.7339
170230 35.7741
170240 35.7999
170250 35.8249
170260 35.856
170270 35.8818
170280 35.9006
170290 35.9012
170300 35.8983
170310 35.9204
170320 35.9544
170330 35.9906
170340 36.025
170350 36.0493
170360 36.0765
170370 36.1212
170380 36.1506
170390 36.1405
170400 36.1129
170410 36.0918
170420 36.0683
170430 36.0647
170440 36.0823
170450 36.0791
170460 36.0491
170470 36.0181
170480 36.0017
170490 35.9835
170500 35.9556
170510 35.9079
170520 35.8644
170530 35.8457
170540 35.8302
170550 35.813
170560 35.8269
170570 35.8608
170580 35.8844
170590 35.8861
170600 35.884
170610 35.8605
170620 35.817
170630 35.7791
170640 35.7398
170650 35.6851
170660 35.6262
170670 35.5889
170680 35.5925
170690 35.6464
170700 35.7207
170710 35.7897
170720 35.8582
170730 35.9168
170740 35.9601
170750 35.9901
170760 36.0157
170770 36.0186
170780 35.984
170790 35.9525
170800 35.9442
170810 35.9186
170820 35.8835
170830 35.8888
170840 35.9233
170850 35.9465
170860 35.9535
170870 35.9754
170880 36.0057
170890 36.038
170900 36.0757
170910 36.1245
170920 36.1841
170930 36.2419
170940 36.264
170950 36.2566
170960 36.2628
170970 36.2636
170980 36.2562
170990 36.2875
171000 36.3426
171010 36.3608
171020 36.3444
171030 36.3294
171040 36.3105
171050 36.2794
171060 36.2442
171070 36.2097
171080 36.177
171090 36.1619
171100 36.1766
171110 36.1983
171120 36.2184
171130 36.2448
171140 36.2709
171150 36.2923
171160 36.3151
171170 36.3321
171180 36.3197
171190 36.2904
171200 36.2685
171210 36.2477
171220 36.2178
171230 36.1823
171240 36.1519
171250 36.1437
171260 36.167
171270 36.2103
171280 36.2536
171290 36.2778
171300 36.2817
171310 36.2798
171320 36.2632
171330 36.2358
171340 36.2129
171350 36.1968
171360 36.2039
171370 36.238
171380 36.2615
171390 36.2569
171400 36.244
171410 36.2501
171420 36.2849
171430 36.3371
171440 36.41
171450 36.4889
171460 36.5207
171470 36.496
171480 36.4589
171490 36.4383
171500 36.4287
171510 36.4392
171520 36.4456
171530 36.4339
171540 36.4381
171550 36.4706
171560 36.5064
171570 36.5486
171580 36.5963
171590 36.6296
171600 36.6544
171610 36.6872
171620 36.694
171630 36.666
171640 36.6401
171650 36.6221
171660 36.594
171670 36.5921
171680 36.6378
171690 36.6941
171700 36.7261
171710 36.7411
171720 36.7125
171730 36.6421
171740 36.5902
171750 36.5823
171760 36.61
171770 36.6612
171780 36.725
171790 36.7834
171800 36.8054
171810 36.7838
171820 36.737
171830 36.6958
171840 36.6821
171850 36.6845
171860 36.7262
171870 36.8087
171880 36.8946
171890 36.9623
171900 37.0032
171910 36.9977
171920 36.9681
171930 36.9612
171940 36.9673
171950 36.9857
171960 37.0316
171970 37.0641
171980 37.0633
171990 37.035
172000 36.9954
172010 36.9647
172020 36.9541
172030 36.9498
172040 36.9327
172050 36.9068
172060 36.8905
172070 36.8781
172080 36.8559
172090 36.841
172100 36.8526
172110 36.8732
172120 36.9068
172130 36.9405
172140 36.9452
172150 36.9294
172160 36.9323
172170 36.9586
172180 36.9488
172190 36.8858
172200 36.8015
172210 36.7286
172220 36.6885
172230 36.6906
172240 36.7173
172250 36.7524
172260 36.7747
172270 36.774
172280 36.7684
172290 36.7469
172300 36.6937
172310 36.6478
172320 36.6288
172330 36.5948
172340 36.5433
172350 36.5118
172360 36.5105
172370 36.4982
172380 36.4574
172390 36.4004
172400 36.3648
172410 36.357
172420 36.3575
172430 36.3803
172440 36.4146
172450 36.4169
172460 36.3915
172470 36.3787
172480 36.3787
172490 36.3862
172500 36.4097
172510 36.4458
172520 36.4757
172530 36.5054
172540 36.5578
172550 36.6194
172560 36.6775
172570 36.7258
172580 36.7504
172590 36.7418
172600 36.7089
172610 36.679
172620 36.6704
172630 36.6951
172640 36.7649
172650 36.8683
172660 36.96
172670 36.9973
172680 36.9597
172690 36.8725
172700 36.7813
172710 36.7148
172720 36.7094
172730 36.7467
172740 36.7798
172750 36.7961
172760 36.7857
172770 36.7522
172780 36.7111
172790 36.6877
172800 36.682
172810 36.669
172820 36.664
172830 36.6908
172840 36.7346
172850 36.7669
172860 36.788
172870 36.7957
172880 36.7638
172890 36.7095
172900 36.6691
172910 36.6529
172920 36.6399
172930 36.6265
172940 36.6388
172950 36.6842
172960 36.7246
172970 36.7325
172980 36.7046
172990 36.6433
173000 36.5517
173010 36.448
173020 36.3577
173030 36.3142
173040 36.3263
173050 36.368
173060 36.407
173070 36.4202
173080 36.3916
173090 36.3435
173100 36.29
173110 36.2429
173120 36.2367
173130 36.2865
173140 36.3782
173150 36.4786
173160 36.5397
173170 36.5442
173180 36.5313
173190 36.5363
173200 36.5565
173210 36.5886
173220 36.6288
173230 36.636
173240 36.5969
173250 36.5497
173260 36.4915
173270 36.415
173280 36.3615
173290 36.3485
173300 36.3368
173310 36.3102
173320 36.2747
173330 36.2421
173340 36.2203
173350 36.2023
173360 36.2023
173370 36.2279
173380 36.2681
173390 36.2914
173400 36.2797
173410 36.259
173420 36.2669
173430 36.2976
173440 36.3463
173450 36.4125
173460 36.4469
173470 36.4233
173480 36.3717
173490 36.3326
173500 36.3369
173510 36.3901
173520 36.4833
173530 36.5963
173540 36.6933
173550 36.731
173560 36.6938
173570 36.6186
173580 36.5565
173590 36.5065
173600 36.4757
173610 36.4905
173620 36.5454
173630 36.5864
173640 36.5924
173650 36.5918
173660 36.5742
173670 36.5322
173680 36.4718
173690 36.3993
173700 36.3401
173710 36.3017
173720 36.2669
173730 36.2219
173740 36.1753
173750 36.1543
173760 36.1479
173770 36.118
173780 36.0887
173790 36.0828
173800 36.0823
173810 36.093
173820 36.1394
173830 36.1915
173840 36.2181
173850 36.2315
173860 36.2334
173870 36.2141
173880 36.2191
173890 36.2743
173900 36.3493
173910 36.4142
173920 36.4682
173930 36.525
173940 36.5756
173950 36.5896
173960 36.577
173970 36.5718
173980 36.5695
173990 36.5489
174000 36.5223
174010 36.4931
174020 36.4488
174030 36.3853
174040 36.3317
174050 36.2956
174060 36.2523
174070 36.2256
174080 36.2597
174090 36.3209
174100 36.3601
174110 36.3867
174120 36.4326
174130 36.4856
174140 36.5323
174150 36.5821
174160 36.6384
174170 36.6894
174180 36.745
174190 36.8189
174200 36.8951
174210 36.9709
174220 37.0425
174230 37.0688
174240 37.0545
174250 37.039
174260 37.042
174270 37.0502
174280 37.0678
174290 37.0525
174300 36.9712
174310 36.8792
174320 36.8101
174330 36.7311
174340 36.6561
174350 36.6312
174360 36.6365
174370 36.6383
174380 36.6583
174390 36.6964
174400 36.7266
174410 36.7523
174420 36.7809
174430 36.7885
174440 36.7669
174450 36.7255
174460 36.6545
174470 36.5844
174480 36.5536
174490 36.5557
174500 36.5753
174510 36.6063
174520 36.6316
174530 36.6458
174540 36.644
174550 36.645
174560 36.6632
174570 36.6679
174580 36.6597
174590 36.6627
174600 36.6597
174610 36.6593
174620 36.6987
174630 36.7563
174640 36.8021
174650 36.8391
174660 36.8811
174670 36.9208
174680 36.9476
174690 36.944
174700 36.8985
174710 36.8414
174720 36.8088
174730 36.7984
174740 36.7996
174750 36.8282
174760 36.8583
174770 36.8498
174780 36.8404
174790 36.8526
174800 36.8628
174810 36.88
174820 36.909
174830 36.921
174840 36.8975
174850 36.8666
174860 36.8508
174870 36.8465
174880 36.8496
174890 36.8695
174900 36.9163
174910 36.9954
174920 37.0673
174930 37.1044
174940 37.1182
174950 37.1171
174960 37.1056
174970 37.1094
174980 37.1303
174990 37.1709
175000 37.2339
175010 37.2964
175020 37.3164
175030 37.2939
175040 37.2598
175050 37.2332
175060 37.2145
175070 37.2054
175080 37.205
175090 37.2116
175100 37.2235
175110 37.2109
175120 37.1751
175130 37.1636
175140 37.2048
175150 37.2701
175160 37.314
175170 37.3234
175180 37.3125
175190 37.2821
175200 37.2356
175210 37.2039
175220 37.1987
175230 37.1996
175240 37.2148
175250 37.2573
175260 37.2907
175270 37.2985
175280 37.2887
175290 37.2859
175300 37.2914
175310 37.3095
175320 37.3377
175330 37.3516
175340 37.3326
175350 37.2977
175360 37.2529
175370 37.1757
175380 37.0761
175390 36.9973
175400 36.9463
175410 36.9161
175420 36.9118
175430 36.9312
175440 36.9627
175450 36.9662
175460 36.9101
175470 36.8427
175480 36.7836
175490 36.7369
175500 36.7433
175510 36.8243
175520 36.9151
175530 36.9683
175540 36.9853
175550 36.9639
175560 36.9115
175570 36.8748
175580 36.8826
175590 36.9354
175600 37.0286
175610 37.1256
175620 37.1789
175630 37.1869
175640 37.1715
175650 37.1408
175660 37.0984
175670 37.0567
175680 37.0401
175690 37.0804
175700 37.1773
175710 37.2977
175720 37.4102
175730 37.4983
175740 37.5502
175750 37.5631
175760 37.5424
175770 37.5109
175780 37.5019
175790 37.512
175800 37.5232
175810 37.5324
175820 37.5326
175830 37.528
175840 37.5312
175850 37.5307
175860 37.5251
175870 37.5486
175880 37.5804
175890 37.5865
175900 37.5768
175910 37.5708
175920 37.556
175930 37.5461
175940 37.5808
175950 37.6365
175960 37.6659
175970 37.6713
175980 37.6826
175990 37.6965
176000 37.7037
176010 37.7027
176020 37.6998
176030 37.7237
176040 37.7585
176050 37.7596
176060 37.7408
176070 37.7037
176080 37.6195
176090 37.5085
176100 37.4276
176110 37.395
176120 37.3934
176130 37.4266
176140 37.4786
176150 37.5254
176160 37.5528
176170 37.5644
176180 37.577
176190 37.5984
176200 37.6335
176210 37.6798
176220 37.7238
176230 37.728
176240 37.6987
176250 37.6893
176260 37.7114
176270 37.7441
176280 37.776
176290 37.805
176300 37.8162
176310 37.7964
176320 37.7586
176330 37.7256
176340 37.6879
176350 37.6596
176360 37.6847
176370 37.748
176380 37.8158
176390 37.8567
176400 37.8641
176410 37.8722
176420 37.8932
176430 37.9019
176440 37.8797
176450 37.8384
176460 37.8003
176470 37.7881
176480 37.7841
176490 37.7686
176500 37.7685
176510 37.7853
176520 37.7948
176530 37.7999
176540 37.8001
176550 37.7839
176560 37.7652
176570 37.7682
176580 37.7851
176590 37.7954
176600 37.7928
176610 37.7921
176620 37.822
176630 37.8692
176640 37.9007
176650 37.888
176660 37.8371
176670 37.7691
176680 37.7168
176690 37.6982
176700 37.7121
176710 37.7622
176720 37.8282
176730 37.8775
176740 37.8943
176750 37.8861
176760 37.8418
176770 37.7721
176780 37.7146
176790 37.6732
176800 37.6639
176810 37.6967
176820 37.7487
176830 37.7806
176840 37.7793
176850 37.7693
176860 37.7564
176870 37.7274
176880 37.6897
176890 37.6569
176900 37.634
176910 37.5979
176920 37.5676
176930 37.5741
176940 37.6025
176950 37.647
176960 37.7268
176970 37.8196
176980 37.8826
176990 37.9178
177000 37.9212
177010 37.8924
177020 37.8623
177030 37.851
177040 37.8606
177050 37.8905
177060 37.9319
177070 37.9442
177080 37.9057
177090 37.8505
177100 37.8059
177110 37.7837
177120 37.7979
177130 37.8545
177140 37.9088
177150 37.9085
177160 37.8706
177170 37.841
177180 37.8226
177190 37.8049
177200 37.7948
177210 37.779
177220 37.7649
177230 37.7723
177240 37.7899
177250 37.7567
177260 37.6579
177270 37.5633
177280 37.5158
177290 37.5001
177300 37.5271
177310 37.6167
177320 37.7393
177330 37.8304
177340 37.8439
177350 37.8295
177360 37.8433
177370 37.8617
177380 37.8528
177390 37.8315
177400 37.8285
177410 37.8378
177420 37.8139
177430 37.7712
177440 37.7485
177450 37.7488
177460 37.7522
177470 37.7172
177480 37.6391
177490 37.5807
177500 37.5829
177510 37.5935
177520 37.5739
177530 37.5505
177540 37.5261
177550 37.4872
177560 37.4493
177570 37.4518
177580 37.4881
177590 37.5135
177600 37.5146
177610 37.5078
177620 37.4976
177630 37.4712
177640 37.4519
177650 37.4615
177660 37.487
177670 37.5238
177680 37.5536
177690 37.5531
177700 37.5433
177710 37.5438
177720 37.5205
177730 37.458
177740 37.3914
177750 37.365
177760 37.4018
177770 37.4718
177780 37.54
177790 37.5898
177800 37.5972
177810 37.5789
177820 37.5787
177830 37.6005
177840 37.6046
177850 37.5708
177860 37.537
177870 37.5415
177880 37.5524
177890 37.5551
177900 37.5835
177910 37.6242
177920 37.6581
177930 37.709
177940 37.7832
177950 37.8488
177960 37.8812
177970 37.8746
177980 37.8616
177990 37.8611
178000 37.881
178010 37.9345
178020 38.0028
178030 38.0739
178040 38.1407
178050 38.1762
178060 38.1853
178070 38.181
178080 38.1428
178090 38.0649
178100 37.9736
178110 37.8751
178120 37.7868
178130 37.7457
178140 37.7509
178150 37.7684
178160 37.8005
178170 37.8612
178180 37.9525
178190 38.0603
178200 38.1719
178210 38.2506
178220 38.2852
178230 38.2866
178240 38.2619
178250 38.204
178260 38.1094
178270 38.0072
178280 37.9451
178290 37.9402
178300 37.9622
178310 37.9646
178320 37.9354
178330 37.9093
178340 37.8801
178350 37.8245
178360 37.7544
178370 37.7104
178380 37.6953
178390 37.7013
178400 37.7637
178410 37.8821
178420 37.9991
178430 38.0821
178440 38.1267
178450 38.1294
178460 38.1118
178470 38.104
178480 38.098
178490 38.0793
178500 38.068
178510 38.0504
178520 37.9916
178530 37.9169
178540 37.8795
178550 37.8743
178560 37.8892
178570 37.9326
178580 37.9897
178590 38.0242
178600 38.0284
178610 38.0125
178620 37.9895
178630 37.976
178640 37.9854
178650 38.0099
178660 38.0493
178670 38.0948
178680 38.1155
178690 38.1129
178700 38.1139
178710 38.092
178720 38.0251
178730 37.9441
178740 37.9217
178750 37.9976
178760 38.1204
178770 38.2386
178780 38.3128
178790 38.3174
178800 38.2622
178810 38.1589
178820 38.0494
178830 38.0104
178840 38.0609
178850 38.158
178860 38.2702
178870 38.3768
178880 38.442
178890 38.4325
178900 38.393
178910 38.3627
178920 38.3546
178930 38.3934
178940 38.4696
178950 38.5337
178960 38.5718
178970 38.5989
178980 38.6202
178990 38.6542
179000 38.6966
179010 38.7324
179020 38.7755
179030 38.8309
179040 38.8748
179050 38.8905
179060 38.8824
179070 38.8595
179080 38.8319
179090 38.8279
179100 38.8557
179110 38.861
179120 38.8253
179130 38.7958
179140 38.8012
179150 38.8171
179160 38.8195
179170 38.7856
179180 38.6906
179190 38.5454
179200 38.4016
179210 38.2905
179220 38.2385
179230 38.254
179240 38.288
179250 38.3039
179260 38.2936
179270 38.2579
179280 38.1926
179290 38.1146
179300 38.0586
179310 38.0392
179320 38.0457
179330 38.0413
179340 38.0273
179350 38.0329
179360 38.0758
179370 38.1532
179380 38.2325
179390 38.2827
179400 38.2862
179410 38.2494
179420 38.2032
179430 38.1789
179440 38.1934
179450 38.2348
179460 38.2936
179470 38.3572
179480 38.4016
179490 38.407
179500 38.3661
179510 38.3082
179520 38.2915
179530 38.3367
179540 38.3899
179550 38.4229
179560 38.4473
179570 38.4352
179580 38.376
179590 38.3194
179600 38.3273
179610 38.3994
179620 38.5082
179630 38.616
179640 38.6872
179650 38.7142
179660 38.6981
179670 38.6373
179680 38.5627
179690 38.5323
179700 38.5337
179710 38.5296
179720 38.522
179730 38.5242
179740 38.5175
179750 38.4972
179760 38.476
179770 38.4638
179780 38.4556
179790 38.4457
179800 38.4486
179810 38.4693
179820 38.4844
179830 38.472
179840 38.4599
179850 38.4848
179860 38.5235
179870 38.546
179880 38.5743
179890 38.6212
179900 38.6222
179910 38.5595
179920 38.468
179930 38.3776
179940 38.3007
179950 38.2515
179960 38.2233
179970 38.213
179980 38.2384
179990 38.3064
180000 38.3776
180010 38.4197
180020 38.4253
180030 38.4068
180040 38.3867
180050 38.3998
180060 38.4536
180070 38.507
180080 38.5326
180090 38.5068
180100 38.4128
180110 38.2933
180120 38.2197
180130 38.2311
180140 38.3025
180150 38.3757
180160 38.4472
180170 38.5264
180180 38.5922
180190 38.6167
180200 38.6021
180210 38.5704
180220 38.5451
180230 38.5339
180240 38.5283
180250 38.5322
180260 38.5207
180270 38.4646
180280 38.38
180290 38.3187
180300 38.286
180310 38.2657
180320 38.2817
180330 38.3382
180340 38.3837
180350 38.3786
180360 38.336
180370 38.2808
180380 38.2479
180390 38.2682
180400 38.3435
180410 38.4331
180420 38.4989
180430 38.5249
180440 38.5094
180450 38.4896
180460 38.5034
180470 38.5621
180480 38.6363
180490 38.6972
180500 38.7566
180510 38.8239
180520 38.8793
180530 38.8984
180540 38.8898
180550 38.8813
180560 38.8849
180570 38.9118
180580 38.9435
180590 38.9217
180600 38.8685
180610 38.8281
180620 38.7798
180630 38.7112
180640 38.6783
180650 38.6888
180660 38.6961
180670 38.7086
180680 38.7617
180690 38.8251
180700 38.8606
180710 38.8833
180720 38.9055
180730 38.9213
180740 38.9423
180750 38.9626
180760 38.9625
180770 38.9247
180780 38.8541
180790 38.7937
180800 38.7628
180810 38.7599
180820 38.7824
180830 38.8422
180840 38.92
180850 38.9538
180860 38.9425
180870 38.9106
180880 38.857
180890 38.8093
180900 38.8174
180910 38.8545
180920 38.865
180930 38.8474
180940 38.8161
180950 38.7828
180960 38.7426
180970 38.7031
180980 38.6804
180990 38.6857
181000 38.7098
181010 38.7219
181020 38.6987
181030 38.6415
181040 38.571
181050 38.5305
181060 38.5342
181070 38.5566
181080 38.5857
181090 38.6306
181100 38.6751
181110 38.6891
181120 38.6861
181130 38.7002
181140 38.7382
181150 38.7588
181160 38.7308
181170 38.6845
181180 38.6588
181190 38.6408
181200 38.618
181210 38.6129
181220 38.641
181230 38.6772
181240 38.7074
181250 38.7289
181260 38.7404
181270 38.7314
181280 38.722
181290 38.7417
181300 38.7618
181310 38.7736
181320 38.8084
181330 38.8699
181340 38.9295
181350 38.9882
181360 39.0469
181370 39.0912
181380 39.0909
181390 39.0585
181400 39.0473
181410 39.077
181420 39.1368
181430 39.1994
181440 39.258
181450 39.2953
181460 39.2827
181470 39.2363
181480 39.1702
181490 39.1003
181500 39.0476
181510 39.0162
181520 39.0076
181530 39.0154
181540 39.0216
181550 39.0075
181560 38.9788
181570 38.9556
181580 38.9483
181590 38.9352
181600 38.9171
181610 38.9344
181620 38.9698
181630 38.9512
181640 38.8833
181650 38.8318
181660 38.8042
181670 38.7544
181680 38.6978
181690 38.6783
181700 38.6972
181710 38.7449
181720 38.7997
181730 38.828
181740 38.7934
181750 38.7143
181760 38.6661
181770 38.6945
181780 38.7676
181790 38.8364
181800 38.8731
181810 38.8752
181820 38.8303
181830 38.7696
181840 38.7355
181850 38.7086
181860 38.6937
181870 38.716
181880 38.753
181890 38.7756
181900 38.789
181910 38.7831
181920 38.7441
181930 38.7042
181940 38.6828
181950 38.6741
181960 38.6773
181970 38.6864
181980 38.6757
181990 38.6532
182000 38.637
182010 38.5995
182020 38.5461
182030 38.5366
182040 38.5833
182050 38.644
182060 38.7028
182070 38.7394
182080 38.7363
182090 38.714
182100 38.6922
182110 38.6838
182120 38.7088
182130 38.7748
182140 38.8519
182150 38.9004
182160 38.9183
182170 38.9217
182180 38.8991
182190 38.8464
182200 38.7912
182210 38.7579
182220 38.7371
182230 38.7231
182240 38.7276
182250 38.7455
182260 38.7772
182270 38.8276
182280 38.9091
182290 39.0169
182300 39.0957
182310 39.1075
182320 39.0784
182330 39.0303
182340 38.9615
182350 38.8962
182360 38.8891
182370 38.9222
182380 38.9335
182390 38.8937
182400 38.8216
182410 38.734
182420 38.6514
182430 38.5997
182440 38.5691
182450 38.554
182460 38.5713
182470 38.5969
182480 38.6078
182490 38.6001
182500 38.5745
182510 38.5483
182520 38.5556
182530 38.5921
182540 38.6221
182550 38.6441
182560 38.6669
182570 38.6879
182580 38.6741
182590 38.5887
182600 38.4645
182610 38.3584
182620 38.3028
182630 38.2899
182640 38.2924
182650 38.2956
182660 38.2931
182670 38.3033
182680 38.3078
182690 38.2798
182700 38.2398
182710 38.2384
182720 38.2902
182730 38.3599
182740 38.4055
182750 38.403
182760 38.3573
182770 38.31
182780 38.2869
182790 38.2811
182800 38.273
182810 38.2531
182820 38.2151
182830 38.1587
182840 38.1116
182850 38.1005
182860 38.1371
182870 38.2011
182880 38.2545
182890 38.2769
182900 38.2491
182910 38.1803
182920 38.1159
182930 38.0793
182940 38.054
182950 38.037
182960 38.0214
182970 37.9901
182980 37.9433
182990 37.9088
183000 37.9211
183010 37.9728
183020 38.0329
183030 38.0728
183040 38.0853
183050 38.0846
183060 38.0894
183070 38.1036
183080 38.1087
183090 38.1099
183100 38.1408
183110 38.2233
183120 38.3143
183130 38.3788
183140 38.436
183150 38.4766
183160 38.4599
183170 38.401
183180 38.3725
183190 38.3863
183200 38.3994
183210 38.3908
183220 38.3947
183230 38.415
183240 38.419
183250 38.3984
183260 38.3552
183270 38.3285
183280 38.3638
183290 38.4402
183300 38.531
183310 38.6067
183320 38.6387
183330 38.6428
183340 38.63
183350 38.6135
183360 38.6078
183370 38.5991
183380 38.6034
183390 38.6188
183400 38.6345
183410 38.6411
183420 38.6455
183430 38.6552
183440 38.6635
183450 38.6464
183460 38.6182
183470 38.5929
183480 38.5622
183490 38.5367
183500 38.5294
183510 38.5221
183520 38.5139
183530 38.5042
183540 38.4929
183550 38.4932
183560 38.495
183570 38.4749
183580 38.4469
183590 38.4285
183600 38.402
183610 38.3678
183620 38.3475
183630 38.3368
183640 38.3365
183650 38.3384
183660 38.3316
183670 38.3392
183680 38.3637
183690 38.3809
183700 38.3867
183710 38.4082
183720 38.4486
183730 38.4709
183740 38.4629
183750 38.4474
183760 38.4688
183770 38.5385
183780 38.6229
183790 38.6859
183800 38.756
183810 38.8333
183820 38.8813
183830 38.8856
183840 38.8535
183850 38.8044
183860 38.7452
183870 38.6717
183880 38.6005
183890 38.5497
183900 38.5266
183910 38.5041
183920 38.4491
183930 38.3616
183940 38.2459
183950 38.1506
183960 38.1151
183970 38.1185
183980 38.1491
183990 38.2016
184000 38.2403
184010 38.2473
184020 38.2404
184030 38.2543
184040 38.2832
184050 38.3118
184060 38.362
184070 38.4463
184080 38.5543
184090 38.6377
184100 38.6754
184110 38.7051
184120 38.7285
184130 38.7224
184140 38.7296
184150 38.7717
184160 38.8174
184170 38.8524
184180 38.8769
184190 38.8832
184200 38.8704
184210 38.8655
184220 38.8581
184230 38.8418
184240 38.8429
184250 38.8585
184260 38.8785
184270 38.8974
184280 38.8913
184290 38.8545
184300 38.8241
184310 38.8261
184320 38.8609
184330 38.9287
184340 39.0044
184350 39.0477
184360 39.0614
184370 39.0363
184380 38.965
184390 38.8832
184400 38.8275
184410 38.7988
184420 38.7944
184430 38.8233
184440 38.8463
184450 38.8176
184460 38.754
184470 38.6973
184480 38.6809
184490 38.7112
184500 38.764
184510 38.8232
184520 38.8645
184530 38.8763
184540 38.8664
184550 38.8595
184560 38.8786
184570 38.9237
184580 38.9767
184590 39.03
184600 39.0697
184610 39.1049
184620 39.1479
184630 39.1578
184640 39.1087
184650 39.0329
184660 38.9701
184670 38.9386
184680 38.9358
184690 38.9435
184700 38.9297
184710 38.8948
184720 38.8691
184730 38.858
184740 38.8348
184750 38.7815
184760 38.7196
184770 38.6849
184780 38.6861
184790 38.7148
184800 38.7726
184810 38.8633
184820 38.9511
184830 38.9766
184840 38.9323
184850 38.8546
184860 38.7812
184870 38.7587
184880 38.7974
184890 38.8614
184900 38.9229
184910 38.9678
184920 38.9945
184930 39.0057
184940 38.9872
184950 38.9684
184960 38.9845
184970 39.0285
184980 39.0846
184990 39.1493
185000 39.2062
185010 39.2174
185020 39.1671
185030 39.1012
185040 39.064
185050 39.0606
185060 39.0908
185070 39.1431
185080 39.1888
185090 39.2341
185100 39.2868
185110 39.3088
185120 39.2961
185130 39.2636
185140 39.21
185150 39.1761
185160 39.1955
185170 39.239
185180 39.2694
185190 39.2636
185200 39.233
185210 39.1995
185220 39.1808
185230 39.1905
185240 39.2081
185250 39.2167
185260 39.2209
185270 39.2121
185280 39.1861
185290 39.1852
185300 39.2275
185310 39.2836
185320 39.3108
185330 39.3126
185340 39.3121
185350 39.3099
185360 39.2999
185370 39.2912
185380 39.2816
185390 39.2513
185400 39.2077
185410 39.1619
185420 39.1101
185430 39.0705
185440 39.0576
185450 39.0328
185460 38.9719
185470 38.9179
185480 38.8895
185490 38.8788
185500 38.8821
185510 38.8922
185520 38.8896
185530 38.8684
185540 38.8543
185550 38.845
185560 38.8199
185570 38.7836
185580 38.7576
185590 38.7423
185600 38.7401
185610 38.7504
185620 38.7489
185630 38.7232
185640 38.6894
185650 38.6573
185660 38.624
185670 38.5917
185680 38.5626
185690 38.5532
185700 38.5792
185710 38.6505
185720 38.7198
185730 38.7404
185740 38.7162
185750 38.6473
185760 38.5493
185770 38.4517
185780 38.4056
185790 38.4162
185800 38.4448
185810 38.5117
185820 38.6169
185830 38.6971
185840 38.719
185850 38.7207
185860 38.7231
185870 38.7037
185880 38.6911
185890 38.7258
185900 38.7706
185910 38.8068
185920 38.854
185930 38.8936
185940 38.8976
185950 38.886
185960 38.8716
185970 38.8507
185980 38.82
185990 38.7987
186000 38.8087
186010 38.8389
186020 38.8522
186030 38.8571
186040 38.862
186050 38.8438
186060 38.8069
186070 38.7721
186080 38.7344
186090 38.7059
186100 38.7028
186110 38.7113
186120 38.7266
186130 38.7215
186140 38.6953
186150 38.6713
186160 38.6696
186170 38.6881
186180 38.7243
186190 38.7742
186200 38.8308
186210 38.8912
186220 38.9507
186230 39.0024
186240 39.0508
186250 39.1073
186260 39.1878
186270 39.2841
186280 39.3444
186290 39.354
186300 39.3375
186310 39.3081
186320 39.2981
186330 39.3141
186340 39.3365
186350 39.3651
186360 39.3873
186370 39.394
186380 39.3829
186390 39.375
186400 39.3808
186410 39.3958
186420 39.4037
186430 39.4178
186440 39.4457
186450 39.4538
186460 39.4362
186470 39.4339
186480 39.442
186490 39.4167
186500 39.3611
186510 39.3067
186520 39.2514
186530 39.1823
186540 39.1199
186550 39.0964
186560 39.1126
186570 39.1276
186580 39.1237
186590 39.1363
186600 39.1779
186610 39.2097
186620 39.219
186630 39.2243
186640 39.2436
186650 39.2689
186660 39.2698
186670 39.2493
186680 39.2252
186690 39.1966
186700 39.1824
186710 39.2083
186720 39.2549
186730 39.275
186740 39.2711
186750 39.2677
186760 39.2629
186770 39.2472
186780 39.2334
186790 39.2339
186800 39.2353
186810 39.2153
186820 39.1847
186830 39.1912
186840 39.2407
186850 39.3068
186860 39.3636
186870 39.3829
186880 39.3527
186890 39.2806
186900 39.1678
186910 39.0245
186920 38.9164
186930 38.8722
186940 38.8598
186950 38.8525
186960 38.8441
186970 38.8222
186980 38.7919
186990 38.786
187000 38.7787
187010 38.7307
187020 38.6816
187030 38.6723
187040 38.6802
187050 38.6813
187060 38.6631
187070 38.6305
187080 38.5971
187090 38.5786
187100 38.5899
187110 38.6302
187120 38.7
187130 38.7628
187140 38.7881
187150 38.7821
187160 38.7663
187170 38.7483
187180 38.7283
187190 38.7271
187200 38.7672
187210 38.8155
187220 38.8284
187230 38.8231
187240 38.8185
187250 38.8091
187260 38.8143
187270 38.8608
187280 38.9241
187290 38.9627
187300 38.9645
187310 38.9612
187320 38.9649
187330 38.9928
187340 39.0597
187350 39.1481
187360 39.2547
187370 39.3677
187380 39.4679
187390 39.5534
187400 39.6101
187410 39.6169
187420 39.602
187430 39.6118
187440 39.615
187450 39.565
187460 39.4858
187470 39.4211
187480 39.3581
187490 39.2943
187500 39.2697
187510 39.2875
187520 39.3223
187530 39.3452
187540 39.357
187550 39.3445
187560 39.3082
187570 39.2558
187580 39.2066
187590 39.185
187600 39.1671
187610 39.127
187620 39.079
187630 39.0451
187640 39.024
187650 39.0343
187660 39.0862
187670 39.1465
187680 39.1943
187690 39.2273
187700 39.2376
187710 39.2343
187720 39.2264
187730 39.2237
187740 39.2568
187750 39.3191
187760 39.3694
187770 39.3809
187780 39.3533
187790 39.3039
187800 39.2589
187810 39.2336
187820 39.2375
187830 39.2633
187840 39.292
187850 39.304
187860 39.2943
187870 39.2562
187880 39.1978
187890 39.1561
187900 39.1409
187910 39.1429
187920 39.1526
187930 39.1685
187940 39.1769
187950 39.1575
187960 39.1179
187970 39.0662
187980 39.0388
187990 39.0574
188000 39.1189
188010 39.1933
188020 39.2529
188030 39.2756
188040 39.2649
188050 39.2462
188060 39.2215
188070 39.2221
188080 39.2591
188090 39.2984
188100 39.3213
188110 39.3369
188120 39.3347
188130 39.2767
188140 39.1892
188150 39.127
188160 39.1051
188170 39.1048
188180 39.1196
188190 39.1439
188200 39.1533
188210 39.1431
188220 39.1063
188230 39.038
188240 38.9745
188250 38.9329
188260 38.9275
188270 38.9595
188280 39.0072
188290 39.0439
188300 39.0531
188310 39.0242
188320 38.96
188330 38.9027
188340 38.8938
188350 38.9287
188360 38.96
188370 38.9583
188380 38.9305
188390 38.9069
188400 38.8969
188410 38.8927
188420 38.8712
188430 38.8404
188440 38.8535
188450 38.9261
188460 39.0029
188470 39.0543
188480 39.0969
188490 39.1347
188500 39.16
188510 39.1816
188520 39.2018
188530 39.2121
188540 39.2236
188550 39.2465
188560 39.2806
188570 39.3254
188580 39.3883
188590 39.4509
188600 39.4931
188610 39.5181
188620 39.5403
188630 39.567
188640 39.5735
188650 39.547
188660 39.5106
188670 39.5082
188680 39.5407
188690 39.5889
188700 39.6505
188710 39.7209
188720 39.7985
188730 39.8867
188740 39.9523
188750 39.9717
188760 39.9897
188770 40.0341
188780 40.0754
188790 40.1244
188800 40.1916
188810 40.2426
188820 40.2639
188830 40.2562
188840 40.2278
188850 40.2143
188860 40.2341
188870 40.2686
188880 40.314
188890 40.349
188900 40.3555
188910 40.3516
188920 40.3356
188930 40.3017
188940 40.2806
188950 40.3045
188960 40.3647
188970 40.397
188980 40.3907
188990 40.3878
189000 40.4054
189010 40.4308
189020 40.4507
189030 40.4723
189040 40.5139
189050 40.5724
189060 40.6192
189070 40.6414
189080 40.6599
189090 40.6807
189100 40.698
189110 40.7129
189120 40.7202
189130 40.7193
189140 40.7074
189150 40.6776
189160 40.613
189170 40.5274
189180 40.459
189190 40.4296
189200 40.4107
189210 40.4026
189220 40.4035
189230 40.379
189240 40.3222
189250 40.2841
189260 40.2844
189270 40.2988
189280 40.3141
189290 40.3663
189300 40.4361
189310 40.4936
189320 40.5487
189330 40.6092
189340 40.6414
189350 40.6436
189360 40.6442
189370 40.632
189380 40.6243
189390 40.6371
189400 40.6275
189410 40.5656
189420 40.4921
189430 40.4361
189440 40.3966
189450 40.3919
189460 40.4226
189470 40.4878
189480 40.5679
189490 40.6214
189500 40.6612
189510 40.6872
189520 40.6779
189530 40.6759
189540 40.7292
189550 40.7958
189560 40.8336
189570 40.853
189580 40.8644
189590 40.8656
189600 40.8541
189610 40.83
189620 40.7817
189630 40.7126
189640 40.6401
189650 40.5788
189660 40.5398
189670 40.5306
189680 40.5299
189690 40.5256
189700 40.5178
189710 40.4921
189720 40.472
189730 40.4845
189740 40.5209
189750 40.5524
189760 40.5345
189770 40.4546
189780 40.3757
189790 40.344
189800 40.3275
189810 40.2988
189820 40.2715
189830 40.2386
189840 40.1989
189850 40.1765
189860 40.1928
189870 40.2291
189880 40.2649
189890 40.2945
189900 40.3134
189910 40.3199
189920 40.3552
189930 40.4237
189940 40.5037
189950 40.5877
189960 40.6722
189970 40.751
189980 40.814
189990 40.848
190000 40.8428
190010 40.8293
190020 40.8384
190030 40.8311
190040 40.7785
190050 40.7235
190060 40.6922
190070 40.6637
190080 40.67
190090 40.7059
190100 40.6975
190110 40.6312
190120 40.5512
190130 40.4866
190140 40.4521
190150 40.4542
190160 40.4848
190170 40.5121
190180 40.4957
190190 40.4481
190200 40.3975
190210 40.3401
190220 40.2791
190230 40.2626
190240 40.3114
190250 40.3833
190260 40.4658
190270 40.5387
190280 40.5894
190290 40.6443
190300 40.7117
190310 40.748
190320 40.7346
190330 40.7148
190340 40.711
190350 40.6995
190360 40.679
190370 40.6655
190380 40.6454
190390 40.6124
190400 40.5893
190410 40.5732
190420 40.5555
190430 40.5345
190440 40.4925
190450 40.4349
190460 40.3723
190470 40.3008
190480 40.2542
190490 40.2783
190500 40.3524
190510 40.4111
190520 40.4175
190530 40.3624
190540 40.2594
190550 40.1463
190560 40.064
190570 40.0362
190580 40.0657
190590 40.1232
190600 40.1548
190610 40.1469
190620 40.1328
190630 40.1231
190640 40.1262
190650 40.1565
190660 40.2042
190670 40.2429
190680 40.2665
190690 40.2705
190700 40.2528
190710 40.225
190720 40.1902
190730 40.1459
190740 40.0965
190750 40.0348
190760 39.9481
190770 39.8651
190780 39.8346
190790 39.8275
190800 39.8062
190810 39.7818
190820 39.7625
190830 39.715
190840 39.6383
190850 39.5765
190860 39.5403
190870 39.5136
190880 39.499
190890 39.5063
190900 39.5227
190910 39.5475
190920 39.5816
190930 39.617
190940 39.6507
190950 39.6798
190960 39.7095
190970 39.7281
190980 39.7255
190990 39.7157
191000 39.7369
191010 39.8012
191020 39.8585
191030 39.8976
191040 39.9377
191050 39.9891
191060 40.0483
191070 40.0991
191080 40.1415
191090 40.1947
191100 40.2539
191110 40.2937
191120 40.2924
191130 40.2683
191140 40.2447
191150 40.2253
191160 40.2
191170 40.1718
191180 40.1699
191190 40.1996
191200 40.2302
191210 40.2183
191220 40.1739
191230 40.1625
191240 40.188
191250 40.2116
191260 40.2542
191270 40.3063
191280 40.3203
191290 40.2946
191300 40.2966
191310 40.3393
191320 40.3731
191330 40.3955
191340 40.4292
191350 40.4598
191360 40.5113
191370 40.6017
191380 40.6953
191390 40.7478
191400 40.7658
191410 40.7837
191420 40.8167
191430 40.8776
191440 40.9635
191450 41.0512
191460 41.1275
191470 41.2073
191480 41.3029
191490 41.3687
191500 41.3629
191510 41.3205
191520 41.3017
191530 41.3164
191540 41.3296
191550 41.3406
191560 41.36
191570 41.3771
191580 41.382
191590 41.3598
191600 41.3125
191610 41.2871
191620 41.3023
191630 41.3184
191640 41.309
191650 41.2909
191660 41.2892
191670 41.3082
191680 41.3517
191690 41.3876
191700 41.3624
191710 41.2883
191720 41.2031
191730 41.1292
191740 41.0717
191750 41.0274
191760 40.9751
191770 40.9061
191780 40.8281
191790 40.7549
191800 40.7057
191810 40.7055
191820 40.7556
191830 40.8282
191840 40.8879
191850 40.9348
191860 40.9658
191870 40.9646
191880 40.9506
191890 40.9334
191900 40.9056
191910 40.8801
191920 40.8663
191930 40.8823
191940 40.9344
191950 40.9724
191960 40.9599
191970 40.9264
191980 40.9272
191990 40.9325
192000 40.9023
192010 40.838
192020 40.7528
192030 40.6657
192040 40.5993
192050 40.5466
192060 40.5087
192070 40.5068
192080 40.5303
192090 40.5616
192100 40.6115
192110 40.6812
192120 40.7325
192130 40.7611
192140 40.778
192150 40.7821
192160 40.7811
192170 40.7788
192180 40.7664
192190 40.7595
192200 40.7964
192210 40.859
192220 40.8953
192230 40.8882
192240 40.8614
192250 40.8264
192260 40.8222
192270 40.8818
192280 41.0206
192290 41.1916
192300 41.3024
192310 41.3351
192320 41.3121
192330 41.2299
192340 41.1435
192350 41.11
192360 41.0909
192370 41.0529
192380 41.0272
192390 41.0326
192400 41.0254
192410 40.9996
192420 40.9673
192430 40.9192
192440 40.8702
192450 40.8322
192460 40.8095
192470 40.8088
192480 40.836
192490 40.8621
192500 40.8627
192510 40.8518
192520 40.8335
192530 40.7938
192540 40.771
192550 40.7957
192560 40.8537
192570 40.9025
192580 40.9281
192590 40.9392
192600 40.9385
192610 40.9261
192620 40.9139
192630 40.91
192640 40.904
192650 40.8684
192660 40.7981
192670 40.7482
192680 40.754
192690 40.7899
192700 40.8255
192710 40.8616
192720 40.8818
192730 40.8709
192740 40.8546
192750 40.8444
192760 40.8186
192770 40.7884
192780 40.7812
192790 40.7978
192800 40.8243
192810 40.8749
192820 40.9608
192830 41.0461
192840 41.1035
192850 41.1559
192860 41.2221
192870 41.27
192880 41.2804
192890 41.2697
192900 41.2679
192910 41.2782
192920 41.2808
192930 41.2844
192940 41.2942
192950 41.308
192960 41.3094
192970 41.2854
192980 41.2459
192990 41.2067
193000 41.1492
193010 41.0906
193020 41.096
193030 41.1491
193040 41.1777
193050 41.1696
193060 41.1809
193070 41.2303
193080 41.2804
193090 41.325
193100 41.3855
193110 41.4377
193120 41.4749
193130 41.5101
193140 41.5471
193150 41.576
193160 41.5949
193170 41.5987
193180 41.5758
193190 41.5558
193200 41.5456
193210 41.5305
193220 41.496
193230 41.4649
193240 41.4555
193250 41.4346
193260 41.3977
193270 41.3616
193280 41.3112
193290 41.2439
193300 41.2004
193310 41.1797
193320 41.1431
193330 41.109
193340 41.1248
193350 41.1255
193360 41.0416
193370 40.9291
193380 40.8611
193390 40.8215
193400 40.8056
193410 40.8537
193420 40.9473
193430 41.0093
193440 41.0153
193450 40.9722
193460 40.8998
193470 40.8139
193480 40.7149
193490 40.63
193500 40.5932
193510 40.609
193520 40.6673
193530 40.7428
193540 40.8014
193550 40.8324
193560 40.8246
193570 40.7884
193580 40.7668
193590 40.7897
193600 40.8463
193610 40.9146
193620 40.9858
193630 41.0228
193640 40.9973
193650 40.942
193660 40.8991
193670 40.8698
193680 40.8516
193690 40.8494
193700 40.8581
193710 40.8442
193720 40.809
193730 40.7713
193740 40.7133
193750 40.6273
193760 40.5581
193770 40.5368
193780 40.53
193790 40.5082
193800 40.4646
193810 40.4221
193820 40.3984
193830 40.3973
193840 40.411
193850 40.4264
193860 40.4137
193870 40.3957
193880 40.3945
193890 40.3951
193900 40.4123
193910 40.4541
193920 40.5048
193930 40.5479
193940 40.5712
193950 40.5779
193960 40.5758
193970 40.5706
193980 40.5928
193990 40.6522
194000 40.7127
194010 40.7541
194020 40.7929
194030 40.8204
194040 40.8264
194050 40.8191
194060 40.8041
194070 40.7978
194080 40.8169
194090 40.8661
194100 40.9307
194110 40.9852
194120 41.0273
194130 41.0606
194140 41.0759
194150 41.0732
194160 41.0634
194170 41.0608
194180 41.0754
194190 41.1099
194200 41.1471
194210 41.1646
194220 41.1779
194230 41.2238
194240 41.293
194250 41.3511
194260 41.3879
194270 41.4211
194280 41.4345
194290 41.4243
194300 41.3982
194310 41.3463
194320 41.2797
194330 41.2437
194340 41.2436
194350 41.2432
194360 41.2512
194370 41.2572
194380 41.2094
194390 41.1198
194400 41.058
194410 41.026
194420 41.0146
194430 41.0103
194440 41.0019
194450 40.9872
194460 40.9722
194470 40.9629
194480 40.963
194490 40.9736
194500 40.9827
194510 40.9675
194520 40.919
194530 40.8742
194540 40.8582
194550 40.8589
194560 40.8716
194570 40.9083
194580 40.9533
194590 40.967
194600 40.9662
194610 40.9516
194620 40.8997
194630 40.8261
194640 40.781
194650 40.7872
194660 40.8189
194670 40.8452
194680 40.8786
194690 40.935
194700 40.9901
194710 41.0169
194720 41.0393
194730 41.0801
194740 41.1214
194750 41.1419
194760 41.1583
194770 41.1999
194780 41.2372
194790 41.2308
194800 41.2029
194810 41.1752
194820 41.1267
194830 41.0734
194840 41.0397
194850 41.0177
194860 40.9737
194870 40.9159
194880 40.8658
194890 40.8289
194900 40.7932
194910 40.7359
194920 40.6562
194930 40.5914
194940 40.5741
194950 40.5941
194960 40.6156
194970 40.6399
194980 40.663
194990 40.6719
195000 40.6836
195010 40.7322
195020 40.8223
195030 40.882
195040 40.8599
195050 40.8062
195060 40.7905
195070 40.7979
195080 40.7927
195090 40.7825
195100 40.7879
195110 40.8033
195120 40.8138
195130 40.8248
195140 40.8444
195150 40.8891
195160 40.9359
195170 40.9595
195180 40.9678
195190 40.9384
195200 40.8493
195210 40.7263
195220 40.633
195230 40.5929
195240 40.6018
195250 40.6339
195260 40.6664
195270 40.681
195280 40.6618
195290 40.6221
195300 40.6268
195310 40.6755
195320 40.7283
195330 40.7783
195340 40.8203
195350 40.8234
195360 40.7968
195370 40.7894
195380 40.8026
195390 40.8081
195400 40.8366
195410 40.8977
195420 40.9515
195430 40.9856
195440 41.007
195450 41.01
195460 40.9976
195470 40.9815
195480 40.9687
195490 40.9766
195500 41.0195
195510 41.0946
195520 41.1576
195530 41.1686
195540 41.158
195550 41.1473
195560 41.1419
195570 41.1425
195580 41.1263
195590 41.0795
195600 41.0322
195610 41.0062
195620 40.9956
195630 40.9882
195640 40.9842
195650 40.9778
195660 40.9988
195670 41.0394
195680 41.0608
195690 41.0611
195700 41.0623
195710 41.0547
195720 41.0131
195730 40.9348
195740 40.8538
195750 40.7844
195760 40.7168
195770 40.6343
195780 40.5526
195790 40.5091
195800 40.5094
195810 40.5463
195820 40.595
195830 40.6185
195840 40.5832
195850 40.5264
195860 40.4961
195870 40.4835
195880 40.4907
195890 40.5134
195900 40.5315
195910 40.538
195920 40.5446
195930 40.5483
195940 40.5497
195950 40.5725
195960 40.6254
195970 40.6968
195980 40.7667
195990 40.8025
196000 40.7847
196010 40.7419
196020 40.6859
196030 40.5986
196040 40.5064
196050 40.4665
196060 40.47
196070 40.4736
196080 40.472
196090 40.4652
196100 40.4496
196110 40.4398
196120 40.4517
196130 40.4683
196140 40.4971
196150 40.5625
196160 40.6564
196170 40.7527
196180 40.8279
196190 40.8748
196200 40.8917
196210 40.8779
196220 40.8355
196230 40.8106
196240 40.8186
196250 40.8289
196260 40.809
196270 40.7533
196280 40.6875
196290 40.6557
196300 40.6502
196310 40.6634
196320 40.6962
196330 40.7138
196340 40.6978
196350 40.6806
196360 40.6918
196370 40.7242
196380 40.7616
196390 40.801
196400 40.8484
196410 40.9133
196420 40.9839
196430 41.0433
196440 41.0839
196450 41.1186
196460 41.1669
196470 41.2321
196480 41.3146
196490 41.3953
196500 41.4469
196510 41.4541
196520 41.4369
196530 41.4251
196540 41.4214
196550 41.4238
196560 41.4474
196570 41.4641
196580 41.4427
196590 41.4159
196600 41.4185
196610 41.4217
196620 41.4162
196630 41.4415
196640 41.5107
196650 41.597
196660 41.6622
196670 41.7055
196680 41.7316
196690 41.7234
196700 41.6914
196710 41.6474
196720 41.5978
196730 41.5445
196740 41.5034
196750 41.488
196760 41.4756
196770 41.4407
196780 41.3942
196790 41.3529
196800 41.3011
196810 41.2419
196820 41.1719
196830 41.0864
196840 41.0261
196850 41.009
196860 41.0208
196870 41.0252
196880 41.0107
196890 40.9946
196900 40.9941
196910 41.0296
196920 41.0907
196930 41.1449
196940 41.1961
196950 41.252
196960 41.2964
196970 41.3201
196980 41.3048
196990 41.2503
197000 41.2313
197010 41.3103
197020 41.4383
197030 41.5287
197040 41.5716
197050 41.5564
197060 41.4659
197070 41.3597
197080 41.3128
197090 41.318
197100 41.3647
197110 41.4523
197120 41.5309
197130 41.5435
197140 41.5183
197150 41.5013
197160 41.5019
197170 41.5125
197180 41.5414
197190 41.5905
197200 41.6466
197210 41.6892
197220 41.698
197230 41.6641
197240 41.6089
197250 41.5741
197260 41.5796
197270 41.6219
197280 41.6722
197290 41.6966
197300 41.6863
197310 41.657
197320 41.6291
197330 41.6157
197340 41.6004
197350 41.5774
197360 41.5554
197370 41.5001
197380 41.393
197390 41.3096
197400 41.2893
197410 41.2865
197420 41.2755
197430 41.2772
197440 41.2769
197450 41.2598
197460 41.2322
197470 41.2075
197480 41.2047
197490 41.2181
197500 41.2408
197510 41.2752
197520 41.3132
197530 41.3459
197540 41.3775
197550 41.3735
197560 41.3282
197570 41.3058
197580 41.3436
197590 41.4099
197600 41.4822
197610 41.5483
197620 41.5649
197630 41.5164
197640 41.4471
197650 41.4145
197660 41.4218
197670 41.4215
197680 41.4256
197690 41.4569
197700 41.4933
197710 41.5284
197720 41.5494
197730 41.538
197740 41.5201
197750 41.5303
197760 41.5493
197770 41.5497
197780 41.5488
197790 41.5423
197800 41.4974
197810 41.4533
197820 41.4613
197830 41.5074
197840 41.5647
197850 41.6256
197860 41.6866
197870 41.7528
197880 41.815
197890 41.8557
197900 41.8898
197910 41.9149
197920 41.9016
197930 41.8534
197940 41.8262
197950 41.8539
197960 41.9195
197970 41.9747
197980 41.9917
197990 41.9831
198000 41.9631
198010 41.9446
198020 41.9253
198030 41.9023
198040 41.8905
198050 41.9167
198060 41.9625
198070 41.9891
198080 41.9908
198090 41.9897
198100 42.0069
198110 42.0572
198120 42.1448
198130 42.2495
198140 42.3493
198150 42.4436
198160 42.5194
198170 42.5754
198180 42.637
198190 42.7001
198200 42.7632
198210 42.8608
198220 42.9677
198230 42.9935
198240 42.9392
198250 42.882
198260 42.8647
198270 42.8883
198280 42.9374
198290 42.9745
198300 42.9804
198310 42.9843
198320 42.9705
198330 42.9086
198340 42.79
198350 42.663
198360 42.5773
198370 42.5248
198380 42.4941
198390 42.501
198400 42.5175
198410 42.506
198420 42.4614
198430 42.4079
198440 42.3577
198450 42.3024
198460 42.2515
198470 42.2317
198480 42.2392
198490 42.253
198500 42.2562
198510 42.2444
198520 42.2404
198530 42.2344
198540 42.191
198550 42.1145
198560 42.0367
198570 41.9861
198580 41.9547
198590 41.9213
198600 41.8947
198610 41.8847
198620 41.8748
198630 41.8541
198640 41.8435
198650 41.8566
198660 41.8947
198670 41.938
198680 41.9756
198690 42.0173
198700 42.0661
198710 42.097
198720 42.0876
198730 42.0519
198740 42.0327
198750 42.0409
198760 42.0491
198770 42.0582
198780 42.0659
198790 42.0458
198800 42.001
198810 41.9715
198820 41.9896
198830 42.0537
198840 42.1416
198850 42.2179
198860 42.2566
198870 42.2682
198880 42.263
198890 42.2492
198900 42.2432
198910 42.2297
198920 42.1947
198930 42.1529
198940 42.1179
198950 42.104
198960 42.1164
198970 42.1452
198980 42.1713
198990 42.1626
199000 42.1062
199010 42.0309
199020 41.9827
199030 41.9832
199040 42.0092
199050 42.0446
199060 42.0942
199070 42.1831
199080 42.2735
199090 42.3222
199100 42.3425
199110 42.3592
199120 42.375
199130 42.3786
199140 42.364
199150 42.3434
199160 42.3376
199170 42.3424
199180 42.3431
199190 42.3562
199200 42.3952
199210 42.4259
199220 42.4302
199230 42.4328
199240 42.4612
199250 42.5085
199260 42.5473
199270 42.559
199280 42.5467
199290 42.5207
199300 42.465
199310 42.3767
199320 42.2895
199330 42.2279
199340 42.1916
199350 42.1791
199360 42.1936
199370 42.2105
199380 42.2069
199390 42.1733
199400 42.111
199410 42.0388
199420 41.9885
199430 41.9712
199440 41.9823
199450 42.0337
199460 42.1179
199470 42.2061
199480 42.2648
199490 42.2855
199500 42.2917
199510 42.2749
199520 42.2363
199530 42.1935
199540 42.1707
199550 42.1586
199560 42.1393
199570 42.1256
199580 42.1202
199590 42.1288
199600 42.1172
199610 42.0701
199620 42.0414
199630 42.0669
199640 42.131
199650 42.2144
199660 42.3072
199670 42.3595
199680 42.3578
199690 42.3532
199700 42.3399
199710 42.3
199720 42.2596
199730 42.2351
199740 42.2313
199750 42.255
199760 42.2858
199770 42.3065
199780 42.3182
199790 42.3414
199800 42.3903
199810 42.4595
199820 42.5471
199830 42.6487
199840 42.7393
199850 42.7966
199860 42.8043
199870 42.7824
199880 42.7779
199890 42.7757
199900 42.7715
199910 42.7978
199920 42.8203
199930 42.7775
199940 42.706
199950 42.6616
199960 42.615
199970 42.5316
199980 42.44
199990 42.3569
200000 42.2975
