# Time-averaged data for fix msdo
# TimeStep c_mo[4]
0 0
10 0.00489297
20 0.0173931
30 0.033588
40 0.0500752
50 0.0633277
60 0.0735326
70 0.0847037
80 0.099826
90 0.117566
100 0.136406
110 0.155193
120 0.171121
130 0.184156
140 0.196083
150 0.20668
160 0.216877
170 0.228672
180 0.241246
190 0.252343
200 0.26154
210 0.27021
220 0.276565
230 0.279518
240 0.282417
250 0.286443
260 0.29178
270 0.299681
280 0.308251
290 0.315461
300 0.320169
310 0.322297
320 0.321816
330 0.320677
340 0.322155
350 0.326293
360 0.332801
370 0.33951
380 0.342691
390 0.343123
400 0.344596
410 0.347557
420 0.351067
430 0.357431
440 0.36689
450 0.377714
460 0.386345
470 0.391386
480 0.396626
490 0.403104
500 0.408084
510 0.411831
520 0.416922
530 0.421282
540 0.422106
550 0.420582
560 0.420516
570 0.423637
580 0.428973
590 0.434906
600 0.44112
610 0.447835
620 0.454889
630 0.461266
640 0.466811
650 0.47006
660 0.469981
670 0.46942
680 0.471574
690 0.477347
700 0.483908
710 0.488968
720 0.491029
730 0.491579
740 0.490354
750 0.488589
760 0.491109
770 0.499652
780 0.511575
790 0.522347
800 0.528682
810 0.531045
820 0.533541
830 0.537306
840 0.539953
850 0.540671
860 0.542232
870 0.545847
880 0.550275
890 0.553203
900 0.554316
910 0.556492
920 0.560281
930 0.56337
940 0.563556
950 0.564153
960 0.568597
970 0.57209
980 0.572964
990 0.573785
1000 0.575501
1010 0.576643
1020 0.576163
1030 0.576448
1040 0.577986
1050 0.577894
1060 0.576511
1070 0.57502
1080 0.574857
1090 0.576474
1100 0.57942
1110 0.583057
1120 0.584838
1130 0.582604
1140 0.58114
1150 0.585287
1160 0.594794
1170 0.604581
1180 0.608108
1190 0.607438
1200 0.607955
1210 0.610974
1220 0.61703
1230 0.624286
1240 0.630558
1250 0.63592
1260 0.640425
1270 0.643314
1280 0.646608
1290 0.650115
1300 0.655291
1310 0.663128
1320 0.66991
1330 0.675696
1340 0.682722
1350 0.691233
1360 0.701627
1370 0.712048
1380 0.720577
1390 0.727583
1400 0.735739
1410 0.744633
1420 0.752491
1430 0.761848
1440 0.772081
1450 0.77879
1460 0.783492
1470 0.789338
1480 0.790741
1490 0.785278
1500 0.780096
1510 0.778059
1520 0.775146
1530 0.771923
1540 0.773061
1550 0.778156
1560 0.784157
1570 0.791318
1580 0.799502
1590 0.806478
1600 0.809952
1610 0.809768
1620 0.808501
1630 0.806546
1640 0.803713
1650 0.804754
1660 0.810735
1670 0.816965
1680 0.821728
1690 0.827378
1700 0.832883
1710 0.835348
1720 0.83754
1730 0.841227
1740 0.844516
1750 0.847157
1760 0.851348
1770 0.853608
1780 0.850531
1790 0.84779
1800 0.848042
1810 0.847945
1820 0.849044
1830 0.854083
1840 0.861242
1850 0.866732
1860 0.870613
1870 0.873351
1880 0.87435
1890 0.875446
1900 0.876232
1910 0.875349
1920 0.873361
1930 0.871091
1940 0.870616
1950 0.872935
1960 0.874488
1970 0.874831
1980 0.874773
1990 0.87279
2000 0.869419
2010 0.869928
2020 0.874992
2030 0.881443
2040 0.88747
2050 0.891633
2060 0.893397
2070 0.894264
2080 0.893987
2090 0.889806
2100 0.883532
2110 0.878828
2120 0.878147
2130 0.88215
2140 0.893012
2150 0.907656
2160 0.919172
2170 0.926781
2180 0.93292
2190 0.938233
2200 0.943196
2210 0.948837
2220 0.955192
2230 0.963006
2240 0.971059
2250 0.97587
2260 0.978074
2270 0.980365
2280 0.983646
2290 0.989867
2300 1.00049
2310 1.01251
2320 1.02271
2330 1.02686
2340 1.0248
2350 1.02165
2360 1.02161
2370 1.02491
2380 1.0281
2390 1.03047
2400 1.03545
2410 1.04203
2420 1.04407
2430 1.0412
2440 1.03851
2450 1.03758
2460 1.03251
2470 1.02592
2480 1.02674
2490 1.03534
2500 1.04173
2510 1.04036
2520 1.03741
2530 1.03589
2540 1.03418
2550 1.03161
2560 1.02973
2570 1.03157
2580 1.03715
2590 1.04342
2600 1.04997
2610 1.05606
2620 1.05957
2630 1.06015
2640 1.06056
2650 1.06489
2660 1.07393
2670 1.08208
2680 1.08779
2690 1.09371
2700 1.09753
2710 1.0987
2720 1.09959
2730 1.10066
2740 1.10289
2750 1.10811
2760 1.11258
2770 1.11067
2780 1.10272
2790 1.09688
2800 1.09677
2810 1.09645
2820 1.09575
2830 1.09834
2840 1.10277
2850 1.10495
2860 1.10526
2870 1.10465
2880 1.10353
2890 1.10159
2900 1.10007
2910 1.0992
2920 1.09854
2930 1.09887
2940 1.10031
2950 1.10434
2960 1.11105
2970 1.11893
2980 1.12585
2990 1.1274
3000 1.12452
3010 1.12089
3020 1.11919
3030 1.11749
3040 1.11576
3050 1.11936
3060 1.12665
3070 1.13237
3080 1.1376
3090 1.14104
3100 1.13634
3110 1.12657
3120 1.1197
3130 1.11575
3140 1.1148
3150 1.11578
3160 1.11648
3170 1.11618
3180 1.11545
3190 1.11337
3200 1.11188
3210 1.11415
3220 1.12641
3230 1.14855
3240 1.1708
3250 1.18385
3260 1.18463
3270 1.17589
3280 1.16134
3290 1.15004
3300 1.14604
3310 1.14942
3320 1.1571
3330 1.16516
3340 1.1706
3350 1.1738
3360 1.17644
3370 1.1767
3380 1.17278
3390 1.16861
3400 1.16917
3410 1.17525
3420 1.18131
3430 1.18721
3440 1.19416
3450 1.20156
3460 1.20768
3470 1.21274
3480 1.2155
3490 1.21613
3500 1.21792
3510 1.21986
3520 1.22021
3530 1.21717
3540 1.2128
3550 1.2106
3560 1.21444
3570 1.22428
3580 1.23597
3590 1.2482
3600 1.26035
3610 1.26637
3620 1.26645
3630 1.26685
3640 1.27049
3650 1.27683
3660 1.28579
3670 1.29274
3680 1.2964
3690 1.30152
3700 1.30817
3710 1.31383
3720 1.31972
3730 1.32668
3740 1.33011
3750 1.33059
3760 1.33279
3770 1.33392
3780 1.32934
3790 1.32207
3800 1.31907
3810 1.32103
3820 1.32502
3830 1.32856
3840 1.33194
3850 1.33631
3860 1.34105
3870 1.34421
3880 1.34756
3890 1.3539
3900 1.36362
3910 1.37619
3920 1.38864
3930 1.40085
3940 1.40992
3950 1.41129
3960 1.40618
3970 1.39886
3980 1.39047
3990 1.38559
4000 1.39001
4010 1.39953
4020 1.40394
4030 1.40298
4040 1.39583
4050 1.38265
4060 1.36992
4070 1.36173
4080 1.35764
4090 1.35629
4100 1.35592
4110 1.3532
4120 1.34606
4130 1.33617
4140 1.32652
4150 1.32294
4160 1.33294
4170 1.35184
4180 1.36655
4190 1.37337
4200 1.37366
4210 1.37128
4220 1.36749
4230 1.36301
4240 1.36258
4250 1.37009
4260 1.38432
4270 1.39833
4280 1.40547
4290 1.40725
4300 1.40655
4310 1.40416
4320 1.4008
4330 1.40346
4340 1.41461
4350 1.42676
4360 1.43585
4370 1.43994
4380 1.4369
4390 1.42868
4400 1.42309
4410 1.4254
4420 1.4347
4430 1.44844
4440 1.46369
4450 1.47468
4460 1.47776
4470 1.47329
4480 1.46073
4490 1.44383
4500 1.43028
4510 1.42674
4520 1.43487
4530 1.44932
4540 1.46247
4550 1.47042
4560 1.47113
4570 1.46973
4580 1.47206
4590 1.47727
4600 1.48475
4610 1.49594
4620 1.50413
4630 1.50098
4640 1.49252
4650 1.48524
4660 1.48156
4670 1.48808
4680 1.50756
4690 1.53183
4700 1.55148
4710 1.56243
4720 1.56592
4730 1.56268
4740 1.55469
4750 1.54526
4760 1.53617
4770 1.53343
4780 1.53844
4790 1.54418
4800 1.55133
4810 1.56602
4820 1.5799
4830 1.58878
4840 1.59883
4850 1.61183
4860 1.61953
4870 1.62335
4880 1.62894
4890 1.63294
4900 1.6326
4910 1.63331
4920 1.63979
4930 1.65103
4940 1.6609
4950 1.66403
4960 1.66588
4970 1.66909
4980 1.67022
4990 1.66704
5000 1.66206
5010 1.65944
5020 1.6589
5030 1.66181
5040 1.66825
5050 1.67819
5060 1.69365
5070 1.71179
5080 1.72905
5090 1.73986
5100 1.74259
5110 1.74502
5120 1.75443
5130 1.76735
5140 1.77957
5150 1.79275
5160 1.80748
5170 1.81902
5180 1.8295
5190 1.83973
5200 1.84218
5210 1.8348
5220 1.82205
5230 1.81001
5240 1.80415
5250 1.80378
5260 1.80631
5270 1.81109
5280 1.81684
5290 1.824
5300 1.83281
5310 1.83723
5320 1.83447
5330 1.82702
5340 1.82006
5350 1.81513
5360 1.81355
5370 1.82181
5380 1.83494
5390 1.85013
5400 1.86692
5410 1.88025
5420 1.8901
5430 1.89779
5440 1.89733
5450 1.89509
5460 1.90195
5470 1.91582
5480 1.9328
5490 1.94793
5500 1.95711
5510 1.95612
5520 1.94886
5530 1.94039
5540 1.92863
5550 1.91547
5560 1.90121
5570 1.88558
5580 1.87213
5590 1.86317
5600 1.85967
5610 1.85923
5620 1.85873
5630 1.85922
5640 1.86544
5650 1.87724
5660 1.889
5670 1.89841
5680 1.91147
5690 1.92965
5700 1.94736
5710 1.96104
5720 1.97249
5730 1.98179
5740 1.98839
5750 1.99412
5760 2.00084
5770 2.00813
5780 2.01312
5790 2.01725
5800 2.02236
5810 2.02968
5820 2.04003
5830 2.05056
5840 2.05311
5850 2.04435
5860 2.03176
5870 2.02542
5880 2.02313
5890 2.02057
5900 2.01817
5910 2.0174
5920 2.01824
5930 2.02123
5940 2.02298
5950 2.02199
5960 2.0187
5970 2.01301
5980 2.00622
5990 2.00117
6000 2.00056
6010 2.00428
6020 2.0126
6030 2.02599
6040 2.0408
6050 2.04523
6060 2.03817
6070 2.02443
6080 2.01162
6090 2.00246
6100 1.99875
6110 2.00397
6120 2.01497
6130 2.02451
6140 2.02787
6150 2.02894
6160 2.03463
6170 2.04235
6180 2.04577
6190 2.05156
6200 2.06332
6210 2.07575
6220 2.08478
6230 2.09213
6240 2.0983
6250 2.09802
6260 2.09316
6270 2.08641
6280 2.07607
6290 2.06585
6300 2.05935
6310 2.05614
6320 2.05447
6330 2.05281
6340 2.05109
6350 2.05109
6360 2.05077
6370 2.04548
6380 2.03439
6390 2.02361
6400 2.0191
6410 2.01822
6420 2.01282
6430 2.00587
6440 2.00737
6450 2.01535
6460 2.02431
6470 2.03323
6480 2.03678
6490 2.03107
6500 2.02116
6510 2.01738
6520 2.0264
6530 2.04339
6540 2.05748
6550 2.06153
6560 2.05457
6570 2.04168
6580 2.02906
6590 2.0226
6600 2.02434
6610 2.02969
6620 2.03399
6630 2.03687
6640 2.03704
6650 2.03223
6660 2.0191
6670 2.00336
6680 1.99771
6690 2.00302
6700 2.01282
6710 2.02239
6720 2.03106
6730 2.03307
6740 2.02546
6750 2.01339
6760 2.00594
6770 2.00611
6780 2.01268
6790 2.0204
6800 2.02597
6810 2.02963
6820 2.02854
6830 2.02437
6840 2.02156
6850 2.01998
6860 2.01589
6870 2.01043
6880 2.00311
6890 1.99159
6900 1.98152
6910 1.97716
6920 1.97932
6930 1.98854
6940 2.00111
6950 2.01092
6960 2.01232
6970 2.01064
6980 2.01495
6990 2.01909
7000 2.0163
7010 2.01672
7020 2.02499
7030 2.03464
7040 2.04275
7050 2.04827
7060 2.04678
7070 2.04077
7080 2.04252
7090 2.05552
7100 2.07486
7110 2.10058
7120 2.12456
7130 2.13528
7140 2.13943
7150 2.14708
7160 2.15501
7170 2.16547
7180 2.17997
7190 2.19425
7200 2.20195
7210 2.20649
7220 2.21467
7230 2.22286
7240 2.22557
7250 2.22573
7260 2.22564
7270 2.22395
7280 2.21833
7290 2.21104
7300 2.20968
7310 2.21273
7320 2.21236
7330 2.21158
7340 2.21781
7350 2.22776
7360 2.23146
7370 2.22307
7380 2.21159
7390 2.20649
7400 2.21144
7410 2.22199
7420 2.22491
7430 2.22333
7440 2.22564
7450 2.22873
7460 2.22994
7470 2.23114
7480 2.23186
7490 2.23042
7500 2.22919
7510 2.22677
7520 2.2211
7530 2.2184
7540 2.22338
7550 2.2308
7560 2.23843
7570 2.24526
7580 2.24651
7590 2.24434
7600 2.24275
7610 2.24114
7620 2.23608
7630 2.23229
7640 2.23618
7650 2.24336
7660 2.25078
7670 2.25808
7680 2.26614
7690 2.27641
7700 2.28494
7710 2.28773
7720 2.28731
7730 2.28289
7740 2.27269
7750 2.26593
7760 2.26712
7770 2.27265
7780 2.28198
7790 2.29659
7800 2.30658
7810 2.30632
7820 2.30433
7830 2.30524
7840 2.30823
7850 2.313
7860 2.32081
7870 2.32593
7880 2.3177
7890 2.29728
7900 2.27659
7910 2.2638
7920 2.25828
7930 2.25424
7940 2.2525
7950 2.2525
7960 2.25166
7970 2.25227
7980 2.2597
7990 2.26661
8000 2.26855
8010 2.27737
8020 2.29483
8030 2.31177
8040 2.32716
8050 2.34391
8060 2.35752
8070 2.3645
8080 2.37007
8090 2.38103
8100 2.39266
8110 2.39667
8120 2.39284
8130 2.38075
8140 2.36308
8150 2.34493
8160 2.33282
8170 2.32722
8180 2.32613
8190 2.32562
8200 2.32186
8210 2.31388
8220 2.30393
8230 2.29144
8240 2.27332
8250 2.2542
8260 2.24266
8270 2.23693
8280 2.23051
8290 2.21975
8300 2.20839
8310 2.20612
8320 2.21421
8330 2.22248
8340 2.22703
8350 2.23045
8360 2.22918
8370 2.21887
8380 2.2021
8390 2.19163
8400 2.1961
8410 2.20627
8420 2.21067
8430 2.21278
8440 2.219
8450 2.22646
8460 2.23103
8470 2.23226
8480 2.23038
8490 2.22492
8500 2.21961
8510 2.21894
8520 2.22249
8530 2.22622
8540 2.22633
8550 2.22719
8560 2.23229
8570 2.24077
8580 2.25196
8590 2.26138
8600 2.26615
8610 2.26502
8620 2.26285
8630 2.26479
8640 2.26934
8650 2.27634
8660 2.28885
8670 2.30222
8680 2.306
8690 2.29981
8700 2.29195
8710 2.28901
8720 2.29143
8730 2.30069
8740 2.31626
8750 2.33239
8760 2.34157
8770 2.33794
8780 2.32378
8790 2.30779
8800 2.29866
8810 2.29959
8820 2.31013
8830 2.32124
8840 2.32591
8850 2.3268
8860 2.32779
8870 2.33103
8880 2.33213
8890 2.3298
8900 2.32782
8910 2.32337
8920 2.31616
8930 2.30994
8940 2.30224
8950 2.2893
8960 2.27355
8970 2.2609
8980 2.25175
8990 2.24402
9000 2.2394
9010 2.24001
9020 2.24323
9030 2.24575
9040 2.25117
9050 2.25724
9060 2.26493
9070 2.27728
9080 2.28887
9090 2.2943
9100 2.30048
9110 2.31042
9120 2.32248
9130 2.33696
9140 2.35517
9150 2.37405
9160 2.38761
9170 2.38883
9180 2.37936
9190 2.36544
9200 2.34449
9210 2.32015
9220 2.30604
9230 2.30551
9240 2.31121
9250 2.31806
9260 2.32167
9270 2.32085
9280 2.31856
9290 2.31382
9300 2.30699
9310 2.30318
9320 2.30612
9330 2.30754
9340 2.30169
9350 2.29736
9360 2.29657
9370 2.29343
9380 2.29088
9390 2.29332
9400 2.29566
9410 2.29877
9420 2.30828
9430 2.31972
9440 2.32758
9450 2.33287
9460 2.33509
9470 2.33524
9480 2.34184
9490 2.35499
9500 2.36862
9510 2.38084
9520 2.39498
9530 2.4105
9540 2.42803
9550 2.44895
9560 2.4716
9570 2.492
9580 2.5071
9590 2.51317
9600 2.51682
9610 2.52677
9620 2.53731
9630 2.5433
9640 2.55098
9650 2.56167
9660 2.56789
9670 2.56945
9680 2.56748
9690 2.56393
9700 2.55868
9710 2.54743
9720 2.53819
9730 2.53764
9740 2.54285
9750 2.54563
9760 2.54425
9770 2.5475
9780 2.55439
9790 2.55816
9800 2.55727
9810 2.55342
9820 2.54974
9830 2.54951
9840 2.55512
9850 2.56159
9860 2.55942
9870 2.55177
9880 2.54652
9890 2.54514
9900 2.54784
9910 2.5571
9920 2.56963
9930 2.57908
9940 2.59087
9950 2.60741
9960 2.62283
9970 2.63367
9980 2.63807
9990 2.63495
10000 2.62677
10010 2.61883
10020 2.61049
10030 2.6053
10040 2.60393
10050 2.60473
10060 2.60354
10070 2.60128
10080 2.60093
10090 2.60341
10100 2.60515
10110 2.6018
10120 2.59676
10130 2.59689
10140 2.60323
10150 2.60451
10160 2.59603
10170 2.58712
10180 2.58427
10190 2.58309
10200 2.5846
10210 2.59304
10220 2.60435
10230 2.61036
10240 2.61362
10250 2.61702
10260 2.61184
10270 2.59973
10280 2.59293
10290 2.59009
10300 2.58665
10310 2.58614
10320 2.58712
10330 2.58625
10340 2.58925
10350 2.60029
10360 2.60824
10370 2.60563
10380 2.59644
10390 2.5855
10400 2.57584
10410 2.56876
10420 2.56614
10430 2.56922
10440 2.57602
10450 2.58501
10460 2.59405
10470 2.59701
10480 2.59017
10490 2.58079
10500 2.57396
10510 2.56793
10520 2.56464
10530 2.56832
10540 2.58231
10550 2.6002
10560 2.6163
10570 2.63331
10580 2.64905
10590 2.65876
10600 2.66391
10610 2.66917
10620 2.67447
10630 2.67893
10640 2.68552
10650 2.69823
10660 2.71502
10670 2.73228
10680 2.75015
10690 2.77128
10700 2.79421
10710 2.8153
10720 2.83028
10730 2.83902
10740 2.84393
10750 2.84741
10760 2.85043
10770 2.85231
10780 2.85382
10790 2.8495
10800 2.83457
10810 2.81568
10820 2.80603
10830 2.80762
10840 2.81329
10850 2.81868
10860 2.82779
10870 2.84476
10880 2.86356
10890 2.87211
10900 2.87092
10910 2.87493
10920 2.88024
10930 2.87706
10940 2.87391
10950 2.87462
10960 2.87196
10970 2.86644
10980 2.86224
10990 2.85866
11000 2.85547
11010 2.86111
11020 2.87835
11030 2.89749
11040 2.90867
11050 2.9095
11060 2.90273
11070 2.8913
11080 2.87491
11090 2.86086
11100 2.8527
11110 2.84752
11120 2.84532
11130 2.84942
11140 2.85411
11150 2.85497
11160 2.85293
11170 2.85504
11180 2.86603
11190 2.88514
11200 2.90145
11210 2.90616
11220 2.89466
11230 2.87023
11240 2.84335
11250 2.82444
11260 2.82142
11270 2.82856
11280 2.83753
11290 2.84028
11300 2.83804
11310 2.84197
11320 2.84913
11330 2.84831
11340 2.84059
11350 2.83735
11360 2.83782
11370 2.84087
11380 2.8494
11390 2.86601
11400 2.88004
11410 2.88685
11420 2.89374
11430 2.90364
11440 2.90878
11450 2.90714
11460 2.90201
11470 2.8914
11480 2.88452
11490 2.88822
11500 2.89566
11510 2.90208
11520 2.91013
11530 2.91589
11540 2.91141
11550 2.90309
11560 2.89544
11570 2.88894
11580 2.8886
11590 2.89669
11600 2.90953
11610 2.92521
11620 2.94429
11630 2.96193
11640 2.96843
11650 2.96172
11660 2.95491
11670 2.9566
11680 2.96245
11690 2.97016
11700 2.98014
11710 2.9908
11720 2.99309
11730 2.98565
11740 2.97327
11750 2.96334
11760 2.96446
11770 2.97621
11780 2.98981
11790 2.99682
11800 2.9911
11810 2.97933
11820 2.97566
11830 2.98289
11840 2.99728
11850 3.01519
11860 3.0294
11870 3.03338
11880 3.03744
11890 3.04903
11900 3.05703
11910 3.05651
11920 3.05579
11930 3.06021
11940 3.06454
11950 3.06499
11960 3.05943
11970 3.05163
11980 3.05158
11990 3.0602
12000 3.06268
12010 3.06305
12020 3.07517
12030 3.09681
12040 3.11858
12050 3.1328
12060 3.14069
12070 3.14208
12080 3.13771
12090 3.13285
12100 3.12841
12110 3.1268
12120 3.12747
12130 3.12663
12140 3.12582
12150 3.1293
12160 3.13651
12170 3.14245
12180 3.14654
12190 3.15196
12200 3.1608
12210 3.16644
12220 3.1627
12230 3.15259
12240 3.14146
12250 3.13096
12260 3.12274
12270 3.11631
12280 3.11398
12290 3.11857
12300 3.12852
12310 3.14433
12320 3.15839
12330 3.16461
12340 3.16553
12350 3.15968
12360 3.14929
12370 3.14292
12380 3.15164
12390 3.17522
12400 3.20162
12410 3.21915
12420 3.22671
12430 3.22874
12440 3.22752
12450 3.22421
12460 3.22732
12470 3.24216
12480 3.26235
12490 3.28223
12500 3.29476
12510 3.29587
12520 3.29171
12530 3.28512
12540 3.27559
12550 3.26548
12560 3.25724
12570 3.25484
12580 3.2595
12590 3.26727
12600 3.2744
12610 3.27826
12620 3.27938
12630 3.27604
12640 3.26726
12650 3.25791
12660 3.25463
12670 3.25626
12680 3.26032
12690 3.26662
12700 3.27611
12710 3.28564
12720 3.2862
12730 3.27651
12740 3.25599
12750 3.22708
12760 3.21029
12770 3.21371
12780 3.2266
12790 3.23877
12800 3.24772
12810 3.25874
12820 3.27053
12830 3.27338
12840 3.26796
12850 3.2725
12860 3.29039
12870 3.31299
12880 3.33484
12890 3.35312
12900 3.35935
12910 3.35453
12920 3.34787
12930 3.34285
12940 3.3403
12950 3.34001
12960 3.34175
12970 3.34465
12980 3.3502
12990 3.35446
13000 3.35661
13010 3.36037
13020 3.36369
13030 3.36386
13040 3.36181
13050 3.35612
13060 3.35195
13070 3.36156
13080 3.38258
13090 3.40348
13100 3.42158
13110 3.43679
13120 3.45097
13130 3.46421
13140 3.46922
13150 3.46336
13160 3.45577
13170 3.44778
13180 3.4433
13190 3.44646
13200 3.4535
13210 3.46204
13220 3.47005
13230 3.47025
13240 3.45836
13250 3.43499
13260 3.40439
13270 3.37248
13280 3.34919
13290 3.34157
13300 3.3411
13310 3.33906
13320 3.33402
13330 3.32502
13340 3.31387
13350 3.30384
13360 3.29474
13370 3.2876
13380 3.28351
13390 3.27993
13400 3.27933
13410 3.28982
13420 3.3076
13430 3.32361
13440 3.33377
13450 3.3385
13460 3.33971
13470 3.34378
13480 3.35324
13490 3.36002
13500 3.35976
13510 3.36064
13520 3.37063
13530 3.38773
13540 3.41053
13550 3.42897
13560 3.43652
13570 3.43532
13580 3.43318
13590 3.4391
13600 3.45001
13610 3.45736
13620 3.4608
13630 3.4609
13640 3.45871
13650 3.45656
13660 3.45116
13670 3.4389
13680 3.4303
13690 3.43576
13700 3.44517
13710 3.44577
13720 3.44441
13730 3.44953
13740 3.45054
13750 3.44235
13760 3.43433
13770 3.43406
13780 3.43826
13790 3.44259
13800 3.45126
13810 3.46427
13820 3.47471
13830 3.47592
13840 3.47149
13850 3.46999
13860 3.47631
13870 3.48911
13880 3.50195
13890 3.51304
13900 3.52809
13910 3.54024
13920 3.54426
13930 3.54598
13940 3.5451
13950 3.54283
13960 3.54616
13970 3.55785
13980 3.5782
13990 3.59943
14000 3.6178
14010 3.63301
14020 3.64641
14030 3.65807
14040 3.66534
14050 3.66928
14060 3.66968
14070 3.67208
14080 3.67593
14090 3.68087
14100 3.68747
14110 3.69273
14120 3.69471
14130 3.70042
14140 3.71232
14150 3.72465
14160 3.73194
14170 3.73307
14180 3.73585
14190 3.74453
14200 3.75702
14210 3.77294
14220 3.79337
14230 3.8164
14240 3.83262
14250 3.84214
14260 3.86135
14270 3.89114
14280 3.92009
14290 3.94276
14300 3.95694
14310 3.9623
14320 3.9622
14330 3.9592
14340 3.9507
14350 3.93987
14360 3.9313
14370 3.9361
14380 3.95878
14390 3.98936
14400 4.01329
14410 4.02654
14420 4.03323
14430 4.03144
14440 4.02722
14450 4.03463
14460 4.04988
14470 4.06139
14480 4.06226
14490 4.05183
14500 4.04416
14510 4.04788
14520 4.05593
14530 4.06267
14540 4.06675
14550 4.06608
14560 4.06477
14570 4.06503
14580 4.0675
14590 4.07348
14600 4.08179
14610 4.09272
14620 4.1075
14630 4.12231
14640 4.12704
14650 4.12173
14660 4.11293
14670 4.10409
14680 4.09243
14690 4.0806
14700 4.07368
14710 4.0715
14720 4.0729
14730 4.07768
14740 4.07723
14750 4.07109
14760 4.06636
14770 4.0608
14780 4.05216
14790 4.04273
14800 4.03107
14810 4.0223
14820 4.02337
14830 4.03201
14840 4.03443
14850 4.025
14860 4.01335
14870 4.00585
14880 3.99833
14890 3.9967
14900 4.00049
14910 3.99872
14920 3.98933
14930 3.98162
14940 3.97754
14950 3.9829
14960 3.9962
14970 4.00407
14980 4.00575
14990 4.00938
15000 4.01365
15010 4.0037
15020 3.97892
15030 3.95651
15040 3.94342
15050 3.93936
15060 3.94405
15070 3.94761
15080 3.94215
15090 3.93412
15100 3.92297
15110 3.90148
15120 3.87778
15130 3.86098
15140 3.84739
15150 3.83528
15160 3.82582
15170 3.82059
15180 3.8203
15190 3.82548
15200 3.83394
15210 3.83865
15220 3.83535
15230 3.82877
15240 3.82705
15250 3.83669
15260 3.85764
15270 3.88275
15280 3.9089
15290 3.93262
15300 3.94857
15310 3.96139
15320 3.97478
15330 3.98399
15340 3.98299
15350 3.97151
15360 3.96129
15370 3.96236
15380 3.96773
15390 3.97267
15400 3.98042
15410 3.99071
15420 3.99812
15430 3.99832
15440 3.98746
15450 3.96547
15460 3.9414
15470 3.92126
15480 3.90407
15490 3.89007
15500 3.88512
15510 3.89149
15520 3.90044
15530 3.90414
15540 3.9111
15550 3.9218
15560 3.92663
15570 3.93062
15580 3.94264
15590 3.95938
15600 3.97912
15610 4.00082
15620 4.01763
15630 4.0293
15640 4.03818
15650 4.04297
15660 4.04685
15670 4.05822
15680 4.0724
15690 4.08179
15700 4.08813
15710 4.08589
15720 4.06783
15730 4.04425
15740 4.02778
15750 4.0207
15760 4.01272
15770 3.99796
15780 3.98255
15790 3.97609
15800 3.98041
15810 3.99125
15820 4.00385
15830 4.01664
15840 4.02053
15850 4.01504
15860 4.01118
15870 4.00846
15880 4.00268
15890 4.00182
15900 4.00938
15910 4.01756
15920 4.02103
15930 4.02391
15940 4.03681
15950 4.05715
15960 4.07373
15970 4.08875
15980 4.11213
15990 4.13934
16000 4.16286
16010 4.18398
16020 4.20088
16030 4.21264
16040 4.22973
16050 4.25167
16060 4.26407
16070 4.26512
16080 4.26154
16090 4.25181
16100 4.2398
16110 4.23034
16120 4.22751
16130 4.23436
16140 4.24745
16150 4.25987
16160 4.26512
16170 4.26365
16180 4.26448
16190 4.27266
16200 4.28436
16210 4.30389
16220 4.33746
16230 4.37209
16240 4.39028
16250 4.38923
16260 4.38155
16270 4.38097
16280 4.38519
16290 4.39211
16300 4.40674
16310 4.42283
16320 4.42767
16330 4.41756
16340 4.40513
16350 4.39452
16360 4.38771
16370 4.38505
16380 4.38501
16390 4.38992
16400 4.39293
16410 4.38898
16420 4.38317
16430 4.38088
16440 4.37602
16450 4.36389
16460 4.3576
16470 4.35861
16480 4.37341
16490 4.40662
16500 4.44683
16510 4.48009
16520 4.50194
16530 4.51115
16540 4.50848
16550 4.50155
16560 4.4996
16570 4.50569
16580 4.51965
16590 4.53586
16600 4.54297
16610 4.53822
16620 4.52802
16630 4.5165
16640 4.50867
16650 4.50172
16660 4.49592
16670 4.49611
16680 4.49648
16690 4.48849
16700 4.47446
16710 4.46311
16720 4.45842
16730 4.46127
16740 4.46766
16750 4.47669
16760 4.4862
16770 4.49247
16780 4.49418
16790 4.49743
16800 4.50024
16810 4.49526
16820 4.48788
16830 4.4827
16840 4.47496
16850 4.46762
16860 4.46492
16870 4.46182
16880 4.46407
16890 4.47825
16900 4.49448
16910 4.50545
16920 4.5206
16930 4.54038
16940 4.55663
16950 4.57152
16960 4.5855
16970 4.59164
16980 4.59359
16990 4.59451
17000 4.5909
17010 4.58289
17020 4.57493
17030 4.56443
17040 4.54902
17050 4.53587
17060 4.52832
17070 4.52313
17080 4.51418
17090 4.50165
17100 4.49057
17110 4.48437
17120 4.48605
17130 4.49438
17140 4.50345
17150 4.51267
17160 4.52373
17170 4.53307
17180 4.53377
17190 4.52692
17200 4.52423
17210 4.5257
17220 4.52285
17230 4.51395
17240 4.50266
17250 4.48739
17260 4.47238
17270 4.47149
17280 4.48634
17290 4.51055
17300 4.53179
17310 4.54368
17320 4.55539
17330 4.56842
17340 4.57849
17350 4.59092
17360 4.59588
17370 4.58328
17380 4.56319
17390 4.54874
17400 4.53398
17410 4.51902
17420 4.51477
17430 4.52097
17440 4.52668
17450 4.53857
17460 4.55517
17470 4.55709
17480 4.54499
17490 4.52753
17500 4.5042
17510 4.48487
17520 4.47958
17530 4.47862
17540 4.47897
17550 4.48381
17560 4.49052
17570 4.49227
17580 4.48913
17590 4.48289
17600 4.47222
17610 4.45942
17620 4.44376
17630 4.4263
17640 4.41234
17650 4.40219
17660 4.392
17670 4.38423
17680 4.38096
17690 4.37467
17700 4.36663
17710 4.36404
17720 4.3621
17730 4.36046
17740 4.36485
17750 4.373
17760 4.38006
17770 4.38302
17780 4.38234
17790 4.37635
17800 4.36842
17810 4.3636
17820 4.35918
17830 4.35469
17840 4.35205
17850 4.35429
17860 4.36265
17870 4.3693
17880 4.36955
17890 4.37248
17900 4.38175
17910 4.3902
17920 4.39911
17930 4.41157
17940 4.42396
17950 4.43024
17960 4.43184
17970 4.43249
17980 4.42928
17990 4.41922
18000 4.41435
18010 4.41996
18020 4.4303
18030 4.43248
18040 4.42242
18050 4.41525
18060 4.41844
18070 4.42986
18080 4.44683
18090 4.46004
18100 4.46576
18110 4.46116
18120 4.44214
18130 4.41226
18140 4.37951
18150 4.35785
18160 4.36124
18170 4.38407
18180 4.40318
18190 4.41377
18200 4.42679
18210 4.43746
18220 4.44017
18230 4.44156
18240 4.4444
18250 4.44391
18260 4.44164
18270 4.43491
18280 4.42578
18290 4.42591
18300 4.43312
18310 4.4351
18320 4.43521
18330 4.44469
18340 4.45959
18350 4.47505
18360 4.49237
18370 4.50386
18380 4.5082
18390 4.51919
18400 4.54254
18410 4.56229
18420 4.57127
18430 4.57417
18440 4.57376
18450 4.57219
18460 4.56943
18470 4.56209
18480 4.55285
18490 4.5494
18500 4.554
18510 4.56579
18520 4.57516
18530 4.56846
18540 4.55394
18550 4.54008
18560 4.5287
18570 4.5286
18580 4.53973
18590 4.55194
18600 4.55774
18610 4.55952
18620 4.55161
18630 4.52959
18640 4.51086
18650 4.50936
18660 4.52282
18670 4.5425
18680 4.55502
18690 4.5566
18700 4.55228
18710 4.54145
18720 4.51916
18730 4.49331
18740 4.47018
18750 4.45576
18760 4.45484
18770 4.464
18780 4.4712
18790 4.46585
18800 4.45137
18810 4.43316
18820 4.41354
18830 4.40186
18840 4.40241
18850 4.40429
18860 4.40162
18870 4.39884
18880 4.39621
18890 4.39452
18900 4.39477
18910 4.39233
18920 4.39379
18930 4.4058
18940 4.42512
18950 4.44362
18960 4.4626
18970 4.48344
18980 4.49369
18990 4.48912
19000 4.47633
19010 4.46523
19020 4.46035
19030 4.45661
19040 4.45092
19050 4.45057
19060 4.45517
19070 4.45544
19080 4.45036
19090 4.45216
19100 4.46914
19110 4.48761
19120 4.50089
19130 4.51129
19140 4.51449
19150 4.50662
19160 4.49684
19170 4.49549
19180 4.50028
19190 4.50619
19200 4.51344
19210 4.52279
19220 4.53431
19230 4.54324
19240 4.53763
19250 4.52395
19260 4.51949
19270 4.53335
19280 4.56051
19290 4.59433
19300 4.62835
19310 4.65227
19320 4.6575
19330 4.65084
19340 4.64935
19350 4.65343
19360 4.65997
19370 4.66839
19380 4.66868
19390 4.66201
19400 4.66042
19410 4.66413
19420 4.66837
19430 4.67474
19440 4.68726
19450 4.69761
19460 4.69753
19470 4.69165
19480 4.68372
19490 4.67411
19500 4.67136
19510 4.67916
19520 4.69105
19530 4.70306
19540 4.71244
19550 4.71801
19560 4.71665
19570 4.70244
19580 4.68169
19590 4.66592
19600 4.66235
19610 4.66809
19620 4.68239
19630 4.70378
19640 4.72773
19650 4.74651
19660 4.7596
19670 4.77011
19680 4.77556
19690 4.78165
19700 4.79501
19710 4.81278
19720 4.83321
19730 4.85357
19740 4.86547
19750 4.86081
19760 4.84743
19770 4.84038
19780 4.84013
19790 4.84566
19800 4.85785
19810 4.87068
19820 4.8779
19830 4.88037
19840 4.87467
19850 4.86323
19860 4.85707
19870 4.86159
19880 4.87207
19890 4.88939
19900 4.91419
19910 4.93594
19920 4.94765
19930 4.95145
19940 4.94714
19950 4.92963
19960 4.90374
19970 4.88005
19980 4.86386
19990 4.85381
20000 4.8495
20010 4.85359
20020 4.86966
20030 4.89295
20040 4.90413
20050 4.8949
20060 4.87906
20070 4.86476
20080 4.85162
20090 4.84697
20100 4.85925
20110 4.88183
20120 4.90268
20130 4.91796
20140 4.92392
20150 4.91878
20160 4.90232
20170 4.89074
20180 4.89697
20190 4.91982
20200 4.95525
20210 4.99724
20220 5.0377
20230 5.06531
20240 5.07527
20250 5.07379
20260 5.06627
20270 5.06163
20280 5.07025
20290 5.08479
20300 5.09371
20310 5.0937
20320 5.08259
20330 5.06672
20340 5.05361
20350 5.03985
20360 5.02913
20370 5.03138
20380 5.04379
20390 5.05463
20400 5.06024
20410 5.06402
20420 5.06391
20430 5.05573
20440 5.04766
20450 5.04366
20460 5.04118
20470 5.03735
20480 5.03524
20490 5.0355
20500 5.03754
20510 5.05078
20520 5.06327
20530 5.06073
20540 5.05451
20550 5.05588
20560 5.05703
20570 5.05229
20580 5.0448
20590 5.03854
20600 5.03112
20610 5.02935
20620 5.04234
20630 5.05929
20640 5.06929
20650 5.07585
20660 5.0838
20670 5.09122
20680 5.09921
20690 5.10453
20700 5.10578
20710 5.11001
20720 5.11853
20730 5.11977
20740 5.10496
20750 5.08493
20760 5.07622
20770 5.08274
20780 5.09955
20790 5.12117
20800 5.13479
20810 5.13672
20820 5.12461
20830 5.0998
20840 5.07514
20850 5.06719
20860 5.07457
20870 5.08635
20880 5.09771
20890 5.11253
20900 5.12683
20910 5.13011
20920 5.12387
20930 5.11659
20940 5.11531
20950 5.12429
20960 5.15019
20970 5.18976
20980 5.22173
20990 5.23818
21000 5.25261
21010 5.26181
21020 5.26674
21030 5.28483
21040 5.31738
21050 5.34736
21060 5.37506
21070 5.40011
21080 5.41323
21090 5.41266
21100 5.40727
21110 5.40315
21120 5.40331
21130 5.41412
21140 5.42825
21150 5.43332
21160 5.42526
21170 5.41537
21180 5.41418
21190 5.4185
21200 5.42755
21210 5.44063
21220 5.45056
21230 5.45883
21240 5.46749
21250 5.47544
21260 5.48117
21270 5.48546
21280 5.48971
21290 5.49322
21300 5.49905
21310 5.50889
21320 5.52
21330 5.53423
21340 5.55282
21350 5.57421
21360 5.59533
21370 5.61039
21380 5.61129
21390 5.60523
21400 5.59661
21410 5.57864
21420 5.55527
21430 5.53943
21440 5.53014
21450 5.52113
21460 5.52014
21470 5.52896
21480 5.53025
21490 5.52144
21500 5.52047
21510 5.52496
21520 5.53117
21530 5.53914
21540 5.5464
21550 5.5509
21560 5.55763
21570 5.57083
21580 5.58812
21590 5.60567
21600 5.62304
21610 5.6389
21620 5.65118
21630 5.66229
21640 5.67396
21650 5.68498
21660 5.69581
21670 5.70354
21680 5.70459
21690 5.70227
21700 5.7026
21710 5.71243
21720 5.73069
21730 5.74809
21740 5.75368
21750 5.74558
21760 5.72642
21770 5.70041
21780 5.67701
21790 5.66585
21800 5.65962
21810 5.65185
21820 5.64036
21830 5.62399
21840 5.60831
21850 5.603
21860 5.60818
21870 5.611
21880 5.60393
21890 5.59505
21900 5.58996
21910 5.5941
21920 5.60924
21930 5.63039
21940 5.64709
21950 5.65281
21960 5.64781
21970 5.64077
21980 5.63248
21990 5.61872
22000 5.59748
22010 5.57655
22020 5.56447
22030 5.55079
22040 5.529
22050 5.51351
22060 5.51851
22070 5.53857
22080 5.55815
22090 5.57532
22100 5.59157
22110 5.59847
22120 5.592
22130 5.58033
22140 5.56736
22150 5.55449
22160 5.5493
22170 5.54962
22180 5.55083
22190 5.5571
22200 5.56462
22210 5.56434
22220 5.55797
22230 5.55116
22240 5.54215
22250 5.5316
22260 5.52892
22270 5.53234
22280 5.53471
22290 5.53565
22300 5.53415
22310 5.53046
22320 5.52614
22330 5.52649
22340 5.53015
22350 5.53379
22360 5.53591
22370 5.53812
22380 5.55211
22390 5.57562
22400 5.58949
22410 5.58906
22420 5.58506
22430 5.57678
22440 5.55597
22450 5.53402
22460 5.52727
22470 5.53303
22480 5.54116
22490 5.55412
22500 5.58163
22510 5.61485
22520 5.63709
22530 5.6457
22540 5.64607
22550 5.64056
22560 5.63091
22570 5.61779
22580 5.60529
22590 5.60418
22600 5.61869
22610 5.6309
22620 5.63706
22630 5.64529
22640 5.65878
22650 5.67171
22660 5.68215
22670 5.69072
22680 5.69646
22690 5.70115
22700 5.70827
22710 5.71715
22720 5.72277
22730 5.7278
22740 5.72931
22750 5.72191
22760 5.71586
22770 5.72115
22780 5.73164
22790 5.74185
22800 5.75188
22810 5.76124
22820 5.77167
22830 5.78207
22840 5.7909
22850 5.79793
22860 5.8135
22870 5.83493
22880 5.8457
22890 5.84484
22900 5.83783
22910 5.82307
22920 5.8005
22930 5.78487
22940 5.78643
22950 5.79724
22960 5.80747
22970 5.81511
22980 5.80958
22990 5.7846
23000 5.75461
23010 5.74098
23020 5.75127
23030 5.77949
23040 5.80985
23050 5.82717
23060 5.8292
23070 5.82335
23080 5.82156
23090 5.82364
23100 5.81746
23110 5.81194
23120 5.82997
23130 5.86236
23140 5.88232
23150 5.89214
23160 5.90707
23170 5.92028
23180 5.923
23190 5.92004
23200 5.90846
23210 5.89088
23220 5.88176
23230 5.88336
23240 5.89087
23250 5.90549
23260 5.91892
23270 5.92485
23280 5.92978
23290 5.93407
23300 5.92712
23310 5.91086
23320 5.89947
23330 5.89788
23340 5.89953
23350 5.89548
23360 5.8854
23370 5.87059
23380 5.84737
23390 5.82065
23400 5.80397
23410 5.79892
23420 5.79076
23430 5.77904
23440 5.76797
23450 5.74857
23460 5.71828
23470 5.69493
23480 5.69246
23490 5.7008
23500 5.70544
23510 5.70946
23520 5.71067
23530 5.70874
23540 5.71601
23550 5.72762
23560 5.72982
23570 5.72986
23580 5.73403
23590 5.73038
23600 5.72267
23610 5.72867
23620 5.74255
23630 5.75425
23640 5.7678
23650 5.78001
23660 5.78999
23670 5.79464
23680 5.79297
23690 5.79205
23700 5.79599
23710 5.79713
23720 5.80423
23730 5.82979
23740 5.8548
23750 5.85564
23760 5.8415
23770 5.82429
23780 5.8016
23790 5.78051
23800 5.7793
23810 5.79824
23820 5.81575
23830 5.81905
23840 5.81321
23850 5.80311
23860 5.78597
23870 5.76364
23880 5.7442
23890 5.73557
23900 5.73554
23910 5.73781
23920 5.74729
23930 5.76267
23940 5.77129
23950 5.76931
23960 5.75532
23970 5.73605
23980 5.72561
23990 5.72859
24000 5.743
24010 5.76573
24020 5.79178
24030 5.81812
24040 5.83768
24050 5.85032
24060 5.85686
24070 5.8532
24080 5.84187
24090 5.83743
24100 5.84228
24110 5.85156
24120 5.8693
24130 5.88955
24140 5.89501
24150 5.89017
24160 5.88597
24170 5.88218
24180 5.88076
24190 5.88461
24200 5.89524
24210 5.90688
24220 5.92059
24230 5.9364
24240 5.94976
24250 5.95438
24260 5.95775
24270 5.962
24280 5.96267
24290 5.96453
24300 5.97464
24310 5.98451
24320 5.98229
24330 5.97632
24340 5.97189
24350 5.96295
24360 5.95853
24370 5.96895
24380 5.98541
24390 5.9997
24400 6.01532
24410 6.02653
24420 6.03155
24430 6.03388
24440 6.03668
24450 6.04825
24460 6.06644
24470 6.07315
24480 6.06409
24490 6.05525
24500 6.04865
24510 6.05241
24520 6.07257
24530 6.09202
24540 6.09422
24550 6.086
24560 6.07023
24570 6.04451
24580 6.03045
24590 6.0261
24600 6.01874
24610 6.02228
24620 6.04091
24630 6.05758
24640 6.06478
24650 6.06364
24660 6.05298
24670 6.0408
24680 6.03905
24690 6.04543
24700 6.04741
24710 6.04275
24720 6.03439
24730 6.01917
24740 6.00085
24750 5.99235
24760 6.0038
24770 6.03111
24780 6.05983
24790 6.0718
24800 6.06105
24810 6.03444
24820 6.00629
24830 5.98681
24840 5.98149
24850 5.98523
24860 5.99327
24870 6.00093
24880 6.00068
24890 5.99036
24900 5.98478
24910 5.98825
24920 5.99611
24930 6.00711
24940 6.0266
24950 6.04756
24960 6.06019
24970 6.06184
24980 6.05477
24990 6.05008
25000 6.05561
25010 6.06209
25020 6.05766
25030 6.04421
25040 6.0339
25050 6.03505
25060 6.0404
25070 6.04852
25080 6.06854
25090 6.10179
25100 6.13473
25110 6.15035
25120 6.15036
25130 6.13817
25140 6.11588
25150 6.10101
25160 6.10716
25170 6.13125
25180 6.1623
25190 6.18298
25200 6.18801
25210 6.18423
25220 6.17465
25230 6.15713
25240 6.13476
25250 6.1132
25260 6.09586
25270 6.08585
25280 6.09035
25290 6.10216
25300 6.11022
25310 6.112
25320 6.10681
25330 6.09887
25340 6.09995
25350 6.11798
25360 6.14516
25370 6.17532
25380 6.19662
25390 6.20564
25400 6.21311
25410 6.21614
25420 6.20847
25430 6.19989
25440 6.199
25450 6.21139
25460 6.23626
25470 6.25981
25480 6.27623
25490 6.29706
25500 6.31664
25510 6.31449
25520 6.29374
25530 6.27639
25540 6.27166
25550 6.27389
25560 6.28008
25570 6.2875
25580 6.29723
25590 6.31297
25600 6.32496
25610 6.32627
25620 6.32553
25630 6.32278
25640 6.31627
25650 6.31625
25660 6.33135
25670 6.35276
25680 6.36959
25690 6.37595
25700 6.37317
25710 6.36711
25720 6.36415
25730 6.36558
25740 6.3713
25750 6.37158
25760 6.3601
25770 6.3452
25780 6.33496
25790 6.32745
25800 6.32108
25810 6.32561
25820 6.34625
25830 6.37102
25840 6.39397
25850 6.42214
25860 6.45647
25870 6.48196
25880 6.4886
25890 6.48169
25900 6.47106
25910 6.46223
25920 6.45834
25930 6.45689
25940 6.44631
25950 6.42702
25960 6.41666
25970 6.42301
25980 6.43626
25990 6.446
26000 6.44759
26010 6.44579
26020 6.44303
26030 6.44215
26040 6.45397
26050 6.48423
26060 6.51642
26070 6.53848
26080 6.54813
26090 6.54927
26100 6.55442
26110 6.56839
26120 6.58363
26130 6.59737
26140 6.60795
26150 6.61769
26160 6.63458
26170 6.65238
26180 6.65641
26190 6.65146
26200 6.65471
26210 6.66863
26220 6.68158
26230 6.68973
26240 6.69985
26250 6.71299
26260 6.72986
26270 6.74737
26280 6.75228
26290 6.74157
26300 6.72683
26310 6.71672
26320 6.71785
26330 6.72862
26340 6.74277
26350 6.75122
26360 6.75042
26370 6.74774
26380 6.75204
26390 6.76163
26400 6.77109
26410 6.77994
26420 6.79611
26430 6.81345
26440 6.82382
26450 6.82836
26460 6.82756
26470 6.81448
26480 6.79153
26490 6.76789
26500 6.74943
26510 6.74695
26520 6.76831
26530 6.79105
26540 6.80491
26550 6.81591
26560 6.81752
26570 6.80268
26580 6.78007
26590 6.76394
26600 6.75782
26610 6.75896
26620 6.75731
26630 6.75546
26640 6.77042
26650 6.80063
26660 6.82589
26670 6.85189
26680 6.88876
26690 6.9183
26700 6.93004
26710 6.93671
26720 6.94142
26730 6.93934
26740 6.93313
26750 6.93125
26760 6.93308
26770 6.93876
26780 6.94667
26790 6.95649
26800 6.96405
26810 6.97238
26820 6.98388
26830 6.98041
26840 6.96245
26850 6.95301
26860 6.96062
26870 6.97419
26880 6.9827
26890 6.98515
26900 6.97872
26910 6.96072
26920 6.94121
26930 6.92767
26940 6.92035
26950 6.922
26960 6.93046
26970 6.93566
26980 6.93246
26990 6.92966
27000 6.93463
27010 6.95366
27020 6.98808
27030 7.03394
27040 7.07554
27050 7.10349
27060 7.12319
27070 7.14261
27080 7.15819
27090 7.16709
27100 7.16634
27110 7.14754
27120 7.11795
27130 7.09196
27140 7.07948
27150 7.07938
27160 7.08402
27170 7.09053
27180 7.10136
27190 7.1089
27200 7.10207
27210 7.08363
27220 7.0713
27230 7.06571
27240 7.06444
27250 7.06757
27260 7.07169
27270 7.07652
27280 7.08183
27290 7.08861
27300 7.09912
27310 7.10992
27320 7.10838
27330 7.09385
27340 7.07618
27350 7.06169
27360 7.05933
27370 7.0751
27380 7.09651
27390 7.10854
27400 7.11102
27410 7.11427
27420 7.12343
27430 7.13128
27440 7.13125
27450 7.12411
27460 7.1135
27470 7.10471
27480 7.10077
27490 7.10213
27500 7.10945
27510 7.11415
27520 7.10599
27530 7.08723
27540 7.06504
27550 7.04417
27560 7.02886
27570 7.02191
27580 7.02784
27590 7.04349
27600 7.05708
27610 7.06764
27620 7.08372
27630 7.103
27640 7.11219
27650 7.11524
27660 7.11958
27670 7.12092
27680 7.12385
27690 7.14158
27700 7.16951
27710 7.19528
27720 7.2155
27730 7.22241
27740 7.21082
27750 7.19062
27760 7.17357
27770 7.16108
27780 7.15606
27790 7.16655
27800 7.19001
27810 7.22244
27820 7.24602
27830 7.2515
27840 7.25022
27850 7.24826
27860 7.23534
27870 7.21825
27880 7.20687
27890 7.20313
27900 7.21008
27910 7.22065
27920 7.2253
27930 7.22441
27940 7.219
27950 7.20554
27960 7.19173
27970 7.19409
27980 7.21673
27990 7.2431
28000 7.26805
28010 7.29861
28020 7.33423
28030 7.36727
28040 7.39213
28050 7.39982
28060 7.38938
28070 7.37361
28080 7.36526
28090 7.37078
28100 7.38791
28110 7.41214
28120 7.42956
28130 7.42786
28140 7.41726
28150 7.40994
28160 7.40527
28170 7.40934
28180 7.42446
28190 7.44209
28200 7.45849
28210 7.47725
28220 7.49246
28230 7.50365
28240 7.51608
28250 7.52385
28260 7.52926
28270 7.53857
28280 7.54507
28290 7.54952
28300 7.56195
28310 7.57804
28320 7.59204
28330 7.59396
28340 7.58027
28350 7.56151
28360 7.54469
28370 7.54209
28380 7.55933
28390 7.57962
28400 7.58318
28410 7.57485
28420 7.5681
28430 7.55814
28440 7.54672
28450 7.5427
28460 7.55135
28470 7.56778
28480 7.5865
28490 7.59997
28500 7.60261
28510 7.60106
28520 7.5983
28530 7.59523
28540 7.60247
28550 7.62013
28560 7.64255
28570 7.6588
28580 7.65899
28590 7.65548
28600 7.66239
28610 7.67319
28620 7.68053
28630 7.69035
28640 7.69937
28650 7.69616
28660 7.68037
28670 7.66216
28680 7.6507
28690 7.64829
28700 7.65306
28710 7.65608
28720 7.64574
28730 7.63002
28740 7.61737
28750 7.60551
28760 7.60183
28770 7.6118
28780 7.6306
28790 7.65246
28800 7.6764
28810 7.69891
28820 7.71835
28830 7.73608
28840 7.7497
28850 7.75485
28860 7.74929
28870 7.74515
28880 7.74661
28890 7.75324
28900 7.76504
28910 7.77952
28920 7.79255
28930 7.80295
28940 7.80352
28950 7.78544
28960 7.75445
28970 7.72062
28980 7.69451
28990 7.68583
29000 7.69153
29010 7.6965
29020 7.7015
29030 7.71141
29040 7.72495
29050 7.73836
29060 7.75047
29070 7.76404
29080 7.77917
29090 7.78315
29100 7.76954
29110 7.75992
29120 7.76953
29130 7.78336
29140 7.79013
29150 7.79811
29160 7.80819
29170 7.81656
29180 7.83022
29190 7.85634
29200 7.88578
29210 7.90819
29220 7.91946
29230 7.92181
29240 7.91736
29250 7.90306
29260 7.89121
29270 7.89328
29280 7.89963
29290 7.90944
29300 7.92092
29310 7.92825
29320 7.93032
29330 7.92681
29340 7.91363
29350 7.90131
29360 7.90755
29370 7.93236
29380 7.96006
29390 7.98309
29400 8.00249
29410 8.0224
29420 8.04871
29430 8.07134
29440 8.07766
29450 8.07654
29460 8.08168
29470 8.09011
29480 8.09671
29490 8.09797
29500 8.08294
29510 8.06263
29520 8.0508
29530 8.04626
29540 8.04416
29550 8.0405
29560 8.02945
29570 8.01199
29580 8.00238
29590 8.0047
29600 8.00883
29610 8.01328
29620 8.01657
29630 8.00607
29640 7.98399
29650 7.9535
29660 7.91979
29670 7.88961
29680 7.87184
29690 7.8703
29700 7.88158
29710 7.898
29720 7.90888
29730 7.90999
29740 7.90827
29750 7.91352
29760 7.91857
29770 7.91556
29780 7.91474
29790 7.92466
29800 7.93989
29810 7.95443
29820 7.96322
29830 7.96348
29840 7.96079
29850 7.95822
29860 7.94959
29870 7.93793
29880 7.93656
29890 7.94678
29900 7.95788
29910 7.9582
29920 7.95139
29930 7.9489
29940 7.95055
29950 7.95202
29960 7.95137
29970 7.95201
29980 7.95094
29990 7.94155
30000 7.93032
30010 7.92538
30020 7.92986
30030 7.94457
30040 7.96502
30050 7.98403
30060 7.99314
30070 7.98859
30080 7.97104
30090 7.94863
30100 7.94017
30110 7.94131
30120 7.94597
30130 7.95607
30140 7.96951
30150 7.97935
30160 7.98808
30170 7.99385
30180 7.9989
30190 8.00526
30200 8.00535
30210 8.00755
30220 8.01872
30230 8.02354
30240 8.01667
30250 8.01309
30260 8.01672
30270 8.01888
30280 8.02396
30290 8.03363
30300 8.0467
30310 8.06522
30320 8.08719
30330 8.11078
30340 8.13938
30350 8.17351
30360 8.20264
30370 8.21515
30380 8.2141
30390 8.20909
30400 8.21502
30410 8.2407
30420 8.27913
30430 8.30817
30440 8.3271
30450 8.33697
30460 8.33076
30470 8.31711
30480 8.31474
30490 8.32257
30500 8.33313
30510 8.34195
30520 8.33771
30530 8.32029
30540 8.30298
30550 8.29135
30560 8.28244
30570 8.28269
30580 8.29612
30590 8.31301
30600 8.32563
30610 8.33423
30620 8.32646
30630 8.30045
30640 8.27343
30650 8.25946
30660 8.25561
30670 8.26182
30680 8.28374
30690 8.30965
30700 8.32806
30710 8.34437
30720 8.35968
30730 8.37969
30740 8.4082
30750 8.42818
30760 8.43214
30770 8.4311
30780 8.42904
30790 8.42375
30800 8.42638
30810 8.45058
30820 8.4866
30830 8.51235
30840 8.5236
30850 8.52075
30860 8.50505
30870 8.48377
30880 8.4639
30890 8.45071
30900 8.44279
30910 8.44389
30920 8.45621
30930 8.48075
30940 8.51744
30950 8.54727
30960 8.55709
30970 8.55397
30980 8.54817
30990 8.54758
31000 8.55632
31010 8.57473
31020 8.59093
31030 8.60238
31040 8.61141
31050 8.60571
31060 8.58549
31070 8.57296
31080 8.57988
31090 8.60319
31100 8.635
31110 8.66744
31120 8.68959
31130 8.7008
31140 8.70721
31150 8.70821
31160 8.70876
31170 8.71167
31180 8.71252
31190 8.71586
31200 8.72931
31210 8.74423
31220 8.76019
31230 8.78629
31240 8.81675
31250 8.82576
31260 8.81119
31270 8.78937
31280 8.76937
31290 8.74498
31300 8.72344
31310 8.72357
31320 8.73595
31330 8.74403
31340 8.74898
31350 8.75839
31360 8.76849
31370 8.78339
31380 8.79625
31390 8.79201
31400 8.77001
31410 8.74144
31420 8.71764
31430 8.69998
31440 8.68799
31450 8.67987
31460 8.67323
31470 8.66988
31480 8.66613
31490 8.65427
31500 8.63012
31510 8.60441
31520 8.59214
31530 8.59484
31540 8.60152
31550 8.60691
31560 8.6157
31570 8.62993
31580 8.63676
31590 8.62767
31600 8.61142
31610 8.60194
31620 8.60302
31630 8.61489
31640 8.63029
31650 8.63876
31660 8.63908
31670 8.63805
31680 8.63419
31690 8.62219
31700 8.6114
31710 8.61258
31720 8.62005
31730 8.63488
31740 8.66324
31750 8.68186
31760 8.67327
31770 8.65551
31780 8.65182
31790 8.66462
31800 8.68062
31810 8.69087
31820 8.69391
31830 8.68907
31840 8.67803
31850 8.66919
31860 8.66496
31870 8.66081
31880 8.65587
31890 8.64494
31900 8.62438
31910 8.59663
31920 8.57648
31930 8.56871
31940 8.56538
31950 8.56708
31960 8.57211
31970 8.57282
31980 8.57417
31990 8.58714
32000 8.60114
32010 8.60579
32020 8.61018
32030 8.6208
32040 8.63981
32050 8.66209
32060 8.67677
32070 8.67245
32080 8.66055
32090 8.64683
32100 8.62589
32110 8.608
32120 8.6002
32130 8.59125
32140 8.57996
32150 8.57753
32160 8.58065
32170 8.57276
32180 8.55777
32190 8.55981
32200 8.57829
32210 8.59223
32220 8.59364
32230 8.59218
32240 8.59689
32250 8.60628
32260 8.62248
32270 8.64188
32280 8.654
32290 8.65608
32300 8.65405
32310 8.65082
32320 8.6388
32330 8.61799
32340 8.60959
32350 8.61623
32360 8.6213
32370 8.61682
32380 8.60862
32390 8.59917
32400 8.59432
32410 8.60156
32420 8.613
32430 8.62022
32440 8.63073
32450 8.63938
32460 8.63372
32470 8.62823
32480 8.6302
32490 8.62534
32500 8.6145
32510 8.61409
32520 8.62252
32530 8.6259
32540 8.63062
32550 8.64932
32560 8.67674
32570 8.70241
32580 8.72836
32590 8.75807
32600 8.79126
32610 8.81365
32620 8.82012
32630 8.8142
32640 8.80049
32650 8.78685
32660 8.77482
32670 8.76551
32680 8.76123
32690 8.76293
32700 8.765
32710 8.76656
32720 8.76529
32730 8.75882
32740 8.75403
32750 8.75215
32760 8.75161
32770 8.74921
32780 8.75027
32790 8.76959
32800 8.80722
32810 8.84376
32820 8.87077
32830 8.89072
32840 8.90114
32850 8.91268
32860 8.9325
32870 8.94516
32880 8.94279
32890 8.93658
32900 8.93508
32910 8.93956
32920 8.95196
32930 8.97668
32940 9.01064
32950 9.04181
32960 9.06821
32970 9.0865
32980 9.09078
32990 9.08273
33000 9.07418
33010 9.06713
33020 9.07404
33030 9.10187
33040 9.13913
33050 9.16424
33060 9.17004
33070 9.16235
33080 9.14826
33090 9.13177
33100 9.12098
33110 9.12482
33120 9.13657
33130 9.15559
33140 9.17895
33150 9.18924
33160 9.17143
33170 9.13793
33180 9.11012
33190 9.08574
33200 9.075
33210 9.09203
33220 9.11879
33230 9.13702
33240 9.1468
33250 9.14412
33260 9.1237
33270 9.09933
33280 9.08923
33290 9.09992
33300 9.12084
33310 9.13899
33320 9.14826
33330 9.15215
33340 9.14466
33350 9.13214
33360 9.12954
33370 9.14333
33380 9.16834
33390 9.20179
33400 9.23353
33410 9.2504
33420 9.2515
33430 9.24219
33440 9.2326
33450 9.23654
33460 9.25457
33470 9.28116
33480 9.31796
33490 9.35265
33500 9.36887
33510 9.37071
33520 9.36933
33530 9.37026
33540 9.37528
33550 9.3837
33560 9.39644
33570 9.40824
33580 9.40851
33590 9.39615
33600 9.38141
33610 9.37002
33620 9.36045
33630 9.35071
33640 9.33645
33650 9.32097
33660 9.312
33670 9.30497
33680 9.29399
33690 9.28822
33700 9.28994
33710 9.2931
33720 9.29441
33730 9.2887
33740 9.27772
33750 9.26948
33760 9.26215
33770 9.25937
33780 9.26714
33790 9.28114
33800 9.29272
33810 9.29765
33820 9.29391
33830 9.2723
33840 9.24193
33850 9.22497
33860 9.22086
33870 9.22182
33880 9.2255
33890 9.22179
33900 9.20845
33910 9.19928
33920 9.20341
33930 9.20655
33940 9.20129
33950 9.19463
33960 9.18212
33970 9.16683
33980 9.15304
33990 9.14233
34000 9.14065
34010 9.16283
34020 9.20139
34030 9.23338
34040 9.25543
34050 9.27629
34060 9.29312
34070 9.30208
34080 9.30229
34090 9.29126
34100 9.28428
34110 9.29815
34120 9.3233
34130 9.34284
34140 9.35094
34150 9.35215
34160 9.34862
34170 9.33766
34180 9.31791
34190 9.29394
34200 9.26741
34210 9.23787
34220 9.20737
34230 9.18537
34240 9.18296
34250 9.19412
34260 9.19792
34270 9.18909
34280 9.17031
34290 9.14464
34300 9.11677
34310 9.09054
34320 9.07518
34330 9.08327
34340 9.10131
34350 9.10482
34360 9.09319
34370 9.08111
34380 9.07793
34390 9.08438
34400 9.09902
34410 9.12876
34420 9.16339
34430 9.18337
34440 9.18321
34450 9.17592
34460 9.17032
34470 9.17367
34480 9.19033
34490 9.21042
34500 9.22488
34510 9.2341
34520 9.23158
34530 9.22149
34540 9.2078
34550 9.2022
34560 9.20788
34570 9.22117
34580 9.23271
34590 9.23796
34600 9.24135
34610 9.24266
34620 9.24062
34630 9.23587
34640 9.23055
34650 9.22549
34660 9.22619
34670 9.2294
34680 9.22478
34690 9.21728
34700 9.2098
34710 9.19292
34720 9.16477
34730 9.14796
34740 9.15264
34750 9.16674
34760 9.1807
34770 9.1828
34780 9.1684
34790 9.14827
34800 9.13936
34810 9.1467
34820 9.16025
34830 9.17914
34840 9.20289
34850 9.22111
34860 9.23
34870 9.23991
34880 9.25805
34890 9.27047
34900 9.27349
34910 9.27367
34920 9.26639
34930 9.24956
34940 9.24433
34950 9.25337
34960 9.2642
34970 9.27684
34980 9.29362
34990 9.30664
35000 9.31568
35010 9.30577
35020 9.27756
35030 9.2516
35040 9.2491
35050 9.2625
35060 9.29005
35070 9.32993
35080 9.35952
35090 9.36581
35100 9.36051
35110 9.35075
35120 9.3434
35130 9.34595
35140 9.35782
35150 9.3738
35160 9.39291
35170 9.41099
35180 9.41751
35190 9.41169
35200 9.40352
35210 9.39503
35220 9.38589
35230 9.3706
35240 9.34641
35250 9.31882
35260 9.29896
35270 9.29252
35280 9.28671
35290 9.27745
35300 9.26806
35310 9.26106
35320 9.25712
35330 9.25824
35340 9.26257
35350 9.26237
35360 9.26181
35370 9.27018
35380 9.28272
35390 9.29115
35400 9.29561
35410 9.29677
35420 9.2936
35430 9.29764
35440 9.31461
35450 9.33729
35460 9.35524
35470 9.37321
35480 9.39108
35490 9.40977
35500 9.42948
35510 9.4514
35520 9.47318
35530 9.49135
35540 9.50949
35550 9.52971
35560 9.54558
35570 9.55871
35580 9.57796
35590 9.5992
35600 9.61857
35610 9.63516
35620 9.64653
35630 9.65461
35640 9.6553
35650 9.6433
35660 9.62981
35670 9.62765
35680 9.64909
35690 9.68995
35700 9.72221
35710 9.7394
35720 9.74152
35730 9.73412
35740 9.73425
35750 9.74281
35760 9.7414
35770 9.73467
35780 9.742
35790 9.76005
35800 9.77064
35810 9.76979
35820 9.77114
35830 9.77019
35840 9.75737
35850 9.74067
35860 9.72524
35870 9.71185
35880 9.70637
35890 9.70888
35900 9.71518
35910 9.72167
35920 9.73242
35930 9.74809
35940 9.75858
35950 9.77222
35960 9.79826
35970 9.82858
35980 9.85149
35990 9.86924
36000 9.88092
36010 9.88385
36020 9.87687
36030 9.8719
36040 9.88902
36050 9.93075
36060 9.97423
36070 10.0119
36080 10.0488
36090 10.0753
36100 10.0806
36110 10.0762
36120 10.0755
36130 10.0748
36140 10.0787
36150 10.0886
36160 10.0888
36170 10.0851
36180 10.0942
36190 10.1112
36200 10.1239
36210 10.1302
36220 10.1316
36230 10.1298
36240 10.1245
36250 10.1222
36260 10.1319
36270 10.1526
36280 10.1715
36290 10.1806
36300 10.1854
36310 10.1856
36320 10.1799
36330 10.1776
36340 10.1772
36350 10.1729
36360 10.1734
36370 10.1786
36380 10.1822
36390 10.1917
36400 10.2027
36410 10.1986
36420 10.1828
36430 10.1605
36440 10.1315
36450 10.1119
36460 10.1209
36470 10.149
36480 10.1736
36490 10.1853
36500 10.1984
36510 10.2128
36520 10.2207
36530 10.2209
36540 10.2163
36550 10.2135
36560 10.2121
36570 10.2099
36580 10.2068
36590 10.2033
36600 10.2008
36610 10.2009
36620 10.2003
36630 10.1964
36640 10.1931
36650 10.2003
36660 10.2225
36670 10.2517
36680 10.2847
36690 10.3173
36700 10.3551
36710 10.3908
36720 10.4101
36730 10.4144
36740 10.4129
36750 10.4077
36760 10.4073
36770 10.4169
36780 10.4312
36790 10.4426
36800 10.4576
36810 10.4875
36820 10.5162
36830 10.5309
36840 10.5466
36850 10.5723
36860 10.5986
36870 10.6103
36880 10.6038
36890 10.5872
36900 10.5525
36910 10.5073
36920 10.474
36930 10.4692
36940 10.4876
36950 10.5042
36960 10.5088
36970 10.4974
36980 10.4686
36990 10.4241
37000 10.3816
37010 10.3517
37020 10.3343
37030 10.324
37040 10.3147
37050 10.3118
37060 10.3185
37070 10.3321
37080 10.35
37090 10.3698
37100 10.3925
37110 10.4161
37120 10.4307
37130 10.4331
37140 10.4343
37150 10.4447
37160 10.4585
37170 10.468
37180 10.4788
37190 10.4931
37200 10.5027
37210 10.4966
37220 10.4824
37230 10.4758
37240 10.4884
37250 10.5119
37260 10.5291
37270 10.5408
37280 10.5533
37290 10.5593
37300 10.5538
37310 10.5477
37320 10.5436
37330 10.5344
37340 10.5283
37350 10.5351
37360 10.5421
37370 10.539
37380 10.538
37390 10.552
37400 10.5799
37410 10.6093
37420 10.6363
37430 10.6629
37440 10.6774
37450 10.6782
37460 10.6767
37470 10.6733
37480 10.6585
37490 10.6481
37500 10.6579
37510 10.6802
37520 10.7067
37530 10.7305
37540 10.7403
37550 10.738
37560 10.7247
37570 10.7002
37580 10.6814
37590 10.6741
37600 10.6775
37610 10.692
37620 10.7075
37630 10.7149
37640 10.7197
37650 10.7318
37660 10.7547
37670 10.788
37680 10.8121
37690 10.8112
37700 10.7858
37710 10.7493
37720 10.7167
37730 10.6976
37740 10.6954
37750 10.7126
37760 10.7461
37770 10.7661
37780 10.762
37790 10.7454
37800 10.7275
37810 10.7173
37820 10.7143
37830 10.7183
37840 10.7287
37850 10.747
37860 10.7689
37870 10.7775
37880 10.7704
37890 10.7664
37900 10.7648
37910 10.7565
37920 10.7474
37930 10.7384
37940 10.7259
37950 10.7194
37960 10.7207
37970 10.7171
37980 10.7
37990 10.6764
38000 10.6618
38010 10.6549
38020 10.6617
38030 10.6859
38040 10.7128
38050 10.7389
38060 10.7726
38070 10.8082
38080 10.8365
38090 10.8608
38100 10.8834
38110 10.9072
38120 10.9324
38130 10.9431
38140 10.9273
38150 10.8939
38160 10.8528
38170 10.8108
38180 10.7756
38190 10.7551
38200 10.7504
38210 10.7543
38220 10.7612
38230 10.7724
38240 10.7866
38250 10.7898
38260 10.773
38270 10.7398
38280 10.7063
38290 10.6958
38300 10.7187
38310 10.7569
38320 10.7941
38330 10.825
38340 10.8455
38350 10.8535
38360 10.8559
38370 10.8579
38380 10.859
38390 10.8617
38400 10.864
38410 10.8686
38420 10.8797
38430 10.8945
38440 10.9091
38450 10.9267
38460 10.945
38470 10.9553
38480 10.9494
38490 10.933
38500 10.9229
38510 10.9229
38520 10.9264
38530 10.9382
38540 10.9584
38550 10.9786
38560 10.9962
38570 11.0076
38580 10.9974
38590 10.9696
38600 10.945
38610 10.9347
38620 10.9402
38630 10.9564
38640 10.9676
38650 10.9638
38660 10.9645
38670 10.9834
38680 11.0142
38690 11.0453
38700 11.0756
38710 11.1007
38720 11.1152
38730 11.1215
38740 11.1183
38750 11.1072
38760 11.0939
38770 11.0891
38780 11.1058
38790 11.1376
38800 11.1652
38810 11.189
38820 11.2041
38830 11.2095
38840 11.2159
38850 11.2243
38860 11.2213
38870 11.2044
38880 11.187
38890 11.1737
38900 11.1622
38910 11.1609
38920 11.1614
38930 11.1463
38940 11.1153
38950 11.069
38960 11.0162
38970 10.9759
38980 10.9626
38990 10.9632
39000 10.9635
39010 10.9665
39020 10.9685
39030 10.9626
39040 10.9481
39050 10.9245
39060 10.8933
39070 10.8646
39080 10.8519
39090 10.8592
39100 10.8887
39110 10.9289
39120 10.9717
39130 11.0077
39140 11.02
39150 11.0084
39160 10.9876
39170 10.9682
39180 10.9591
39190 10.9636
39200 10.9831
39210 11.0055
39220 11.0194
39230 11.0293
39240 11.0408
39250 11.0427
39260 11.0264
39270 10.9982
39280 10.9655
39290 10.9436
39300 10.9367
39310 10.9302
39320 10.9147
39330 10.902
39340 10.8986
39350 10.8896
39360 10.8716
39370 10.8623
39380 10.8623
39390 10.8603
39400 10.8572
39410 10.8583
39420 10.8582
39430 10.8513
39440 10.8409
39450 10.8352
39460 10.8431
39470 10.8694
39480 10.9012
39490 10.9203
39500 10.9315
39510 10.9388
39520 10.9348
39530 10.9226
39540 10.906
39550 10.8798
39560 10.8494
39570 10.8284
39580 10.8222
39590 10.8239
39600 10.8358
39610 10.8543
39620 10.8695
39630 10.8829
39640 10.9006
39650 10.9164
39660 10.9316
39670 10.9495
39680 10.9643
39690 10.9779
39700 10.9925
39710 11.0036
39720 11.0051
39730 10.9973
39740 10.9813
39750 10.9618
39760 10.95
39770 10.9508
39780 10.9647
39790 10.9774
39800 10.98
39810 10.9737
39820 10.9712
39830 10.9791
39840 10.9935
39850 11.0111
39860 11.0343
39870 11.0546
39880 11.0699
39890 11.0896
39900 11.1078
39910 11.1164
39920 11.1208
39930 11.1239
39940 11.1271
39950 11.1328
39960 11.1402
39970 11.1419
39980 11.1404
39990 11.1488
40000 11.1732
40010 11.1942
40020 11.2024
40030 11.2073
40040 11.2077
40050 11.1943
40060 11.1771
40070 11.1713
40080 11.1668
40090 11.1543
40100 11.1413
40110 11.1342
40120 11.1224
40130 11.1033
40140 11.0902
40150 11.09
40160 11.1027
40170 11.133
40180 11.1666
40190 11.1778
40200 11.1615
40210 11.1323
40220 11.0991
40230 11.0649
40240 11.0447
40250 11.0436
40260 11.049
40270 11.0646
40280 11.0983
40290 11.1296
40300 11.1497
40310 11.158
40320 11.1475
40330 11.1213
40340 11.0987
40350 11.08
40360 11.0625
40370 11.0496
40380 11.0401
40390 11.0249
40400 11.0109
40410 11.0145
40420 11.035
40430 11.0608
40440 11.0864
40450 11.1076
40460 11.116
40470 11.118
40480 11.121
40490 11.1255
40500 11.1448
40510 11.1829
40520 11.219
40530 11.2397
40540 11.2435
40550 11.2338
40560 11.2216
40570 11.208
40580 11.1833
40590 11.1613
40600 11.1681
40610 11.2026
40620 11.2342
40630 11.2384
40640 11.2175
40650 11.1911
40660 11.1821
40670 11.1952
40680 11.2151
40690 11.2295
40700 11.2412
40710 11.2465
40720 11.2445
40730 11.2445
40740 11.2526
40750 11.273
40760 11.3057
40770 11.3506
40780 11.3878
40790 11.4071
40800 11.4106
40810 11.3954
40820 11.3684
40830 11.3543
40840 11.3595
40850 11.3647
40860 11.3724
40870 11.3915
40880 11.4037
40890 11.4028
40900 11.3984
40910 11.3898
40920 11.3748
40930 11.369
40940 11.3758
40950 11.3835
40960 11.3923
40970 11.4098
40980 11.425
40990 11.4378
41000 11.4565
41010 11.4791
41020 11.4889
41030 11.4996
41040 11.5235
41050 11.5569
41060 11.5879
41070 11.6084
41080 11.6191
41090 11.6216
41100 11.6174
41110 11.6033
41120 11.5795
41130 11.55
41140 11.5195
41150 11.497
41160 11.4909
41170 11.4935
41180 11.4935
41190 11.4858
41200 11.47
41210 11.4531
41220 11.4438
41230 11.4429
41240 11.4452
41250 11.4586
41260 11.4845
41270 11.5057
41280 11.5009
41290 11.4739
41300 11.4526
41310 11.4475
41320 11.4564
41330 11.4812
41340 11.5111
41350 11.5329
41360 11.5544
41370 11.5742
41380 11.5683
41390 11.5422
41400 11.5202
41410 11.5061
41420 11.4994
41430 11.4963
41440 11.4854
41450 11.4749
41460 11.4694
41470 11.4646
41480 11.4694
41490 11.4984
41500 11.5452
41510 11.5883
41520 11.6225
41530 11.65
41540 11.661
41550 11.6545
41560 11.6506
41570 11.6502
41580 11.6495
41590 11.6507
41600 11.6544
41610 11.6668
41620 11.6795
41630 11.6803
41640 11.6686
41650 11.65
41660 11.6293
41670 11.6202
41680 11.635
41690 11.6629
41700 11.692
41710 11.7177
41720 11.7314
41730 11.7317
41740 11.7263
41750 11.7192
41760 11.7087
41770 11.7021
41780 11.7068
41790 11.7071
41800 11.6953
41810 11.6805
41820 11.6691
41830 11.661
41840 11.6619
41850 11.6767
41860 11.6955
41870 11.7083
41880 11.7164
41890 11.7256
41900 11.7282
41910 11.7165
41920 11.7038
41930 11.7027
41940 11.7158
41950 11.7398
41960 11.7665
41970 11.7864
41980 11.7985
41990 11.7973
42000 11.7857
42010 11.7779
42020 11.7741
42030 11.7681
42040 11.7679
42050 11.7811
42060 11.8113
42070 11.856
42080 11.8951
42090 11.9211
42100 11.9444
42110 11.9665
42120 11.9669
42130 11.954
42140 11.9435
42150 11.9265
42160 11.9156
42170 11.9273
42180 11.9544
42190 11.9769
42200 12.0007
42210 12.0292
42220 12.0453
42230 12.0405
42240 12.0291
42250 12.0242
42260 12.0267
42270 12.0288
42280 12.0192
42290 12.0108
42300 12.0162
42310 12.0202
42320 12.0198
42330 12.0235
42340 12.0289
42350 12.0307
42360 12.0324
42370 12.0348
42380 12.0341
42390 12.0321
42400 12.0347
42410 12.0393
42420 12.0341
42430 12.0191
42440 12.0038
42450 11.9966
42460 11.9965
42470 12.0096
42480 12.0402
42490 12.0668
42500 12.0788
42510 12.0787
42520 12.0687
42530 12.0495
42540 12.0205
42550 11.9844
42560 11.9514
42570 11.9491
42580 11.9762
42590 12.0021
42600 12.0154
42610 12.0236
42620 12.0238
42630 12.0155
42640 12.0198
42650 12.046
42660 12.0618
42670 12.0553
42680 12.0486
42690 12.0497
42700 12.0555
42710 12.0671
42720 12.0754
42730 12.0736
42740 12.0743
42750 12.0883
42760 12.1081
42770 12.1245
42780 12.1273
42790 12.1148
42800 12.1058
42810 12.1096
42820 12.1112
42830 12.0997
42840 12.0802
42850 12.0587
42860 12.0406
42870 12.0346
42880 12.0432
42890 12.0549
42900 12.0499
42910 12.0305
42920 12.0172
42930 12.017
42940 12.0239
42950 12.0366
42960 12.039
42970 12.0228
42980 12.0099
42990 12.0143
43000 12.0244
43010 12.0242
43020 12.0176
43030 12.0199
43040 12.041
43050 12.0664
43060 12.0879
43070 12.1015
43080 12.0946
43090 12.0701
43100 12.0453
43110 12.0269
43120 12.0135
43130 12.0066
43140 12.0023
43150 11.9934
43160 11.9777
43170 11.9583
43180 11.9313
43190 11.909
43200 11.9052
43210 11.9171
43220 11.939
43230 11.9724
43240 12.0129
43250 12.0371
43260 12.0383
43270 12.0335
43280 12.0273
43290 12.0147
43300 12.0117
43310 12.0348
43320 12.0746
43330 12.1112
43340 12.1293
43350 12.125
43360 12.0997
43370 12.0687
43380 12.0485
43390 12.0457
43400 12.0547
43410 12.0615
43420 12.0592
43430 12.0558
43440 12.0523
43450 12.0345
43460 12.0103
43470 11.9987
43480 12.0018
43490 12.0252
43500 12.065
43510 12.1013
43520 12.1271
43530 12.1441
43540 12.1482
43550 12.1369
43560 12.1207
43570 12.1145
43580 12.1172
43590 12.1231
43600 12.1332
43610 12.1476
43620 12.1664
43630 12.1765
43640 12.1674
43650 12.16
43660 12.1727
43670 12.1867
43680 12.187
43690 12.1823
43700 12.177
43710 12.1692
43720 12.1648
43730 12.1713
43740 12.1851
43750 12.202
43760 12.2217
43770 12.2309
43780 12.2203
43790 12.2044
43800 12.2029
43810 12.2058
43820 12.2073
43830 12.2216
43840 12.2357
43850 12.235
43860 12.2281
43870 12.2269
43880 12.2262
43890 12.2303
43900 12.2469
43910 12.2645
43920 12.2763
43930 12.2893
43940 12.2992
43950 12.2901
43960 12.2729
43970 12.259
43980 12.2489
43990 12.2484
44000 12.2603
44010 12.2825
44020 12.3077
44030 12.3309
44040 12.3498
44050 12.3532
44060 12.3354
44070 12.3052
44080 12.2761
44090 12.2542
44100 12.244
44110 12.2529
44120 12.268
44130 12.2666
44140 12.2492
44150 12.2283
44160 12.2039
44170 12.1872
44180 12.1958
44190 12.219
44200 12.2337
44210 12.2351
44220 12.2362
44230 12.24
44240 12.2472
44250 12.2596
44260 12.2629
44270 12.2515
44280 12.2439
44290 12.249
44300 12.2626
44310 12.2782
44320 12.2933
44330 12.3021
44340 12.2973
44350 12.2822
44360 12.2719
44370 12.2691
44380 12.2701
44390 12.2781
44400 12.2885
44410 12.2826
44420 12.265
44430 12.2489
44440 12.2298
44450 12.2043
44460 12.1769
44470 12.1558
44480 12.1473
44490 12.1474
44500 12.1583
44510 12.1781
44520 12.1988
44530 12.2132
44540 12.2263
44550 12.239
44560 12.2464
44570 12.2532
44580 12.2602
44590 12.2589
44600 12.2538
44610 12.2606
44620 12.2746
44630 12.2756
44640 12.2712
44650 12.2726
44660 12.2806
44670 12.2914
44680 12.2926
44690 12.2781
44700 12.2523
44710 12.2319
44720 12.2259
44730 12.226
44740 12.2373
44750 12.269
44760 12.3017
44770 12.3224
44780 12.3377
44790 12.3413
44800 12.3278
44810 12.3202
44820 12.3308
44830 12.3401
44840 12.3395
44850 12.3484
44860 12.3757
44870 12.4055
44880 12.4272
44890 12.4414
44900 12.4435
44910 12.4366
44920 12.4253
44930 12.4076
44940 12.3798
44950 12.3483
44960 12.3331
44970 12.3374
44980 12.3402
44990 12.3272
45000 12.3066
45010 12.2891
45020 12.2754
45030 12.2605
45040 12.2523
45050 12.2577
45060 12.2667
45070 12.2847
45080 12.3135
45090 12.3341
45100 12.3331
45110 12.3313
45120 12.3463
45130 12.3665
45140 12.3848
45150 12.3995
45160 12.4008
45170 12.3777
45180 12.341
45190 12.3122
45200 12.3038
45210 12.3213
45220 12.3507
45230 12.3717
45240 12.3765
45250 12.3665
45260 12.3489
45270 12.3294
45280 12.32
45290 12.3258
45300 12.3369
45310 12.3455
45320 12.3488
45330 12.3619
45340 12.3804
45350 12.3996
45360 12.4283
45370 12.4676
45380 12.5084
45390 12.5518
45400 12.6043
45410 12.6481
45420 12.6631
45430 12.662
45440 12.6633
45450 12.6727
45460 12.6881
45470 12.7163
45480 12.7502
45490 12.7697
45500 12.7695
45510 12.7656
45520 12.7641
45530 12.7724
45540 12.7799
45550 12.7718
45560 12.7688
45570 12.7864
45580 12.8048
45590 12.8102
45600 12.8215
45610 12.834
45620 12.8269
45630 12.8123
45640 12.8127
45650 12.8225
45660 12.8308
45670 12.8375
45680 12.8338
45690 12.8151
45700 12.7883
45710 12.7735
45720 12.7871
45730 12.8179
45740 12.8424
45750 12.8589
45760 12.8729
45770 12.8796
45780 12.8769
45790 12.872
45800 12.8551
45810 12.8269
45820 12.804
45830 12.8003
45840 12.8142
45850 12.8286
45860 12.8355
45870 12.8407
45880 12.8347
45890 12.8084
45900 12.7807
45910 12.7702
45920 12.7735
45930 12.7879
45940 12.8177
45950 12.8387
45960 12.8384
45970 12.8265
45980 12.815
45990 12.7922
46000 12.7563
46010 12.7218
46020 12.707
46030 12.7085
46040 12.7037
46050 12.68
46060 12.6501
46070 12.6331
46080 12.6241
46090 12.6099
46100 12.5997
46110 12.6099
46120 12.6432
46130 12.6868
46140 12.731
46150 12.7762
46160 12.8277
46170 12.888
46180 12.9344
46190 12.9585
46200 12.9788
46210 12.9958
46220 12.9981
46230 13.0023
46240 13.0181
46250 13.0229
46260 13.0121
46270 13.0071
46280 13.0193
46290 13.0358
46300 13.0595
46310 13.0981
46320 13.1477
46330 13.1911
46340 13.223
46350 13.2455
46360 13.2516
46370 13.2378
46380 13.2113
46390 13.1835
46400 13.1549
46410 13.136
46420 13.1342
46430 13.1524
46440 13.1768
46450 13.1936
46460 13.2071
46470 13.2259
46480 13.2561
46490 13.2981
46500 13.3447
46510 13.3798
46520 13.3943
46530 13.3985
46540 13.3974
46550 13.3898
46560 13.3897
46570 13.4045
46580 13.4262
46590 13.4587
46600 13.5062
46610 13.5539
46620 13.5837
46630 13.5876
46640 13.5635
46650 13.5264
46660 13.4979
46670 13.4929
46680 13.5163
46690 13.5572
46700 13.5848
46710 13.5879
46720 13.5683
46730 13.5308
46740 13.4892
46750 13.4511
46760 13.4282
46770 13.4371
46780 13.4704
46790 13.5011
46800 13.5125
46810 13.5094
46820 13.4966
46830 13.4955
46840 13.5216
46850 13.5607
46860 13.6024
46870 13.6442
46880 13.6742
46890 13.7018
46900 13.731
46910 13.7563
46920 13.7793
46930 13.7989
46940 13.8128
46950 13.8225
46960 13.8257
46970 13.8226
46980 13.8192
46990 13.8193
47000 13.8189
47010 13.8148
47020 13.8092
47030 13.8106
47040 13.8156
47050 13.8134
47060 13.8041
47070 13.7901
47080 13.7621
47090 13.731
47100 13.7184
47110 13.7176
47120 13.7326
47130 13.7704
47140 13.8082
47150 13.8353
47160 13.8551
47170 13.8587
47180 13.8402
47190 13.8125
47200 13.7891
47210 13.7781
47220 13.7888
47230 13.8183
47240 13.8491
47250 13.8655
47260 13.8704
47270 13.8808
47280 13.8951
47290 13.9001
47300 13.9021
47310 13.9185
47320 13.9448
47330 13.9614
47340 13.9663
47350 13.9631
47360 13.9527
47370 13.9236
47380 13.8789
47390 13.845
47400 13.8493
47410 13.8863
47420 13.9244
47430 13.9485
47440 13.9723
47450 13.9955
47460 13.999
47470 13.9857
47480 13.9729
47490 13.9664
47500 13.9666
47510 13.9868
47520 14.0142
47530 14.0292
47540 14.0357
47550 14.0361
47560 14.0333
47570 14.0385
47580 14.055
47590 14.0854
47600 14.1154
47610 14.1262
47620 14.1201
47630 14.1164
47640 14.1184
47650 14.1187
47660 14.1197
47670 14.1286
47680 14.1432
47690 14.161
47700 14.175
47710 14.1712
47720 14.1553
47730 14.1484
47740 14.1627
47750 14.1858
47760 14.1958
47770 14.1953
47780 14.1933
47790 14.1886
47800 14.183
47810 14.1934
47820 14.2238
47830 14.2575
47840 14.2765
47850 14.2831
47860 14.2839
47870 14.2953
47880 14.3204
47890 14.3419
47900 14.3554
47910 14.3871
47920 14.4394
47930 14.483
47940 14.5023
47950 14.498
47960 14.4801
47970 14.4674
47980 14.4647
47990 14.4765
48000 14.4871
48010 14.4875
48020 14.4899
48030 14.4953
48040 14.4955
48050 14.486
48060 14.4706
48070 14.4559
48080 14.4407
48090 14.4313
48100 14.4434
48110 14.4757
48120 14.5072
48130 14.526
48140 14.5488
48150 14.5744
48160 14.5843
48170 14.5852
48180 14.5897
48190 14.5957
48200 14.6021
48210 14.6069
48220 14.6105
48230 14.6213
48240 14.625
48250 14.6106
48260 14.5916
48270 14.5766
48280 14.5662
48290 14.5643
48300 14.5873
48310 14.6182
48320 14.6168
48330 14.5869
48340 14.5525
48350 14.5156
48360 14.4749
48370 14.446
48380 14.4488
48390 14.473
48400 14.5027
48410 14.541
48420 14.5781
48430 14.5844
48440 14.5569
48450 14.532
48460 14.5305
48470 14.5323
48480 14.5246
48490 14.5118
48500 14.4984
48510 14.4901
48520 14.4925
48530 14.5007
48540 14.5163
48550 14.5313
48560 14.5294
48570 14.5178
48580 14.4972
48590 14.4573
48600 14.4106
48610 14.3761
48620 14.3587
48630 14.3439
48640 14.3273
48650 14.2999
48660 14.2601
48670 14.2245
48680 14.202
48690 14.1864
48700 14.177
48710 14.1802
48720 14.1906
48730 14.2064
48740 14.2365
48750 14.2618
48760 14.2558
48770 14.2227
48780 14.1893
48790 14.1624
48800 14.1344
48810 14.1232
48820 14.1413
48830 14.1705
48840 14.207
48850 14.2415
48860 14.2489
48870 14.2418
48880 14.2595
48890 14.2889
48900 14.2966
48910 14.2945
48920 14.3058
48930 14.3257
48940 14.3434
48950 14.3542
48960 14.3545
48970 14.3503
48980 14.3611
48990 14.3827
49000 14.4085
49010 14.4355
49020 14.4487
49030 14.4356
49040 14.4266
49050 14.4343
49060 14.4333
49070 14.4252
49080 14.4311
49090 14.4501
49100 14.4794
49110 14.5161
49120 14.5477
49130 14.5636
49140 14.5728
49150 14.5732
49160 14.5528
49170 14.5209
49180 14.4967
49190 14.4927
49200 14.5076
49210 14.5262
49220 14.5294
49230 14.5185
49240 14.5025
49250 14.4815
49260 14.4592
49270 14.4438
49280 14.4453
49290 14.4727
49300 14.5193
49310 14.5602
49320 14.5838
49330 14.5895
49340 14.5896
49350 14.5911
49360 14.5929
49370 14.595
49380 14.593
49390 14.589
49400 14.5849
49410 14.5676
49420 14.5446
49430 14.5172
49440 14.4789
49450 14.4303
49460 14.3956
49470 14.3962
49480 14.4235
49490 14.4568
49500 14.4861
49510 14.491
49520 14.4689
49530 14.4375
49540 14.4102
49550 14.3916
49560 14.3784
49570 14.372
49580 14.3664
49590 14.3538
49600 14.3256
49610 14.2838
49620 14.2475
49630 14.2377
49640 14.2509
49650 14.2683
49660 14.2916
49670 14.3257
49680 14.3613
49690 14.3718
49700 14.3579
49710 14.3502
49720 14.3578
49730 14.3601
49740 14.3596
49750 14.3721
49760 14.3941
49770 14.4171
49780 14.451
49790 14.4919
49800 14.5119
49810 14.5042
49820 14.5045
49830 14.5373
49840 14.5893
49850 14.6393
49860 14.681
49870 14.7125
49880 14.721
49890 14.7145
49900 14.6972
49910 14.6648
49920 14.636
49930 14.6316
49940 14.6562
49950 14.6977
49960 14.7336
49970 14.7489
49980 14.725
49990 14.6648
50000 14.6094
50010 14.5854
50020 14.5844
50030 14.5963
50040 14.6181
50050 14.6226
50060 14.5961
50070 14.5584
50080 14.5188
50090 14.4801
50100 14.4562
50110 14.4507
50120 14.4636
50130 14.4999
50140 14.5421
50150 14.5596
50160 14.5492
50170 14.5346
50180 14.5278
50190 14.5239
50200 14.5222
50210 14.5282
50220 14.538
50230 14.5487
50240 14.5632
50250 14.5771
50260 14.5709
50270 14.5391
50280 14.4969
50290 14.4645
50300 14.4469
50310 14.4381
50320 14.4337
50330 14.441
50340 14.454
50350 14.4556
50360 14.4457
50370 14.436
50380 14.4344
50390 14.4479
50400 14.4624
50410 14.4608
50420 14.4407
50430 14.4092
50440 14.3847
50450 14.377
50460 14.3847
50470 14.3992
50480 14.4219
50490 14.4489
50500 14.4709
50510 14.4786
50520 14.4817
50530 14.4874
50540 14.4913
50550 14.483
50560 14.459
50570 14.4255
50580 14.3936
50590 14.3774
50600 14.3802
50610 14.3818
50620 14.3625
50630 14.3331
50640 14.3048
50650 14.276
50660 14.257
50670 14.249
50680 14.2487
50690 14.2535
50700 14.2654
50710 14.287
50720 14.3189
50730 14.3456
50740 14.359
50750 14.3536
50760 14.3368
50770 14.3325
50780 14.3447
50790 14.3645
50800 14.3961
50810 14.4449
50820 14.4982
50830 14.5362
50840 14.5545
50850 14.5521
50860 14.5337
50870 14.5087
50880 14.486
50890 14.4762
50900 14.4799
50910 14.4767
50920 14.4536
50930 14.4197
50940 14.3762
50950 14.3302
50960 14.2956
50970 14.2677
50980 14.231
50990 14.2029
51000 14.192
51010 14.1842
51020 14.1781
51030 14.1794
51040 14.1872
51050 14.1948
51060 14.2009
51070 14.2134
51080 14.2361
51090 14.2607
51100 14.2862
51110 14.3103
51120 14.3268
51130 14.3272
51140 14.309
51150 14.29
51160 14.2853
51170 14.2952
51180 14.3151
51190 14.3391
51200 14.3645
51210 14.3796
51220 14.3729
51230 14.3419
51240 14.2968
51250 14.256
51260 14.2445
51270 14.2645
51280 14.2939
51290 14.3177
51300 14.3362
51310 14.3355
51320 14.3154
51330 14.2906
51340 14.2708
51350 14.2639
51360 14.2732
51370 14.2933
51380 14.312
51390 14.3164
51400 14.2992
51410 14.2586
51420 14.207
51430 14.1613
51440 14.127
51450 14.111
51460 14.116
51470 14.1373
51480 14.1641
51490 14.1866
51500 14.1982
51510 14.1955
51520 14.1799
51530 14.1632
51540 14.1437
51550 14.1289
51560 14.1323
51570 14.1407
51580 14.1349
51590 14.116
51600 14.0938
51610 14.0715
51620 14.0498
51630 14.0334
51640 14.0233
51650 14.0188
51660 14.0305
51670 14.0503
51680 14.061
51690 14.0674
51700 14.0758
51710 14.0895
51720 14.1086
51730 14.1288
51740 14.1454
51750 14.1569
51760 14.1689
51770 14.1952
51780 14.2303
51790 14.2591
51800 14.279
51810 14.2849
51820 14.2803
51830 14.262
51840 14.2333
51850 14.2047
51860 14.1889
51870 14.1856
51880 14.194
51890 14.2152
51900 14.2524
51910 14.301
51920 14.3309
51930 14.3184
51940 14.2772
51950 14.2308
51960 14.1862
51970 14.154
51980 14.144
51990 14.1567
52000 14.1849
52010 14.2104
52020 14.2172
52030 14.2127
52040 14.2087
52050 14.2009
52060 14.1834
52070 14.1727
52080 14.182
52090 14.1988
52100 14.2197
52110 14.2441
52120 14.2612
52130 14.2695
52140 14.2769
52150 14.274
52160 14.2525
52170 14.2339
52180 14.2261
52190 14.2196
52200 14.2229
52210 14.2448
52220 14.2728
52230 14.2863
52240 14.2892
52250 14.2976
52260 14.3024
52270 14.2958
52280 14.2849
52290 14.2836
52300 14.2831
52310 14.2754
52320 14.2661
52330 14.2636
52340 14.2776
52350 14.3083
52360 14.3404
52370 14.3615
52380 14.3575
52390 14.3268
52400 14.2996
52410 14.2964
52420 14.3118
52430 14.3382
52440 14.3668
52450 14.3715
52460 14.3499
52470 14.3278
52480 14.3128
52490 14.2891
52500 14.2727
52510 14.2848
52520 14.3129
52530 14.3298
52540 14.3292
52550 14.3258
52560 14.3247
52570 14.324
52580 14.3401
52590 14.376
52600 14.4167
52610 14.4542
52620 14.4765
52630 14.4759
52640 14.4693
52650 14.474
52660 14.4835
52670 14.4773
52680 14.462
52690 14.4636
52700 14.4842
52710 14.5075
52720 14.5295
52730 14.5435
52740 14.5448
52750 14.5435
52760 14.5493
52770 14.5502
52780 14.5315
52790 14.4943
52800 14.4674
52810 14.4675
52820 14.4747
52830 14.4701
52840 14.4703
52850 14.4864
52860 14.5014
52870 14.5041
52880 14.5149
52890 14.5357
52900 14.5557
52910 14.5832
52920 14.614
52930 14.6433
52940 14.6744
52950 14.7055
52960 14.7308
52970 14.7381
52980 14.7426
52990 14.7478
53000 14.7444
53010 14.7417
53020 14.7526
53030 14.7771
53040 14.8087
53050 14.8256
53060 14.8208
53070 14.8017
53080 14.7817
53090 14.7809
53100 14.7927
53110 14.7963
53120 14.7953
53130 14.8023
53140 14.8212
53150 14.8477
53160 14.8717
53170 14.8821
53180 14.8766
53190 14.8658
53200 14.8666
53210 14.8895
53220 14.9189
53230 14.9359
53240 14.9472
53250 14.9666
53260 14.9795
53270 14.9804
53280 14.9746
53290 14.9528
53300 14.9229
53310 14.9024
53320 14.8795
53330 14.8405
53340 14.813
53350 14.8129
53360 14.8158
53370 14.8126
53380 14.8173
53390 14.8197
53400 14.8084
53410 14.7954
53420 14.7898
53430 14.8034
53440 14.8356
53450 14.868
53460 14.8805
53470 14.877
53480 14.8782
53490 14.8832
53500 14.8821
53510 14.8805
53520 14.8779
53530 14.8758
53540 14.8917
53550 14.9328
53560 14.9827
53570 15.0105
53580 15.0034
53590 14.9746
53600 14.9349
53610 14.8957
53620 14.8685
53630 14.8662
53640 14.8769
53650 14.8858
53660 14.9081
53670 14.9506
53680 14.9853
53690 14.9872
53700 14.9626
53710 14.9196
53720 14.8851
53730 14.8784
53740 14.9
53750 14.9307
53760 14.9603
53770 14.9991
53780 15.0374
53790 15.0491
53800 15.0442
53810 15.0563
53820 15.0857
53830 15.1162
53840 15.129
53850 15.1153
53860 15.0886
53870 15.072
53880 15.0646
53890 15.0601
53900 15.0619
53910 15.064
53920 15.053
53930 15.0403
53940 15.0477
53950 15.0611
53960 15.0705
53970 15.083
53980 15.0934
53990 15.1015
54000 15.1062
54010 15.1037
54020 15.1062
54030 15.1191
54040 15.1336
54050 15.1431
54060 15.1472
54070 15.1551
54080 15.1562
54090 15.1435
54100 15.1294
54110 15.1223
54120 15.1251
54130 15.141
54140 15.1642
54150 15.1917
54160 15.2105
54170 15.2056
54180 15.1846
54190 15.1683
54200 15.1579
54210 15.1484
54220 15.1377
54230 15.1295
54240 15.1225
54250 15.1096
54260 15.0903
54270 15.0713
54280 15.0503
54290 15.0262
54300 15.0066
54310 14.9883
54320 14.9651
54330 14.9473
54340 14.9446
54350 14.9525
54360 14.9698
54370 14.9936
54380 15.0238
54390 15.0565
54400 15.0801
54410 15.0899
54420 15.0884
54430 15.0839
54440 15.0847
54450 15.0906
54460 15.0959
54470 15.1109
54480 15.1321
54490 15.146
54500 15.157
54510 15.1686
54520 15.178
54530 15.1896
54540 15.2073
54550 15.2364
54560 15.2689
54570 15.2863
54580 15.2904
54590 15.3001
54600 15.3069
54610 15.2964
54620 15.2791
54630 15.2652
54640 15.2372
54650 15.1968
54660 15.1678
54670 15.1511
54680 15.1344
54690 15.1169
54700 15.0892
54710 15.0501
54720 15.0257
54730 15.0209
54740 15.0205
54750 15.0291
54760 15.0577
54770 15.0911
54780 15.1191
54790 15.1455
54800 15.1602
54810 15.1631
54820 15.1643
54830 15.1619
54840 15.1527
54850 15.1445
54860 15.1409
54870 15.1389
54880 15.1361
54890 15.1345
54900 15.1346
54910 15.1257
54920 15.1015
54930 15.0744
54940 15.052
54950 15.0266
54960 15.0023
54970 14.9985
54980 15.0104
54990 15.013
55000 14.9908
55010 14.9611
55020 14.9469
55030 14.9418
55040 14.9359
55050 14.9299
55060 14.9302
55070 14.9306
55080 14.9306
55090 14.9481
55100 14.9823
55110 15.0191
55120 15.0499
55130 15.0721
55140 15.0886
55150 15.1007
55160 15.1107
55170 15.1268
55180 15.1526
55190 15.1855
55200 15.2256
55210 15.2641
55220 15.2885
55230 15.2956
55240 15.283
55250 15.2578
55260 15.2272
55270 15.1982
55280 15.1788
55290 15.1657
55300 15.1649
55310 15.181
55320 15.2048
55330 15.2284
55340 15.2529
55350 15.273
55360 15.2824
55370 15.2904
55380 15.3062
55390 15.3257
55400 15.3522
55410 15.3724
55420 15.3643
55430 15.3361
55440 15.308
55450 15.2858
55460 15.268
55470 15.2621
55480 15.274
55490 15.289
55500 15.3011
55510 15.3067
55520 15.2967
55530 15.2741
55540 15.2502
55550 15.2294
55560 15.2121
55570 15.2034
55580 15.2052
55590 15.2057
55600 15.1994
55610 15.189
55620 15.1606
55630 15.1267
55640 15.1108
55650 15.1095
55660 15.1139
55670 15.1181
55680 15.112
55690 15.1006
55700 15.1049
55710 15.1169
55720 15.1225
55730 15.1314
55740 15.1329
55750 15.1207
55760 15.115
55770 15.1238
55780 15.1402
55790 15.1641
55800 15.1959
55810 15.2076
55820 15.1793
55830 15.1276
55840 15.0673
55850 15.0131
55860 14.9851
55870 14.9825
55880 14.9857
55890 14.9912
55900 14.9939
55910 14.9961
55920 14.9941
55930 14.9826
55940 14.9634
55950 14.9392
55960 14.9228
55970 14.9234
55980 14.9354
55990 14.9363
56000 14.9263
56010 14.9215
56020 14.9253
56030 14.9362
56040 14.9594
56050 14.9964
56060 15.0466
56070 15.097
56080 15.1233
56090 15.1169
56100 15.0771
56110 15.0347
56120 15.0214
56130 15.0165
56140 14.9998
56150 14.9805
56160 14.9663
56170 14.9563
56180 14.9578
56190 14.9674
56200 14.9637
56210 14.9367
56220 14.9047
56230 14.8846
56240 14.8817
56250 14.8872
56260 14.8955
56270 14.9047
56280 14.9189
56290 14.9294
56300 14.9266
56310 14.9178
56320 14.9206
56330 14.932
56340 14.9549
56350 15.0026
56360 15.0616
56370 15.1044
56380 15.1239
56390 15.1237
56400 15.1066
56410 15.0853
56420 15.0652
56430 15.0542
56440 15.0536
56450 15.0643
56460 15.0842
56470 15.0976
56480 15.0985
56490 15.0968
56500 15.0965
56510 15.0908
56520 15.0915
56530 15.1002
56540 15.0965
56550 15.0723
56560 15.0389
56570 15.0168
56580 15.0126
56590 15.0183
56600 15.0278
56610 15.0496
56620 15.0869
56630 15.1244
56640 15.1567
56650 15.188
56660 15.215
56670 15.2423
56680 15.2642
56690 15.2708
56700 15.2576
56710 15.2314
56720 15.209
56730 15.202
56740 15.202
56750 15.2017
56760 15.1982
56770 15.1806
56780 15.1492
56790 15.1287
56800 15.1232
56810 15.1274
56820 15.1315
56830 15.1274
56840 15.1121
56850 15.0874
56860 15.0528
56870 15.0043
56880 14.9572
56890 14.9342
56900 14.9322
56910 14.9289
56920 14.9231
56930 14.9253
56940 14.9259
56950 14.9129
56960 14.8789
56970 14.8256
56980 14.7786
56990 14.7688
57000 14.7942
57010 14.8287
57020 14.8631
57030 14.8882
57040 14.886
57050 14.857
57060 14.8239
57070 14.7972
57080 14.7783
57090 14.7754
57100 14.7845
57110 14.795
57120 14.8075
57130 14.8219
57140 14.828
57150 14.8235
57160 14.8293
57170 14.8604
57180 14.9097
57190 14.9687
57200 15.022
57210 15.0518
57220 15.0681
57230 15.0913
57240 15.1188
57250 15.1462
57260 15.1797
57270 15.2231
57280 15.2687
57290 15.2995
57300 15.3169
57310 15.3351
57320 15.3506
57330 15.359
57340 15.3661
57350 15.3737
57360 15.3765
57370 15.388
57380 15.4129
57390 15.4319
57400 15.4452
57410 15.464
57420 15.4889
57430 15.5073
57440 15.5115
57450 15.5012
57460 15.4741
57470 15.4259
57480 15.3757
57490 15.3577
57500 15.3734
57510 15.413
57520 15.4634
57530 15.5032
57540 15.5237
57550 15.5335
57560 15.544
57570 15.5473
57580 15.5401
57590 15.5367
57600 15.5454
57610 15.5654
57620 15.5971
57630 15.6176
57640 15.6065
57650 15.583
57660 15.5675
57670 15.5562
57680 15.5423
57690 15.5278
57700 15.5128
57710 15.5012
57720 15.4955
57730 15.48
57740 15.4493
57750 15.4093
57760 15.373
57770 15.355
57780 15.3584
57790 15.3785
57800 15.4068
57810 15.4261
57820 15.4362
57830 15.4444
57840 15.4398
57850 15.4157
57860 15.3846
57870 15.3604
57880 15.3393
57890 15.3151
57900 15.2963
57910 15.2809
57920 15.2712
57930 15.2729
57940 15.2785
57950 15.2904
57960 15.3196
57970 15.3631
57980 15.4084
57990 15.4418
58000 15.4634
58010 15.4752
58020 15.4769
58030 15.4795
58040 15.4876
58050 15.488
58060 15.4747
58070 15.4537
58080 15.4317
58090 15.424
58100 15.4322
58110 15.4485
58120 15.4566
58130 15.4473
58140 15.4296
58150 15.4263
58160 15.4506
58170 15.4804
58180 15.498
58190 15.5129
58200 15.5339
58210 15.5488
58220 15.5538
58230 15.5552
58240 15.5588
58250 15.5697
58260 15.5848
58270 15.5891
58280 15.5848
58290 15.596
58300 15.6394
58310 15.6969
58320 15.7368
58330 15.7321
58340 15.7022
58350 15.6807
58360 15.6692
58370 15.6664
58380 15.6823
58390 15.7039
58400 15.709
58410 15.7013
58420 15.6899
58430 15.6632
58440 15.6212
58450 15.5847
58460 15.5608
58470 15.5425
58480 15.5251
58490 15.5129
58500 15.4989
58510 15.4674
58520 15.4179
58530 15.3528
58540 15.2809
58550 15.2174
58560 15.1807
58570 15.1811
58580 15.2006
58590 15.2163
58600 15.2297
58610 15.2414
58620 15.2511
58630 15.2683
58640 15.2989
58650 15.3309
58660 15.3479
58670 15.3527
58680 15.3519
58690 15.3485
58700 15.3508
58710 15.3531
58720 15.3509
58730 15.3576
58740 15.385
58750 15.4243
58760 15.4532
58770 15.4624
58780 15.4531
58790 15.4342
58800 15.423
58810 15.423
58820 15.4237
58830 15.43
58840 15.4433
58850 15.4479
58860 15.4417
58870 15.4434
58880 15.4505
58890 15.4543
58900 15.4633
58910 15.4888
58920 15.5241
58930 15.5576
58940 15.5865
58950 15.6128
58960 15.6288
58970 15.6223
58980 15.603
58990 15.594
59000 15.608
59010 15.6349
59020 15.6565
59030 15.6612
59040 15.6429
59050 15.6098
59060 15.5803
59070 15.5601
59080 15.5421
59090 15.5359
59100 15.546
59110 15.5491
59120 15.5408
59130 15.529
59140 15.5096
59150 15.4865
59160 15.4689
59170 15.4646
59180 15.4699
59190 15.48
59200 15.4915
59210 15.5135
59220 15.5328
59230 15.5301
59240 15.5114
59250 15.4971
59260 15.4931
59270 15.4956
59280 15.5122
59290 15.5513
59300 15.5949
59310 15.6184
59320 15.6313
59330 15.65
59340 15.6755
59350 15.7019
59360 15.7235
59370 15.736
59380 15.7422
59390 15.7528
59400 15.7749
59410 15.8039
59420 15.8333
59430 15.8545
59440 15.8643
59450 15.8602
59460 15.849
59470 15.8365
59480 15.8321
59490 15.8403
59500 15.8605
59510 15.8807
59520 15.8915
59530 15.8815
59540 15.8588
59550 15.8369
59560 15.8216
59570 15.8148
59580 15.8256
59590 15.8527
59600 15.8821
59610 15.8987
59620 15.9126
59630 15.9339
59640 15.957
59650 15.973
59660 15.9813
59670 15.9924
59680 16.012
59690 16.0328
59700 16.0528
59710 16.0786
59720 16.1155
59730 16.156
59740 16.1872
59750 16.1913
59760 16.1784
59770 16.1635
59780 16.15
59790 16.149
59800 16.161
59810 16.1722
59820 16.1733
59830 16.1741
59840 16.1813
59850 16.193
59860 16.1992
59870 16.1852
59880 16.1591
59890 16.1479
59900 16.1451
59910 16.149
59920 16.1645
59930 16.1871
59940 16.218
59950 16.245
59960 16.2511
59970 16.2377
59980 16.2228
59990 16.212
60000 16.2078
60010 16.2167
60020 16.2337
60030 16.2548
60040 16.2689
60050 16.2767
60060 16.2801
60070 16.2655
60080 16.2393
60090 16.2191
60100 16.2151
60110 16.2307
60120 16.2536
60130 16.267
60140 16.2622
60150 16.2492
60160 16.2434
60170 16.2354
60180 16.2089
60190 16.1681
60200 16.1313
60210 16.0988
60220 16.071
60230 16.0678
60240 16.0866
60250 16.1019
60260 16.106
60270 16.1159
60280 16.1356
60290 16.1527
60300 16.1563
60310 16.1459
60320 16.1319
60330 16.1199
60340 16.1155
60350 16.1179
60360 16.1109
60370 16.0956
60380 16.0819
60390 16.0716
60400 16.0725
60410 16.0961
60420 16.1229
60430 16.1204
60440 16.0862
60450 16.0362
60460 15.9819
60470 15.9483
60480 15.9489
60490 15.9771
60500 16.0121
60510 16.048
60520 16.0904
60530 16.1258
60540 16.1433
60550 16.1476
60560 16.1528
60570 16.1579
60580 16.1471
60590 16.1155
60600 16.0837
60610 16.069
60620 16.0734
60630 16.0929
60640 16.1132
60650 16.1169
60660 16.1002
60670 16.0724
60680 16.044
60690 16.0196
60700 16.0077
60710 16.0044
60720 16.0025
60730 16.0008
60740 16.004
60750 16.0018
60760 15.9887
60770 15.9781
60780 15.9739
60790 15.9665
60800 15.9553
60810 15.9513
60820 15.9569
60830 15.9724
60840 15.9948
60850 16.0039
60860 15.9974
60870 15.9878
60880 15.9847
60890 15.9845
60900 15.9846
60910 15.9918
60920 16.0228
60930 16.0757
60940 16.1276
60950 16.1537
60960 16.1552
60970 16.1404
60980 16.1201
60990 16.1099
61000 16.127
61010 16.1703
61020 16.2271
61030 16.2827
61040 16.3131
61050 16.3034
61060 16.2774
61070 16.263
61080 16.2533
61090 16.2477
61100 16.2743
61110 16.3207
61120 16.3487
61130 16.3534
61140 16.3502
61150 16.3471
61160 16.3367
61170 16.3258
61180 16.3233
61190 16.3274
61200 16.3372
61210 16.3483
61220 16.3684
61230 16.3935
61240 16.4058
61250 16.3997
61260 16.3792
61270 16.3557
61280 16.342
61290 16.3442
61300 16.3606
61310 16.386
61320 16.4106
61330 16.4212
61340 16.4127
61350 16.3954
61360 16.3716
61370 16.3493
61380 16.3474
61390 16.3579
61400 16.3571
61410 16.3601
61420 16.3895
61430 16.4366
61440 16.4839
61450 16.5169
61460 16.5248
61470 16.5141
61480 16.496
61490 16.4717
61500 16.4428
61510 16.4306
61520 16.4427
61530 16.4638
61540 16.4806
61550 16.4898
61560 16.4863
61570 16.4789
61580 16.4714
61590 16.4522
61600 16.4322
61610 16.4341
61620 16.4679
61630 16.5157
61640 16.5529
61650 16.579
61660 16.6049
61670 16.6114
61680 16.5814
61690 16.5356
61700 16.5121
61710 16.5286
61720 16.5667
61730 16.6041
61740 16.6218
61750 16.6074
61760 16.5769
61770 16.5546
61780 16.5483
61790 16.5597
61800 16.5846
61810 16.6151
61820 16.6575
61830 16.7125
61840 16.7571
61850 16.7821
61860 16.7931
61870 16.7935
61880 16.7856
61890 16.7848
61900 16.8074
61910 16.8473
61920 16.8757
61930 16.8874
61940 16.8915
61950 16.9016
61960 16.9111
61970 16.9114
61980 16.9178
61990 16.9432
62000 16.9842
62010 17.0292
62020 17.0586
62030 17.06
62040 17.051
62050 17.0569
62060 17.0741
62070 17.1037
62080 17.1544
62090 17.2112
62100 17.2406
62110 17.2292
62120 17.191
62130 17.1451
62140 17.1071
62150 17.0846
62160 17.0803
62170 17.0943
62180 17.1186
62190 17.1376
62200 17.1498
62210 17.1602
62220 17.1666
62230 17.1693
62240 17.1721
62250 17.1603
62260 17.1294
62270 17.089
62280 17.0443
62290 16.9959
62300 16.9591
62310 16.953
62320 16.975
62330 17.0071
62340 17.0444
62350 17.0768
62360 17.0918
62370 17.079
62380 17.0516
62390 17.0384
62400 17.0456
62410 17.0665
62420 17.1015
62430 17.1356
62440 17.1489
62450 17.1384
62460 17.1139
62470 17.0854
62480 17.045
62490 17.0106
62500 17.0071
62510 17.0155
62520 17.0306
62530 17.0692
62540 17.1107
62550 17.1114
62560 17.0804
62570 17.0512
62580 17.0401
62590 17.0577
62600 17.0871
62610 17.092
62620 17.067
62630 17.0487
62640 17.0504
62650 17.0604
62660 17.0724
62670 17.0824
62680 17.0926
62690 17.1039
62700 17.1143
62710 17.128
62720 17.1462
62730 17.1534
62740 17.1419
62750 17.12
62760 17.0926
62770 17.0647
62780 17.0527
62790 17.0695
62800 17.0832
62810 17.0722
62820 17.0515
62830 17.0381
62840 17.0246
62850 17.0043
62860 16.9762
62870 16.9648
62880 16.9883
62890 17.0219
62900 17.0448
62910 17.0613
62920 17.0704
62930 17.0566
62940 17.0399
62950 17.0402
62960 17.0393
62970 17.0223
62980 17.0007
62990 16.9931
63000 17.0082
63010 17.0406
63020 17.0783
63030 17.1125
63040 17.1414
63050 17.1572
63060 17.172
63070 17.1885
63080 17.2048
63090 17.2202
63100 17.2307
63110 17.2364
63120 17.2428
63130 17.2489
63140 17.2515
63150 17.2437
63160 17.2354
63170 17.2555
63180 17.3202
63190 17.3998
63200 17.468
63210 17.514
63220 17.5303
63230 17.523
63240 17.516
63250 17.5087
63260 17.497
63270 17.5062
63280 17.5351
63290 17.5537
63300 17.5445
63310 17.5166
63320 17.4898
63330 17.4857
63340 17.5086
63350 17.5539
63360 17.6053
63370 17.6508
63380 17.6925
63390 17.7129
63400 17.6965
63410 17.6505
63420 17.6056
63430 17.5731
63440 17.5411
63450 17.5087
63460 17.4968
63470 17.5012
63480 17.5141
63490 17.5305
63500 17.5512
63510 17.5813
63520 17.6101
63530 17.6316
63540 17.6501
63550 17.659
63560 17.6563
63570 17.663
63580 17.6746
63590 17.6757
63600 17.6613
63610 17.632
63620 17.597
63630 17.566
63640 17.5359
63650 17.5018
63660 17.4725
63670 17.4468
63680 17.4277
63690 17.4269
63700 17.4473
63710 17.4762
63720 17.5043
63730 17.5253
63740 17.5346
63750 17.5351
63760 17.535
63770 17.5232
63780 17.4923
63790 17.4638
63800 17.4552
63810 17.4639
63820 17.4858
63830 17.5059
63840 17.5114
63850 17.5103
63860 17.5181
63870 17.536
63880 17.5525
63890 17.5483
63900 17.545
63910 17.5655
63920 17.5891
63930 17.6071
63940 17.631
63950 17.6482
63960 17.6335
63970 17.6003
63980 17.5684
63990 17.5395
64000 17.5236
64010 17.5225
64020 17.5169
64030 17.495
64040 17.456
64050 17.4061
64060 17.359
64070 17.3216
64080 17.2766
64090 17.2216
64100 17.1852
64110 17.1764
64120 17.1746
64130 17.1714
64140 17.1711
64150 17.1522
64160 17.1026
64170 17.0512
64180 17.0206
64190 17.0109
64200 17.023
64210 17.0495
64220 17.0671
64230 17.0704
64240 17.0555
64250 17.0121
64260 16.9564
64270 16.908
64280 16.8706
64290 16.8465
64300 16.8304
64310 16.8069
64320 16.771
64330 16.7407
64340 16.7186
64350 16.6964
64360 16.6661
64370 16.6243
64380 16.5835
64390 16.5477
64400 16.5117
64410 16.4826
64420 16.4659
64430 16.4556
64440 16.4381
64450 16.4189
64460 16.417
64470 16.43
64480 16.4404
64490 16.4461
64500 16.4554
64510 16.4752
64520 16.4974
64530 16.5105
64540 16.5208
64550 16.5349
64560 16.5561
64570 16.5845
64580 16.6123
64590 16.6293
64600 16.6344
64610 16.6359
64620 16.6312
64630 16.6229
64640 16.63
64650 16.6484
64660 16.6693
64670 16.6846
64680 16.6912
64690 16.6995
64700 16.6983
64710 16.6821
64720 16.6684
64730 16.6623
64740 16.6564
64750 16.6471
64760 16.6309
64770 16.6102
64780 16.5913
64790 16.5848
64800 16.5879
64810 16.5941
64820 16.596
64830 16.5996
64840 16.6016
64850 16.6024
64860 16.5978
64870 16.591
64880 16.5967
64890 16.6131
64900 16.6313
64910 16.6546
64920 16.681
64930 16.6867
64940 16.6607
64950 16.6162
64960 16.5722
64970 16.5446
64980 16.5449
64990 16.5661
65000 16.5905
65010 16.5957
65020 16.5846
65030 16.5694
65040 16.546
65050 16.5069
65060 16.4844
65070 16.487
65080 16.4869
65090 16.479
65100 16.4792
65110 16.4863
65120 16.4935
65130 16.5283
65140 16.5965
65150 16.67
65160 16.7186
65170 16.7276
65180 16.6984
65190 16.6715
65200 16.6768
65210 16.7027
65220 16.7404
65230 16.7944
65240 16.8517
65250 16.8848
65260 16.8817
65270 16.8487
65280 16.811
65290 16.7936
65300 16.795
65310 16.8104
65320 16.8374
65330 16.8596
65340 16.873
65350 16.8801
65360 16.8881
65370 16.899
65380 16.91
65390 16.9094
65400 16.9094
65410 16.9155
65420 16.9176
65430 16.8935
65440 16.8568
65450 16.8291
65460 16.8063
65470 16.7847
65480 16.7706
65490 16.7686
65500 16.7804
65510 16.7987
65520 16.8137
65530 16.8217
65540 16.8233
65550 16.8267
65560 16.8326
65570 16.8445
65580 16.8656
65590 16.899
65600 16.9559
65610 17.0201
65620 17.0463
65630 17.0385
65640 17.0286
65650 17.012
65660 16.9744
65670 16.9423
65680 16.938
65690 16.9528
65700 16.9713
65710 16.9878
65720 17.0027
65730 17.0076
65740 17.003
65750 17.0126
65760 17.0374
65770 17.0443
65780 17.0331
65790 17.0198
65800 16.9936
65810 16.9565
65820 16.9292
65830 16.9197
65840 16.9213
65850 16.9215
65860 16.9136
65870 16.9065
65880 16.9084
65890 16.9129
65900 16.9182
65910 16.9254
65920 16.9438
65930 16.9822
65940 17.0352
65950 17.0704
65960 17.0827
65970 17.0851
65980 17.0715
65990 17.0545
66000 17.0587
66010 17.081
66020 17.1107
66030 17.1555
66040 17.2101
66050 17.246
66060 17.2526
66070 17.2488
66080 17.2456
66090 17.2328
66100 17.2071
66110 17.1856
66120 17.1836
66130 17.195
66140 17.2041
66150 17.2049
66160 17.2092
66170 17.2088
66180 17.1952
66190 17.1786
66200 17.1776
66210 17.2029
66220 17.2477
66230 17.2855
66240 17.3019
66250 17.3052
66260 17.3051
66270 17.3051
66280 17.2969
66290 17.2899
66300 17.2937
66310 17.3132
66320 17.3364
66330 17.3398
66340 17.3195
66350 17.2823
66360 17.2465
66370 17.2254
66380 17.2238
66390 17.2444
66400 17.2736
66410 17.3027
66420 17.323
66430 17.3229
66440 17.2993
66450 17.2759
66460 17.2712
66470 17.2644
66480 17.2421
66490 17.2169
66500 17.1828
66510 17.1455
66520 17.1231
66530 17.1005
66540 17.0622
66550 17.0193
66560 16.9873
66570 16.967
66580 16.9577
66590 16.9617
66600 16.9708
66610 16.9818
66620 16.9987
66630 17.0113
66640 17.0033
66650 16.9903
66660 16.9943
66670 17.0142
66680 17.0404
66690 17.0709
66700 17.0884
66710 17.0975
66720 17.1205
66730 17.1519
66740 17.1742
66750 17.1713
66760 17.1424
66770 17.1115
66780 17.0972
66790 17.0959
66800 17.1007
66810 17.1035
66820 17.0879
66830 17.0465
66840 16.989
66850 16.9395
66860 16.9181
66870 16.9182
66880 16.9264
66890 16.9269
66900 16.9257
66910 16.9175
66920 16.8991
66930 16.8752
66940 16.8546
66950 16.8413
66960 16.8349
66970 16.833
66980 16.8166
66990 16.7845
67000 16.7647
67010 16.7665
67020 16.7722
67030 16.7765
67040 16.7948
67050 16.8247
67060 16.8547
67070 16.8821
67080 16.9068
67090 16.9231
67100 16.9341
67110 16.9401
67120 16.9529
67130 16.97
67140 16.9847
67150 17.0026
67160 17.0335
67170 17.0638
67180 17.0873
67190 17.1176
67200 17.1425
67210 17.1491
67220 17.1507
67230 17.1517
67240 17.1458
67250 17.1317
67260 17.11
67270 17.0925
67280 17.0917
67290 17.0972
67300 17.1011
67310 17.114
67320 17.1387
67330 17.1541
67340 17.151
67350 17.1316
67360 17.1019
67370 17.0813
67380 17.072
67390 17.0659
67400 17.0612
67410 17.0642
67420 17.0698
67430 17.0702
67440 17.067
67450 17.0535
67460 17.0324
67470 17.0249
67480 17.0355
67490 17.0564
67500 17.0773
67510 17.0892
67520 17.0794
67530 17.0516
67540 17.0371
67550 17.0553
67560 17.0963
67570 17.1253
67580 17.1316
67590 17.1305
67600 17.132
67610 17.1249
67620 17.1139
67630 17.1191
67640 17.1451
67650 17.1701
67660 17.1776
67670 17.1659
67680 17.1388
67690 17.1155
67700 17.1122
67710 17.1292
67720 17.1563
67730 17.1876
67740 17.2171
67750 17.2248
67760 17.2038
67770 17.1781
67780 17.1712
67790 17.1864
67800 17.2163
67810 17.2389
67820 17.2431
67830 17.2378
67840 17.2452
67850 17.2743
67860 17.3144
67870 17.3507
67880 17.3867
67890 17.4158
67900 17.4263
67910 17.4152
67920 17.4028
67930 17.4131
67940 17.4406
67950 17.4785
67960 17.5264
67970 17.5819
67980 17.6261
67990 17.6481
68000 17.6433
68010 17.6241
68020 17.6107
68030 17.6097
68040 17.6179
68050 17.6324
68060 17.642
68070 17.6349
68080 17.6081
68090 17.5679
68100 17.5381
68110 17.5278
68120 17.5259
68130 17.5334
68140 17.5478
68150 17.5682
68160 17.5956
68170 17.6362
68180 17.6766
68190 17.7044
68200 17.726
68210 17.7365
68220 17.7324
68230 17.7271
68240 17.742
68250 17.7721
68260 17.7929
68270 17.7873
68280 17.7664
68290 17.7469
68300 17.7284
68310 17.7148
68320 17.7188
68330 17.7374
68340 17.7608
68350 17.7818
68360 17.7989
68370 17.8051
68380 17.8058
68390 17.8014
68400 17.7835
68410 17.7616
68420 17.7514
68430 17.7411
68440 17.7344
68450 17.7295
68460 17.7145
68470 17.7042
68480 17.7117
68490 17.7285
68500 17.7447
68510 17.7672
68520 17.7965
68530 17.8261
68540 17.8467
68550 17.8508
68560 17.8436
68570 17.854
68580 17.8907
68590 17.9245
68600 17.9365
68610 17.9355
68620 17.9209
68630 17.8805
68640 17.8229
68650 17.7748
68660 17.7449
68670 17.7303
68680 17.7246
68690 17.7189
68700 17.7242
68710 17.7391
68720 17.7409
68730 17.7239
68740 17.7109
68750 17.7079
68760 17.7101
68770 17.7154
68780 17.7213
68790 17.7308
68800 17.7427
68810 17.7448
68820 17.732
68830 17.7197
68840 17.72
68850 17.7201
68860 17.7084
68870 17.6856
68880 17.6597
68890 17.6396
68900 17.6293
68910 17.6267
68920 17.6272
68930 17.6463
68940 17.6792
68950 17.7086
68960 17.7315
68970 17.7521
68980 17.764
68990 17.7731
69000 17.7892
69010 17.8146
69020 17.8464
69030 17.8763
69040 17.9047
69050 17.9348
69060 17.966
69070 17.9871
69080 17.9901
69090 17.9745
69100 17.9594
69110 17.9539
69120 17.9492
69130 17.9564
69140 17.985
69150 18.0109
69160 18.0165
69170 18.0088
69180 17.9876
69190 17.949
69200 17.9155
69210 17.9078
69220 17.9169
69230 17.9315
69240 17.9464
69250 17.9552
69260 17.9361
69270 17.889
69280 17.8562
69290 17.8527
69300 17.8571
69310 17.8754
69320 17.9114
69330 17.9493
69340 17.9826
69350 18.0173
69360 18.0567
69370 18.0934
69380 18.1269
69390 18.1467
69400 18.1558
69410 18.1624
69420 18.1732
69430 18.1751
69440 18.1752
69450 18.1766
69460 18.1787
69470 18.198
69480 18.2307
69490 18.2521
69500 18.2475
69510 18.2237
69520 18.1993
69530 18.1763
69540 18.1513
69550 18.1375
69560 18.1508
69570 18.1776
69580 18.1994
69590 18.2088
69600 18.2
69610 18.1788
69620 18.1627
69630 18.1619
69640 18.1725
69650 18.1887
69660 18.2091
69670 18.2283
69680 18.2334
69690 18.2325
69700 18.2381
69710 18.2467
69720 18.2602
69730 18.2656
69740 18.2504
69750 18.2304
69760 18.2226
69770 18.2187
69780 18.2137
69790 18.219
69800 18.2284
69810 18.2176
69820 18.1939
69830 18.1956
69840 18.23
69850 18.2642
69860 18.2969
69870 18.3357
69880 18.3489
69890 18.3181
69900 18.2816
69910 18.268
69920 18.2817
69930 18.3161
69940 18.3452
69950 18.3633
69960 18.3939
69970 18.4327
69980 18.4652
69990 18.4942
70000 18.5164
70010 18.5284
70020 18.5397
70030 18.5289
70040 18.4828
70050 18.4272
70060 18.3838
70070 18.3482
70080 18.3207
70090 18.3088
70100 18.3013
70110 18.2818
70120 18.2433
70130 18.1885
70140 18.138
70150 18.1097
70160 18.0869
70170 18.0508
70180 18.004
70190 17.9549
70200 17.9049
70210 17.8694
70220 17.8572
70230 17.8573
70240 17.8652
70250 17.8831
70260 17.8986
70270 17.9028
70280 17.9
70290 17.8878
70300 17.8727
70310 17.8739
70320 17.883
70330 17.8863
70340 17.8872
70350 17.8978
70360 17.9238
70370 17.978
70380 18.04
70390 18.0731
70400 18.0665
70410 18.0411
70420 18.0183
70430 18.0107
70440 18.0158
70450 18.0332
70460 18.0549
70470 18.0789
70480 18.0934
70490 18.0898
70500 18.0705
70510 18.0352
70520 18.0018
70530 17.9885
70540 17.9833
70550 17.9794
70560 17.9854
70570 17.99
70580 17.983
70590 17.9838
70600 17.9938
70610 17.9854
70620 17.9533
70630 17.9225
70640 17.9039
70650 17.9013
70660 17.9095
70670 17.9209
70680 17.9227
70690 17.9229
70700 17.9133
70710 17.8802
70720 17.8315
70730 17.7942
70740 17.7838
70750 17.7915
70760 17.8144
70770 17.8521
70780 17.8895
70790 17.9062
70800 17.9074
70810 17.905
70820 17.8887
70830 17.8724
70840 17.8975
70850 17.9584
70860 18.0149
70870 18.0619
70880 18.0967
70890 18.1058
70900 18.0943
70910 18.0836
70920 18.0881
70930 18.1201
70940 18.152
70950 18.1532
70960 18.1464
70970 18.152
70980 18.1608
70990 18.1766
71000 18.2073
71010 18.2501
71020 18.2934
71030 18.3207
71040 18.3194
71050 18.2977
71060 18.2806
71070 18.2673
71080 18.2561
71090 18.246
71100 18.2254
71110 18.1889
71120 18.1616
71130 18.1619
71140 18.1687
71150 18.1697
71160 18.1743
71170 18.1928
71180 18.2161
71190 18.2353
71200 18.2524
71210 18.2621
71220 18.2519
71230 18.2247
71240 18.1954
71250 18.1806
71260 18.1922
71270 18.2232
71280 18.2596
71290 18.2846
71300 18.2918
71310 18.2859
71320 18.2784
71330 18.2858
71340 18.3118
71350 18.3474
71360 18.3758
71370 18.3868
71380 18.3901
71390 18.393
71400 18.4013
71410 18.4212
71420 18.4532
71430 18.4865
71440 18.5092
71450 18.5311
71460 18.572
71470 18.6295
71480 18.6665
71490 18.6646
71500 18.6468
71510 18.6206
71520 18.5843
71530 18.5537
71540 18.5424
71550 18.5471
71560 18.5508
71570 18.533
71580 18.4928
71590 18.4565
71600 18.4394
71610 18.4327
71620 18.4328
71630 18.4424
71640 18.471
71650 18.5217
71660 18.5764
71670 18.6195
71680 18.6517
71690 18.6687
71700 18.666
71710 18.6641
71720 18.6883
71730 18.7361
71740 18.7791
71750 18.8074
71760 18.825
71770 18.8292
71780 18.8081
71790 18.7711
71800 18.7372
71810 18.7314
71820 18.7602
71830 18.8181
71840 18.8995
71850 18.9793
71860 19.0247
71870 19.037
71880 19.0255
71890 19.0105
71900 19.0086
71910 19.0246
71920 19.0525
71930 19.0795
71940 19.0823
71950 19.0556
71960 19.018
71970 18.9811
71980 18.9475
71990 18.915
72000 18.8914
72010 18.8731
72020 18.8498
72030 18.8296
72040 18.8267
72050 18.8259
72060 18.8188
72070 18.8275
72080 18.8517
72090 18.8614
72100 18.8592
72110 18.8619
72120 18.8547
72130 18.832
72140 18.8189
72150 18.8138
72160 18.7973
72170 18.774
72180 18.7523
72190 18.7337
72200 18.7339
72210 18.7526
72220 18.773
72230 18.7801
72240 18.7794
72250 18.7757
72260 18.7641
72270 18.7484
72280 18.7475
72290 18.7579
72300 18.7818
72310 18.8183
72320 18.8694
72330 18.9286
72340 18.9745
72350 18.9856
72360 18.9892
72370 19.0119
72380 19.0466
72390 19.0888
72400 19.1223
72410 19.1314
72420 19.1285
72430 19.1229
72440 19.0959
72450 19.0537
72460 19.0193
72470 18.9939
72480 18.969
72490 18.954
72500 18.9415
72510 18.8998
72520 18.8457
72530 18.8164
72540 18.812
72550 18.8159
72560 18.8191
72570 18.8246
72580 18.8394
72590 18.8606
72600 18.8835
72610 18.8938
72620 18.8944
72630 18.9021
72640 18.9242
72650 18.9452
72660 18.9668
72670 19.0001
72680 19.0271
72690 19.0316
72700 19.0165
72710 18.9871
72720 18.9505
72730 18.9255
72740 18.9139
72750 18.915
72760 18.9307
72770 18.9453
72780 18.9393
72790 18.9137
72800 18.8867
72810 18.8692
72820 18.8545
72830 18.8473
72840 18.8504
72850 18.8584
72860 18.8543
72870 18.8345
72880 18.8095
72890 18.7827
72900 18.7649
72910 18.7648
72920 18.7818
72930 18.7974
72940 18.7872
72950 18.7593
72960 18.7389
72970 18.7296
72980 18.7223
72990 18.7123
73000 18.6987
73010 18.6831
73020 18.6661
73030 18.656
73040 18.6627
73050 18.6636
73060 18.6589
73070 18.6644
73080 18.6621
73090 18.6378
73100 18.6232
73110 18.6371
73120 18.6528
73130 18.655
73140 18.6554
73150 18.6554
73160 18.652
73170 18.6443
73180 18.6419
73190 18.6545
73200 18.6753
73210 18.6784
73220 18.6735
73230 18.6858
73240 18.7087
73250 18.7263
73260 18.7434
73270 18.7583
73280 18.7582
73290 18.7442
73300 18.7329
73310 18.7316
73320 18.7434
73330 18.7595
73340 18.76
73350 18.737
73360 18.6999
73370 18.6568
73380 18.6231
73390 18.6172
73400 18.6292
73410 18.6462
73420 18.6546
73430 18.6474
73440 18.6292
73450 18.5981
73460 18.5617
73470 18.5354
73480 18.5222
73490 18.5166
73500 18.5152
73510 18.5118
73520 18.5132
73530 18.5245
73540 18.5418
73550 18.5543
73560 18.5463
73570 18.5227
73580 18.4984
73590 18.4765
73600 18.4687
73610 18.4783
73620 18.4855
73630 18.4762
73640 18.4644
73650 18.4544
73660 18.4415
73670 18.458
73680 18.5096
73690 18.5442
73700 18.5391
73710 18.508
73720 18.4628
73730 18.4027
73740 18.351
73750 18.3317
73760 18.3249
73770 18.3309
73780 18.3645
73790 18.4126
73800 18.4468
73810 18.4445
73820 18.409
73830 18.3687
73840 18.3494
73850 18.349
73860 18.3589
73870 18.3769
73880 18.4073
73890 18.4366
73900 18.4361
73910 18.4175
73920 18.4119
73930 18.426
73940 18.4432
73950 18.4505
73960 18.4664
73970 18.4941
73980 18.5151
73990 18.5165
74000 18.5044
74010 18.4937
74020 18.5073
74030 18.5504
74040 18.6091
74050 18.6661
74060 18.7034
74070 18.7177
74080 18.7166
74090 18.7122
74100 18.7112
74110 18.712
74120 18.7145
74130 18.719
74140 18.7303
74150 18.7569
74160 18.8068
74170 18.8633
74180 18.8958
74190 18.9037
74200 18.9085
74210 18.9073
74220 18.9046
74230 18.8956
74240 18.8802
74250 18.8562
74260 18.8126
74270 18.768
74280 18.7362
74290 18.7051
74300 18.6824
74310 18.6726
74320 18.6602
74330 18.6439
74340 18.6414
74350 18.6409
74360 18.6284
74370 18.6144
74380 18.6048
74390 18.5842
74400 18.549
74410 18.513
74420 18.4826
74430 18.4594
74440 18.4463
74450 18.4415
74460 18.4312
74470 18.4298
74480 18.4467
74490 18.4737
74500 18.5016
74510 18.53
74520 18.549
74530 18.547
74540 18.5395
74550 18.5557
74560 18.5912
74570 18.6244
74580 18.6555
74590 18.6937
74600 18.7487
74610 18.8053
74620 18.8367
74630 18.8501
74640 18.8636
74650 18.868
74660 18.8602
74670 18.8491
74680 18.8397
74690 18.8416
74700 18.8643
74710 18.8973
74720 18.9249
74730 18.9498
74740 18.9684
74750 18.9833
74760 18.9988
74770 19.0014
74780 18.9939
74790 19.0004
74800 19.0204
74810 19.0186
74820 18.9982
74830 18.9895
74840 18.9963
74850 19.0182
74860 19.0592
74870 19.0976
74880 19.1089
74890 19.0985
74900 19.0737
74910 19.0377
74920 19.0101
74930 19.0154
74940 19.0561
74950 19.1129
74960 19.1571
74970 19.157
74980 19.1149
74990 19.0565
75000 19.0083
75010 18.986
75020 18.9885
75030 18.9896
75040 18.9813
75050 18.9868
75060 18.9877
75070 18.9671
75080 18.9531
75090 18.9664
75100 18.9748
75110 18.9661
75120 18.9677
75130 18.9878
75140 19.0189
75150 19.0581
75160 19.0972
75170 19.1191
75180 19.1287
75190 19.1418
75200 19.1573
75210 19.1769
75220 19.2013
75230 19.2208
75240 19.2282
75250 19.2353
75260 19.2549
75270 19.275
75280 19.2929
75290 19.3198
75300 19.3472
75310 19.3507
75320 19.3312
75330 19.3097
75340 19.3007
75350 19.301
75360 19.2994
75370 19.296
75380 19.2868
75390 19.2542
75400 19.2096
75410 19.1882
75420 19.184
75430 19.1758
75440 19.1759
75450 19.2032
75460 19.2514
75470 19.2914
75480 19.311
75490 19.3123
75500 19.2954
75510 19.2714
75520 19.2645
75530 19.2722
75540 19.27
75550 19.2534
75560 19.2381
75570 19.2245
75580 19.2099
75590 19.2012
75600 19.1896
75610 19.1745
75620 19.1668
75630 19.1818
75640 19.2122
75650 19.2283
75660 19.2148
75670 19.1821
75680 19.1487
75690 19.1214
75700 19.0997
75710 19.073
75720 19.0525
75730 19.0522
75740 19.0619
75750 19.0684
75760 19.0807
75770 19.1038
75780 19.1328
75790 19.1611
75800 19.1884
75810 19.2208
75820 19.2487
75830 19.254
75840 19.2331
75850 19.1932
75860 19.1597
75870 19.1528
75880 19.1645
75890 19.1816
75900 19.1897
75910 19.1903
75920 19.1843
75930 19.1541
75940 19.1158
75950 19.0974
75960 19.0935
75970 19.0879
75980 19.0842
75990 19.0827
76000 19.0752
76010 19.0791
76020 19.1045
76030 19.1497
76040 19.2043
76050 19.2607
76060 19.3145
76070 19.3646
76080 19.4034
76090 19.4184
76100 19.423
76110 19.4352
76120 19.4609
76130 19.5007
76140 19.5414
76150 19.5761
76160 19.5954
76170 19.5902
76180 19.5674
76190 19.5445
76200 19.5185
76210 19.4819
76220 19.4487
76230 19.4287
76240 19.4076
76250 19.3848
76260 19.363
76270 19.3396
76280 19.3206
76290 19.3175
76300 19.326
76310 19.344
76320 19.368
76330 19.388
76340 19.3932
76350 19.3804
76360 19.3698
76370 19.3766
76380 19.3831
76390 19.3774
76400 19.3639
76410 19.3395
76420 19.3011
76430 19.2603
76440 19.2225
76450 19.1942
76460 19.1911
76470 19.202
76480 19.1963
76490 19.1817
76500 19.1915
76510 19.2309
76520 19.2823
76530 19.3332
76540 19.3771
76550 19.4061
76560 19.4075
76570 19.3824
76580 19.3524
76590 19.3397
76600 19.3474
76610 19.3698
76620 19.3997
76630 19.4111
76640 19.3964
76650 19.3662
76660 19.3248
76670 19.2871
76680 19.2721
76690 19.2783
76700 19.292
76710 19.311
76720 19.3387
76730 19.361
76740 19.37
76750 19.3783
76760 19.3872
76770 19.3845
76780 19.3774
76790 19.393
76800 19.4408
76810 19.4875
76820 19.5023
76830 19.507
76840 19.5309
76850 19.5631
76860 19.5925
76870 19.6058
76880 19.6045
76890 19.6109
76900 19.6353
76910 19.6675
76920 19.691
76930 19.6923
76940 19.6795
76950 19.6719
76960 19.6782
76970 19.6872
76980 19.6976
76990 19.7028
77000 19.6876
77010 19.6588
77020 19.6339
77030 19.6097
77040 19.5878
77050 19.5852
77060 19.6137
77070 19.6602
77080 19.7047
77090 19.7328
77100 19.7302
77110 19.7061
77120 19.6753
77130 19.6562
77140 19.6658
77150 19.6852
77160 19.7053
77170 19.7236
77180 19.7425
77190 19.7645
77200 19.7786
77210 19.7767
77220 19.7766
77230 19.7881
77240 19.8023
77250 19.8158
77260 19.8309
77270 19.8478
77280 19.8637
77290 19.8752
77300 19.8756
77310 19.8682
77320 19.8658
77330 19.8744
77340 19.8907
77350 19.9107
77360 19.9421
77370 19.9905
77380 20.0449
77390 20.0982
77400 20.155
77410 20.2068
77420 20.2385
77430 20.2452
77440 20.2364
77450 20.2293
77460 20.2372
77470 20.2487
77480 20.268
77490 20.3087
77500 20.3533
77510 20.3841
77520 20.4086
77530 20.4254
77540 20.4159
77550 20.3839
77560 20.3606
77570 20.3733
77580 20.4147
77590 20.4676
77600 20.5166
77610 20.5544
77620 20.5813
77630 20.5996
77640 20.6068
77650 20.6084
77660 20.6189
77670 20.6266
77680 20.6353
77690 20.6467
77700 20.6466
77710 20.6237
77720 20.5784
77730 20.5127
77740 20.4384
77750 20.3779
77760 20.3488
77770 20.3528
77780 20.3867
77790 20.4398
77800 20.4955
77810 20.5321
77820 20.5473
77830 20.5474
77840 20.5436
77850 20.5603
77860 20.604
77870 20.6566
77880 20.7181
77890 20.7804
77900 20.8267
77910 20.8514
77920 20.8563
77930 20.8361
77940 20.8007
77950 20.7757
77960 20.7678
77970 20.7764
77980 20.7995
77990 20.8286
78000 20.8654
78010 20.8947
78020 20.8873
78030 20.8384
78040 20.7765
78050 20.7412
78060 20.7449
78070 20.7774
78080 20.8224
78090 20.8739
78100 20.9129
78110 20.9133
78120 20.8773
78130 20.8374
78140 20.8193
78150 20.8352
78160 20.8725
78170 20.9058
78180 20.9284
78190 20.9361
78200 20.9297
78210 20.9104
78220 20.8847
78230 20.8668
78240 20.8656
78250 20.8871
78260 20.9094
78270 20.9157
78280 20.9168
78290 20.9157
78300 20.9078
78310 20.8959
78320 20.8948
78330 20.9062
78340 20.9074
78350 20.8799
78360 20.841
78370 20.8106
78380 20.7855
78390 20.77
78400 20.7684
78410 20.7719
78420 20.7693
78430 20.7527
78440 20.7217
78450 20.6947
78460 20.6881
78470 20.6967
78480 20.7047
78490 20.7098
78500 20.7154
78510 20.7081
78520 20.6797
78530 20.649
78540 20.6337
78550 20.6152
78560 20.579
78570 20.5494
78580 20.546
78590 20.5473
78600 20.5391
78610 20.5292
78620 20.5198
78630 20.5049
78640 20.4958
78650 20.4979
78660 20.4923
78670 20.4693
78680 20.4476
78690 20.4383
78700 20.4362
78710 20.4427
78720 20.4599
78730 20.4929
78740 20.5274
78750 20.5434
78760 20.5396
78770 20.5267
78780 20.506
78790 20.4826
78800 20.473
78810 20.4644
78820 20.4433
78830 20.4225
78840 20.4259
78850 20.4476
78860 20.4723
78870 20.5059
78880 20.5451
78890 20.5685
78900 20.5691
78910 20.5575
78920 20.5418
78930 20.5329
78940 20.5328
78950 20.5374
78960 20.5629
78970 20.6103
78980 20.6536
78990 20.6827
79000 20.6969
79010 20.6995
79020 20.6987
79030 20.701
79040 20.6936
79050 20.6734
79060 20.668
79070 20.6914
79080 20.7368
79090 20.7896
79100 20.8209
79110 20.8258
79120 20.833
79130 20.8495
79140 20.8613
79150 20.8697
79160 20.8801
79170 20.8785
79180 20.8569
79190 20.826
79200 20.8017
79210 20.7858
79220 20.7665
79230 20.7345
79240 20.6815
79250 20.6153
79260 20.5597
79270 20.534
79280 20.5431
79290 20.5762
79300 20.619
79310 20.6616
79320 20.7038
79330 20.7399
79340 20.7598
79350 20.7738
79360 20.78
79370 20.789
79380 20.823
79390 20.8813
79400 20.9327
79410 20.9609
79420 20.9783
79430 20.9975
79440 21.0089
79450 21.0069
79460 20.9848
79470 20.9506
79480 20.9262
79490 20.9201
79500 20.9289
79510 20.9407
79520 20.9443
79530 20.9372
79540 20.9149
79550 20.8788
79560 20.852
79570 20.8389
79580 20.8256
79590 20.8186
79600 20.8351
79610 20.8615
79620 20.8868
79630 20.9107
79640 20.9236
79650 20.9185
79660 20.9154
79670 20.9242
79680 20.9363
79690 20.9438
79700 20.9452
79710 20.9414
79720 20.9405
79730 20.9471
79740 20.9576
79750 20.9668
79760 20.9619
79770 20.9381
79780 20.907
79790 20.8795
79800 20.8597
79810 20.8401
79820 20.8189
79830 20.7924
79840 20.7569
79850 20.7162
79860 20.6804
79870 20.6582
79880 20.6424
79890 20.6315
79900 20.6237
79910 20.6008
79920 20.5733
79930 20.5522
79940 20.5322
79950 20.528
79960 20.5479
79970 20.5768
79980 20.5969
79990 20.6062
80000 20.6114
80010 20.6079
80020 20.604
80030 20.5973
80040 20.5813
80050 20.5671
80060 20.5699
80070 20.5965
80080 20.6295
80090 20.6683
80100 20.7213
80110 20.7929
80120 20.8676
80130 20.9175
80140 20.9304
80150 20.9298
80160 20.9419
80170 20.9764
80180 21.025
80190 21.0719
80200 21.1162
80210 21.1587
80220 21.188
80230 21.1997
80240 21.2142
80250 21.2461
80260 21.2819
80270 21.3045
80280 21.327
80290 21.3607
80300 21.3908
80310 21.4019
80320 21.3897
80330 21.3593
80340 21.3293
80350 21.3135
80360 21.3149
80370 21.3248
80380 21.3372
80390 21.3642
80400 21.4012
80410 21.4287
80420 21.4458
80430 21.4525
80440 21.4503
80450 21.4405
80460 21.4387
80470 21.4574
80480 21.475
80490 21.469
80500 21.4453
80510 21.4287
80520 21.4198
80530 21.4093
80540 21.4054
80550 21.4172
80560 21.4417
80570 21.469
80580 21.486
80590 21.5007
80600 21.5214
80610 21.5353
80620 21.5437
80630 21.5541
80640 21.5554
80650 21.5553
80660 21.5663
80670 21.5839
80680 21.6133
80690 21.6568
80700 21.6915
80710 21.7026
80720 21.6934
80730 21.66
80740 21.6023
80750 21.5467
80760 21.512
80770 21.4952
80780 21.5
80790 21.5155
80800 21.5221
80810 21.518
80820 21.5194
80830 21.528
80840 21.5227
80850 21.499
80860 21.4612
80870 21.4212
80880 21.3845
80890 21.3543
80900 21.3498
80910 21.3763
80920 21.4052
80930 21.4083
80940 21.3975
80950 21.3803
80960 21.3512
80970 21.3116
80980 21.2807
80990 21.2655
81000 21.2613
81010 21.2579
81020 21.2584
81030 21.2823
81040 21.3227
81050 21.3539
81060 21.3749
81070 21.389
81080 21.3955
81090 21.393
81100 21.3898
81110 21.3788
81120 21.3541
81130 21.3473
81140 21.3715
81150 21.3976
81160 21.3852
81170 21.3403
81180 21.3038
81190 21.2919
81200 21.2901
81210 21.2884
81220 21.2873
81230 21.2981
81240 21.3231
81250 21.3524
81260 21.3751
81270 21.3889
81280 21.3947
81290 21.3757
81300 21.3274
81310 21.2778
81320 21.2496
81330 21.245
81340 21.2604
81350 21.2825
81360 21.304
81370 21.3334
81380 21.3735
81390 21.4092
81400 21.4273
81410 21.4306
81420 21.4283
81430 21.413
81440 21.3988
81450 21.404
81460 21.4196
81470 21.4345
81480 21.4499
81490 21.457
81500 21.4392
81510 21.4031
81520 21.375
81530 21.3699
81540 21.3719
81550 21.366
81560 21.3557
81570 21.3439
81580 21.3319
81590 21.3221
81600 21.3186
81610 21.3205
81620 21.3186
81630 21.3139
81640 21.3077
81650 21.2978
81660 21.2866
81670 21.2819
81680 21.2822
81690 21.2855
81700 21.2834
81710 21.2787
81720 21.2734
81730 21.2555
81740 21.2265
81750 21.2113
81760 21.2265
81770 21.2564
81780 21.2834
81790 21.307
81800 21.3134
81810 21.2963
81820 21.2755
81830 21.2621
81840 21.2582
81850 21.2859
81860 21.3453
81870 21.3953
81880 21.4227
81890 21.4377
81900 21.4309
81910 21.4063
81920 21.3975
81930 21.4234
81940 21.4815
81950 21.554
81960 21.616
81970 21.6683
81980 21.7095
81990 21.7189
82000 21.7098
82010 21.7128
82020 21.7267
82030 21.7542
82040 21.8054
82050 21.8732
82060 21.9385
82070 21.9911
82080 22.0231
82090 22.0344
82100 22.048
82110 22.0658
82120 22.0705
82130 22.062
82140 22.0571
82150 22.0654
82160 22.071
82170 22.0707
82180 22.072
82190 22.0726
82200 22.0609
82210 22.0451
82220 22.0302
82230 21.9985
82240 21.9581
82250 21.9325
82260 21.9332
82270 21.9448
82280 21.9716
82290 22.0115
82300 22.0444
82310 22.0603
82320 22.0635
82330 22.0528
82340 22.0296
82350 22.0013
82360 21.9836
82370 21.9883
82380 22.0219
82390 22.0718
82400 22.1234
82410 22.1751
82420 22.22
82430 22.2386
82440 22.2402
82450 22.239
82460 22.2476
82470 22.2692
82480 22.31
82490 22.3596
82500 22.4077
82510 22.45
82520 22.4621
82530 22.4459
82540 22.4352
82550 22.4431
82560 22.4597
82570 22.4865
82580 22.5101
82590 22.5104
82600 22.498
82610 22.482
82620 22.4686
82630 22.4708
82640 22.4853
82650 22.4972
82660 22.502
82670 22.4959
82680 22.4854
82690 22.4849
82700 22.5044
82710 22.5098
82720 22.4923
82730 22.4696
82740 22.4457
82750 22.4192
82760 22.4077
82770 22.4347
82780 22.4956
82790 22.5656
82800 22.6071
82810 22.6228
82820 22.6261
82830 22.6235
82840 22.6211
82850 22.6173
82860 22.6252
82870 22.6503
82880 22.6819
82890 22.7101
82900 22.7287
82910 22.7328
82920 22.7191
82930 22.7015
82940 22.6848
82950 22.6652
82960 22.653
82970 22.6486
82980 22.642
82990 22.64
83000 22.6398
83010 22.6275
83020 22.6008
83030 22.5835
83040 22.5926
83050 22.6256
83060 22.6625
83070 22.6867
83080 22.6917
83090 22.6845
83100 22.6723
83110 22.6656
83120 22.6739
83130 22.6927
83140 22.7033
83150 22.6996
83160 22.6909
83170 22.6929
83180 22.6916
83190 22.6721
83200 22.6508
83210 22.6468
83220 22.6505
83230 22.6458
83240 22.643
83250 22.6685
83260 22.7226
83270 22.7758
83280 22.8024
83290 22.8065
83300 22.7939
83310 22.7593
83320 22.7144
83330 22.6767
83340 22.658
83350 22.6441
83360 22.6231
83370 22.6148
83380 22.6325
83390 22.6494
83400 22.6474
83410 22.6316
83420 22.6177
83430 22.6141
83440 22.6216
83450 22.6497
83460 22.6881
83470 22.7162
83480 22.735
83490 22.7634
83500 22.7963
83510 22.8031
83520 22.778
83530 22.7566
83540 22.7443
83550 22.7299
83560 22.7256
83570 22.7263
83580 22.7207
83590 22.7119
83600 22.6926
83610 22.6615
83620 22.6381
83630 22.6273
83640 22.6006
83650 22.5575
83660 22.5318
83670 22.5206
83680 22.5204
83690 22.5303
83700 22.5286
83710 22.5024
83720 22.4765
83730 22.4546
83740 22.4398
83750 22.4606
83760 22.5116
83770 22.5549
83780 22.5803
83790 22.5943
83800 22.5961
83810 22.5772
83820 22.5408
83830 22.5089
83840 22.5023
83850 22.5158
83860 22.5281
83870 22.5214
83880 22.4987
83890 22.4614
83900 22.4016
83910 22.3275
83920 22.2691
83930 22.2338
83940 22.2202
83950 22.2205
83960 22.2182
83970 22.2154
83980 22.2281
83990 22.2402
84000 22.2261
84010 22.2076
84020 22.2088
84030 22.2197
84040 22.2301
84050 22.2406
84060 22.2431
84070 22.2428
84080 22.2498
84090 22.2386
84100 22.2005
84110 22.1612
84120 22.138
84130 22.1218
84140 22.0995
84150 22.0814
84160 22.0742
84170 22.0766
84180 22.0909
84190 22.1098
84200 22.1192
84210 22.1364
84220 22.1572
84230 22.1575
84240 22.1477
84250 22.1608
84260 22.1997
84270 22.2404
84280 22.2631
84290 22.2802
84300 22.3001
84310 22.3143
84320 22.3129
84330 22.3142
84340 22.3352
84350 22.3703
84360 22.4066
84370 22.4359
84380 22.4488
84390 22.4452
84400 22.4348
84410 22.4166
84420 22.3804
84430 22.3444
84440 22.3554
84450 22.4043
84460 22.4584
84470 22.4994
84480 22.5068
84490 22.4811
84500 22.449
84510 22.427
84520 22.4258
84530 22.4328
84540 22.4391
84550 22.4421
84560 22.4367
84570 22.4273
84580 22.4334
84590 22.4576
84600 22.4636
84610 22.435
84620 22.3925
84630 22.3488
84640 22.3083
84650 22.2933
84660 22.3006
84670 22.3054
84680 22.3009
84690 22.2882
84700 22.264
84710 22.2388
84720 22.2307
84730 22.2515
84740 22.3001
84750 22.3451
84760 22.3545
84770 22.3347
84780 22.3045
84790 22.2769
84800 22.2589
84810 22.26
84820 22.2927
84830 22.3398
84840 22.3739
84850 22.403
84860 22.4366
84870 22.4713
84880 22.5093
84890 22.5299
84900 22.5275
84910 22.5233
84920 22.5264
84930 22.5273
84940 22.5281
84950 22.546
84960 22.5806
84970 22.6116
84980 22.6151
84990 22.5921
85000 22.5831
85010 22.601
85020 22.6242
85030 22.6447
85040 22.6832
85050 22.7327
85060 22.7752
85070 22.8028
85080 22.8173
85090 22.8184
85100 22.816
85110 22.8413
85120 22.8884
85130 22.9362
85140 22.983
85150 23.0157
85160 23.0193
85170 23.0004
85180 22.9732
85190 22.9441
85200 22.9275
85210 22.934
85220 22.9403
85230 22.925
85240 22.9039
85250 22.8788
85260 22.8326
85270 22.7764
85280 22.7206
85290 22.6621
85300 22.6111
85310 22.5913
85320 22.5966
85330 22.6047
85340 22.608
85350 22.6118
85360 22.6029
85370 22.5802
85380 22.5725
85390 22.5861
85400 22.5887
85410 22.5584
85420 22.5288
85430 22.5108
85440 22.497
85450 22.5103
85460 22.5592
85470 22.5982
85480 22.6126
85490 22.6247
85500 22.6257
85510 22.6136
85520 22.5954
85530 22.5796
85540 22.5757
85550 22.587
85560 22.6018
85570 22.6189
85580 22.6506
85590 22.6901
85600 22.7234
85610 22.7394
85620 22.7319
85630 22.7092
85640 22.6842
85650 22.6631
85660 22.6418
85670 22.6332
85680 22.6316
85690 22.6112
85700 22.5671
85710 22.5255
85720 22.493
85730 22.4683
85740 22.4737
85750 22.5126
85760 22.5533
85770 22.5804
85780 22.5996
85790 22.6051
85800 22.5916
85810 22.5701
85820 22.5427
85830 22.5179
85840 22.5175
85850 22.5341
85860 22.5472
85870 22.559
85880 22.5736
85890 22.581
85900 22.5811
85910 22.5749
85920 22.5635
85930 22.5541
85940 22.5646
85950 22.5987
85960 22.6216
85970 22.6203
85980 22.6293
85990 22.6611
86000 22.6894
86010 22.7065
86020 22.7364
86030 22.7702
86040 22.7879
86050 22.796
86060 22.7986
86070 22.794
86080 22.7784
86090 22.7442
86100 22.6964
86110 22.6548
86120 22.6077
86130 22.5515
86140 22.5176
86150 22.5047
86160 22.4834
86170 22.465
86180 22.4753
86190 22.5055
86200 22.5448
86210 22.5756
86220 22.5836
86230 22.59
86240 22.6072
86250 22.6299
86260 22.647
86270 22.6545
86280 22.6419
86290 22.6152
86300 22.582
86310 22.5446
86320 22.5155
86330 22.5067
86340 22.5002
86350 22.4838
86360 22.4729
86370 22.4671
86380 22.4536
86390 22.4423
86400 22.4357
86410 22.425
86420 22.4172
86430 22.4159
86440 22.4097
86450 22.3889
86460 22.3673
86470 22.3593
86480 22.3639
86490 22.3842
86500 22.4276
86510 22.4729
86520 22.4842
86530 22.4766
86540 22.4879
86550 22.5129
86560 22.5351
86570 22.5501
86580 22.5528
86590 22.545
86600 22.5534
86610 22.5703
86620 22.566
86630 22.5524
86640 22.5608
86650 22.5842
86660 22.6021
86670 22.6053
86680 22.5927
86690 22.5686
86700 22.5488
86710 22.5372
86720 22.5254
86730 22.5108
86740 22.5057
86750 22.5258
86760 22.5584
86770 22.5898
86780 22.605
86790 22.6074
86800 22.6111
86810 22.6129
86820 22.6139
86830 22.6286
86840 22.6505
86850 22.6715
86860 22.6892
86870 22.6995
86880 22.6822
86890 22.6422
86900 22.6074
86910 22.597
86920 22.6163
86930 22.6499
86940 22.6643
86950 22.6637
86960 22.6792
86970 22.7055
86980 22.7064
86990 22.689
87000 22.6684
87010 22.6491
87020 22.6506
87030 22.6857
87040 22.7215
87050 22.733
87060 22.7363
87070 22.7406
87080 22.7457
87090 22.7552
87100 22.7783
87110 22.8129
87120 22.8539
87130 22.8898
87140 22.9083
87150 22.8999
87160 22.8776
87170 22.8671
87180 22.8809
87190 22.897
87200 22.8992
87210 22.8964
87220 22.9017
87230 22.9209
87240 22.9486
87250 22.9686
87260 22.9655
87270 22.9408
87280 22.9105
87290 22.8839
87300 22.8706
87310 22.878
87320 22.9059
87330 22.9414
87340 22.9671
87350 22.9793
87360 22.9657
87370 22.9197
87380 22.8802
87390 22.8736
87400 22.8809
87410 22.8902
87420 22.9096
87430 22.9262
87440 22.9279
87450 22.9293
87460 22.9411
87470 22.9641
87480 23.0117
87490 23.0707
87500 23.1109
87510 23.1319
87520 23.147
87530 23.1533
87540 23.1469
87550 23.1438
87560 23.1604
87570 23.1912
87580 23.2197
87590 23.2392
87600 23.2479
87610 23.2514
87620 23.2574
87630 23.2705
87640 23.2826
87650 23.2923
87660 23.3089
87670 23.3278
87680 23.3387
87690 23.3313
87700 23.3115
87710 23.2853
87720 23.2627
87730 23.2524
87740 23.2483
87750 23.2263
87760 23.1797
87770 23.1358
87780 23.1082
87790 23.0878
87800 23.0734
87810 23.0623
87820 23.0457
87830 23.024
87840 23.0068
87850 22.9934
87860 22.9772
87870 22.9607
87880 22.935
87890 22.8963
87900 22.8614
87910 22.8368
87920 22.8291
87930 22.8398
87940 22.8553
87950 22.853
87960 22.8479
87970 22.8623
87980 22.8787
87990 22.8791
88000 22.8953
88010 22.9413
88020 22.9784
88030 22.9826
88040 22.9653
88050 22.9486
88060 22.949
88070 22.9651
88080 22.9864
88090 23.0036
88100 23.0038
88110 22.9858
88120 22.9562
88130 22.9201
88140 22.878
88150 22.8408
88160 22.8368
88170 22.864
88180 22.9041
88190 22.9412
88200 22.965
88210 22.9772
88220 22.9933
88230 23.0103
88240 23.0156
88250 23.0171
88260 23.0322
88270 23.0486
88280 23.0603
88290 23.0782
88300 23.0801
88310 23.0524
88320 23.0166
88330 22.9882
88340 22.9587
88350 22.9349
88360 22.9353
88370 22.9475
88380 22.9728
88390 23.0195
88400 23.0727
88410 23.112
88420 23.1262
88430 23.1147
88440 23.0949
88450 23.0757
88460 23.0586
88470 23.0638
88480 23.1057
88490 23.1638
88500 23.2017
88510 23.2006
88520 23.1854
88530 23.1765
88540 23.1604
88550 23.1476
88560 23.1677
88570 23.2139
88580 23.2576
88590 23.2814
88600 23.2798
88610 23.2581
88620 23.2286
88630 23.2051
88640 23.2033
88650 23.2311
88660 23.2704
88670 23.3086
88680 23.3314
88690 23.3279
88700 23.3195
88710 23.3409
88720 23.3932
88730 23.4436
88740 23.4758
88750 23.4872
88760 23.4888
88770 23.4913
88780 23.4963
88790 23.5062
88800 23.5212
88810 23.5228
88820 23.4973
88830 23.4651
88840 23.4602
88850 23.4784
88860 23.511
88870 23.5704
88880 23.6381
88890 23.6813
88900 23.6977
88910 23.7101
88920 23.7229
88930 23.7307
88940 23.7435
88950 23.7762
88960 23.8182
88970 23.8514
88980 23.8714
88990 23.8739
89000 23.8678
89010 23.8619
89020 23.8593
89030 23.8549
89040 23.8402
89050 23.8208
89060 23.8137
89070 23.8111
89080 23.8011
89090 23.8032
89100 23.8209
89110 23.8324
89120 23.8255
89130 23.8038
89140 23.784
89150 23.7825
89160 23.796
89170 23.8018
89180 23.7901
89190 23.7578
89200 23.7067
89210 23.6536
89220 23.6145
89230 23.5999
89240 23.6006
89250 23.6109
89260 23.6285
89270 23.6555
89280 23.6553
89290 23.6223
89300 23.5816
89310 23.5527
89320 23.5411
89330 23.5422
89340 23.5575
89350 23.5754
89360 23.5825
89370 23.5776
89380 23.5669
89390 23.5491
89400 23.5257
89410 23.5024
89420 23.4987
89430 23.5381
89440 23.6086
89450 23.6799
89460 23.7333
89470 23.759
89480 23.769
89490 23.764
89500 23.7338
89510 23.6898
89520 23.6718
89530 23.6854
89540 23.7084
89550 23.724
89560 23.7348
89570 23.7281
89580 23.6971
89590 23.6727
89600 23.6637
89610 23.6555
89620 23.6506
89630 23.6507
89640 23.6567
89650 23.6976
89660 23.7747
89670 23.8392
89680 23.8675
89690 23.8729
89700 23.8533
89710 23.8206
89720 23.81
89730 23.8231
89740 23.8476
89750 23.8836
89760 23.9129
89770 23.9133
89780 23.8891
89790 23.8511
89800 23.8182
89810 23.8059
89820 23.8033
89830 23.7929
89840 23.7761
89850 23.7673
89860 23.7587
89870 23.7233
89880 23.664
89890 23.6035
89900 23.567
89910 23.5569
89920 23.557
89930 23.5478
89940 23.5178
89950 23.4859
89960 23.4636
89970 23.4367
89980 23.4125
89990 23.4192
90000 23.452
90010 23.4965
90020 23.5282
90030 23.5247
90040 23.492
90050 23.4585
90060 23.4365
90070 23.4239
90080 23.4151
90090 23.4069
90100 23.4194
90110 23.4593
90120 23.5005
90130 23.5159
90140 23.5042
90150 23.5024
90160 23.5177
90170 23.5341
90180 23.5445
90190 23.5583
90200 23.5837
90210 23.5993
90220 23.5852
90230 23.5624
90240 23.5379
90250 23.4997
90260 23.4684
90270 23.4584
90280 23.4562
90290 23.4572
90300 23.4811
90310 23.5124
90320 23.5157
90330 23.5058
90340 23.4927
90350 23.4806
90360 23.4814
90370 23.4854
90380 23.4932
90390 23.5035
90400 23.516
90410 23.519
90420 23.4969
90430 23.4664
90440 23.4508
90450 23.4427
90460 23.4345
90470 23.4354
90480 23.4349
90490 23.4243
90500 23.4083
90510 23.3884
90520 23.3685
90530 23.3636
90540 23.3784
90550 23.3869
90560 23.3772
90570 23.3615
90580 23.3525
90590 23.3533
90600 23.3677
90610 23.3987
90620 23.4265
90630 23.4429
90640 23.4582
90650 23.489
90660 23.5212
90670 23.5489
90680 23.5811
90690 23.6103
90700 23.6247
90710 23.6179
90720 23.5968
90730 23.5727
90740 23.5473
90750 23.5293
90760 23.518
90770 23.491
90780 23.4456
90790 23.3935
90800 23.3302
90810 23.2645
90820 23.2308
90830 23.225
90840 23.2124
90850 23.1932
90860 23.1827
90870 23.183
90880 23.1829
90890 23.1921
90900 23.2216
90910 23.2589
90920 23.2951
90930 23.3234
90940 23.3375
90950 23.349
90960 23.3667
90970 23.3852
90980 23.407
90990 23.4479
91000 23.502
91010 23.536
91020 23.5452
91030 23.5407
91040 23.5167
91050 23.4874
91060 23.483
91070 23.4923
91080 23.4902
91090 23.476
91100 23.4657
91110 23.4547
91120 23.434
91130 23.4055
91140 23.3956
91150 23.4134
91160 23.4348
91170 23.4459
91180 23.4476
91190 23.4559
91200 23.4683
91210 23.4768
91220 23.4932
91230 23.5117
91240 23.5263
91250 23.5454
91260 23.5656
91270 23.5863
91280 23.6066
91290 23.6256
91300 23.6426
91310 23.6479
91320 23.6486
91330 23.6591
91340 23.6658
91350 23.6648
91360 23.6726
91370 23.7049
91380 23.7476
91390 23.7777
91400 23.7888
91410 23.7798
91420 23.7549
91430 23.7137
91440 23.6657
91450 23.6318
91460 23.6356
91470 23.679
91480 23.7485
91490 23.8299
91500 23.8974
91510 23.9202
91520 23.9042
91530 23.8887
91540 23.8905
91550 23.8953
91560 23.9012
91570 23.9106
91580 23.9094
91590 23.8918
91600 23.8649
91610 23.8357
91620 23.8175
91630 23.8228
91640 23.8495
91650 23.8667
91660 23.8496
91670 23.8063
91680 23.7667
91690 23.7273
91700 23.6988
91710 23.7195
91720 23.7825
91730 23.8602
91740 23.9274
91750 23.9515
91760 23.9267
91770 23.8901
91780 23.8608
91790 23.84
91800 23.8444
91810 23.8662
91820 23.876
91830 23.8748
91840 23.8721
91850 23.8759
91860 23.8852
91870 23.8887
91880 23.8909
91890 23.896
91900 23.9031
91910 23.9142
91920 23.9367
91930 23.9727
91940 23.997
91950 24.0099
91960 24.0238
91970 24.0265
91980 24.0071
91990 23.9655
92000 23.9183
92010 23.883
92020 23.8648
92030 23.8549
92040 23.838
92050 23.8089
92060 23.7831
92070 23.7755
92080 23.7814
92090 23.7926
92100 23.8074
92110 23.8122
92120 23.8065
92130 23.8066
92140 23.81
92150 23.8096
92160 23.8129
92170 23.82
92180 23.8235
92190 23.8247
92200 23.8373
92210 23.8703
92220 23.907
92230 23.9365
92240 23.9499
92250 23.9643
92260 23.9936
92270 24.0354
92280 24.0885
92290 24.1361
92300 24.1489
92310 24.1195
92320 24.0853
92330 24.0776
92340 24.0897
92350 24.1167
92360 24.1572
92370 24.1881
92380 24.1869
92390 24.1641
92400 24.1329
92410 24.1011
92420 24.0758
92430 24.075
92440 24.0972
92450 24.1152
92460 24.11
92470 24.1022
92480 24.1102
92490 24.1253
92500 24.1507
92510 24.1964
92520 24.2571
92530 24.3098
92540 24.3476
92550 24.3741
92560 24.3748
92570 24.3488
92580 24.3279
92590 24.3348
92600 24.3689
92610 24.4
92620 24.407
92630 24.4009
92640 24.3774
92650 24.3351
92660 24.299
92670 24.2785
92680 24.2587
92690 24.2312
92700 24.2025
92710 24.1508
92720 24.0777
92730 24.0161
92740 23.9711
92750 23.9437
92760 23.9652
92770 24.0181
92780 24.049
92790 24.0513
92800 24.0407
92810 24.0181
92820 23.9748
92830 23.916
92840 23.8755
92850 23.8733
92860 23.8987
92870 23.9299
92880 23.9637
92890 23.9863
92900 23.9773
92910 23.9454
92920 23.9162
92930 23.8858
92940 23.8426
92950 23.8146
92960 23.8006
92970 23.7734
92980 23.7344
92990 23.6985
93000 23.6604
93010 23.6182
93020 23.598
93030 23.6133
93040 23.6467
93050 23.6788
93060 23.7079
93070 23.7322
93080 23.7374
93090 23.7323
93100 23.7334
93110 23.7394
93120 23.7551
93130 23.7825
93140 23.7987
93150 23.7867
93160 23.7691
93170 23.7459
93180 23.7004
93190 23.6368
93200 23.5724
93210 23.5358
93220 23.5419
93230 23.571
93240 23.6016
93250 23.6317
93260 23.6803
93270 23.7368
93280 23.7936
93290 23.8459
93300 23.8764
93310 23.8932
93320 23.9003
93330 23.8703
93340 23.8215
93350 23.8065
93360 23.8365
93370 23.8701
93380 23.8895
93390 23.8981
93400 23.8844
93410 23.85
93420 23.8131
93430 23.7857
93440 23.7798
93450 23.7881
93460 23.8005
93470 23.8291
93480 23.8597
93490 23.8607
93500 23.8328
93510 23.8099
93520 23.7906
93530 23.7631
93540 23.7546
93550 23.7687
93560 23.7771
93570 23.7771
93580 23.7967
93590 23.8392
93600 23.8923
93610 23.9403
93620 23.9797
93630 24.0135
93640 24.0316
93650 24.0213
93660 23.9789
93670 23.918
93680 23.866
93690 23.8435
93700 23.8648
93710 23.9285
93720 23.9912
93730 24.0007
93740 23.9571
93750 23.8959
93760 23.8374
93770 23.7966
93780 23.7824
93790 23.7934
93800 23.8235
93810 23.8522
93820 23.8645
93830 23.8537
93840 23.8445
93850 23.8603
93860 23.8835
93870 23.8896
93880 23.8752
93890 23.8539
93900 23.8376
93910 23.8292
93920 23.8263
93930 23.837
93940 23.8661
93950 23.9006
93960 23.9105
93970 23.8939
93980 23.8844
93990 23.8891
94000 23.8997
94010 23.9072
94020 23.9044
94030 23.894
94040 23.9032
94050 23.9348
94060 23.9561
94070 23.9675
94080 23.9989
94090 24.0363
94100 24.0493
94110 24.034
94120 24.0015
94130 23.9588
94140 23.9272
94150 23.9398
94160 23.9895
94170 24.0377
94180 24.0481
94190 24.0215
94200 23.9827
94210 23.9432
94220 23.9105
94230 23.8861
94240 23.872
94250 23.8695
94260 23.8651
94270 23.8347
94280 23.7787
94290 23.7244
94300 23.6959
94310 23.6893
94320 23.6988
94330 23.7243
94340 23.7386
94350 23.7356
94360 23.7312
94370 23.7259
94380 23.7223
94390 23.7267
94400 23.7444
94410 23.7781
94420 23.8007
94430 23.7957
94440 23.7734
94450 23.7494
94460 23.7306
94470 23.7192
94480 23.712
94490 23.7072
94500 23.7024
94510 23.7041
94520 23.7083
94530 23.7095
94540 23.7012
94550 23.6949
94560 23.695
94570 23.6977
94580 23.6883
94590 23.6652
94600 23.6473
94610 23.6497
94620 23.6591
94630 23.6579
94640 23.6484
94650 23.6369
94660 23.6279
94670 23.6285
94680 23.6211
94690 23.5964
94700 23.5775
94710 23.5708
94720 23.5654
94730 23.5633
94740 23.5712
94750 23.5847
94760 23.6011
94770 23.6195
94780 23.6315
94790 23.6389
94800 23.6377
94810 23.6236
94820 23.6048
94830 23.5783
94840 23.5293
94850 23.474
94860 23.4247
94870 23.3857
94880 23.3594
94890 23.3472
94900 23.3405
94910 23.3323
94920 23.307
94930 23.2638
94940 23.2303
94950 23.2053
94960 23.1784
94970 23.1692
94980 23.176
94990 23.1737
95000 23.1599
95010 23.1489
95020 23.1392
95030 23.129
95040 23.1266
95050 23.1408
95060 23.1632
95070 23.1835
95080 23.1991
95090 23.2144
95100 23.2239
95110 23.2218
95120 23.2073
95130 23.1911
95140 23.1761
95150 23.1657
95160 23.1614
95170 23.1646
95180 23.1862
95190 23.2241
95200 23.2617
95210 23.2809
95220 23.2815
95230 23.2733
95240 23.259
95250 23.2471
95260 23.256
95270 23.2765
95280 23.2913
95290 23.2929
95300 23.278
95310 23.2461
95320 23.2107
95330 23.1905
95340 23.183
95350 23.1884
95360 23.1962
95370 23.199
95380 23.2152
95390 23.2423
95400 23.2464
95410 23.2351
95420 23.2317
95430 23.246
95440 23.2726
95450 23.2959
95460 23.3118
95470 23.3422
95480 23.3912
95490 23.4282
95500 23.4382
95510 23.4378
95520 23.4336
95530 23.4284
95540 23.424
95550 23.4219
95560 23.4295
95570 23.4457
95580 23.4541
95590 23.4582
95600 23.4764
95610 23.5134
95620 23.5633
95630 23.6159
95640 23.6492
95650 23.6586
95660 23.6679
95670 23.6819
95680 23.688
95690 23.6969
95700 23.7082
95710 23.704
95720 23.6853
95730 23.6765
95740 23.679
95750 23.6793
95760 23.6736
95770 23.6676
95780 23.67
95790 23.6825
95800 23.6984
95810 23.7197
95820 23.7427
95830 23.7544
95840 23.7638
95850 23.788
95860 23.8205
95870 23.8406
95880 23.8449
95890 23.8407
95900 23.8374
95910 23.8552
95920 23.916
95930 24.0036
95940 24.0769
95950 24.1151
95960 24.1223
95970 24.1126
95980 24.0942
95990 24.0748
96000 24.0662
96010 24.0756
96020 24.0968
96030 24.1113
96040 24.108
96050 24.1067
96060 24.1097
96070 24.0954
96080 24.0791
96090 24.0958
96100 24.1394
96110 24.1628
96120 24.1704
96130 24.1986
96140 24.2227
96150 24.2127
96160 24.1958
96170 24.176
96180 24.1403
96190 24.1116
96200 24.1088
96210 24.1293
96220 24.1768
96230 24.2403
96240 24.2934
96250 24.3459
96260 24.4014
96270 24.4296
96280 24.4201
96290 24.4065
96300 24.4246
96310 24.4814
96320 24.5397
96330 24.5816
96340 24.6177
96350 24.6444
96360 24.6474
96370 24.6433
96380 24.6536
96390 24.678
96400 24.7089
96410 24.7292
96420 24.7331
96430 24.7321
96440 24.7387
96450 24.7576
96460 24.791
96470 24.8309
96480 24.8642
96490 24.89
96500 24.9104
96510 24.9148
96520 24.9074
96530 24.9034
96540 24.8886
96550 24.8615
96560 24.8539
96570 24.8575
96580 24.8416
96590 24.8308
96600 24.8265
96610 24.8162
96620 24.7997
96630 24.7812
96640 24.7628
96650 24.743
96660 24.7078
96670 24.6595
96680 24.6167
96690 24.5927
96700 24.5834
96710 24.5986
96720 24.6267
96730 24.6393
96740 24.6345
96750 24.6294
96760 24.6291
96770 24.6286
96780 24.6222
96790 24.6002
96800 24.5628
96810 24.5342
96820 24.5261
96830 24.527
96840 24.5424
96850 24.5787
96860 24.6256
96870 24.6512
96880 24.6281
96890 24.5794
96900 24.5536
96910 24.5664
96920 24.5952
96930 24.6253
96940 24.6658
96950 24.7068
96960 24.7324
96970 24.7275
96980 24.7094
96990 24.706
97000 24.7178
97010 24.7361
97020 24.7628
97030 24.7926
97040 24.8106
97050 24.8132
97060 24.8061
97070 24.7826
97080 24.7441
97090 24.7236
97100 24.7354
97110 24.7546
97120 24.7622
97130 24.779
97140 24.7987
97150 24.7891
97160 24.7576
97170 24.7401
97180 24.7452
97190 24.7696
97200 24.8036
97210 24.8375
97220 24.8539
97230 24.8329
97240 24.7846
97250 24.7324
97260 24.6918
97270 24.6544
97280 24.6269
97290 24.6201
97300 24.6292
97310 24.6428
97320 24.6481
97330 24.6451
97340 24.638
97350 24.635
97360 24.6234
97370 24.6022
97380 24.5802
97390 24.5629
97400 24.5489
97410 24.551
97420 24.5736
97430 24.6022
97440 24.6115
97450 24.5995
97460 24.5889
97470 24.5958
97480 24.619
97490 24.6505
97500 24.6818
97510 24.7045
97520 24.718
97530 24.7325
97540 24.7514
97550 24.7581
97560 24.7425
97570 24.7087
97580 24.6672
97590 24.6143
97600 24.5641
97610 24.5417
97620 24.544
97630 24.5388
97640 24.511
97650 24.4932
97660 24.5026
97670 24.5406
97680 24.5975
97690 24.662
97700 24.7282
97710 24.7729
97720 24.7826
97730 24.7615
97740 24.7215
97750 24.6591
97760 24.5995
97770 24.5806
97780 24.6058
97790 24.6626
97800 24.7306
97810 24.7769
97820 24.8066
97830 24.8271
97840 24.8121
97850 24.788
97860 24.7996
97870 24.823
97880 24.8196
97890 24.8141
97900 24.8371
97910 24.8798
97920 24.9134
97930 24.9266
97940 24.9166
97950 24.8936
97960 24.8738
97970 24.8614
97980 24.8462
97990 24.829
98000 24.8296
98010 24.854
98020 24.8798
98030 24.8865
98040 24.8672
98050 24.8312
98060 24.794
98070 24.7631
98080 24.7443
98090 24.7363
98100 24.747
98110 24.8014
98120 24.8776
98130 24.9308
98140 24.9476
98150 24.9468
98160 24.9427
98170 24.9492
98180 24.9662
98190 24.98
98200 24.9835
98210 24.9926
98220 25.0133
98230 25.0114
98240 24.9697
98250 24.9064
98260 24.8474
98270 24.8078
98280 24.7958
98290 24.8071
98300 24.8395
98310 24.8848
98320 24.9104
98330 24.9096
98340 24.9079
98350 24.9123
98360 24.895
98370 24.8498
98380 24.8097
98390 24.7997
98400 24.8193
98410 24.8462
98420 24.857
98430 24.8508
98440 24.8421
98450 24.833
98460 24.8251
98470 24.8168
98480 24.8057
98490 24.7947
98500 24.7812
98510 24.7677
98520 24.7568
98530 24.7486
98540 24.7383
98550 24.7299
98560 24.7166
98570 24.7112
98580 24.738
98590 24.7762
98600 24.789
98610 24.7664
98620 24.7309
98630 24.6982
98640 24.6727
98650 24.6606
98660 24.6661
98670 24.6727
98680 24.6688
98690 24.6495
98700 24.621
98710 24.6092
98720 24.6184
98730 24.6322
98740 24.6395
98750 24.6355
98760 24.6249
98770 24.614
98780 24.5995
98790 24.5903
98800 24.5943
98810 24.6182
98820 24.6478
98830 24.6683
98840 24.6763
98850 24.6623
98860 24.6383
98870 24.6341
98880 24.6526
98890 24.6782
98900 24.705
98910 24.7264
98920 24.7361
98930 24.7256
98940 24.6805
98950 24.6004
98960 24.5374
98970 24.5401
98980 24.5799
98990 24.6221
99000 24.6527
99010 24.6588
99020 24.6415
99030 24.6225
99040 24.594
99050 24.5631
99060 24.5618
99070 24.5928
99080 24.6223
99090 24.6264
99100 24.619
99110 24.6045
99120 24.58
99130 24.5501
99140 24.5293
99150 24.5152
99160 24.5056
99170 24.5089
99180 24.5136
99190 24.5073
99200 24.5015
99210 24.5121
99220 24.5277
99230 24.526
99240 24.5127
99250 24.5127
99260 24.5222
99270 24.5222
99280 24.5032
99290 24.4822
99300 24.4874
99310 24.5137
99320 24.5389
99330 24.5474
99340 24.5499
99350 24.5452
99360 24.5402
99370 24.5598
99380 24.6097
99390 24.6685
99400 24.7122
99410 24.7343
99420 24.744
99430 24.7408
99440 24.7206
99450 24.6937
99460 24.6789
99470 24.6788
99480 24.6901
99490 24.7013
99500 24.7092
99510 24.7145
99520 24.718
99530 24.7224
99540 24.7279
99550 24.7328
99560 24.7276
99570 24.7147
99580 24.6985
99590 24.6787
99600 24.6785
99610 24.709
99620 24.7436
99630 24.7643
99640 24.7812
99650 24.8036
99660 24.8201
99670 24.8242
99680 24.8248
99690 24.8302
99700 24.8346
99710 24.8431
99720 24.8799
99730 24.94
99740 24.9854
99750 24.9931
99760 24.9745
99770 24.9403
99780 24.8957
99790 24.8535
99800 24.8474
99810 24.9007
99820 24.9888
99830 25.0617
99840 25.0921
99850 25.0907
99860 25.0618
99870 25.0057
99880 24.9404
99890 24.9072
99900 24.9179
99910 24.9443
99920 24.9591
99930 24.9639
99940 24.9641
99950 24.9534
99960 24.9259
99970 24.8852
99980 24.8551
99990 24.8497
100000 24.8443
100010 24.826
100020 24.8023
100030 24.7804
100040 24.7576
100050 24.7278
100060 24.7023
100070 24.6898
100080 24.6861
100090 24.6794
100100 24.6619
100110 24.6435
100120 24.6254
100130 24.6139
100140 24.6134
100150 24.6196
100160 24.6323
100170 24.6485
100180 24.6659
100190 24.6867
100200 24.7
100210 24.6922
100220 24.6749
100230 24.6668
100240 24.6569
100250 24.6388
100260 24.63
100270 24.6227
100280 24.5895
100290 24.5425
100300 24.5216
100310 24.5247
100320 24.5341
100330 24.5487
100340 24.5734
100350 24.6046
100360 24.6351
100370 24.657
100380 24.6624
100390 24.6504
100400 24.6479
100410 24.6767
100420 24.711
100430 24.7284
100440 24.738
100450 24.7377
100460 24.7158
100470 24.6757
100480 24.6394
100490 24.6288
100500 24.6436
100510 24.6688
100520 24.7011
100530 24.7236
100540 24.7187
100550 24.6881
100560 24.6466
100570 24.6249
100580 24.6449
100590 24.696
100600 24.7479
100610 24.7727
100620 24.7787
100630 24.7878
100640 24.7846
100650 24.7547
100660 24.7319
100670 24.7425
100680 24.7763
100690 24.8194
100700 24.8701
100710 24.9117
100720 24.924
100730 24.9227
100740 24.9301
100750 24.9357
100760 24.9303
100770 24.926
100780 24.9277
100790 24.9303
100800 24.9239
100810 24.9193
100820 24.9234
100830 24.9324
100840 24.9498
100850 24.9573
100860 24.9241
100870 24.8652
100880 24.8276
100890 24.8117
100900 24.808
100910 24.8285
100920 24.8778
100930 24.9363
100940 24.9786
100950 24.9985
100960 25.0081
100970 25.028
100980 25.0676
100990 25.118
101000 25.171
101010 25.2186
101020 25.2552
101030 25.2722
101040 25.2677
101050 25.2458
101060 25.2242
101070 25.2147
101080 25.2213
101090 25.2365
101100 25.2434
101110 25.2384
101120 25.2356
101130 25.2411
101140 25.2512
101150 25.2633
101160 25.2778
101170 25.2839
101180 25.2837
101190 25.2987
101200 25.3202
101210 25.3194
101220 25.3007
101230 25.2774
101240 25.2759
101250 25.3068
101260 25.3444
101270 25.3695
101280 25.3768
101290 25.3492
101300 25.2847
101310 25.2142
101320 25.1497
101330 25.0849
101340 25.0398
101350 25.0114
101360 24.9633
101370 24.9009
101380 24.8603
101390 24.8434
101400 24.8388
101410 24.8422
101420 24.8324
101430 24.8055
101440 24.7878
101450 24.7937
101460 24.8144
101470 24.8354
101480 24.8454
101490 24.8329
101500 24.8006
101510 24.7739
101520 24.7644
101530 24.7728
101540 24.7933
101550 24.8227
101560 24.8544
101570 24.8828
101580 24.9137
101590 24.9369
101600 24.9389
101610 24.9357
101620 24.9493
101630 24.9753
101640 25.0013
101650 25.0274
101660 25.0498
101670 25.0495
101680 25.0235
101690 24.9941
101700 24.9711
101710 24.9602
101720 24.9621
101730 24.9725
101740 24.9926
101750 25.0106
101760 25.0026
101770 24.9733
101780 24.9642
101790 24.9733
101800 24.9764
101810 24.9802
101820 24.9995
101830 25.0094
101840 24.9922
101850 24.9717
101860 24.9677
101870 24.9737
101880 24.995
101890 25.0207
101900 25.0305
101910 25.0304
101920 25.039
101930 25.0565
101940 25.0816
101950 25.122
101960 25.1689
101970 25.2139
101980 25.2506
101990 25.2737
102000 25.2852
102010 25.3079
102020 25.3596
102030 25.4269
102040 25.4838
102050 25.5197
102060 25.547
102070 25.5711
102080 25.5925
102090 25.6226
102100 25.6613
102110 25.6977
102120 25.7232
102130 25.7394
102140 25.7229
102150 25.6791
102160 25.6421
102170 25.6134
102180 25.5923
102190 25.5687
102200 25.5319
102210 25.4911
102220 25.4668
102230 25.4658
102240 25.4844
102250 25.5183
102260 25.5388
102270 25.5328
102280 25.5242
102290 25.519
102300 25.5003
102310 25.4774
102320 25.464
102330 25.453
102340 25.4476
102350 25.4549
102360 25.4706
102370 25.4911
102380 25.5153
102390 25.5232
102400 25.504
102410 25.4967
102420 25.5189
102430 25.5641
102440 25.6186
102450 25.6677
102460 25.6998
102470 25.7078
102480 25.6952
102490 25.6917
102500 25.7039
102510 25.7118
102520 25.7042
102530 25.7061
102540 25.7264
102550 25.7297
102560 25.7183
102570 25.7163
102580 25.724
102590 25.7397
102600 25.7661
102610 25.7951
102620 25.8189
102630 25.8448
102640 25.8718
102650 25.8832
102660 25.8654
102670 25.8383
102680 25.8238
102690 25.8304
102700 25.8464
102710 25.8659
102720 25.8909
102730 25.9106
102740 25.9168
102750 25.8958
102760 25.8623
102770 25.8336
102780 25.7882
102790 25.7157
102800 25.6516
102810 25.6279
102820 25.6381
102830 25.6707
102840 25.7049
102850 25.711
102860 25.6859
102870 25.6361
102880 25.5761
102890 25.5218
102900 25.4855
102910 25.4701
102920 25.4654
102930 25.4677
102940 25.4754
102950 25.4755
102960 25.4725
102970 25.4754
102980 25.4897
102990 25.5194
103000 25.5437
103010 25.5478
103020 25.5329
103030 25.5037
103040 25.4717
103050 25.4502
103060 25.4453
103070 25.4568
103080 25.4752
103090 25.4943
103100 25.5062
103110 25.5066
103120 25.5138
103130 25.5414
103140 25.5875
103150 25.6436
103160 25.695
103170 25.7227
103180 25.7295
103190 25.7218
103200 25.7155
103210 25.7207
103220 25.7262
103230 25.718
103240 25.7007
103250 25.6864
103260 25.6823
103270 25.6852
103280 25.6987
103290 25.7376
103300 25.794
103310 25.832
103320 25.8368
103330 25.827
103340 25.8319
103350 25.837
103360 25.8351
103370 25.8405
103380 25.867
103390 25.9063
103400 25.9366
103410 25.9451
103420 25.9299
103430 25.9131
103440 25.9027
103450 25.897
103460 25.9153
103470 25.9347
103480 25.9274
103490 25.915
103500 25.9203
103510 25.9276
103520 25.9403
103530 25.9858
103540 26.0461
103550 26.0735
103560 26.0537
103570 26.0063
103580 25.9555
103590 25.916
103600 25.8953
103610 25.8833
103620 25.8766
103630 25.8773
103640 25.8773
103650 25.8708
103660 25.8572
103670 25.836
103680 25.8274
103690 25.8482
103700 25.8692
103710 25.8788
103720 25.8907
103730 25.8929
103740 25.8654
103750 25.8196
103760 25.7806
103770 25.7466
103780 25.7107
103790 25.6946
103800 25.692
103810 25.6894
103820 25.7113
103830 25.7498
103840 25.77
103850 25.7671
103860 25.7475
103870 25.7152
103880 25.6835
103890 25.6702
103900 25.658
103910 25.6434
103920 25.6543
103930 25.6743
103940 25.666
103950 25.6481
103960 25.6444
103970 25.6391
103980 25.6225
103990 25.607
104000 25.609
104010 25.6341
104020 25.6541
104030 25.6469
104040 25.6419
104050 25.661
104060 25.6871
104070 25.7109
104080 25.7204
104090 25.712
104100 25.7
104110 25.7063
104120 25.7246
104130 25.7301
104140 25.726
104150 25.7357
104160 25.7485
104170 25.7635
104180 25.7848
104190 25.8009
104200 25.8063
104210 25.7936
104220 25.7383
104230 25.6586
104240 25.6047
104250 25.5824
104260 25.5579
104270 25.5366
104280 25.5216
104290 25.5013
104300 25.4744
104310 25.4544
104320 25.4565
104330 25.4751
104340 25.507
104350 25.5551
104360 25.5999
104370 25.6074
104380 25.5769
104390 25.5497
104400 25.5405
104410 25.5507
104420 25.5787
104430 25.6115
104440 25.6305
104450 25.6172
104460 25.5719
104470 25.5029
104480 25.43
104490 25.3704
104500 25.3423
104510 25.3403
104520 25.3488
104530 25.3574
104540 25.3741
104550 25.4039
104560 25.4347
104570 25.4564
104580 25.4699
104590 25.4763
104600 25.4755
104610 25.4588
104620 25.4364
104630 25.4307
104640 25.4531
104650 25.4996
104660 25.5418
104670 25.5733
104680 25.5957
104690 25.5961
104700 25.571
104710 25.5444
104720 25.5403
104730 25.5352
104740 25.5035
104750 25.4782
104760 25.4721
104770 25.4592
104780 25.4416
104790 25.4406
104800 25.4633
104810 25.5117
104820 25.5823
104830 25.646
104840 25.6832
104850 25.6955
104860 25.6897
104870 25.6795
104880 25.6834
104890 25.708
104900 25.7483
104910 25.8021
104920 25.8615
104930 25.9089
104940 25.9452
104950 25.9747
104960 25.9921
104970 25.9946
104980 25.9834
104990 25.9569
105000 25.9395
105010 25.9351
105020 25.9257
105030 25.9074
105040 25.8946
105050 25.8892
105060 25.8796
105070 25.8652
105080 25.847
105090 25.8294
105100 25.8137
105110 25.8124
105120 25.8384
105130 25.8858
105140 25.9326
105150 25.9627
105160 25.9623
105170 25.94
105180 25.9225
105190 25.9047
105200 25.887
105210 25.8995
105220 25.9442
105230 25.9842
105240 25.9952
105250 25.9802
105260 25.9476
105270 25.8941
105280 25.8132
105290 25.7268
105300 25.685
105310 25.693
105320 25.7233
105330 25.7624
105340 25.7986
105350 25.8066
105360 25.7838
105370 25.7471
105380 25.7125
105390 25.6873
105400 25.664
105410 25.6369
105420 25.6159
105430 25.6103
105440 25.6155
105450 25.6153
105460 25.6062
105470 25.5931
105480 25.5794
105490 25.5654
105500 25.5593
105510 25.5554
105520 25.5565
105530 25.5752
105540 25.5881
105550 25.5701
105560 25.5538
105570 25.5739
105580 25.6363
105590 25.7287
105600 25.8132
105610 25.8553
105620 25.8541
105630 25.8204
105640 25.7796
105650 25.7629
105660 25.7804
105670 25.8159
105680 25.8731
105690 25.9374
105700 25.9645
105710 25.939
105720 25.8673
105730 25.7766
105740 25.7044
105750 25.6697
105760 25.662
105770 25.668
105780 25.6733
105790 25.6517
105800 25.6127
105810 25.5789
105820 25.5511
105830 25.5352
105840 25.5465
105850 25.589
105860 25.6399
105870 25.6841
105880 25.7169
105890 25.7339
105900 25.7351
105910 25.7446
105920 25.7712
105930 25.8098
105940 25.8668
105950 25.9521
105960 26.0357
105970 26.0662
105980 26.0628
105990 26.0613
106000 26.0502
106010 26.0265
106020 26.0021
106030 25.9679
106040 25.9317
106050 25.9082
106060 25.8861
106070 25.8557
106080 25.8177
106090 25.7844
106100 25.7725
106110 25.7739
106120 25.7696
106130 25.7667
106140 25.7686
106150 25.7658
106160 25.7438
106170 25.7107
106180 25.6903
106190 25.6907
106200 25.7172
106210 25.7582
106220 25.7806
106230 25.7713
106240 25.7432
106250 25.7109
106260 25.707
106270 25.7391
106280 25.7878
106290 25.8482
106300 25.9127
106310 25.9605
106320 25.9954
106330 26.0318
106340 26.0637
106350 26.0956
106360 26.1279
106370 26.1513
106380 26.1634
106390 26.1617
106400 26.1427
106410 26.1264
106420 26.1208
106430 26.1282
106440 26.146
106450 26.1684
106460 26.1877
106470 26.202
106480 26.2041
106490 26.1758
106500 26.1227
106510 26.0612
106520 26.0095
106530 25.9726
106540 25.9505
106550 25.9454
106560 25.9443
106570 25.9513
106580 25.9709
106590 25.9947
106600 25.9897
106610 25.9563
106620 25.9168
106630 25.8825
106640 25.8603
106650 25.8442
106660 25.8376
106670 25.8391
106680 25.8417
106690 25.8413
106700 25.8396
106710 25.8404
106720 25.8489
106730 25.8655
106740 25.8917
106750 25.9256
106760 25.9464
106770 25.945
106780 25.9274
106790 25.9044
106800 25.8861
106810 25.8761
106820 25.8755
106830 25.8893
106840 25.9181
106850 25.9384
106860 25.9373
106870 25.9245
106880 25.9065
106890 25.8893
106900 25.8805
106910 25.8767
106920 25.8788
106930 25.9
106940 25.9341
106950 25.9641
106960 25.97
106970 25.9592
106980 25.9395
106990 25.9118
107000 25.8848
107010 25.8686
107020 25.8609
107030 25.8496
107040 25.8479
107050 25.8452
107060 25.8245
107070 25.7955
107080 25.7768
107090 25.7735
107100 25.7869
107110 25.8016
107120 25.7993
107130 25.7777
107140 25.7409
107150 25.7021
107160 25.6831
107170 25.6756
107180 25.6604
107190 25.6532
107200 25.6793
107210 25.7093
107220 25.7134
107230 25.7044
107240 25.6984
107250 25.6784
107260 25.6526
107270 25.6389
107280 25.6364
107290 25.6358
107300 25.6381
107310 25.6384
107320 25.6316
107330 25.621
107340 25.6107
107350 25.5911
107360 25.5719
107370 25.5715
107380 25.5855
107390 25.592
107400 25.5888
107410 25.5851
107420 25.5847
107430 25.5958
107440 25.6261
107450 25.6641
107460 25.7094
107470 25.7683
107480 25.8265
107490 25.8758
107500 25.9236
107510 25.9573
107520 25.9758
107530 26.0001
107540 26.0184
107550 26.0195
107560 26.0207
107570 26.0321
107580 26.0478
107590 26.0669
107600 26.0782
107610 26.0644
107620 26.0332
107630 26.0019
107640 25.9709
107650 25.9442
107660 25.9318
107670 25.9189
107680 25.8976
107690 25.8885
107700 25.8898
107710 25.8898
107720 25.9022
107730 25.9474
107740 25.9946
107750 26.0126
107760 26.0192
107770 26.0166
107780 25.9961
107790 25.9804
107800 25.9974
107810 26.0303
107820 26.0623
107830 26.0984
107840 26.1447
107850 26.1987
107860 26.263
107870 26.3233
107880 26.3752
107890 26.4158
107900 26.437
107910 26.4411
107920 26.4402
107930 26.4421
107940 26.4399
107950 26.4378
107960 26.4442
107970 26.4551
107980 26.4649
107990 26.4815
108000 26.5096
108010 26.5379
108020 26.5531
108030 26.5502
108040 26.5528
108050 26.5723
108060 26.5929
108070 26.6121
108080 26.6313
108090 26.6527
108100 26.6706
108110 26.6664
108120 26.6463
108130 26.6356
108140 26.6399
108150 26.6411
108160 26.6422
108170 26.6511
108180 26.6715
108190 26.6925
108200 26.7297
108210 26.7692
108220 26.7836
108230 26.7784
108240 26.7678
108250 26.741
108260 26.6786
108270 26.5976
108280 26.5417
108290 26.5147
108300 26.504
108310 26.5338
108320 26.6046
108330 26.6563
108340 26.668
108350 26.6676
108360 26.6591
108370 26.63
108380 26.6009
108390 26.6112
108400 26.6545
108410 26.7028
108420 26.7462
108430 26.7743
108440 26.7801
108450 26.7755
108460 26.7625
108470 26.7229
108480 26.6812
108490 26.6772
108500 26.6962
108510 26.7054
108520 26.7182
108530 26.7398
108540 26.7402
108550 26.7281
108560 26.7307
108570 26.7332
108580 26.718
108590 26.7107
108600 26.721
108610 26.7253
108620 26.713
108630 26.6998
108640 26.6862
108650 26.6798
108660 26.6706
108670 26.6591
108680 26.6613
108690 26.6768
108700 26.7037
108710 26.7474
108720 26.8059
108730 26.8662
108740 26.9156
108750 26.9611
108760 27.0062
108770 27.0459
108780 27.0948
108790 27.1575
108800 27.2085
108810 27.2319
108820 27.235
108830 27.2167
108840 27.1823
108850 27.1597
108860 27.161
108870 27.1765
108880 27.2066
108890 27.2446
108900 27.2648
108910 27.2595
108920 27.2392
108930 27.2059
108940 27.1633
108950 27.1245
108960 27.0814
108970 27.025
108980 26.9698
108990 26.94
109000 26.9242
109010 26.9006
109020 26.8991
109030 26.9236
109040 26.9444
109050 26.9526
109060 26.945
109070 26.9212
109080 26.8863
109090 26.8481
109100 26.8089
109110 26.7793
109120 26.7715
109130 26.7941
109140 26.8364
109150 26.8886
109160 26.9411
109170 26.9727
109180 26.9803
109190 26.9701
109200 26.9556
109210 26.9469
109220 26.9503
109230 26.9562
109240 26.9618
109250 26.9772
109260 26.9991
109270 27.0216
109280 27.0316
109290 27.0074
109300 26.9563
109310 26.9137
109320 26.8779
109330 26.8431
109340 26.818
109350 26.82
109360 26.8391
109370 26.8746
109380 26.9133
109390 26.9184
109400 26.8779
109410 26.8135
109420 26.7545
109430 26.7141
109440 26.6931
109450 26.6912
109460 26.6982
109470 26.7037
109480 26.7114
109490 26.7174
109500 26.7267
109510 26.7549
109520 26.7944
109530 26.8254
109540 26.8387
109550 26.8452
109560 26.8665
109570 26.9013
109580 26.929
109590 26.934
109600 26.9334
109610 26.9388
109620 26.9451
109630 26.9349
109640 26.9011
109650 26.8707
109660 26.8571
109670 26.8446
109680 26.8362
109690 26.8367
109700 26.8308
109710 26.8161
109720 26.8216
109730 26.8542
109740 26.8918
109750 26.9235
109760 26.9424
109770 26.9596
109780 26.9921
109790 27.0213
109800 27.0148
109810 26.9939
109820 26.9751
109830 26.9428
109840 26.9194
109850 26.9151
109860 26.8929
109870 26.8646
109880 26.8574
109890 26.8514
109900 26.8386
109910 26.8304
109920 26.8058
109930 26.7517
109940 26.6906
109950 26.6425
109960 26.6119
109970 26.6101
109980 26.6397
109990 26.6804
110000 26.722
110010 26.7619
110020 26.7763
110030 26.7703
110040 26.7673
110050 26.7661
110060 26.7636
110070 26.7647
110080 26.7782
110090 26.8009
110100 26.8162
110110 26.7972
110120 26.7391
110130 26.6941
110140 26.6839
110150 26.675
110160 26.6619
110170 26.6536
110180 26.6453
110190 26.6422
110200 26.6579
110210 26.6892
110220 26.73
110230 26.7748
110240 26.7918
110250 26.7705
110260 26.7466
110270 26.745
110280 26.7539
110290 26.758
110300 26.7627
110310 26.7807
110320 26.8051
110330 26.8203
110340 26.8216
110350 26.8231
110360 26.8373
110370 26.8566
110380 26.8722
110390 26.8909
110400 26.9324
110410 26.9844
110420 27.0157
110430 27.0278
110440 27.0572
110450 27.1217
110460 27.1931
110470 27.2355
110480 27.2499
110490 27.2368
110500 27.2104
110510 27.1889
110520 27.1832
110530 27.194
110540 27.2198
110550 27.2601
110560 27.3028
110570 27.3471
110580 27.3904
110590 27.4187
110600 27.4297
110610 27.4266
110620 27.4165
110630 27.4214
110640 27.438
110650 27.4543
110660 27.4693
110670 27.4808
110680 27.4838
110690 27.4832
110700 27.4889
110710 27.5043
110720 27.505
110730 27.4718
110740 27.4239
110750 27.3835
110760 27.358
110770 27.3436
110780 27.3427
110790 27.3503
110800 27.3521
110810 27.3448
110820 27.3308
110830 27.3021
110840 27.2696
110850 27.245
110860 27.2353
110870 27.2336
110880 27.2247
110890 27.2011
110900 27.1533
110910 27.0829
110920 27.0187
110930 26.9891
110940 26.988
110950 26.9999
110960 27.0115
110970 27.0137
110980 27.0134
110990 27.0252
111000 27.0376
111010 27.0365
111020 27.0339
111030 27.0495
111040 27.071
111050 27.0942
111060 27.1412
111070 27.2117
111080 27.2797
111090 27.319
111100 27.3345
111110 27.3435
111120 27.3467
111130 27.3359
111140 27.3052
111150 27.2853
111160 27.3001
111170 27.3174
111180 27.2989
111190 27.2539
111200 27.1896
111210 27.1185
111220 27.0763
111230 27.0659
111240 27.0581
111250 27.0488
111260 27.057
111270 27.0769
111280 27.0889
111290 27.0903
111300 27.0759
111310 27.0314
111320 26.9814
111330 26.9769
111340 27.0087
111350 27.0388
111360 27.0555
111370 27.056
111380 27.0433
111390 27.0453
111400 27.0696
111410 27.0939
111420 27.1114
111430 27.138
111440 27.1635
111450 27.1764
111460 27.1903
111470 27.2182
111480 27.2454
111490 27.2671
111500 27.2846
111510 27.2941
111520 27.2924
111530 27.273
111540 27.2414
111550 27.2146
111560 27.185
111570 27.1437
111580 27.1103
111590 27.0908
111600 27.0708
111610 27.0619
111620 27.0701
111630 27.0723
111640 27.0682
111650 27.0688
111660 27.0575
111670 27.0312
111680 27.0158
111690 27.0089
111700 26.9879
111710 26.9685
111720 26.9757
111730 27.0075
111740 27.0423
111750 27.0699
111760 27.0892
111770 27.1039
111780 27.1207
111790 27.1467
111800 27.1831
111810 27.2177
111820 27.2338
111830 27.2371
111840 27.2357
111850 27.2296
111860 27.2103
111870 27.1853
111880 27.1707
111890 27.1741
111900 27.1884
111910 27.2288
111920 27.2964
111930 27.3556
111940 27.3778
111950 27.375
111960 27.3721
111970 27.365
111980 27.3492
111990 27.3401
112000 27.332
112010 27.322
112020 27.3222
112030 27.3474
112040 27.3991
112050 27.4666
112060 27.5136
112070 27.5187
112080 27.5086
112090 27.4983
112100 27.4834
112110 27.4812
112120 27.5139
112130 27.5682
112140 27.6293
112150 27.6879
112160 27.7244
112170 27.728
112180 27.7191
112190 27.7158
112200 27.7244
112210 27.7413
112220 27.7601
112230 27.7591
112240 27.7311
112250 27.6987
112260 27.6672
112270 27.6432
112280 27.6497
112290 27.6821
112300 27.727
112310 27.7604
112320 27.7645
112330 27.7502
112340 27.7284
112350 27.6842
112360 27.6386
112370 27.6231
112380 27.653
112390 27.7036
112400 27.7553
112410 27.8081
112420 27.8529
112430 27.8863
112440 27.907
112450 27.9219
112460 27.9502
112470 28.0018
112480 28.0563
112490 28.0882
112500 28.1057
112510 28.1322
112520 28.1545
112530 28.1523
112540 28.1507
112550 28.1669
112560 28.1838
112570 28.1949
112580 28.2029
112590 28.206
112600 28.2
112610 28.1798
112620 28.1461
112630 28.1216
112640 28.1338
112650 28.163
112660 28.1852
112670 28.1926
112680 28.1793
112690 28.144
112700 28.1125
112710 28.1086
112720 28.132
112730 28.1673
112740 28.1969
112750 28.2152
112760 28.2245
112770 28.2299
112780 28.2341
112790 28.2603
112800 28.3061
112810 28.3368
112820 28.3479
112830 28.3623
112840 28.3916
112850 28.4313
112860 28.4695
112870 28.5034
112880 28.5345
112890 28.5477
112900 28.5506
112910 28.5473
112920 28.543
112930 28.5384
112940 28.5477
112950 28.5833
112960 28.6106
112970 28.6067
112980 28.5868
112990 28.5663
113000 28.5333
113010 28.4864
113020 28.4592
113030 28.4703
113040 28.501
113050 28.5373
113060 28.5809
113070 28.6221
113080 28.6369
113090 28.6379
113100 28.6546
113110 28.6773
113120 28.6834
113130 28.6747
113140 28.6612
113150 28.6592
113160 28.6801
113170 28.7081
113180 28.725
113190 28.7458
113200 28.7844
113210 28.8045
113220 28.7965
113230 28.7956
113240 28.8074
113250 28.8011
113260 28.7747
113270 28.7527
113280 28.7404
113290 28.7354
113300 28.7316
113310 28.7259
113320 28.7072
113330 28.6696
113340 28.6309
113350 28.6111
113360 28.6005
113370 28.5809
113380 28.5778
113390 28.6094
113400 28.653
113410 28.6866
113420 28.7175
113430 28.7551
113440 28.7751
113450 28.7444
113460 28.6913
113470 28.6603
113480 28.6481
113490 28.6367
113500 28.6394
113510 28.6648
113520 28.693
113530 28.7081
113540 28.714
113550 28.7037
113560 28.6744
113570 28.6435
113580 28.6371
113590 28.662
113600 28.6965
113610 28.715
113620 28.7075
113630 28.6969
113640 28.7039
113650 28.7172
113660 28.7283
113670 28.7478
113680 28.7501
113690 28.7155
113700 28.6689
113710 28.6213
113720 28.5617
113730 28.5179
113740 28.5145
113750 28.5444
113760 28.6088
113770 28.6806
113780 28.7262
113790 28.7467
113800 28.7642
113810 28.7888
113820 28.8192
113830 28.8472
113840 28.8619
113850 28.8675
113860 28.8827
113870 28.8994
113880 28.889
113890 28.8405
113900 28.7861
113910 28.7397
113920 28.6963
113930 28.6696
113940 28.6718
113950 28.6829
113960 28.6964
113970 28.71
113980 28.7171
113990 28.7194
114000 28.7099
114010 28.6803
114020 28.6463
114030 28.6293
114040 28.6283
114050 28.62
114060 28.6015
114070 28.5858
114080 28.5687
114090 28.5587
114100 28.5659
114110 28.5904
114120 28.6408
114130 28.7078
114140 28.7732
114150 28.8238
114160 28.8448
114170 28.844
114180 28.8482
114190 28.8602
114200 28.8867
114210 28.9227
114220 28.941
114230 28.9345
114240 28.9287
114250 28.924
114260 28.9084
114270 28.8872
114280 28.871
114290 28.8676
114300 28.8855
114310 28.9096
114320 28.9299
114330 28.9546
114340 28.9826
114350 29.0148
114360 29.0517
114370 29.1009
114380 29.144
114390 29.1646
114400 29.1711
114410 29.1819
114420 29.1932
114430 29.1939
114440 29.2027
114450 29.2193
114460 29.2355
114470 29.25
114480 29.2609
114490 29.2436
114500 29.1957
114510 29.159
114520 29.1509
114530 29.1536
114540 29.1592
114550 29.1647
114560 29.1632
114570 29.1647
114580 29.168
114590 29.1506
114600 29.1137
114610 29.0923
114620 29.0857
114630 29.0643
114640 29.0561
114650 29.0724
114660 29.0768
114670 29.0575
114680 29.041
114690 29.0234
114700 28.995
114710 28.9786
114720 28.9713
114730 28.9735
114740 28.9971
114750 29.0384
114760 29.0803
114770 29.113
114780 29.1338
114790 29.1338
114800 29.1155
114810 29.0807
114820 29.0497
114830 29.0475
114840 29.0863
114850 29.1497
114860 29.2114
114870 29.2426
114880 29.2405
114890 29.2134
114900 29.1737
114910 29.1387
114920 29.106
114930 29.0733
114940 29.0599
114950 29.0767
114960 29.1055
114970 29.1353
114980 29.1431
114990 29.1192
115000 29.0759
115010 29.0218
115020 28.98
115030 28.9603
115040 28.9716
115050 29.0133
115060 29.0624
115070 29.0944
115080 29.1018
115090 29.0881
115100 29.0638
115110 29.0536
115120 29.0488
115130 29.0436
115140 29.0579
115150 29.0862
115160 29.1054
115170 29.1158
115180 29.1181
115190 29.1011
115200 29.0548
115210 28.9979
115220 28.9498
115230 28.9195
115240 28.927
115250 28.9664
115260 29.014
115270 29.0452
115280 29.0621
115290 29.0793
115300 29.0969
115310 29.1124
115320 29.1293
115330 29.154
115340 29.2017
115350 29.2588
115360 29.2879
115370 29.2744
115380 29.2281
115390 29.1733
115400 29.1268
115410 29.1086
115420 29.1281
115430 29.1582
115440 29.1754
115450 29.1936
115460 29.2096
115470 29.2108
115480 29.2155
115490 29.242
115500 29.2777
115510 29.311
115520 29.3338
115530 29.3401
115540 29.3462
115550 29.369
115560 29.393
115570 29.3907
115580 29.3707
115590 29.369
115600 29.4107
115610 29.4701
115620 29.526
115630 29.5808
115640 29.6194
115650 29.6347
115660 29.6343
115670 29.6292
115680 29.6194
115690 29.6136
115700 29.6119
115710 29.6128
115720 29.6225
115730 29.6412
115740 29.6623
115750 29.678
115760 29.6947
115770 29.7119
115780 29.7153
115790 29.7007
115800 29.6949
115810 29.7156
115820 29.743
115830 29.7618
115840 29.7944
115850 29.8313
115860 29.846
115870 29.8472
115880 29.8369
115890 29.8172
115900 29.814
115910 29.8414
115920 29.8849
115930 29.9291
115940 29.9643
115950 29.9698
115960 29.9357
115970 29.8627
115980 29.7813
115990 29.7193
116000 29.6889
116010 29.6828
116020 29.6832
116030 29.6774
116040 29.6685
116050 29.6486
116060 29.6072
116070 29.5625
116080 29.5303
116090 29.5102
116100 29.495
116110 29.4883
116120 29.4604
116130 29.4003
116140 29.3392
116150 29.2752
116160 29.2029
116170 29.1532
116180 29.1523
116190 29.1902
116200 29.2418
116210 29.294
116220 29.3302
116230 29.3273
116240 29.2934
116250 29.2586
116260 29.2232
116270 29.1892
116280 29.1758
116290 29.1799
116300 29.2015
116310 29.2395
116320 29.2816
116330 29.3149
116340 29.3443
116350 29.3585
116360 29.3503
116370 29.3284
116380 29.289
116390 29.234
116400 29.1875
116410 29.1722
116420 29.183
116430 29.1967
116440 29.1931
116450 29.1703
116460 29.1452
116470 29.1182
116480 29.0732
116490 29.028
116500 29.0055
116510 28.9962
116520 28.9732
116530 28.9451
116540 28.9322
116550 28.9232
116560 28.9203
116570 28.9544
116580 29.0128
116590 29.0658
116600 29.1085
116610 29.1472
116620 29.1686
116630 29.1636
116640 29.154
116650 29.1688
116660 29.1918
116670 29.2071
116680 29.2116
116690 29.1906
116700 29.1468
116710 29.1118
116720 29.1014
116730 29.0981
116740 29.0997
116750 29.1112
116760 29.1188
116770 29.1025
116780 29.0867
116790 29.0929
116800 29.1004
116810 29.0975
116820 29.1052
116830 29.1267
116840 29.1318
116850 29.1223
116860 29.0994
116870 29.0545
116880 29.0077
116890 28.9804
116900 28.9646
116910 28.9634
116920 28.9871
116930 29.0131
116940 29.0306
116950 29.0546
116960 29.0852
116970 29.0971
116980 29.1022
116990 29.122
117000 29.1482
117010 29.1776
117020 29.2108
117030 29.2419
117040 29.2718
117050 29.2912
117060 29.2829
117070 29.2626
117080 29.2622
117090 29.2734
117100 29.2791
117110 29.2909
117120 29.3264
117130 29.3723
117140 29.4096
117150 29.4293
117160 29.4257
117170 29.4158
117180 29.4058
117190 29.381
117200 29.3553
117210 29.3443
117220 29.3256
117230 29.2979
117240 29.2914
117250 29.3092
117260 29.3281
117270 29.355
117280 29.3829
117290 29.3922
117300 29.3845
117310 29.3883
117320 29.4133
117330 29.4452
117340 29.492
117350 29.547
117360 29.5838
117370 29.592
117380 29.5963
117390 29.598
117400 29.5875
117410 29.5732
117420 29.5745
117430 29.5896
117440 29.6
117450 29.5896
117460 29.5514
117470 29.5038
117480 29.463
117490 29.4303
117500 29.4265
117510 29.4591
117520 29.5015
117530 29.5454
117540 29.5813
117550 29.6049
117560 29.6365
117570 29.6887
117580 29.7454
117590 29.7906
117600 29.8192
117610 29.8224
117620 29.8103
117630 29.8102
117640 29.8243
117650 29.8319
117660 29.8237
117670 29.805
117680 29.7747
117690 29.7332
117700 29.7075
117710 29.6982
117720 29.6969
117730 29.7111
117740 29.7334
117750 29.7298
117760 29.6972
117770 29.6464
117780 29.5739
117790 29.501
117800 29.4504
117810 29.4196
117820 29.4082
117830 29.4155
117840 29.4194
117850 29.4195
117860 29.4274
117870 29.4351
117880 29.434
117890 29.4288
117900 29.4203
117910 29.4058
117920 29.3922
117930 29.4012
117940 29.4299
117950 29.4628
117960 29.5
117970 29.545
117980 29.5803
117990 29.591
118000 29.5949
118010 29.5961
118020 29.5798
118030 29.5456
118040 29.5327
118050 29.5493
118060 29.5567
118070 29.5362
118080 29.5087
118090 29.496
118100 29.5003
118110 29.5275
118120 29.5655
118130 29.5786
118140 29.5549
118150 29.5223
118160 29.5038
118170 29.4937
118180 29.49
118190 29.5112
118200 29.5455
118210 29.5664
118220 29.5748
118230 29.5979
118240 29.6329
118250 29.6452
118260 29.634
118270 29.6148
118280 29.6039
118290 29.6049
118300 29.6076
118310 29.6323
118320 29.6713
118330 29.6986
118340 29.7111
118350 29.7039
118360 29.6862
118370 29.662
118380 29.6374
118390 29.6196
118400 29.6099
118410 29.617
118420 29.6278
118430 29.6303
118440 29.6361
118450 29.6394
118460 29.6086
118470 29.5437
118480 29.4836
118490 29.4457
118500 29.4251
118510 29.4217
118520 29.4246
118530 29.4137
118540 29.3882
118550 29.3559
118560 29.3172
118570 29.2847
118580 29.2672
118590 29.2651
118600 29.2836
118610 29.3206
118620 29.3676
118630 29.4069
118640 29.4332
118650 29.4531
118660 29.4656
118670 29.4786
118680 29.4909
118690 29.5011
118700 29.5158
118710 29.5377
118720 29.5587
118730 29.5741
118740 29.5804
118750 29.5884
118760 29.6099
118770 29.6283
118780 29.6287
118790 29.6073
118800 29.5743
118810 29.5356
118820 29.5034
118830 29.5014
118840 29.5283
118850 29.543
118860 29.5406
118870 29.5416
118880 29.5592
118890 29.5847
118900 29.6048
118910 29.6188
118920 29.6254
118930 29.6064
118940 29.5614
118950 29.504
118960 29.4629
118970 29.4516
118980 29.454
118990 29.4533
119000 29.4613
119010 29.4765
119020 29.4908
119030 29.511
119040 29.5346
119050 29.5583
119060 29.5887
119070 29.6136
119080 29.6203
119090 29.6181
119100 29.6276
119110 29.6513
119120 29.6651
119130 29.6576
119140 29.6406
119150 29.6196
119160 29.5864
119170 29.5549
119180 29.5331
119190 29.5278
119200 29.5474
119210 29.5736
119220 29.5803
119230 29.5741
119240 29.5577
119250 29.538
119260 29.546
119270 29.5782
119280 29.6053
119290 29.6196
119300 29.629
119310 29.621
119320 29.5941
119330 29.5663
119340 29.5422
119350 29.5235
119360 29.5201
119370 29.5417
119380 29.5689
119390 29.5797
119400 29.5848
119410 29.592
119420 29.5802
119430 29.5367
119440 29.4853
119450 29.4598
119460 29.4649
119470 29.4901
119480 29.5228
119490 29.5467
119500 29.5448
119510 29.5227
119520 29.4947
119530 29.4691
119540 29.4408
119550 29.4191
119560 29.4319
119570 29.467
119580 29.503
119590 29.5205
119600 29.5171
119610 29.5246
119620 29.5489
119630 29.5721
119640 29.5796
119650 29.5785
119660 29.5798
119670 29.5849
119680 29.5918
119690 29.5896
119700 29.5796
119710 29.5706
119720 29.577
119730 29.5844
119740 29.593
119750 29.6105
119760 29.6284
119770 29.6439
119780 29.6695
119790 29.7007
119800 29.7263
119810 29.7378
119820 29.743
119830 29.7419
119840 29.7369
119850 29.7469
119860 29.7638
119870 29.7725
119880 29.7888
119890 29.8244
119900 29.8368
119910 29.8078
119920 29.7624
119930 29.7273
119940 29.7099
119950 29.6956
119960 29.6861
119970 29.6864
119980 29.6869
119990 29.6768
120000 29.6534
120010 29.6157
120020 29.5673
120030 29.5142
120040 29.4841
120050 29.496
120060 29.5389
120070 29.5945
120080 29.6475
120090 29.6988
120100 29.7424
120110 29.7585
120120 29.7465
120130 29.722
120140 29.715
120150 29.7398
120160 29.7739
120170 29.7987
120180 29.8112
120190 29.8289
120200 29.8609
120210 29.8972
120220 29.9362
120230 29.9811
120240 30.021
120250 30.058
120260 30.0985
120270 30.1375
120280 30.1531
120290 30.157
120300 30.185
120310 30.2391
120320 30.2805
120330 30.2875
120340 30.2642
120350 30.2152
120360 30.138
120370 30.0514
120380 29.9992
120390 29.997
120400 30.0065
120410 30.0095
120420 30.0172
120430 30.0209
120440 29.991
120450 29.9414
120460 29.8968
120470 29.8595
120480 29.845
120490 29.8837
120500 29.9629
120510 30.0461
120520 30.1118
120530 30.1553
120540 30.1656
120550 30.1487
120560 30.1384
120570 30.1512
120580 30.1769
120590 30.2007
120600 30.2065
120610 30.1945
120620 30.1894
120630 30.1994
120640 30.2051
120650 30.2007
120660 30.19
120670 30.1592
120680 30.0988
120690 30.0418
120700 30.0216
120710 30.0193
120720 30.0304
120730 30.0532
120740 30.0521
120750 30.0142
120760 29.9614
120770 29.9126
120780 29.8725
120790 29.864
120800 29.8931
120810 29.9247
120820 29.9356
120830 29.9299
120840 29.9158
120850 29.9019
120860 29.8973
120870 29.9101
120880 29.9386
120890 29.9619
120900 29.9719
120910 29.9837
120920 29.98
120930 29.9635
120940 29.9548
120950 29.9593
120960 29.9784
120970 30.0019
120980 30.0191
120990 30.02
121000 30.0204
121010 30.0347
121020 30.0543
121030 30.0791
121040 30.0969
121050 30.0919
121060 30.069
121070 30.0343
121080 29.9837
121090 29.9282
121100 29.8949
121110 29.8711
121120 29.8471
121130 29.8452
121140 29.8559
121150 29.8668
121160 29.8901
121170 29.9216
121180 29.9421
121190 29.9447
121200 29.9419
121210 29.9508
121220 29.9566
121230 29.9615
121240 29.972
121250 29.9689
121260 29.9387
121270 29.8748
121280 29.8063
121290 29.7767
121300 29.81
121310 29.8876
121320 29.9765
121330 30.0374
121340 30.041
121350 30.01
121360 29.9933
121370 30.0035
121380 30.0305
121390 30.077
121400 30.143
121410 30.1957
121420 30.2129
121430 30.2057
121440 30.1769
121450 30.1214
121460 30.0525
121470 30.0083
121480 30.0025
121490 30.0164
121500 30.0392
121510 30.0618
121520 30.0647
121530 30.0538
121540 30.0514
121550 30.0502
121560 30.0322
121570 30.011
121580 30.0069
121590 30.0131
121600 30.0202
121610 30.0204
121620 30.0245
121630 30.0292
121640 30.0358
121650 30.0552
121660 30.0766
121670 30.0771
121680 30.0633
121690 30.0491
121700 30.0452
121710 30.0453
121720 30.045
121730 30.0589
121740 30.0942
121750 30.135
121760 30.1669
121770 30.1955
121780 30.2231
121790 30.2451
121800 30.2628
121810 30.2789
121820 30.2677
121830 30.2194
121840 30.1636
121850 30.123
121860 30.0947
121870 30.0783
121880 30.0698
121890 30.0643
121900 30.0619
121910 30.0641
121920 30.0714
121930 30.1003
121940 30.1419
121950 30.1783
121960 30.2099
121970 30.231
121980 30.2371
121990 30.2604
122000 30.313
122010 30.3613
122020 30.3889
122030 30.4221
122040 30.4633
122050 30.4778
122060 30.4711
122070 30.4549
122080 30.4328
122090 30.4251
122100 30.4308
122110 30.4245
122120 30.4023
122130 30.385
122140 30.3799
122150 30.37
122160 30.3656
122170 30.3655
122180 30.3723
122190 30.3804
122200 30.369
122210 30.3287
122220 30.2698
122230 30.2145
122240 30.1888
122250 30.2062
122260 30.2482
122270 30.2958
122280 30.3364
122290 30.35
122300 30.3433
122310 30.3361
122320 30.3339
122330 30.3256
122340 30.3069
122350 30.2931
122360 30.2929
122370 30.2828
122380 30.2808
122390 30.3111
122400 30.3596
122410 30.3969
122420 30.4276
122430 30.4454
122440 30.4347
122450 30.4032
122460 30.3836
122470 30.384
122480 30.3738
122490 30.3499
122500 30.307
122510 30.2439
122520 30.1773
122530 30.1261
122540 30.0868
122550 30.055
122560 30.0284
122570 29.9931
122580 29.942
122590 29.8971
122600 29.8679
122610 29.8459
122620 29.8347
122630 29.8514
122640 29.8876
122650 29.9195
122660 29.9281
122670 29.9148
122680 29.8953
122690 29.882
122700 29.8728
122710 29.8593
122720 29.8527
122730 29.8803
122740 29.9231
122750 29.9407
122760 29.9364
122770 29.9184
122780 29.8954
122790 29.8769
122800 29.8852
122810 29.91
122820 29.9204
122830 29.915
122840 29.9176
122850 29.9335
122860 29.9461
122870 29.9394
122880 29.9296
122890 29.9425
122900 29.9785
122910 30.0135
122920 30.0403
122930 30.0792
122940 30.119
122950 30.127
122960 30.1236
122970 30.1398
122980 30.1554
122990 30.1442
123000 30.129
123010 30.1143
123020 30.0791
123030 30.034
123040 30.0121
123050 30.0123
123060 29.997
123070 29.9634
123080 29.9318
123090 29.9166
123100 29.9173
123110 29.9144
123120 29.8894
123130 29.8541
123140 29.8299
123150 29.8127
123160 29.7864
123170 29.7643
123180 29.7573
123190 29.7563
123200 29.772
123210 29.8218
123220 29.8739
123230 29.8979
123240 29.905
123250 29.9207
123260 29.9417
123270 29.9576
123280 29.9716
123290 29.9726
123300 29.9544
123310 29.9371
123320 29.9215
123330 29.8962
123340 29.8679
123350 29.8473
123360 29.8451
123370 29.8599
123380 29.8769
123390 29.8927
123400 29.9039
123410 29.8846
123420 29.845
123430 29.8169
123440 29.8106
123450 29.8205
123460 29.837
123470 29.8528
123480 29.8637
123490 29.8656
123500 29.8459
123510 29.8321
123520 29.8443
123530 29.8429
123540 29.82
123550 29.7985
123560 29.7848
123570 29.7894
123580 29.8212
123590 29.8729
123600 29.9242
123610 29.9561
123620 29.9521
123630 29.9224
123640 29.8967
123650 29.8808
123660 29.8527
123670 29.7917
123680 29.7213
123690 29.6759
123700 29.6538
123710 29.6559
123720 29.6866
123730 29.7262
123740 29.7611
123750 29.7964
123760 29.8263
123770 29.8412
123780 29.8456
123790 29.8384
123800 29.812
123810 29.7843
123820 29.7794
123830 29.7877
123840 29.8041
123850 29.8368
123860 29.8793
123870 29.9235
123880 29.9481
123890 29.9459
123900 29.9098
123910 29.8394
123920 29.7791
123930 29.7611
123940 29.7839
123950 29.8274
123960 29.8577
123970 29.8659
123980 29.8574
123990 29.8349
124000 29.804
124010 29.7807
124020 29.771
124030 29.7797
124040 29.8155
124050 29.8524
124060 29.8808
124070 29.9181
124080 29.9685
124090 29.9961
124100 29.9968
124110 30.0063
124120 30.0143
124130 30.0009
124140 29.9866
124150 29.9883
124160 29.9926
124170 29.9954
124180 30.0008
124190 30.0112
124200 30.0364
124210 30.0681
124220 30.0957
124230 30.1259
124240 30.1616
124250 30.1905
124260 30.189
124270 30.1567
124280 30.1149
124290 30.0876
124300 30.0965
124310 30.1445
124320 30.2047
124330 30.2499
124340 30.2669
124350 30.2581
124360 30.2419
124370 30.2339
124380 30.2432
124390 30.2636
124400 30.296
124410 30.3185
124420 30.3046
124430 30.2694
124440 30.2433
124450 30.231
124460 30.2273
124470 30.2249
124480 30.2148
124490 30.2101
124500 30.2041
124510 30.1977
124520 30.1917
124530 30.1823
124540 30.1699
124550 30.1751
124560 30.1956
124570 30.2026
124580 30.1866
124590 30.1583
124600 30.1204
124610 30.0797
124620 30.0652
124630 30.0831
124640 30.1005
124650 30.0922
124660 30.0695
124670 30.0491
124680 30.0224
124690 29.999
124700 29.9988
124710 30.0195
124720 30.0516
124730 30.0825
124740 30.103
124750 30.112
124760 30.1212
124770 30.1372
124780 30.1581
124790 30.1767
124800 30.1834
124810 30.1888
124820 30.1983
124830 30.1889
124840 30.1537
124850 30.1148
124860 30.0919
124870 30.0873
124880 30.1008
124890 30.1174
124900 30.1382
124910 30.1711
124920 30.2032
124930 30.2214
124940 30.2258
124950 30.2201
124960 30.2089
124970 30.2094
124980 30.2401
124990 30.3015
125000 30.3776
125010 30.4428
125020 30.4709
125030 30.4591
125040 30.4146
125050 30.3545
125060 30.3079
125070 30.3027
125080 30.344
125090 30.4189
125100 30.496
125110 30.5456
125120 30.552
125130 30.5273
125140 30.4892
125150 30.4521
125160 30.4374
125170 30.4587
125180 30.516
125190 30.6039
125200 30.6876
125210 30.7375
125220 30.7583
125230 30.7687
125240 30.756
125250 30.7234
125260 30.7004
125270 30.6971
125280 30.7051
125290 30.7036
125300 30.69
125310 30.6547
125320 30.6222
125330 30.6179
125340 30.6196
125350 30.5992
125360 30.5645
125370 30.5456
125380 30.5574
125390 30.5919
125400 30.6236
125410 30.6511
125420 30.6845
125430 30.7221
125440 30.7616
125450 30.8151
125460 30.8892
125470 30.9694
125480 31.0212
125490 31.0441
125500 31.0555
125510 31.0548
125520 31.0428
125530 31.0361
125540 31.0541
125550 31.0873
125560 31.1141
125570 31.1214
125580 31.1245
125590 31.1323
125600 31.1467
125610 31.167
125620 31.1776
125630 31.1655
125640 31.1564
125650 31.1566
125660 31.1443
125670 31.1136
125680 31.0948
125690 31.0922
125700 31.0956
125710 31.0991
125720 31.0918
125730 31.0785
125740 31.0689
125750 31.0527
125760 31.0176
125770 30.972
125780 30.9357
125790 30.9283
125800 30.9413
125810 30.9606
125820 30.981
125830 30.9918
125840 30.9757
125850 30.9543
125860 30.9528
125870 30.9698
125880 30.9893
125890 30.9956
125900 30.9805
125910 30.9598
125920 30.9601
125930 30.9735
125940 30.996
125950 31.0294
125960 31.0649
125970 31.0788
125980 31.0662
125990 31.0449
126000 31.0272
126010 31.018
126020 31.0141
126030 31.0086
126040 30.9954
126050 31.0007
126060 31.0304
126070 31.0564
126080 31.081
126090 31.1298
126100 31.1753
126110 31.1968
126120 31.2115
126130 31.2121
126140 31.1991
126150 31.2034
126160 31.2062
126170 31.1883
126180 31.1821
126190 31.1761
126200 31.1388
126210 31.1054
126220 31.1051
126230 31.1154
126240 31.1353
126250 31.1787
126260 31.2238
126270 31.2668
126280 31.3247
126290 31.3932
126300 31.456
126310 31.4813
126320 31.4506
126330 31.3987
126340 31.3671
126350 31.3468
126360 31.3373
126370 31.3496
126380 31.3637
126390 31.3745
126400 31.3959
126410 31.4295
126420 31.4635
126430 31.4648
126440 31.4192
126450 31.3518
126460 31.2943
126470 31.2486
126480 31.2044
126490 31.1672
126500 31.1645
126510 31.1967
126520 31.2547
126530 31.3122
126540 31.3435
126550 31.3464
126560 31.327
126570 31.3011
126580 31.3067
126590 31.3568
126600 31.4173
126610 31.467
126620 31.5011
126630 31.5083
126640 31.4973
126650 31.4746
126660 31.4425
126670 31.4272
126680 31.4417
126690 31.4884
126700 31.5385
126710 31.567
126720 31.5639
126730 31.5351
126740 31.4935
126750 31.4522
126760 31.4182
126770 31.3853
126780 31.3479
126790 31.3331
126800 31.3738
126810 31.4461
126820 31.4971
126830 31.5075
126840 31.5018
126850 31.4955
126860 31.4847
126870 31.473
126880 31.471
126890 31.4713
126900 31.4675
126910 31.4805
126920 31.5265
126930 31.5925
126940 31.6482
126950 31.6698
126960 31.6536
126970 31.6039
126980 31.5351
126990 31.4628
127000 31.4032
127010 31.3589
127020 31.3364
127030 31.3424
127040 31.3722
127050 31.3918
127060 31.3902
127070 31.3805
127080 31.3629
127090 31.3293
127100 31.2984
127110 31.277
127120 31.2629
127130 31.2689
127140 31.2894
127150 31.2945
127160 31.2891
127170 31.3111
127180 31.359
127190 31.3785
127200 31.3576
127210 31.3319
127220 31.3016
127230 31.2673
127240 31.2619
127250 31.2955
127260 31.3376
127270 31.3594
127280 31.3696
127290 31.381
127300 31.3848
127310 31.3921
127320 31.4152
127330 31.4416
127340 31.471
127350 31.5123
127360 31.5423
127370 31.5422
127380 31.5272
127390 31.5213
127400 31.535
127410 31.559
127420 31.5755
127430 31.5883
127440 31.5989
127450 31.6111
127460 31.607
127470 31.5885
127480 31.5823
127490 31.605
127500 31.6464
127510 31.6914
127520 31.7187
127530 31.7317
127540 31.7434
127550 31.7507
127560 31.7455
127570 31.7361
127580 31.73
127590 31.7246
127600 31.726
127610 31.7414
127620 31.7501
127630 31.718
127640 31.6586
127650 31.6185
127660 31.6018
127670 31.5843
127680 31.5606
127690 31.5356
127700 31.5104
127710 31.4849
127720 31.4839
127730 31.5079
127740 31.5343
127750 31.5629
127760 31.5758
127770 31.565
127780 31.542
127790 31.5242
127800 31.53
127810 31.5686
127820 31.6284
127830 31.669
127840 31.6753
127850 31.6646
127860 31.6572
127870 31.6657
127880 31.6836
127890 31.7092
127900 31.7218
127910 31.6893
127920 31.6212
127930 31.5373
127940 31.4669
127950 31.4306
127960 31.4357
127970 31.4872
127980 31.5765
127990 31.6553
128000 31.6886
128010 31.6829
128020 31.647
128030 31.5995
128040 31.5696
128050 31.5702
128060 31.5806
128070 31.5951
128080 31.6218
128090 31.6366
128100 31.635
128110 31.6359
128120 31.6423
128130 31.6615
128140 31.7038
128150 31.7577
128160 31.8007
128170 31.8025
128180 31.7804
128190 31.7652
128200 31.7533
128210 31.7472
128220 31.76
128230 31.7697
128240 31.7597
128250 31.7397
128260 31.712
128270 31.6823
128280 31.6598
128290 31.6563
128300 31.6545
128310 31.6308
128320 31.6014
128330 31.5855
128340 31.5762
128350 31.5756
128360 31.5947
128370 31.6113
128380 31.6171
128390 31.6314
128400 31.643
128410 31.62
128420 31.5708
128430 31.5255
128440 31.5007
128450 31.5056
128460 31.5317
128470 31.5478
128480 31.5414
128490 31.5286
128500 31.5113
128510 31.4939
128520 31.502
128530 31.529
128540 31.5565
128550 31.5863
128560 31.6115
128570 31.6221
128580 31.6405
128590 31.6768
128600 31.719
128610 31.7469
128620 31.7681
128630 31.7882
128640 31.7946
128650 31.7724
128660 31.7432
128670 31.7314
128680 31.7407
128690 31.7753
128700 31.8228
128710 31.8672
128720 31.9077
128730 31.9433
128740 31.9648
128750 31.9664
128760 31.9784
128770 32.0204
128780 32.0693
128790 32.1032
128800 32.1282
128810 32.134
128820 32.1004
128830 32.0385
128840 31.9835
128850 31.9505
128860 31.9379
128870 31.9425
128880 31.9688
128890 32.015
128900 32.0535
128910 32.0564
128920 32.0177
128930 31.9707
128940 31.932
128950 31.9056
128960 31.9128
128970 31.9341
128980 31.935
128990 31.92
129000 31.9068
129010 31.9026
129020 31.9008
129030 31.8797
129040 31.848
129050 31.8338
129060 31.8466
129070 31.872
129080 31.8953
129090 31.8998
129100 31.8821
129110 31.846
129120 31.8012
129130 31.7814
129140 31.8101
129150 31.8766
129160 31.9573
129170 32.0071
129180 32.003
129190 31.9625
129200 31.9094
129210 31.8671
129220 31.8487
129230 31.8485
129240 31.8674
129250 31.9257
129260 32.0144
129270 32.1025
129280 32.1683
129290 32.2035
129300 32.1981
129310 32.1648
129320 32.1182
129330 32.0684
129340 32.0405
129350 32.0327
129360 32.0268
129370 32.0224
129380 32.0273
129390 32.0091
129400 31.9465
129410 31.8783
129420 31.8297
129430 31.7828
129440 31.7434
129450 31.7391
129460 31.7591
129470 31.7796
129480 31.8069
129490 31.8266
129500 31.8336
129510 31.8438
129520 31.8613
129530 31.8777
129540 31.8892
129550 31.896
129560 31.9046
129570 31.923
129580 31.9521
129590 31.9953
129600 32.0525
129610 32.1189
129620 32.1804
129630 32.2329
129640 32.2827
129650 32.3342
129660 32.3831
129670 32.4212
129680 32.4281
129690 32.4013
129700 32.3777
129710 32.3801
129720 32.3711
129730 32.3279
129740 32.2749
129750 32.2232
129760 32.1809
129770 32.1455
129780 32.1232
129790 32.1235
129800 32.1415
129810 32.1581
129820 32.153
129830 32.1428
129840 32.1298
129850 32.096
129860 32.0536
129870 32.0195
129880 32.0098
129890 32.0393
129900 32.085
129910 32.1195
129920 32.1446
129930 32.1587
129940 32.1452
129950 32.1121
129960 32.0938
129970 32.1156
129980 32.1662
129990 32.222
130000 32.2945
130010 32.3835
130020 32.457
130030 32.4853
130040 32.4918
130050 32.5004
130060 32.494
130070 32.4581
130080 32.4212
130090 32.398
130100 32.3864
130110 32.4041
130120 32.4393
130130 32.4697
130140 32.4988
130150 32.5189
130160 32.5071
130170 32.4909
130180 32.4822
130190 32.4695
130200 32.4628
130210 32.4847
130220 32.4978
130230 32.4796
130240 32.4556
130250 32.4274
130260 32.3855
130270 32.3611
130280 32.383
130290 32.4326
130300 32.4845
130310 32.5272
130320 32.5517
130330 32.5566
130340 32.5541
130350 32.5458
130360 32.5298
130370 32.5201
130380 32.5293
130390 32.5423
130400 32.5453
130410 32.5508
130420 32.5738
130430 32.6209
130440 32.6668
130450 32.6953
130460 32.7161
130470 32.7274
130480 32.7142
130490 32.684
130500 32.6437
130510 32.5841
130520 32.5175
130530 32.4683
130540 32.4399
130550 32.4313
130560 32.4401
130570 32.4502
130580 32.4522
130590 32.4713
130600 32.5076
130610 32.5328
130620 32.5527
130630 32.5822
130640 32.6207
130650 32.666
130660 32.738
130670 32.8274
130680 32.8887
130690 32.9121
130700 32.926
130710 32.9392
130720 32.9466
130730 32.9502
130740 32.9242
130750 32.879
130760 32.8472
130770 32.8161
130780 32.7784
130790 32.7469
130800 32.7305
130810 32.7319
130820 32.7292
130830 32.6941
130840 32.6454
130850 32.6205
130860 32.6189
130870 32.6276
130880 32.6467
130890 32.6713
130900 32.6845
130910 32.6893
130920 32.7007
130930 32.7276
130940 32.7717
130950 32.8289
130960 32.8872
130970 32.924
130980 32.9375
130990 32.9359
131000 32.9213
131010 32.9202
131020 32.942
131030 32.9818
131040 33.0117
131050 33.0223
131060 33.0443
131070 33.0778
131080 33.099
131090 33.0997
131100 33.0837
131110 33.0655
131120 33.0569
131130 33.0539
131140 33.0525
131150 33.0496
131160 33.0294
131170 32.9967
131180 33.004
131190 33.0535
131200 33.1026
131210 33.1325
131220 33.1503
131230 33.1473
131240 33.1206
131250 33.0921
131260 33.0692
131270 33.0521
131280 33.0358
131290 33.0131
131300 32.9825
131310 32.9642
131320 32.9588
131330 32.9594
131340 32.9576
131350 32.9456
131360 32.9449
131370 32.9658
131380 32.9803
131390 32.9765
131400 32.9828
131410 32.9821
131420 32.9452
131430 32.9019
131440 32.9103
131450 32.9753
131460 33.0567
131470 33.1165
131480 33.1633
131490 33.2057
131500 33.2331
131510 33.2478
131520 33.2666
131530 33.293
131540 33.3198
131550 33.3307
131560 33.3279
131570 33.3445
131580 33.3713
131590 33.3715
131600 33.3491
131610 33.3297
131620 33.3324
131630 33.3401
131640 33.335
131650 33.3261
131660 33.3159
131670 33.2987
131680 33.2761
131690 33.2423
131700 33.2018
131710 33.1665
131720 33.1518
131730 33.1685
131740 33.2054
131750 33.2353
131760 33.2282
131770 33.1854
131780 33.1384
131790 33.1068
131800 33.0831
131810 33.0615
131820 33.0519
131830 33.0544
131840 33.0625
131850 33.0843
131860 33.1049
131870 33.0968
131880 33.0707
131890 33.0546
131900 33.051
131910 33.041
131920 33.0236
131930 33.0149
131940 33.0243
131950 33.028
131960 32.991
131970 32.9279
131980 32.8693
131990 32.8189
132000 32.7919
132010 32.7967
132020 32.8214
132030 32.8388
132040 32.8328
132050 32.8069
132060 32.7616
132070 32.707
132080 32.6555
132090 32.6233
132100 32.6327
132110 32.6716
132120 32.7146
132130 32.7541
132140 32.7871
132150 32.7951
132160 32.7618
132170 32.7133
132180 32.6873
132190 32.6724
132200 32.6588
132210 32.6523
132220 32.6511
132230 32.6416
132240 32.6246
132250 32.609
132260 32.5926
132270 32.5797
132280 32.5756
132290 32.5827
132300 32.6021
132310 32.6403
132320 32.6806
132330 32.6965
132340 32.691
132350 32.6788
132360 32.6536
132370 32.6284
132380 32.6181
132390 32.6078
132400 32.585
132410 32.5648
132420 32.5528
132430 32.5283
132440 32.4816
132450 32.4316
132460 32.3971
132470 32.3703
132480 32.3553
132490 32.3205
132500 32.2675
132510 32.2365
132520 32.2495
132530 32.285
132540 32.3039
132550 32.2862
132560 32.2453
132570 32.2082
132580 32.2004
132590 32.218
132600 32.2511
132610 32.2847
132620 32.3014
132630 32.3029
132640 32.2909
132650 32.2609
132660 32.2369
132670 32.236
132680 32.2575
132690 32.2901
132700 32.3276
132710 32.3711
132720 32.4141
132730 32.4617
132740 32.4927
132750 32.4659
132760 32.4062
132770 32.356
132780 32.3234
132790 32.3172
132800 32.344
132810 32.3773
132820 32.3934
132830 32.3833
132840 32.3488
132850 32.3073
132860 32.2793
132870 32.258
132880 32.2452
132890 32.2583
132900 32.2861
132910 32.2966
132920 32.3034
132930 32.3258
132940 32.3381
132950 32.3197
132960 32.2908
132970 32.2729
132980 32.2621
132990 32.2631
133000 32.2693
133010 32.2828
133020 32.3028
133030 32.3129
133040 32.3078
133050 32.3043
133060 32.3238
133070 32.3724
133080 32.4371
133090 32.491
133100 32.5293
133110 32.5553
133120 32.5582
133130 32.5431
133140 32.534
133150 32.5372
133160 32.5459
133170 32.5621
133180 32.5803
133190 32.597
133200 32.6077
133210 32.5974
133220 32.5705
133230 32.5362
133240 32.5158
133250 32.5086
133260 32.4874
133270 32.4551
133280 32.4171
133290 32.3747
133300 32.3376
133310 32.3192
133320 32.3235
133330 32.3343
133340 32.3392
133350 32.3293
133360 32.2976
133370 32.2586
133380 32.2266
133390 32.1953
133400 32.1686
133410 32.165
133420 32.2005
133430 32.2678
133440 32.3325
133450 32.3623
133460 32.3413
133470 32.2909
133480 32.2577
133490 32.2482
133500 32.2486
133510 32.2654
133520 32.3043
133530 32.3512
133540 32.3954
133550 32.4262
133560 32.4357
133570 32.4256
133580 32.4049
133590 32.3906
133600 32.4024
133610 32.4172
133620 32.4307
133630 32.4649
133640 32.5215
133650 32.5759
133660 32.6089
133670 32.618
133680 32.6186
133690 32.6301
133700 32.6593
133710 32.6941
133720 32.7128
133730 32.7273
133740 32.7405
133750 32.7351
133760 32.7154
133770 32.7001
133780 32.6713
133790 32.6149
133800 32.5732
133810 32.5682
133820 32.5793
133830 32.5961
133840 32.6294
133850 32.6609
133860 32.6714
133870 32.6706
133880 32.6709
133890 32.6722
133900 32.6671
133910 32.66
133920 32.661
133930 32.6785
133940 32.713
133950 32.7658
133960 32.8221
133970 32.8745
133980 32.9228
133990 32.9487
134000 32.9476
134010 32.9281
134020 32.8891
134030 32.8453
134040 32.8221
134050 32.8256
134060 32.8364
134070 32.834
134080 32.8191
134090 32.7925
134100 32.762
134110 32.7381
134120 32.7268
134130 32.7248
134140 32.7285
134150 32.7459
134160 32.7618
134170 32.7591
134180 32.7542
134190 32.7475
134200 32.7281
134210 32.6964
134220 32.6776
134230 32.702
134240 32.7584
134250 32.812
134260 32.8437
134270 32.8343
134280 32.8041
134290 32.7754
134300 32.7564
134310 32.752
134320 32.7717
134330 32.8096
134340 32.8452
134350 32.8612
134360 32.8611
134370 32.8492
134380 32.8225
134390 32.7894
134400 32.7574
134410 32.7211
134420 32.6789
134430 32.6501
134440 32.6507
134450 32.6877
134460 32.7462
134470 32.7932
134480 32.8241
134490 32.8438
134500 32.8627
134510 32.8963
134520 32.9387
134530 32.9802
134540 33.008
134550 33.0204
134560 33.0287
134570 33.0478
134580 33.0699
134590 33.0788
134600 33.0803
134610 33.0985
134620 33.1458
134630 33.1853
134640 33.1992
134650 33.1964
134660 33.1775
134670 33.1418
134680 33.1028
134690 33.0771
134700 33.078
134710 33.1058
134720 33.1354
134730 33.1543
134740 33.1685
134750 33.1668
134760 33.1409
134770 33.1111
134780 33.0936
134790 33.1105
134800 33.1656
134810 33.2195
134820 33.2524
134830 33.2745
134840 33.2801
134850 33.2649
134860 33.2446
134870 33.2137
134880 33.1612
134890 33.1086
134900 33.0826
134910 33.067
134920 33.0546
134930 33.0582
134940 33.0802
134950 33.1078
134960 33.1271
134970 33.1338
134980 33.1175
134990 33.0629
135000 32.9777
135010 32.8877
135020 32.8026
135030 32.7179
135040 32.6539
135050 32.6241
135060 32.6092
135070 32.5952
135080 32.5762
135090 32.5565
135100 32.5334
135110 32.4961
135120 32.461
135130 32.455
135140 32.4877
135150 32.5374
135160 32.5827
135170 32.6211
135180 32.6591
135190 32.6844
135200 32.673
135210 32.6351
135220 32.6091
135230 32.5885
135240 32.556
135250 32.5326
135260 32.5317
135270 32.5437
135280 32.5531
135290 32.5341
135300 32.5105
135310 32.5153
135320 32.5446
135330 32.5836
135340 32.6328
135350 32.6863
135360 32.7228
135370 32.7213
135380 32.6802
135390 32.631
135400 32.59
135410 32.5663
135420 32.5671
135430 32.568
135440 32.5562
135450 32.541
135460 32.5394
135470 32.5475
135480 32.5498
135490 32.5462
135500 32.5492
135510 32.5478
135520 32.525
135530 32.4921
135540 32.4641
135550 32.444
135560 32.4473
135570 32.4885
135580 32.5453
135590 32.6064
135600 32.6608
135610 32.686
135620 32.6948
135630 32.6997
135640 32.6858
135650 32.6622
135660 32.6583
135670 32.6989
135680 32.7712
135690 32.8563
135700 32.9191
135710 32.9225
135720 32.8779
135730 32.8371
135740 32.8126
135750 32.801
135760 32.8239
135770 32.8721
135780 32.9014
135790 32.9062
135800 32.914
135810 32.9171
135820 32.8979
135830 32.8579
135840 32.8331
135850 32.8321
135860 32.8224
135870 32.8076
135880 32.8081
135890 32.7999
135900 32.7464
135910 32.6686
135920 32.6084
135930 32.5685
135940 32.5364
135950 32.5361
135960 32.571
135970 32.6166
135980 32.6653
135990 32.7236
136000 32.7736
136010 32.8124
136020 32.8705
136030 32.9412
136040 32.9917
136050 33.0209
136060 33.034
136070 33.0355
136080 33.0442
136090 33.0857
136100 33.1339
136110 33.1527
136120 33.1562
136130 33.1565
136140 33.1446
136150 33.1208
136160 33.1013
136170 33.0907
136180 33.0783
136190 33.0668
136200 33.0612
136210 33.0514
136220 33.0301
136230 33.0093
136240 33.0134
136250 33.0267
136260 33.0149
136270 32.9789
136280 32.9418
136290 32.9048
136300 32.8706
136310 32.8438
136320 32.8232
136330 32.8183
136340 32.8259
136350 32.8359
136360 32.8561
136370 32.8882
136380 32.9137
136390 32.9272
136400 32.9466
136410 32.9666
136420 32.9754
136430 32.9856
136440 33.0053
136450 33.0202
136460 33.0183
136470 33.0027
136480 32.9877
136490 32.9752
136500 32.959
136510 32.9363
136520 32.9169
136530 32.9057
136540 32.8948
136550 32.8752
136560 32.8522
136570 32.833
136580 32.8164
136590 32.7941
136600 32.7823
136610 32.7818
136620 32.7829
136630 32.7858
136640 32.7789
136650 32.7517
136660 32.7313
136670 32.7325
136680 32.745
136690 32.7571
136700 32.7618
136710 32.7592
136720 32.7549
136730 32.7607
136740 32.7776
136750 32.7964
136760 32.8194
136770 32.8463
136780 32.8737
136790 32.898
136800 32.9238
136810 32.9492
136820 32.9696
136830 33.0028
136840 33.0506
136850 33.0962
136860 33.1302
136870 33.1552
136880 33.1637
136890 33.161
136900 33.1678
136910 33.1877
136920 33.2029
136930 33.2064
136940 33.2195
136950 33.2522
136960 33.2826
136970 33.29
136980 33.2834
136990 33.2756
137000 33.2626
137010 33.2263
137020 33.1601
137030 33.0891
137040 33.0467
137050 33.0454
137060 33.0676
137070 33.111
137080 33.1623
137090 33.1889
137100 33.1911
137110 33.1759
137120 33.1363
137130 33.0916
137140 33.055
137150 33.0325
137160 33.0517
137170 33.1182
137180 33.1801
137190 33.1983
137200 33.1825
137210 33.1458
137220 33.108
137230 33.102
137240 33.1086
137250 33.109
137260 33.1179
137270 33.1437
137280 33.1679
137290 33.1875
137300 33.2088
137310 33.2149
137320 33.1974
137330 33.189
137340 33.2111
137350 33.2468
137360 33.2822
137370 33.319
137380 33.3439
137390 33.3598
137400 33.3691
137410 33.3723
137420 33.3576
137430 33.3345
137440 33.3224
137450 33.3307
137460 33.3642
137470 33.4001
137480 33.3978
137490 33.3779
137500 33.3767
137510 33.3719
137520 33.3428
137530 33.3164
137540 33.3242
137550 33.3308
137560 33.3032
137570 33.267
137580 33.2346
137590 33.202
137600 33.1858
137610 33.187
137620 33.1885
137630 33.1782
137640 33.1433
137650 33.0762
137660 32.9901
137670 32.9158
137680 32.8694
137690 32.8639
137700 32.9024
137710 32.9627
137720 33.0291
137730 33.0892
137740 33.1057
137750 33.0479
137760 32.9656
137770 32.9348
137780 32.9634
137790 33.0001
137800 33.0008
137810 32.9761
137820 32.9482
137830 32.9446
137840 32.9705
137850 33.0016
137860 33.0337
137870 33.0864
137880 33.1634
137890 33.2577
137900 33.3498
137910 33.417
137920 33.4463
137930 33.4389
137940 33.4035
137950 33.362
137960 33.3625
137970 33.4192
137980 33.5012
137990 33.5596
138000 33.5845
138010 33.5891
138020 33.564
138030 33.5136
138040 33.4552
138050 33.4151
138060 33.4046
138070 33.4131
138080 33.4187
138090 33.4269
138100 33.4455
138110 33.4465
138120 33.4225
138130 33.4048
138140 33.4009
138150 33.3938
138160 33.3873
138170 33.4017
138180 33.4379
138190 33.4799
138200 33.5089
138210 33.5261
138220 33.5345
138230 33.5344
138240 33.5233
138250 33.5215
138260 33.5465
138270 33.601
138280 33.6699
138290 33.7299
138300 33.7747
138310 33.8245
138320 33.8635
138330 33.8639
138340 33.8647
138350 33.8929
138360 33.9243
138370 33.9523
138380 33.9915
138390 34.0222
138400 34.0207
138410 33.9874
138420 33.9212
138430 33.8331
138440 33.7602
138450 33.7181
138460 33.6992
138470 33.7039
138480 33.7216
138490 33.7299
138500 33.7328
138510 33.7456
138520 33.7478
138530 33.7305
138540 33.7021
138550 33.6683
138560 33.6382
138570 33.628
138580 33.6316
138590 33.6337
138600 33.6314
138610 33.6238
138620 33.6236
138630 33.6462
138640 33.6883
138650 33.7306
138660 33.7456
138670 33.7306
138680 33.7113
138690 33.7008
138700 33.7106
138710 33.7488
138720 33.808
138730 33.869
138740 33.9355
138750 33.9903
138760 34.0187
138770 34.038
138780 34.0467
138790 34.0289
138800 33.9865
138810 33.9257
138820 33.8765
138830 33.8623
138840 33.8891
138850 33.9464
138860 34.0042
138870 34.0514
138880 34.0923
138890 34.1146
138900 34.1149
138910 34.1092
138920 34.1035
138930 34.0933
138940 34.069
138950 34.0261
138960 33.9798
138970 33.9342
138980 33.8922
138990 33.8754
139000 33.881
139010 33.8691
139020 33.835
139030 33.8092
139040 33.7961
139050 33.7619
139060 33.6953
139070 33.628
139080 33.5732
139090 33.5298
139100 33.5048
139110 33.5006
139120 33.509
139130 33.5331
139140 33.5595
139150 33.5611
139160 33.5408
139170 33.5177
139180 33.5062
139190 33.5106
139200 33.5234
139210 33.539
139220 33.5464
139230 33.5481
139240 33.56
139250 33.5967
139260 33.6454
139270 33.6785
139280 33.6834
139290 33.6538
139300 33.6222
139310 33.6303
139320 33.6696
139330 33.7167
139340 33.7496
139350 33.7816
139360 33.8084
139370 33.8263
139380 33.8403
139390 33.8529
139400 33.8635
139410 33.8725
139420 33.8739
139430 33.8705
139440 33.8535
139450 33.8251
139460 33.807
139470 33.7999
139480 33.7917
139490 33.7863
139500 33.7901
139510 33.7893
139520 33.7724
139530 33.7384
139540 33.7
139550 33.6715
139560 33.6764
139570 33.7181
139580 33.7612
139590 33.7961
139600 33.8251
139610 33.8454
139620 33.8575
139630 33.8725
139640 33.871
139650 33.833
139660 33.7861
139670 33.7547
139680 33.7431
139690 33.7618
139700 33.8006
139710 33.8354
139720 33.8521
139730 33.8553
139740 33.8539
139750 33.862
139760 33.8871
139770 33.9186
139780 33.9501
139790 33.985
139800 34.02
139810 34.0492
139820 34.0589
139830 34.0533
139840 34.0586
139850 34.0844
139860 34.1216
139870 34.1757
139880 34.2244
139890 34.2268
139900 34.194
139910 34.15
139920 34.1045
139930 34.0812
139940 34.0832
139950 34.1109
139960 34.1559
139970 34.1771
139980 34.1574
139990 34.1228
140000 34.0971
140010 34.0819
140020 34.0765
140030 34.084
140040 34.0855
140050 34.0869
140060 34.1066
140070 34.1238
140080 34.1196
140090 34.1159
140100 34.1317
140110 34.1729
140120 34.2205
140130 34.2587
140140 34.2965
140150 34.3087
140160 34.2559
140170 34.1733
140180 34.1197
140190 34.1022
140200 34.095
140210 34.0908
140220 34.0915
140230 34.0943
140240 34.1073
140250 34.1354
140260 34.1574
140270 34.1823
140280 34.2193
140290 34.2425
140300 34.2406
140310 34.2352
140320 34.2406
140330 34.2543
140340 34.2561
140350 34.2294
140360 34.1961
140370 34.1912
140380 34.2148
140390 34.2512
140400 34.2911
140410 34.3218
140420 34.3365
140430 34.3317
140440 34.3177
140450 34.3122
140460 34.2986
140470 34.26
140480 34.2353
140490 34.2495
140500 34.2695
140510 34.2832
140520 34.3134
140530 34.35
140540 34.3679
140550 34.3857
140560 34.426
140570 34.4745
140580 34.4997
140590 34.4929
140600 34.4685
140610 34.4587
140620 34.4698
140630 34.4753
140640 34.4653
140650 34.4616
140660 34.4722
140670 34.4704
140680 34.4572
140690 34.4559
140700 34.4601
140710 34.4505
140720 34.4344
140730 34.4215
140740 34.4013
140750 34.3741
140760 34.3452
140770 34.3067
140780 34.2715
140790 34.2585
140800 34.2537
140810 34.2592
140820 34.2917
140830 34.3192
140840 34.329
140850 34.3428
140860 34.3653
140870 34.3768
140880 34.3894
140890 34.4205
140900 34.4421
140910 34.4424
140920 34.4481
140930 34.4487
140940 34.4248
140950 34.4036
140960 34.4271
140970 34.4832
140980 34.5562
140990 34.6226
141000 34.6655
141010 34.6748
141020 34.6428
141030 34.5996
141040 34.5682
141050 34.5473
141060 34.5419
141070 34.5639
141080 34.5954
141090 34.6354
141100 34.6906
141110 34.7338
141120 34.7602
141130 34.7927
141140 34.8338
141150 34.8953
141160 34.9663
141170 35.0072
141180 35.0183
141190 35.0291
141200 35.0327
141210 35.0146
141220 34.987
141230 34.969
141240 34.9798
141250 35.0049
141260 35.0106
141270 34.9955
141280 34.9781
141290 34.9752
141300 34.9778
141310 34.9749
141320 34.9758
141330 34.9847
141340 34.9874
141350 34.9748
141360 34.9624
141370 34.9597
141380 34.9732
141390 35.0209
141400 35.0687
141410 35.0696
141420 35.0345
141430 34.9882
141440 34.9291
141450 34.8751
141460 34.8632
141470 34.8767
141480 34.8627
141490 34.8284
141500 34.8052
141510 34.7852
141520 34.7556
141530 34.7213
141540 34.691
141550 34.6761
141560 34.6838
141570 34.7101
141580 34.7392
141590 34.7593
141600 34.7546
141610 34.7177
141620 34.6673
141630 34.6406
141640 34.6602
141650 34.7042
141660 34.7337
141670 34.7465
141680 34.7471
141690 34.7252
141700 34.6872
141710 34.6547
141720 34.6364
141730 34.6285
141740 34.6442
141750 34.6962
141760 34.7537
141770 34.7795
141780 34.7545
141790 34.6945
141800 34.6421
141810 34.6278
141820 34.6522
141830 34.6859
141840 34.7097
141850 34.7111
141860 34.6724
141870 34.5948
141880 34.5271
141890 34.4856
141900 34.4551
141910 34.4296
141920 34.4163
141930 34.4293
141940 34.4641
141950 34.4882
141960 34.4849
141970 34.4734
141980 34.4722
141990 34.488
142000 34.524
142010 34.5775
142020 34.622
142030 34.6456
142040 34.655
142050 34.6461
142060 34.6178
142070 34.5919
142080 34.583
142090 34.5847
142100 34.5835
142110 34.5667
142120 34.5468
142130 34.5568
142140 34.5932
142150 34.6241
142160 34.6606
142170 34.6987
142180 34.7128
142190 34.7168
142200 34.7305
142210 34.7521
142220 34.7754
142230 34.8023
142240 34.836
142250 34.8509
142260 34.8163
142270 34.7602
142280 34.7298
142290 34.7277
142300 34.7085
142310 34.6547
142320 34.5935
142330 34.5522
142340 34.5308
142350 34.5358
142360 34.5838
142370 34.6649
142380 34.7424
142390 34.7708
142400 34.7451
142410 34.7092
142420 34.6992
142430 34.7086
142440 34.7238
142450 34.7368
142460 34.7401
142470 34.7419
142480 34.7446
142490 34.7331
142500 34.7113
142510 34.701
142520 34.6854
142530 34.6456
142540 34.6036
142550 34.5856
142560 34.5968
142570 34.6172
142580 34.6279
142590 34.6402
142600 34.6597
142610 34.6689
142620 34.6545
142630 34.6364
142640 34.6439
142650 34.6881
142660 34.7567
142670 34.82
142680 34.8632
142690 34.8793
142700 34.8665
142710 34.851
142720 34.8693
142730 34.9257
142740 35.0068
142750 35.0882
142760 35.1459
142770 35.1603
142780 35.1427
142790 35.1291
142800 35.1305
142810 35.1498
142820 35.1915
142830 35.2336
142840 35.2649
142850 35.2975
142860 35.3235
142870 35.3337
142880 35.3364
142890 35.3491
142900 35.3789
142910 35.4064
142920 35.4219
142930 35.4386
142940 35.448
142950 35.4508
142960 35.4551
142970 35.4653
142980 35.4762
142990 35.4775
143000 35.4741
143010 35.4679
143020 35.4651
143030 35.4664
143040 35.4571
143050 35.4128
143060 35.3473
143070 35.271
143080 35.1948
143090 35.1407
143100 35.0986
143110 35.0497
143120 35.004
143130 34.9827
143140 34.9749
143150 34.9593
143160 34.9588
143170 34.9861
143180 35.0363
143190 35.0951
143200 35.1486
143210 35.1792
143220 35.1995
143230 35.217
143240 35.213
143250 35.2047
143260 35.2264
143270 35.2567
143280 35.2717
143290 35.272
143300 35.2372
143310 35.1796
143320 35.1424
143330 35.1273
143340 35.1169
143350 35.1222
143360 35.1424
143370 35.161
143380 35.1656
143390 35.1676
143400 35.165
143410 35.1502
143420 35.1374
143430 35.1406
143440 35.1482
143450 35.1479
143460 35.1479
143470 35.1417
143480 35.1177
143490 35.0873
143500 35.0652
143510 35.0419
143520 35.0167
143530 35.0095
143540 34.9987
143550 34.9614
143560 34.9193
143570 34.9072
143580 34.936
143590 34.9829
143600 35.0241
143610 35.07
143620 35.1094
143630 35.1285
143640 35.1216
143650 35.0875
143660 35.0448
143670 35.0108
143680 34.9964
143690 35.0141
143700 35.0497
143710 35.0766
143720 35.0932
143730 35.0945
143740 35.0716
143750 35.0388
143760 35.0006
143770 34.9673
143780 34.9665
143790 34.9878
143800 34.9786
143810 34.9156
143820 34.8289
143830 34.754
143840 34.7158
143850 34.726
143860 34.7658
143870 34.8037
143880 34.828
143890 34.8317
143900 34.81
143910 34.7718
143920 34.7361
143930 34.7125
143940 34.7044
143950 34.7046
143960 34.6955
143970 34.6835
143980 34.6804
143990 34.7023
144000 34.7539
144010 34.8191
144020 34.8744
144030 34.917
144040 34.9592
144050 34.9898
144060 35.0079
144070 35.0256
144080 35.0405
144090 35.0599
144100 35.0803
144110 35.0747
144120 35.0217
144130 34.9466
144140 34.892
144150 34.8851
144160 34.9219
144170 34.9584
144180 34.9624
144190 34.941
144200 34.8994
144210 34.8452
144220 34.8026
144230 34.8003
144240 34.8297
144250 34.8647
144260 34.8955
144270 34.9152
144280 34.9292
144290 34.9394
144300 34.9497
144310 34.9801
144320 35.0294
144330 35.0753
144340 35.0992
144350 35.0802
144360 35.0224
144370 34.9628
144380 34.9341
144390 34.9408
144400 34.9545
144410 34.9477
144420 34.9112
144430 34.8623
144440 34.8028
144450 34.7368
144460 34.6888
144470 34.6781
144480 34.6888
144490 34.7047
144500 34.7424
144510 34.8101
144520 34.884
144530 34.945
144540 34.9947
144550 35.0431
144560 35.0827
144570 35.0815
144580 35.0469
144590 35.0248
144600 35.0267
144610 35.0416
144620 35.0715
144630 35.0953
144640 35.0914
144650 35.0679
144660 35.0409
144670 35.0215
144680 35.0107
144690 35.0037
144700 35.0055
144710 35.0114
144720 35.0199
144730 35.025
144740 35.0261
144750 35.0275
144760 35.0468
144770 35.0897
144780 35.1221
144790 35.1315
144800 35.1349
144810 35.1398
144820 35.138
144830 35.1389
144840 35.1616
144850 35.2054
144860 35.2483
144870 35.269
144880 35.259
144890 35.2257
144900 35.1802
144910 35.1123
144920 35.0476
144930 35.031
144940 35.0532
144950 35.0839
144960 35.1086
144970 35.13
144980 35.1498
144990 35.1476
145000 35.1115
145010 35.0624
145020 35.0364
145030 35.0458
145040 35.0647
145050 35.0843
145060 35.135
145070 35.2055
145080 35.2557
145090 35.2851
145100 35.3011
145110 35.3101
145120 35.3292
145130 35.3637
145140 35.4025
145150 35.4373
145160 35.4901
145170 35.5644
145180 35.6295
145190 35.6501
145200 35.6293
145210 35.5897
145220 35.5416
145230 35.4858
145240 35.4358
145250 35.4062
145260 35.4116
145270 35.4379
145280 35.4519
145290 35.4442
145300 35.4348
145310 35.4192
145320 35.3805
145330 35.3395
145340 35.3204
145350 35.3337
145360 35.3721
145370 35.4146
145380 35.4376
145390 35.4568
145400 35.492
145410 35.5359
145420 35.5918
145430 35.6486
145440 35.6833
145450 35.6892
145460 35.6827
145470 35.6782
145480 35.6814
145490 35.6828
145500 35.6779
145510 35.6602
145520 35.6286
145530 35.5987
145540 35.6039
145550 35.6577
145560 35.7397
145570 35.8133
145580 35.8706
145590 35.8965
145600 35.8946
145610 35.8921
145620 35.9082
145630 35.9268
145640 35.9322
145650 35.9281
145660 35.9278
145670 35.9278
145680 35.9338
145690 35.9558
145700 35.965
145710 35.9483
145720 35.9226
145730 35.8997
145740 35.8894
145750 35.8927
145760 35.9003
145770 35.9054
145780 35.8952
145790 35.8669
145800 35.829
145810 35.78
145820 35.7283
145830 35.6945
145840 35.7077
145850 35.7441
145860 35.7625
145870 35.7721
145880 35.7842
145890 35.783
145900 35.7519
145910 35.6866
145920 35.6216
145930 35.5854
145940 35.5677
145950 35.5617
145960 35.5899
145970 35.6512
145980 35.7098
145990 35.7362
146000 35.7272
146010 35.6996
146020 35.6794
146030 35.6956
146040 35.7503
146050 35.834
146060 35.9291
146070 36.0181
146080 36.0777
146090 36.0877
146100 36.0539
146110 35.9979
146120 35.9507
146130 35.9345
146140 35.9439
146150 35.9646
146160 35.9764
146170 35.9663
146180 35.9404
146190 35.9144
146200 35.9099
146210 35.9235
146220 35.9344
146230 35.9258
146240 35.9309
146250 35.9701
146260 36.0114
146270 36.0245
146280 36.0077
146290 35.9639
146300 35.8919
146310 35.8262
146320 35.7836
146330 35.7699
146340 35.8035
146350 35.8691
146360 35.9228
146370 35.9628
146380 35.9889
146390 35.9871
146400 35.9855
146410 36.0236
146420 36.0926
146430 36.1699
146440 36.2574
146450 36.3381
146460 36.371
146470 36.3481
146480 36.2995
146490 36.2491
146500 36.2223
146510 36.2335
146520 36.2815
146530 36.3626
146540 36.4431
146550 36.477
146560 36.4643
146570 36.4355
146580 36.4108
146590 36.3873
146600 36.3796
146610 36.3964
146620 36.409
146630 36.3989
146640 36.3835
146650 36.3812
146660 36.3921
146670 36.4243
146680 36.4658
146690 36.4787
146700 36.4497
146710 36.4086
146720 36.3795
146730 36.3626
146740 36.3465
146750 36.3304
146760 36.3252
146770 36.3365
146780 36.3508
146790 36.3405
146800 36.2985
146810 36.2582
146820 36.2522
146830 36.2713
146840 36.2976
146850 36.3248
146860 36.3389
146870 36.3334
146880 36.3173
146890 36.2916
146900 36.2677
146910 36.2695
146920 36.2947
146930 36.2975
146940 36.2784
146950 36.2927
146960 36.3353
146970 36.3646
146980 36.3824
146990 36.3963
147000 36.4006
147010 36.4121
147020 36.4347
147030 36.4447
147040 36.4361
147050 36.4264
147060 36.4245
147070 36.4114
147080 36.3941
147090 36.3904
147100 36.4035
147110 36.4354
147120 36.4907
147130 36.5488
147140 36.5772
147150 36.5696
147160 36.5474
147170 36.5345
147180 36.5262
147190 36.5169
147200 36.5156
147210 36.5064
147220 36.5017
147230 36.5125
147240 36.521
147250 36.5103
147260 36.5004
147270 36.5116
147280 36.5524
147290 36.6066
147300 36.6374
147310 36.6497
147320 36.6773
147330 36.6972
147340 36.6823
147350 36.6445
147360 36.6159
147370 36.6088
147380 36.6187
147390 36.6376
147400 36.6535
147410 36.6425
147420 36.5928
147430 36.5276
147440 36.4704
147450 36.4384
147460 36.4376
147470 36.4564
147480 36.4774
147490 36.5068
147500 36.5335
147510 36.5305
147520 36.5058
147530 36.5012
147540 36.5335
147550 36.5712
147560 36.5974
147570 36.6177
147580 36.6363
147590 36.6579
147600 36.6885
147610 36.7342
147620 36.7782
147630 36.7815
147640 36.7551
147650 36.7243
147660 36.6645
147670 36.5737
147680 36.5003
147690 36.4627
147700 36.4521
147710 36.4567
147720 36.476
147730 36.5113
147740 36.552
147750 36.5755
147760 36.5863
147770 36.5968
147780 36.5914
147790 36.5674
147800 36.5348
147810 36.4999
147820 36.4652
147830 36.4282
147840 36.38
147850 36.3136
147860 36.2722
147870 36.2811
147880 36.3128
147890 36.3366
147900 36.3436
147910 36.3526
147920 36.375
147930 36.4035
147940 36.4385
147950 36.4729
147960 36.497
147970 36.5029
147980 36.4775
147990 36.4264
148000 36.3677
148010 36.3304
148020 36.3291
148030 36.3557
148040 36.4029
148050 36.4525
148060 36.4828
148070 36.4962
148080 36.5152
148090 36.535
148100 36.5349
148110 36.5327
148120 36.5424
148130 36.5585
148140 36.5869
148150 36.6309
148160 36.6753
148170 36.6919
148180 36.6936
148190 36.7069
148200 36.7296
148210 36.7464
148220 36.7345
148230 36.6842
148240 36.6352
148250 36.6075
148260 36.581
148270 36.5547
148280 36.5508
148290 36.5565
148300 36.5647
148310 36.5934
148320 36.6142
148330 36.5918
148340 36.5641
148350 36.5468
148360 36.5259
148370 36.5152
148380 36.5197
148390 36.5116
148400 36.4969
148410 36.4961
148420 36.4893
148430 36.4759
148440 36.4774
148450 36.4885
148460 36.5097
148470 36.5517
148480 36.6003
148490 36.6246
148500 36.6176
148510 36.6062
148520 36.6159
148530 36.6631
148540 36.7442
148550 36.8233
148560 36.8823
148570 36.9356
148580 36.9775
148590 36.9746
148600 36.9212
148610 36.8516
148620 36.8075
148630 36.7973
148640 36.7929
148650 36.7757
148660 36.7579
148670 36.7475
148680 36.7353
148690 36.7178
148700 36.6918
148710 36.6636
148720 36.659
148730 36.6743
148740 36.6763
148750 36.6765
148760 36.7103
148770 36.7769
148780 36.8605
148790 36.9422
148800 36.9954
148810 37.0012
148820 36.9695
148830 36.923
148840 36.8816
148850 36.852
148860 36.8351
148870 36.8356
148880 36.849
148890 36.8623
148900 36.8622
148910 36.849
148920 36.83
148930 36.8165
148940 36.8178
148950 36.8214
148960 36.8328
148970 36.8532
148980 36.8763
148990 36.8924
149000 36.9163
149010 36.9468
149020 36.9572
149030 36.9562
149040 36.9618
149050 36.9562
149060 36.9185
149070 36.8576
149080 36.8046
149090 36.7852
149100 36.8129
149110 36.8771
149120 36.9429
149130 36.9786
149140 36.9632
149150 36.911
149160 36.8606
149170 36.8274
149180 36.7924
149190 36.7413
149200 36.6924
149210 36.659
149220 36.6473
149230 36.6738
149240 36.7339
149250 36.7931
149260 36.8432
149270 36.87
149280 36.8551
149290 36.814
149300 36.7758
149310 36.754
149320 36.7551
149330 36.7855
149340 36.842
149350 36.8772
149360 36.8623
149370 36.8026
149380 36.7276
149390 36.6608
149400 36.6036
149410 36.5653
149420 36.5508
149430 36.5542
149440 36.5683
149450 36.5716
149460 36.5491
149470 36.5139
149480 36.4767
149490 36.44
149500 36.4039
149510 36.3683
149520 36.3303
149530 36.3016
149540 36.292
149550 36.307
149560 36.3474
149570 36.4045
149580 36.458
149590 36.5138
149600 36.5806
149610 36.648
149620 36.6996
149630 36.7269
149640 36.7421
149650 36.7575
149660 36.7821
149670 36.8225
149680 36.8862
149690 36.958
149700 36.9967
149710 36.9995
149720 36.9881
149730 36.963
149740 36.9281
149750 36.8929
149760 36.868
149770 36.8687
149780 36.8846
149790 36.8897
149800 36.8835
149810 36.8825
149820 36.8998
149830 36.9142
149840 36.9151
149850 36.9284
149860 36.9696
149870 37.0059
149880 37.0251
149890 37.0464
149900 37.0628
149910 37.0585
149920 37.0447
149930 37.0331
149940 37.0145
149950 36.9726
149960 36.9268
149970 36.9101
149980 36.9153
149990 36.9311
150000 36.9532
150010 36.9621
150020 36.9414
150030 36.8971
150040 36.8408
150050 36.7799
150060 36.7301
150070 36.7125
150080 36.7346
150090 36.7982
150100 36.8784
150110 36.9194
150120 36.9067
150130 36.8688
150140 36.814
150150 36.7521
150160 36.7176
150170 36.7184
150180 36.7252
150190 36.7171
150200 36.7146
150210 36.714
150220 36.6915
150230 36.6671
150240 36.6541
150250 36.649
150260 36.6703
150270 36.7045
150280 36.7191
150290 36.7131
150300 36.6975
150310 36.6715
150320 36.64
150330 36.6211
150340 36.6229
150350 36.6502
150360 36.6819
150370 36.6983
150380 36.6955
150390 36.683
150400 36.677
150410 36.698
150420 36.7424
150430 36.7701
150440 36.7834
150450 36.7881
150460 36.774
150470 36.7402
150480 36.7059
150490 36.6678
150500 36.64
150510 36.6525
150520 36.6856
150530 36.7121
150540 36.7226
150550 36.7205
150560 36.694
150570 36.658
150580 36.6409
150590 36.6325
150600 36.6168
150610 36.5968
150620 36.5835
150630 36.5727
150640 36.5603
150650 36.5395
150660 36.5073
150670 36.4851
150680 36.4932
150690 36.5092
150700 36.5063
150710 36.5023
150720 36.5127
150730 36.5227
150740 36.5067
150750 36.4722
150760 36.4458
150770 36.4146
150780 36.3675
150790 36.3244
150800 36.2818
150810 36.2299
150820 36.1987
150830 36.2005
150840 36.1868
150850 36.135
150860 36.088
150870 36.0682
150880 36.0605
150890 36.0481
150900 36.0347
150910 36.035
150920 36.0415
150930 36.0348
150940 36.0174
150950 36.0053
150960 35.9975
150970 35.9687
150980 35.9405
150990 35.9375
151000 35.9491
151010 35.964
151020 35.9975
151030 36.0477
151040 36.0992
151050 36.1539
151060 36.2214
151070 36.2926
151080 36.3456
151090 36.3728
151100 36.3718
151110 36.3631
151120 36.3687
151130 36.3787
151140 36.3758
151150 36.3753
151160 36.386
151170 36.3863
151180 36.3769
151190 36.36
151200 36.3279
151210 36.2902
151220 36.2636
151230 36.2391
151240 36.216
151250 36.2048
151260 36.202
151270 36.2079
151280 36.211
151290 36.1833
151300 36.1233
151310 36.0649
151320 36.0447
151330 36.0719
151340 36.1121
151350 36.1478
151360 36.182
151370 36.1875
151380 36.1505
151390 36.1038
151400 36.0676
151410 36.0415
151420 36.019
151430 36.0186
151440 36.0421
151450 36.083
151460 36.1238
151470 36.1682
151480 36.2123
151490 36.2421
151500 36.2497
151510 36.2496
151520 36.2659
151530 36.3045
151540 36.3501
151550 36.3937
151560 36.4294
151570 36.4516
151580 36.4648
151590 36.4771
151600 36.4886
151610 36.4932
151620 36.5068
151630 36.5272
151640 36.531
151650 36.5146
151660 36.4963
151670 36.49
151680 36.4938
151690 36.4904
151700 36.4807
151710 36.4907
151720 36.5162
151730 36.5282
151740 36.5249
151750 36.4992
151760 36.4312
151770 36.3495
151780 36.2866
151790 36.2375
151800 36.2078
151810 36.2277
151820 36.2981
151830 36.3682
151840 36.4144
151850 36.4588
151860 36.5018
151870 36.5246
151880 36.5321
151890 36.5336
151900 36.5468
151910 36.5808
151920 36.6198
151930 36.6458
151940 36.6515
151950 36.6286
151960 36.595
151970 36.579
151980 36.5897
151990 36.6116
152000 36.6251
152010 36.624
152020 36.6254
152030 36.6303
152040 36.6355
152050 36.6471
152060 36.6636
152070 36.6642
152080 36.6644
152090 36.6883
152100 36.7425
152110 36.7952
152120 36.8305
152130 36.8778
152140 36.927
152150 36.9473
152160 36.9566
152170 36.9673
152180 36.9508
152190 36.9064
152200 36.8806
152210 36.8768
152220 36.8704
152230 36.8532
152240 36.8356
152250 36.815
152260 36.8046
152270 36.813
152280 36.8218
152290 36.8271
152300 36.8488
152310 36.8993
152320 36.9618
152330 37.0156
152340 37.0562
152350 37.0851
152360 37.0935
152370 37.0907
152380 37.1023
152390 37.129
152400 37.1654
152410 37.2062
152420 37.2419
152430 37.2648
152440 37.255
152450 37.2092
152460 37.1624
152470 37.1434
152480 37.1327
152490 37.1239
152500 37.1276
152510 37.1399
152520 37.1468
152530 37.1443
152540 37.13
152550 37.1036
152560 37.0629
152570 37.0161
152580 36.9759
152590 36.9475
152600 36.9381
152610 36.9444
152620 36.9672
152630 37.0003
152640 37.0273
152650 37.0428
152660 37.0625
152670 37.0778
152680 37.0806
152690 37.0672
152700 37.0471
152710 37.0369
152720 37.0303
152730 37.022
152740 37.0252
152750 37.0446
152760 37.0622
152770 37.0574
152780 37.0085
152790 36.9156
152800 36.8245
152810 36.7885
152820 36.8241
152830 36.9071
152840 37.0008
152850 37.0857
152860 37.131
152870 37.1097
152880 37.0454
152890 36.9795
152900 36.9228
152910 36.8998
152920 36.9418
152930 37.0309
152940 37.112
152950 37.1538
152960 37.1741
152970 37.1835
152980 37.1747
152990 37.1703
153000 37.1984
153010 37.251
153020 37.3034
153030 37.3258
153040 37.3087
153050 37.2598
153060 37.1999
153070 37.1545
153080 37.1447
153090 37.172
153100 37.2124
153110 37.2435
153120 37.2703
153130 37.2805
153140 37.2491
153150 37.1648
153160 37.0634
153170 36.9887
153180 36.9552
153190 36.9528
153200 36.9451
153210 36.909
153220 36.8498
153230 36.7741
153240 36.6832
153250 36.6141
153260 36.5959
153270 36.6118
153280 36.6418
153290 36.6732
153300 36.6962
153310 36.7257
153320 36.7715
153330 36.8181
153340 36.8667
153350 36.9173
153360 36.9559
153370 36.9735
153380 36.9767
153390 36.9696
153400 36.9403
153410 36.8804
153420 36.8117
153430 36.7776
153440 36.7904
153450 36.8252
153460 36.8625
153470 36.8873
153480 36.9122
153490 36.9314
153500 36.9385
153510 36.9543
153520 36.9879
153530 37.0217
153540 37.0595
153550 37.0945
153560 37.1015
153570 37.0868
153580 37.077
153590 37.0905
153600 37.1128
153610 37.1289
153620 37.1448
153630 37.1685
153640 37.1989
153650 37.2234
153660 37.2314
153670 37.244
153680 37.2562
153690 37.2643
153700 37.2749
153710 37.2864
153720 37.2877
153730 37.2738
153740 37.254
153750 37.2113
153760 37.149
153770 37.088
153780 37.0355
153790 36.9954
153800 36.9471
153810 36.8825
153820 36.828
153830 36.7958
153840 36.7796
153850 36.7901
153860 36.8273
153870 36.8686
153880 36.8937
153890 36.9017
153900 36.9125
153910 36.9613
153920 37.0233
153930 37.0708
153940 37.1023
153950 37.1187
153960 37.1428
153970 37.1967
153980 37.2581
153990 37.3162
154000 37.3757
154010 37.4288
154020 37.4769
154030 37.512
154040 37.522
154050 37.5159
154060 37.5112
154070 37.5207
154080 37.5539
154090 37.6066
154100 37.6564
154110 37.6951
154120 37.7324
154130 37.7609
154140 37.783
154150 37.805
154160 37.8428
154170 37.8757
154180 37.876
154190 37.8495
154200 37.8258
154210 37.806
154220 37.7894
154230 37.7966
154240 37.8153
154250 37.8274
154260 37.8305
154270 37.8165
154280 37.7884
154290 37.78
154300 37.7971
154310 37.7947
154320 37.7839
154330 37.811
154340 37.8774
154350 37.9362
154360 37.9575
154370 37.9631
154380 37.9845
154390 38.0158
154400 38.033
154410 38.0498
154420 38.0898
154430 38.129
154440 38.1495
154450 38.1583
154460 38.1517
154470 38.1302
154480 38.1105
154490 38.1008
154500 38.1156
154510 38.1583
154520 38.2053
154530 38.2447
154540 38.2904
154550 38.3384
154560 38.3746
154570 38.4071
154580 38.4345
154590 38.4508
154600 38.4595
154610 38.4795
154620 38.5087
154630 38.5251
154640 38.5503
154650 38.5896
154660 38.6191
154670 38.637
154680 38.6447
154690 38.6533
154700 38.6758
154710 38.704
154720 38.7199
154730 38.7235
154740 38.7073
154750 38.6675
154760 38.6052
154770 38.5332
154780 38.4788
154790 38.4371
154800 38.3843
154810 38.3365
154820 38.3323
154830 38.3662
154840 38.3937
154850 38.4103
154860 38.4578
154870 38.5406
154880 38.6388
154890 38.719
154900 38.7775
154910 38.8281
154920 38.8545
154930 38.8451
154940 38.8302
154950 38.8349
154960 38.8543
154970 38.885
154980 38.9235
154990 38.9507
155000 38.9452
155010 38.9164
155020 38.8845
155030 38.867
155040 38.8743
155050 38.8988
155060 38.9035
155070 38.888
155080 38.8697
155090 38.8559
155100 38.846
155110 38.829
155120 38.8038
155130 38.7757
155140 38.7503
155150 38.7295
155160 38.7047
155170 38.6824
155180 38.6589
155190 38.6392
155200 38.6235
155210 38.6001
155220 38.5669
155230 38.5385
155240 38.5021
155250 38.4526
155260 38.4001
155270 38.3501
155280 38.2889
155290 38.2408
155300 38.2358
155310 38.2443
155320 38.26
155330 38.292
155340 38.3195
155350 38.3317
155360 38.3298
155370 38.3205
155380 38.3172
155390 38.3404
155400 38.3814
155410 38.4153
155420 38.4323
155430 38.4155
155440 38.3569
155450 38.2841
155460 38.2315
155470 38.229
155480 38.2681
155490 38.3147
155500 38.3439
155510 38.3507
155520 38.3181
155530 38.2397
155540 38.1438
155550 38.0641
155560 38.0104
155570 37.975
155580 37.9532
155590 37.9456
155600 37.9472
155610 37.9525
155620 37.9663
155630 37.9948
155640 38.0384
155650 38.0792
155660 38.1112
155670 38.145
155680 38.1698
155690 38.1727
155700 38.1727
155710 38.186
155720 38.2014
155730 38.2097
155740 38.2075
155750 38.1943
155760 38.179
155770 38.1724
155780 38.1716
155790 38.1657
155800 38.1608
155810 38.1773
155820 38.1928
155830 38.1808
155840 38.1592
155850 38.1367
155860 38.1141
155870 38.1102
155880 38.1282
155890 38.1616
155900 38.2121
155910 38.2772
155920 38.3349
155930 38.3638
155940 38.357
155950 38.3352
155960 38.3363
155970 38.3575
155980 38.3763
155990 38.3898
156000 38.3959
156010 38.3894
156020 38.3913
156030 38.4028
156040 38.4015
156050 38.3878
156060 38.3715
156070 38.3488
156080 38.3458
156090 38.387
156100 38.4352
156110 38.4453
156120 38.4184
156130 38.3623
156140 38.2957
156150 38.2594
156160 38.2747
156170 38.3284
156180 38.4075
156190 38.4897
156200 38.5411
156210 38.5589
156220 38.5791
156230 38.6263
156240 38.6938
156250 38.7578
156260 38.7945
156270 38.8064
156280 38.8063
156290 38.8166
156300 38.8318
156310 38.8345
156320 38.8302
156330 38.8229
156340 38.8149
156350 38.8194
156360 38.8482
156370 38.9149
156380 38.9915
156390 39.0187
156400 38.9924
156410 38.9388
156420 38.8695
156430 38.805
156440 38.7768
156450 38.7728
156460 38.7764
156470 38.7903
156480 38.8094
156490 38.8334
156500 38.8518
156510 38.8264
156520 38.7794
156530 38.7826
156540 38.8457
156550 38.9349
156560 39.021
156570 39.0767
156580 39.0963
156590 39.0893
156600 39.0763
156610 39.0634
156620 39.0611
156630 39.0747
156640 39.1061
156650 39.1501
156660 39.1767
156670 39.1799
156680 39.1864
156690 39.1732
156700 39.1251
156710 39.0716
156720 39.0372
156730 39.0329
156740 39.0494
156750 39.0897
156760 39.1444
156770 39.2038
156780 39.2562
156790 39.2986
156800 39.3236
156810 39.341
156820 39.343
156830 39.3363
156840 39.3238
156850 39.306
156860 39.2879
156870 39.2669
156880 39.2346
156890 39.1887
156900 39.1481
156910 39.1191
156920 39.0776
156930 39.0427
156940 39.0514
156950 39.0915
156960 39.1296
156970 39.1605
156980 39.188
156990 39.2123
157000 39.2385
157010 39.2717
157020 39.3102
157030 39.3476
157040 39.368
157050 39.3626
157060 39.356
157070 39.3641
157080 39.3824
157090 39.4062
157100 39.4428
157110 39.4849
157120 39.5312
157130 39.5691
157140 39.5863
157150 39.5843
157160 39.57
157170 39.5317
157180 39.499
157190 39.5098
157200 39.552
157210 39.5798
157220 39.5867
157230 39.5895
157240 39.5816
157250 39.5677
157260 39.5733
157270 39.5994
157280 39.6551
157290 39.7298
157300 39.7825
157310 39.7913
157320 39.7793
157330 39.7771
157340 39.7818
157350 39.7815
157360 39.7701
157370 39.7526
157380 39.7218
157390 39.6714
157400 39.623
157410 39.5948
157420 39.5698
157430 39.5396
157440 39.5129
157450 39.4831
157460 39.443
157470 39.4147
157480 39.4061
157490 39.41
157500 39.4118
157510 39.4069
157520 39.418
157530 39.4666
157540 39.5278
157550 39.5819
157560 39.6347
157570 39.6602
157580 39.6308
157590 39.5775
157600 39.5453
157610 39.5563
157620 39.5895
157630 39.6317
157640 39.6718
157650 39.6896
157660 39.6845
157670 39.674
157680 39.6558
157690 39.631
157700 39.6158
157710 39.6163
157720 39.6221
157730 39.6416
157740 39.6663
157750 39.6855
157760 39.6966
157770 39.7154
157780 39.7488
157790 39.7636
157800 39.7589
157810 39.7813
157820 39.8334
157830 39.8753
157840 39.8926
157850 39.9108
157860 39.9356
157870 39.9477
157880 39.9522
157890 39.9652
157900 39.9861
157910 40.0044
157920 40.006
157930 39.9718
157940 39.8988
157950 39.808
157960 39.7446
157970 39.719
157980 39.7206
157990 39.7442
158000 39.7734
158010 39.7841
158020 39.7845
158030 39.78
158040 39.7518
158050 39.7132
158060 39.675
158070 39.6238
158080 39.5839
158090 39.5812
158100 39.6021
158110 39.6389
158120 39.6873
158130 39.7286
158140 39.739
158150 39.7346
158160 39.7174
158170 39.6821
158180 39.6587
158190 39.6505
158200 39.6173
158210 39.5672
158220 39.5258
158230 39.5009
158240 39.4974
158250 39.5134
158260 39.5282
158270 39.5125
158280 39.4812
158290 39.4583
158300 39.4416
158310 39.4212
158320 39.3974
158330 39.38
158340 39.3745
158350 39.3802
158360 39.3909
158370 39.3923
158380 39.4018
158390 39.4323
158400 39.467
158410 39.4884
158420 39.494
158430 39.4912
158440 39.4817
158450 39.4915
158460 39.528
158470 39.5627
158480 39.5824
158490 39.6022
158500 39.6203
158510 39.6277
158520 39.6186
158530 39.59
158540 39.57
158550 39.5939
158560 39.6317
158570 39.6548
158580 39.67
158590 39.6696
158600 39.6476
158610 39.6272
158620 39.6221
158630 39.6132
158640 39.5873
158650 39.5717
158660 39.5724
158670 39.5774
158680 39.6097
158690 39.6793
158700 39.7585
158710 39.827
158720 39.8828
158730 39.9149
158740 39.9155
158750 39.9082
158760 39.8946
158770 39.8704
158780 39.8837
158790 39.9353
158800 39.9701
158810 39.988
158820 40.0103
158830 40.0245
158840 40.0032
158850 39.9592
158860 39.9116
158870 39.8598
158880 39.8139
158890 39.7896
158900 39.7857
158910 39.8024
158920 39.8268
158930 39.8357
158940 39.824
158950 39.8063
158960 39.8131
158970 39.8579
158980 39.9188
158990 39.975
159000 40.0012
159010 40.002
159020 40.0012
159030 40.0146
159040 40.0469
159050 40.1102
159060 40.191
159070 40.2405
159080 40.2468
159090 40.226
159100 40.1994
159110 40.1876
159120 40.2014
159130 40.2439
159140 40.3047
159150 40.3517
159160 40.3701
159170 40.3803
159180 40.3533
159190 40.2709
159200 40.1653
159210 40.092
159220 40.0679
159230 40.0691
159240 40.0792
159250 40.0832
159260 40.0558
159270 40.0015
159280 39.9548
159290 39.9359
159300 39.9339
159310 39.9452
159320 39.9573
159330 39.9646
159340 39.9714
159350 39.9834
159360 39.9891
159370 39.9927
159380 40.0051
159390 40.0171
159400 40.0143
159410 40.0136
159420 40.0348
159430 40.0625
159440 40.0588
159450 40.0151
159460 39.9697
159470 39.9577
159480 39.9775
159490 40.0137
159500 40.0581
159510 40.0876
159520 40.0938
159530 40.0939
159540 40.0921
159550 40.0688
159560 40.0487
159570 40.0611
159580 40.0966
159590 40.1348
159600 40.1691
159610 40.1918
159620 40.1839
159630 40.1481
159640 40.1186
159650 40.1293
159660 40.1617
159670 40.189
159680 40.2095
159690 40.2185
159700 40.2083
159710 40.1839
159720 40.1584
159730 40.1364
159740 40.1189
159750 40.0991
159760 40.0884
159770 40.094
159780 40.1059
159790 40.0945
159800 40.0443
159810 39.9724
159820 39.9084
159830 39.8668
159840 39.8509
159850 39.8512
159860 39.8655
159870 39.8861
159880 39.9001
159890 39.9051
159900 39.901
159910 39.8699
159920 39.8378
159930 39.8324
159940 39.8456
159950 39.856
159960 39.8653
159970 39.8964
159980 39.9428
159990 39.9821
160000 40.0134
160010 40.0314
160020 40.0347
160030 40.0333
160040 40.0269
160050 40.0188
160060 40.0209
160070 40.0211
160080 40.0124
160090 40.0193
160100 40.038
160110 40.0401
160120 40.0416
160130 40.0678
160140 40.0813
160150 40.0656
160160 40.0422
160170 40.0005
160180 39.9417
160190 39.8971
160200 39.8588
160210 39.8155
160220 39.7839
160230 39.7627
160240 39.7512
160250 39.7572
160260 39.7578
160270 39.7198
160280 39.6534
160290 39.5993
160300 39.5801
160310 39.5932
160320 39.6137
160330 39.618
160340 39.6137
160350 39.6205
160360 39.6287
160370 39.6225
160380 39.6134
160390 39.6069
160400 39.5849
160410 39.5575
160420 39.5562
160430 39.597
160440 39.6446
160450 39.6866
160460 39.72
160470 39.7278
160480 39.7056
160490 39.688
160500 39.6863
160510 39.6754
160520 39.6599
160530 39.6575
160540 39.6831
160550 39.7283
160560 39.7522
160570 39.728
160580 39.6839
160590 39.6286
160600 39.5631
160610 39.5125
160620 39.4899
160630 39.4961
160640 39.5285
160650 39.5532
160660 39.5473
160670 39.5184
160680 39.4797
160690 39.4279
160700 39.3676
160710 39.3186
160720 39.2934
160730 39.2823
160740 39.2734
160750 39.2592
160760 39.2529
160770 39.2688
160780 39.3003
160790 39.331
160800 39.3605
160810 39.3947
160820 39.4248
160830 39.4428
160840 39.4605
160850 39.4813
160860 39.5051
160870 39.5545
160880 39.6464
160890 39.7629
160900 39.8762
160910 39.9457
160920 39.9519
160930 39.9316
160940 39.9214
160950 39.9122
160960 39.9005
160970 39.8954
160980 39.9049
160990 39.917
161000 39.9088
161010 39.8632
161020 39.8077
161030 39.7565
161040 39.6881
161050 39.631
161060 39.6321
161070 39.6766
161080 39.7121
161090 39.7142
161100 39.7106
161110 39.7168
161120 39.7115
161130 39.6925
161140 39.6716
161150 39.6657
161160 39.6608
161170 39.6469
161180 39.6515
161190 39.6821
161200 39.7122
161210 39.7497
161220 39.7935
161230 39.8145
161240 39.8177
161250 39.8195
161260 39.8091
161270 39.7936
161280 39.8048
161290 39.8455
161300 39.8958
161310 39.9476
161320 39.9777
161330 39.9824
161340 39.9861
161350 39.9981
161360 40.0085
161370 40.0231
161380 40.0405
161390 40.0488
161400 40.0487
161410 40.0407
161420 40.0149
161430 39.9765
161440 39.9305
161450 39.8745
161460 39.8218
161470 39.7931
161480 39.7729
161490 39.7488
161500 39.731
161510 39.7265
161520 39.7369
161530 39.7533
161540 39.7892
161550 39.8524
161560 39.9371
161570 40.0151
161580 40.0632
161590 40.0932
161600 40.1122
161610 40.1045
161620 40.0853
161630 40.0921
161640 40.1246
161650 40.1691
161660 40.2409
161670 40.3082
161680 40.3279
161690 40.3196
161700 40.3141
161710 40.2992
161720 40.2841
161730 40.2931
161740 40.3239
161750 40.3487
161760 40.3537
161770 40.3436
161780 40.3182
161790 40.288
161800 40.2789
161810 40.3235
161820 40.4253
161830 40.532
161840 40.5858
161850 40.5901
161860 40.5931
161870 40.5913
161880 40.5646
161890 40.5563
161900 40.6051
161910 40.6678
161920 40.7023
161930 40.7104
161940 40.7048
161950 40.677
161960 40.6451
161970 40.632
161980 40.6274
161990 40.6253
162000 40.6264
162010 40.6265
162020 40.6077
162030 40.5701
162040 40.541
162050 40.5505
162060 40.5804
162070 40.5807
162080 40.5506
162090 40.5397
162100 40.5467
162110 40.5492
162120 40.5435
162130 40.5495
162140 40.5667
162150 40.5889
162160 40.607
162170 40.6394
162180 40.6843
162190 40.7223
162200 40.7421
162210 40.7356
162220 40.7056
162230 40.6751
162240 40.6507
162250 40.6457
162260 40.6711
162270 40.7153
162280 40.7642
162290 40.8113
162300 40.8476
162310 40.8743
162320 40.8922
162330 40.9009
162340 40.9117
162350 40.9199
162360 40.9157
162370 40.8987
162380 40.8755
162390 40.8433
162400 40.8055
162410 40.7906
162420 40.8068
162430 40.8114
162440 40.7789
162450 40.7405
162460 40.7106
162470 40.6675
162480 40.6078
162490 40.5426
162500 40.4559
162510 40.3653
162520 40.3039
162530 40.2851
162540 40.2869
162550 40.2918
162560 40.2895
162570 40.2737
162580 40.2585
162590 40.2564
162600 40.2677
162610 40.2631
162620 40.2266
162630 40.1692
162640 40.1104
162650 40.057
162660 40.015
162670 39.9762
162680 39.9239
162690 39.8764
162700 39.8435
162710 39.8086
162720 39.7815
162730 39.7771
162740 39.8121
162750 39.8885
162760 39.9772
162770 40.0477
162780 40.0916
162790 40.1083
162800 40.1002
162810 40.078
162820 40.0558
162830 40.0519
162840 40.0705
162850 40.1012
162860 40.1185
162870 40.1108
162880 40.0882
162890 40.0577
162900 40.043
162910 40.0742
162920 40.1339
162930 40.1941
162940 40.2488
162950 40.3044
162960 40.3611
162970 40.405
162980 40.4146
162990 40.4135
163000 40.4407
163010 40.4813
163020 40.5002
163030 40.4996
163040 40.5056
163050 40.5233
163060 40.5289
163070 40.5197
163080 40.5121
163090 40.5233
163100 40.5459
163110 40.5694
163120 40.5896
163130 40.6213
163140 40.6515
163150 40.6659
163160 40.6635
163170 40.6485
163180 40.6275
163190 40.6133
163200 40.606
163210 40.5908
163220 40.5765
163230 40.5731
163240 40.5742
163250 40.5758
163260 40.5809
163270 40.5712
163280 40.5506
163290 40.5374
163300 40.5545
163310 40.6214
163320 40.7258
163330 40.8531
163340 40.9877
163350 41.0891
163360 41.126
163370 41.1071
163380 41.0704
163390 41.0368
163400 41.0251
163410 41.0371
163420 41.0578
163430 41.085
163440 41.1124
163450 41.1198
163460 41.08
163470 41.016
163480 40.9593
163490 40.9191
163500 40.9001
163510 40.9025
163520 40.9016
163530 40.8789
163540 40.8516
163550 40.8343
163560 40.8043
163570 40.7503
163580 40.6972
163590 40.6665
163600 40.6611
163610 40.6687
163620 40.6754
163630 40.6685
163640 40.6459
163650 40.6326
163660 40.6213
163670 40.5985
163680 40.5874
163690 40.5929
163700 40.5927
163710 40.5874
163720 40.5885
163730 40.5943
163740 40.6181
163750 40.6461
163760 40.6453
163770 40.6331
163780 40.6555
163790 40.6879
163800 40.7046
163810 40.6903
163820 40.6373
163830 40.5899
163840 40.5566
163850 40.5155
163860 40.485
163870 40.4864
163880 40.5172
163890 40.5713
163900 40.641
163910 40.7061
163920 40.7396
163930 40.7372
163940 40.7304
163950 40.7151
163960 40.6896
163970 40.6643
163980 40.6503
163990 40.6571
164000 40.6887
164010 40.7303
164020 40.7581
164030 40.7566
164040 40.7449
164050 40.7472
164060 40.7432
164070 40.7359
164080 40.7534
164090 40.7803
164100 40.7762
164110 40.7334
164120 40.6926
164130 40.671
164140 40.6699
164150 40.6947
164160 40.7533
164170 40.8257
164180 40.8817
164190 40.9245
164200 40.9819
164210 41.0348
164220 41.0757
164230 41.1163
164240 41.1368
164250 41.15
164260 41.1626
164270 41.1434
164280 41.0989
164290 41.0436
164300 40.9732
164310 40.9145
164320 40.8999
164330 40.921
164340 40.9507
164350 40.9704
164360 40.9796
164370 40.9894
164380 41.0028
164390 41.0217
164400 41.042
164410 41.0415
164420 41.0103
164430 40.9512
164440 40.8864
164450 40.8492
164460 40.8525
164470 40.8947
164480 40.9804
164490 41.0755
164500 41.1258
164510 41.1278
164520 41.1047
164530 41.0616
164540 41.0045
164550 40.9554
164560 40.9496
164570 40.9926
164580 41.0492
164590 41.086
164600 41.1029
164610 41.0834
164620 41.0267
164630 40.9619
164640 40.9078
164650 40.864
164660 40.8567
164670 40.9016
164680 40.9703
164690 41.0294
164700 41.0516
164710 41.0407
164720 41.024
164730 41.0281
164740 41.0492
164750 41.0599
164760 41.0561
164770 41.0576
164780 41.0606
164790 41.0615
164800 41.0785
164810 41.1218
164820 41.1754
164830 41.237
164840 41.2887
164850 41.3132
164860 41.3059
164870 41.294
164880 41.2901
164890 41.299
164900 41.3237
164910 41.3625
164920 41.4032
164930 41.4432
164940 41.4582
164950 41.4427
164960 41.4131
164970 41.3917
164980 41.3906
164990 41.3957
165000 41.3928
165010 41.3896
165020 41.3682
165030 41.3195
165040 41.2825
165050 41.285
165060 41.3012
165070 41.3137
165080 41.3154
165090 41.2941
165100 41.272
165110 41.2784
165120 41.2994
165130 41.3054
165140 41.2858
165150 41.2721
165160 41.2891
165170 41.33
165180 41.3716
165190 41.4172
165200 41.4791
165210 41.5453
165220 41.5949
165230 41.6108
165240 41.5867
165250 41.5349
165260 41.4796
165270 41.4337
165280 41.4064
165290 41.4013
165300 41.4283
165310 41.4839
165320 41.5318
165330 41.5566
165340 41.5792
165350 41.6044
165360 41.6249
165370 41.6449
165380 41.6713
165390 41.7157
165400 41.7694
165410 41.8138
165420 41.8512
165430 41.8922
165440 41.9273
165450 41.942
165460 41.9219
165470 41.8803
165480 41.8293
165490 41.7904
165500 41.7872
165510 41.8312
165520 41.9169
165530 41.9961
165540 42.0335
165550 42.0432
165560 42.0502
165570 42.0568
165580 42.0535
165590 42.0481
165600 42.0676
165610 42.1193
165620 42.1885
165630 42.2573
165640 42.3011
165650 42.3253
165660 42.3385
165670 42.3417
165680 42.3586
165690 42.3956
165700 42.429
165710 42.4526
165720 42.4479
165730 42.3894
165740 42.2821
165750 42.1813
165760 42.1159
165770 42.0777
165780 42.0473
165790 42.0234
165800 42.0129
165810 42.0176
165820 42.01
165830 41.9818
165840 41.9692
165850 41.9985
165860 42.0468
165870 42.0632
165880 42.0376
165890 42.0012
165900 41.9825
165910 41.9729
165920 41.9553
165930 41.9317
165940 41.8982
165950 41.847
165960 41.7775
165970 41.7122
165980 41.6767
165990 41.6873
166000 41.7222
166010 41.7522
166020 41.7852
166030 41.8092
166040 41.7976
166050 41.7762
166060 41.7772
166070 41.8
166080 41.8238
166090 41.856
166100 41.8742
166110 41.8497
166120 41.7962
166130 41.7431
166140 41.6878
166150 41.6444
166160 41.622
166170 41.6307
166180 41.658
166190 41.6792
166200 41.6848
166210 41.6651
166220 41.6091
166230 41.5257
166240 41.4427
166250 41.4008
166260 41.4103
166270 41.4544
166280 41.5075
166290 41.5407
166300 41.5293
166310 41.4694
166320 41.4037
166330 41.376
166340 41.3837
166350 41.4259
166360 41.488
166370 41.5393
166380 41.574
166390 41.6042
166400 41.6095
166410 41.5711
166420 41.5284
166430 41.4993
166440 41.4894
166450 41.5157
166460 41.5603
166470 41.5937
166480 41.6214
166490 41.6634
166500 41.7238
166510 41.7758
166520 41.7859
166530 41.7696
166540 41.7567
166550 41.7544
166560 41.7654
166570 41.7988
166580 41.8404
166590 41.8512
166600 41.8288
166610 41.8175
166620 41.8241
166630 41.8266
166640 41.828
166650 41.8213
166660 41.8036
166670 41.8004
166680 41.8017
166690 41.8029
166700 41.8121
166710 41.8209
166720 41.8128
166730 41.7897
166740 41.7625
166750 41.7203
166760 41.6925
166770 41.7113
166780 41.7574
166790 41.8075
166800 41.8539
166810 41.8721
166820 41.8657
166830 41.8761
166840 41.8972
166850 41.915
166860 41.9505
166870 41.9989
166880 42.0436
166890 42.075
166900 42.1048
166910 42.1173
166920 42.1252
166930 42.1486
166940 42.1697
166950 42.1792
166960 42.1744
166970 42.1657
166980 42.1645
166990 42.1591
167000 42.1508
167010 42.1449
167020 42.1256
167030 42.095
167040 42.0859
167050 42.113
167060 42.1572
167070 42.194
167080 42.2298
167090 42.2584
167100 42.2579
167110 42.2371
167120 42.2148
167130 42.1955
167140 42.1929
167150 42.2109
167160 42.2497
167170 42.2981
167180 42.3489
167190 42.3867
167200 42.3853
167210 42.3427
167220 42.2873
167230 42.2634
167240 42.2691
167250 42.2847
167260 42.3249
167270 42.3829
167280 42.425
167290 42.4446
167300 42.4538
167310 42.4585
167320 42.4655
167330 42.4775
167340 42.4775
167350 42.4507
167360 42.4227
167370 42.3916
167380 42.3402
167390 42.307
167400 42.3189
167410 42.348
167420 42.3506
167430 42.3475
167440 42.3561
167450 42.3451
167460 42.3194
167470 42.3068
167480 42.3047
167490 42.3214
167500 42.366
167510 42.4025
167520 42.4128
167530 42.4154
167540 42.4048
167550 42.3839
167560 42.3679
167570 42.358
167580 42.3577
167590 42.372
167600 42.4029
167610 42.4302
167620 42.43
167630 42.3976
167640 42.3546
167650 42.3289
167660 42.3575
167670 42.4499
167680 42.5643
167690 42.6426
167700 42.6667
167710 42.6613
167720 42.6568
167730 42.6688
167740 42.6756
167750 42.682
167760 42.7211
167770 42.7699
167780 42.7903
167790 42.8087
167800 42.8614
167810 42.9251
167820 42.9714
167830 42.9925
167840 43.0061
167850 43.0118
167860 42.9979
167870 42.9559
167880 42.8961
167890 42.8243
167900 42.758
167910 42.7113
167920 42.6889
167930 42.6838
167940 42.6978
167950 42.6879
167960 42.6169
167970 42.5197
167980 42.4413
167990 42.3795
168000 42.3418
168010 42.3405
168020 42.3697
168030 42.4119
168040 42.4606
168050 42.4927
168060 42.507
168070 42.5311
168080 42.5807
168090 42.6377
168100 42.6787
168110 42.7043
168120 42.7172
168130 42.6967
168140 42.6639
168150 42.657
168160 42.6716
168170 42.7001
168180 42.7376
168190 42.7617
168200 42.7872
168210 42.8271
168220 42.8854
168230 42.941
168240 42.9723
168250 42.9768
168260 42.9776
168270 42.9888
168280 43.0127
168290 43.0729
168300 43.1635
168310 43.2452
168320 43.2895
168330 43.2933
168340 43.2673
168350 43.213
168360 43.1476
168370 43.0909
168380 43.055
168390 43.0617
168400 43.1171
168410 43.2062
168420 43.3008
168430 43.3943
168440 43.4796
168450 43.5401
168460 43.5589
168470 43.5447
168480 43.5135
168490 43.4971
168500 43.5063
168510 43.5051
168520 43.4872
168530 43.4798
168540 43.4924
168550 43.512
168560 43.5308
168570 43.5332
168580 43.5256
168590 43.5322
168600 43.5627
168610 43.6086
168620 43.6537
168630 43.6695
168640 43.6469
168650 43.6114
168660 43.5926
168670 43.5881
168680 43.6023
168690 43.6523
168700 43.696
168710 43.6813
168720 43.6265
168730 43.5687
168740 43.5258
168750 43.5174
168760 43.5455
168770 43.5768
168780 43.6114
168790 43.6517
168800 43.6915
168810 43.7163
168820 43.7271
168830 43.737
168840 43.7481
168850 43.7677
168860 43.7924
168870 43.7991
168880 43.791
168890 43.7759
168900 43.7589
168910 43.7551
168920 43.7754
168930 43.8082
168940 43.8241
168950 43.8177
168960 43.8087
168970 43.8092
168980 43.8227
168990 43.8657
169000 43.9225
169010 43.9742
169020 44.0136
169030 44.0415
169040 44.0614
169050 44.0672
169060 44.059
169070 44.0502
169080 44.0419
169090 44.0352
169100 44.0387
169110 44.0425
169120 44.0366
169130 44.0183
169140 43.9876
169150 43.9358
169160 43.8761
169170 43.8335
169180 43.8021
169190 43.7737
169200 43.7521
169210 43.7487
169220 43.7472
169230 43.7451
169240 43.7429
169250 43.73
169260 43.698
169270 43.6559
169280 43.6146
169290 43.5981
169300 43.619
169310 43.6535
169320 43.68
169330 43.7114
169340 43.7381
169350 43.7503
169360 43.7748
169370 43.8266
169380 43.879
169390 43.9288
169400 43.9856
169410 44.0427
169420 44.0989
169430 44.1287
169440 44.1224
169450 44.1209
169460 44.1565
169470 44.1984
169480 44.1984
169490 44.177
169500 44.1633
169510 44.1653
169520 44.1887
169530 44.2293
169540 44.2642
169550 44.2586
169560 44.2073
169570 44.1545
169580 44.1277
169590 44.1035
169600 44.067
169610 44.0352
169620 44.0265
169630 44.0306
169640 44.0216
169650 44.021
169660 44.0355
169670 44.0363
169680 44.0128
169690 43.9973
169700 44.0057
169710 44.0225
169720 44.0362
169730 44.015
169740 43.9515
169750 43.8817
169760 43.8103
169770 43.7307
169780 43.6773
169790 43.6796
169800 43.7199
169810 43.778
169820 43.8384
169830 43.8695
169840 43.8514
169850 43.8163
169860 43.8033
169870 43.7964
169880 43.776
169890 43.7577
169900 43.751
169910 43.7502
169920 43.7632
169930 43.7903
169940 43.816
169950 43.8301
169960 43.8215
169970 43.8008
169980 43.7795
169990 43.7631
170000 43.7554
170010 43.7469
170020 43.7354
170030 43.7486
170040 43.7918
170050 43.8442
170060 43.8971
170070 43.9452
170080 43.965
170090 43.9501
170100 43.9237
170110 43.8954
170120 43.8568
170130 43.8185
170140 43.7965
170150 43.7841
170160 43.7593
170170 43.7321
170180 43.7354
170190 43.7604
170200 43.7829
170210 43.7932
170220 43.7788
170230 43.7592
170240 43.765
170250 43.7696
170260 43.7541
170270 43.742
170280 43.7643
170290 43.8364
170300 43.9218
170310 43.9665
170320 43.9478
170330 43.881
170340 43.7963
170350 43.7278
170360 43.69
170370 43.6866
170380 43.7058
170390 43.7217
170400 43.725
170410 43.7318
170420 43.7441
170430 43.7643
170440 43.7704
170450 43.7507
170460 43.7142
170470 43.6706
170480 43.6149
170490 43.5466
170500 43.4729
170510 43.4131
170520 43.3853
170530 43.3699
170540 43.3463
170550 43.3054
170560 43.2612
170570 43.2356
170580 43.2224
170590 43.2066
170600 43.2
170610 43.2124
170620 43.2229
170630 43.2431
170640 43.2822
170650 43.3136
170660 43.3342
170670 43.3692
170680 43.4086
170690 43.4412
170700 43.4775
170710 43.5122
170720 43.5423
170730 43.5779
170740 43.5895
170750 43.5614
170760 43.5317
170770 43.4998
170780 43.4521
170790 43.4269
170800 43.4391
170810 43.4375
170820 43.4142
170830 43.4171
170840 43.4534
170850 43.5076
170860 43.5975
170870 43.7027
170880 43.7777
170890 43.7877
170900 43.7472
170910 43.6962
170920 43.6604
170930 43.6369
170940 43.624
170950 43.603
170960 43.5618
170970 43.5304
170980 43.5192
170990 43.4935
171000 43.4525
171010 43.417
171020 43.3856
171030 43.371
171040 43.3807
171050 43.3791
171060 43.3617
171070 43.3726
171080 43.4183
171090 43.4519
171100 43.455
171110 43.4562
171120 43.4874
171130 43.5409
171140 43.5864
171150 43.6196
171160 43.6376
171170 43.6347
171180 43.598
171190 43.5563
171200 43.5357
171210 43.5297
171220 43.5228
171230 43.5223
171240 43.5506
171250 43.5953
171260 43.6334
171270 43.6647
171280 43.6887
171290 43.6988
171300 43.6814
171310 43.6559
171320 43.6407
171330 43.6273
171340 43.6245
171350 43.6463
171360 43.6763
171370 43.7012
171380 43.7159
171390 43.7149
171400 43.6975
171410 43.6831
171420 43.6816
171430 43.6818
171440 43.6764
171450 43.6642
171460 43.6464
171470 43.6244
171480 43.6106
171490 43.6183
171500 43.6484
171510 43.6898
171520 43.7214
171530 43.7414
171540 43.7706
171550 43.8188
171560 43.8789
171570 43.9432
171580 43.9936
171590 44.0066
171600 43.9707
171610 43.8981
171620 43.8356
171630 43.7868
171640 43.7375
171650 43.6968
171660 43.6617
171670 43.6156
171680 43.5796
171690 43.5926
171700 43.6325
171710 43.6511
171720 43.6483
171730 43.6386
171740 43.6178
171750 43.6117
171760 43.6531
171770 43.7292
171780 43.8197
171790 43.9011
171800 43.9439
171810 43.9666
171820 43.9923
171830 44.0166
171840 44.0471
171850 44.0703
171860 44.0479
171870 43.9984
171880 43.9649
171890 43.9588
171900 43.9571
171910 43.9671
171920 43.9982
171930 44.0196
171940 44.0128
171950 43.9933
171960 43.9668
171970 43.9281
171980 43.8934
171990 43.872
172000 43.846
172010 43.8403
172020 43.8526
172030 43.8593
172040 43.8596
172050 43.8658
172060 43.8729
172070 43.8692
172080 43.8556
172090 43.836
172100 43.8213
172110 43.8034
172120 43.779
172130 43.7862
172140 43.8205
172150 43.8412
172160 43.8379
172170 43.8482
172180 43.8809
172190 43.9157
172200 43.9361
172210 43.9411
172220 43.944
172230 43.9649
172240 44.0005
172250 44.0087
172260 43.9751
172270 43.9365
172280 43.919
172290 43.9262
172300 43.9448
172310 43.9653
172320 43.9853
172330 43.9999
172340 44.0073
172350 44.0129
172360 44.0251
172370 44.049
172380 44.0905
172390 44.1254
172400 44.1436
172410 44.1445
172420 44.133
172430 44.1159
172440 44.0981
172450 44.0676
172460 44.0237
172470 43.972
172480 43.9232
172490 43.8723
172500 43.8063
172510 43.7274
172520 43.6453
172530 43.5752
172540 43.5241
172550 43.4887
172560 43.4844
172570 43.5147
172580 43.5479
172590 43.563
172600 43.5627
172610 43.5709
172620 43.5863
172630 43.6008
172640 43.6038
172650 43.6055
172660 43.6257
172670 43.6723
172680 43.7392
172690 43.8158
172700 43.8957
172710 43.955
172720 43.9744
172730 43.9686
172740 43.9592
172750 43.9521
172760 43.9559
172770 43.9886
172780 44.0408
172790 44.0913
172800 44.1386
172810 44.1852
172820 44.2066
172830 44.2133
172840 44.2401
172850 44.2933
172860 44.3728
172870 44.4828
172880 44.6003
172890 44.6737
172900 44.6869
172910 44.6518
172920 44.5799
172930 44.5089
172940 44.474
172950 44.4944
172960 44.5723
172970 44.6651
172980 44.719
172990 44.7155
173000 44.6659
173010 44.5819
173020 44.4997
173030 44.4563
173040 44.4458
173050 44.4545
173060 44.4788
173070 44.5152
173080 44.532
173090 44.5403
173100 44.579
173110 44.6464
173120 44.7056
173130 44.7368
173140 44.7221
173150 44.6701
173160 44.6132
173170 44.5844
173180 44.5907
173190 44.5941
173200 44.5738
173210 44.5325
173220 44.4767
173230 44.4174
173240 44.3712
173250 44.3359
173260 44.337
173270 44.3942
173280 44.4691
173290 44.5058
173300 44.4945
173310 44.4603
173320 44.4111
173330 44.3595
173340 44.3376
173350 44.3512
173360 44.3791
173370 44.394
173380 44.3814
173390 44.3598
173400 44.3549
173410 44.3696
173420 44.3916
173430 44.4252
173440 44.4861
173450 44.5629
173460 44.6192
173470 44.6337
173480 44.6347
173490 44.659
173500 44.7032
173510 44.7467
173520 44.7844
173530 44.8281
173540 44.8881
173550 44.956
173560 45.0042
173570 45.0218
173580 45.0283
173590 45.0168
173600 44.9739
173610 44.925
173620 44.9027
173630 44.9107
173640 44.944
173650 44.9865
173660 44.9997
173670 44.9695
173680 44.9217
173690 44.8808
173700 44.851
173710 44.8329
173720 44.8083
173730 44.775
173740 44.7623
173750 44.773
173760 44.7743
173770 44.7637
173780 44.7568
173790 44.7758
173800 44.8227
173810 44.8855
173820 44.9519
173830 45.0192
173840 45.0674
173850 45.0597
173860 45.0091
173870 44.963
173880 44.9116
173890 44.8464
173900 44.7987
173910 44.7511
173920 44.6776
173930 44.6172
173940 44.6128
173950 44.6279
173960 44.6308
173970 44.6211
173980 44.5988
173990 44.5486
174000 44.4776
174010 44.4239
174020 44.4195
174030 44.4682
174040 44.5437
174050 44.6141
174060 44.658
174070 44.6728
174080 44.6634
174090 44.6526
174100 44.6594
174110 44.6882
174120 44.7469
174130 44.8022
174140 44.8376
174150 44.8695
174160 44.882
174170 44.8654
174180 44.8563
174190 44.8655
174200 44.8818
174210 44.9093
174220 44.9412
174230 44.9575
174240 44.954
174250 44.9391
174260 44.903
174270 44.8241
174280 44.7362
174290 44.7098
174300 44.7378
174310 44.7576
174320 44.7423
174330 44.6881
174340 44.5855
174350 44.4526
174360 44.3513
174370 44.3081
174380 44.3159
174390 44.3525
174400 44.389
174410 44.4161
174420 44.4506
174430 44.4897
174440 44.5244
174450 44.5538
174460 44.5901
174470 44.6205
174480 44.6349
174490 44.6513
174500 44.6766
174510 44.6956
174520 44.7024
174530 44.7022
174540 44.6717
174550 44.5955
174560 44.5089
174570 44.4464
174580 44.4194
174590 44.4015
174600 44.3933
174610 44.4362
174620 44.5387
174630 44.6485
174640 44.694
174650 44.6468
174660 44.548
174670 44.4481
174680 44.3677
174690 44.2982
174700 44.2349
174710 44.2077
174720 44.2363
174730 44.2798
174740 44.2887
174750 44.2709
174760 44.2329
174770 44.1807
174780 44.149
174790 44.1677
174800 44.2184
174810 44.2633
174820 44.2973
174830 44.3165
174840 44.2992
174850 44.2633
174860 44.2442
174870 44.2459
174880 44.2654
174890 44.3003
174900 44.3305
174910 44.3417
174920 44.3441
174930 44.3411
174940 44.335
174950 44.3489
174960 44.3846
174970 44.4141
174980 44.4176
174990 44.4043
175000 44.3825
175010 44.352
175020 44.33
175030 44.3481
175040 44.3831
175050 44.3974
175060 44.4009
175070 44.415
175080 44.4103
175090 44.3647
175100 44.2997
175110 44.2512
175120 44.2316
175130 44.2276
175140 44.2416
175150 44.2813
175160 44.3306
175170 44.3519
175180 44.342
175190 44.3289
175200 44.3322
175210 44.3528
175220 44.3981
175230 44.4637
175240 44.5183
175250 44.5533
175260 44.5701
175270 44.5744
175280 44.5686
175290 44.5557
175300 44.5456
175310 44.5418
175320 44.5605
175330 44.5895
175340 44.596
175350 44.5764
175360 44.5544
175370 44.5602
175380 44.5865
175390 44.6068
175400 44.6032
175410 44.5792
175420 44.5498
175430 44.5341
175440 44.5341
175450 44.5401
175460 44.5671
175470 44.6071
175480 44.6114
175490 44.5672
175500 44.5117
175510 44.4607
175520 44.4336
175530 44.4581
175540 44.5054
175550 44.5369
175560 44.5477
175570 44.5599
175580 44.5568
175590 44.527
175600 44.4972
175610 44.4933
175620 44.5066
175630 44.5291
175640 44.5743
175650 44.6226
175660 44.6493
175670 44.6433
175680 44.6053
175690 44.5737
175700 44.5655
175710 44.5596
175720 44.5535
175730 44.5606
175740 44.5528
175750 44.5235
175760 44.5067
175770 44.4971
175780 44.4651
175790 44.4218
175800 44.3925
175810 44.345
175820 44.2792
175830 44.2188
175840 44.1756
175850 44.1493
175860 44.1393
175870 44.1234
175880 44.082
175890 44.036
175900 44.0164
175910 44.0388
175920 44.0989
175930 44.1863
175940 44.2678
175950 44.3007
175960 44.2889
175970 44.2556
175980 44.2026
175990 44.1478
176000 44.1057
176010 44.0828
176020 44.0912
176030 44.1358
176040 44.1996
176050 44.255
176060 44.2882
176070 44.3265
176080 44.3882
176090 44.4686
176100 44.5517
176110 44.6314
176120 44.6909
176130 44.7187
176140 44.7049
176150 44.6557
176160 44.5957
176170 44.5384
176180 44.4834
176190 44.4237
176200 44.3551
176210 44.2933
176220 44.2605
176230 44.2487
176240 44.2302
176250 44.1953
176260 44.1561
176270 44.1221
176280 44.1053
176290 44.1062
176300 44.1025
176310 44.0948
176320 44.0968
176330 44.1036
176340 44.0984
176350 44.0853
176360 44.0983
176370 44.1637
176380 44.2546
176390 44.3395
176400 44.4175
176410 44.4809
176420 44.5136
176430 44.5243
176440 44.5465
176450 44.5891
176460 44.6279
176470 44.6444
176480 44.6334
176490 44.6173
176500 44.6013
176510 44.5861
176520 44.5963
176530 44.628
176540 44.6417
176550 44.6284
176560 44.6071
176570 44.5839
176580 44.5612
176590 44.5424
176600 44.5169
176610 44.4823
176620 44.4341
176630 44.373
176640 44.3076
176650 44.2576
176660 44.2207
176670 44.1886
176680 44.1671
176690 44.152
176700 44.1394
176710 44.1357
176720 44.141
176730 44.1463
176740 44.1537
176750 44.1531
176760 44.1404
176770 44.1411
176780 44.1845
176790 44.2628
176800 44.3397
176810 44.3963
176820 44.433
176830 44.4482
176840 44.449
176850 44.436
176860 44.4037
176870 44.3766
176880 44.3795
176890 44.4018
176900 44.4234
176910 44.4585
176920 44.5086
176930 44.5339
176940 44.5292
176950 44.5158
176960 44.4694
176970 44.3966
176980 44.3533
176990 44.3368
177000 44.308
177010 44.2884
177020 44.2952
177030 44.3038
177040 44.3175
177050 44.3372
177060 44.3518
177070 44.3743
177080 44.4186
177090 44.4581
177100 44.477
177110 44.4901
177120 44.4932
177130 44.5
177140 44.5272
177150 44.5498
177160 44.5647
177170 44.5867
177180 44.6089
177190 44.6119
177200 44.6061
177210 44.6145
177220 44.6366
177230 44.6628
177240 44.6851
177250 44.6957
177260 44.6799
177270 44.6509
177280 44.6223
177290 44.5815
177300 44.519
177310 44.4685
177320 44.4711
177330 44.5262
177340 44.5895
177350 44.6172
177360 44.617
177370 44.6129
177380 44.6061
177390 44.5959
177400 44.5993
177410 44.6107
177420 44.6188
177430 44.6175
177440 44.625
177450 44.6592
177460 44.6961
177470 44.7147
177480 44.6998
177490 44.6555
177500 44.6013
177510 44.5702
177520 44.5595
177530 44.5418
177540 44.5211
177550 44.5236
177560 44.5203
177570 44.5047
177580 44.5199
177590 44.5861
177600 44.6713
177610 44.7535
177620 44.8398
177630 44.923
177640 44.9875
177650 45.0256
177660 45.0353
177670 45.0272
177680 45.0204
177690 45.019
177700 45.0374
177710 45.0905
177720 45.1756
177730 45.2546
177740 45.292
177750 45.299
177760 45.2735
177770 45.2193
177780 45.1642
177790 45.1361
177800 45.1255
177810 45.1099
177820 45.075
177830 45.0334
177840 45.0028
177850 44.9886
177860 44.9972
177870 45.0398
177880 45.0913
177890 45.1181
177900 45.1185
177910 45.1055
177920 45.0925
177930 45.0903
177940 45.075
177950 45.0619
177960 45.0713
177970 45.0634
177980 45.0216
177990 44.995
178000 44.9825
178010 44.9571
178020 44.939
178030 44.9459
178040 44.9637
178050 44.9707
178060 44.9608
178070 44.96
178080 44.9778
178090 45.005
178100 45.0293
178110 45.0471
178120 45.0495
178130 45.021
178140 44.9757
178150 44.9245
178160 44.8788
178170 44.8594
178180 44.8821
178190 44.9336
178200 44.9755
178210 44.987
178220 44.9819
178230 44.9597
178240 44.9199
178250 44.8814
178260 44.8766
178270 44.9142
178280 44.9508
178290 44.9668
178300 44.9659
178310 44.9568
178320 44.955
178330 44.9558
178340 44.9486
178350 44.9554
178360 44.9736
178370 44.9888
178380 44.9915
178390 44.9775
178400 44.9572
178410 44.9537
178420 44.9537
178430 44.95
178440 44.9683
178450 44.9986
178460 45.0092
178470 45.0095
178480 44.9999
178490 44.9739
178500 44.9323
178510 44.901
178520 44.9106
178530 44.94
178540 44.9646
178550 44.9976
178560 45.0632
178570 45.1571
178580 45.2418
178590 45.2874
178600 45.3176
178610 45.3524
178620 45.3584
178630 45.3305
178640 45.3152
178650 45.3262
178660 45.3415
178670 45.3647
178680 45.4023
178690 45.4399
178700 45.4699
178710 45.48
178720 45.4526
178730 45.4111
178740 45.3812
178750 45.3682
178760 45.3907
178770 45.4514
178780 45.5307
178790 45.5855
178800 45.5939
178810 45.5639
178820 45.5367
178830 45.5301
178840 45.5344
178850 45.5527
178860 45.5867
178870 45.6259
178880 45.6553
178890 45.6569
178900 45.629
178910 45.5796
178920 45.5387
178930 45.5214
178940 45.5291
178950 45.553
178960 45.5622
178970 45.5676
178980 45.5837
178990 45.5904
179000 45.567
179010 45.5362
179020 45.522
179030 45.5194
179040 45.5111
179050 45.5014
179060 45.4993
179070 45.5003
179080 45.5222
179090 45.5726
179100 45.6392
179110 45.699
179120 45.7345
179130 45.7495
179140 45.7459
179150 45.7358
179160 45.734
179170 45.7557
179180 45.8031
179190 45.8756
179200 45.9594
179210 46.0307
179220 46.0842
179230 46.108
179240 46.0911
179250 46.047
179260 46.0084
179270 45.9908
179280 45.9944
179290 46.0143
179300 46.0478
179310 46.0719
179320 46.0664
179330 46.0322
179340 45.9984
179350 45.982
179360 45.9988
179370 46.057
179380 46.1163
179390 46.1526
179400 46.1486
179410 46.0943
179420 46.0283
179430 46.0046
179440 46.0123
179450 46.0089
179460 45.9981
179470 45.9933
179480 45.9856
179490 45.9564
179500 45.9184
179510 45.9026
179520 45.9051
179530 45.901
179540 45.872
179550 45.8282
179560 45.8077
179570 45.8328
179580 45.9158
179590 46.001
179600 46.0641
179610 46.1178
179620 46.1391
179630 46.1102
179640 46.0775
179650 46.0962
179660 46.1253
179670 46.1348
179680 46.1754
179690 46.234
179700 46.2558
179710 46.2592
179720 46.2761
179730 46.2963
179740 46.299
179750 46.2914
179760 46.2895
179770 46.307
179780 46.3582
179790 46.4204
179800 46.4707
179810 46.5006
179820 46.5066
179830 46.5031
179840 46.5005
179850 46.4985
179860 46.504
179870 46.5134
179880 46.541
179890 46.5956
179900 46.6556
179910 46.6944
179920 46.7238
179930 46.7417
179940 46.7436
179950 46.7174
179960 46.6429
179970 46.5418
179980 46.4739
179990 46.4326
180000 46.4122
180010 46.4409
180020 46.4896
180030 46.5227
180040 46.5428
180050 46.5424
180060 46.5057
180070 46.461
180080 46.4322
180090 46.4231
180100 46.4464
180110 46.5107
180120 46.5896
180130 46.6459
180140 46.671
180150 46.6866
180160 46.6993
180170 46.6968
180180 46.674
180190 46.6408
180200 46.6117
180210 46.5789
180220 46.533
180230 46.4773
180240 46.4185
180250 46.3638
180260 46.3212
180270 46.2871
180280 46.2415
180290 46.1728
180300 46.0912
180310 46.0035
180320 45.9204
180330 45.8785
180340 45.9016
180350 45.9711
180360 46.0608
180370 46.1429
180380 46.2055
180390 46.2398
180400 46.2433
180410 46.2197
180420 46.2068
180430 46.241
180440 46.2977
180450 46.3199
180460 46.3007
180470 46.271
180480 46.2438
180490 46.2275
180500 46.211
180510 46.2041
180520 46.2335
180530 46.2789
180540 46.326
180550 46.3904
180560 46.4551
180570 46.4854
180580 46.4961
180590 46.5182
180600 46.5569
180610 46.6051
180620 46.673
180630 46.7254
180640 46.7294
180650 46.6758
180660 46.5835
180670 46.4835
180680 46.4123
180690 46.3792
180700 46.3613
180710 46.3658
180720 46.4131
180730 46.4921
180740 46.5734
180750 46.6435
180760 46.7025
180770 46.7349
180780 46.734
180790 46.7215
180800 46.6968
180810 46.6898
180820 46.7307
180830 46.8077
180840 46.8836
180850 46.9436
180860 46.9622
180870 46.9479
180880 46.9299
180890 46.9101
180900 46.8911
180910 46.8896
180920 46.9155
180930 46.972
180940 47.0427
180950 47.1013
180960 47.1232
180970 47.1249
180980 47.1255
180990 47.1063
181000 47.0818
181010 47.0943
181020 47.1289
181030 47.1604
181040 47.1983
181050 47.2507
181060 47.2889
181070 47.2775
181080 47.2246
181090 47.171
181100 47.1541
181110 47.1699
181120 47.2031
181130 47.2396
181140 47.2598
181150 47.2401
181160 47.1866
181170 47.1363
181180 47.1214
181190 47.1285
181200 47.1482
181210 47.1896
181220 47.253
181230 47.308
181240 47.3394
181250 47.3529
181260 47.3581
181270 47.3442
181280 47.291
181290 47.2238
181300 47.1839
181310 47.1718
181320 47.1867
181330 47.2324
181340 47.2922
181350 47.3263
181360 47.3351
181370 47.3411
181380 47.3501
181390 47.3403
181400 47.3145
181410 47.2967
181420 47.2865
181430 47.2753
181440 47.2654
181450 47.277
181460 47.2984
181470 47.3138
181480 47.3078
181490 47.2716
181500 47.2443
181510 47.2351
181520 47.2251
181530 47.2212
181540 47.2237
181550 47.2283
181560 47.2265
181570 47.2174
181580 47.2099
181590 47.1925
181600 47.1651
181610 47.1554
181620 47.1711
181630 47.1957
181640 47.2236
181650 47.2513
181660 47.2539
181670 47.2267
181680 47.1994
181690 47.1795
181700 47.1646
181710 47.1516
181720 47.1546
181730 47.1732
181740 47.1819
181750 47.1605
181760 47.1414
181770 47.1335
181780 47.1012
181790 47.0361
181800 46.9756
181810 46.9614
181820 46.9855
181830 47.0338
181840 47.0798
181850 47.1127
181860 47.1394
181870 47.1785
181880 47.2273
181890 47.2596
181900 47.2704
181910 47.2749
181920 47.2806
181930 47.3201
181940 47.4034
181950 47.4954
181960 47.5746
181970 47.6367
181980 47.6731
181990 47.6813
182000 47.6782
182010 47.6805
182020 47.6971
182030 47.7166
182040 47.7264
182050 47.7258
182060 47.71
182070 47.6788
182080 47.6495
182090 47.6318
182100 47.6367
182110 47.6607
182120 47.6871
182130 47.7041
182140 47.7158
182150 47.7226
182160 47.7267
182170 47.7459
182180 47.7982
182190 47.8743
182200 47.9391
182210 47.9849
182220 48.0035
182230 47.9838
182240 47.941
182250 47.9048
182260 47.9031
182270 47.9303
182280 47.9549
182290 47.9616
182300 47.9499
182310 47.9191
182320 47.8701
182330 47.8179
182340 47.7988
182350 47.8198
182360 47.8397
182370 47.8377
182380 47.8275
182390 47.8048
182400 47.7481
182410 47.6946
182420 47.6735
182430 47.6765
182440 47.7048
182450 47.7565
182460 47.8084
182470 47.8395
182480 47.8443
182490 47.8214
182500 47.8023
182510 47.8353
182520 47.9211
182530 48.0061
182540 48.0751
182550 48.144
182560 48.1965
182570 48.2164
182580 48.2236
182590 48.2409
182600 48.2659
182610 48.2961
182620 48.3235
182630 48.3214
182640 48.297
182650 48.2925
182660 48.3184
182670 48.3569
182680 48.3888
182690 48.4138
182700 48.4447
182710 48.4759
182720 48.4951
182730 48.4926
182740 48.473
182750 48.4449
182760 48.4155
182770 48.3891
182780 48.3813
182790 48.3903
182800 48.3832
182810 48.3589
182820 48.34
182830 48.2919
182840 48.1951
182850 48.1046
182860 48.0369
182870 47.9852
182880 47.9818
182890 48.0378
182900 48.1199
182910 48.1797
182920 48.181
182930 48.129
182940 48.0621
182950 48.0139
182960 47.9913
182970 47.9831
182980 47.9786
182990 47.9633
183000 47.9335
183010 47.8941
183020 47.8426
183030 47.8003
183040 47.7864
183050 47.8096
183060 47.868
183070 47.9292
183080 47.9738
183090 47.9902
183100 47.9804
183110 47.9511
183120 47.942
183130 47.9589
183140 47.9871
183150 48.0321
183160 48.0867
183170 48.1334
183180 48.172
183190 48.1882
183200 48.1752
183210 48.1725
183220 48.1851
183230 48.1736
183240 48.138
183250 48.1143
183260 48.1242
183270 48.158
183280 48.1968
183290 48.22
183300 48.2214
183310 48.2214
183320 48.219
183330 48.1793
183340 48.1203
183350 48.0927
183360 48.0821
183370 48.0576
183380 48.0449
183390 48.0613
183400 48.0855
183410 48.0819
183420 48.0413
183430 48.0088
183440 48.0282
183450 48.097
183460 48.1737
183470 48.2568
183480 48.3454
183490 48.4015
183500 48.423
183510 48.4491
183520 48.4738
183530 48.4733
183540 48.4602
183550 48.4306
183560 48.3589
183570 48.2603
183580 48.1828
183590 48.1251
183600 48.0899
183610 48.0888
183620 48.0998
183630 48.0837
183640 48.0382
183650 48.0006
183660 48.0096
183670 48.0561
183680 48.1308
183690 48.2201
183700 48.2892
183710 48.3123
183720 48.335
183730 48.382
183740 48.439
183750 48.512
183760 48.6021
183770 48.6823
183780 48.7323
183790 48.7567
183800 48.7552
183810 48.7218
183820 48.6694
183830 48.643
183840 48.6472
183850 48.6549
183860 48.667
183870 48.7035
183880 48.7293
183890 48.7003
183900 48.6341
183910 48.5491
183920 48.4601
183930 48.399
183940 48.3918
183950 48.4185
183960 48.451
183970 48.4774
183980 48.471
183990 48.4047
184000 48.3047
184010 48.2198
184020 48.1869
184030 48.1955
184040 48.2166
184050 48.2534
184060 48.2904
184070 48.2866
184080 48.2322
184090 48.1587
184100 48.0895
184110 48.0285
184120 47.9836
184130 47.965
184140 47.9763
184150 47.9875
184160 48.0065
184170 48.046
184180 48.0809
184190 48.0987
184200 48.1238
184210 48.1424
184220 48.1522
184230 48.1833
184240 48.2484
184250 48.2958
184260 48.3192
184270 48.3586
184280 48.41
184290 48.4485
184300 48.4612
184310 48.4736
184320 48.5038
184330 48.5487
184340 48.5896
184350 48.6179
184360 48.6303
184370 48.6274
184380 48.6311
184390 48.6497
184400 48.6704
184410 48.6893
184420 48.6949
184430 48.6956
184440 48.724
184450 48.7859
184460 48.8613
184470 48.9149
184480 48.9151
184490 48.8814
184500 48.8419
184510 48.8067
184520 48.8048
184530 48.8499
184540 48.9314
184550 49.0119
184560 49.0721
184570 49.1039
184580 49.1055
184590 49.0969
184600 49.1083
184610 49.1317
184620 49.1473
184630 49.152
184640 49.1423
184650 49.1198
184660 49.0863
184670 49.0591
184680 49.021
184690 48.9607
184700 48.9346
184710 48.9789
184720 49.0405
184730 49.0695
184740 49.0691
184750 49.0561
184760 49.04
184770 49.0296
184780 48.9986
184790 48.9463
184800 48.8862
184810 48.8131
184820 48.736
184830 48.6893
184840 48.6614
184850 48.6231
184860 48.5858
184870 48.5765
184880 48.5974
184890 48.6446
184900 48.6935
184910 48.7134
184920 48.6965
184930 48.6642
184940 48.6271
184950 48.6012
184960 48.6018
184970 48.6163
184980 48.6321
184990 48.6365
185000 48.6249
185010 48.625
185020 48.6616
185030 48.7189
185040 48.7721
185050 48.8236
185060 48.842
185070 48.8113
185080 48.7694
185090 48.7439
185100 48.7295
185110 48.7244
185120 48.7395
185130 48.7697
185140 48.811
185150 48.8739
185160 48.9295
185170 48.9433
185180 48.907
185190 48.8245
185200 48.7276
185210 48.6816
185220 48.7143
185230 48.7849
185240 48.8567
185250 48.9094
185260 48.9419
185270 48.9537
185280 48.9502
185290 48.9443
185300 48.9599
185310 48.9903
185320 49.0224
185330 49.0601
185340 49.1
185350 49.1375
185360 49.15
185370 49.1327
185380 49.093
185390 49.021
185400 48.9243
185410 48.8582
185420 48.838
185430 48.8503
185440 48.8891
185450 48.9466
185460 48.9885
185470 48.9933
185480 48.9881
185490 48.9865
185500 48.9912
185510 48.9921
185520 48.9723
185530 48.934
185540 48.923
185550 48.9392
185560 48.9704
185570 49.017
185580 49.0457
185590 49.0223
185600 48.9685
185610 48.9263
185620 48.8966
185630 48.8795
185640 48.8729
185650 48.8812
185660 48.9102
185670 48.93
185680 48.9397
185690 48.9567
185700 48.9558
185710 48.9324
185720 48.9285
185730 48.9495
185740 48.9634
185750 48.9671
185760 48.9734
185770 48.9679
185780 48.9576
185790 48.9503
185800 48.9419
185810 48.9441
185820 48.9687
185830 48.9969
185840 48.9974
185850 49.0041
185860 49.0465
185870 49.098
185880 49.1228
185890 49.1296
185900 49.1354
185910 49.1419
185920 49.145
185930 49.1333
185940 49.0949
185950 49.0644
185960 49.0543
185970 49.0224
185980 48.9773
185990 48.9729
186000 48.993
186010 48.9907
186020 48.9789
186030 48.9884
186040 48.9914
186050 48.9734
186060 48.9519
186070 48.9201
186080 48.8901
186090 48.8844
186100 48.8969
186110 48.9131
186120 48.9383
186130 48.946
186140 48.9242
186150 48.9102
186160 48.8988
186170 48.8682
186180 48.8442
186190 48.8432
186200 48.8591
186210 48.8985
186220 48.9352
186230 48.9372
186240 48.9117
186250 48.8861
186260 48.8726
186270 48.865
186280 48.8472
186290 48.8276
186300 48.8288
186310 48.8552
186320 48.8811
186330 48.9017
186340 48.9385
186350 49.0068
186360 49.0763
186370 49.1441
186380 49.2261
186390 49.3038
186400 49.3613
186410 49.4084
186420 49.4497
186430 49.4797
186440 49.5026
186450 49.5281
186460 49.5508
186470 49.5538
186480 49.5391
186490 49.5226
186500 49.5222
186510 49.5184
186520 49.5017
186530 49.4943
186540 49.503
186550 49.5105
186560 49.5188
186570 49.549
186580 49.5776
186590 49.5607
186600 49.5238
186610 49.5085
186620 49.5037
186630 49.5164
186640 49.5598
186650 49.6225
186660 49.6787
186670 49.7207
186680 49.7367
186690 49.7092
186700 49.6705
186710 49.6563
186720 49.6747
186730 49.7279
186740 49.8182
186750 49.9292
186760 50.0265
186770 50.0865
186780 50.1253
186790 50.1466
186800 50.157
186810 50.1864
186820 50.2322
186830 50.253
186840 50.2448
186850 50.2277
186860 50.2154
186870 50.2196
186880 50.2195
186890 50.208
186900 50.215
186910 50.258
186920 50.2955
186930 50.2906
186940 50.2665
186950 50.2365
186960 50.1865
186970 50.1402
186980 50.119
186990 50.1291
187000 50.1522
187010 50.1394
187020 50.0927
187030 50.0458
187040 50.0123
187050 49.9846
187060 49.9713
187070 49.98
187080 50.0143
187090 50.0548
187100 50.0774
187110 50.0781
187120 50.0813
187130 50.0635
187140 50.0056
187150 49.9423
187160 49.9184
187170 49.9485
187180 49.9901
187190 50.0244
187200 50.0561
187210 50.0739
187220 50.0948
187230 50.1372
187240 50.1891
187250 50.2503
187260 50.3261
187270 50.3982
187280 50.4375
187290 50.4561
187300 50.4858
187310 50.5385
187320 50.6288
187330 50.7312
187340 50.8199
187350 50.861
187360 50.838
187370 50.7432
187380 50.5897
187390 50.4533
187400 50.3837
187410 50.3687
187420 50.3732
187430 50.35
187440 50.2877
187450 50.2222
187460 50.1869
187470 50.1838
187480 50.217
187490 50.2947
187500 50.377
187510 50.4289
187520 50.4265
187530 50.3553
187540 50.2451
187550 50.1454
187560 50.0818
187570 50.0713
187580 50.0968
187590 50.1248
187600 50.1385
187610 50.15
187620 50.1522
187630 50.1477
187640 50.1569
187650 50.181
187660 50.201
187670 50.236
187680 50.3083
187690 50.3907
187700 50.449
187710 50.4844
187720 50.5167
187730 50.5478
187740 50.5664
187750 50.5746
187760 50.5852
187770 50.6155
187780 50.6776
187790 50.7476
187800 50.7893
187810 50.797
187820 50.7914
187830 50.7561
187840 50.6926
187850 50.6385
187860 50.6229
187870 50.6163
187880 50.5947
187890 50.5776
187900 50.5566
187910 50.4856
187920 50.3778
187930 50.3033
187940 50.2829
187950 50.2971
187960 50.3337
187970 50.3595
187980 50.3488
187990 50.3401
188000 50.3602
188010 50.3674
188020 50.3451
188030 50.3267
188040 50.3338
188050 50.3609
188060 50.4018
188070 50.449
188080 50.4856
188090 50.4863
188100 50.4596
188110 50.4375
188120 50.4325
188130 50.4384
188140 50.4382
188150 50.4452
188160 50.4849
188170 50.5536
188180 50.6181
188190 50.6586
188200 50.6916
188210 50.7007
188220 50.6748
188230 50.6372
188240 50.6103
188250 50.5773
188260 50.5638
188270 50.5834
188280 50.6128
188290 50.6413
188300 50.6625
188310 50.6408
188320 50.5696
188330 50.4927
188340 50.4472
188350 50.4311
188360 50.4293
188370 50.4356
188380 50.4509
188390 50.4895
188400 50.5497
188410 50.586
188420 50.5759
188430 50.5536
188440 50.5317
188450 50.4978
188460 50.473
188470 50.4903
188480 50.5214
188490 50.5293
188500 50.5196
188510 50.5139
188520 50.5198
188530 50.5489
188540 50.6017
188550 50.6377
188560 50.6372
188570 50.616
188580 50.5822
188590 50.549
188600 50.5345
188610 50.5305
188620 50.5417
188630 50.5833
188640 50.6617
188650 50.7741
188660 50.8972
188670 51.001
188680 51.0619
188690 51.0736
188700 51.0519
188710 51.002
188720 50.9335
188730 50.8725
188740 50.8399
188750 50.8498
188760 50.891
188770 50.931
188780 50.9391
188790 50.929
188800 50.909
188810 50.8801
188820 50.8721
188830 50.9076
188840 50.9673
188850 51.0015
188860 51.0108
188870 50.9916
188880 50.9286
188890 50.8422
188900 50.7781
188910 50.752
188920 50.7519
188930 50.7689
188940 50.8113
188950 50.8606
188960 50.8651
188970 50.8123
188980 50.746
188990 50.6973
189000 50.6439
189010 50.5842
189020 50.5527
189030 50.5597
189040 50.5953
189050 50.6433
189060 50.6787
189070 50.6875
189080 50.7028
189090 50.7652
189100 50.8367
189110 50.8759
189120 50.9011
189130 50.9147
189140 50.8992
189150 50.8832
189160 50.8941
189170 50.9032
189180 50.9091
189190 50.9291
189200 50.9537
189210 50.9735
189220 50.9912
189230 51.004
189240 51.0081
189250 50.9951
189260 50.9594
189270 50.9231
189280 50.9112
189290 50.8981
189300 50.8673
189310 50.8514
189320 50.8662
189330 50.8767
189340 50.859
189350 50.8277
189360 50.7798
189370 50.7195
189380 50.6781
189390 50.6461
189400 50.6075
189410 50.5906
189420 50.59
189430 50.5808
189440 50.5679
189450 50.5525
189460 50.5159
189470 50.4713
189480 50.4356
189490 50.4006
189500 50.3902
189510 50.4322
189520 50.5313
189530 50.6513
189540 50.7382
189550 50.7732
189560 50.7889
189570 50.8116
189580 50.8363
189590 50.8593
189600 50.897
189610 50.9486
189620 50.9865
189630 51.026
189640 51.0845
189650 51.1435
189660 51.1953
189670 51.267
189680 51.3295
189690 51.3389
189700 51.3077
189710 51.2543
189720 51.1709
189730 51.0899
189740 51.039
189750 51.016
189760 51.0314
189770 51.103
189780 51.2054
189790 51.2706
189800 51.2838
189810 51.2749
189820 51.2418
189830 51.1816
189840 51.1415
189850 51.1496
189860 51.1594
189870 51.146
189880 51.1363
189890 51.1527
189900 51.1806
189910 51.2309
189920 51.3018
189930 51.3657
189940 51.3973
189950 51.4044
189960 51.4262
189970 51.4669
189980 51.4986
189990 51.5062
190000 51.5022
190010 51.4875
190020 51.447
190030 51.3829
190040 51.3202
190050 51.262
190060 51.2064
190070 51.1598
190080 51.1267
190090 51.1291
190100 51.1677
190110 51.2235
190120 51.2847
190130 51.331
190140 51.3396
190150 51.3168
190160 51.2885
190170 51.2798
190180 51.2785
190190 51.251
190200 51.2059
190210 51.191
190220 51.2224
190230 51.2704
190240 51.3206
190250 51.3611
190260 51.3755
190270 51.3706
190280 51.3605
190290 51.3384
190300 51.3057
190310 51.29
190320 51.2963
190330 51.3079
190340 51.3114
190350 51.2885
190360 51.2359
190370 51.1757
190380 51.134
190390 51.1269
190400 51.1321
190410 51.146
190420 51.1734
190430 51.1859
190440 51.1702
190450 51.1092
190460 50.9974
190470 50.8885
190480 50.8291
190490 50.8108
190500 50.8016
190510 50.7907
190520 50.7911
190530 50.8068
190540 50.8178
190550 50.8152
190560 50.8241
190570 50.8708
190580 50.9382
190590 50.9941
190600 51.0237
190610 51.0301
190620 51.0398
190630 51.0668
190640 51.1147
190650 51.1712
190660 51.1953
190670 51.1868
190680 51.1786
190690 51.183
190700 51.181
190710 51.1649
190720 51.1468
190730 51.1453
190740 51.1677
190750 51.2108
190760 51.2255
190770 51.1992
190780 51.1527
190790 51.096
190800 51.0373
190810 51.0223
190820 51.043
190830 51.0699
190840 51.0992
190850 51.1136
190860 51.1145
190870 51.1047
190880 51.0773
190890 51.0314
190900 50.995
190910 50.9835
190920 50.9878
190930 51.0257
190940 51.1331
190950 51.2729
190960 51.3595
190970 51.3909
190980 51.4085
190990 51.3921
191000 51.3335
191010 51.2922
191020 51.2932
191030 51.3172
191040 51.3581
191050 51.4109
191060 51.4635
191070 51.5107
191080 51.5499
191090 51.5664
191100 51.5765
191110 51.5929
191120 51.6106
191130 51.6363
191140 51.7067
191150 51.8019
191160 51.8567
191170 51.8614
191180 51.8268
191190 51.7773
191200 51.7301
191210 51.7099
191220 51.7158
191230 51.7158
191240 51.7181
191250 51.7112
191260 51.6751
191270 51.6418
191280 51.6308
191290 51.6117
191300 51.5869
191310 51.5831
191320 51.5691
191330 51.5344
191340 51.5206
191350 51.5257
191360 51.5031
191370 51.4678
191380 51.4666
191390 51.4997
191400 51.5402
191410 51.585
191420 51.6432
191430 51.678
191440 51.6733
191450 51.6476
191460 51.6336
191470 51.6726
191480 51.7555
191490 51.8224
191500 51.8534
191510 51.8755
191520 51.8752
191530 51.8266
191540 51.756
191550 51.7126
191560 51.6956
191570 51.7035
191580 51.7336
191590 51.7562
191600 51.7356
191610 51.6886
191620 51.6454
191630 51.5855
191640 51.5289
191650 51.5224
191660 51.5568
191670 51.5899
191680 51.6219
191690 51.6615
191700 51.6772
191710 51.6575
191720 51.6422
191730 51.6504
191740 51.6771
191750 51.704
191760 51.7214
191770 51.7352
191780 51.7455
191790 51.7428
191800 51.7114
191810 51.6724
191820 51.6473
191830 51.624
191840 51.6023
191850 51.5955
191860 51.6011
191870 51.6039
191880 51.5912
191890 51.5683
191900 51.5493
191910 51.5395
191920 51.5351
191930 51.5583
191940 51.6397
191950 51.7496
191960 51.8047
191970 51.798
191980 51.7804
191990 51.7557
192000 51.7014
192010 51.6417
192020 51.6052
192030 51.5781
192040 51.5607
192050 51.5563
192060 51.54
192070 51.5131
192080 51.4915
192090 51.4746
192100 51.4672
192110 51.4747
192120 51.4832
192130 51.482
192140 51.4828
192150 51.4889
192160 51.5034
192170 51.5331
192180 51.5731
192190 51.6223
192200 51.6874
192210 51.7518
192220 51.8066
192230 51.8611
192240 51.9094
192250 51.9279
192260 51.9253
192270 51.9202
192280 51.9166
192290 51.9092
192300 51.9065
192310 51.9237
192320 51.9773
192330 52.0351
192340 52.0713
192350 52.0981
192360 52.1229
192370 52.1184
192380 52.0734
192390 52.0167
192400 51.9807
192410 51.9881
192420 52.0566
192430 52.1494
192440 52.2134
192450 52.235
192460 52.2412
192470 52.2605
192480 52.2889
192490 52.3036
192500 52.2885
192510 52.2519
192520 52.2194
192530 52.1978
192540 52.1979
192550 52.2246
192560 52.2622
192570 52.3102
192580 52.3395
192590 52.3285
192600 52.2901
192610 52.2521
192620 52.2264
192630 52.2099
192640 52.2208
192650 52.2493
192660 52.2667
192670 52.2744
192680 52.2714
192690 52.2586
192700 52.2683
192710 52.2798
192720 52.2631
192730 52.2521
192740 52.2724
192750 52.2964
192760 52.3015
192770 52.2848
192780 52.2621
192790 52.2623
192800 52.2981
192810 52.3492
192820 52.399
192830 52.4455
192840 52.4753
192850 52.4767
192860 52.4602
192870 52.4254
192880 52.3731
192890 52.3327
192900 52.3443
192910 52.3902
192920 52.4253
192930 52.4245
192940 52.3798
192950 52.3006
192960 52.2118
192970 52.1472
192980 52.121
192990 52.1342
193000 52.1578
193010 52.1728
193020 52.1872
193030 52.1913
193040 52.1906
193050 52.2088
193060 52.2229
193070 52.2057
193080 52.1778
193090 52.1801
193100 52.2222
193110 52.2962
193120 52.3727
193130 52.4229
193140 52.4472
193150 52.4496
193160 52.4224
193170 52.3772
193180 52.3392
193190 52.31
193200 52.2695
193210 52.1916
193220 52.0806
193230 51.9601
193240 51.8656
193250 51.8179
193260 51.8083
193270 51.8426
193280 51.9174
193290 51.9995
193300 52.0621
193310 52.0778
193320 52.0363
193330 51.9797
193340 51.9456
193350 51.9303
193360 51.9376
193370 51.9715
193380 52.0009
193390 51.9912
193400 51.9538
193410 51.91
193420 51.8531
193430 51.7816
193440 51.725
193450 51.7128
193460 51.736
193470 51.7802
193480 51.8148
193490 51.807
193500 51.7793
193510 51.7738
193520 51.8071
193530 51.8632
193540 51.9172
193550 51.9664
193560 52.0013
193570 52.0139
193580 52.0149
193590 52.0123
193600 51.9883
193610 51.9665
193620 51.9535
193630 51.9114
193640 51.8592
193650 51.8326
193660 51.8295
193670 51.8431
193680 51.8743
193690 51.9115
193700 51.9203
193710 51.8889
193720 51.849
193730 51.8422
193740 51.8676
193750 51.8915
193760 51.9135
193770 51.95
193780 52.0042
193790 52.0548
193800 52.0769
193810 52.0766
193820 52.0668
193830 52.0365
193840 51.9954
193850 52.0023
193860 52.0553
193870 52.108
193880 52.1514
193890 52.1772
193900 52.1594
193910 52.1026
193920 52.0553
193930 52.0436
193940 52.0496
193950 52.0686
193960 52.1046
193970 52.1496
193980 52.2022
193990 52.2495
194000 52.2765
194010 52.2799
194020 52.2737
194030 52.2566
194040 52.2234
194050 52.201
194060 52.1833
194070 52.1314
194080 52.069
194090 52.0463
194100 52.0617
194110 52.0761
194120 52.065
194130 52.0324
194140 51.9886
194150 51.9425
194160 51.903
194170 51.8868
194180 51.9114
194190 51.9514
194200 51.9754
194210 51.9732
194220 51.9533
194230 51.9489
194240 51.981
194250 52.0286
194260 52.0795
194270 52.1452
194280 52.1937
194290 52.1971
194300 52.1643
194310 52.1038
194320 52.0294
194330 51.9497
194340 51.8737
194350 51.8358
194360 51.8418
194370 51.8619
194380 51.8836
194390 51.8822
194400 51.8341
194410 51.7829
194420 51.7751
194430 51.804
194440 51.8366
194450 51.8471
194460 51.8556
194470 51.8774
194480 51.9052
194490 51.9282
194500 51.9211
194510 51.8729
194520 51.8232
194530 51.7888
194540 51.7712
194550 51.7582
194560 51.7236
194570 51.666
194580 51.6326
194590 51.6336
194600 51.6454
194610 51.6883
194620 51.7946
194630 51.9407
194640 52.0581
194650 52.1182
194660 52.1614
194670 52.2002
194680 52.2207
194690 52.2323
194700 52.2359
194710 52.2003
194720 52.1206
194730 52.0399
194740 51.9951
194750 51.9965
194760 52.0307
194770 52.0969
194780 52.1879
194790 52.2736
194800 52.3116
194810 52.307
194820 52.3239
194830 52.4005
194840 52.4935
194850 52.5521
194860 52.5947
194870 52.6425
194880 52.6726
194890 52.6775
194900 52.6844
194910 52.7259
194920 52.8135
194930 52.9265
194940 53.0008
194950 53.0207
194960 53.0343
194970 53.0423
194980 53.0213
194990 52.9887
195000 52.9486
195010 52.9096
195020 52.8921
195030 52.8902
195040 52.8891
195050 52.8744
195060 52.8523
195070 52.8603
195080 52.8986
195090 52.9242
195100 52.9002
195110 52.825
195120 52.7129
195130 52.6008
195140 52.5535
195150 52.5937
195160 52.6623
195170 52.7266
195180 52.7751
195190 52.7946
195200 52.7849
195210 52.7653
195220 52.7569
195230 52.7635
195240 52.7938
195250 52.8469
195260 52.8904
195270 52.9127
195280 52.9118
195290 52.8845
195300 52.8585
195310 52.8596
195320 52.8811
195330 52.9142
195340 52.9611
195350 53.0194
195360 53.0851
195370 53.15
195380 53.1946
195390 53.209
195400 53.2073
195410 53.2073
195420 53.2092
195430 53.2132
195440 53.221
195450 53.2235
195460 53.2292
195470 53.2165
195480 53.1663
195490 53.1111
195500 53.065
195510 53.0092
195520 52.9452
195530 52.8899
195540 52.8638
195550 52.8788
195560 52.9188
195570 52.9377
195580 52.8999
195590 52.8078
195600 52.7239
195610 52.7175
195620 52.7942
195630 52.8971
195640 52.9706
195650 53.016
195660 53.0083
195670 52.9348
195680 52.8519
195690 52.7945
195700 52.7697
195710 52.8007
195720 52.8709
195730 52.9413
195740 53.0195
195750 53.0983
195760 53.1356
195770 53.1416
195780 53.1411
195790 53.1247
195800 53.0943
195810 53.0772
195820 53.0967
195830 53.1537
195840 53.2284
195850 53.275
195860 53.2907
195870 53.3045
195880 53.3067
195890 53.291
195900 53.2784
195910 53.2554
195920 53.219
195930 53.2098
195940 53.238
195950 53.2581
195960 53.2515
195970 53.2193
195980 53.1397
195990 53.0465
196000 52.9939
196010 52.9968
196020 53.0254
196030 53.0592
196040 53.0838
196050 53.0883
196060 53.0808
196070 53.0818
196080 53.0944
196090 53.1153
196100 53.1311
196110 53.1373
196120 53.1572
196130 53.1988
196140 53.22
196150 53.2042
196160 53.194
196170 53.1966
196180 53.1867
196190 53.1562
196200 53.123
196210 53.0961
196220 53.0782
196230 53.0464
196240 52.9985
196250 52.9433
196260 52.8959
196270 52.8602
196280 52.8238
196290 52.7683
196300 52.7152
196310 52.6971
196320 52.7114
196330 52.7273
196340 52.7311
196350 52.7146
196360 52.6859
196370 52.6848
196380 52.7008
196390 52.6864
196400 52.655
196410 52.6533
196420 52.6733
196430 52.6952
196440 52.7306
196450 52.7707
196460 52.8041
196470 52.8362
196480 52.8543
196490 52.8438
196500 52.8185
196510 52.8016
196520 52.787
196530 52.7581
196540 52.7239
196550 52.6973
196560 52.6828
196570 52.6762
196580 52.6649
196590 52.6408
196600 52.6172
196610 52.6112
196620 52.6129
196630 52.6111
196640 52.6212
196650 52.655
196660 52.7089
196670 52.746
196680 52.7608
196690 52.7925
196700 52.8432
196710 52.881
196720 52.8879
196730 52.8857
196740 52.8987
196750 52.9244
196760 52.9532
196770 53.0024
196780 53.0641
196790 53.1029
196800 53.1078
196810 53.0922
196820 53.0511
196830 52.9814
196840 52.9089
196850 52.8496
196860 52.8178
196870 52.8328
196880 52.8841
196890 52.9085
196900 52.8844
196910 52.8459
196920 52.8053
196930 52.7597
196940 52.7238
196950 52.7139
196960 52.729
196970 52.7533
196980 52.7495
196990 52.7268
197000 52.7185
197010 52.724
197020 52.7498
197030 52.7984
197040 52.835
197050 52.8272
197060 52.8021
197070 52.7822
197080 52.7474
197090 52.6841
197100 52.6385
197110 52.6465
197120 52.664
197130 52.6593
197140 52.6672
197150 52.6704
197160 52.6312
197170 52.5687
197180 52.5233
197190 52.5015
197200 52.5055
197210 52.5169
197220 52.4966
197230 52.4562
197240 52.4234
197250 52.3693
197260 52.2904
197270 52.2335
197280 52.2189
197290 52.2319
197300 52.2788
197310 52.3435
197320 52.4026
197330 52.4578
197340 52.4953
197350 52.4947
197360 52.4805
197370 52.4667
197380 52.4491
197390 52.4295
197400 52.4189
197410 52.414
197420 52.4295
197430 52.4827
197440 52.5495
197450 52.6255
197460 52.7046
197470 52.7577
197480 52.7659
197490 52.7272
197500 52.6479
197510 52.5705
197520 52.5318
197530 52.5358
197540 52.563
197550 52.6223
197560 52.6945
197570 52.7324
197580 52.7404
197590 52.7406
197600 52.7406
197610 52.7533
197620 52.7604
197630 52.7264
197640 52.6706
197650 52.6289
197660 52.6068
197670 52.6102
197680 52.6447
197690 52.6671
197700 52.668
197710 52.6786
197720 52.7002
197730 52.6945
197740 52.6729
197750 52.6768
197760 52.6926
197770 52.6955
197780 52.6891
197790 52.6808
197800 52.6637
197810 52.6527
197820 52.6449
197830 52.6269
197840 52.5994
197850 52.5739
197860 52.5293
197870 52.4659
197880 52.4207
197890 52.3774
197900 52.2942
197910 52.2134
197920 52.1846
197930 52.1692
197940 52.1387
197950 52.1022
197960 52.0635
197970 52.0181
197980 51.9787
197990 51.971
198000 51.9908
198010 52.0411
198020 52.1123
198030 52.1757
198040 52.2271
198050 52.2574
198060 52.2527
198070 52.2381
198080 52.2195
198090 52.1915
198100 52.1638
198110 52.1325
198120 52.1148
198130 52.1203
198140 52.1344
198150 52.1497
198160 52.1618
198170 52.1596
198180 52.1616
198190 52.2022
198200 52.2798
198210 52.3554
198220 52.3986
198230 52.4301
198240 52.4767
198250 52.4944
198260 52.4412
198270 52.3488
198280 52.2689
198290 52.2239
198300 52.1993
198310 52.1777
198320 52.1821
198330 52.2036
198340 52.2031
198350 52.1881
198360 52.188
198370 52.2008
198380 52.2303
198390 52.3
198400 52.3731
198410 52.4031
198420 52.4061
198430 52.4018
198440 52.3706
198450 52.3335
198460 52.332
198470 52.3267
198480 52.291
198490 52.2646
198500 52.2566
198510 52.2537
198520 52.2776
198530 52.3248
198540 52.3611
198550 52.3922
198560 52.424
198570 52.4441
198580 52.4892
198590 52.5747
198600 52.6643
198610 52.6993
198620 52.6683
198630 52.6295
198640 52.6169
198650 52.6069
198660 52.6005
198670 52.6416
198680 52.7017
198690 52.7231
198700 52.7092
198710 52.6717
198720 52.6341
198730 52.6153
198740 52.5911
198750 52.5382
198760 52.4748
198770 52.4449
198780 52.45
198790 52.4521
198800 52.4357
198810 52.4405
198820 52.4912
198830 52.5542
198840 52.5893
198850 52.5955
198860 52.5915
198870 52.5854
198880 52.5868
198890 52.5893
198900 52.5939
198910 52.5771
198920 52.5358
198930 52.534
198940 52.5963
198950 52.6817
198960 52.7664
198970 52.8469
198980 52.9244
198990 53.0087
199000 53.0769
199010 53.0926
199020 53.0658
199030 53.0372
199040 53.0297
199050 53.029
199060 53.0255
199070 53.0224
199080 53.0188
199090 53.0022
199100 52.9812
199110 52.9549
199120 52.9081
199130 52.8744
199140 52.8929
199150 52.9555
199160 53.045
199170 53.1446
199180 53.1964
199190 53.1824
199200 53.1352
199210 53.0729
199220 53.0028
199230 52.9557
199240 52.9652
199250 53.0027
199260 53.0249
199270 53.0113
199280 52.9645
199290 52.9035
199300 52.8664
199310 52.8769
199320 52.9058
199330 52.9339
199340 52.9585
199350 52.9689
199360 52.9615
199370 52.9705
199380 53.0142
199390 53.0628
199400 53.1028
199410 53.1244
199420 53.1194
199430 53.1134
199440 53.1398
199450 53.183
199460 53.2178
199470 53.2471
199480 53.2806
199490 53.2848
199500 53.2452
199510 53.1995
199520 53.1814
199530 53.1917
199540 53.2245
199550 53.2532
199560 53.2523
199570 53.2384
199580 53.2315
199590 53.2274
199600 53.2218
199610 53.2202
199620 53.2442
199630 53.2903
199640 53.3291
199650 53.3323
199660 53.2799
199670 53.182
199680 53.0813
199690 53.0346
199700 53.0477
199710 53.0609
199720 53.0646
199730 53.1066
199740 53.1693
199750 53.2121
199760 53.2535
199770 53.299
199780 53.3092
199790 53.3028
199800 53.2956
199810 53.2559
199820 53.2036
199830 53.2092
199840 53.276
199850 53.3541
199860 53.4083
199870 53.4354
199880 53.4453
199890 53.4358
199900 53.408
199910 53.4045
199920 53.4741
199930 53.5805
199940 53.6683
199950 53.7303
199960 53.7709
199970 53.7753
199980 53.7299
199990 53.6368
200000 53.553
