# Time-averaged data for fix msdw
# TimeStep c_mw[4]
0 6.03998e-11
10 0.0249602
20 0.0736797
30 0.107399
40 0.124615
50 0.14248
60 0.165899
70 0.192387
80 0.219849
90 0.247063
100 0.27221
110 0.296864
120 0.318867
130 0.339422
140 0.361687
150 0.38773
160 0.414902
170 0.439062
180 0.460478
190 0.48158
200 0.502092
210 0.521053
220 0.537274
230 0.556848
240 0.578417
250 0.599265
260 0.61715
270 0.632551
280 0.647153
290 0.662816
300 0.677051
310 0.689838
320 0.703026
330 0.72098
340 0.739448
350 0.756037
360 0.772833
370 0.785478
380 0.794518
390 0.807033
400 0.821041
410 0.829092
420 0.831507
430 0.837542
440 0.845636
450 0.852909
460 0.861177
470 0.870527
480 0.878981
490 0.884438
500 0.888681
510 0.897458
520 0.909489
530 0.918948
540 0.924444
550 0.931029
560 0.94059
570 0.950726
580 0.958101
590 0.96742
600 0.979322
610 0.98978
620 1.00335
630 1.0165
640 1.0229
650 1.02798
660 1.03877
670 1.05426
680 1.06787
690 1.0811
700 1.09296
710 1.10021
720 1.10603
730 1.11021
740 1.11585
750 1.12647
760 1.14103
770 1.15281
780 1.15712
790 1.16006
800 1.16854
810 1.17956
820 1.18914
830 1.19853
840 1.20802
850 1.21621
860 1.22278
870 1.22967
880 1.23956
890 1.2494
900 1.26042
910 1.2702
920 1.27816
930 1.28892
940 1.29957
950 1.30527
960 1.31109
970 1.31964
980 1.33188
990 1.34211
1000 1.35047
1010 1.35532
1020 1.36063
1030 1.36696
1040 1.37517
1050 1.3833
1060 1.39272
1070 1.40189
1080 1.40753
1090 1.41422
1100 1.42143
1110 1.42771
1120 1.43478
1130 1.44385
1140 1.45509
1150 1.4625
1160 1.46862
1170 1.47997
1180 1.49622
1190 1.50931
1200 1.51863
1210 1.52725
1220 1.53856
1230 1.54903
1240 1.55344
1250 1.55726
1260 1.56638
1270 1.57216
1280 1.57406
1290 1.57841
1300 1.58631
1310 1.59368
1320 1.60228
1330 1.60884
1340 1.61586
1350 1.62487
1360 1.63661
1370 1.64706
1380 1.65313
1390 1.65795
1400 1.66378
1410 1.67131
1420 1.68118
1430 1.69431
1440 1.70856
1450 1.71836
1460 1.72651
1470 1.73369
1480 1.73969
1490 1.74646
1500 1.75389
1510 1.76354
1520 1.77518
1530 1.78456
1540 1.79088
1550 1.79775
1560 1.8032
1570 1.80715
1580 1.81021
1590 1.81488
1600 1.82488
1610 1.84114
1620 1.85427
1630 1.86065
1640 1.8669
1650 1.87252
1660 1.87561
1670 1.88057
1680 1.89167
1690 1.90291
1700 1.9066
1710 1.90747
1720 1.91037
1730 1.9163
1740 1.92704
1750 1.94076
1760 1.95142
1770 1.95956
1780 1.96542
1790 1.96836
1800 1.97324
1810 1.98426
1820 1.99996
1830 2.01288
1840 2.02103
1850 2.03044
1860 2.03993
1870 2.0445
1880 2.04742
1890 2.05151
1900 2.05833
1910 2.06505
1920 2.0671
1930 2.06787
1940 2.07066
1950 2.07477
1960 2.08037
1970 2.08492
1980 2.08786
1990 2.09254
2000 2.0927
2010 2.08675
2020 2.08334
2030 2.08508
2040 2.08326
2050 2.08209
2060 2.08257
2070 2.08107
2080 2.07876
2090 2.07647
2100 2.07826
2110 2.08386
2120 2.09257
2130 2.09843
2140 2.10089
2150 2.09942
2160 2.10133
2170 2.10156
2180 2.10167
2190 2.10937
2200 2.11906
2210 2.12291
2220 2.12823
2230 2.13333
2240 2.13584
2250 2.14018
2260 2.14839
2270 2.15821
2280 2.16991
2290 2.1847
2300 2.19683
2310 2.20822
2320 2.21906
2330 2.23067
2340 2.24691
2350 2.26775
2360 2.28562
2370 2.29583
2380 2.30231
2390 2.3132
2400 2.33196
2410 2.35268
2420 2.37116
2430 2.38658
2440 2.3977
2450 2.40791
2460 2.42182
2470 2.4336
2480 2.43856
2490 2.44663
2500 2.462
2510 2.47651
2520 2.48072
2530 2.48387
2540 2.49131
2550 2.49922
2560 2.50628
2570 2.51314
2580 2.52015
2590 2.53271
2600 2.54284
2610 2.54408
2620 2.54314
2630 2.54567
2640 2.54982
2650 2.55516
2660 2.56137
2670 2.56662
2680 2.57266
2690 2.58061
2700 2.58233
2710 2.58275
2720 2.58746
2730 2.59079
2740 2.59434
2750 2.60024
2760 2.60539
2770 2.60912
2780 2.61009
2790 2.61369
2800 2.62285
2810 2.63197
2820 2.63682
2830 2.64369
2840 2.65829
2850 2.67357
2860 2.68406
2870 2.6916
2880 2.70059
2890 2.70877
2900 2.71675
2910 2.72692
2920 2.7313
2930 2.73202
2940 2.73682
2950 2.73948
2960 2.74182
2970 2.74168
2980 2.74362
2990 2.74809
3000 2.75293
3010 2.75291
3020 2.74853
3030 2.74975
3040 2.76025
3050 2.77381
3060 2.78009
3070 2.78604
3080 2.79272
3090 2.79853
3100 2.80867
3110 2.82005
3120 2.82546
3130 2.83314
3140 2.85139
3150 2.8654
3160 2.87277
3170 2.87917
3180 2.88323
3190 2.88234
3200 2.88661
3210 2.89703
3220 2.90488
3230 2.9079
3240 2.91524
3250 2.92664
3260 2.93625
3270 2.94366
3280 2.95559
3290 2.97154
3300 2.98554
3310 2.99395
3320 2.99337
3330 2.9927
3340 2.99999
3350 3.00794
3360 3.01471
3370 3.02418
3380 3.03363
3390 3.04297
3400 3.04903
3410 3.05456
3420 3.06257
3430 3.07396
3440 3.08482
3450 3.08829
3460 3.09376
3470 3.10645
3480 3.11851
3490 3.12703
3500 3.13778
3510 3.14799
3520 3.15267
3530 3.15458
3540 3.15954
3550 3.16837
3560 3.18097
3570 3.18919
3580 3.18766
3590 3.1921
3600 3.20499
3610 3.21272
3620 3.21036
3630 3.2113
3640 3.22125
3650 3.23638
3660 3.25176
3670 3.26388
3680 3.26986
3690 3.27142
3700 3.27702
3710 3.28735
3720 3.2973
3730 3.29717
3740 3.29176
3750 3.29758
3760 3.31198
3770 3.32256
3780 3.33169
3790 3.34005
3800 3.34598
3810 3.35038
3820 3.35733
3830 3.3644
3840 3.37128
3850 3.38501
3860 3.40053
3870 3.40883
3880 3.41074
3890 3.41564
3900 3.42612
3910 3.43634
3920 3.44123
3930 3.44701
3940 3.45149
3950 3.45211
3960 3.45017
3970 3.45011
3980 3.45168
3990 3.45162
4000 3.45705
4010 3.46619
4020 3.47726
4030 3.48339
4040 3.48236
4050 3.48141
4060 3.4806
4070 3.47467
4080 3.47287
4090 3.47903
4100 3.48276
4110 3.4755
4120 3.46974
4130 3.47561
4140 3.48389
4150 3.48714
4160 3.4882
4170 3.49099
4180 3.49103
4190 3.48959
4200 3.49696
4210 3.51318
4220 3.52061
4230 3.51663
4240 3.51361
4250 3.51811
4260 3.52355
4270 3.52264
4280 3.52583
4290 3.53504
4300 3.54669
4310 3.55588
4320 3.56408
4330 3.57191
4340 3.57518
4350 3.58287
4360 3.59814
4370 3.61292
4380 3.61882
4390 3.6189
4400 3.6203
4410 3.62465
4420 3.63224
4430 3.64441
4440 3.65634
4450 3.66221
4460 3.67073
4470 3.68565
4480 3.69659
4490 3.70264
4500 3.7078
4510 3.71483
4520 3.72578
4530 3.73556
4540 3.74237
4550 3.754
4560 3.77108
4570 3.78083
4580 3.78312
4590 3.79328
4600 3.80816
4610 3.8165
4620 3.82346
4630 3.832
4640 3.84293
4650 3.8555
4660 3.86225
4670 3.85986
4680 3.85216
4690 3.852
4700 3.86045
4710 3.86972
4720 3.87762
4730 3.88804
4740 3.90206
4750 3.9131
4760 3.91994
4770 3.92869
4780 3.93775
4790 3.94433
4800 3.95038
4810 3.95672
4820 3.96564
4830 3.9745
4840 3.9803
4850 3.98627
4860 3.99308
4870 3.99762
4880 4.00178
4890 4.01334
4900 4.02693
4910 4.03636
4920 4.04709
4930 4.05536
4940 4.05197
4950 4.04584
4960 4.04815
4970 4.06074
4980 4.07553
4990 4.08638
5000 4.09267
5010 4.09894
5020 4.10865
5030 4.11819
5040 4.12669
5050 4.13059
5060 4.12803
5070 4.12646
5080 4.12992
5090 4.13633
5100 4.14438
5110 4.1486
5120 4.15015
5130 4.15542
5140 4.16817
5150 4.18037
5160 4.18924
5170 4.19501
5180 4.19206
5190 4.19171
5200 4.19775
5210 4.2055
5220 4.21122
5230 4.21072
5240 4.21419
5250 4.23049
5260 4.24474
5270 4.25158
5280 4.25664
5290 4.26369
5300 4.26125
5310 4.25197
5320 4.24795
5330 4.25283
5340 4.26275
5350 4.26928
5360 4.27624
5370 4.29071
5380 4.30431
5390 4.31118
5400 4.31131
5410 4.31318
5420 4.32377
5430 4.33949
5440 4.35461
5450 4.3669
5460 4.37853
5470 4.38505
5480 4.39287
5490 4.40368
5500 4.41504
5510 4.42337
5520 4.42818
5530 4.43151
5540 4.43874
5550 4.45393
5560 4.47145
5570 4.47893
5580 4.47551
5590 4.47223
5600 4.47782
5610 4.48986
5620 4.50365
5630 4.50904
5640 4.51173
5650 4.52376
5660 4.54632
5670 4.56817
5680 4.58429
5690 4.59672
5700 4.61178
5710 4.6184
5720 4.62084
5730 4.62889
5740 4.64074
5750 4.64894
5760 4.65475
5770 4.6602
5780 4.66758
5790 4.67579
5800 4.68963
5810 4.70634
5820 4.71305
5830 4.71079
5840 4.71285
5850 4.72183
5860 4.72535
5870 4.7253
5880 4.72947
5890 4.73445
5900 4.73563
5910 4.74424
5920 4.75754
5930 4.76195
5940 4.76234
5950 4.76722
5960 4.77319
5970 4.77285
5980 4.77336
5990 4.78896
6000 4.80903
6010 4.81711
6020 4.81614
6030 4.81378
6040 4.81532
6050 4.81913
6060 4.81866
6070 4.81337
6080 4.80936
6090 4.81503
6100 4.83098
6110 4.83625
6120 4.83017
6130 4.83228
6140 4.84274
6150 4.84504
6160 4.84019
6170 4.8458
6180 4.86252
6190 4.8809
6200 4.89467
6210 4.90117
6220 4.90247
6230 4.90267
6240 4.90922
6250 4.91522
6260 4.92395
6270 4.93003
6280 4.9254
6290 4.92089
6300 4.91966
6310 4.91832
6320 4.92458
6330 4.93649
6340 4.94018
6350 4.93291
6360 4.92889
6370 4.93589
6380 4.94145
6390 4.93986
6400 4.9429
6410 4.94635
6420 4.9436
6430 4.94183
6440 4.94593
6450 4.95385
6460 4.95805
6470 4.95449
6480 4.95094
6490 4.95803
6500 4.9677
6510 4.97466
6520 4.97516
6530 4.9666
6540 4.95975
6550 4.95732
6560 4.96028
6570 4.97259
6580 4.98263
6590 4.98027
6600 4.97676
6610 4.97528
6620 4.97211
6630 4.9776
6640 4.99173
6650 5.01062
6660 5.02023
6670 5.02525
6680 5.03135
6690 5.04057
6700 5.05199
6710 5.06021
6720 5.06388
6730 5.06338
6740 5.0646
6750 5.07191
6760 5.0764
6770 5.07638
6780 5.07803
6790 5.081
6800 5.07412
6810 5.06774
6820 5.07492
6830 5.09084
6840 5.10886
6850 5.12578
6860 5.14094
6870 5.14921
6880 5.15234
6890 5.1636
6900 5.17248
6910 5.17563
6920 5.17819
6930 5.18823
6940 5.20098
6950 5.20604
6960 5.21226
6970 5.22532
6980 5.23853
6990 5.24691
7000 5.25532
7010 5.2694
7020 5.28047
7030 5.28429
7040 5.28738
7050 5.29744
7060 5.3029
7070 5.3078
7080 5.31823
7090 5.32992
7100 5.33957
7110 5.34797
7120 5.35793
7130 5.37037
7140 5.37786
7150 5.38106
7160 5.38474
7170 5.39471
7180 5.39917
7190 5.39612
7200 5.39777
7210 5.41132
7220 5.4303
7230 5.43683
7240 5.42625
7250 5.41368
7260 5.42069
7270 5.43298
7280 5.43613
7290 5.43643
7300 5.44339
7310 5.45521
7320 5.45949
7330 5.46608
7340 5.48066
7350 5.49108
7360 5.48682
7370 5.48687
7380 5.49721
7390 5.50566
7400 5.51105
7410 5.52281
7420 5.52983
7430 5.53007
7440 5.53547
7450 5.54699
7460 5.556
7470 5.5559
7480 5.55039
7490 5.54953
7500 5.55228
7510 5.55544
7520 5.56097
7530 5.56585
7540 5.56771
7550 5.57078
7560 5.57314
7570 5.57463
7580 5.57332
7590 5.57527
7600 5.57612
7610 5.57146
7620 5.56721
7630 5.56744
7640 5.57099
7650 5.57922
7660 5.59025
7670 5.59082
7680 5.57965
7690 5.57101
7700 5.57524
7710 5.58205
7720 5.58607
7730 5.592
7740 5.60265
7750 5.61125
7760 5.61662
7770 5.62163
7780 5.63404
7790 5.64873
7800 5.6568
7810 5.65986
7820 5.66161
7830 5.66526
7840 5.67552
7850 5.69387
7860 5.70576
7870 5.69947
7880 5.69604
7890 5.70664
7900 5.72182
7910 5.7274
7920 5.73195
7930 5.73949
7940 5.74127
7950 5.74414
7960 5.75475
7970 5.75999
7980 5.75665
7990 5.75806
8000 5.76987
8010 5.78616
8020 5.79782
8030 5.80983
8040 5.82004
8050 5.82624
8060 5.82772
8070 5.82863
8080 5.83259
8090 5.83684
8100 5.84112
8110 5.85464
8120 5.86783
8130 5.87373
8140 5.87813
8150 5.88216
8160 5.8806
8170 5.87697
8180 5.87589
8190 5.87248
8200 5.86802
8210 5.86824
8220 5.87846
8230 5.88441
8240 5.88347
8250 5.88726
8260 5.89793
8270 5.8958
8280 5.88977
8290 5.89507
8300 5.9091
8310 5.92237
8320 5.93133
8330 5.94096
8340 5.95281
8350 5.96371
8360 5.97658
8370 5.98493
8380 5.98755
8390 5.99
8400 6.00035
8410 6.0178
8420 6.02378
8430 6.01896
8440 6.01983
8450 6.02883
8460 6.03533
8470 6.04184
8480 6.05342
8490 6.06322
8500 6.06549
8510 6.06023
8520 6.06027
8530 6.07036
8540 6.07871
8550 6.07583
8560 6.06334
8570 6.05338
8580 6.05147
8590 6.0579
8600 6.0583
8610 6.04912
8620 6.04012
8630 6.03576
8640 6.03363
8650 6.02963
8660 6.03065
8670 6.03476
8680 6.03197
8690 6.03331
8700 6.04428
8710 6.05046
8720 6.04904
8730 6.05071
8740 6.0564
8750 6.06069
8760 6.06511
8770 6.07039
8780 6.06813
8790 6.06064
8800 6.06258
8810 6.07575
8820 6.08844
8830 6.09096
8840 6.08745
8850 6.08916
8860 6.09603
8870 6.10116
8880 6.10464
8890 6.10302
8900 6.0927
8910 6.09081
8920 6.10636
8930 6.12376
8940 6.12563
8950 6.1225
8960 6.12644
8970 6.12399
8980 6.12182
8990 6.12645
9000 6.13278
9010 6.14101
9020 6.15462
9030 6.16569
9040 6.16604
9050 6.16656
9060 6.16969
9070 6.16169
9080 6.15339
9090 6.15857
9100 6.17056
9110 6.17713
9120 6.18531
9130 6.19926
9140 6.2054
9150 6.20203
9160 6.2017
9170 6.21044
9180 6.22872
9190 6.23859
9200 6.23752
9210 6.23925
9220 6.24478
9230 6.24901
9240 6.25551
9250 6.26374
9260 6.26818
9270 6.27104
9280 6.27874
9290 6.28115
9300 6.28361
9310 6.29081
9320 6.29631
9330 6.29418
9340 6.28883
9350 6.28519
9360 6.28866
9370 6.29164
9380 6.30139
9390 6.31976
9400 6.33534
9410 6.33931
9420 6.34086
9430 6.35296
9440 6.36967
9450 6.37461
9460 6.37668
9470 6.38209
9480 6.38063
9490 6.37848
9500 6.38713
9510 6.39264
9520 6.38369
9530 6.38554
9540 6.39736
9550 6.40334
9560 6.40334
9570 6.40588
9580 6.41624
9590 6.42434
9600 6.42267
9610 6.41844
9620 6.41546
9630 6.41228
9640 6.40328
9650 6.39566
9660 6.39559
9670 6.39605
9680 6.3879
9690 6.38438
9700 6.39859
9710 6.41136
9720 6.41384
9730 6.4243
9740 6.4466
9750 6.45773
9760 6.46165
9770 6.47201
9780 6.48229
9790 6.48696
9800 6.49421
9810 6.5065
9820 6.52044
9830 6.52871
9840 6.53285
9850 6.54198
9860 6.55338
9870 6.55968
9880 6.55771
9890 6.5533
9900 6.55462
9910 6.55545
9920 6.55138
9930 6.55194
9940 6.55351
9950 6.55473
9960 6.55837
9970 6.56258
9980 6.56204
9990 6.56175
10000 6.56488
10010 6.57393
10020 6.58135
10030 6.57888
10040 6.57624
10050 6.58537
10060 6.59831
10070 6.60914
10080 6.60706
10090 6.60293
10100 6.60789
10110 6.61455
10120 6.62571
10130 6.63755
10140 6.64977
10150 6.6666
10160 6.68215
10170 6.6968
10180 6.70937
10190 6.72034
10200 6.72331
10210 6.72411
10220 6.73008
10230 6.73485
10240 6.73674
10250 6.7403
10260 6.74805
10270 6.75655
10280 6.76035
10290 6.76448
10300 6.77766
10310 6.787
10320 6.79102
10330 6.79517
10340 6.79431
10350 6.7902
10360 6.7918
10370 6.80097
10380 6.81643
10390 6.83729
10400 6.8527
10410 6.85925
10420 6.87013
10430 6.89208
10440 6.91578
10450 6.92998
10460 6.93613
10470 6.95142
10480 6.96559
10490 6.97026
10500 6.97692
10510 6.98724
10520 6.99412
10530 6.99883
10540 7.01172
10550 7.03018
10560 7.04234
10570 7.04627
10580 7.04968
10590 7.05704
10600 7.07042
10610 7.086
10620 7.09001
10630 7.07399
10640 7.05868
10650 7.0629
10660 7.07398
10670 7.07315
10680 7.05896
10690 7.05139
10700 7.05663
10710 7.06232
10720 7.05725
10730 7.05223
10740 7.05736
10750 7.0688
10760 7.07006
10770 7.06132
10780 7.04815
10790 7.04039
10800 7.03959
10810 7.039
10820 7.03627
10830 7.03131
10840 7.02771
10850 7.03236
10860 7.03533
10870 7.04403
10880 7.04854
10890 7.04767
10900 7.05507
10910 7.07156
10920 7.08401
10930 7.08778
10940 7.09582
10950 7.11188
10960 7.12273
10970 7.1224
10980 7.12189
10990 7.13278
11000 7.14371
11010 7.14163
11020 7.13657
11030 7.13339
11040 7.12928
11050 7.13012
11060 7.14386
11070 7.16068
11080 7.17445
11090 7.18553
11100 7.18893
11110 7.18962
11120 7.18694
11130 7.19305
11140 7.20369
11150 7.2036
11160 7.19522
11170 7.19812
11180 7.20991
11190 7.2136
11200 7.21351
11210 7.22606
11220 7.25089
11230 7.26837
11240 7.27094
11250 7.27262
11260 7.28019
11270 7.2927
11280 7.30421
11290 7.31426
11300 7.32345
11310 7.3273
11320 7.32756
11330 7.3305
11340 7.32907
11350 7.3293
11360 7.34388
11370 7.35688
11380 7.36291
11390 7.37168
11400 7.37609
11410 7.37249
11420 7.37985
11430 7.39323
11440 7.39623
11450 7.39361
11460 7.39782
11470 7.40328
11480 7.40104
11490 7.39993
11500 7.40598
11510 7.41352
11520 7.42697
11530 7.44529
11540 7.47017
11550 7.493
11560 7.50434
11570 7.51369
11580 7.52295
11590 7.52923
11600 7.52888
11610 7.53292
11620 7.54538
11630 7.56695
11640 7.58149
11650 7.58024
11660 7.58085
11670 7.59209
11680 7.60038
11690 7.60198
11700 7.60582
11710 7.61361
11720 7.62215
11730 7.62878
11740 7.63713
11750 7.64486
11760 7.64762
11770 7.64111
11780 7.63891
11790 7.6443
11800 7.64466
11810 7.6395
11820 7.63801
11830 7.64141
11840 7.6448
11850 7.65517
11860 7.66706
11870 7.67278
11880 7.67093
11890 7.66389
11900 7.66184
11910 7.6708
11920 7.69099
11930 7.7092
11940 7.70963
11950 7.70742
11960 7.72304
11970 7.74574
11980 7.76265
11990 7.77395
12000 7.79011
12010 7.80057
12020 7.80522
12030 7.81426
12040 7.82441
12050 7.83468
12060 7.84355
12070 7.85379
12080 7.86024
12090 7.86595
12100 7.87212
12110 7.87788
12120 7.88697
12130 7.89666
12140 7.90235
12150 7.90497
12160 7.90441
12170 7.90617
12180 7.91739
12190 7.92733
12200 7.92523
12210 7.91093
12220 7.90039
12230 7.90237
12240 7.91062
12250 7.91414
12260 7.90988
12270 7.90988
12280 7.91739
12290 7.92752
12300 7.93671
12310 7.94679
12320 7.94666
12330 7.93969
12340 7.94272
12350 7.95121
12360 7.95594
12370 7.95558
12380 7.96032
12390 7.98186
12400 7.9947
12410 7.98865
12420 7.9909
12430 8.01419
12440 8.03856
12450 8.05121
12460 8.05797
12470 8.06118
12480 8.0712
12490 8.08215
12500 8.08777
12510 8.09211
12520 8.10382
12530 8.11382
12540 8.11071
12550 8.10715
12560 8.11189
12570 8.12356
12580 8.12888
12590 8.13467
12600 8.14522
12610 8.15887
12620 8.17539
12630 8.18987
12640 8.19615
12650 8.20421
12660 8.21779
12670 8.22318
12680 8.22302
12690 8.23822
12700 8.24967
12710 8.24119
12720 8.23377
12730 8.23952
12740 8.23767
12750 8.23056
12760 8.22885
12770 8.235
12780 8.24214
12790 8.24961
12800 8.25238
12810 8.24651
12820 8.23867
12830 8.23678
12840 8.23301
12850 8.22862
12860 8.23341
12870 8.22877
12880 8.20864
12890 8.20183
12900 8.21434
12910 8.22058
12920 8.22029
12930 8.22057
12940 8.21642
12950 8.21282
12960 8.22547
12970 8.24172
12980 8.24034
12990 8.22413
13000 8.22445
13010 8.24236
13020 8.25042
13030 8.25287
13040 8.26529
13050 8.27436
13060 8.27962
13070 8.28176
13080 8.27558
13090 8.26979
13100 8.28026
13110 8.29631
13120 8.305
13130 8.31936
13140 8.33797
13150 8.35882
13160 8.38337
13170 8.40521
13180 8.41762
13190 8.43237
13200 8.45502
13210 8.47884
13220 8.49652
13230 8.50953
13240 8.52542
13250 8.54798
13260 8.57102
13270 8.58422
13280 8.59165
13290 8.59711
13300 8.60512
13310 8.61328
13320 8.61418
13330 8.61924
13340 8.63351
13350 8.64953
13360 8.64843
13370 8.64129
13380 8.64913
13390 8.65816
13400 8.65449
13410 8.6581
13420 8.66897
13430 8.67301
13440 8.67505
13450 8.67994
13460 8.68986
13470 8.70443
13480 8.72043
13490 8.73096
13500 8.72625
13510 8.71504
13520 8.72159
13530 8.7285
13540 8.72764
13550 8.72197
13560 8.72874
13570 8.74861
13580 8.77002
13590 8.78721
13600 8.79226
13610 8.79821
13620 8.80637
13630 8.81785
13640 8.83322
13650 8.84115
13660 8.84568
13670 8.85793
13680 8.87089
13690 8.8751
13700 8.87924
13710 8.89351
13720 8.90393
13730 8.90418
13740 8.90387
13750 8.9167
13760 8.93365
13770 8.94877
13780 8.95087
13790 8.94138
13800 8.92869
13810 8.92222
13820 8.92276
13830 8.92609
13840 8.92639
13850 8.92002
13860 8.9088
13870 8.9002
13880 8.89555
13890 8.88836
13900 8.87716
13910 8.88289
13920 8.89965
13930 8.90733
13940 8.91134
13950 8.91363
13960 8.91186
13970 8.91665
13980 8.93407
13990 8.94916
14000 8.94753
14010 8.94303
14020 8.94535
14030 8.9598
14040 8.97147
14050 8.97393
14060 8.98033
14070 8.99759
14080 9.01909
14090 9.03265
14100 9.0397
14110 9.04835
14120 9.06771
14130 9.08413
14140 9.09348
14150 9.10853
14160 9.12752
14170 9.12959
14180 9.12326
14190 9.12434
14200 9.13217
14210 9.14139
14220 9.15376
14230 9.15771
14240 9.14669
14250 9.13848
14260 9.14077
14270 9.15229
14280 9.16583
14290 9.16869
14300 9.15983
14310 9.15278
14320 9.15401
14330 9.16049
14340 9.16094
14350 9.16845
14360 9.18322
14370 9.19537
14380 9.203
14390 9.209
14400 9.21051
14410 9.21125
14420 9.22399
14430 9.24504
14440 9.2553
14450 9.26146
14460 9.26705
14470 9.26938
14480 9.26988
14490 9.27987
14500 9.2909
14510 9.28125
14520 9.26341
14530 9.25318
14540 9.25196
14550 9.25479
14560 9.25414
14570 9.24004
14580 9.22465
14590 9.22023
14600 9.22029
14610 9.22153
14620 9.21311
14630 9.19838
14640 9.18822
14650 9.18443
14660 9.18948
14670 9.19565
14680 9.19996
14690 9.20192
14700 9.20724
14710 9.21495
14720 9.2167
14730 9.2215
14740 9.23732
14750 9.25442
14760 9.25883
14770 9.25294
14780 9.25455
14790 9.26962
14800 9.28906
14810 9.29954
14820 9.30424
14830 9.31316
14840 9.32843
14850 9.35221
14860 9.37848
14870 9.40115
14880 9.42084
14890 9.43609
14900 9.45057
14910 9.4639
14920 9.47282
14930 9.4834
14940 9.49954
14950 9.52146
14960 9.53976
14970 9.54508
14980 9.55028
14990 9.56236
15000 9.57303
15010 9.58219
15020 9.59619
15030 9.6113
15040 9.62717
15050 9.64111
15060 9.65084
15070 9.65173
15080 9.64296
15090 9.6387
15100 9.65127
15110 9.66578
15120 9.67674
15130 9.68803
15140 9.6992
15150 9.70495
15160 9.70061
15170 9.69753
15180 9.69993
15190 9.71076
15200 9.72591
15210 9.73366
15220 9.73502
15230 9.72486
15240 9.71313
15250 9.71315
15260 9.71767
15270 9.71526
15280 9.71536
15290 9.71953
15300 9.71613
15310 9.70341
15320 9.70229
15330 9.71221
15340 9.72055
15350 9.72768
15360 9.73724
15370 9.74823
15380 9.74904
15390 9.75129
15400 9.7643
15410 9.78745
15420 9.80757
15430 9.82036
15440 9.83339
15450 9.8429
15460 9.84595
15470 9.85021
15480 9.86242
15490 9.87918
15500 9.88286
15510 9.87526
15520 9.87683
15530 9.88708
15540 9.89261
15550 9.89575
15560 9.89799
15570 9.90823
15580 9.9248
15590 9.94354
15600 9.95386
15610 9.95526
15620 9.95632
15630 9.96404
15640 9.97091
15650 9.97331
15660 9.9781
15670 9.98074
15680 9.98197
15690 9.99539
15700 10.0074
15710 10.011
15720 10.0152
15730 10.018
15740 10.0208
15750 10.0287
15760 10.0348
15770 10.0358
15780 10.0343
15790 10.0278
15800 10.0292
15810 10.0358
15820 10.0409
15830 10.042
15840 10.0484
15850 10.052
15860 10.0446
15870 10.032
15880 10.0252
15890 10.0162
15900 10.0059
15910 9.9963
15920 9.99226
15930 9.99633
15940 10.0007
15950 9.99395
15960 9.98503
15970 9.98644
15980 9.9948
15990 9.99795
16000 9.99793
16010 10.0017
16020 10.011
16030 10.0213
16040 10.0223
16050 10.0179
16060 10.0226
16070 10.0382
16080 10.0492
16090 10.0546
16100 10.0619
16110 10.0801
16120 10.0994
16130 10.109
16140 10.115
16150 10.1166
16160 10.1186
16170 10.1285
16180 10.1362
16190 10.1404
16200 10.1446
16210 10.1537
16220 10.1671
16230 10.1772
16240 10.1765
16250 10.1688
16260 10.1621
16270 10.1674
16280 10.1881
16290 10.2042
16300 10.2006
16310 10.2017
16320 10.2126
16330 10.2193
16340 10.2208
16350 10.2209
16360 10.2198
16370 10.2095
16380 10.2098
16390 10.228
16400 10.2405
16410 10.2453
16420 10.2495
16430 10.2573
16440 10.2647
16450 10.2621
16460 10.2545
16470 10.2568
16480 10.273
16490 10.2799
16500 10.2784
16510 10.2815
16520 10.2905
16530 10.3038
16540 10.3137
16550 10.3103
16560 10.3074
16570 10.3072
16580 10.298
16590 10.287
16600 10.2771
16610 10.2687
16620 10.2638
16630 10.2666
16640 10.2769
16650 10.2868
16660 10.2905
16670 10.2976
16680 10.3143
16690 10.3309
16700 10.332
16710 10.3227
16720 10.3195
16730 10.3294
16740 10.3533
16750 10.3709
16760 10.3784
16770 10.3841
16780 10.3936
16790 10.4097
16800 10.4249
16810 10.4282
16820 10.4396
16830 10.4484
16840 10.4539
16850 10.4726
16860 10.4976
16870 10.5172
16880 10.5196
16890 10.5163
16900 10.5197
16910 10.526
16920 10.5305
16930 10.5487
16940 10.5656
16950 10.5621
16960 10.5476
16970 10.5512
16980 10.5632
16990 10.568
17000 10.5745
17010 10.5812
17020 10.5758
17030 10.5685
17040 10.5681
17050 10.5717
17060 10.5772
17070 10.5794
17080 10.5871
17090 10.6061
17100 10.6236
17110 10.6282
17120 10.6303
17130 10.646
17140 10.6621
17150 10.666
17160 10.6684
17170 10.6782
17180 10.689
17190 10.6975
17200 10.7069
17210 10.7133
17220 10.7113
17230 10.7109
17240 10.7171
17250 10.7196
17260 10.7085
17270 10.7005
17280 10.6936
17290 10.6817
17300 10.6722
17310 10.6637
17320 10.6596
17330 10.6673
17340 10.6716
17350 10.6693
17360 10.6775
17370 10.6911
17380 10.6928
17390 10.6886
17400 10.6954
17410 10.7154
17420 10.7375
17430 10.7434
17440 10.7424
17450 10.7551
17460 10.7726
17470 10.776
17480 10.7787
17490 10.7932
17500 10.8117
17510 10.8205
17520 10.8267
17530 10.8352
17540 10.8318
17550 10.8203
17560 10.8226
17570 10.834
17580 10.837
17590 10.8391
17600 10.8412
17610 10.8386
17620 10.8445
17630 10.8639
17640 10.8759
17650 10.8702
17660 10.8593
17670 10.8534
17680 10.8575
17690 10.8637
17700 10.8629
17710 10.8765
17720 10.908
17730 10.9239
17740 10.9229
17750 10.9226
17760 10.9281
17770 10.9376
17780 10.9406
17790 10.9308
17800 10.9105
17810 10.8963
17820 10.9026
17830 10.9265
17840 10.9472
17850 10.9612
17860 10.9722
17870 10.9738
17880 10.9783
17890 10.9963
17900 11.0004
17910 10.9829
17920 10.9773
17930 10.9925
17940 10.9953
17950 10.984
17960 10.986
17970 10.9986
17980 11.0024
17990 11.0008
18000 10.9966
18010 11.0015
18020 11.0072
18030 11.0007
18040 10.9872
18050 10.9752
18060 10.9801
18070 10.9941
18080 10.9968
18090 10.9958
18100 11.0084
18110 11.0223
18120 11.0349
18130 11.0483
18140 11.0569
18150 11.0639
18160 11.0709
18170 11.0803
18180 11.0898
18190 11.098
18200 11.0946
18210 11.097
18220 11.1152
18230 11.1358
18240 11.1455
18250 11.1531
18260 11.1606
18270 11.1598
18280 11.1639
18290 11.1689
18300 11.1592
18310 11.1516
18320 11.1495
18330 11.1403
18340 11.1235
18350 11.1173
18360 11.1367
18370 11.1614
18380 11.1669
18390 11.1591
18400 11.1562
18410 11.1666
18420 11.1822
18430 11.1945
18440 11.1998
18450 11.1985
18460 11.1899
18470 11.1846
18480 11.1845
18490 11.1849
18500 11.1869
18510 11.1892
18520 11.1923
18530 11.1933
18540 11.1872
18550 11.1872
18560 11.1981
18570 11.2109
18580 11.2154
18590 11.2128
18600 11.2045
18610 11.2024
18620 11.208
18630 11.2139
18640 11.2221
18650 11.2223
18660 11.2174
18670 11.213
18680 11.2163
18690 11.2232
18700 11.2326
18710 11.2418
18720 11.2458
18730 11.246
18740 11.2536
18750 11.2643
18760 11.2769
18770 11.295
18780 11.3037
18790 11.2996
18800 11.2925
18810 11.2918
18820 11.2977
18830 11.3064
18840 11.3194
18850 11.3237
18860 11.3191
18870 11.319
18880 11.325
18890 11.3225
18900 11.3235
18910 11.3384
18920 11.3578
18930 11.3711
18940 11.3817
18950 11.3942
18960 11.4111
18970 11.428
18980 11.4267
18990 11.4237
19000 11.4365
19010 11.4466
19020 11.444
19030 11.4434
19040 11.4485
19050 11.4557
19060 11.4574
19070 11.4439
19080 11.4323
19090 11.4355
19100 11.4414
19110 11.4521
19120 11.4556
19130 11.4521
19140 11.4529
19150 11.4637
19160 11.4581
19170 11.4456
19180 11.4429
19190 11.4505
19200 11.4437
19210 11.4244
19220 11.4211
19230 11.4298
19240 11.4299
19250 11.4244
19260 11.4264
19270 11.4273
19280 11.4311
19290 11.4297
19300 11.4145
19310 11.4001
19320 11.4107
19330 11.4241
19340 11.4189
19350 11.4106
19360 11.4149
19370 11.4274
19380 11.437
19390 11.4426
19400 11.4465
19410 11.4565
19420 11.4696
19430 11.4773
19440 11.4864
19450 11.5044
19460 11.5285
19470 11.5451
19480 11.5517
19490 11.5525
19500 11.5535
19510 11.5572
19520 11.5653
19530 11.5722
19540 11.574
19550 11.5767
19560 11.5963
19570 11.6182
19580 11.6169
19590 11.6063
19600 11.6069
19610 11.6151
19620 11.6245
19630 11.6325
19640 11.6365
19650 11.6411
19660 11.6486
19670 11.6564
19680 11.6684
19690 11.6726
19700 11.6711
19710 11.6712
19720 11.6774
19730 11.6857
19740 11.6946
19750 11.6986
19760 11.7091
19770 11.7342
19780 11.7578
19790 11.7611
19800 11.7659
19810 11.7815
19820 11.8008
19830 11.8122
19840 11.826
19850 11.849
19860 11.8688
19870 11.8781
19880 11.8854
19890 11.9076
19900 11.9253
19910 11.9282
19920 11.9343
19930 11.9548
19940 11.972
19950 11.9767
19960 11.984
19970 11.9983
19980 12.0172
19990 12.0402
20000 12.0581
20010 12.073
20020 12.0858
20030 12.094
20040 12.094
20050 12.0953
20060 12.1025
20070 12.1126
20080 12.1181
20090 12.1213
20100 12.1261
20110 12.135
20120 12.1496
20130 12.1654
20140 12.171
20150 12.1698
20160 12.172
20170 12.1745
20180 12.19
20190 12.2168
20200 12.2291
20210 12.2272
20220 12.2285
20230 12.2503
20240 12.2738
20250 12.2839
20260 12.2902
20270 12.2969
20280 12.2964
20290 12.2912
20300 12.3001
20310 12.3086
20320 12.3076
20330 12.315
20340 12.3276
20350 12.3339
20360 12.3434
20370 12.3405
20380 12.3296
20390 12.3406
20400 12.3609
20410 12.3624
20420 12.3548
20430 12.366
20440 12.388
20450 12.4041
20460 12.4116
20470 12.4276
20480 12.4385
20490 12.4388
20500 12.4411
20510 12.4504
20520 12.4564
20530 12.4548
20540 12.4608
20550 12.4795
20560 12.5048
20570 12.5211
20580 12.53
20590 12.5478
20600 12.566
20610 12.5776
20620 12.5803
20630 12.5846
20640 12.5962
20650 12.6074
20660 12.611
20670 12.6085
20680 12.6171
20690 12.6335
20700 12.6291
20710 12.6113
20720 12.6041
20730 12.6133
20740 12.6154
20750 12.6149
20760 12.6287
20770 12.6438
20780 12.6518
20790 12.6589
20800 12.6699
20810 12.6791
20820 12.6825
20830 12.6928
20840 12.7007
20850 12.7065
20860 12.7126
20870 12.7079
20880 12.7057
20890 12.7124
20900 12.725
20910 12.7404
20920 12.7517
20930 12.7522
20940 12.7442
20950 12.752
20960 12.7776
20970 12.7861
20980 12.7842
20990 12.7902
21000 12.8025
21010 12.8142
21020 12.8307
21030 12.8424
21040 12.8563
21050 12.877
21060 12.8944
21070 12.902
21080 12.9094
21090 12.9211
21100 12.9275
21110 12.9348
21120 12.9421
21130 12.9348
21140 12.9228
21150 12.9168
21160 12.9133
21170 12.9093
21180 12.9088
21190 12.9057
21200 12.9047
21210 12.9136
21220 12.9233
21230 12.9226
21240 12.9146
21250 12.9011
21260 12.8888
21270 12.8913
21280 12.9064
21290 12.913
21300 12.9167
21310 12.9252
21320 12.9269
21330 12.9234
21340 12.9267
21350 12.9351
21360 12.9462
21370 12.9576
21380 12.9557
21390 12.9497
21400 12.9627
21410 12.9779
21420 12.9714
21430 12.9609
21440 12.9745
21450 12.9987
21460 13.0025
21470 12.993
21480 13.0002
21490 13.005
21500 13.0033
21510 13.0073
21520 13.0162
21530 13.0208
21540 13.0208
21550 13.025
21560 13.0311
21570 13.0346
21580 13.044
21590 13.0586
21600 13.0701
21610 13.0745
21620 13.077
21630 13.0831
21640 13.0896
21650 13.0883
21660 13.0863
21670 13.0932
21680 13.0948
21690 13.083
21700 13.0787
21710 13.0912
21720 13.1039
21730 13.1129
21740 13.1179
21750 13.1149
21760 13.1085
21770 13.1132
21780 13.1273
21790 13.1286
21800 13.1077
21810 13.0973
21820 13.0984
21830 13.1014
21840 13.1054
21850 13.1143
21860 13.1192
21870 13.1236
21880 13.1407
21890 13.1707
21900 13.1863
21910 13.1808
21920 13.1903
21930 13.209
21940 13.2123
21950 13.2104
21960 13.2132
21970 13.2128
21980 13.2077
21990 13.2197
22000 13.2394
22010 13.244
22020 13.2386
22030 13.2405
22040 13.2541
22050 13.269
22060 13.2879
22070 13.3053
22080 13.3099
22090 13.3075
22100 13.3177
22110 13.3357
22120 13.3449
22130 13.3558
22140 13.3768
22150 13.3903
22160 13.3879
22170 13.3879
22180 13.4073
22190 13.424
22200 13.424
22210 13.4328
22220 13.4561
22230 13.4668
22240 13.4614
22250 13.4604
22260 13.482
22270 13.5061
22280 13.5241
22290 13.544
22300 13.5672
22310 13.5778
22320 13.5753
22330 13.5697
22340 13.5653
22350 13.5626
22360 13.5721
22370 13.5859
22380 13.598
22390 13.6058
22400 13.6095
22410 13.6253
22420 13.6486
22430 13.6565
22440 13.6455
22450 13.6397
22460 13.6533
22470 13.6815
22480 13.7043
22490 13.7144
22500 13.7197
22510 13.7265
22520 13.7247
22530 13.7242
22540 13.7412
22550 13.7661
22560 13.7858
22570 13.8001
22580 13.811
22590 13.8294
22600 13.8474
22610 13.8582
22620 13.8635
22630 13.868
22640 13.8739
22650 13.8966
22660 13.9255
22670 13.9309
22680 13.9205
22690 13.9135
22700 13.9196
22710 13.9324
22720 13.9371
22730 13.9307
22740 13.9375
22750 13.9602
22760 13.9706
22770 13.9638
22780 13.964
22790 13.9743
22800 13.9863
22810 14.0026
22820 14.0128
22830 14.0171
22840 14.0281
22850 14.0506
22860 14.0648
22870 14.0694
22880 14.0887
22890 14.1205
22900 14.1349
22910 14.1407
22920 14.1629
22930 14.1931
22940 14.206
22950 14.2134
22960 14.2362
22970 14.267
22980 14.2851
22990 14.2879
23000 14.2898
23010 14.301
23020 14.3167
23030 14.3258
23040 14.3404
23050 14.3495
23060 14.3568
23070 14.364
23080 14.3717
23090 14.3804
23100 14.3755
23110 14.3616
23120 14.3672
23130 14.3923
23140 14.4104
23150 14.4001
23160 14.3813
23170 14.3824
23180 14.3829
23190 14.3715
23200 14.3564
23210 14.3521
23220 14.352
23230 14.3454
23240 14.3337
23250 14.3341
23260 14.3424
23270 14.3504
23280 14.3543
23290 14.367
23300 14.3729
23310 14.362
23320 14.3517
23330 14.3628
23340 14.3894
23350 14.4064
23360 14.4031
23370 14.3851
23380 14.3788
23390 14.3903
23400 14.4153
23410 14.4274
23420 14.4209
23430 14.4123
23440 14.4237
23450 14.4441
23460 14.4543
23470 14.4617
23480 14.4746
23490 14.4936
23500 14.5098
23510 14.5177
23520 14.5194
23530 14.5285
23540 14.5393
23550 14.5392
23560 14.5326
23570 14.5273
23580 14.5282
23590 14.5313
23600 14.5204
23610 14.5088
23620 14.511
23630 14.5084
23640 14.4953
23650 14.4816
23660 14.4766
23670 14.4883
23680 14.5055
23690 14.5018
23700 14.476
23710 14.451
23720 14.4322
23730 14.4181
23740 14.4046
23750 14.405
23760 14.4152
23770 14.4194
23780 14.4214
23790 14.4253
23800 14.427
23810 14.4331
23820 14.4318
23830 14.4192
23840 14.4145
23850 14.4262
23860 14.4321
23870 14.4215
23880 14.3998
23890 14.403
23900 14.4342
23910 14.4386
23920 14.4233
23930 14.4272
23940 14.4326
23950 14.4201
23960 14.4082
23970 14.4104
23980 14.42
23990 14.4295
24000 14.4494
24010 14.4646
24020 14.4675
24030 14.4649
24040 14.4624
24050 14.471
24060 14.4875
24070 14.51
24080 14.5271
24090 14.5349
24100 14.5383
24110 14.5475
24120 14.5496
24130 14.535
24140 14.5207
24150 14.5303
24160 14.5408
24170 14.5303
24180 14.5218
24190 14.5351
24200 14.5456
24210 14.5409
24220 14.54
24230 14.5356
24240 14.5252
24250 14.5113
24260 14.519
24270 14.5372
24280 14.5324
24290 14.5282
24300 14.5453
24310 14.5577
24320 14.5538
24330 14.5542
24340 14.5593
24350 14.5456
24360 14.5349
24370 14.553
24380 14.5737
24390 14.5778
24400 14.5699
24410 14.5707
24420 14.5801
24430 14.596
24440 14.6052
24450 14.6079
24460 14.6138
24470 14.6274
24480 14.6345
24490 14.6432
24500 14.6563
24510 14.6754
24520 14.6934
24530 14.7052
24540 14.7197
24550 14.734
24560 14.7347
24570 14.7391
24580 14.7638
24590 14.782
24600 14.7739
24610 14.7568
24620 14.7507
24630 14.7559
24640 14.7587
24650 14.7565
24660 14.7627
24670 14.7813
24680 14.7863
24690 14.78
24700 14.7863
24710 14.8019
24720 14.81
24730 14.8174
24740 14.8293
24750 14.8327
24760 14.8181
24770 14.8135
24780 14.8275
24790 14.8206
24800 14.7992
24810 14.7955
24820 14.8097
24830 14.8039
24840 14.778
24850 14.7612
24860 14.7606
24870 14.7651
24880 14.7662
24890 14.7581
24900 14.7569
24910 14.7707
24920 14.7808
24930 14.7705
24940 14.7667
24950 14.7697
24960 14.7623
24970 14.7557
24980 14.7587
24990 14.7569
25000 14.7538
25010 14.7554
25020 14.7559
25030 14.7455
25040 14.7351
25050 14.727
25060 14.7278
25070 14.7332
25080 14.7339
25090 14.7329
25100 14.7394
25110 14.7504
25120 14.762
25130 14.7739
25140 14.7806
25150 14.7825
25160 14.7868
25170 14.7952
25180 14.799
25190 14.811
25200 14.8336
25210 14.8463
25220 14.8541
25230 14.8715
25240 14.8978
25250 14.912
25260 14.9028
25270 14.8971
25280 14.9121
25290 14.9323
25300 14.9448
25310 14.948
25320 14.947
25330 14.9483
25340 14.9498
25350 14.9451
25360 14.9422
25370 14.9437
25380 14.9481
25390 14.9498
25400 14.9545
25410 14.9619
25420 14.9676
25430 14.9696
25440 14.9666
25450 14.9696
25460 14.9839
25470 15.0069
25480 15.0242
25490 15.0231
25500 15.0134
25510 15.0102
25520 15.0067
25530 15.002
25540 15.006
25550 15.0193
25560 15.0226
25570 15.0218
25580 15.0213
25590 15.0257
25600 15.0364
25610 15.0393
25620 15.0257
25630 15.0132
25640 15.0196
25650 15.0343
25660 15.0453
25670 15.045
25680 15.0432
25690 15.0451
25700 15.0494
25710 15.06
25720 15.0671
25730 15.0682
25740 15.0671
25750 15.0683
25760 15.0689
25770 15.0578
25780 15.048
25790 15.0524
25800 15.0661
25810 15.0683
25820 15.0596
25830 15.064
25840 15.0831
25850 15.1105
25860 15.125
25870 15.1239
25880 15.1296
25890 15.1467
25900 15.17
25910 15.1816
25920 15.1798
25930 15.173
25940 15.1782
25950 15.1884
25960 15.198
25970 15.2047
25980 15.2078
25990 15.2058
26000 15.2116
26010 15.2264
26020 15.238
26030 15.2459
26040 15.2477
26050 15.2457
26060 15.2392
26070 15.2279
26080 15.2179
26090 15.2112
26100 15.2114
26110 15.2082
26120 15.1982
26130 15.2062
26140 15.2269
26150 15.2491
26160 15.2644
26170 15.2702
26180 15.2712
26190 15.2719
26200 15.282
26210 15.2972
26220 15.3202
26230 15.3382
26240 15.3393
26250 15.3344
26260 15.3423
26270 15.3565
26280 15.366
26290 15.3748
26300 15.3787
26310 15.372
26320 15.3619
26330 15.3687
26340 15.385
26350 15.3865
26360 15.3867
26370 15.3873
26380 15.3755
26390 15.3579
26400 15.3529
26410 15.3491
26420 15.3394
26430 15.3323
26440 15.3428
26450 15.3522
26460 15.343
26470 15.3314
26480 15.338
26490 15.3614
26500 15.3848
26510 15.3939
26520 15.4005
26530 15.4071
26540 15.4089
26550 15.4144
26560 15.4291
26570 15.4456
26580 15.4562
26590 15.4708
26600 15.4892
26610 15.5034
26620 15.5084
26630 15.5067
26640 15.5048
26650 15.5135
26660 15.5207
26670 15.5077
26680 15.5003
26690 15.5185
26700 15.5316
26710 15.5282
26720 15.5228
26730 15.5172
26740 15.5098
26750 15.5145
26760 15.5259
26770 15.5348
26780 15.5373
26790 15.5409
26800 15.5484
26810 15.5585
26820 15.5719
26830 15.5855
26840 15.5952
26850 15.606
26860 15.6225
26870 15.6381
26880 15.6521
26890 15.6615
26900 15.6681
26910 15.6731
26920 15.667
26930 15.6666
26940 15.6786
26950 15.6786
26960 15.6645
26970 15.6685
26980 15.6912
26990 15.7035
27000 15.703
27010 15.7081
27020 15.7158
27030 15.7236
27040 15.7445
27050 15.7674
27060 15.7657
27070 15.7627
27080 15.7808
27090 15.7984
27100 15.7928
27110 15.7868
27120 15.8008
27130 15.8195
27140 15.8257
27150 15.8376
27160 15.8516
27170 15.8674
27180 15.8888
27190 15.9101
27200 15.9145
27210 15.9256
27220 15.9394
27230 15.9399
27240 15.9383
27250 15.9467
27260 15.9541
27270 15.9464
27280 15.9454
27290 15.951
27300 15.9615
27310 15.9816
27320 15.9977
27330 15.9982
27340 15.9965
27350 16.0069
27360 16.0257
27370 16.0266
27380 16.0156
27390 16.0212
27400 16.0498
27410 16.0581
27420 16.0434
27430 16.0394
27440 16.0575
27450 16.0729
27460 16.0739
27470 16.0611
27480 16.0526
27490 16.0604
27500 16.064
27510 16.0522
27520 16.0493
27530 16.0586
27540 16.0609
27550 16.0575
27560 16.0679
27570 16.0823
27580 16.0836
27590 16.0835
27600 16.0977
27610 16.1115
27620 16.1144
27630 16.1017
27640 16.0958
27650 16.1037
27660 16.1088
27670 16.1028
27680 16.1061
27690 16.1213
27700 16.1372
27710 16.1452
27720 16.1502
27730 16.1573
27740 16.1648
27750 16.1669
27760 16.1616
27770 16.1441
27780 16.1316
27790 16.1391
27800 16.1553
27810 16.1722
27820 16.164
27830 16.1478
27840 16.145
27850 16.1473
27860 16.1562
27870 16.172
27880 16.1854
27890 16.1893
27900 16.1822
27910 16.1752
27920 16.1682
27930 16.1624
27940 16.1759
27950 16.1938
27960 16.1954
27970 16.1837
27980 16.174
27990 16.1784
28000 16.1828
28010 16.1754
28020 16.1726
28030 16.1783
28040 16.179
28050 16.171
28060 16.1665
28070 16.1762
28080 16.1911
28090 16.198
28100 16.2037
28110 16.2134
28120 16.2218
28130 16.2343
28140 16.24
28150 16.242
28160 16.2404
28170 16.2418
28180 16.2483
28190 16.2467
28200 16.2324
28210 16.2268
28220 16.2371
28230 16.2508
28240 16.245
28250 16.2378
28260 16.2422
28270 16.2412
28280 16.2309
28290 16.221
28300 16.2177
28310 16.2209
28320 16.2315
28330 16.249
28340 16.2734
28350 16.2907
28360 16.2936
28370 16.3104
28380 16.3451
28390 16.3652
28400 16.3614
28410 16.3587
28420 16.3595
28430 16.3606
28440 16.3602
28450 16.3633
28460 16.3802
28470 16.3971
28480 16.3978
28490 16.4011
28500 16.4061
28510 16.4199
28520 16.4421
28530 16.4643
28540 16.4838
28550 16.5066
28560 16.5213
28570 16.524
28580 16.5312
28590 16.541
28600 16.5496
28610 16.5543
28620 16.5386
28630 16.5128
28640 16.5049
28650 16.5159
28660 16.5175
28670 16.511
28680 16.5048
28690 16.4985
28700 16.4975
28710 16.5104
28720 16.5257
28730 16.5277
28740 16.5179
28750 16.5191
28760 16.5346
28770 16.5403
28780 16.5464
28790 16.5582
28800 16.5671
28810 16.5807
28820 16.6044
28830 16.6183
28840 16.6141
28850 16.6117
28860 16.6283
28870 16.6456
28880 16.6543
28890 16.6563
28900 16.6544
28910 16.6611
28920 16.6891
28930 16.713
28940 16.7154
28950 16.7031
28960 16.7048
28970 16.7268
28980 16.7395
28990 16.7276
29000 16.7161
29010 16.7267
29020 16.7468
29030 16.7476
29040 16.7402
29050 16.7476
29060 16.7568
29070 16.7558
29080 16.7529
29090 16.7578
29100 16.7666
29110 16.7705
29120 16.7644
29130 16.7581
29140 16.7668
29150 16.7765
29160 16.7658
29170 16.755
29180 16.7518
29190 16.7499
29200 16.7512
29210 16.7487
29220 16.755
29230 16.7663
29240 16.7631
29250 16.751
29260 16.7412
29270 16.7414
29280 16.7418
29290 16.7376
29300 16.7365
29310 16.7445
29320 16.7522
29330 16.7621
29340 16.7778
29350 16.7818
29360 16.7821
29370 16.7827
29380 16.7817
29390 16.7922
29400 16.8139
29410 16.8346
29420 16.8455
29430 16.8546
29440 16.8734
29450 16.8902
29460 16.8921
29470 16.9061
29480 16.9347
29490 16.959
29500 16.9763
29510 16.9881
29520 16.9939
29530 16.9935
29540 17.0015
29550 17.0211
29560 17.0385
29570 17.0473
29580 17.0523
29590 17.0571
29600 17.0588
29610 17.0651
29620 17.0809
29630 17.1042
29640 17.1138
29650 17.1153
29660 17.1235
29670 17.1396
29680 17.1423
29690 17.1342
29700 17.1421
29710 17.1492
29720 17.1616
29730 17.1936
29740 17.2281
29750 17.2537
29760 17.2772
29770 17.3013
29780 17.3253
29790 17.3499
29800 17.3625
29810 17.3625
29820 17.3672
29830 17.383
29840 17.3838
29850 17.378
29860 17.3762
29870 17.3821
29880 17.3857
29890 17.389
29900 17.3974
29910 17.4074
29920 17.4174
29930 17.4234
29940 17.4194
29950 17.4105
29960 17.4137
29970 17.4275
29980 17.4358
29990 17.457
30000 17.4803
30010 17.4855
30020 17.4848
30030 17.492
30040 17.5097
30050 17.5281
30060 17.5369
30070 17.5312
30080 17.5284
30090 17.5373
30100 17.5402
30110 17.531
30120 17.5244
30130 17.5196
30140 17.514
30150 17.5167
30160 17.5248
30170 17.5326
30180 17.5484
30190 17.5684
30200 17.5689
30210 17.5628
30220 17.5811
30230 17.6047
30240 17.6102
30250 17.6077
30260 17.6278
30270 17.6447
30280 17.6427
30290 17.6386
30300 17.6471
30310 17.6518
30320 17.6433
30330 17.6401
30340 17.6614
30350 17.6863
30360 17.7057
30370 17.7276
30380 17.7453
30390 17.758
30400 17.7584
30410 17.7509
30420 17.7363
30430 17.7249
30440 17.7172
30450 17.7027
30460 17.6961
30470 17.6984
30480 17.699
30490 17.6949
30500 17.6984
30510 17.7148
30520 17.7394
30530 17.7625
30540 17.7752
30550 17.7804
30560 17.7806
30570 17.775
30580 17.7686
30590 17.7729
30600 17.782
30610 17.781
30620 17.7956
30630 17.8233
30640 17.8394
30650 17.8391
30660 17.8461
30670 17.8518
30680 17.8392
30690 17.819
30700 17.8286
30710 17.8556
30720 17.8666
30730 17.8544
30740 17.8494
30750 17.86
30760 17.8781
30770 17.8911
30780 17.8901
30790 17.8749
30800 17.8588
30810 17.8523
30820 17.8374
30830 17.8162
30840 17.7983
30850 17.7948
30860 17.8022
30870 17.8042
30880 17.8041
30890 17.8082
30900 17.818
30910 17.8363
30920 17.8566
30930 17.8698
30940 17.8876
30950 17.9055
30960 17.9057
30970 17.8996
30980 17.9013
30990 17.908
31000 17.9032
31010 17.8931
31020 17.8945
31030 17.9018
31040 17.9161
31050 17.9235
31060 17.926
31070 17.9293
31080 17.9234
31090 17.9094
31100 17.9049
31110 17.9108
31120 17.9194
31130 17.9225
31140 17.9241
31150 17.9251
31160 17.9321
31170 17.9368
31180 17.9342
31190 17.9328
31200 17.9453
31210 17.9629
31220 17.9638
31230 17.9603
31240 17.9624
31250 17.9628
31260 17.9616
31270 17.9731
31280 17.9949
31290 18.0075
31300 18.0125
31310 18.0207
31320 18.0363
31330 18.0487
31340 18.0635
31350 18.0835
31360 18.0981
31370 18.1093
31380 18.1269
31390 18.1486
31400 18.1585
31410 18.1665
31420 18.1889
31430 18.2183
31440 18.2403
31450 18.248
31460 18.2459
31470 18.2419
31480 18.2487
31490 18.2543
31500 18.2567
31510 18.2576
31520 18.2647
31530 18.2756
31540 18.2875
31550 18.2966
31560 18.3004
31570 18.3049
31580 18.3095
31590 18.3201
31600 18.3296
31610 18.3295
31620 18.3203
31630 18.3132
31640 18.3011
31650 18.2901
31660 18.2852
31670 18.2838
31680 18.2825
31690 18.284
31700 18.2854
31710 18.2787
31720 18.2749
31730 18.2729
31740 18.2637
31750 18.259
31760 18.2504
31770 18.2346
31780 18.2227
31790 18.2142
31800 18.21
31810 18.2021
31820 18.2021
31830 18.211
31840 18.2154
31850 18.2128
31860 18.2061
31870 18.2102
31880 18.2321
31890 18.2624
31900 18.285
31910 18.2959
31920 18.3137
31930 18.3371
31940 18.3537
31950 18.3494
31960 18.3373
31970 18.3381
31980 18.3444
31990 18.342
32000 18.3409
32010 18.3584
32020 18.374
32030 18.3796
32040 18.3768
32050 18.372
32060 18.3793
32070 18.3985
32080 18.4077
32090 18.401
32100 18.4007
32110 18.4172
32120 18.438
32130 18.4475
32140 18.4413
32150 18.4284
32160 18.4182
32170 18.4122
32180 18.4191
32190 18.4451
32200 18.47
32210 18.4755
32220 18.4756
32230 18.4904
32240 18.5126
32250 18.5261
32260 18.5328
32270 18.5453
32280 18.5701
32290 18.6016
32300 18.6193
32310 18.631
32320 18.651
32330 18.6713
32340 18.678
32350 18.6773
32360 18.6796
32370 18.6837
32380 18.6975
32390 18.7047
32400 18.7037
32410 18.7194
32420 18.7395
32430 18.7477
32440 18.7568
32450 18.7751
32460 18.7788
32470 18.7831
32480 18.7857
32490 18.7823
32500 18.7896
32510 18.8094
32520 18.822
32530 18.8041
32540 18.7785
32550 18.7757
32560 18.7871
32570 18.7814
32580 18.7631
32590 18.7561
32600 18.7806
32610 18.8202
32620 18.8434
32630 18.845
32640 18.8451
32650 18.8525
32660 18.85
32670 18.8494
32680 18.8639
32690 18.8794
32700 18.8838
32710 18.8894
32720 18.9147
32730 18.9381
32740 18.9497
32750 18.9534
32760 18.9561
32770 18.9468
32780 18.9343
32790 18.941
32800 18.9583
32810 18.9666
32820 18.9612
32830 18.9676
32840 18.9878
32850 19.0066
32860 19.0123
32870 19.0025
32880 18.9958
32890 19.0076
32900 19.0179
32910 19.0089
32920 18.9854
32930 18.9736
32940 18.976
32950 18.9801
32960 18.9934
32970 19.0079
32980 19.0061
32990 19.0017
33000 19.0236
33010 19.0483
33020 19.0465
33030 19.0303
33040 19.0364
33050 19.0546
33060 19.0644
33070 19.0646
33080 19.0666
33090 19.0734
33100 19.0797
33110 19.0817
33120 19.0775
33130 19.0734
33140 19.0797
33150 19.0748
33160 19.066
33170 19.0774
33180 19.089
33190 19.0974
33200 19.111
33210 19.1128
33220 19.1094
33230 19.1158
33240 19.128
33250 19.1382
33260 19.1487
33270 19.1664
33280 19.1823
33290 19.1942
33300 19.2135
33310 19.226
33320 19.2238
33330 19.2315
33340 19.2608
33350 19.2788
33360 19.2884
33370 19.3043
33380 19.32
33390 19.3383
33400 19.3699
33410 19.392
33420 19.3906
33430 19.3723
33440 19.3589
33450 19.3573
33460 19.3729
33470 19.3826
33480 19.3872
33490 19.3939
33500 19.4021
33510 19.3999
33520 19.3927
33530 19.3922
33540 19.3999
33550 19.411
33560 19.4225
33570 19.4266
33580 19.4177
33590 19.4011
33600 19.393
33610 19.4121
33620 19.4282
33630 19.4205
33640 19.4097
33650 19.4071
33660 19.4084
33670 19.4136
33680 19.4274
33690 19.4395
33700 19.4405
33710 19.4377
33720 19.4455
33730 19.4667
33740 19.4814
33750 19.4889
33760 19.4964
33770 19.4926
33780 19.4841
33790 19.4904
33800 19.507
33810 19.5081
33820 19.5086
33830 19.5216
33840 19.5279
33850 19.525
33860 19.5188
33870 19.5171
33880 19.5118
33890 19.5098
33900 19.508
33910 19.4921
33920 19.4826
33930 19.4905
33940 19.4987
33950 19.5057
33960 19.5171
33970 19.5234
33980 19.5289
33990 19.5541
34000 19.5784
34010 19.5832
34020 19.5813
34030 19.5813
34040 19.5858
34050 19.5817
34060 19.5642
34070 19.5399
34080 19.5412
34090 19.5679
34100 19.5789
34110 19.5691
34120 19.5674
34130 19.5795
34140 19.5931
34150 19.5944
34160 19.5862
34170 19.5882
34180 19.6037
34190 19.6105
34200 19.6084
34210 19.6241
34220 19.6474
34230 19.6616
34240 19.6628
34250 19.6681
34260 19.6767
34270 19.6802
34280 19.6954
34290 19.718
34300 19.7274
34310 19.7298
34320 19.7422
34330 19.7593
34340 19.7532
34350 19.7499
34360 19.7696
34370 19.7849
34380 19.7834
34390 19.7782
34400 19.7774
34410 19.7808
34420 19.7809
34430 19.7841
34440 19.7866
34450 19.7798
34460 19.7699
34470 19.7744
34480 19.7913
34490 19.801
34500 19.8054
34510 19.8184
34520 19.8229
34530 19.8188
34540 19.8179
34550 19.8188
34560 19.8213
34570 19.826
34580 19.8393
34590 19.8688
34600 19.8978
34610 19.9212
34620 19.9254
34630 19.9111
34640 19.9075
34650 19.9267
34660 19.9395
34670 19.9407
34680 19.9486
34690 19.9576
34700 19.965
34710 19.9733
34720 19.9697
34730 19.9466
34740 19.9356
34750 19.9504
34760 19.9712
34770 19.9762
34780 19.9577
34790 19.9488
34800 19.9564
34810 19.966
34820 19.9703
34830 19.974
34840 19.9813
34850 19.9953
34860 20.0059
34870 20.0182
34880 20.0293
34890 20.0441
34900 20.0619
34910 20.0755
34920 20.0861
34930 20.1105
34940 20.128
34950 20.1296
34960 20.1253
34970 20.1194
34980 20.1039
34990 20.0917
35000 20.101
35010 20.1273
35020 20.1495
35030 20.148
35040 20.1239
35050 20.1133
35060 20.1236
35070 20.132
35080 20.1304
35090 20.1283
35100 20.1421
35110 20.1606
35120 20.1725
35130 20.1696
35140 20.1663
35150 20.1824
35160 20.1978
35170 20.1941
35180 20.1883
35190 20.1968
35200 20.197
35210 20.196
35220 20.2029
35230 20.2018
35240 20.2032
35250 20.2226
35260 20.2383
35270 20.2495
35280 20.2562
35290 20.2553
35300 20.2457
35310 20.2381
35320 20.2416
35330 20.2465
35340 20.2339
35350 20.2096
35360 20.1957
35370 20.2029
35380 20.2194
35390 20.2461
35400 20.2684
35410 20.2764
35420 20.2707
35430 20.2686
35440 20.2806
35450 20.2877
35460 20.2864
35470 20.2918
35480 20.2909
35490 20.2855
35500 20.2891
35510 20.299
35520 20.3174
35530 20.3178
35540 20.299
35550 20.2953
35560 20.3148
35570 20.3417
35580 20.3441
35590 20.3299
35600 20.3232
35610 20.3249
35620 20.319
35630 20.3122
35640 20.322
35650 20.338
35660 20.3472
35670 20.3543
35680 20.3519
35690 20.3444
35700 20.3414
35710 20.3512
35720 20.3753
35730 20.395
35740 20.4004
35750 20.3983
35760 20.3982
35770 20.4135
35780 20.4341
35790 20.4394
35800 20.4295
35810 20.4141
35820 20.4155
35830 20.4323
35840 20.4366
35850 20.4163
35860 20.4038
35870 20.4186
35880 20.4275
35890 20.4282
35900 20.4445
35910 20.4621
35920 20.4694
35930 20.4722
35940 20.4773
35950 20.4713
35960 20.4636
35970 20.4683
35980 20.4746
35990 20.4709
36000 20.4607
36010 20.4457
36020 20.4335
36030 20.424
36040 20.4119
36050 20.4196
36060 20.441
36070 20.4557
36080 20.4674
36090 20.4935
36100 20.519
36110 20.5252
36120 20.5287
36130 20.5374
36140 20.5376
36150 20.5355
36160 20.544
36170 20.5549
36180 20.5503
36190 20.5466
36200 20.5616
36210 20.572
36220 20.5611
36230 20.5391
36240 20.5317
36250 20.5445
36260 20.5593
36270 20.5636
36280 20.56
36290 20.5431
36300 20.5274
36310 20.5347
36320 20.5489
36330 20.5378
36340 20.5136
36350 20.5101
36360 20.5342
36370 20.5558
36380 20.567
36390 20.5692
36400 20.5775
36410 20.5888
36420 20.5821
36430 20.571
36440 20.5717
36450 20.5905
36460 20.604
36470 20.6111
36480 20.6212
36490 20.6242
36500 20.6225
36510 20.6272
36520 20.6308
36530 20.6335
36540 20.6381
36550 20.6569
36560 20.6761
36570 20.6841
36580 20.6898
36590 20.688
36600 20.676
36610 20.6679
36620 20.6828
36630 20.7074
36640 20.7237
36650 20.7341
36660 20.7398
36670 20.7452
36680 20.7509
36690 20.7569
36700 20.7575
36710 20.75
36720 20.7443
36730 20.7628
36740 20.7791
36750 20.7873
36760 20.8047
36770 20.8219
36780 20.8357
36790 20.8542
36800 20.8858
36810 20.8998
36820 20.8919
36830 20.8875
36840 20.8949
36850 20.9031
36860 20.9009
36870 20.9029
36880 20.9021
36890 20.8926
36900 20.889
36910 20.8974
36920 20.9183
36930 20.9252
36940 20.909
36950 20.8851
36960 20.8625
36970 20.8556
36980 20.8619
36990 20.871
37000 20.8774
37010 20.876
37020 20.8674
37030 20.8462
37040 20.8196
37050 20.8106
37060 20.82
37070 20.8362
37080 20.8672
37090 20.8921
37100 20.8937
37110 20.8898
37120 20.9034
37130 20.9154
37140 20.9146
37150 20.9071
37160 20.9114
37170 20.928
37180 20.9383
37190 20.9323
37200 20.9234
37210 20.9246
37220 20.9253
37230 20.9179
37240 20.9106
37250 20.9038
37260 20.9049
37270 20.9209
37280 20.9256
37290 20.9228
37300 20.9346
37310 20.9545
37320 20.9652
37330 20.9632
37340 20.9613
37350 20.9617
37360 20.9513
37370 20.936
37380 20.9351
37390 20.932
37400 20.927
37410 20.9205
37420 20.9227
37430 20.9134
37440 20.8815
37450 20.8609
37460 20.8727
37470 20.8736
37480 20.8428
37490 20.8111
37500 20.8125
37510 20.8253
37520 20.8297
37530 20.8464
37540 20.8655
37550 20.8808
37560 20.8825
37570 20.8807
37580 20.9012
37590 20.9426
37600 20.9729
37610 20.9871
37620 21.0141
37630 21.0565
37640 21.0849
37650 21.0998
37660 21.0961
37670 21.0847
37680 21.0825
37690 21.0861
37700 21.0959
37710 21.1096
37720 21.1169
37730 21.1248
37740 21.1446
37750 21.1664
37760 21.1755
37770 21.1912
37780 21.2256
37790 21.2588
37800 21.2723
37810 21.277
37820 21.2896
37830 21.29
37840 21.2946
37850 21.3199
37860 21.3359
37870 21.3321
37880 21.3299
37890 21.3424
37900 21.3553
37910 21.3596
37920 21.3734
37930 21.387
37940 21.3879
37950 21.3952
37960 21.4018
37970 21.3843
37980 21.36
37990 21.3559
38000 21.3888
38010 21.4231
38020 21.4227
38030 21.4158
38040 21.4266
38050 21.4497
38060 21.4656
38070 21.4539
38080 21.4242
38090 21.4093
38100 21.4095
38110 21.4187
38120 21.4382
38130 21.4527
38140 21.4468
38150 21.4442
38160 21.4557
38170 21.4612
38180 21.4403
38190 21.4256
38200 21.4454
38210 21.4718
38220 21.4837
38230 21.4719
38240 21.4593
38250 21.4648
38260 21.4793
38270 21.478
38280 21.477
38290 21.4947
38300 21.5161
38310 21.5176
38320 21.4991
38330 21.4992
38340 21.5093
38350 21.5154
38360 21.5123
38370 21.5086
38380 21.5128
38390 21.5202
38400 21.5153
38410 21.5063
38420 21.5005
38430 21.5007
38440 21.4978
38450 21.481
38460 21.4614
38470 21.4426
38480 21.4236
38490 21.4225
38500 21.4397
38510 21.4528
38520 21.4517
38530 21.4424
38540 21.4411
38550 21.4473
38560 21.4518
38570 21.4477
38580 21.4458
38590 21.4423
38600 21.4404
38610 21.4407
38620 21.4388
38630 21.4437
38640 21.4473
38650 21.4371
38660 21.4197
38670 21.4113
38680 21.407
38690 21.4029
38700 21.395
38710 21.3924
38720 21.3968
38730 21.4043
38740 21.4153
38750 21.4324
38760 21.4559
38770 21.4652
38780 21.4616
38790 21.465
38800 21.4792
38810 21.5038
38820 21.5263
38830 21.5517
38840 21.5825
38850 21.5989
38860 21.605
38870 21.6177
38880 21.6322
38890 21.6358
38900 21.6376
38910 21.6442
38920 21.649
38930 21.6518
38940 21.648
38950 21.6381
38960 21.627
38970 21.635
38980 21.6475
38990 21.644
39000 21.645
39010 21.6496
39020 21.6445
39030 21.6373
39040 21.6378
39050 21.6587
39060 21.6839
39070 21.6943
39080 21.6888
39090 21.6939
39100 21.7097
39110 21.7147
39120 21.7102
39130 21.7124
39140 21.7183
39150 21.7258
39160 21.7314
39170 21.7412
39180 21.7503
39190 21.7553
39200 21.7676
39210 21.7811
39220 21.7931
39230 21.827
39240 21.8706
39250 21.9017
39260 21.9061
39270 21.9015
39280 21.8996
39290 21.9192
39300 21.9317
39310 21.9294
39320 21.9353
39330 21.9416
39340 21.9253
39350 21.902
39360 21.9049
39370 21.9223
39380 21.9261
39390 21.918
39400 21.9395
39410 21.9876
39420 22.0049
39430 21.993
39440 21.9929
39450 22.0169
39460 22.0401
39470 22.0529
39480 22.0521
39490 22.0447
39500 22.0553
39510 22.0719
39520 22.076
39530 22.0672
39540 22.0662
39550 22.0648
39560 22.0612
39570 22.0652
39580 22.0714
39590 22.0738
39600 22.0787
39610 22.0903
39620 22.0979
39630 22.1064
39640 22.1186
39650 22.1213
39660 22.1211
39670 22.13
39680 22.1397
39690 22.1405
39700 22.1432
39710 22.1599
39720 22.1653
39730 22.157
39740 22.155
39750 22.168
39760 22.1726
39770 22.1639
39780 22.1776
39790 22.2241
39800 22.2414
39810 22.2256
39820 22.2165
39830 22.2187
39840 22.216
39850 22.2033
39860 22.1897
39870 22.1856
39880 22.1805
39890 22.1652
39900 22.1505
39910 22.1438
39920 22.1357
39930 22.1325
39940 22.1288
39950 22.1273
39960 22.1155
39970 22.097
39980 22.0894
39990 22.0903
40000 22.0813
40010 22.0741
40020 22.0857
40030 22.1058
40040 22.1146
40050 22.1256
40060 22.1423
40070 22.1468
40080 22.1489
40090 22.1623
40100 22.1716
40110 22.1782
40120 22.187
40130 22.2102
40140 22.2328
40150 22.2388
40160 22.2439
40170 22.2562
40180 22.2774
40190 22.2932
40200 22.2923
40210 22.2784
40220 22.2653
40230 22.2551
40240 22.2567
40250 22.2768
40260 22.2952
40270 22.311
40280 22.3208
40290 22.3303
40300 22.3457
40310 22.3558
40320 22.3497
40330 22.3433
40340 22.3539
40350 22.3586
40360 22.3537
40370 22.3501
40380 22.3388
40390 22.3339
40400 22.3358
40410 22.326
40420 22.3238
40430 22.3347
40440 22.3382
40450 22.3317
40460 22.3304
40470 22.3133
40480 22.2876
40490 22.296
40500 22.3266
40510 22.3364
40520 22.3248
40530 22.3368
40540 22.3616
40550 22.3778
40560 22.3691
40570 22.3521
40580 22.3459
40590 22.3607
40600 22.3947
40610 22.4222
40620 22.4299
40630 22.4199
40640 22.4151
40650 22.431
40660 22.4381
40670 22.4457
40680 22.4556
40690 22.459
40700 22.4538
40710 22.4511
40720 22.4505
40730 22.4447
40740 22.4392
40750 22.4365
40760 22.4419
40770 22.4464
40780 22.4601
40790 22.4692
40800 22.4716
40810 22.4704
40820 22.4771
40830 22.4834
40840 22.4982
40850 22.5156
40860 22.5229
40870 22.5285
40880 22.5423
40890 22.5655
40900 22.5832
40910 22.6023
40920 22.6089
40930 22.599
40940 22.5883
40950 22.5952
40960 22.6177
40970 22.6366
40980 22.6423
40990 22.6521
41000 22.6582
41010 22.6524
41020 22.639
41030 22.6288
41040 22.6236
41050 22.6186
41060 22.6131
41070 22.6044
41080 22.5917
41090 22.5825
41100 22.5928
41110 22.6041
41120 22.6005
41130 22.5978
41140 22.5995
41150 22.6033
41160 22.6106
41170 22.6183
41180 22.6152
41190 22.6176
41200 22.6307
41210 22.64
41220 22.6415
41230 22.6508
41240 22.6566
41250 22.6434
41260 22.6233
41270 22.6233
41280 22.6303
41290 22.6267
41300 22.6205
41310 22.6155
41320 22.6103
41330 22.6093
41340 22.628
41350 22.6449
41360 22.6381
41370 22.6369
41380 22.6589
41390 22.6808
41400 22.684
41410 22.684
41420 22.6918
41430 22.687
41440 22.6734
41450 22.6589
41460 22.6541
41470 22.6639
41480 22.6618
41490 22.6342
41500 22.6224
41510 22.6292
41520 22.6354
41530 22.6403
41540 22.6508
41550 22.6545
41560 22.6453
41570 22.6378
41580 22.6379
41590 22.6327
41600 22.6291
41610 22.6407
41620 22.6673
41630 22.683
41640 22.6847
41650 22.685
41660 22.7012
41670 22.7196
41680 22.728
41690 22.7389
41700 22.7464
41710 22.7504
41720 22.7602
41730 22.7647
41740 22.7583
41750 22.7461
41760 22.7453
41770 22.7484
41780 22.7507
41790 22.755
41800 22.7551
41810 22.7582
41820 22.7667
41830 22.7588
41840 22.7498
41850 22.7649
41860 22.7811
41870 22.7832
41880 22.7716
41890 22.7515
41900 22.752
41910 22.7712
41920 22.79
41930 22.8006
41940 22.8102
41950 22.8192
41960 22.8184
41970 22.8095
41980 22.8099
41990 22.8294
42000 22.8451
42010 22.8462
42020 22.8352
42030 22.8156
42040 22.8104
42050 22.8401
42060 22.8696
42070 22.865
42080 22.8519
42090 22.8704
42100 22.8967
42110 22.9032
42120 22.8954
42130 22.8841
42140 22.8759
42150 22.8854
42160 22.9009
42170 22.897
42180 22.8827
42190 22.8728
42200 22.8858
42210 22.9068
42220 22.9052
42230 22.8935
42240 22.8815
42250 22.8897
42260 22.9057
42270 22.9149
42280 22.926
42290 22.9354
42300 22.9275
42310 22.9066
42320 22.8961
42330 22.9126
42340 22.9317
42350 22.9415
42360 22.9519
42370 22.9635
42380 22.9655
42390 22.9615
42400 22.9608
42410 22.9679
42420 22.9848
42430 22.9976
42440 23.0103
42450 23.0259
42460 23.0402
42470 23.0571
42480 23.0871
42490 23.1107
42500 23.1169
42510 23.1297
42520 23.1544
42530 23.1557
42540 23.1514
42550 23.1689
42560 23.1839
42570 23.1898
42580 23.1965
42590 23.1947
42600 23.1841
42610 23.1879
42620 23.1883
42630 23.1935
42640 23.2236
42650 23.251
42660 23.26
42670 23.2634
42680 23.2752
42690 23.2938
42700 23.3078
42710 23.3178
42720 23.3401
42730 23.3485
42740 23.3353
42750 23.3317
42760 23.3535
42770 23.3874
42780 23.4194
42790 23.4381
42800 23.4441
42810 23.4525
42820 23.4737
42830 23.4814
42840 23.4645
42850 23.4572
42860 23.4563
42870 23.4501
42880 23.4446
42890 23.4453
42900 23.4369
42910 23.4082
42920 23.3897
42930 23.389
42940 23.3854
42950 23.3668
42960 23.3471
42970 23.3406
42980 23.3523
42990 23.3669
43000 23.3664
43010 23.3791
43020 23.4068
43030 23.4307
43040 23.4423
43050 23.4492
43060 23.4576
43070 23.4727
43080 23.4993
43090 23.5189
43100 23.5111
43110 23.4869
43120 23.4762
43130 23.4871
43140 23.5149
43150 23.5419
43160 23.5539
43170 23.5574
43180 23.5644
43190 23.5638
43200 23.5553
43210 23.5453
43220 23.5333
43230 23.521
43240 23.5304
43250 23.5527
43260 23.554
43270 23.5538
43280 23.5786
43290 23.6055
43300 23.5973
43310 23.5783
43320 23.593
43330 23.6219
43340 23.6328
43350 23.6217
43360 23.618
43370 23.6242
43380 23.6164
43390 23.6046
43400 23.6102
43410 23.6219
43420 23.6168
43430 23.6113
43440 23.6214
43450 23.6214
43460 23.5902
43470 23.5491
43480 23.5418
43490 23.5594
43500 23.5695
43510 23.5653
43520 23.5764
43530 23.6025
43540 23.6106
43550 23.6111
43560 23.6377
43570 23.6662
43580 23.6616
43590 23.6402
43600 23.6376
43610 23.6393
43620 23.6329
43630 23.6512
43640 23.6945
43650 23.7048
43660 23.684
43670 23.682
43680 23.7003
43690 23.69
43700 23.6697
43710 23.6724
43720 23.6677
43730 23.6462
43740 23.6293
43750 23.6435
43760 23.6624
43770 23.6654
43780 23.6733
43790 23.6891
43800 23.6888
43810 23.6863
43820 23.6921
43830 23.7036
43840 23.7069
43850 23.7113
43860 23.7127
43870 23.7183
43880 23.7308
43890 23.7306
43900 23.7096
43910 23.7089
43920 23.725
43930 23.7266
43940 23.6965
43950 23.6669
43960 23.65
43970 23.6563
43980 23.6719
43990 23.6764
44000 23.6648
44010 23.6672
44020 23.7004
44030 23.7168
44040 23.7122
44050 23.7139
44060 23.7247
44070 23.7339
44080 23.7431
44090 23.7538
44100 23.7633
44110 23.7631
44120 23.7649
44130 23.7823
44140 23.7988
44150 23.7919
44160 23.7921
44170 23.8073
44180 23.823
44190 23.8181
44200 23.789
44210 23.7653
44220 23.7809
44230 23.8021
44240 23.8051
44250 23.8094
44260 23.8339
44270 23.8511
44280 23.8583
44290 23.877
44300 23.9007
44310 23.9207
44320 23.9274
44330 23.9201
44340 23.9129
44350 23.9127
44360 23.9142
44370 23.9226
44380 23.9241
44390 23.9095
44400 23.886
44410 23.8867
44420 23.9164
44430 23.9348
44440 23.9371
44450 23.9358
44460 23.937
44470 23.9261
44480 23.9073
44490 23.8934
44500 23.8911
44510 23.8787
44520 23.865
44530 23.8542
44540 23.8513
44550 23.8435
44560 23.835
44570 23.8296
44580 23.8284
44590 23.8413
44600 23.8625
44610 23.8831
44620 23.9102
44630 23.9337
44640 23.9498
44650 23.9578
44660 23.9643
44670 23.9773
44680 23.9971
44690 24.0025
44700 23.9865
44710 23.9779
44720 23.9817
44730 23.9765
44740 23.9681
44750 23.9601
44760 23.9629
44770 23.9905
44780 24.0119
44790 24.0145
44800 24.0294
44810 24.0474
44820 24.0235
44830 23.9854
44840 23.9879
44850 24.0121
44860 24.0331
44870 24.0442
44880 24.0482
44890 24.045
44900 24.053
44910 24.0723
44920 24.084
44930 24.0988
44940 24.121
44950 24.1318
44960 24.1295
44970 24.134
44980 24.1446
44990 24.1349
45000 24.124
45010 24.137
45020 24.1606
45030 24.1631
45040 24.1616
45050 24.1727
45060 24.18
45070 24.1823
45080 24.1913
45090 24.2149
45100 24.2291
45110 24.2284
45120 24.2276
45130 24.2333
45140 24.2371
45150 24.2326
45160 24.23
45170 24.2196
45180 24.2008
45190 24.1906
45200 24.1921
45210 24.1833
45220 24.1758
45230 24.1847
45240 24.2044
45250 24.2249
45260 24.2529
45270 24.2736
45280 24.2682
45290 24.2654
45300 24.2722
45310 24.2677
45320 24.2563
45330 24.2446
45340 24.2296
45350 24.212
45360 24.2
45370 24.2048
45380 24.2226
45390 24.2314
45400 24.2266
45410 24.226
45420 24.2463
45430 24.266
45440 24.2552
45450 24.2435
45460 24.254
45470 24.2628
45480 24.256
45490 24.2457
45500 24.2685
45510 24.3104
45520 24.3402
45530 24.3562
45540 24.3764
45550 24.384
45560 24.3757
45570 24.3813
45580 24.3985
45590 24.4121
45600 24.4259
45610 24.4377
45620 24.4473
45630 24.4443
45640 24.4325
45650 24.4388
45660 24.4627
45670 24.473
45680 24.4797
45690 24.4716
45700 24.4451
45710 24.4417
45720 24.4781
45730 24.5049
45740 24.4971
45750 24.498
45760 24.5179
45770 24.5239
45780 24.5135
45790 24.5167
45800 24.5348
45810 24.5428
45820 24.5248
45830 24.5025
45840 24.5122
45850 24.5379
45860 24.5322
45870 24.5035
45880 24.4862
45890 24.4806
45900 24.4607
45910 24.4384
45920 24.4296
45930 24.4151
45940 24.3914
45950 24.3927
45960 24.4058
45970 24.417
45980 24.4298
45990 24.4473
46000 24.4667
46010 24.4909
46020 24.5315
46030 24.582
46040 24.6218
46050 24.6357
46060 24.6479
46070 24.6684
46080 24.685
46090 24.6907
46100 24.7028
46110 24.7158
46120 24.7178
46130 24.7117
46140 24.7128
46150 24.7119
46160 24.7069
46170 24.7044
46180 24.7223
46190 24.7418
46200 24.7583
46210 24.7725
46220 24.7983
46230 24.8254
46240 24.8341
46250 24.8274
46260 24.827
46270 24.847
46280 24.8641
46290 24.8569
46300 24.8498
46310 24.8565
46320 24.8547
46330 24.8395
46340 24.8253
46350 24.8207
46360 24.8164
46370 24.8191
46380 24.8195
46390 24.8267
46400 24.8262
46410 24.8297
46420 24.8388
46430 24.838
46440 24.8218
46450 24.807
46460 24.8051
46470 24.8106
46480 24.8063
46490 24.8093
46500 24.8331
46510 24.8445
46520 24.815
46530 24.7858
46540 24.7922
46550 24.8215
46560 24.8367
46570 24.832
46580 24.8404
46590 24.867
46600 24.887
46610 24.8995
46620 24.9216
46630 24.9462
46640 24.9574
46650 24.9529
46660 24.9559
46670 24.9627
46680 24.9637
46690 24.9702
46700 24.9765
46710 24.9639
46720 24.9535
46730 24.955
46740 24.9577
46750 24.9709
46760 24.9966
46770 25.0238
46780 25.0344
46790 25.0343
46800 25.0224
46810 25.001
46820 24.9972
46830 24.9941
46840 24.9756
46850 24.9708
46860 24.9891
46870 25.0013
46880 25.0102
46890 25.0215
46900 25.021
46910 25.039
46920 25.0709
46930 25.0879
46940 25.0905
46950 25.1063
46960 25.1185
46970 25.1027
46980 25.0863
46990 25.1011
47000 25.1314
47010 25.157
47020 25.1735
47030 25.2014
47040 25.227
47050 25.2353
47060 25.2327
47070 25.2199
47080 25.209
47090 25.2181
47100 25.2181
47110 25.1848
47120 25.1505
47130 25.1526
47140 25.1642
47150 25.162
47160 25.1579
47170 25.1722
47180 25.1786
47190 25.1775
47200 25.1835
47210 25.1922
47220 25.1947
47230 25.1946
47240 25.1888
47250 25.1795
47260 25.1727
47270 25.1913
47280 25.2213
47290 25.2389
47300 25.2445
47310 25.2486
47320 25.25
47330 25.2524
47340 25.2651
47350 25.2869
47360 25.3008
47370 25.3083
47380 25.3218
47390 25.3351
47400 25.3256
47410 25.3113
47420 25.3095
47430 25.3046
47440 25.2958
47450 25.281
47460 25.2779
47470 25.2954
47480 25.2953
47490 25.2729
47500 25.2693
47510 25.2986
47520 25.3308
47530 25.3506
47540 25.3664
47550 25.3709
47560 25.3699
47570 25.3894
47580 25.4208
47590 25.4303
47600 25.4092
47610 25.3816
47620 25.3642
47630 25.3775
47640 25.4093
47650 25.4119
47660 25.3928
47670 25.3876
47680 25.3992
47690 25.4188
47700 25.4421
47710 25.4725
47720 25.4824
47730 25.4902
47740 25.4984
47750 25.4917
47760 25.4787
47770 25.4799
47780 25.4898
47790 25.4972
47800 25.5021
47810 25.5027
47820 25.4983
47830 25.5049
47840 25.5067
47850 25.5033
47860 25.4948
47870 25.4981
47880 25.5197
47890 25.5364
47900 25.526
47910 25.5125
47920 25.521
47930 25.5399
47940 25.5526
47950 25.574
47960 25.5981
47970 25.602
47980 25.6059
47990 25.6187
48000 25.6394
48010 25.6632
48020 25.692
48030 25.7057
48040 25.6879
48050 25.6653
48060 25.6536
48070 25.6416
48080 25.6457
48090 25.6566
48100 25.654
48110 25.6398
48120 25.6144
48130 25.6136
48140 25.6437
48150 25.6714
48160 25.6702
48170 25.666
48180 25.6691
48190 25.6674
48200 25.6599
48210 25.6566
48220 25.6672
48230 25.6753
48240 25.6609
48250 25.6457
48260 25.6533
48270 25.6643
48280 25.673
48290 25.693
48300 25.7052
48310 25.6922
48320 25.6738
48330 25.6539
48340 25.6294
48350 25.6185
48360 25.619
48370 25.6268
48380 25.6333
48390 25.6337
48400 25.6287
48410 25.618
48420 25.5987
48430 25.5924
48440 25.6015
48450 25.618
48460 25.6213
48470 25.6184
48480 25.6183
48490 25.6048
48500 25.5839
48510 25.589
48520 25.6025
48530 25.6131
48540 25.6393
48550 25.665
48560 25.6717
48570 25.6704
48580 25.6718
48590 25.6892
48600 25.7
48610 25.7024
48620 25.6987
48630 25.6834
48640 25.6679
48650 25.6655
48660 25.6778
48670 25.6868
48680 25.6799
48690 25.6778
48700 25.6887
48710 25.696
48720 25.6969
48730 25.7044
48740 25.7146
48750 25.7261
48760 25.7334
48770 25.7259
48780 25.7085
48790 25.7104
48800 25.7391
48810 25.7606
48820 25.7589
48830 25.7627
48840 25.7733
48850 25.7701
48860 25.769
48870 25.787
48880 25.8018
48890 25.8003
48900 25.7981
48910 25.8049
48920 25.8212
48930 25.8246
48940 25.8216
48950 25.8301
48960 25.8539
48970 25.8568
48980 25.868
48990 25.9151
49000 25.9528
49010 25.959
49020 25.9578
49030 25.9673
49040 25.9682
49050 25.955
49060 25.9403
49070 25.9492
49080 25.9695
49090 25.9849
49100 26.0036
49110 26.0201
49120 26.029
49130 26.0311
49140 26.0241
49150 26.0158
49160 26.014
49170 26.0229
49180 26.0247
49190 26.023
49200 26.0172
49210 26.0028
49220 25.9986
49230 26.0211
49240 26.061
49250 26.1032
49260 26.1224
49270 26.1229
49280 26.137
49290 26.1566
49300 26.1569
49310 26.1511
49320 26.1533
49330 26.1583
49340 26.1588
49350 26.1629
49360 26.167
49370 26.1666
49380 26.1755
49390 26.1921
49400 26.1925
49410 26.1769
49420 26.165
49430 26.1552
49440 26.1386
49450 26.1268
49460 26.1173
49470 26.1077
49480 26.1018
49490 26.0924
49500 26.0632
49510 26.0384
49520 26.0431
49530 26.0525
49540 26.0467
49550 26.0426
49560 26.0311
49570 26.0054
49580 25.9915
49590 25.9938
49600 25.9919
49610 25.9891
49620 25.9849
49630 25.9665
49640 25.9327
49650 25.9075
49660 25.8967
49670 25.8966
49680 25.9021
49690 25.9052
49700 25.907
49710 25.9084
49720 25.9125
49730 25.9192
49740 25.9296
49750 25.9426
49760 25.9583
49770 25.9776
49780 26.0065
49790 26.031
49800 26.0406
49810 26.0646
49820 26.111
49830 26.1408
49840 26.1489
49850 26.159
49860 26.1716
49870 26.1755
49880 26.1727
49890 26.1707
49900 26.1572
49910 26.1484
49920 26.1589
49930 26.1721
49940 26.1863
49950 26.1895
49960 26.1729
49970 26.1601
49980 26.1609
49990 26.1549
50000 26.1455
50010 26.1489
50020 26.1676
50030 26.1697
50040 26.1544
50050 26.151
50060 26.1461
50070 26.1499
50080 26.1562
50090 26.1556
50100 26.1505
50110 26.149
50120 26.1525
50130 26.1608
50140 26.1713
50150 26.1807
50160 26.1766
50170 26.1657
50180 26.1533
50190 26.1567
50200 26.1839
50210 26.1992
50220 26.1926
50230 26.178
50240 26.1753
50250 26.1865
50260 26.1942
50270 26.1903
50280 26.1917
50290 26.2052
50300 26.2181
50310 26.2286
50320 26.2398
50330 26.2481
50340 26.2549
50350 26.2606
50360 26.2644
50370 26.2716
50380 26.2957
50390 26.3215
50400 26.3459
50410 26.369
50420 26.3886
50430 26.3956
50440 26.3839
50450 26.3803
50460 26.3978
50470 26.4156
50480 26.4342
50490 26.4627
50500 26.4927
50510 26.5054
50520 26.5035
50530 26.5127
50540 26.5366
50550 26.56
50560 26.5822
50570 26.5946
50580 26.5897
50590 26.588
50600 26.6142
50610 26.6382
50620 26.645
50630 26.6697
50640 26.7111
50650 26.7289
50660 26.7336
50670 26.7629
50680 26.7987
50690 26.8108
50700 26.824
50710 26.8561
50720 26.8752
50730 26.8673
50740 26.877
50750 26.9138
50760 26.9297
50770 26.9341
50780 26.9479
50790 26.9521
50800 26.9386
50810 26.9327
50820 26.9266
50830 26.9086
50840 26.8932
50850 26.899
50860 26.9166
50870 26.9233
50880 26.9165
50890 26.8957
50900 26.8859
50910 26.8791
50920 26.8568
50930 26.8278
50940 26.8228
50950 26.8248
50960 26.8218
50970 26.8251
50980 26.8296
50990 26.8253
51000 26.8282
51010 26.8455
51020 26.8564
51030 26.8418
51040 26.831
51050 26.8348
51060 26.8414
51070 26.8324
51080 26.8117
51090 26.8086
51100 26.8413
51110 26.8763
51120 26.8982
51130 26.9249
51140 26.9436
51150 26.9444
51160 26.9423
51170 26.9465
51180 26.9484
51190 26.9431
51200 26.9466
51210 26.9574
51220 26.9639
51230 26.9661
51240 26.9632
51250 26.9691
51260 26.9795
51270 26.97
51280 26.939
51290 26.9262
51300 26.9202
51310 26.9011
51320 26.8863
51330 26.8778
51340 26.8801
51350 26.8894
51360 26.8953
51370 26.8884
51380 26.8774
51390 26.8739
51400 26.8714
51410 26.8664
51420 26.8585
51430 26.8398
51440 26.8141
51450 26.8006
51460 26.8082
51470 26.8221
51480 26.8233
51490 26.823
51500 26.8368
51510 26.8654
51520 26.898
51530 26.9343
51540 26.9634
51550 26.9826
51560 26.9959
51570 27.0022
51580 27.0007
51590 27.0158
51600 27.0337
51610 27.0297
51620 27.023
51630 27.0261
51640 27.0383
51650 27.0559
51660 27.0663
51670 27.0617
51680 27.0481
51690 27.0507
51700 27.0724
51710 27.0879
51720 27.0783
51730 27.06
51740 27.0654
51750 27.0873
51760 27.0901
51770 27.0878
51780 27.1117
51790 27.1449
51800 27.15
51810 27.1374
51820 27.151
51830 27.1905
51840 27.2165
51850 27.215
51860 27.2178
51870 27.2295
51880 27.2393
51890 27.2514
51900 27.2594
51910 27.255
51920 27.2464
51930 27.2523
51940 27.2623
51950 27.2727
51960 27.2896
51970 27.3041
51980 27.3083
51990 27.3124
52000 27.3366
52010 27.3691
52020 27.3825
52030 27.4053
52040 27.4424
52050 27.4736
52060 27.498
52070 27.5131
52080 27.5107
52090 27.5062
52100 27.5179
52110 27.5339
52120 27.5391
52130 27.5363
52140 27.5392
52150 27.5386
52160 27.5243
52170 27.5135
52180 27.5198
52190 27.5231
52200 27.5043
52210 27.4891
52220 27.4869
52230 27.482
52240 27.4788
52250 27.4774
52260 27.4861
52270 27.5006
52280 27.5129
52290 27.5126
52300 27.507
52310 27.5127
52320 27.5121
52330 27.5026
52340 27.4966
52350 27.5133
52360 27.5543
52370 27.5833
52380 27.5906
52390 27.6007
52400 27.6254
52410 27.6511
52420 27.6654
52430 27.6584
52440 27.6423
52450 27.6361
52460 27.6483
52470 27.6617
52480 27.6647
52490 27.6535
52500 27.6525
52510 27.6637
52520 27.6713
52530 27.6807
52540 27.6888
52550 27.7006
52560 27.7157
52570 27.722
52580 27.7349
52590 27.7484
52600 27.7743
52610 27.7992
52620 27.807
52630 27.7967
52640 27.791
52650 27.8017
52660 27.8091
52670 27.8
52680 27.8
52690 27.8111
52700 27.8161
52710 27.8144
52720 27.8264
52730 27.8508
52740 27.867
52750 27.8765
52760 27.8782
52770 27.8643
52780 27.8411
52790 27.818
52800 27.8004
52810 27.7856
52820 27.7751
52830 27.781
52840 27.7978
52850 27.8039
52860 27.7975
52870 27.7945
52880 27.8024
52890 27.8175
52900 27.8289
52910 27.8233
52920 27.804
52930 27.786
52940 27.7839
52950 27.8066
52960 27.835
52970 27.8332
52980 27.8148
52990 27.8084
53000 27.8133
53010 27.8175
53020 27.818
53030 27.8245
53040 27.8313
53050 27.8274
53060 27.8272
53070 27.8352
53080 27.8346
53090 27.8432
53100 27.8666
53110 27.8809
53120 27.8871
53130 27.8944
53140 27.8918
53150 27.8831
53160 27.8829
53170 27.8806
53180 27.8759
53190 27.8965
53200 27.9346
53210 27.9452
53220 27.9374
53230 27.9237
53240 27.903
53250 27.8857
53260 27.8911
53270 27.9083
53280 27.904
53290 27.8822
53300 27.8886
53310 27.9304
53320 27.9723
53330 27.9808
53340 27.9749
53350 27.9748
53360 27.9961
53370 28.0174
53380 28.0186
53390 28.0024
53400 27.9888
53410 27.9857
53420 27.9875
53430 28
53440 28.0086
53450 27.9973
53460 27.9893
53470 28.0047
53480 28.0251
53490 28.0448
53500 28.0579
53510 28.0514
53520 28.0508
53530 28.0582
53540 28.0527
53550 28.0218
53560 27.9937
53570 27.9775
53580 27.9812
53590 27.9903
53600 28.0137
53610 28.044
53620 28.058
53630 28.0647
53640 28.0783
53650 28.0908
53660 28.098
53670 28.1036
53680 28.1209
53690 28.1313
53700 28.1051
53710 28.0768
53720 28.0805
53730 28.0948
53740 28.1002
53750 28.1106
53760 28.1264
53770 28.1264
53780 28.1183
53790 28.1327
53800 28.1645
53810 28.1917
53820 28.2132
53830 28.2285
53840 28.2237
53850 28.2313
53860 28.2591
53870 28.285
53880 28.2889
53890 28.2959
53900 28.315
53910 28.3286
53920 28.3216
53930 28.3158
53940 28.3231
53950 28.3287
53960 28.3268
53970 28.3329
53980 28.3345
53990 28.334
54000 28.344
54010 28.3656
54020 28.3852
54030 28.3973
54040 28.417
54050 28.4358
54060 28.4417
54070 28.4387
54080 28.4489
54090 28.4613
54100 28.4627
54110 28.4612
54120 28.4733
54130 28.5031
54140 28.5096
54150 28.4984
54160 28.4846
54170 28.4875
54180 28.5
54190 28.5045
54200 28.4933
54210 28.4723
54220 28.4661
54230 28.4748
54240 28.4836
54250 28.4914
54260 28.5084
54270 28.5273
54280 28.5374
54290 28.5423
54300 28.5505
54310 28.5608
54320 28.5664
54330 28.5639
54340 28.5645
54350 28.5625
54360 28.5672
54370 28.5686
54380 28.5584
54390 28.5548
54400 28.5745
54410 28.5968
54420 28.5943
54430 28.5856
54440 28.5818
54450 28.573
54460 28.5567
54470 28.5585
54480 28.5779
54490 28.5815
54500 28.5749
54510 28.5745
54520 28.5953
54530 28.6192
54540 28.6053
54550 28.5695
54560 28.5392
54570 28.5224
54580 28.4983
54590 28.4674
54600 28.4562
54610 28.4608
54620 28.4587
54630 28.4477
54640 28.4463
54650 28.4448
54660 28.4598
54670 28.4877
54680 28.4988
54690 28.4891
54700 28.4901
54710 28.4999
54720 28.5071
54730 28.51
54740 28.5286
54750 28.542
54760 28.532
54770 28.522
54780 28.5399
54790 28.5557
54800 28.5479
54810 28.5367
54820 28.5358
54830 28.5293
54840 28.5074
54850 28.4927
54860 28.4936
54870 28.4851
54880 28.4648
54890 28.4651
54900 28.4783
54910 28.4803
54920 28.4854
54930 28.5012
54940 28.5076
54950 28.5122
54960 28.5088
54970 28.4862
54980 28.4644
54990 28.4711
55000 28.5072
55010 28.5292
55020 28.5163
55030 28.5167
55040 28.5516
55050 28.5843
55060 28.5938
55070 28.5994
55080 28.6075
55090 28.6134
55100 28.6072
55110 28.5958
55120 28.5756
55130 28.5588
55140 28.5504
55150 28.535
55160 28.5089
55170 28.4947
55180 28.495
55190 28.4974
55200 28.5099
55210 28.5334
55220 28.5378
55230 28.5242
55240 28.5293
55250 28.5568
55260 28.5725
55270 28.5677
55280 28.5617
55290 28.5717
55300 28.6003
55310 28.6208
55320 28.6162
55330 28.5929
55340 28.5807
55350 28.6043
55360 28.632
55370 28.634
55380 28.6322
55390 28.6582
55400 28.69
55410 28.6908
55420 28.6721
55430 28.6788
55440 28.7032
55450 28.7246
55460 28.7366
55470 28.7536
55480 28.7716
55490 28.7708
55500 28.7601
55510 28.7493
55520 28.7298
55530 28.7065
55540 28.6993
55550 28.7168
55560 28.7417
55570 28.7462
55580 28.7518
55590 28.7753
55600 28.7935
55610 28.8018
55620 28.8159
55630 28.8424
55640 28.8546
55650 28.8336
55660 28.8049
55670 28.8003
55680 28.8167
55690 28.8265
55700 28.8198
55710 28.8293
55720 28.8541
55730 28.864
55740 28.8527
55750 28.8537
55760 28.8628
55770 28.8808
55780 28.9051
55790 28.9144
55800 28.9311
55810 28.9604
55820 28.9913
55830 29.019
55840 29.0308
55850 29.0282
55860 29.0364
55870 29.0555
55880 29.0551
55890 29.0465
55900 29.0497
55910 29.0601
55920 29.0566
55930 29.0466
55940 29.0471
55950 29.049
55960 29.0381
55970 29.0262
55980 29.0245
55990 29.0276
56000 29.0281
56010 29.0174
56020 28.9989
56030 28.9908
56040 28.9846
56050 28.9548
56060 28.9293
56070 28.9123
56080 28.8948
56090 28.8827
56100 28.8797
56110 28.8643
56120 28.8337
56130 28.8194
56140 28.8367
56150 28.8502
56160 28.833
56170 28.8052
56180 28.8005
56190 28.8222
56200 28.8321
56210 28.8238
56220 28.8118
56230 28.8048
56240 28.8127
56250 28.8258
56260 28.8408
56270 28.8409
56280 28.8283
56290 28.8192
56300 28.8099
56310 28.8003
56320 28.7961
56330 28.7839
56340 28.7487
56350 28.7293
56360 28.7439
56370 28.7523
56380 28.7545
56390 28.7873
56400 28.8193
56410 28.8151
56420 28.8117
56430 28.8174
56440 28.8174
56450 28.8196
56460 28.8176
56470 28.8208
56480 28.8358
56490 28.8519
56500 28.8559
56510 28.852
56520 28.8586
56530 28.876
56540 28.8831
56550 28.8786
56560 28.887
56570 28.9045
56580 28.9239
56590 28.9456
56600 28.971
56610 28.9819
56620 28.9711
56630 28.9695
56640 28.994
56650 29.0256
56660 29.0559
56670 29.0878
56680 29.1171
56690 29.1091
56700 29.0793
56710 29.0835
56720 29.1046
56730 29.1132
56740 29.1232
56750 29.1342
56760 29.1338
56770 29.1388
56780 29.1644
56790 29.1984
56800 29.2141
56810 29.228
56820 29.2481
56830 29.2753
56840 29.2982
56850 29.2932
56860 29.2791
56870 29.2909
56880 29.3156
56890 29.339
56900 29.3495
56910 29.3468
56920 29.3345
56930 29.3172
56940 29.2925
56950 29.282
56960 29.2861
56970 29.2824
56980 29.2697
56990 29.2774
57000 29.3093
57010 29.3276
57020 29.3264
57030 29.326
57040 29.3397
57050 29.335
57060 29.3265
57070 29.3428
57080 29.3666
57090 29.3891
57100 29.4181
57110 29.456
57120 29.5048
57130 29.5468
57140 29.5648
57150 29.5858
57160 29.6018
57170 29.5892
57180 29.5659
57190 29.5859
57200 29.624
57210 29.6286
57220 29.6166
57230 29.6195
57240 29.6284
57250 29.6432
57260 29.6582
57270 29.6665
57280 29.68
57290 29.6863
57300 29.6819
57310 29.6826
57320 29.7
57330 29.7048
57340 29.6943
57350 29.6971
57360 29.706
57370 29.7005
57380 29.7031
57390 29.7076
57400 29.7215
57410 29.7647
57420 29.8121
57430 29.817
57440 29.8043
57450 29.825
57460 29.8484
57470 29.8476
57480 29.8436
57490 29.8559
57500 29.8541
57510 29.8435
57520 29.8579
57530 29.8794
57540 29.8785
57550 29.8612
57560 29.8519
57570 29.8611
57580 29.8865
57590 29.8993
57600 29.871
57610 29.8491
57620 29.8733
57630 29.9121
57640 29.9119
57650 29.8942
57660 29.9193
57670 29.9552
57680 29.9543
57690 29.947
57700 29.9549
57710 29.9439
57720 29.9194
57730 29.9183
57740 29.9388
57750 29.9463
57760 29.9474
57770 29.9474
57780 29.9354
57790 29.935
57800 29.9477
57810 29.9407
57820 29.9143
57830 29.8967
57840 29.9074
57850 29.9114
57860 29.9032
57870 29.9127
57880 29.9157
57890 29.8953
57900 29.8649
57910 29.8571
57920 29.8583
57930 29.8466
57940 29.8331
57950 29.8302
57960 29.8561
57970 29.8847
57980 29.9117
57990 29.9342
58000 29.9465
58010 29.9562
58020 29.978
58030 30.0055
58040 30.0125
58050 30.0156
58060 30.0069
58070 29.9883
58080 29.9934
58090 30.0197
58100 30.0263
58110 30.0186
58120 30.0215
58130 30.0478
58140 30.0818
58150 30.0905
58160 30.0673
58170 30.0572
58180 30.0745
58190 30.0897
58200 30.0938
58210 30.0942
58220 30.1071
58230 30.1323
58240 30.1745
58250 30.2048
58260 30.196
58270 30.168
58280 30.1456
58290 30.1258
58300 30.1302
58310 30.1598
58320 30.1739
58330 30.1541
58340 30.1289
58350 30.1234
58360 30.1269
58370 30.123
58380 30.1007
58390 30.0817
58400 30.0932
58410 30.1235
58420 30.1413
58430 30.1332
58440 30.1434
58450 30.179
58460 30.2188
58470 30.2348
58480 30.2335
58490 30.2467
58500 30.2771
58510 30.2926
58520 30.2892
58530 30.2865
58540 30.283
58550 30.2709
58560 30.2739
58570 30.2841
58580 30.2908
58590 30.3041
58600 30.3117
58610 30.3111
58620 30.3161
58630 30.3162
58640 30.3155
58650 30.3179
58660 30.3083
58670 30.3025
58680 30.3234
58690 30.3453
58700 30.3459
58710 30.3361
58720 30.3511
58730 30.3548
58740 30.3275
58750 30.3024
58760 30.3088
58770 30.3333
58780 30.3501
58790 30.3539
58800 30.3564
58810 30.3633
58820 30.3671
58830 30.3766
58840 30.3884
58850 30.3996
58860 30.4093
58870 30.4035
58880 30.4045
58890 30.4318
58900 30.4649
58910 30.4784
58920 30.4851
58930 30.4828
58940 30.4866
58950 30.4964
58960 30.5001
58970 30.509
58980 30.5257
58990 30.5449
59000 30.5688
59010 30.585
59020 30.599
59030 30.6154
59040 30.6263
59050 30.6319
59060 30.6345
59070 30.6443
59080 30.6718
59090 30.6972
59100 30.6944
59110 30.7029
59120 30.7183
59130 30.725
59140 30.7346
59150 30.7538
59160 30.7704
59170 30.7666
59180 30.7411
59190 30.7133
59200 30.7041
59210 30.7293
59220 30.7486
59230 30.7459
59240 30.7357
59250 30.7357
59260 30.7242
59270 30.7017
59280 30.6955
59290 30.6929
59300 30.6822
59310 30.6743
59320 30.6668
59330 30.6683
59340 30.6667
59350 30.6543
59360 30.6567
59370 30.666
59380 30.671
59390 30.6793
59400 30.6949
59410 30.694
59420 30.685
59430 30.6944
59440 30.6925
59450 30.6689
59460 30.6637
59470 30.6943
59480 30.7115
59490 30.6911
59500 30.6741
59510 30.6834
59520 30.6837
59530 30.6736
59540 30.6812
59550 30.7098
59560 30.721
59570 30.7031
59580 30.6841
59590 30.6738
59600 30.6633
59610 30.6565
59620 30.6498
59630 30.6315
59640 30.6268
59650 30.6382
59660 30.6299
59670 30.612
59680 30.6236
59690 30.6447
59700 30.6336
59710 30.6072
59720 30.5806
59730 30.572
59740 30.5779
59750 30.5721
59760 30.5461
59770 30.5243
59780 30.5273
59790 30.5405
59800 30.5541
59810 30.5676
59820 30.5698
59830 30.5672
59840 30.5875
59850 30.6167
59860 30.614
59870 30.6129
59880 30.6206
59890 30.633
59900 30.6366
59910 30.6248
59920 30.6253
59930 30.6307
59940 30.6186
59950 30.5916
59960 30.5787
59970 30.5684
59980 30.5653
59990 30.5762
60000 30.5923
60010 30.6134
60020 30.6471
60030 30.6705
60040 30.6765
60050 30.6859
60060 30.7089
60070 30.7201
60080 30.7048
60090 30.6942
60100 30.7065
60110 30.7208
60120 30.7182
60130 30.7022
60140 30.7007
60150 30.7013
60160 30.7007
60170 30.7097
60180 30.7226
60190 30.7243
60200 30.7307
60210 30.7293
60220 30.7217
60230 30.7182
60240 30.7194
60250 30.7153
60260 30.7206
60270 30.7436
60280 30.7784
60290 30.7843
60300 30.7603
60310 30.7386
60320 30.7253
60330 30.7225
60340 30.7324
60350 30.7432
60360 30.7262
60370 30.6823
60380 30.6462
60390 30.6487
60400 30.6744
60410 30.6705
60420 30.6621
60430 30.6836
60440 30.6959
60450 30.6944
60460 30.6986
60470 30.7211
60480 30.7512
60490 30.7762
60500 30.7906
60510 30.7865
60520 30.7882
60530 30.792
60540 30.7821
60550 30.7811
60560 30.7881
60570 30.7826
60580 30.7494
60590 30.727
60600 30.7349
60610 30.7365
60620 30.7231
60630 30.6977
60640 30.666
60650 30.6458
60660 30.6435
60670 30.6395
60680 30.6098
60690 30.5785
60700 30.5774
60710 30.5956
60720 30.5953
60730 30.5738
60740 30.5576
60750 30.5545
60760 30.555
60770 30.5501
60780 30.5597
60790 30.5938
60800 30.6164
60810 30.6199
60820 30.6292
60830 30.6385
60840 30.645
60850 30.6509
60860 30.6538
60870 30.6393
60880 30.6336
60890 30.6557
60900 30.6634
60910 30.6381
60920 30.6168
60930 30.6296
60940 30.6389
60950 30.6353
60960 30.6325
60970 30.6117
60980 30.6134
60990 30.6525
61000 30.6985
61010 30.7147
61020 30.7108
61030 30.7142
61040 30.7185
61050 30.7217
61060 30.7419
61070 30.7692
61080 30.7741
61090 30.7777
61100 30.7836
61110 30.8017
61120 30.8293
61130 30.8336
61140 30.814
61150 30.8193
61160 30.8637
61170 30.8905
61180 30.8849
61190 30.8833
61200 30.902
61210 30.9058
61220 30.8975
61230 30.918
61240 30.9317
61250 30.9121
61260 30.8941
61270 30.9043
61280 30.9188
61290 30.9351
61300 30.9627
61310 30.9817
61320 30.9856
61330 30.9918
61340 31.0109
61350 31.0288
61360 31.0335
61370 31.0307
61380 31.0355
61390 31.0341
61400 31.0216
61410 31.0144
61420 31.0266
61430 31.0447
61440 31.0498
61450 31.0535
61460 31.0628
61470 31.0697
61480 31.0813
61490 31.0964
61500 31.0974
61510 31.0695
61520 31.0329
61530 31.0222
61540 31.0345
61550 31.0436
61560 31.0442
61570 31.0413
61580 31.0379
61590 31.0549
61600 31.0771
61610 31.0725
61620 31.0537
61630 31.0487
61640 31.054
61650 31.055
61660 31.0468
61670 31.0378
61680 31.0299
61690 31.0282
61700 31.0413
61710 31.053
61720 31.059
61730 31.0618
61740 31.0727
61750 31.0808
61760 31.0783
61770 31.0823
61780 31.0978
61790 31.1061
61800 31.1024
61810 31.0848
61820 31.0812
61830 31.0788
61840 31.0788
61850 31.0927
61860 31.1214
61870 31.1527
61880 31.1635
61890 31.1815
61900 31.222
61910 31.265
61920 31.291
61930 31.2898
61940 31.2923
61950 31.3104
61960 31.3198
61970 31.3037
61980 31.2972
61990 31.3353
62000 31.3849
62010 31.4142
62020 31.4429
62030 31.4607
62040 31.4685
62050 31.4821
62060 31.4754
62070 31.4365
62080 31.4192
62090 31.4401
62100 31.4611
62110 31.4674
62120 31.4727
62130 31.4939
62140 31.5202
62150 31.5369
62160 31.5447
62170 31.5546
62180 31.5744
62190 31.5729
62200 31.5496
62210 31.5476
62220 31.5642
62230 31.5689
62240 31.5598
62250 31.5522
62260 31.5583
62270 31.5757
62280 31.5715
62290 31.5464
62300 31.5344
62310 31.5327
62320 31.5314
62330 31.5226
62340 31.5077
62350 31.4762
62360 31.456
62370 31.4602
62380 31.4656
62390 31.4741
62400 31.4969
62410 31.4983
62420 31.5022
62430 31.5237
62440 31.529
62450 31.5122
62460 31.5059
62470 31.4943
62480 31.4821
62490 31.4875
62500 31.4908
62510 31.4629
62520 31.4267
62530 31.4125
62540 31.3901
62550 31.3636
62560 31.3629
62570 31.3859
62580 31.3968
62590 31.397
62600 31.4083
62610 31.4232
62620 31.4123
62630 31.3967
62640 31.4014
62650 31.4094
62660 31.4183
62670 31.4396
62680 31.467
62690 31.5037
62700 31.5251
62710 31.5195
62720 31.5318
62730 31.5636
62740 31.583
62750 31.5779
62760 31.5839
62770 31.6145
62780 31.6329
62790 31.6394
62800 31.6541
62810 31.6761
62820 31.6981
62830 31.7181
62840 31.721
62850 31.7085
62860 31.7063
62870 31.723
62880 31.7454
62890 31.7643
62900 31.7709
62910 31.7614
62920 31.7455
62930 31.7385
62940 31.7273
62950 31.7322
62960 31.7549
62970 31.7786
62980 31.7869
62990 31.7947
63000 31.8283
63010 31.8514
63020 31.8421
63030 31.8408
63040 31.8613
63050 31.8675
63060 31.8673
63070 31.8901
63080 31.9203
63090 31.9382
63100 31.9454
63110 31.9436
63120 31.9579
63130 31.9846
63140 32.0157
63150 32.0353
63160 32.0483
63170 32.0692
63180 32.0835
63190 32.0794
63200 32.0672
63210 32.0809
63220 32.1311
63230 32.1768
63240 32.184
63250 32.1961
63260 32.2338
63270 32.249
63280 32.2315
63290 32.2153
63300 32.2243
63310 32.2404
63320 32.2599
63330 32.2818
63340 32.2947
63350 32.2879
63360 32.2879
63370 32.3106
63380 32.3092
63390 32.2691
63400 32.2544
63410 32.2882
63420 32.3211
63430 32.3276
63440 32.3257
63450 32.3174
63460 32.306
63470 32.2996
63480 32.2898
63490 32.2775
63500 32.2662
63510 32.2546
63520 32.2614
63530 32.2854
63540 32.3134
63550 32.3132
63560 32.2871
63570 32.2591
63580 32.2619
63590 32.2801
63600 32.29
63610 32.2975
63620 32.2954
63630 32.2813
63640 32.283
63650 32.3043
63660 32.3172
63670 32.3106
63680 32.306
63690 32.3128
63700 32.328
63710 32.3444
63720 32.3628
63730 32.3774
63740 32.3747
63750 32.3589
63760 32.3622
63770 32.3844
63780 32.3809
63790 32.3703
63800 32.3713
63810 32.3753
63820 32.3859
63830 32.3979
63840 32.4081
63850 32.4225
63860 32.4307
63870 32.4441
63880 32.4801
63890 32.5054
63900 32.5128
63910 32.5198
63920 32.54
63930 32.5567
63940 32.5738
63950 32.5985
63960 32.6053
63970 32.6006
63980 32.617
63990 32.6459
64000 32.6668
64010 32.6823
64020 32.7003
64030 32.7152
64040 32.7083
64050 32.7092
64060 32.726
64070 32.7166
64080 32.6808
64090 32.6579
64100 32.6549
64110 32.6554
64120 32.6544
64130 32.6606
64140 32.6771
64150 32.6938
64160 32.6838
64170 32.6394
64180 32.6058
64190 32.5931
64200 32.5917
64210 32.5747
64220 32.5528
64230 32.5639
64240 32.5862
64250 32.5943
64260 32.5923
64270 32.5886
64280 32.6023
64290 32.6162
64300 32.6185
64310 32.6132
64320 32.6147
64330 32.6177
64340 32.6222
64350 32.623
64360 32.6177
64370 32.6175
64380 32.6206
64390 32.6191
64400 32.6201
64410 32.6202
64420 32.6208
64430 32.6036
64440 32.5879
64450 32.6033
64460 32.6265
64470 32.6256
64480 32.6228
64490 32.6276
64500 32.6294
64510 32.6307
64520 32.6199
64530 32.6172
64540 32.6286
64550 32.6358
64560 32.6441
64570 32.6707
64580 32.6956
64590 32.7066
64600 32.7295
64610 32.761
64620 32.7794
64630 32.7848
64640 32.7887
64650 32.7958
64660 32.7921
64670 32.785
64680 32.781
64690 32.7756
64700 32.7768
64710 32.7896
64720 32.8065
64730 32.8125
64740 32.799
64750 32.8012
64760 32.8149
64770 32.8067
64780 32.796
64790 32.8087
64800 32.8167
64810 32.8028
64820 32.7953
64830 32.7939
64840 32.8107
64850 32.8253
64860 32.8316
64870 32.8476
64880 32.8688
64890 32.9037
64900 32.9483
64910 32.9799
64920 32.9861
64930 32.9845
64940 33.0003
64950 33.0273
64960 33.0526
64970 33.0772
64980 33.1032
64990 33.1244
65000 33.1367
65010 33.1496
65020 33.1594
65030 33.1612
65040 33.1688
65050 33.1944
65060 33.2125
65070 33.2114
65080 33.2038
65090 33.2029
65100 33.2245
65110 33.2588
65120 33.2862
65130 33.2876
65140 33.2931
65150 33.3077
65160 33.3131
65170 33.3077
65180 33.3044
65190 33.2948
65200 33.2973
65210 33.3148
65220 33.3313
65230 33.3482
65240 33.3677
65250 33.3989
65260 33.4225
65270 33.4331
65280 33.4261
65290 33.4284
65300 33.4382
65310 33.4481
65320 33.4653
65330 33.502
65340 33.5617
65350 33.5993
65360 33.5896
65370 33.5792
65380 33.5923
65390 33.6237
65400 33.6474
65410 33.646
65420 33.6229
65430 33.6081
65440 33.6018
65450 33.6062
65460 33.6058
65470 33.6114
65480 33.6133
65490 33.5924
65500 33.5761
65510 33.5712
65520 33.5736
65530 33.5774
65540 33.5658
65550 33.5637
65560 33.5748
65570 33.5851
65580 33.5861
65590 33.586
65600 33.5906
65610 33.6131
65620 33.632
65630 33.6307
65640 33.614
65650 33.603
65660 33.6147
65670 33.6373
65680 33.6622
65690 33.6679
65700 33.6574
65710 33.6734
65720 33.7226
65730 33.7567
65740 33.7356
65750 33.7267
65760 33.7504
65770 33.7645
65780 33.7622
65790 33.7654
65800 33.7761
65810 33.7599
65820 33.7326
65830 33.7185
65840 33.728
65850 33.7423
65860 33.7549
65870 33.7687
65880 33.7773
65890 33.7836
65900 33.792
65910 33.7969
65920 33.8083
65930 33.8336
65940 33.8366
65950 33.8236
65960 33.8407
65970 33.8772
65980 33.8948
65990 33.8987
66000 33.9094
66010 33.9269
66020 33.9239
66030 33.9107
66040 33.8948
66050 33.8726
66060 33.8666
66070 33.8693
66080 33.8625
66090 33.8538
66100 33.8594
66110 33.8771
66120 33.878
66130 33.8712
66140 33.8716
66150 33.8952
66160 33.9185
66170 33.9141
66180 33.9147
66190 33.9358
66200 33.9657
66210 33.9843
66220 33.9831
66230 33.9742
66240 33.9746
66250 33.9825
66260 33.9842
66270 33.9881
66280 33.996
66290 34.0063
66300 34.0031
66310 33.9898
66320 34.0038
66330 34.0364
66340 34.0568
66350 34.045
66360 34.0425
66370 34.0704
66380 34.0979
66390 34.1098
66400 34.1344
66410 34.1575
66420 34.1726
66430 34.1892
66440 34.2158
66450 34.2446
66460 34.2575
66470 34.2655
66480 34.2769
66490 34.2915
66500 34.3074
66510 34.3136
66520 34.3132
66530 34.3232
66540 34.3465
66550 34.3405
66560 34.3093
66570 34.2898
66580 34.2968
66590 34.3135
66600 34.3092
66610 34.2914
66620 34.2905
66630 34.3134
66640 34.3141
66650 34.2982
66660 34.2786
66670 34.2729
66680 34.2887
66690 34.3135
66700 34.32
66710 34.3292
66720 34.377
66730 34.4238
66740 34.4342
66750 34.4473
66760 34.4882
66770 34.5125
66780 34.5009
66790 34.4976
66800 34.4961
66810 34.4829
66820 34.4746
66830 34.4884
66840 34.4976
66850 34.4997
66860 34.4993
66870 34.5009
66880 34.5131
66890 34.5154
66900 34.5091
66910 34.5167
66920 34.5278
66930 34.5259
66940 34.5078
66950 34.4891
66960 34.4927
66970 34.5052
66980 34.5156
66990 34.5112
67000 34.5066
67010 34.513
67020 34.5205
67030 34.5161
67040 34.5103
67050 34.4978
67060 34.4704
67070 34.4355
67080 34.4228
67090 34.4292
67100 34.4216
67110 34.4067
67120 34.4008
67130 34.398
67140 34.4014
67150 34.4067
67160 34.4165
67170 34.4271
67180 34.4164
67190 34.3868
67200 34.3768
67210 34.3796
67220 34.377
67230 34.3656
67240 34.3586
67250 34.3628
67260 34.3899
67270 34.4086
67280 34.3989
67290 34.3921
67300 34.4079
67310 34.4336
67320 34.4647
67330 34.5051
67340 34.5239
67350 34.5279
67360 34.5369
67370 34.5464
67380 34.5539
67390 34.5622
67400 34.5698
67410 34.5751
67420 34.5688
67430 34.5656
67440 34.5828
67450 34.5979
67460 34.5879
67470 34.5611
67480 34.5512
67490 34.5779
67500 34.6064
67510 34.6033
67520 34.5899
67530 34.5895
67540 34.6011
67550 34.613
67560 34.626
67570 34.6341
67580 34.6302
67590 34.642
67600 34.6657
67610 34.6748
67620 34.6857
67630 34.7126
67640 34.7393
67650 34.7501
67660 34.7612
67670 34.7704
67680 34.7808
67690 34.7968
67700 34.8088
67710 34.8048
67720 34.791
67730 34.788
67740 34.8051
67750 34.8408
67760 34.8639
67770 34.8426
67780 34.7985
67790 34.7897
67800 34.8214
67810 34.8256
67820 34.7789
67830 34.7317
67840 34.7206
67850 34.7358
67860 34.7476
67870 34.7432
67880 34.7362
67890 34.7124
67900 34.6802
67910 34.6592
67920 34.6488
67930 34.6364
67940 34.5995
67950 34.5695
67960 34.5567
67970 34.5495
67980 34.5312
67990 34.5246
68000 34.5286
68010 34.5307
68020 34.5328
68030 34.5515
68040 34.5713
68050 34.5769
68060 34.5644
68070 34.5748
68080 34.6046
68090 34.6029
68100 34.5687
68110 34.5423
68120 34.537
68130 34.5202
68140 34.4971
68150 34.5014
68160 34.5257
68170 34.5379
68180 34.5325
68190 34.5205
68200 34.5271
68210 34.5489
68220 34.5718
68230 34.5899
68240 34.5983
68250 34.6024
68260 34.6368
68270 34.6881
68280 34.7103
68290 34.7368
68300 34.7761
68310 34.8016
68320 34.8106
68330 34.8323
68340 34.8624
68350 34.8756
68360 34.8894
68370 34.9065
68380 34.9173
68390 34.9283
68400 34.9418
68410 34.9589
68420 34.9782
68430 34.9872
68440 34.9782
68450 34.9818
68460 35.011
68470 35.0367
68480 35.0389
68490 35.035
68500 35.0354
68510 35.0408
68520 35.0414
68530 35.0513
68540 35.0805
68550 35.0988
68560 35.1091
68570 35.1321
68580 35.1411
68590 35.1174
68600 35.1022
68610 35.1125
68620 35.1256
68630 35.1279
68640 35.1184
68650 35.123
68660 35.1477
68670 35.1603
68680 35.1522
68690 35.1466
68700 35.1579
68710 35.1771
68720 35.2029
68730 35.2443
68740 35.2851
68750 35.2991
68760 35.2966
68770 35.32
68780 35.36
68790 35.3787
68800 35.3786
68810 35.3762
68820 35.3602
68830 35.3329
68840 35.3176
68850 35.3212
68860 35.3285
68870 35.3139
68880 35.3076
68890 35.3291
68900 35.3511
68910 35.3675
68920 35.3751
68930 35.3889
68940 35.4226
68950 35.4611
68960 35.4702
68970 35.4637
68980 35.4803
68990 35.4956
69000 35.4991
69010 35.502
69020 35.5126
69030 35.5322
69040 35.5327
69050 35.5165
69060 35.5116
69070 35.5328
69080 35.5618
69090 35.5671
69100 35.5617
69110 35.5589
69120 35.5617
69130 35.5754
69140 35.5987
69150 35.608
69160 35.5964
69170 35.593
69180 35.6087
69190 35.613
69200 35.6064
69210 35.6214
69220 35.6479
69230 35.6502
69240 35.6324
69250 35.6286
69260 35.6671
69270 35.7045
69280 35.7071
69290 35.6901
69300 35.6976
69310 35.7219
69320 35.7221
69330 35.7092
69340 35.7092
69350 35.7279
69360 35.7364
69370 35.7402
69380 35.7669
69390 35.8011
69400 35.8116
69410 35.82
69420 35.835
69430 35.8536
69440 35.8647
69450 35.8765
69460 35.9047
69470 35.9401
69480 35.9607
69490 35.9594
69500 35.9534
69510 35.9373
69520 35.9185
69530 35.9248
69540 35.9406
69550 35.9315
69560 35.9089
69570 35.9146
69580 35.9201
69590 35.9036
69600 35.89
69610 35.8856
69620 35.8799
69630 35.8832
69640 35.9031
69650 35.9184
69660 35.9192
69670 35.9141
69680 35.9334
69690 35.9609
69700 35.9593
69710 35.938
69720 35.9441
69730 35.9705
69740 35.9703
69750 35.9455
69760 35.9417
69770 35.9581
69780 35.9699
69790 35.9665
69800 35.9738
69810 35.9954
69820 35.9986
69830 35.9893
69840 35.9944
69850 36.0139
69860 36.0299
69870 36.041
69880 36.065
69890 36.092
69900 36.106
69910 36.1232
69920 36.1467
69930 36.1425
69940 36.1265
69950 36.1227
69960 36.1306
69970 36.1306
69980 36.1167
69990 36.1163
70000 36.142
70010 36.1521
70020 36.1196
70030 36.0968
70040 36.1046
70050 36.1139
70060 36.1243
70070 36.1339
70080 36.1396
70090 36.1426
70100 36.149
70110 36.1662
70120 36.1868
70130 36.1906
70140 36.1856
70150 36.1877
70160 36.1764
70170 36.1549
70180 36.1376
70190 36.117
70200 36.0887
70210 36.0679
70220 36.0614
70230 36.0444
70240 36.0178
70250 36.0336
70260 36.0686
70270 36.0804
70280 36.077
70290 36.0904
70300 36.095
70310 36.0958
70320 36.1089
70330 36.123
70340 36.1222
70350 36.1168
70360 36.1232
70370 36.1324
70380 36.1375
70390 36.1536
70400 36.1807
70410 36.1911
70420 36.1894
70430 36.1953
70440 36.194
70450 36.1747
70460 36.1498
70470 36.1501
70480 36.1679
70490 36.1731
70500 36.1502
70510 36.1053
70520 36.0773
70530 36.0736
70540 36.0669
70550 36.053
70560 36.0478
70570 36.0544
70580 36.0623
70590 36.0639
70600 36.0726
70610 36.107
70620 36.1286
70630 36.1278
70640 36.1166
70650 36.1168
70660 36.1311
70670 36.1651
70680 36.2015
70690 36.2238
70700 36.2507
70710 36.2855
70720 36.3062
70730 36.3057
70740 36.3053
70750 36.3137
70760 36.3336
70770 36.3657
70780 36.3983
70790 36.4212
70800 36.4497
70810 36.4925
70820 36.5279
70830 36.5418
70840 36.5532
70850 36.549
70860 36.5437
70870 36.5573
70880 36.5629
70890 36.5505
70900 36.5391
70910 36.5471
70920 36.5752
70930 36.5845
70940 36.5464
70950 36.5124
70960 36.5301
70970 36.5553
70980 36.541
70990 36.5309
71000 36.561
71010 36.6006
71020 36.6293
71030 36.6498
71040 36.6702
71050 36.6901
71060 36.6984
71070 36.6904
71080 36.6745
71090 36.6653
71100 36.6757
71110 36.6858
71120 36.6786
71130 36.6765
71140 36.6992
71150 36.7272
71160 36.744
71170 36.7604
71180 36.7699
71190 36.7654
71200 36.7678
71210 36.7976
71220 36.8252
71230 36.8356
71240 36.8373
71250 36.842
71260 36.8713
71270 36.9006
71280 36.8958
71290 36.8666
71300 36.8615
71310 36.8751
71320 36.8782
71330 36.8803
71340 36.8819
71350 36.8757
71360 36.8681
71370 36.8862
71380 36.9317
71390 36.982
71400 37.0028
71410 37.0127
71420 37.0231
71430 37.048
71440 37.0686
71450 37.072
71460 37.0687
71470 37.0731
71480 37.0729
71490 37.085
71500 37.1126
71510 37.1434
71520 37.1604
71530 37.1463
71540 37.119
71550 37.1394
71560 37.1895
71570 37.206
71580 37.1996
71590 37.1923
71600 37.1739
71610 37.1545
71620 37.1503
71630 37.1691
71640 37.1935
71650 37.2112
71660 37.2169
71670 37.2033
71680 37.1924
71690 37.2126
71700 37.2391
71710 37.2357
71720 37.2169
71730 37.202
71740 37.1988
71750 37.188
71760 37.1676
71770 37.1489
71780 37.1367
71790 37.14
71800 37.1455
71810 37.1398
71820 37.1256
71830 37.1186
71840 37.1286
71850 37.1404
71860 37.135
71870 37.117
71880 37.1115
71890 37.1315
71900 37.1519
71910 37.1509
71920 37.1471
71930 37.1791
71940 37.2212
71950 37.2334
71960 37.2317
71970 37.2512
71980 37.2699
71990 37.2569
72000 37.2337
72010 37.2358
72020 37.2438
72030 37.2271
72040 37.2116
72050 37.2229
72060 37.2355
72070 37.2263
72080 37.2278
72090 37.2524
72100 37.2851
72110 37.3039
72120 37.3076
72130 37.3159
72140 37.3327
72150 37.3468
72160 37.369
72170 37.3812
72180 37.3734
72190 37.3594
72200 37.3563
72210 37.352
72220 37.3584
72230 37.3596
72240 37.3402
72250 37.3079
72260 37.3049
72270 37.3395
72280 37.3771
72290 37.3939
72300 37.4147
72310 37.4525
72320 37.4859
72330 37.4964
72340 37.4933
72350 37.491
72360 37.518
72370 37.5594
72380 37.5767
72390 37.5722
72400 37.5622
72410 37.5603
72420 37.5706
72430 37.5859
72440 37.5906
72450 37.606
72460 37.6254
72470 37.6163
72480 37.6078
72490 37.6201
72500 37.6308
72510 37.6238
72520 37.6191
72530 37.6387
72540 37.6585
72550 37.6571
72560 37.6554
72570 37.6594
72580 37.6588
72590 37.661
72600 37.6547
72610 37.6378
72620 37.6016
72630 37.5612
72640 37.5473
72650 37.5628
72660 37.5755
72670 37.5604
72680 37.5296
72690 37.524
72700 37.543
72710 37.5541
72720 37.5528
72730 37.5478
72740 37.5486
72750 37.5589
72760 37.5709
72770 37.5776
72780 37.5802
72790 37.5843
72800 37.5921
72810 37.5947
72820 37.5794
72830 37.5728
72840 37.5818
72850 37.5862
72860 37.578
72870 37.5772
72880 37.5811
72890 37.5723
72900 37.5506
72910 37.5227
72920 37.521
72930 37.5227
72940 37.5084
72950 37.4896
72960 37.4803
72970 37.4822
72980 37.4833
72990 37.4676
73000 37.4522
73010 37.4676
73020 37.4997
73030 37.5158
73040 37.5162
73050 37.5176
73060 37.511
73070 37.5038
73080 37.5087
73090 37.5052
73100 37.4957
73110 37.4794
73120 37.4801
73130 37.4847
73140 37.4709
73150 37.4593
73160 37.4606
73170 37.4663
73180 37.4753
73190 37.4882
73200 37.4957
73210 37.5037
73220 37.5129
73230 37.5173
73240 37.5465
73250 37.6005
73260 37.6401
73270 37.6511
73280 37.6601
73290 37.6729
73300 37.6892
73310 37.7143
73320 37.735
73330 37.7182
73340 37.6856
73350 37.6706
73360 37.6815
73370 37.7025
73380 37.726
73390 37.7245
73400 37.715
73410 37.7249
73420 37.7361
73430 37.7448
73440 37.7548
73450 37.7601
73460 37.7466
73470 37.7289
73480 37.7229
73490 37.7429
73500 37.7716
73510 37.7835
73520 37.7699
73530 37.7617
73540 37.7842
73550 37.8103
73560 37.813
73570 37.7988
73580 37.792
73590 37.7995
73600 37.8161
73610 37.8318
73620 37.8416
73630 37.8609
73640 37.9025
73650 37.9375
73660 37.9493
73670 37.9493
73680 37.9601
73690 37.9817
73700 38.0012
73710 38.0009
73720 38.0032
73730 38.0234
73740 38.048
73750 38.051
73760 38.0344
73770 38.0332
73780 38.0511
73790 38.0807
73800 38.0925
73810 38.0829
73820 38.0915
73830 38.1107
73840 38.1265
73850 38.1361
73860 38.1537
73870 38.1773
73880 38.1947
73890 38.2059
73900 38.2142
73910 38.2124
73920 38.2024
73930 38.2046
73940 38.2117
73950 38.2074
73960 38.1969
73970 38.1725
73980 38.155
73990 38.161
74000 38.1723
74010 38.1734
74020 38.1655
74030 38.1569
74040 38.1603
74050 38.1769
74060 38.1774
74070 38.1577
74080 38.1253
74090 38.1007
74100 38.0817
74110 38.0582
74120 38.0458
74130 38.0403
74140 38.0214
74150 38.0042
74160 38.0132
74170 38.033
74180 38.0612
74190 38.0823
74200 38.0828
74210 38.078
74220 38.0732
74230 38.0627
74240 38.0501
74250 38.0491
74260 38.0626
74270 38.0702
74280 38.0775
74290 38.0916
74300 38.0936
74310 38.0946
74320 38.0982
74330 38.0924
74340 38.0776
74350 38.049
74360 38.0434
74370 38.0651
74380 38.0749
74390 38.0683
74400 38.0867
74410 38.1032
74420 38.0998
74430 38.0993
74440 38.1101
74450 38.124
74460 38.1213
74470 38.1244
74480 38.1401
74490 38.1583
74500 38.1528
74510 38.1486
74520 38.189
74530 38.2222
74540 38.221
74550 38.2133
74560 38.2331
74570 38.2716
74580 38.2919
74590 38.2929
74600 38.3045
74610 38.3104
74620 38.3167
74630 38.3467
74640 38.3747
74650 38.383
74660 38.396
74670 38.4019
74680 38.3906
74690 38.3838
74700 38.3984
74710 38.4054
74720 38.394
74730 38.3808
74740 38.377
74750 38.38
74760 38.3756
74770 38.3691
74780 38.3737
74790 38.3951
74800 38.4124
74810 38.399
74820 38.3857
74830 38.4055
74840 38.4411
74850 38.4644
74860 38.4836
74870 38.4921
74880 38.4832
74890 38.4927
74900 38.5161
74910 38.5107
74920 38.5083
74930 38.5247
74940 38.5307
74950 38.5043
74960 38.4817
74970 38.481
74980 38.4775
74990 38.4826
75000 38.5055
75010 38.5028
75020 38.4851
75030 38.4816
75040 38.4847
75050 38.4768
75060 38.4732
75070 38.4821
75080 38.4874
75090 38.474
75100 38.4721
75110 38.4777
75120 38.4634
75130 38.4279
75140 38.4067
75150 38.4196
75160 38.4303
75170 38.4299
75180 38.4343
75190 38.4387
75200 38.4363
75210 38.4337
75220 38.4261
75230 38.4269
75240 38.4477
75250 38.4755
75260 38.4907
75270 38.5059
75280 38.5177
75290 38.5146
75300 38.5128
75310 38.5285
75320 38.5342
75330 38.5234
75340 38.508
75350 38.4817
75360 38.4695
75370 38.4802
75380 38.4905
75390 38.4786
75400 38.4711
75410 38.48
75420 38.4729
75430 38.4639
75440 38.4628
75450 38.4647
75460 38.452
75470 38.4434
75480 38.4328
75490 38.4057
75500 38.3855
75510 38.3996
75520 38.4245
75530 38.4255
75540 38.4063
75550 38.4011
75560 38.4106
75570 38.414
75580 38.4221
75590 38.444
75600 38.4606
75610 38.4675
75620 38.4682
75630 38.4712
75640 38.4769
75650 38.4734
75660 38.4597
75670 38.4486
75680 38.4478
75690 38.4552
75700 38.4833
75710 38.5068
75720 38.5051
75730 38.4927
75740 38.4873
75750 38.4839
75760 38.4881
75770 38.5102
75780 38.5429
75790 38.5611
75800 38.5787
75810 38.6124
75820 38.6441
75830 38.6548
75840 38.653
75850 38.6635
75860 38.6938
75870 38.7223
75880 38.7435
75890 38.7681
75900 38.7993
75910 38.836
75920 38.8753
75930 38.9159
75940 38.9511
75950 38.9834
75960 39.0167
75970 39.0538
75980 39.0774
75990 39.085
76000 39.1048
76010 39.1452
76020 39.1896
76030 39.2122
76040 39.2117
76050 39.1913
76060 39.185
76070 39.1964
76080 39.2048
76090 39.2183
76100 39.2395
76110 39.2467
76120 39.2483
76130 39.2671
76140 39.2835
76150 39.2853
76160 39.2924
76170 39.3139
76180 39.3218
76190 39.3178
76200 39.3094
76210 39.3047
76220 39.3224
76230 39.3553
76240 39.3874
76250 39.4068
76260 39.4077
76270 39.4028
76280 39.4116
76290 39.4143
76300 39.4022
76310 39.3865
76320 39.3895
76330 39.4304
76340 39.4525
76350 39.4517
76360 39.4695
76370 39.5019
76380 39.518
76390 39.504
76400 39.489
76410 39.4995
76420 39.5003
76430 39.4926
76440 39.5182
76450 39.5463
76460 39.5385
76470 39.5171
76480 39.5269
76490 39.5505
76500 39.5622
76510 39.5696
76520 39.5716
76530 39.5843
76540 39.6105
76550 39.6277
76560 39.6323
76570 39.6522
76580 39.6748
76590 39.6735
76600 39.6724
76610 39.6935
76620 39.7013
76630 39.6836
76640 39.6838
76650 39.706
76660 39.7072
76670 39.7058
76680 39.7196
76690 39.7411
76700 39.7484
76710 39.736
76720 39.7065
76730 39.6934
76740 39.6923
76750 39.677
76760 39.6552
76770 39.6451
76780 39.6254
76790 39.6124
76800 39.6283
76810 39.6452
76820 39.6393
76830 39.637
76840 39.6492
76850 39.6584
76860 39.64
76870 39.6176
76880 39.6186
76890 39.6333
76900 39.64
76910 39.6531
76920 39.6659
76930 39.6521
76940 39.6316
76950 39.6318
76960 39.6341
76970 39.6205
76980 39.6041
76990 39.6024
77000 39.6213
77010 39.6216
77020 39.5961
77030 39.5699
77040 39.552
77050 39.5389
77060 39.5451
77070 39.5774
77080 39.6121
77090 39.6176
77100 39.6224
77110 39.6452
77120 39.6708
77130 39.6828
77140 39.6811
77150 39.6747
77160 39.6622
77170 39.6648
77180 39.6781
77190 39.6858
77200 39.7042
77210 39.7263
77220 39.7312
77230 39.7214
77240 39.7137
77250 39.7114
77260 39.7048
77270 39.6957
77280 39.695
77290 39.7134
77300 39.7296
77310 39.7205
77320 39.7045
77330 39.6843
77340 39.6819
77350 39.6806
77360 39.6673
77370 39.6452
77380 39.6246
77390 39.6037
77400 39.5774
77410 39.5669
77420 39.5758
77430 39.5895
77440 39.5853
77450 39.5777
77460 39.5884
77470 39.6122
77480 39.6197
77490 39.5946
77500 39.5753
77510 39.5853
77520 39.6025
77530 39.5949
77540 39.5853
77550 39.5893
77560 39.5943
77570 39.6009
77580 39.6174
77590 39.6327
77600 39.6588
77610 39.6893
77620 39.6901
77630 39.6745
77640 39.6853
77650 39.7097
77660 39.7108
77670 39.7159
77680 39.7378
77690 39.7494
77700 39.7481
77710 39.7529
77720 39.7566
77730 39.7543
77740 39.757
77750 39.7674
77760 39.7681
77770 39.7662
77780 39.771
77790 39.764
77800 39.7595
77810 39.7804
77820 39.7995
77830 39.8083
77840 39.8057
77850 39.8152
77860 39.849
77870 39.9016
77880 39.9289
77890 39.9214
77900 39.9174
77910 39.9327
77920 39.9604
77930 39.9736
77940 39.9637
77950 39.9601
77960 39.9716
77970 39.9838
77980 39.9747
77990 39.9693
78000 39.9863
78010 39.9984
78020 40.0077
78030 40.0297
78040 40.0426
78050 40.0381
78060 40.0488
78070 40.0925
78080 40.1243
78090 40.1187
78100 40.1126
78110 40.1307
78120 40.1741
78130 40.2028
78140 40.2107
78150 40.2159
78160 40.2114
78170 40.2195
78180 40.2338
78190 40.2395
78200 40.2327
78210 40.2377
78220 40.2517
78230 40.2501
78240 40.2501
78250 40.2845
78260 40.3151
78270 40.3178
78280 40.3295
78290 40.362
78300 40.3758
78310 40.3673
78320 40.3618
78330 40.3608
78340 40.3457
78350 40.3311
78360 40.3472
78370 40.3658
78380 40.3506
78390 40.3296
78400 40.3252
78410 40.3256
78420 40.3388
78430 40.3599
78440 40.3587
78450 40.3452
78460 40.3473
78470 40.3567
78480 40.3696
78490 40.3872
78500 40.3899
78510 40.3799
78520 40.365
78530 40.3507
78540 40.3544
78550 40.3611
78560 40.3622
78570 40.3582
78580 40.3464
78590 40.3796
78600 40.4188
78610 40.4012
78620 40.3663
78630 40.3619
78640 40.3771
78650 40.3774
78660 40.3597
78670 40.3169
78680 40.2792
78690 40.2651
78700 40.2787
78710 40.3116
78720 40.3221
78730 40.32
78740 40.3406
78750 40.3739
78760 40.396
78770 40.3966
78780 40.3941
78790 40.4016
78800 40.4168
78810 40.432
78820 40.4577
78830 40.483
78840 40.481
78850 40.4896
78860 40.5275
78870 40.5699
78880 40.5903
78890 40.6011
78900 40.6033
78910 40.5864
78920 40.5871
78930 40.6162
78940 40.6467
78950 40.6432
78960 40.6309
78970 40.6402
78980 40.6556
78990 40.6499
79000 40.6585
79010 40.6842
79020 40.6868
79030 40.6568
79040 40.6088
79050 40.5685
79060 40.5425
79070 40.5353
79080 40.5114
79090 40.4669
79100 40.4399
79110 40.4421
79120 40.4396
79130 40.404
79140 40.3618
79150 40.346
79160 40.3589
79170 40.3684
79180 40.3548
79190 40.3405
79200 40.3523
79210 40.3706
79220 40.3862
79230 40.4028
79240 40.4331
79250 40.4619
79260 40.4746
79270 40.4735
79280 40.4765
79290 40.4905
79300 40.5198
79310 40.5608
79320 40.5835
79330 40.5979
79340 40.6133
79350 40.6339
79360 40.6433
79370 40.6401
79380 40.6513
79390 40.6789
79400 40.7047
79410 40.7176
79420 40.7355
79430 40.7521
79440 40.7498
79450 40.7542
79460 40.7854
79470 40.8069
79480 40.7881
79490 40.7708
79500 40.7953
79510 40.8291
79520 40.8382
79530 40.8414
79540 40.8288
79550 40.801
79560 40.7742
79570 40.7673
79580 40.7726
79590 40.7756
79600 40.7726
79610 40.7715
79620 40.7803
79630 40.8039
79640 40.8165
79650 40.8095
79660 40.8119
79670 40.8033
79680 40.7822
79690 40.7799
79700 40.8071
79710 40.8454
79720 40.8649
79730 40.8611
79740 40.857
79750 40.8617
79760 40.8773
79770 40.894
79780 40.8888
79790 40.8862
79800 40.9
79810 40.9038
79820 40.9096
79830 40.9364
79840 40.9711
79850 40.9855
79860 40.9975
79870 41.0147
79880 41.0372
79890 41.0525
79900 41.0687
79910 41.0906
79920 41.1202
79930 41.1537
79940 41.18
79950 41.1733
79960 41.1679
79970 41.2007
79980 41.2229
79990 41.2268
80000 41.2423
80010 41.2573
80020 41.2526
80030 41.2712
80040 41.2983
80050 41.3052
80060 41.3026
80070 41.3069
80080 41.3054
80090 41.3025
80100 41.2997
80110 41.2955
80120 41.2986
80130 41.3073
80140 41.302
80150 41.2975
80160 41.314
80170 41.3309
80180 41.3222
80190 41.3137
80200 41.3268
80210 41.3385
80220 41.331
80230 41.3267
80240 41.3262
80250 41.3138
80260 41.2957
80270 41.3025
80280 41.3171
80290 41.3157
80300 41.3139
80310 41.3216
80320 41.342
80330 41.3755
80340 41.4017
80350 41.4374
80360 41.4853
80370 41.4946
80380 41.4813
80390 41.475
80400 41.5037
80410 41.516
80420 41.4924
80430 41.4803
80440 41.4917
80450 41.5105
80460 41.5033
80470 41.5094
80480 41.5559
80490 41.5902
80500 41.5795
80510 41.568
80520 41.574
80530 41.5782
80540 41.586
80550 41.6091
80560 41.6261
80570 41.6302
80580 41.6531
80590 41.692
80600 41.7217
80610 41.752
80620 41.7794
80630 41.7839
80640 41.7732
80650 41.7697
80660 41.775
80670 41.7869
80680 41.7952
80690 41.8
80700 41.8042
80710 41.8261
80720 41.8588
80730 41.8792
80740 41.8802
80750 41.8909
80760 41.9117
80770 41.9206
80780 41.897
80790 41.8763
80800 41.8516
80810 41.8094
80820 41.7955
80830 41.8183
80840 41.8415
80850 41.8424
80860 41.849
80870 41.8614
80880 41.8701
80890 41.9044
80900 41.9371
80910 41.9414
80920 41.9501
80930 41.9686
80940 41.98
80950 41.9996
80960 42.0395
80970 42.0775
80980 42.0833
80990 42.0584
81000 42.0293
81010 42.0147
81020 42.0055
81030 41.9861
81040 41.9598
81050 41.9353
81060 41.9069
81070 41.893
81080 41.8985
81090 41.9138
81100 41.9313
81110 41.9281
81120 41.8955
81130 41.8564
81140 41.8518
81150 41.8601
81160 41.868
81170 41.8624
81180 41.8417
81190 41.8194
81200 41.8215
81210 41.8334
81220 41.8399
81230 41.8485
81240 41.8857
81250 41.919
81260 41.9014
81270 41.8646
81280 41.8437
81290 41.8331
81300 41.8252
81310 41.8288
81320 41.8366
81330 41.8234
81340 41.8132
81350 41.8289
81360 41.8422
81370 41.8571
81380 41.8738
81390 41.8712
81400 41.8586
81410 41.8685
81420 41.8858
81430 41.8787
81440 41.8877
81450 41.9403
81460 41.9983
81470 42.0346
81480 42.0528
81490 42.072
81500 42.0777
81510 42.0664
81520 42.0582
81530 42.0664
81540 42.0633
81550 42.065
81560 42.094
81570 42.1256
81580 42.1414
81590 42.1625
81600 42.2003
81610 42.2021
81620 42.182
81630 42.1944
81640 42.2228
81650 42.2404
81660 42.2237
81670 42.2027
81680 42.1925
81690 42.1982
81700 42.2131
81710 42.2239
81720 42.2167
81730 42.2009
81740 42.2121
81750 42.2217
81760 42.2173
81770 42.23
81780 42.243
81790 42.2301
81800 42.2197
81810 42.2221
81820 42.2286
81830 42.2354
81840 42.2514
81850 42.2564
81860 42.243
81870 42.2238
81880 42.2113
81890 42.2087
81900 42.2041
81910 42.1815
81920 42.1727
81930 42.1963
81940 42.221
81950 42.2228
81960 42.2193
81970 42.2079
81980 42.2026
81990 42.2138
82000 42.2061
82010 42.1711
82020 42.1638
82030 42.191
82040 42.1968
82050 42.1753
82060 42.1773
82070 42.2062
82080 42.2213
82090 42.236
82100 42.2697
82110 42.2915
82120 42.2862
82130 42.2718
82140 42.2552
82150 42.2203
82160 42.1802
82170 42.1625
82180 42.1609
82190 42.1521
82200 42.1242
82210 42.0928
82220 42.0819
82230 42.0924
82240 42.0858
82250 42.0773
82260 42.077
82270 42.0852
82280 42.1115
82290 42.1418
82300 42.1648
82310 42.1863
82320 42.1885
82330 42.1683
82340 42.1664
82350 42.1796
82360 42.1885
82370 42.1954
82380 42.2031
82390 42.1922
82400 42.1727
82410 42.1696
82420 42.1645
82430 42.1379
82440 42.1077
82450 42.1108
82460 42.1407
82470 42.1659
82480 42.1778
82490 42.1968
82500 42.2204
82510 42.2172
82520 42.2173
82530 42.2299
82540 42.2157
82550 42.2011
82560 42.2241
82570 42.2517
82580 42.2371
82590 42.218
82600 42.241
82610 42.2594
82620 42.2472
82630 42.257
82640 42.2923
82650 42.3008
82660 42.2853
82670 42.279
82680 42.2857
82690 42.2803
82700 42.2688
82710 42.2723
82720 42.2723
82730 42.2512
82740 42.2263
82750 42.2233
82760 42.2411
82770 42.2478
82780 42.2377
82790 42.2434
82800 42.255
82810 42.2684
82820 42.2936
82830 42.3236
82840 42.3381
82850 42.3468
82860 42.358
82870 42.3737
82880 42.3864
82890 42.3935
82900 42.4068
82910 42.4178
82920 42.4358
82930 42.454
82940 42.4538
82950 42.4552
82960 42.4743
82970 42.4909
82980 42.4929
82990 42.5018
83000 42.5197
83010 42.5333
83020 42.5472
83030 42.5566
83040 42.5776
83050 42.6004
83060 42.6115
83070 42.6206
83080 42.6405
83090 42.6585
83100 42.6718
83110 42.6661
83120 42.6464
83130 42.6372
83140 42.6563
83150 42.6796
83160 42.6902
83170 42.7046
83180 42.7042
83190 42.6778
83200 42.6578
83210 42.659
83220 42.6576
83230 42.6533
83240 42.6741
83250 42.6932
83260 42.7027
83270 42.727
83280 42.7411
83290 42.7259
83300 42.7106
83310 42.7062
83320 42.7225
83330 42.7459
83340 42.7489
83350 42.7582
83360 42.7884
83370 42.7918
83380 42.7617
83390 42.7346
83400 42.7284
83410 42.736
83420 42.7429
83430 42.7284
83440 42.6929
83450 42.681
83460 42.7199
83470 42.7473
83480 42.7288
83490 42.7218
83500 42.7304
83510 42.717
83520 42.6993
83530 42.7091
83540 42.72
83550 42.7031
83560 42.6833
83570 42.6914
83580 42.6901
83590 42.6791
83600 42.693
83610 42.7235
83620 42.749
83630 42.775
83640 42.8079
83650 42.8325
83660 42.8316
83670 42.8362
83680 42.8416
83690 42.8256
83700 42.8145
83710 42.8162
83720 42.834
83730 42.8461
83740 42.8343
83750 42.8225
83760 42.8224
83770 42.8303
83780 42.8425
83790 42.8457
83800 42.8443
83810 42.8592
83820 42.8743
83830 42.8703
83840 42.8832
83850 42.9275
83860 42.9646
83870 42.9691
83880 42.9623
83890 42.9837
83900 43.0211
83910 43.0521
83920 43.0768
83930 43.1048
83940 43.115
83950 43.1152
83960 43.1349
83970 43.1599
83980 43.1536
83990 43.1486
84000 43.1618
84010 43.1607
84020 43.1462
84030 43.1581
84040 43.1838
84050 43.204
84060 43.2171
84070 43.2254
84080 43.2342
84090 43.241
84100 43.2366
84110 43.2326
84120 43.2511
84130 43.2677
84140 43.2438
84150 43.2131
84160 43.2177
84170 43.2336
84180 43.2385
84190 43.2304
84200 43.2029
84210 43.1735
84220 43.1495
84230 43.1282
84240 43.1168
84250 43.1327
84260 43.156
84270 43.1576
84280 43.1437
84290 43.1147
84300 43.0799
84310 43.0641
84320 43.0496
84330 43.0368
84340 43.0488
84350 43.0439
84360 42.9875
84370 42.9562
84380 42.9674
84390 42.9644
84400 42.9365
84410 42.9224
84420 42.9254
84430 42.9368
84440 42.9507
84450 42.9503
84460 42.933
84470 42.9122
84480 42.9246
84490 42.9532
84500 42.9521
84510 42.9673
84520 43.0148
84530 43.0521
84540 43.0544
84550 43.0799
84560 43.1241
84570 43.1218
84580 43.1152
84590 43.1379
84600 43.1621
84610 43.1827
84620 43.2064
84630 43.2067
84640 43.1975
84650 43.1977
84660 43.1861
84670 43.202
84680 43.2416
84690 43.2603
84700 43.2553
84710 43.256
84720 43.2711
84730 43.287
84740 43.3023
84750 43.3251
84760 43.3378
84770 43.3238
84780 43.3063
84790 43.2967
84800 43.3096
84810 43.3373
84820 43.3453
84830 43.322
84840 43.318
84850 43.3529
84860 43.3779
84870 43.3489
84880 43.3164
84890 43.3355
84900 43.3687
84910 43.386
84920 43.3877
84930 43.3891
84940 43.4034
84950 43.422
84960 43.4358
84970 43.4473
84980 43.452
84990 43.4467
85000 43.4533
85010 43.4723
85020 43.4838
85030 43.4681
85040 43.4501
85050 43.4379
85060 43.4283
85070 43.423
85080 43.4202
85090 43.4331
85100 43.4617
85110 43.4788
85120 43.4853
85130 43.5128
85140 43.5519
85150 43.578
85160 43.5883
85170 43.6037
85180 43.6303
85190 43.6502
85200 43.6684
85210 43.7034
85220 43.7439
85230 43.7671
85240 43.7646
85250 43.7573
85260 43.7746
85270 43.8139
85280 43.8584
85290 43.8898
85300 43.9172
85310 43.9161
85320 43.9067
85330 43.9018
85340 43.8956
85350 43.922
85360 43.9526
85370 43.9652
85380 43.9923
85390 44.0424
85400 44.0705
85410 44.0853
85420 44.1202
85430 44.1484
85440 44.15
85450 44.1412
85460 44.1581
85470 44.1917
85480 44.1878
85490 44.1702
85500 44.181
85510 44.2135
85520 44.2535
85530 44.3233
85540 44.3828
85550 44.4022
85560 44.3915
85570 44.3851
85580 44.4097
85590 44.4501
85600 44.4787
85610 44.5032
85620 44.5142
85630 44.4998
85640 44.493
85650 44.511
85660 44.5333
85670 44.5226
85680 44.4839
85690 44.447
85700 44.4417
85710 44.4548
85720 44.459
85730 44.4582
85740 44.476
85750 44.4777
85760 44.4492
85770 44.4283
85780 44.4421
85790 44.4713
85800 44.498
85810 44.5246
85820 44.5339
85830 44.524
85840 44.5521
85850 44.593
85860 44.6028
85870 44.6026
85880 44.6155
85890 44.635
85900 44.6438
85910 44.6752
85920 44.7054
85930 44.724
85940 44.745
85950 44.7858
85960 44.8223
85970 44.8245
85980 44.8073
85990 44.8102
86000 44.8311
86010 44.8822
86020 44.9355
86030 44.9578
86040 44.9458
86050 44.9358
86060 44.9493
86070 44.9641
86080 44.958
86090 44.9395
86100 44.9315
86110 44.9366
86120 44.9486
86130 44.9547
86140 44.9565
86150 44.9648
86160 44.9839
86170 44.9805
86180 44.9658
86190 44.9841
86200 45.0119
86210 45.0088
86220 45.0082
86230 45.0522
86240 45.0916
86250 45.0907
86260 45.0937
86270 45.1145
86280 45.109
86290 45.0864
86300 45.0883
86310 45.0741
86320 45.034
86330 45.0177
86340 45.0311
86350 45.0261
86360 44.9934
86370 44.9539
86380 44.9154
86390 44.8813
86400 44.8705
86410 44.8635
86420 44.8276
86430 44.7743
86440 44.726
86450 44.6958
86460 44.693
86470 44.718
86480 44.7405
86490 44.7286
86500 44.7027
86510 44.7286
86520 44.7747
86530 44.7733
86540 44.7425
86550 44.7065
86560 44.6581
86570 44.6295
86580 44.631
86590 44.6301
86600 44.6105
86610 44.5786
86620 44.5664
86630 44.5688
86640 44.583
86650 44.5881
86660 44.6012
86670 44.6108
86680 44.5841
86690 44.5335
86700 44.5162
86710 44.5284
86720 44.5213
86730 44.5083
86740 44.5355
86750 44.5743
86760 44.5905
86770 44.5967
86780 44.5801
86790 44.5407
86800 44.5199
86810 44.5309
86820 44.5366
86830 44.5278
86840 44.5273
86850 44.5104
86860 44.4865
86870 44.496
86880 44.4982
86890 44.4804
86900 44.4717
86910 44.4683
86920 44.4413
86930 44.3977
86940 44.3882
86950 44.3963
86960 44.3988
86970 44.3999
86980 44.3833
86990 44.339
87000 44.2953
87010 44.2818
87020 44.2726
87030 44.2516
87040 44.2531
87050 44.2799
87060 44.3177
87070 44.3328
87080 44.3371
87090 44.3597
87100 44.4078
87110 44.4416
87120 44.4408
87130 44.4295
87140 44.4462
87150 44.497
87160 44.5521
87170 44.5756
87180 44.5835
87190 44.5887
87200 44.599
87210 44.6279
87220 44.659
87230 44.6751
87240 44.6873
87250 44.6956
87260 44.6831
87270 44.6519
87280 44.6248
87290 44.6132
87300 44.6144
87310 44.628
87320 44.6238
87330 44.5969
87340 44.5873
87350 44.5953
87360 44.6185
87370 44.6353
87380 44.6298
87390 44.6038
87400 44.5963
87410 44.6226
87420 44.652
87430 44.6532
87440 44.6356
87450 44.6252
87460 44.6355
87470 44.6533
87480 44.6921
87490 44.7033
87500 44.6847
87510 44.6893
87520 44.7352
87530 44.7703
87540 44.7751
87550 44.7797
87560 44.8058
87570 44.8301
87580 44.8543
87590 44.8586
87600 44.8542
87610 44.8705
87620 44.912
87630 44.9575
87640 44.9859
87650 45.0023
87660 45.0224
87670 45.0473
87680 45.0551
87690 45.0551
87700 45.0522
87710 45.0616
87720 45.0621
87730 45.0426
87740 45.0361
87750 45.0372
87760 45.035
87770 45.0289
87780 45.0183
87790 44.9987
87800 44.9866
87810 44.986
87820 44.9952
87830 45.0174
87840 45.0325
87850 45.0441
87860 45.0538
87870 45.0598
87880 45.0634
87890 45.0675
87900 45.0717
87910 45.0859
87920 45.0933
87930 45.0819
87940 45.0738
87950 45.0953
87960 45.1255
87970 45.1232
87980 45.1068
87990 45.1041
88000 45.1113
88010 45.1208
88020 45.1207
88030 45.1124
88040 45.1212
88050 45.1449
88060 45.1677
88070 45.1549
88080 45.147
88090 45.1701
88100 45.1893
88110 45.1836
88120 45.1851
88130 45.2065
88140 45.2241
88150 45.2344
88160 45.2472
88170 45.2577
88180 45.2487
88190 45.2183
88200 45.2103
88210 45.2336
88220 45.2589
88230 45.2555
88240 45.2129
88250 45.1717
88260 45.1619
88270 45.1539
88280 45.153
88290 45.1548
88300 45.1468
88310 45.1233
88320 45.1109
88330 45.132
88340 45.1689
88350 45.1914
88360 45.2001
88370 45.195
88380 45.2067
88390 45.2451
88400 45.2956
88410 45.3226
88420 45.3288
88430 45.3371
88440 45.369
88450 45.3893
88460 45.3912
88470 45.3968
88480 45.4092
88490 45.3965
88500 45.3825
88510 45.4109
88520 45.4431
88530 45.4472
88540 45.4479
88550 45.4683
88560 45.4888
88570 45.4823
88580 45.4786
88590 45.4942
88600 45.5185
88610 45.5414
88620 45.566
88630 45.594
88640 45.6203
88650 45.6394
88660 45.6492
88670 45.6539
88680 45.6821
88690 45.724
88700 45.7543
88710 45.7731
88720 45.8021
88730 45.8334
88740 45.8505
88750 45.8446
88760 45.8123
88770 45.7773
88780 45.7759
88790 45.7982
88800 45.8014
88810 45.7687
88820 45.7343
88830 45.73
88840 45.7283
88850 45.7324
88860 45.7156
88870 45.6841
88880 45.6648
88890 45.6674
88900 45.6741
88910 45.6801
88920 45.7153
88930 45.7614
88940 45.7777
88950 45.7635
88960 45.7591
88970 45.7663
88980 45.7779
88990 45.7927
89000 45.8175
89010 45.8342
89020 45.8607
89030 45.9027
89040 45.945
89050 45.9792
89060 46.0012
89070 46.0148
89080 46.0183
89090 46.0295
89100 46.058
89110 46.0712
89120 46.0619
89130 46.0721
89140 46.0942
89150 46.1033
89160 46.1057
89170 46.1405
89180 46.1927
89190 46.2095
89200 46.218
89210 46.2267
89220 46.2199
89230 46.2104
89240 46.2236
89250 46.2489
89260 46.2555
89270 46.2521
89280 46.2581
89290 46.2673
89300 46.2657
89310 46.2648
89320 46.2571
89330 46.2396
89340 46.2134
89350 46.2094
89360 46.2188
89370 46.2169
89380 46.2033
89390 46.1801
89400 46.1697
89410 46.1737
89420 46.1535
89430 46.1151
89440 46.1038
89450 46.1049
89460 46.1029
89470 46.1044
89480 46.1033
89490 46.0866
89500 46.0643
89510 46.0799
89520 46.1148
89530 46.109
89540 46.0618
89550 46.0427
89560 46.0652
89570 46.0815
89580 46.0843
89590 46.0937
89600 46.0866
89610 46.0819
89620 46.1065
89630 46.1179
89640 46.0998
89650 46.1084
89660 46.1389
89670 46.138
89680 46.1223
89690 46.1446
89700 46.18
89710 46.1826
89720 46.1459
89730 46.1082
89740 46.0918
89750 46.0824
89760 46.0765
89770 46.0867
89780 46.109
89790 46.1329
89800 46.1347
89810 46.1273
89820 46.1513
89830 46.1861
89840 46.1992
89850 46.2073
89860 46.2278
89870 46.2405
89880 46.2467
89890 46.2646
89900 46.2909
89910 46.3038
89920 46.3131
89930 46.3161
89940 46.3276
89950 46.3496
89960 46.3743
89970 46.3837
89980 46.3901
89990 46.4103
90000 46.4136
90010 46.3969
90020 46.3925
90030 46.4139
90040 46.4578
90050 46.4776
90060 46.4906
90070 46.516
90080 46.5383
90090 46.5589
90100 46.5821
90110 46.601
90120 46.6417
90130 46.6993
90140 46.7385
90150 46.7181
90160 46.7022
90170 46.7248
90180 46.7458
90190 46.7559
90200 46.7683
90210 46.7745
90220 46.7558
90230 46.7385
90240 46.7631
90250 46.8076
90260 46.8446
90270 46.8699
90280 46.8889
90290 46.8737
90300 46.8378
90310 46.818
90320 46.8118
90330 46.8133
90340 46.8364
90350 46.8581
90360 46.8703
90370 46.867
90380 46.8546
90390 46.8356
90400 46.8258
90410 46.8289
90420 46.824
90430 46.8299
90440 46.8586
90450 46.8788
90460 46.8646
90470 46.871
90480 46.9316
90490 46.982
90500 46.9729
90510 46.9276
90520 46.9045
90530 46.9142
90540 46.9015
90550 46.876
90560 46.8855
90570 46.9054
90580 46.8982
90590 46.8965
90600 46.9211
90610 46.9221
90620 46.8954
90630 46.9169
90640 46.959
90650 46.9668
90660 46.9664
90670 46.9875
90680 47.0078
90690 47.0014
90700 47.0028
90710 47.0291
90720 47.0481
90730 47.0604
90740 47.0856
90750 47.1152
90760 47.1206
90770 47.1428
90780 47.1983
90790 47.2368
90800 47.2338
90810 47.2195
90820 47.2298
90830 47.2483
90840 47.2434
90850 47.2093
90860 47.1839
90870 47.2018
90880 47.2212
90890 47.205
90900 47.1921
90910 47.2079
90920 47.2115
90930 47.2089
90940 47.2197
90950 47.2132
90960 47.1843
90970 47.1776
90980 47.1801
90990 47.1634
91000 47.1527
91010 47.1585
91020 47.1649
91030 47.1524
91040 47.1393
91050 47.1333
91060 47.1486
91070 47.1721
91080 47.1756
91090 47.1415
91100 47.093
91110 47.0864
91120 47.1036
91130 47.0922
91140 47.0405
91150 47.0087
91160 46.9988
91170 46.9874
91180 46.9702
91190 46.9516
91200 46.9539
91210 46.976
91220 47.009
91230 47.0218
91240 47.017
91250 47.0289
91260 47.0413
91270 47.034
91280 47.0287
91290 47.057
91300 47.0991
91310 47.127
91320 47.1488
91330 47.1713
91340 47.1855
91350 47.1801
91360 47.1739
91370 47.1891
91380 47.2014
91390 47.214
91400 47.2285
91410 47.2294
91420 47.2281
91430 47.233
91440 47.242
91450 47.2689
91460 47.2994
91470 47.3136
91480 47.3161
91490 47.3476
91500 47.4351
91510 47.5003
91520 47.5081
91530 47.5161
91540 47.5562
91550 47.5853
91560 47.6012
91570 47.63
91580 47.6568
91590 47.6639
91600 47.6792
91610 47.7186
91620 47.7551
91630 47.7816
91640 47.8093
91650 47.8327
91660 47.8636
91670 47.9074
91680 47.9407
91690 47.9415
91700 47.9288
91710 47.9406
91720 47.9676
91730 47.9855
91740 47.9909
91750 47.9862
91760 47.9834
91770 47.9728
91780 47.9638
91790 47.9842
91800 48.002
91810 47.9862
91820 47.9609
91830 47.9727
91840 47.9693
91850 47.9623
91860 47.973
91870 47.9665
91880 47.9304
91890 47.9061
91900 47.8999
91910 47.8945
91920 47.8937
91930 47.8863
91940 47.8855
91950 47.8906
91960 47.9001
91970 47.9047
91980 47.9054
91990 47.8934
92000 47.8776
92010 47.8642
92020 47.8582
92030 47.8777
92040 47.8971
92050 47.8901
92060 47.8835
92070 47.904
92080 47.9187
92090 47.9134
92100 47.9217
92110 47.919
92120 47.8692
92130 47.849
92140 47.8777
92150 47.8922
92160 47.882
92170 47.909
92180 47.9719
92190 48.032
92200 48.0667
92210 48.0893
92220 48.1005
92230 48.0883
92240 48.0845
92250 48.0894
92260 48.0723
92270 48.0539
92280 48.0526
92290 48.0522
92300 48.0383
92310 48.0247
92320 48.0286
92330 48.0241
92340 48.041
92350 48.0678
92360 48.0698
92370 48.0309
92380 48.0056
92390 48.0239
92400 48.0599
92410 48.0809
92420 48.0755
92430 48.0416
92440 48.0247
92450 48.0346
92460 48.0294
92470 48.0273
92480 48.0509
92490 48.0624
92500 48.0292
92510 48
92520 48.0011
92530 47.999
92540 47.9816
92550 47.9674
92560 47.976
92570 48.0193
92580 48.074
92590 48.0948
92600 48.0799
92610 48.0675
92620 48.0848
92630 48.1139
92640 48.1472
92650 48.1674
92660 48.1555
92670 48.1555
92680 48.1909
92690 48.2123
92700 48.2232
92710 48.2412
92720 48.2509
92730 48.2723
92740 48.3175
92750 48.3483
92760 48.3664
92770 48.4005
92780 48.4346
92790 48.451
92800 48.4477
92810 48.46
92820 48.4811
92830 48.4909
92840 48.4972
92850 48.4988
92860 48.4959
92870 48.4901
92880 48.4932
92890 48.5143
92900 48.5272
92910 48.5427
92920 48.5514
92930 48.5467
92940 48.5388
92950 48.5339
92960 48.5185
92970 48.5139
92980 48.5413
92990 48.5558
93000 48.5476
93010 48.5477
93020 48.5698
93030 48.5997
93040 48.6095
93050 48.6121
93060 48.6233
93070 48.6019
93080 48.5587
93090 48.5657
93100 48.615
93110 48.6684
93120 48.7063
93130 48.721
93140 48.7214
93150 48.7292
93160 48.7416
93170 48.741
93180 48.7216
93190 48.7044
93200 48.7007
93210 48.7032
93220 48.7099
93230 48.7288
93240 48.7421
93250 48.7494
93260 48.7347
93270 48.7282
93280 48.7337
93290 48.7077
93300 48.6471
93310 48.6196
93320 48.6494
93330 48.6608
93340 48.6322
93350 48.6221
93360 48.6421
93370 48.6315
93380 48.6075
93390 48.6126
93400 48.6221
93410 48.5996
93420 48.5716
93430 48.5668
93440 48.5697
93450 48.5563
93460 48.5436
93470 48.5629
93480 48.6061
93490 48.6319
93500 48.6429
93510 48.6557
93520 48.6668
93530 48.6636
93540 48.6517
93550 48.632
93560 48.6267
93570 48.6572
93580 48.6932
93590 48.6923
93600 48.6827
93610 48.6959
93620 48.7225
93630 48.7265
93640 48.7042
93650 48.6863
93660 48.6851
93670 48.6756
93680 48.6579
93690 48.6609
93700 48.677
93710 48.681
93720 48.6858
93730 48.7093
93740 48.7324
93750 48.7431
93760 48.7318
93770 48.7239
93780 48.7505
93790 48.775
93800 48.7841
93810 48.7752
93820 48.7541
93830 48.7571
93840 48.7654
93850 48.7506
93860 48.7322
93870 48.7454
93880 48.7676
93890 48.7809
93900 48.7832
93910 48.7932
93920 48.8238
93930 48.8546
93940 48.8325
93950 48.7916
93960 48.7811
93970 48.8116
93980 48.8091
93990 48.763
94000 48.7473
94010 48.7646
94020 48.7844
94030 48.7805
94040 48.7602
94050 48.743
94060 48.7412
94070 48.7562
94080 48.7627
94090 48.7435
94100 48.7272
94110 48.7204
94120 48.7039
94130 48.6919
94140 48.7071
94150 48.7312
94160 48.7199
94170 48.6841
94180 48.6787
94190 48.7031
94200 48.7095
94210 48.6901
94220 48.6852
94230 48.6668
94240 48.6433
94250 48.6316
94260 48.6457
94270 48.6783
94280 48.7064
94290 48.7043
94300 48.6901
94310 48.6856
94320 48.6819
94330 48.668
94340 48.6427
94350 48.61
94360 48.5995
94370 48.5966
94380 48.5845
94390 48.5781
94400 48.577
94410 48.557
94420 48.5413
94430 48.5364
94440 48.5258
94450 48.5125
94460 48.5014
94470 48.5029
94480 48.5067
94490 48.5013
94500 48.4965
94510 48.503
94520 48.5253
94530 48.5549
94540 48.5766
94550 48.5861
94560 48.6146
94570 48.66
94580 48.6972
94590 48.735
94600 48.7616
94610 48.7864
94620 48.7954
94630 48.8005
94640 48.792
94650 48.7679
94660 48.7627
94670 48.7841
94680 48.8143
94690 48.8371
94700 48.841
94710 48.8133
94720 48.817
94730 48.8634
94740 48.8863
94750 48.874
94760 48.8709
94770 48.8925
94780 48.8914
94790 48.8502
94800 48.8224
94810 48.8533
94820 48.8882
94830 48.8889
94840 48.8944
94850 48.9145
94860 48.919
94870 48.9257
94880 48.9571
94890 48.9928
94900 48.9979
94910 48.9966
94920 48.9982
94930 48.9755
94940 48.9525
94950 48.9606
94960 48.9739
94970 48.9624
94980 48.9292
94990 48.9226
95000 48.9417
95010 48.9451
95020 48.9263
95030 48.9134
95040 48.924
95050 48.9314
95060 48.9194
95070 48.9111
95080 48.9352
95090 48.9662
95100 48.9773
95110 48.968
95120 48.9821
95130 49.0262
95140 49.0541
95150 49.0494
95160 49.0693
95170 49.1136
95180 49.1364
95190 49.1526
95200 49.1696
95210 49.1717
95220 49.1761
95230 49.2001
95240 49.2238
95250 49.2442
95260 49.2767
95270 49.3064
95280 49.3244
95290 49.3442
95300 49.3643
95310 49.3568
95320 49.3598
95330 49.4036
95340 49.4417
95350 49.4405
95360 49.4276
95370 49.4061
95380 49.3866
95390 49.3796
95400 49.3829
95410 49.3712
95420 49.3444
95430 49.3318
95440 49.3437
95450 49.355
95460 49.3524
95470 49.3317
95480 49.3139
95490 49.3156
95500 49.3118
95510 49.2978
95520 49.3017
95530 49.3301
95540 49.3457
95550 49.3356
95560 49.315
95570 49.3086
95580 49.3008
95590 49.302
95600 49.3126
95610 49.3134
95620 49.3124
95630 49.3106
95640 49.3113
95650 49.3217
95660 49.3401
95670 49.3379
95680 49.3227
95690 49.3361
95700 49.346
95710 49.3362
95720 49.3207
95730 49.3236
95740 49.358
95750 49.3949
95760 49.3891
95770 49.3602
95780 49.3586
95790 49.3795
95800 49.3728
95810 49.3476
95820 49.3526
95830 49.393
95840 49.4179
95850 49.4184
95860 49.4045
95870 49.4039
95880 49.4145
95890 49.4154
95900 49.4022
95910 49.3937
95920 49.41
95930 49.4358
95940 49.4529
95950 49.4714
95960 49.4938
95970 49.5114
95980 49.532
95990 49.5337
96000 49.5157
96010 49.5092
96020 49.518
96030 49.5136
96040 49.5006
96050 49.5143
96060 49.5315
96070 49.5171
96080 49.5162
96090 49.5378
96100 49.5413
96110 49.5614
96120 49.6131
96130 49.6356
96140 49.6069
96150 49.584
96160 49.5865
96170 49.58
96180 49.5709
96190 49.5822
96200 49.609
96210 49.6119
96220 49.6147
96230 49.6261
96240 49.6413
96250 49.6608
96260 49.6722
96270 49.6593
96280 49.657
96290 49.6674
96300 49.6795
96310 49.6842
96320 49.6772
96330 49.6574
96340 49.6286
96350 49.6345
96360 49.6495
96370 49.6578
96380 49.6628
96390 49.6794
96400 49.6744
96410 49.6457
96420 49.6501
96430 49.6979
96440 49.72
96450 49.7111
96460 49.7377
96470 49.7672
96480 49.7927
96490 49.8324
96500 49.8665
96510 49.8738
96520 49.8613
96530 49.8611
96540 49.871
96550 49.8853
96560 49.8868
96570 49.8792
96580 49.8666
96590 49.8435
96600 49.8312
96610 49.8656
96620 49.9067
96630 49.925
96640 49.915
96650 49.9031
96660 49.9094
96670 49.9179
96680 49.8949
96690 49.8665
96700 49.8596
96710 49.8575
96720 49.8375
96730 49.8281
96740 49.8307
96750 49.8601
96760 49.9107
96770 49.946
96780 49.9537
96790 49.9562
96800 49.9505
96810 49.9452
96820 49.9383
96830 49.9323
96840 49.9185
96850 49.9283
96860 49.9429
96870 49.9469
96880 49.9531
96890 49.9466
96900 49.9461
96910 49.9805
96920 50.0056
96930 49.9927
96940 49.9796
96950 50.0014
96960 50.0313
96970 50.0385
96980 50.0441
96990 50.0798
97000 50.1047
97010 50.0803
97020 50.0433
97030 50.0367
97040 50.0514
97050 50.0837
97060 50.0944
97070 50.0555
97080 50.0181
97090 50.0366
97100 50.0717
97110 50.086
97120 50.0936
97130 50.1191
97140 50.1561
97150 50.1891
97160 50.2189
97170 50.2371
97180 50.2351
97190 50.2355
97200 50.2561
97210 50.2798
97220 50.2939
97230 50.3413
97240 50.4059
97250 50.4362
97260 50.4422
97270 50.4576
97280 50.5022
97290 50.5624
97300 50.5938
97310 50.6072
97320 50.6444
97330 50.6892
97340 50.7047
97350 50.6841
97360 50.6671
97370 50.6534
97380 50.6515
97390 50.6568
97400 50.624
97410 50.5829
97420 50.5704
97430 50.5634
97440 50.5336
97450 50.5305
97460 50.5518
97470 50.5372
97480 50.4947
97490 50.478
97500 50.5043
97510 50.5353
97520 50.5409
97530 50.5378
97540 50.5403
97550 50.5393
97560 50.5406
97570 50.5591
97580 50.5575
97590 50.5112
97600 50.4934
97610 50.5164
97620 50.5236
97630 50.5156
97640 50.5165
97650 50.5103
97660 50.5173
97670 50.5586
97680 50.5993
97690 50.6288
97700 50.6605
97710 50.687
97720 50.6927
97730 50.6831
97740 50.6928
97750 50.7043
97760 50.7068
97770 50.6917
97780 50.6623
97790 50.6417
97800 50.6443
97810 50.6345
97820 50.5925
97830 50.5449
97840 50.5343
97850 50.5422
97860 50.5279
97870 50.5117
97880 50.5119
97890 50.5231
97900 50.5369
97910 50.5506
97920 50.5672
97930 50.5963
97940 50.6352
97950 50.6414
97960 50.6196
97970 50.6176
97980 50.6419
97990 50.6637
98000 50.6631
98010 50.6712
98020 50.6945
98030 50.6951
98040 50.6887
98050 50.7138
98060 50.7468
98070 50.7497
98080 50.7662
98090 50.7899
98100 50.7848
98110 50.7729
98120 50.7931
98130 50.8219
98140 50.8259
98150 50.8308
98160 50.8531
98170 50.8564
98180 50.8196
98190 50.7835
98200 50.7783
98210 50.7945
98220 50.8123
98230 50.8241
98240 50.8506
98250 50.8655
98260 50.862
98270 50.8572
98280 50.8488
98290 50.8424
98300 50.84
98310 50.8405
98320 50.8353
98330 50.8381
98340 50.8633
98350 50.9042
98360 50.922
98370 50.9476
98380 50.9979
98390 51.0277
98400 51.0173
98410 51.0022
98420 51.0077
98430 51.029
98440 51.0414
98450 51.0504
98460 51.045
98470 51.0223
98480 51.014
98490 51.0211
98500 51.0295
98510 51.0506
98520 51.1058
98530 51.1569
98540 51.1814
98550 51.1775
98560 51.1757
98570 51.1945
98580 51.2153
98590 51.2397
98600 51.2558
98610 51.2642
98620 51.2707
98630 51.2655
98640 51.2554
98650 51.2648
98660 51.2773
98670 51.2657
98680 51.244
98690 51.2429
98700 51.2739
98710 51.2764
98720 51.2689
98730 51.2792
98740 51.3002
98750 51.3162
98760 51.309
98770 51.2768
98780 51.2524
98790 51.2694
98800 51.3109
98810 51.3209
98820 51.3253
98830 51.345
98840 51.3719
98850 51.3903
98860 51.416
98870 51.4437
98880 51.4672
98890 51.5069
98900 51.5447
98910 51.5654
98920 51.5735
98930 51.5739
98940 51.5844
98950 51.6251
98960 51.6438
98970 51.6271
98980 51.6276
98990 51.6572
99000 51.6833
99010 51.6974
99020 51.7008
99030 51.6897
99040 51.6805
99050 51.6672
99060 51.6523
99070 51.6247
99080 51.5928
99090 51.5563
99100 51.5285
99110 51.5225
99120 51.5081
99130 51.4724
99140 51.4555
99150 51.4599
99160 51.4424
99170 51.4104
99180 51.4052
99190 51.4424
99200 51.4776
99210 51.4695
99220 51.4598
99230 51.4958
99240 51.5431
99250 51.5446
99260 51.5036
99270 51.4774
99280 51.4844
99290 51.5007
99300 51.5249
99310 51.5585
99320 51.5891
99330 51.6262
99340 51.6349
99350 51.6414
99360 51.6614
99370 51.6918
99380 51.6854
99390 51.6382
99400 51.604
99410 51.6036
99420 51.5746
99430 51.5537
99440 51.565
99450 51.5836
99460 51.5985
99470 51.6239
99480 51.6398
99490 51.6355
99500 51.6136
99510 51.6066
99520 51.6464
99530 51.685
99540 51.6856
99550 51.6868
99560 51.705
99570 51.6859
99580 51.6443
99590 51.6293
99600 51.6374
99610 51.6269
99620 51.6003
99630 51.6167
99640 51.6425
99650 51.6157
99660 51.5963
99670 51.6425
99680 51.6942
99690 51.695
99700 51.699
99710 51.7307
99720 51.7188
99730 51.6703
99740 51.6619
99750 51.6773
99760 51.6727
99770 51.6572
99780 51.6646
99790 51.6834
99800 51.6866
99810 51.6779
99820 51.665
99830 51.675
99840 51.7003
99850 51.7002
99860 51.6825
99870 51.6897
99880 51.7182
99890 51.7387
99900 51.727
99910 51.7175
99920 51.703
99930 51.7001
99940 51.725
99950 51.7661
99960 51.7923
99970 51.8008
99980 51.823
99990 51.8475
100000 51.8691
100010 51.8869
100020 51.8857
100030 51.8742
100040 51.8913
100050 51.9104
100060 51.9057
100070 51.8953
100080 51.9073
100090 51.9284
100100 51.9383
100110 51.9464
100120 51.9542
100130 51.9524
100140 51.9401
100150 51.9291
100160 51.9342
100170 51.9358
100180 51.9035
100190 51.8379
100200 51.799
100210 51.804
100220 51.8187
100230 51.8203
100240 51.8165
100250 51.8033
100260 51.7942
100270 51.796
100280 51.8236
100290 51.8674
100300 51.9024
100310 51.9159
100320 51.9164
100330 51.94
100340 51.979
100350 52.0095
100360 52.0403
100370 52.0651
100380 52.093
100390 52.1154
100400 52.1029
100410 52.0867
100420 52.1005
100430 52.1093
100440 52.0917
100450 52.0966
100460 52.1327
100470 52.1459
100480 52.1373
100490 52.1301
100500 52.1354
100510 52.139
100520 52.1331
100530 52.126
100540 52.1297
100550 52.1397
100560 52.1346
100570 52.1485
100580 52.1995
100590 52.2478
100600 52.2642
100610 52.2758
100620 52.2971
100630 52.3107
100640 52.3192
100650 52.3386
100660 52.3553
100670 52.357
100680 52.3435
100690 52.3504
100700 52.3555
100710 52.3359
100720 52.3222
100730 52.3357
100740 52.3581
100750 52.3752
100760 52.3856
100770 52.3986
100780 52.4298
100790 52.4453
100800 52.4494
100810 52.4506
100820 52.4502
100830 52.4414
100840 52.4357
100850 52.4428
100860 52.4573
100870 52.4625
100880 52.4539
100890 52.4656
100900 52.4995
100910 52.5311
100920 52.5603
100930 52.5899
100940 52.593
100950 52.573
100960 52.5737
100970 52.5915
100980 52.5934
100990 52.5794
101000 52.589
101010 52.6005
101020 52.6006
101030 52.5902
101040 52.5951
101050 52.607
101060 52.6189
101070 52.6291
101080 52.6328
101090 52.6217
101100 52.6229
101110 52.6273
101120 52.6161
101130 52.6053
101140 52.5868
101150 52.5636
101160 52.553
101170 52.5382
101180 52.5237
101190 52.5178
101200 52.5018
101210 52.464
101220 52.4248
101230 52.4037
101240 52.3842
101250 52.3399
101260 52.2963
101270 52.287
101280 52.3037
101290 52.3111
101300 52.2889
101310 52.2603
101320 52.2833
101330 52.3344
101340 52.3419
101350 52.31
101360 52.3095
101370 52.3097
101380 52.2901
101390 52.3014
101400 52.3209
101410 52.3163
101420 52.3076
101430 52.324
101440 52.3331
101450 52.3079
101460 52.2653
101470 52.2293
101480 52.1984
101490 52.1818
101500 52.1603
101510 52.1329
101520 52.1023
101530 52.0987
101540 52.1083
101550 52.0938
101560 52.0706
101570 52.0679
101580 52.063
101590 52.0371
101600 52.0208
101610 52.0503
101620 52.0859
101630 52.091
101640 52.1037
101650 52.143
101660 52.2011
101670 52.2327
101680 52.2267
101690 52.23
101700 52.2473
101710 52.2577
101720 52.2711
101730 52.2941
101740 52.288
101750 52.2809
101760 52.2908
101770 52.296
101780 52.2896
101790 52.2825
101800 52.2894
101810 52.3093
101820 52.3031
101830 52.2754
101840 52.2809
101850 52.2948
101860 52.2504
101870 52.1868
101880 52.1789
101890 52.1915
101900 52.1906
101910 52.1895
101920 52.1828
101930 52.1686
101940 52.1493
101950 52.132
101960 52.111
101970 52.0808
101980 52.0558
101990 52.0524
102000 52.0574
102010 52.0573
102020 52.0611
102030 52.0615
102040 52.0618
102050 52.0377
102060 52.0278
102070 52.0505
102080 52.0751
102090 52.0727
102100 52.0607
102110 52.0635
102120 52.0997
102130 52.1375
102140 52.1486
102150 52.1616
102160 52.2112
102170 52.2556
102180 52.2612
102190 52.2785
102200 52.3257
102210 52.363
102220 52.3791
102230 52.4067
102240 52.4379
102250 52.4631
102260 52.4831
102270 52.4912
102280 52.4796
102290 52.4692
102300 52.4851
102310 52.4886
102320 52.4863
102330 52.4997
102340 52.5078
102350 52.5016
102360 52.489
102370 52.4887
102380 52.4974
102390 52.4938
102400 52.4704
102410 52.4602
102420 52.4862
102430 52.4918
102440 52.4856
102450 52.5182
102460 52.5616
102470 52.5704
102480 52.5701
102490 52.5785
102500 52.5953
102510 52.5997
102520 52.6012
102530 52.6106
102540 52.6312
102550 52.6464
102560 52.6565
102570 52.6827
102580 52.7024
102590 52.728
102600 52.7543
102610 52.7679
102620 52.7551
102630 52.7577
102640 52.7889
102650 52.8051
102660 52.8045
102670 52.8203
102680 52.8428
102690 52.8287
102700 52.8017
102710 52.8123
102720 52.8267
102730 52.8046
102740 52.7752
102750 52.8058
102760 52.8582
102770 52.8825
102780 52.9069
102790 52.9223
102800 52.9183
102810 52.9154
102820 52.9452
102830 52.9724
102840 52.9867
102850 53.0008
102860 53.0067
102870 52.9979
102880 52.9999
102890 52.9805
102900 52.9716
102910 52.9999
102920 53.0128
102930 52.9897
102940 52.9827
102950 53.0107
102960 53.0257
102970 53.0119
102980 52.9883
102990 52.9721
103000 52.9685
103010 52.9743
103020 52.9726
103030 52.9726
103040 52.988
103050 53.0128
103060 53.0128
103070 53.0017
103080 53.0223
103090 53.0487
103100 53.0592
103110 53.0705
103120 53.114
103130 53.1639
103140 53.2142
103150 53.2383
103160 53.226
103170 53.2146
103180 53.211
103190 53.1939
103200 53.1718
103210 53.1766
103220 53.2148
103230 53.2436
103240 53.2346
103250 53.2249
103260 53.2384
103270 53.2719
103280 53.2894
103290 53.2867
103300 53.288
103310 53.3015
103320 53.3303
103330 53.3461
103340 53.3613
103350 53.3799
103360 53.3502
103370 53.2847
103380 53.2496
103390 53.2393
103400 53.2424
103410 53.2233
103420 53.1785
103430 53.1434
103440 53.156
103450 53.19
103460 53.1896
103470 53.1461
103480 53.1183
103490 53.1189
103500 53.1396
103510 53.1534
103520 53.1389
103530 53.1303
103540 53.1481
103550 53.1685
103560 53.1416
103570 53.1187
103580 53.1325
103590 53.1479
103600 53.1437
103610 53.1413
103620 53.1543
103630 53.1737
103640 53.167
103650 53.1446
103660 53.1424
103670 53.1437
103680 53.128
103690 53.1031
103700 53.0602
103710 53.0228
103720 53.0174
103730 53.0245
103740 53.0281
103750 53.0096
103760 52.9869
103770 52.991
103780 53.0089
103790 53.0019
103800 52.979
103810 52.9461
103820 52.9325
103830 52.9239
103840 52.913
103850 52.9179
103860 52.9092
103870 52.887
103880 52.8868
103890 52.9124
103900 52.9425
103910 52.9585
103920 52.956
103930 52.9476
103940 52.9515
103950 52.9726
103960 52.9761
103970 52.9727
103980 52.9781
103990 52.9922
104000 53.0229
104010 53.0804
104020 53.1422
104030 53.1846
104040 53.2099
104050 53.2092
104060 53.2111
104070 53.2493
104080 53.2947
104090 53.3243
104100 53.3514
104110 53.3713
104120 53.3773
104130 53.399
104140 53.4286
104150 53.457
104160 53.4636
104170 53.4509
104180 53.4578
104190 53.4746
104200 53.4945
104210 53.5039
104220 53.4996
104230 53.4988
104240 53.5056
104250 53.4913
104260 53.4437
104270 53.4207
104280 53.4444
104290 53.4672
104300 53.4707
104310 53.4857
104320 53.5124
104330 53.5291
104340 53.5487
104350 53.5735
104360 53.5939
104370 53.6125
104380 53.6047
104390 53.5694
104400 53.5347
104410 53.5393
104420 53.5609
104430 53.5861
104440 53.5896
104450 53.5875
104460 53.6053
104470 53.6184
104480 53.6197
104490 53.6137
104500 53.6069
104510 53.5947
104520 53.5889
104530 53.6157
104540 53.6633
104550 53.684
104560 53.7038
104570 53.7329
104580 53.7587
104590 53.7936
104600 53.8483
104610 53.8879
104620 53.8854
104630 53.878
104640 53.881
104650 53.8882
104660 53.9198
104670 53.9477
104680 53.9442
104690 53.9366
104700 53.9536
104710 53.9601
104720 53.9427
104730 53.953
104740 53.9657
104750 53.9565
104760 53.9559
104770 53.9744
104780 54.0059
104790 54.0461
104800 54.0897
104810 54.1082
104820 54.0952
104830 54.0651
104840 54.0569
104850 54.0762
104860 54.0874
104870 54.0921
104880 54.1278
104890 54.1734
104900 54.1738
104910 54.1633
104920 54.172
104930 54.1857
104940 54.2031
104950 54.2278
104960 54.251
104970 54.2475
104980 54.2174
104990 54.2009
105000 54.2082
105010 54.2101
105020 54.2203
105030 54.2572
105040 54.2962
105050 54.3095
105060 54.2896
105070 54.2613
105080 54.2537
105090 54.2609
105100 54.2618
105110 54.2393
105120 54.2027
105130 54.1744
105140 54.1709
105150 54.1697
105160 54.1329
105170 54.092
105180 54.0837
105190 54.0831
105200 54.0863
105210 54.0977
105220 54.0857
105230 54.0579
105240 54.0468
105250 54.0359
105260 54.0254
105270 54.0296
105280 54.0244
105290 54.0204
105300 54.033
105310 54.0456
105320 54.0539
105330 54.0642
105340 54.0699
105350 54.0563
105360 54.0209
105370 54.0028
105380 54.0097
105390 54.0076
105400 53.9875
105410 53.9735
105420 53.9814
105430 53.9775
105440 53.96
105450 53.9558
105460 53.9511
105470 53.9306
105480 53.9119
105490 53.8953
105500 53.8668
105510 53.8698
105520 53.9131
105530 53.9369
105540 53.919
105550 53.9123
105560 53.9343
105570 53.9339
105580 53.9184
105590 53.9202
105600 53.9258
105610 53.9108
105620 53.9158
105630 53.9517
105640 53.968
105650 53.9582
105660 53.954
105670 53.9486
105680 53.952
105690 53.9673
105700 53.9777
105710 53.9552
105720 53.9481
105730 53.9673
105740 53.991
105750 54.0056
105760 54.0303
105770 54.0488
105780 54.0594
105790 54.0856
105800 54.106
105810 54.1158
105820 54.1346
105830 54.1531
105840 54.1299
105850 54.1204
105860 54.1476
105870 54.1801
105880 54.1639
105890 54.1482
105900 54.164
105910 54.1823
105920 54.1735
105930 54.1655
105940 54.1643
105950 54.1544
105960 54.1553
105970 54.1892
105980 54.2276
105990 54.2394
106000 54.2495
106010 54.264
106020 54.2464
106030 54.2207
106040 54.2172
106050 54.2162
106060 54.2051
106070 54.2035
106080 54.205
106090 54.2074
106100 54.2303
106110 54.2705
106120 54.2942
106130 54.2861
106140 54.2561
106150 54.2357
106160 54.2502
106170 54.2518
106180 54.206
106190 54.1569
106200 54.1212
106210 54.1046
106220 54.1143
106230 54.1068
106240 54.0692
106250 54.0333
106260 54.0179
106270 54.0194
106280 54.0319
106290 54.0212
106300 54.0044
106310 53.999
106320 54.0043
106330 54.0092
106340 54.0187
106350 54.0266
106360 54.0215
106370 54.0154
106380 54.0226
106390 54.0334
106400 54.0633
106410 54.1012
106420 54.1321
106430 54.1579
106440 54.1676
106450 54.1532
106460 54.1424
106470 54.1401
106480 54.1418
106490 54.153
106500 54.1661
106510 54.1681
106520 54.1413
106530 54.1291
106540 54.151
106550 54.1743
106560 54.1951
106570 54.2304
106580 54.2556
106590 54.2519
106600 54.2395
106610 54.2351
106620 54.2344
106630 54.2292
106640 54.2177
106650 54.2036
106660 54.1959
106670 54.1797
106680 54.1586
106690 54.134
106700 54.1041
106710 54.0876
106720 54.0823
106730 54.0708
106740 54.0598
106750 54.0358
106760 53.9956
106770 53.9607
106780 53.9843
106790 54.0354
106800 54.0501
106810 54.0273
106820 54.0144
106830 54.0199
106840 54.0378
106850 54.0699
106860 54.0936
106870 54.104
106880 54.1334
106890 54.1826
106900 54.209
106910 54.221
106920 54.2716
106930 54.3177
106940 54.3336
106950 54.341
106960 54.3417
106970 54.3336
106980 54.3049
106990 54.3041
107000 54.3332
107010 54.367
107020 54.4006
107030 54.4223
107040 54.4142
107050 54.3921
107060 54.3855
107070 54.4328
107080 54.4785
107090 54.4701
107100 54.4566
107110 54.4642
107120 54.4838
107130 54.5124
107140 54.5356
107150 54.5294
107160 54.5265
107170 54.5366
107180 54.5335
107190 54.5326
107200 54.5425
107210 54.557
107220 54.5652
107230 54.5739
107240 54.5766
107250 54.563
107260 54.5543
107270 54.5595
107280 54.5627
107290 54.5557
107300 54.546
107310 54.5412
107320 54.5364
107330 54.5471
107340 54.5671
107350 54.59
107360 54.5848
107370 54.5544
107380 54.5498
107390 54.5823
107400 54.6183
107410 54.6297
107420 54.6037
107430 54.5676
107440 54.542
107450 54.5365
107460 54.5627
107470 54.5835
107480 54.5701
107490 54.5749
107500 54.629
107510 54.6668
107520 54.6622
107530 54.6529
107540 54.6483
107550 54.6674
107560 54.7176
107570 54.7858
107580 54.8384
107590 54.8878
107600 54.9243
107610 54.9448
107620 54.9728
107630 55.0001
107640 55.0289
107650 55.0593
107660 55.0977
107670 55.1266
107680 55.1276
107690 55.1109
107700 55.1105
107710 55.1527
107720 55.2086
107730 55.2494
107740 55.2798
107750 55.2788
107760 55.2829
107770 55.3132
107780 55.365
107790 55.3989
107800 55.4249
107810 55.4456
107820 55.4469
107830 55.4245
107840 55.4043
107850 55.4089
107860 55.4295
107870 55.4494
107880 55.4374
107890 55.4124
107900 55.4216
107910 55.4532
107920 55.4693
107930 55.4662
107940 55.4715
107950 55.5059
107960 55.5707
107970 55.6172
107980 55.6346
107990 55.6316
108000 55.6348
108010 55.6429
108020 55.6572
108030 55.662
108040 55.647
108050 55.635
108060 55.6408
108070 55.652
108080 55.6686
108090 55.6813
108100 55.6959
108110 55.7137
108120 55.7035
108130 55.7019
108140 55.7177
108150 55.7375
108160 55.7435
108170 55.7358
108180 55.726
108190 55.7422
108200 55.78
108210 55.8041
108220 55.7992
108230 55.7866
108240 55.7822
108250 55.7789
108260 55.766
108270 55.7567
108280 55.7453
108290 55.7256
108300 55.7196
108310 55.7578
108320 55.8109
108330 55.8356
108340 55.8484
108350 55.8602
108360 55.8942
108370 55.9114
108380 55.9104
108390 55.9157
108400 55.9434
108410 55.9888
108420 55.9955
108430 55.9749
108440 55.9849
108450 56.0209
108460 56.0181
108470 55.9952
108480 56.0102
108490 56.0435
108500 56.049
108510 56.0828
108520 56.1425
108530 56.1751
108540 56.1821
108550 56.185
108560 56.1778
108570 56.1705
108580 56.1518
108590 56.1409
108600 56.1421
108610 56.1397
108620 56.1322
108630 56.14
108640 56.1551
108650 56.1827
108660 56.2157
108670 56.2331
108680 56.2218
108690 56.2088
108700 56.2119
108710 56.2252
108720 56.2441
108730 56.2593
108740 56.2872
108750 56.3214
108760 56.3264
108770 56.3114
108780 56.3185
108790 56.3252
108800 56.3179
108810 56.3158
108820 56.3194
108830 56.3152
108840 56.3096
108850 56.3367
108860 56.3672
108870 56.377
108880 56.3834
108890 56.4086
108900 56.4284
108910 56.4341
108920 56.4416
108930 56.4407
108940 56.4387
108950 56.4369
108960 56.4297
108970 56.4356
108980 56.465
108990 56.4757
109000 56.4745
109010 56.4766
109020 56.48
109030 56.4876
109040 56.4952
109050 56.4785
109060 56.4638
109070 56.5074
109080 56.5596
109090 56.5733
109100 56.584
109110 56.5908
109120 56.596
109130 56.6052
109140 56.6314
109150 56.6489
109160 56.6559
109170 56.6828
109180 56.714
109190 56.7435
109200 56.7688
109210 56.7865
109220 56.7992
109230 56.8037
109240 56.796
109250 56.7752
109260 56.7711
109270 56.7923
109280 56.8132
109290 56.8191
109300 56.8188
109310 56.8193
109320 56.8169
109330 56.8362
109340 56.8693
109350 56.8622
109360 56.8434
109370 56.8344
109380 56.8278
109390 56.803
109400 56.7754
109410 56.7492
109420 56.7095
109430 56.6904
109440 56.6906
109450 56.6903
109460 56.6802
109470 56.6602
109480 56.6438
109490 56.6443
109500 56.6439
109510 56.6451
109520 56.6644
109530 56.6915
109540 56.706
109550 56.7167
109560 56.747
109570 56.7649
109580 56.7609
109590 56.7793
109600 56.8121
109610 56.813
109620 56.7879
109630 56.7913
109640 56.8052
109650 56.8175
109660 56.8509
109670 56.9053
109680 56.9303
109690 56.9113
109700 56.9089
109710 56.9324
109720 56.9456
109730 56.9409
109740 56.9424
109750 56.9414
109760 56.9338
109770 56.9442
109780 56.944
109790 56.9174
109800 56.9212
109810 56.951
109820 56.9477
109830 56.9122
109840 56.8896
109850 56.8868
109860 56.8917
109870 56.8777
109880 56.8624
109890 56.8807
109900 56.9355
109910 56.9742
109920 56.9734
109930 56.952
109940 56.9424
109950 56.9471
109960 56.9522
109970 56.9419
109980 56.9212
109990 56.9121
110000 56.8901
110010 56.8559
110020 56.8508
110030 56.8679
110040 56.8682
110050 56.8448
110060 56.8358
110070 56.8247
110080 56.8007
110090 56.7871
110100 56.7914
110110 56.792
110120 56.7732
110130 56.7551
110140 56.7417
110150 56.7119
110160 56.6727
110170 56.669
110180 56.6925
110190 56.7176
110200 56.7351
110210 56.7452
110220 56.7563
110230 56.7511
110240 56.7511
110250 56.7634
110260 56.7821
110270 56.8213
110280 56.8761
110290 56.9114
110300 56.9402
110310 56.9881
110320 57.0147
110330 57.0123
110340 57.0071
110350 57.0012
110360 57.0045
110370 57.017
110380 57.0233
110390 57.0109
110400 57.0156
110410 57.0496
110420 57.0711
110430 57.0617
110440 57.0614
110450 57.1003
110460 57.1283
110470 57.111
110480 57.0739
110490 57.045
110500 57.0408
110510 57.0499
110520 57.0507
110530 57.0513
110540 57.0422
110550 57.0425
110560 57.0667
110570 57.0997
110580 57.1158
110590 57.1179
110600 57.1382
110610 57.1687
110620 57.1728
110630 57.143
110640 57.1178
110650 57.1438
110660 57.1917
110670 57.209
110680 57.2182
110690 57.2225
110700 57.2097
110710 57.192
110720 57.1925
110730 57.2032
110740 57.2123
110750 57.2028
110760 57.1856
110770 57.1854
110780 57.1993
110790 57.211
110800 57.2216
110810 57.2465
110820 57.2724
110830 57.2802
110840 57.275
110850 57.2626
110860 57.2633
110870 57.2676
110880 57.2662
110890 57.2528
110900 57.2583
110910 57.294
110920 57.3364
110930 57.3709
110940 57.3665
110950 57.334
110960 57.319
110970 57.3587
110980 57.3831
110990 57.354
111000 57.3332
111010 57.3294
111020 57.3064
111030 57.2881
111040 57.2931
111050 57.2976
111060 57.2972
111070 57.3095
111080 57.3405
111090 57.3677
111100 57.3821
111110 57.4074
111120 57.437
111130 57.4392
111140 57.4234
111150 57.421
111160 57.4232
111170 57.4261
111180 57.4438
111190 57.4814
111200 57.5122
111210 57.5319
111220 57.5488
111230 57.5737
111240 57.5855
111250 57.5945
111260 57.624
111270 57.6302
111280 57.6177
111290 57.6109
111300 57.597
111310 57.5658
111320 57.5499
111330 57.5934
111340 57.6429
111350 57.6343
111360 57.5855
111370 57.5507
111380 57.5177
111390 57.5058
111400 57.5144
111410 57.5168
111420 57.5054
111430 57.5034
111440 57.5188
111450 57.5259
111460 57.5316
111470 57.5243
111480 57.5263
111490 57.5469
111500 57.5507
111510 57.5234
111520 57.508
111530 57.5267
111540 57.5592
111550 57.5605
111560 57.5412
111570 57.5314
111580 57.5402
111590 57.5552
111600 57.5636
111610 57.5609
111620 57.5517
111630 57.5567
111640 57.5705
111650 57.5814
111660 57.5968
111670 57.611
111680 57.6265
111690 57.6302
111700 57.6492
111710 57.6717
111720 57.6656
111730 57.6586
111740 57.6999
111750 57.7566
111760 57.7738
111770 57.7736
111780 57.7535
111790 57.7081
111800 57.6801
111810 57.6816
111820 57.6625
111830 57.6415
111840 57.6612
111850 57.6993
111860 57.7112
111870 57.6993
111880 57.6845
111890 57.6988
111900 57.73
111910 57.7356
111920 57.7434
111930 57.7581
111940 57.7459
111950 57.7367
111960 57.751
111970 57.7578
111980 57.7506
111990 57.7485
112000 57.7373
112010 57.7045
112020 57.6756
112030 57.6377
112040 57.6248
112050 57.6466
112060 57.6708
112070 57.6795
112080 57.6814
112090 57.6968
112100 57.7191
112110 57.7092
112120 57.6877
112130 57.6903
112140 57.6903
112150 57.6785
112160 57.6916
112170 57.7112
112180 57.7112
112190 57.7227
112200 57.7581
112210 57.7835
112220 57.8131
112230 57.8543
112240 57.8744
112250 57.896
112260 57.9368
112270 57.9849
112280 57.994
112290 57.9758
112300 57.9938
112310 58.0332
112320 58.0372
112330 58.0172
112340 58.0251
112350 58.0578
112360 58.0942
112370 58.1036
112380 58.0979
112390 58.0965
112400 58.0917
112410 58.0837
112420 58.0712
112430 58.0816
112440 58.085
112450 58.0725
112460 58.0689
112470 58.0594
112480 58.0558
112490 58.0678
112500 58.0812
112510 58.0664
112520 58.0392
112530 58.0371
112540 58.0577
112550 58.0725
112560 58.0814
112570 58.092
112580 58.1017
112590 58.0696
112600 58.0175
112610 57.9585
112620 57.931
112630 57.9261
112640 57.9261
112650 57.9352
112660 57.9578
112670 57.9915
112680 58.011
112690 58.0237
112700 58.0506
112710 58.091
112720 58.1109
112730 58.1314
112740 58.1773
112750 58.23
112760 58.2514
112770 58.2614
112780 58.2913
112790 58.3193
112800 58.3153
112810 58.325
112820 58.3473
112830 58.3539
112840 58.3602
112850 58.3504
112860 58.326
112870 58.3261
112880 58.3639
112890 58.3946
112900 58.4117
112910 58.4408
112920 58.4738
112930 58.4875
112940 58.4915
112950 58.479
112960 58.4671
112970 58.4799
112980 58.4892
112990 58.4863
113000 58.4741
113010 58.4597
113020 58.4423
113030 58.4417
113040 58.481
113050 58.5176
113060 58.5274
113070 58.5415
113080 58.5622
113090 58.5683
113100 58.569
113110 58.5895
113120 58.6085
113130 58.5987
113140 58.5723
113150 58.5416
113160 58.5381
113170 58.5437
113180 58.5421
113190 58.545
113200 58.5434
113210 58.5474
113220 58.5671
113230 58.588
113240 58.5863
113250 58.5753
113260 58.5847
113270 58.6209
113280 58.6753
113290 58.7267
113300 58.7514
113310 58.7593
113320 58.7578
113330 58.7556
113340 58.7435
113350 58.7311
113360 58.7359
113370 58.7731
113380 58.8006
113390 58.8267
113400 58.8543
113410 58.8641
113420 58.8691
113430 58.8847
113440 58.9194
113450 58.9522
113460 58.9487
113470 58.9318
113480 58.9431
113490 58.9685
113500 58.9869
113510 58.9844
113520 58.9716
113530 58.9575
113540 58.9452
113550 58.9326
113560 58.9074
113570 58.8861
113580 58.8798
113590 58.8798
113600 58.8657
113610 58.8455
113620 58.828
113630 58.8072
113640 58.7824
113650 58.7673
113660 58.7692
113670 58.7663
113680 58.769
113690 58.7642
113700 58.7536
113710 58.7452
113720 58.7416
113730 58.7496
113740 58.7504
113750 58.7347
113760 58.7445
113770 58.7694
113780 58.7927
113790 58.806
113800 58.8116
113810 58.8176
113820 58.8068
113830 58.7884
113840 58.791
113850 58.7823
113860 58.7625
113870 58.7376
113880 58.7223
113890 58.709
113900 58.6827
113910 58.6585
113920 58.6592
113930 58.672
113940 58.6461
113950 58.6164
113960 58.631
113970 58.6846
113980 58.7343
113990 58.7694
114000 58.7824
114010 58.7834
114020 58.7677
114030 58.7557
114040 58.7686
114050 58.777
114060 58.7563
114070 58.7536
114080 58.7611
114090 58.7447
114100 58.7151
114110 58.7396
114120 58.7803
114130 58.7683
114140 58.7355
114150 58.7371
114160 58.7521
114170 58.747
114180 58.7278
114190 58.7295
114200 58.7734
114210 58.8243
114220 58.8394
114230 58.8439
114240 58.8645
114250 58.8745
114260 58.8797
114270 58.885
114280 58.8891
114290 58.8969
114300 58.9062
114310 58.9306
114320 58.9757
114330 59.0461
114340 59.0896
114350 59.0839
114360 59.0806
114370 59.1014
114380 59.1239
114390 59.1333
114400 59.1403
114410 59.142
114420 59.1297
114430 59.1053
114440 59.0732
114450 59.0442
114460 59.0226
114470 59.0004
114480 58.9722
114490 58.9483
114500 58.955
114510 58.9667
114520 58.9374
114530 58.8835
114540 58.8356
114550 58.8074
114560 58.8016
114570 58.797
114580 58.7854
114590 58.7968
114600 58.8212
114610 58.8622
114620 58.9076
114630 58.9407
114640 58.9718
114650 59.0195
114660 59.0585
114670 59.0773
114680 59.1002
114690 59.1273
114700 59.1466
114710 59.1565
114720 59.1743
114730 59.2093
114740 59.241
114750 59.2465
114760 59.2368
114770 59.2395
114780 59.2404
114790 59.2338
114800 59.2366
114810 59.2607
114820 59.2757
114830 59.2577
114840 59.2232
114850 59.2097
114860 59.1998
114870 59.1758
114880 59.1707
114890 59.1692
114900 59.1724
114910 59.1941
114920 59.2167
114930 59.2267
114940 59.2371
114950 59.2414
114960 59.2238
114970 59.1987
114980 59.1826
114990 59.1741
115000 59.1776
115010 59.1829
115020 59.1847
115030 59.195
115040 59.2306
115050 59.2623
115060 59.2725
115070 59.303
115080 59.3219
115090 59.2864
115100 59.2259
115110 59.2097
115120 59.2092
115130 59.1887
115140 59.1792
115150 59.17
115160 59.1652
115170 59.161
115180 59.1611
115190 59.163
115200 59.1531
115210 59.1359
115220 59.1182
115230 59.1149
115240 59.1211
115250 59.1194
115260 59.1191
115270 59.1294
115280 59.1316
115290 59.1363
115300 59.1554
115310 59.184
115320 59.1895
115330 59.1909
115340 59.2063
115350 59.22
115360 59.2198
115370 59.2235
115380 59.242
115390 59.2743
115400 59.3373
115410 59.4029
115420 59.4297
115430 59.4227
115440 59.4256
115450 59.4416
115460 59.4412
115470 59.4355
115480 59.4416
115490 59.4441
115500 59.4185
115510 59.3789
115520 59.38
115530 59.4061
115540 59.4197
115550 59.4308
115560 59.4416
115570 59.4443
115580 59.4458
115590 59.4544
115600 59.4609
115610 59.4436
115620 59.3961
115630 59.3605
115640 59.3734
115650 59.3843
115660 59.3694
115670 59.3618
115680 59.3562
115690 59.3608
115700 59.363
115710 59.3555
115720 59.3425
115730 59.3252
115740 59.3162
115750 59.3168
115760 59.3421
115770 59.387
115780 59.4101
115790 59.4102
115800 59.4328
115810 59.4893
115820 59.5422
115830 59.5502
115840 59.5682
115850 59.6406
115860 59.6772
115870 59.6474
115880 59.6381
115890 59.6557
115900 59.6536
115910 59.6283
115920 59.6129
115930 59.6041
115940 59.5874
115950 59.547
115960 59.5125
115970 59.4971
115980 59.5036
115990 59.5077
116000 59.4873
116010 59.4713
116020 59.481
116030 59.4973
116040 59.5016
116050 59.509
116060 59.5411
116070 59.5574
116080 59.5521
116090 59.5317
116100 59.4984
116110 59.4909
116120 59.5163
116130 59.5452
116140 59.5604
116150 59.5777
116160 59.6001
116170 59.5966
116180 59.5718
116190 59.5511
116200 59.5437
116210 59.5256
116220 59.5011
116230 59.4904
116240 59.4853
116250 59.4689
116260 59.4139
116270 59.3571
116280 59.3407
116290 59.3473
116300 59.3485
116310 59.3385
116320 59.3198
116330 59.3097
116340 59.3269
116350 59.3806
116360 59.4469
116370 59.4797
116380 59.4763
116390 59.4673
116400 59.4663
116410 59.4753
116420 59.4755
116430 59.4593
116440 59.4702
116450 59.5018
116460 59.5165
116470 59.5101
116480 59.5078
116490 59.5221
116500 59.5338
116510 59.5339
116520 59.5323
116530 59.5497
116540 59.583
116550 59.6111
116560 59.6171
116570 59.6135
116580 59.6097
116590 59.6142
116600 59.6241
116610 59.6242
116620 59.6109
116630 59.6002
116640 59.602
116650 59.6096
116660 59.604
116670 59.5831
116680 59.5754
116690 59.5889
116700 59.5849
116710 59.5824
116720 59.6022
116730 59.613
116740 59.6121
116750 59.6222
116760 59.6548
116770 59.6682
116780 59.6706
116790 59.6843
116800 59.6813
116810 59.6464
116820 59.639
116830 59.6564
116840 59.676
116850 59.6935
116860 59.7187
116870 59.732
116880 59.7306
116890 59.7397
116900 59.7613
116910 59.7795
116920 59.802
116930 59.8323
116940 59.872
116950 59.8992
116960 59.9133
116970 59.9246
116980 59.9338
116990 59.9612
117000 59.9713
117010 59.9788
117020 60.025
117030 60.0706
117040 60.0644
117050 60.0369
117060 60.023
117070 60.0063
117080 60.003
117090 60.0155
117100 60.015
117110 60.0123
117120 60.0402
117130 60.0844
117140 60.1331
117150 60.1581
117160 60.1512
117170 60.1652
117180 60.2154
117190 60.2376
117200 60.1999
117210 60.1767
117220 60.2103
117230 60.2924
117240 60.3434
117250 60.3344
117260 60.3188
117270 60.3403
117280 60.3932
117290 60.4293
117300 60.4213
117310 60.4088
117320 60.4255
117330 60.4379
117340 60.4148
117350 60.3921
117360 60.3771
117370 60.3757
117380 60.3691
117390 60.3371
117400 60.321
117410 60.33
117420 60.3451
117430 60.335
117440 60.3292
117450 60.3368
117460 60.3252
117470 60.3108
117480 60.3119
117490 60.3217
117500 60.327
117510 60.3525
117520 60.3783
117530 60.384
117540 60.3748
117550 60.3792
117560 60.4085
117570 60.4618
117580 60.5042
117590 60.5289
117600 60.5475
117610 60.5669
117620 60.5968
117630 60.6443
117640 60.694
117650 60.73
117660 60.7542
117670 60.7707
117680 60.7771
117690 60.792
117700 60.7922
117710 60.7954
117720 60.8325
117730 60.8957
117740 60.934
117750 60.9268
117760 60.8859
117770 60.8802
117780 60.9041
117790 60.9264
117800 60.9271
117810 60.9086
117820 60.8925
117830 60.9025
117840 60.9282
117850 60.956
117860 60.9958
117870 61.024
117880 61.0208
117890 61.029
117900 61.0417
117910 61.054
117920 61.0614
117930 61.0711
117940 61.0767
117950 61.087
117960 61.1104
117970 61.1399
117980 61.1776
117990 61.2026
118000 61.1957
118010 61.2061
118020 61.2453
118030 61.2678
118040 61.2625
118050 61.248
118060 61.2432
118070 61.2554
118080 61.2762
118090 61.2824
118100 61.2744
118110 61.2782
118120 61.2736
118130 61.2369
118140 61.1977
118150 61.1808
118160 61.1946
118170 61.1775
118180 61.1494
118190 61.1426
118200 61.1547
118210 61.1601
118220 61.167
118230 61.2005
118240 61.2273
118250 61.2106
118260 61.1887
118270 61.1788
118280 61.1607
118290 61.1279
118300 61.1301
118310 61.1531
118320 61.1538
118330 61.1528
118340 61.175
118350 61.1914
118360 61.2179
118370 61.2493
118380 61.2373
118390 61.1907
118400 61.1643
118410 61.1617
118420 61.1833
118430 61.1966
118440 61.1979
118450 61.2109
118460 61.233
118470 61.2496
118480 61.2499
118490 61.2515
118500 61.2466
118510 61.2325
118520 61.2125
118530 61.2118
118540 61.2318
118550 61.2553
118560 61.2495
118570 61.2154
118580 61.2029
118590 61.2382
118600 61.2616
118610 61.2496
118620 61.242
118630 61.2286
118640 61.1953
118650 61.1758
118660 61.1666
118670 61.1777
118680 61.1809
118690 61.1868
118700 61.2035
118710 61.2078
118720 61.2074
118730 61.2257
118740 61.2373
118750 61.2359
118760 61.2374
118770 61.2602
118780 61.2735
118790 61.2764
118800 61.2672
118810 61.2726
118820 61.2778
118830 61.2778
118840 61.2681
118850 61.2701
118860 61.2703
118870 61.2675
118880 61.2556
118890 61.2242
118900 61.2146
118910 61.2514
118920 61.2602
118930 61.2258
118940 61.2278
118950 61.26
118960 61.2575
118970 61.231
118980 61.2285
118990 61.2263
119000 61.2134
119010 61.2017
119020 61.2049
119030 61.2094
119040 61.2143
119050 61.2243
119060 61.2243
119070 61.2101
119080 61.1963
119090 61.2123
119100 61.2315
119110 61.2204
119120 61.1916
119130 61.1671
119140 61.1635
119150 61.1583
119160 61.1579
119170 61.1727
119180 61.1819
119190 61.1677
119200 61.1848
119210 61.229
119220 61.2117
119230 61.1492
119240 61.1322
119250 61.1545
119260 61.1888
119270 61.1985
119280 61.1898
119290 61.1767
119300 61.1795
119310 61.1984
119320 61.229
119330 61.2388
119340 61.2274
119350 61.2152
119360 61.2505
119370 61.303
119380 61.3268
119390 61.3052
119400 61.2772
119410 61.2566
119420 61.2387
119430 61.2402
119440 61.2471
119450 61.2306
119460 61.2178
119470 61.231
119480 61.2658
119490 61.3018
119500 61.3297
119510 61.3369
119520 61.3303
119530 61.3317
119540 61.343
119550 61.3427
119560 61.3256
119570 61.3061
119580 61.297
119590 61.3299
119600 61.3698
119610 61.3861
119620 61.3995
119630 61.4344
119640 61.4757
119650 61.5005
119660 61.5074
119670 61.5225
119680 61.5583
119690 61.595
119700 61.597
119710 61.5746
119720 61.5582
119730 61.5709
119740 61.6163
119750 61.658
119760 61.666
119770 61.6328
119780 61.6162
119790 61.6452
119800 61.6694
119810 61.6481
119820 61.6177
119830 61.603
119840 61.5982
119850 61.6036
119860 61.608
119870 61.6156
119880 61.628
119890 61.6469
119900 61.6774
119910 61.6872
119920 61.6839
119930 61.7055
119940 61.7743
119950 61.8301
119960 61.829
119970 61.8238
119980 61.8555
119990 61.8944
120000 61.9112
120010 61.9166
120020 61.9377
120030 61.9574
120040 61.9734
120050 61.989
120060 62.0309
120070 62.0828
120080 62.1228
120090 62.1503
120100 62.1473
120110 62.1441
120120 62.1727
120130 62.1968
120140 62.1785
120150 62.1478
120160 62.1468
120170 62.1897
120180 62.253
120190 62.2867
120200 62.2666
120210 62.2344
120220 62.2301
120230 62.2632
120240 62.2807
120250 62.2826
120260 62.2912
120270 62.2758
120280 62.2451
120290 62.2305
120300 62.2338
120310 62.2357
120320 62.192
120330 62.1354
120340 62.1263
120350 62.1544
120360 62.173
120370 62.178
120380 62.1951
120390 62.209
120400 62.1854
120410 62.1763
120420 62.2117
120430 62.2353
120440 62.2358
120450 62.2537
120460 62.2766
120470 62.2755
120480 62.2547
120490 62.2497
120500 62.2257
120510 62.1873
120520 62.1956
120530 62.2272
120540 62.235
120550 62.2302
120560 62.2317
120570 62.2391
120580 62.2642
120590 62.3118
120600 62.3621
120610 62.3734
120620 62.3834
120630 62.4289
120640 62.5049
120650 62.5698
120660 62.585
120670 62.5694
120680 62.5516
120690 62.5485
120700 62.5976
120710 62.6652
120720 62.7054
120730 62.7365
120740 62.7818
120750 62.8065
120760 62.8222
120770 62.8668
120780 62.9268
120790 62.9394
120800 62.9223
120810 62.9337
120820 62.9739
120830 62.9854
120840 62.9912
120850 63.0154
120860 63.0383
120870 63.0359
120880 63.0236
120890 63.0434
120900 63.0961
120910 63.1172
120920 63.0947
120930 63.0682
120940 63.0396
120950 63.0117
120960 63.0076
120970 63.0274
120980 63.0503
120990 63.068
121000 63.0801
121010 63.0733
121020 63.0599
121030 63.0749
121040 63.0998
121050 63.0897
121060 63.0795
121070 63.0907
121080 63.0949
121090 63.0766
121100 63.0778
121110 63.1045
121120 63.1104
121130 63.1179
121140 63.1614
121150 63.1961
121160 63.1944
121170 63.1699
121180 63.1586
121190 63.165
121200 63.1652
121210 63.1484
121220 63.1502
121230 63.1598
121240 63.1369
121250 63.1055
121260 63.0926
121270 63.0637
121280 63.0161
121290 63.004
121300 63.0507
121310 63.0823
121320 63.0763
121330 63.0686
121340 63.0706
121350 63.0788
121360 63.0919
121370 63.1095
121380 63.1372
121390 63.1702
121400 63.1955
121410 63.2138
121420 63.226
121430 63.2403
121440 63.2559
121450 63.2799
121460 63.3024
121470 63.3206
121480 63.3351
121490 63.3865
121500 63.4732
121510 63.55
121520 63.5889
121530 63.611
121540 63.6274
121550 63.6353
121560 63.6596
121570 63.7094
121580 63.7321
121590 63.7239
121600 63.7229
121610 63.7522
121620 63.803
121630 63.8489
121640 63.8815
121650 63.8781
121660 63.8549
121670 63.861
121680 63.8994
121690 63.9263
121700 63.9428
121710 63.9534
121720 63.9468
121730 63.9302
121740 63.9381
121750 63.9454
121760 63.9368
121770 63.931
121780 63.9311
121790 63.9061
121800 63.8844
121810 63.9077
121820 63.9406
121830 63.9545
121840 63.9431
121850 63.9009
121860 63.8886
121870 63.8991
121880 63.8868
121890 63.8826
121900 63.8908
121910 63.8691
121920 63.8387
121930 63.817
121940 63.7881
121950 63.771
121960 63.791
121970 63.8228
121980 63.8531
121990 63.8471
122000 63.8274
122010 63.8192
122020 63.8339
122030 63.8653
122040 63.9093
122050 63.924
122060 63.9084
122070 63.9214
122080 63.9411
122090 63.9244
122100 63.9017
122110 63.9427
122120 64.0042
122130 63.9993
122140 63.9527
122150 63.9386
122160 63.9377
122170 63.9304
122180 63.9131
122190 63.8797
122200 63.8295
122210 63.787
122220 63.7593
122230 63.7259
122240 63.6949
122250 63.6683
122260 63.65
122270 63.6251
122280 63.6084
122290 63.5948
122300 63.5887
122310 63.5876
122320 63.5734
122330 63.5671
122340 63.5887
122350 63.612
122360 63.6202
122370 63.6484
122380 63.6764
122390 63.6837
122400 63.6693
122410 63.6595
122420 63.648
122430 63.6386
122440 63.6564
122450 63.6625
122460 63.628
122470 63.644
122480 63.7198
122490 63.7643
122500 63.7654
122510 63.7694
122520 63.7853
122530 63.8125
122540 63.8671
122550 63.9053
122560 63.9045
122570 63.9013
122580 63.9014
122590 63.8821
122600 63.8754
122610 63.8793
122620 63.87
122630 63.8678
122640 63.8737
122650 63.8588
122660 63.8268
122670 63.8174
122680 63.83
122690 63.8346
122700 63.8233
122710 63.7915
122720 63.7779
122730 63.7536
122740 63.7114
122750 63.6835
122760 63.6585
122770 63.633
122780 63.6054
122790 63.5759
122800 63.5239
122810 63.5018
122820 63.5286
122830 63.5473
122840 63.5306
122850 63.5357
122860 63.5707
122870 63.5932
122880 63.6119
122890 63.6218
122900 63.6165
122910 63.616
122920 63.6137
122930 63.6023
122940 63.5942
122950 63.6069
122960 63.5988
122970 63.5759
122980 63.5938
122990 63.6595
123000 63.7211
123010 63.7498
123020 63.7434
123030 63.7614
123040 63.8139
123050 63.8752
123060 63.8861
123070 63.8461
123080 63.8344
123090 63.8387
123100 63.7991
123110 63.7506
123120 63.7333
123130 63.7404
123140 63.7354
123150 63.7274
123160 63.74
123170 63.7332
123180 63.7343
123190 63.7901
123200 63.8492
123210 63.8544
123220 63.8458
123230 63.8742
123240 63.8928
123250 63.891
123260 63.8876
123270 63.8925
123280 63.8869
123290 63.8837
123300 63.8866
123310 63.8833
123320 63.8765
123330 63.8728
123340 63.8826
123350 63.8916
123360 63.8976
123370 63.8977
123380 63.8977
123390 63.8882
123400 63.883
123410 63.8811
123420 63.8702
123430 63.8532
123440 63.8406
123450 63.8541
123460 63.8819
123470 63.8855
123480 63.8412
123490 63.7931
123500 63.761
123510 63.7154
123520 63.671
123530 63.6454
123540 63.6455
123550 63.6467
123560 63.65
123570 63.6685
123580 63.6822
123590 63.6783
123600 63.6608
123610 63.6406
123620 63.6557
123630 63.6808
123640 63.6611
123650 63.6217
123660 63.6338
123670 63.6921
123680 63.7293
123690 63.7367
123700 63.7606
123710 63.8318
123720 63.9221
123730 63.9903
123740 64.0054
123750 64.0001
123760 64.011
123770 64.0393
123780 64.0309
123790 63.9958
123800 64.0066
123810 64.0364
123820 64.0383
123830 64.007
123840 63.9865
123850 64.0044
123860 64.0437
123870 64.0609
123880 64.0328
123890 64.0229
123900 64.0602
123910 64.0838
123920 64.0753
123930 64.0702
123940 64.0856
123950 64.085
123960 64.08
123970 64.0807
123980 64.0886
123990 64.105
124000 64.1142
124010 64.1235
124020 64.1277
124030 64.1143
124040 64.0957
124050 64.1013
124060 64.1311
124070 64.1455
124080 64.1607
124090 64.1998
124100 64.2053
124110 64.1747
124120 64.1733
124130 64.1995
124140 64.2165
124150 64.1992
124160 64.1834
124170 64.1828
124180 64.1845
124190 64.1644
124200 64.1482
124210 64.1653
124220 64.1738
124230 64.1614
124240 64.141
124250 64.1321
124260 64.1282
124270 64.1209
124280 64.1073
124290 64.0958
124300 64.088
124310 64.0998
124320 64.0917
124330 64.0674
124340 64.0618
124350 64.0753
124360 64.0809
124370 64.0735
124380 64.0647
124390 64.0513
124400 64.0372
124410 64.0146
124420 64.0228
124430 64.0599
124440 64.0652
124450 64.0431
124460 64.047
124470 64.0683
124480 64.076
124490 64.0793
124500 64.0802
124510 64.0725
124520 64.0623
124530 64.0674
124540 64.0656
124550 64.0574
124560 64.0605
124570 64.0749
124580 64.081
124590 64.0772
124600 64.0661
124610 64.0737
124620 64.1027
124630 64.1167
124640 64.1025
124650 64.1116
124660 64.1261
124670 64.0982
124680 64.0999
124690 64.1439
124700 64.1708
124710 64.1651
124720 64.1466
124730 64.1409
124740 64.1286
124750 64.1229
124760 64.1309
124770 64.1477
124780 64.1668
124790 64.1903
124800 64.2033
124810 64.21
124820 64.2152
124830 64.2315
124840 64.2641
124850 64.2811
124860 64.2895
124870 64.3025
124880 64.2889
124890 64.2394
124900 64.1916
124910 64.1723
124920 64.1864
124930 64.217
124940 64.2491
124950 64.261
124960 64.2471
124970 64.2239
124980 64.2
124990 64.1999
125000 64.1895
125010 64.1591
125020 64.1429
125030 64.1545
125040 64.1782
125050 64.1912
125060 64.1899
125070 64.1783
125080 64.1679
125090 64.1774
125100 64.1738
125110 64.1617
125120 64.172
125130 64.1934
125140 64.1852
125150 64.1907
125160 64.2141
125170 64.2142
125180 64.2166
125190 64.2461
125200 64.2822
125210 64.2819
125220 64.2557
125230 64.2286
125240 64.2117
125250 64.2392
125260 64.2733
125270 64.26
125280 64.2316
125290 64.2368
125300 64.2347
125310 64.1872
125320 64.1326
125330 64.1081
125340 64.083
125350 64.057
125360 64.0676
125370 64.0949
125380 64.1103
125390 64.1218
125400 64.1395
125410 64.1772
125420 64.2175
125430 64.2322
125440 64.2327
125450 64.2456
125460 64.2306
125470 64.2183
125480 64.2362
125490 64.2615
125500 64.2701
125510 64.2544
125520 64.2754
125530 64.3074
125540 64.3084
125550 64.3081
125560 64.3198
125570 64.3243
125580 64.3106
125590 64.3225
125600 64.339
125610 64.353
125620 64.3705
125630 64.3955
125640 64.4211
125650 64.4344
125660 64.4335
125670 64.4307
125680 64.4304
125690 64.4236
125700 64.4014
125710 64.3912
125720 64.4221
125730 64.4638
125740 64.4774
125750 64.4783
125760 64.4878
125770 64.4943
125780 64.4992
125790 64.5176
125800 64.5289
125810 64.4994
125820 64.4667
125830 64.4941
125840 64.5699
125850 64.616
125860 64.6218
125870 64.6368
125880 64.6547
125890 64.6483
125900 64.6317
125910 64.6447
125920 64.6573
125930 64.6448
125940 64.6448
125950 64.6874
125960 64.7347
125970 64.7753
125980 64.805
125990 64.8226
126000 64.8473
126010 64.8624
126020 64.8697
126030 64.8903
126040 64.9328
126050 64.9772
126060 64.984
126070 64.9815
126080 65.009
126090 65.0333
126100 65.0377
126110 65.0365
126120 65.0539
126130 65.0599
126140 65.0434
126150 65.0421
126160 65.0722
126170 65.1135
126180 65.1226
126190 65.1248
126200 65.1399
126210 65.1483
126220 65.1649
126230 65.1727
126240 65.1675
126250 65.1913
126260 65.2539
126270 65.3054
126280 65.3149
126290 65.3047
126300 65.2843
126310 65.2692
126320 65.2658
126330 65.2757
126340 65.2991
126350 65.308
126360 65.2783
126370 65.2571
126380 65.2713
126390 65.2739
126400 65.2551
126410 65.2776
126420 65.2909
126430 65.2662
126440 65.2445
126450 65.2481
126460 65.26
126470 65.2576
126480 65.2523
126490 65.2538
126500 65.2385
126510 65.2169
126520 65.2199
126530 65.254
126540 65.2917
126550 65.2921
126560 65.2603
126570 65.2275
126580 65.2157
126590 65.2072
126600 65.2016
126610 65.1922
126620 65.1549
126630 65.0896
126640 65.0624
126650 65.0652
126660 65.0531
126670 65.0401
126680 65.0352
126690 65.0352
126700 65.0383
126710 65.0161
126720 64.9727
126730 64.9356
126740 64.9293
126750 64.9446
126760 64.9574
126770 64.9631
126780 64.9651
126790 64.9816
126800 64.9914
126810 64.9786
126820 65.0117
126830 65.069
126840 65.0529
126850 64.9937
126860 64.9648
126870 64.9687
126880 64.9668
126890 64.9624
126900 64.975
126910 65.0024
126920 65.0076
126930 64.9837
126940 64.9601
126950 64.9639
126960 64.9608
126970 64.9556
126980 64.9853
126990 65.0223
127000 65.0242
127010 65.0242
127020 65.0659
127030 65.1113
127040 65.1419
127050 65.1675
127060 65.1978
127070 65.2357
127080 65.2648
127090 65.2798
127100 65.2997
127110 65.3437
127120 65.3626
127130 65.3561
127140 65.3701
127150 65.3808
127160 65.3619
127170 65.3499
127180 65.3659
127190 65.3819
127200 65.4055
127210 65.4279
127220 65.4142
127230 65.3718
127240 65.3396
127250 65.3049
127260 65.2571
127270 65.2388
127280 65.2319
127290 65.2011
127300 65.1838
127310 65.2043
127320 65.2327
127330 65.2548
127340 65.2804
127350 65.2887
127360 65.2834
127370 65.2882
127380 65.2845
127390 65.2607
127400 65.2302
127410 65.1975
127420 65.1672
127430 65.1778
127440 65.1904
127450 65.1792
127460 65.1614
127470 65.1589
127480 65.1544
127490 65.1631
127500 65.2148
127510 65.2477
127520 65.2482
127530 65.2597
127540 65.2939
127550 65.3079
127560 65.2868
127570 65.3136
127580 65.3763
127590 65.4146
127600 65.4459
127610 65.5027
127620 65.5519
127630 65.5636
127640 65.5816
127650 65.6424
127660 65.6823
127670 65.657
127680 65.6263
127690 65.6502
127700 65.702
127710 65.7194
127720 65.6989
127730 65.6979
127740 65.7197
127750 65.738
127760 65.7209
127770 65.6918
127780 65.6798
127790 65.6723
127800 65.6795
127810 65.7119
127820 65.7382
127830 65.7438
127840 65.741
127850 65.7519
127860 65.7558
127870 65.7598
127880 65.782
127890 65.8075
127900 65.8148
127910 65.8113
127920 65.8018
127930 65.7979
127940 65.8169
127950 65.8329
127960 65.8045
127970 65.7996
127980 65.8407
127990 65.8583
128000 65.8394
128010 65.8228
128020 65.818
128030 65.8343
128040 65.8855
128050 65.927
128060 65.9305
128070 65.9253
128080 65.9515
128090 66.0062
128100 66.0669
128110 66.1088
128120 66.1176
128130 66.1123
128140 66.1241
128150 66.1441
128160 66.1574
128170 66.1437
128180 66.0953
128190 66.0542
128200 66.0338
128210 66.0283
128220 66.0338
128230 66.0388
128240 66.0351
128250 66.0484
128260 66.1149
128270 66.178
128280 66.1715
128290 66.1347
128300 66.1342
128310 66.1605
128320 66.1674
128330 66.1521
128340 66.1515
128350 66.1588
128360 66.1515
128370 66.148
128380 66.1751
128390 66.1965
128400 66.1843
128410 66.1578
128420 66.1407
128430 66.1287
128440 66.1123
128450 66.1067
128460 66.1072
128470 66.0949
128480 66.0696
128490 66.0278
128500 66.0245
128510 66.0365
128520 66.0331
128530 66.0308
128540 66.0534
128550 66.0791
128560 66.1104
128570 66.156
128580 66.1933
128590 66.1955
128600 66.1792
128610 66.1643
128620 66.1328
128630 66.1097
128640 66.1398
128650 66.1718
128660 66.1734
128670 66.1893
128680 66.2271
128690 66.2601
128700 66.2909
128710 66.3264
128720 66.3661
128730 66.3924
128740 66.4023
128750 66.4105
128760 66.4508
128770 66.4955
128780 66.4997
128790 66.4805
128800 66.4768
128810 66.4593
128820 66.4397
128830 66.4468
128840 66.4706
128850 66.4742
128860 66.465
128870 66.4853
128880 66.5262
128890 66.5563
128900 66.5974
128910 66.653
128920 66.6723
128930 66.6849
128940 66.7012
128950 66.7063
128960 66.6871
128970 66.6455
128980 66.6131
128990 66.5914
129000 66.5756
129010 66.5511
129020 66.5116
129030 66.4806
129040 66.4722
129050 66.4869
129060 66.5081
129070 66.5183
129080 66.5106
129090 66.5038
129100 66.5016
129110 66.4769
129120 66.4626
129130 66.492
129140 66.5084
129150 66.4999
129160 66.484
129170 66.4754
129180 66.4707
129190 66.4696
129200 66.4657
129210 66.4432
129220 66.4193
129230 66.4407
129240 66.4947
129250 66.5475
129260 66.5693
129270 66.5889
129280 66.6207
129290 66.6492
129300 66.6662
129310 66.6643
129320 66.6491
129330 66.6452
129340 66.6304
129350 66.593
129360 66.5782
129370 66.6457
129380 66.7176
129390 66.7096
129400 66.6823
129410 66.6792
129420 66.6912
129430 66.6822
129440 66.6654
129450 66.6917
129460 66.751
129470 66.7931
129480 66.8113
129490 66.8366
129500 66.9024
129510 66.949
129520 66.938
129530 66.9152
129540 66.9487
129550 66.9914
129560 66.9831
129570 66.9655
129580 66.9694
129590 66.9734
129600 66.968
129610 66.952
129620 66.9242
129630 66.9098
129640 66.8915
129650 66.8774
129660 66.8774
129670 66.8658
129680 66.8499
129690 66.8277
129700 66.817
129710 66.8143
129720 66.7936
129730 66.7594
129740 66.7429
129750 66.7556
129760 66.7883
129770 66.821
129780 66.8431
129790 66.843
129800 66.8255
129810 66.817
129820 66.8443
129830 66.8746
129840 66.8767
129850 66.8537
129860 66.8446
129870 66.8535
129880 66.8682
129890 66.8895
129900 66.9276
129910 66.9759
129920 67.0101
129930 67.0389
129940 67.0661
129950 67.1002
129960 67.1141
129970 67.0965
129980 67.0845
129990 67.107
130000 67.1196
130010 67.1302
130020 67.1295
130030 67.1273
130040 67.1405
130050 67.1719
130060 67.2046
130070 67.2068
130080 67.2102
130090 67.2268
130100 67.2373
130110 67.2581
130120 67.259
130130 67.2297
130140 67.2216
130150 67.2298
130160 67.2116
130170 67.1678
130180 67.1576
130190 67.1848
130200 67.1731
130210 67.1414
130220 67.1515
130230 67.186
130240 67.18
130250 67.1536
130260 67.1804
130270 67.2615
130280 67.2996
130290 67.288
130300 67.2608
130310 67.2565
130320 67.2963
130330 67.3346
130340 67.3253
130350 67.3283
130360 67.3739
130370 67.3984
130380 67.378
130390 67.3637
130400 67.3952
130410 67.4247
130420 67.4342
130430 67.4527
130440 67.4763
130450 67.4928
130460 67.5193
130470 67.5399
130480 67.5493
130490 67.5832
130500 67.622
130510 67.6146
130520 67.5755
130530 67.5527
130540 67.5598
130550 67.5438
130560 67.5049
130570 67.4845
130580 67.5018
130590 67.5066
130600 67.4935
130610 67.4651
130620 67.4398
130630 67.4466
130640 67.4786
130650 67.4929
130660 67.4737
130670 67.4699
130680 67.4607
130690 67.4297
130700 67.4335
130710 67.4592
130720 67.4559
130730 67.4473
130740 67.4768
130750 67.5151
130760 67.5307
130770 67.5201
130780 67.5194
130790 67.5153
130800 67.5152
130810 67.5356
130820 67.5579
130830 67.552
130840 67.5303
130850 67.5155
130860 67.4946
130870 67.5002
130880 67.5435
130890 67.5682
130900 67.5507
130910 67.5311
130920 67.523
130930 67.549
130940 67.6002
130950 67.6614
130960 67.6915
130970 67.6884
130980 67.6892
130990 67.6937
131000 67.7125
131010 67.7264
131020 67.706
131030 67.6925
131040 67.6859
131050 67.6641
131060 67.6471
131070 67.676
131080 67.717
131090 67.7234
131100 67.7412
131110 67.7972
131120 67.8097
131130 67.766
131140 67.7547
131150 67.7713
131160 67.7869
131170 67.7849
131180 67.7516
131190 67.7275
131200 67.7306
131210 67.742
131220 67.7524
131230 67.7729
131240 67.7543
131250 67.7148
131260 67.7231
131270 67.7465
131280 67.7423
131290 67.7287
131300 67.7148
131310 67.7128
131320 67.7296
131330 67.7301
131340 67.7175
131350 67.7128
131360 67.7223
131370 67.7223
131380 67.7281
131390 67.762
131400 67.8181
131410 67.8787
131420 67.9011
131430 67.8941
131440 67.8952
131450 67.9019
131460 67.9087
131470 67.9193
131480 67.9265
131490 67.9304
131500 67.9288
131510 67.9163
131520 67.8961
131530 67.8964
131540 67.9275
131550 67.9754
131560 68.0196
131570 68.0499
131580 68.056
131590 68.0652
131600 68.0915
131610 68.1457
131620 68.1771
131630 68.1635
131640 68.1398
131650 68.148
131660 68.1862
131670 68.2083
131680 68.1722
131690 68.1447
131700 68.1731
131710 68.2267
131720 68.2511
131730 68.246
131740 68.233
131750 68.2299
131760 68.2419
131770 68.2463
131780 68.2438
131790 68.2424
131800 68.2642
131810 68.2811
131820 68.2764
131830 68.2529
131840 68.2697
131850 68.3161
131860 68.3497
131870 68.3743
131880 68.3794
131890 68.3451
131900 68.3119
131910 68.3204
131920 68.3578
131930 68.3667
131940 68.335
131950 68.3275
131960 68.3418
131970 68.3318
131980 68.3163
131990 68.3157
132000 68.3118
132010 68.2953
132020 68.2711
132030 68.2702
132040 68.2669
132050 68.2399
132060 68.1991
132070 68.1883
132080 68.2303
132090 68.2733
132100 68.2857
132110 68.2866
132120 68.2903
132130 68.2675
132140 68.2429
132150 68.2469
132160 68.2523
132170 68.215
132180 68.188
132190 68.1916
132200 68.1848
132210 68.1646
132220 68.1806
132230 68.1888
132240 68.1445
132250 68.1091
132260 68.109
132270 68.107
132280 68.0723
132290 68.0368
132300 68.0345
132310 68.0581
132320 68.0768
132330 68.0823
132340 68.0788
132350 68.0682
132360 68.0637
132370 68.0701
132380 68.0734
132390 68.0418
132400 68.009
132410 68.0072
132420 67.9839
132430 67.9631
132440 67.9756
132450 67.9689
132460 67.9404
132470 67.9305
132480 67.9375
132490 67.9411
132500 67.9401
132510 67.9336
132520 67.9229
132530 67.9304
132540 67.9483
132550 67.9635
132560 67.9698
132570 67.9758
132580 67.9948
132590 68.021
132600 68.0199
132610 67.9945
132620 67.9637
132630 67.9547
132640 67.976
132650 67.9611
132660 67.9369
132670 67.9636
132680 67.9876
132690 67.9878
132700 67.9931
132710 67.9888
132720 67.9552
132730 67.9298
132740 67.9411
132750 67.9522
132760 67.9612
132770 67.9549
132780 67.9287
132790 67.8878
132800 67.8829
132810 67.9026
132820 67.9054
132830 67.9102
132840 67.9093
132850 67.8909
132860 67.9019
132870 67.9302
132880 67.9502
132890 67.9653
132900 68.0009
132910 68.0332
132920 68.0643
132930 68.1129
132940 68.1397
132950 68.1372
132960 68.1573
132970 68.1797
132980 68.1533
132990 68.1196
133000 68.1139
133010 68.1241
133020 68.1537
133030 68.18
133040 68.1957
133050 68.2043
133060 68.1904
133070 68.1501
133080 68.1533
133090 68.1946
133100 68.203
133110 68.1489
133120 68.1184
133130 68.1384
133140 68.164
133150 68.1762
133160 68.1696
133170 68.1592
133180 68.1456
133190 68.1324
133200 68.1281
133210 68.1518
133220 68.194
133230 68.225
133240 68.2226
133250 68.2053
133260 68.1848
133270 68.1867
133280 68.2221
133290 68.2473
133300 68.2541
133310 68.2473
133320 68.2186
133330 68.1926
133340 68.2076
133350 68.2407
133360 68.2645
133370 68.2547
133380 68.2337
133390 68.2198
133400 68.2112
133410 68.2104
133420 68.2078
133430 68.19
133440 68.1651
133450 68.1596
133460 68.1426
133470 68.1166
133480 68.134
133490 68.1886
133500 68.1899
133510 68.1465
133520 68.142
133530 68.181
133540 68.1904
133550 68.1754
133560 68.1839
133570 68.1738
133580 68.146
133590 68.1212
133600 68.1065
133610 68.1147
133620 68.106
133630 68.0833
133640 68.0847
133650 68.1026
133660 68.0946
133670 68.0893
133680 68.1037
133690 68.11
133700 68.0995
133710 68.105
133720 68.1402
133730 68.1762
133740 68.201
133750 68.2047
133760 68.1844
133770 68.1631
133780 68.179
133790 68.1993
133800 68.1892
133810 68.1619
133820 68.1364
133830 68.1197
133840 68.1253
133850 68.1625
133860 68.1849
133870 68.1742
133880 68.1943
133890 68.2252
133900 68.2188
133910 68.2146
133920 68.2413
133930 68.2397
133940 68.2287
133950 68.2514
133960 68.267
133970 68.2642
133980 68.269
133990 68.2886
134000 68.3169
134010 68.3521
134020 68.3949
134030 68.424
134040 68.418
134050 68.4039
134060 68.3962
134070 68.3892
134080 68.3657
134090 68.3573
134100 68.3708
134110 68.3813
134120 68.3586
134130 68.3251
134140 68.3275
134150 68.3242
134160 68.2942
134170 68.274
134180 68.301
134190 68.3374
134200 68.3517
134210 68.3736
134220 68.4396
134230 68.4877
134240 68.4996
134250 68.5134
134260 68.5208
134270 68.5129
134280 68.4973
134290 68.4671
134300 68.4382
134310 68.4613
134320 68.509
134330 68.5366
134340 68.5487
134350 68.5605
134360 68.5787
134370 68.6127
134380 68.6396
134390 68.6509
134400 68.6731
134410 68.7223
134420 68.7562
134430 68.7711
134440 68.8074
134450 68.8575
134460 68.8894
134470 68.898
134480 68.9148
134490 68.9435
134500 68.9733
134510 68.9645
134520 68.9283
134530 68.9111
134540 68.9074
134550 68.8995
134560 68.898
134570 68.8916
134580 68.8627
134590 68.8451
134600 68.8459
134610 68.8389
134620 68.8156
134630 68.7992
134640 68.8093
134650 68.833
134660 68.8803
134670 68.929
134680 68.9469
134690 68.9363
134700 68.9451
134710 68.9704
134720 68.9823
134730 68.9848
134740 69.0201
134750 69.0892
134760 69.1295
134770 69.138
134780 69.1544
134790 69.1842
134800 69.1985
134810 69.183
134820 69.164
134830 69.1599
134840 69.1471
134850 69.1382
134860 69.1546
134870 69.203
134880 69.2259
134890 69.1968
134900 69.176
134910 69.2151
134920 69.2762
134930 69.2995
134940 69.2728
134950 69.2478
134960 69.2501
134970 69.2573
134980 69.2518
134990 69.2258
135000 69.2009
135010 69.1936
135020 69.2178
135030 69.2596
135040 69.2784
135050 69.2838
135060 69.2963
135070 69.3008
135080 69.2845
135090 69.2828
135100 69.2974
135110 69.2889
135120 69.2735
135130 69.2629
135140 69.2612
135150 69.2696
135160 69.2581
135170 69.2514
135180 69.2829
135190 69.3032
135200 69.2722
135210 69.2459
135220 69.2545
135230 69.268
135240 69.2441
135250 69.2227
135260 69.2454
135270 69.2731
135280 69.2749
135290 69.2539
135300 69.2516
135310 69.2718
135320 69.2877
135330 69.2988
135340 69.3106
135350 69.2888
135360 69.2662
135370 69.2458
135380 69.2168
135390 69.2122
135400 69.2392
135410 69.2267
135420 69.1947
135430 69.2199
135440 69.2671
135450 69.2648
135460 69.2467
135470 69.262
135480 69.2878
135490 69.2961
135500 69.3045
135510 69.3225
135520 69.3425
135530 69.3352
135540 69.313
135550 69.3305
135560 69.3638
135570 69.3815
135580 69.3926
135590 69.4081
135600 69.4262
135610 69.4533
135620 69.4766
135630 69.4861
135640 69.4935
135650 69.4929
135660 69.4802
135670 69.4698
135680 69.4711
135690 69.4657
135700 69.459
135710 69.4512
135720 69.4468
135730 69.4297
135740 69.4065
135750 69.4044
135760 69.4343
135770 69.4465
135780 69.4301
135790 69.4169
135800 69.4329
135810 69.4569
135820 69.4836
135830 69.4997
135840 69.4921
135850 69.5163
135860 69.5681
135870 69.6143
135880 69.6438
135890 69.6856
135900 69.7217
135910 69.7229
135920 69.729
135930 69.754
135940 69.7805
135950 69.8114
135960 69.8314
135970 69.8335
135980 69.8267
135990 69.8135
136000 69.781
136010 69.7381
136020 69.7083
136030 69.6987
136040 69.6939
136050 69.6952
136060 69.6992
136070 69.6984
136080 69.6932
136090 69.688
136100 69.6755
136110 69.6607
136120 69.6546
136130 69.6501
136140 69.6195
136150 69.578
136160 69.5817
136170 69.6077
136180 69.5852
136190 69.547
136200 69.5277
136210 69.5247
136220 69.5194
136230 69.501
136240 69.5116
136250 69.5312
136260 69.5299
136270 69.5527
136280 69.5787
136290 69.5768
136300 69.5217
136310 69.4746
136320 69.4847
136330 69.5256
136340 69.5501
136350 69.5342
136360 69.5396
136370 69.5546
136380 69.5577
136390 69.5364
136400 69.5417
136410 69.5444
136420 69.5289
136430 69.5295
136440 69.522
136450 69.5146
136460 69.5278
136470 69.5624
136480 69.5683
136490 69.5502
136500 69.5436
136510 69.5385
136520 69.5445
136530 69.5661
136540 69.5764
136550 69.5642
136560 69.546
136570 69.5356
136580 69.5211
136590 69.5362
136600 69.5629
136610 69.5566
136620 69.5324
136630 69.486
136640 69.4274
136650 69.4029
136660 69.4131
136670 69.4257
136680 69.4449
136690 69.457
136700 69.4493
136710 69.4608
136720 69.4814
136730 69.4796
136740 69.4851
136750 69.4955
136760 69.4875
136770 69.4705
136780 69.4613
136790 69.4587
136800 69.4537
136810 69.4551
136820 69.4602
136830 69.4447
136840 69.4071
136850 69.3857
136860 69.4199
136870 69.4569
136880 69.4314
136890 69.387
136900 69.3671
136910 69.3573
136920 69.3232
136930 69.2844
136940 69.2722
136950 69.2712
136960 69.2513
136970 69.2259
136980 69.2542
136990 69.2919
137000 69.2714
137010 69.2309
137020 69.2232
137030 69.221
137040 69.1867
137050 69.1477
137060 69.1493
137070 69.1511
137080 69.1364
137090 69.1129
137100 69.1
137110 69.0926
137120 69.0818
137130 69.0834
137140 69.0949
137150 69.1152
137160 69.1099
137170 69.1077
137180 69.1398
137190 69.1831
137200 69.1893
137210 69.1592
137220 69.1339
137230 69.1389
137240 69.1652
137250 69.1742
137260 69.186
137270 69.2076
137280 69.2227
137290 69.2357
137300 69.2465
137310 69.2444
137320 69.2199
137330 69.1969
137340 69.2129
137350 69.2511
137360 69.2789
137370 69.2906
137380 69.2971
137390 69.2831
137400 69.2773
137410 69.2865
137420 69.2935
137430 69.2915
137440 69.297
137450 69.314
137460 69.3187
137470 69.3117
137480 69.3034
137490 69.3196
137500 69.3721
137510 69.4166
137520 69.4348
137530 69.4499
137540 69.4914
137550 69.5411
137560 69.5829
137570 69.6306
137580 69.6736
137590 69.7126
137600 69.7386
137610 69.7447
137620 69.7188
137630 69.701
137640 69.7139
137650 69.7231
137660 69.708
137670 69.6896
137680 69.6813
137690 69.6937
137700 69.7222
137710 69.7441
137720 69.7429
137730 69.7307
137740 69.741
137750 69.7695
137760 69.7848
137770 69.7809
137780 69.7877
137790 69.7947
137800 69.7892
137810 69.782
137820 69.7885
137830 69.7902
137840 69.7654
137850 69.7292
137860 69.7378
137870 69.764
137880 69.7705
137890 69.7672
137900 69.7672
137910 69.7732
137920 69.7748
137930 69.7849
137940 69.8201
137950 69.8428
137960 69.8479
137970 69.8347
137980 69.8137
137990 69.8039
138000 69.8384
138010 69.8983
138020 69.9274
138030 69.9365
138040 69.9527
138050 69.9776
138060 70.009
138070 70.0236
138080 70.0063
138090 69.9911
138100 70.0069
138110 70.0374
138120 70.0627
138130 70.0739
138140 70.0584
138150 70.0575
138160 70.0922
138170 70.1038
138180 70.0702
138190 70.0493
138200 70.0564
138210 70.0609
138220 70.0398
138230 70.0381
138240 70.0704
138250 70.1003
138260 70.0931
138270 70.1099
138280 70.1519
138290 70.141
138300 70.1058
138310 70.1038
138320 70.1128
138330 70.0774
138340 70.0419
138350 70.0535
138360 70.0506
138370 70.0304
138380 70.0351
138390 70.0495
138400 70.0197
138410 69.9483
138420 69.9042
138430 69.9062
138440 69.9337
138450 69.9321
138460 69.9064
138470 69.8999
138480 69.8915
138490 69.8549
138500 69.8263
138510 69.855
138520 69.9054
138530 69.9277
138540 69.942
138550 69.9502
138560 69.9549
138570 69.9718
138580 69.9913
138590 70.0066
138600 70.0251
138610 70.0642
138620 70.0898
138630 70.0834
138640 70.0637
138650 70.0663
138660 70.0744
138670 70.0893
138680 70.0952
138690 70.1067
138700 70.1408
138710 70.1647
138720 70.1813
138730 70.2229
138740 70.2754
138750 70.2652
138760 70.244
138770 70.2641
138780 70.2676
138790 70.243
138800 70.2334
138810 70.2149
138820 70.1873
138830 70.1877
138840 70.2133
138850 70.2404
138860 70.2613
138870 70.2837
138880 70.3211
138890 70.364
138900 70.3637
138910 70.3631
138920 70.3949
138930 70.3905
138940 70.3485
138950 70.3537
138960 70.4012
138970 70.4085
138980 70.3855
138990 70.3843
139000 70.415
139010 70.4434
139020 70.4722
139030 70.525
139040 70.5781
139050 70.5851
139060 70.5835
139070 70.619
139080 70.6495
139090 70.6481
139100 70.6561
139110 70.6684
139120 70.6708
139130 70.6742
139140 70.7045
139150 70.7441
139160 70.7627
139170 70.7713
139180 70.8011
139190 70.808
139200 70.7852
139210 70.7473
139220 70.7185
139230 70.7144
139240 70.6952
139250 70.6547
139260 70.6505
139270 70.6537
139280 70.6083
139290 70.5901
139300 70.6286
139310 70.6572
139320 70.6465
139330 70.6339
139340 70.6462
139350 70.6577
139360 70.6939
139370 70.7194
139380 70.6949
139390 70.6647
139400 70.6688
139410 70.6743
139420 70.6725
139430 70.6508
139440 70.6201
139450 70.6078
139460 70.6304
139470 70.6462
139480 70.6254
139490 70.6005
139500 70.5983
139510 70.5939
139520 70.5724
139530 70.549
139540 70.547
139550 70.5233
139560 70.4957
139570 70.4988
139580 70.5037
139590 70.4972
139600 70.4686
139610 70.4304
139620 70.4182
139630 70.4291
139640 70.4382
139650 70.4585
139660 70.4781
139670 70.4741
139680 70.4548
139690 70.4652
139700 70.5021
139710 70.5094
139720 70.5048
139730 70.5233
139740 70.5533
139750 70.5765
139760 70.6092
139770 70.6584
139780 70.675
139790 70.6756
139800 70.7117
139810 70.7327
139820 70.7123
139830 70.737
139840 70.7725
139850 70.7685
139860 70.7462
139870 70.7508
139880 70.7674
139890 70.7668
139900 70.7626
139910 70.751
139920 70.7284
139930 70.7331
139940 70.7752
139950 70.8066
139960 70.8054
139970 70.8054
139980 70.8296
139990 70.8479
140000 70.8514
140010 70.8543
140020 70.8625
140030 70.8832
140040 70.9169
140050 70.9659
140060 71.0044
140070 71.0296
140080 71.0302
140090 71.022
140100 71.0099
140110 71.0148
140120 71.0407
140130 71.0589
140140 71.073
140150 71.0996
140160 71.1093
140170 71.1056
140180 71.1067
140190 71.1222
140200 71.1532
140210 71.1817
140220 71.1665
140230 71.1371
140240 71.123
140250 71.1488
140260 71.191
140270 71.2086
140280 71.2073
140290 71.2194
140300 71.2578
140310 71.2773
140320 71.2827
140330 71.3043
140340 71.3154
140350 71.305
140360 71.2975
140370 71.3214
140380 71.3367
140390 71.3324
140400 71.3327
140410 71.3369
140420 71.2954
140430 71.2507
140440 71.254
140450 71.258
140460 71.2404
140470 71.2224
140480 71.2215
140490 71.2226
140500 71.2636
140510 71.2868
140520 71.2442
140530 71.1931
140540 71.1968
140550 71.2186
140560 71.2166
140570 71.2092
140580 71.2419
140590 71.3037
140600 71.3474
140610 71.3778
140620 71.3964
140630 71.3877
140640 71.3608
140650 71.3733
140660 71.4023
140670 71.4111
140680 71.4286
140690 71.4621
140700 71.4622
140710 71.4577
140720 71.4821
140730 71.5014
140740 71.4834
140750 71.4581
140760 71.4476
140770 71.432
140780 71.425
140790 71.4363
140800 71.414
140810 71.383
140820 71.3842
140830 71.3971
140840 71.3916
140850 71.3745
140860 71.3586
140870 71.3836
140880 71.4206
140890 71.4177
140900 71.393
140910 71.3775
140920 71.3577
140930 71.3244
140940 71.2993
140950 71.2699
140960 71.2349
140970 71.2363
140980 71.2579
140990 71.2407
141000 71.203
141010 71.1838
141020 71.1853
141030 71.1666
141040 71.1371
141050 71.1317
141060 71.1711
141070 71.2268
141080 71.2358
141090 71.1929
141100 71.174
141110 71.1846
141120 71.2107
141130 71.2495
141140 71.3107
141150 71.3524
141160 71.3487
141170 71.3667
141180 71.4051
141190 71.4108
141200 71.4022
141210 71.4203
141220 71.47
141230 71.4881
141240 71.4712
141250 71.4656
141260 71.4783
141270 71.5008
141280 71.5363
141290 71.5708
141300 71.5868
141310 71.6111
141320 71.6388
141330 71.639
141340 71.6406
141350 71.6574
141360 71.6787
141370 71.692
141380 71.6915
141390 71.7068
141400 71.7474
141410 71.7855
141420 71.8096
141430 71.8068
141440 71.7874
141450 71.7832
141460 71.8044
141470 71.8366
141480 71.8633
141490 71.8578
141500 71.837
141510 71.8583
141520 71.9091
141530 71.9242
141540 71.9081
141550 71.8956
141560 71.8967
141570 71.8918
141580 71.8725
141590 71.8605
141600 71.8631
141610 71.8534
141620 71.8332
141630 71.8231
141640 71.8172
141650 71.8159
141660 71.8206
141670 71.8228
141680 71.816
141690 71.814
141700 71.8157
141710 71.7971
141720 71.7967
141730 71.8313
141740 71.8424
141750 71.8444
141760 71.8909
141770 71.9255
141780 71.8935
141790 71.8396
141800 71.8286
141810 71.8178
141820 71.7992
141830 71.7958
141840 71.8159
141850 71.855
141860 71.8709
141870 71.8487
141880 71.8416
141890 71.8753
141900 71.9128
141910 71.9161
141920 71.8933
141930 71.884
141940 71.9112
141950 71.9783
141960 72.0322
141970 72.0581
141980 72.1023
141990 72.1395
142000 72.151
142010 72.1713
142020 72.1937
142030 72.2189
142040 72.2548
142050 72.3058
142060 72.3375
142070 72.3349
142080 72.3439
142090 72.3841
142100 72.4212
142110 72.4195
142120 72.419
142130 72.4411
142140 72.4628
142150 72.4799
142160 72.5134
142170 72.5598
142180 72.594
142190 72.5959
142200 72.6103
142210 72.6255
142220 72.6265
142230 72.6115
142240 72.592
142250 72.5675
142260 72.5496
142270 72.5582
142280 72.5917
142290 72.619
142300 72.6278
142310 72.6406
142320 72.6624
142330 72.6959
142340 72.7415
142350 72.7863
142360 72.8231
142370 72.8511
142380 72.8713
142390 72.8762
142400 72.8521
142410 72.7973
142420 72.7599
142430 72.7693
142440 72.7914
142450 72.7999
142460 72.8184
142470 72.8662
142480 72.9214
142490 72.9243
142500 72.8981
142510 72.8879
142520 72.8814
142530 72.8892
142540 72.9006
142550 72.8728
142560 72.8244
142570 72.8065
142580 72.8389
142590 72.8956
142600 72.9295
142610 72.9593
142620 72.9953
142630 73.0096
142640 72.998
142650 73.0129
142660 73.0469
142670 73.0656
142680 73.0454
142690 73.0472
142700 73.0796
142710 73.107
142720 73.1233
142730 73.1343
142740 73.1245
142750 73.1065
142760 73.1056
142770 73.0995
142780 73.0985
142790 73.1182
142800 73.1437
142810 73.1387
142820 73.1202
142830 73.1496
142840 73.1923
142850 73.1953
142860 73.1846
142870 73.2013
142880 73.2245
142890 73.2463
142900 73.2455
142910 73.2323
142920 73.2405
142930 73.2828
142940 73.2987
142950 73.274
142960 73.2967
142970 73.3397
142980 73.329
142990 73.2923
143000 73.3005
143010 73.3181
143020 73.2926
143030 73.2816
143040 73.2844
143050 73.2544
143060 73.2455
143070 73.2734
143080 73.2932
143090 73.2703
143100 73.2292
143110 73.2164
143120 73.2285
143130 73.2389
143140 73.2427
143150 73.2475
143160 73.2531
143170 73.2459
143180 73.2305
143190 73.2426
143200 73.2574
143210 73.2936
143220 73.3392
143230 73.3658
143240 73.3801
143250 73.4
143260 73.4134
143270 73.3998
143280 73.4022
143290 73.453
143300 73.4916
143310 73.5026
143320 73.4904
143330 73.4605
143340 73.4336
143350 73.4357
143360 73.4348
143370 73.4093
143380 73.4171
143390 73.4676
143400 73.4843
143410 73.453
143420 73.4223
143430 73.4205
143440 73.4223
143450 73.4228
143460 73.4338
143470 73.4513
143480 73.4293
143490 73.4021
143500 73.4048
143510 73.4136
143520 73.4261
143530 73.4389
143540 73.4435
143550 73.4599
143560 73.501
143570 73.5327
143580 73.5383
143590 73.5688
143600 73.6057
143610 73.6188
143620 73.6224
143630 73.6167
143640 73.6054
143650 73.5981
143660 73.6172
143670 73.6534
143680 73.6464
143690 73.6231
143700 73.6188
143710 73.6412
143720 73.6938
143730 73.7459
143740 73.7741
143750 73.7881
143760 73.7899
143770 73.7827
143780 73.7547
143790 73.7306
143800 73.7462
143810 73.7882
143820 73.8305
143830 73.849
143840 73.8416
143850 73.8304
143860 73.8397
143870 73.8725
143880 73.8669
143890 73.8266
143900 73.8333
143910 73.8572
143920 73.8309
143930 73.7959
143940 73.8059
143950 73.7989
143960 73.7536
143970 73.7596
143980 73.8105
143990 73.8028
144000 73.7276
144010 73.665
144020 73.6624
144030 73.6819
144040 73.6879
144050 73.6867
144060 73.7372
144070 73.7924
144080 73.7996
144090 73.8062
144100 73.8809
144110 73.9395
144120 73.9268
144130 73.9253
144140 73.9543
144150 73.9623
144160 73.9625
144170 73.999
144180 74.036
144190 74.0371
144200 74.0342
144210 74.0315
144220 74.0212
144230 74.0384
144240 74.0765
144250 74.0861
144260 74.0499
144270 74.0106
144280 73.9963
144290 74.0073
144300 74.0154
144310 74.0163
144320 74.0086
144330 74.0067
144340 74.0033
144350 73.9963
144360 74.0348
144370 74.0871
144380 74.1426
144390 74.1798
144400 74.1626
144410 74.1333
144420 74.1242
144430 74.1194
144440 74.0999
144450 74.0777
144460 74.0494
144470 74.0069
144480 73.9776
144490 73.995
144500 74.0353
144510 74.0705
144520 74.0765
144530 74.076
144540 74.1002
144550 74.1331
144560 74.1739
144570 74.1998
144580 74.2228
144590 74.2532
144600 74.256
144610 74.2411
144620 74.2544
144630 74.2963
144640 74.2939
144650 74.2477
144660 74.212
144670 74.1854
144680 74.175
144690 74.1918
144700 74.2213
144710 74.2332
144720 74.2414
144730 74.255
144740 74.2467
144750 74.2369
144760 74.262
144770 74.2921
144780 74.2911
144790 74.257
144800 74.2306
144810 74.2165
144820 74.2003
144830 74.2143
144840 74.2595
144850 74.2686
144860 74.2415
144870 74.2372
144880 74.2412
144890 74.2397
144900 74.2444
144910 74.2572
144920 74.2585
144930 74.2544
144940 74.28
144950 74.3329
144960 74.3678
144970 74.3628
144980 74.3575
144990 74.3678
145000 74.3538
145010 74.3433
145020 74.3637
145030 74.3713
145040 74.3381
145050 74.3148
145060 74.3151
145070 74.3018
145080 74.3194
145090 74.358
145100 74.3909
145110 74.4011
145120 74.3954
145130 74.3902
145140 74.3834
145150 74.3848
145160 74.3997
145170 74.4333
145180 74.4417
145190 74.4253
145200 74.4161
145210 74.4241
145220 74.4105
145230 74.3831
145240 74.395
145250 74.4272
145260 74.431
145270 74.4433
145280 74.4667
145290 74.471
145300 74.48
145310 74.5202
145320 74.5229
145330 74.5008
145340 74.5165
145350 74.5479
145360 74.548
145370 74.5446
145380 74.5689
145390 74.5919
145400 74.5911
145410 74.6078
145420 74.6444
145430 74.6506
145440 74.6366
145450 74.637
145460 74.6406
145470 74.6352
145480 74.6347
145490 74.6285
145500 74.5979
145510 74.5705
145520 74.5554
145530 74.5442
145540 74.5371
145550 74.5376
145560 74.5312
145570 74.4889
145580 74.4616
145590 74.4635
145600 74.4634
145610 74.4596
145620 74.4826
145630 74.4964
145640 74.486
145650 74.4698
145660 74.4874
145670 74.5555
145680 74.5873
145690 74.5741
145700 74.5694
145710 74.5847
145720 74.5969
145730 74.6009
145740 74.6237
145750 74.667
145760 74.71
145770 74.7385
145780 74.7455
145790 74.7009
145800 74.653
145810 74.6492
145820 74.6518
145830 74.6614
145840 74.6713
145850 74.6521
145860 74.6371
145870 74.6447
145880 74.6331
145890 74.5869
145900 74.5646
145910 74.5637
145920 74.5597
145930 74.5824
145940 74.6202
145950 74.6182
145960 74.5728
145970 74.5663
145980 74.5969
145990 74.6058
146000 74.5947
146010 74.6028
146020 74.6508
146030 74.689
146040 74.6829
146050 74.676
146060 74.7161
146070 74.7672
146080 74.7951
146090 74.8139
146100 74.8412
146110 74.866
146120 74.9046
146130 74.9426
146140 74.9603
146150 74.9711
146160 74.9949
146170 74.9976
146180 74.9642
146190 74.9388
146200 74.9346
146210 74.9092
146220 74.8809
146230 74.9115
146240 74.9457
146250 74.9292
146260 74.9343
146270 74.9626
146280 74.9651
146290 74.9739
146300 75.0039
146310 75.0107
146320 74.9989
146330 74.9675
146340 74.9252
146350 74.9321
146360 74.9521
146370 74.9389
146380 74.9252
146390 74.9367
146400 74.9376
146410 74.9144
146420 74.907
146430 74.9548
146440 75.0188
146450 75.0463
146460 75.0824
146470 75.1428
146480 75.1897
146490 75.1791
146500 75.1648
146510 75.1651
146520 75.1595
146530 75.153
146540 75.168
146550 75.1819
146560 75.1822
146570 75.1859
146580 75.2064
146590 75.2391
146600 75.2813
146610 75.3097
146620 75.3127
146630 75.3239
146640 75.3606
146650 75.4043
146660 75.433
146670 75.4549
146680 75.4517
146690 75.4014
146700 75.3401
146710 75.3139
146720 75.3079
146730 75.3193
146740 75.3436
146750 75.3475
146760 75.3345
146770 75.3111
146780 75.3016
146790 75.2937
146800 75.26
146810 75.2145
146820 75.1695
146830 75.1264
146840 75.0953
146850 75.0722
146860 75.0613
146870 75.0655
146880 75.0869
146890 75.0765
146900 75.0557
146910 75.0736
146920 75.1009
146930 75.1042
146940 75.0925
146950 75.1048
146960 75.1397
146970 75.1246
146980 75.092
146990 75.0963
147000 75.1289
147010 75.147
147020 75.1697
147030 75.22
147040 75.2247
147050 75.2108
147060 75.2363
147070 75.2491
147080 75.2162
147090 75.2042
147100 75.2332
147110 75.267
147120 75.2935
147130 75.3226
147140 75.3426
147150 75.345
147160 75.367
147170 75.41
147180 75.4228
147190 75.4189
147200 75.4395
147210 75.4745
147220 75.4686
147230 75.4393
147240 75.4315
147250 75.4258
147260 75.385
147270 75.3309
147280 75.325
147290 75.3337
147300 75.3153
147310 75.2872
147320 75.2778
147330 75.2662
147340 75.2321
147350 75.1895
147360 75.1728
147370 75.1649
147380 75.1398
147390 75.1136
147400 75.1017
147410 75.1207
147420 75.1781
147430 75.2157
147440 75.2069
147450 75.2028
147460 75.211
147470 75.2202
147480 75.2182
147490 75.2235
147500 75.2197
147510 75.2029
147520 75.2148
147530 75.2522
147540 75.267
147550 75.2585
147560 75.2575
147570 75.2684
147580 75.3
147590 75.3197
147600 75.3224
147610 75.3067
147620 75.3029
147630 75.3362
147640 75.3564
147650 75.3594
147660 75.3821
147670 75.3809
147680 75.352
147690 75.3755
147700 75.4234
147710 75.4313
147720 75.424
147730 75.4433
147740 75.4766
147750 75.457
147760 75.401
147770 75.3802
147780 75.3914
147790 75.4067
147800 75.4283
147810 75.4449
147820 75.4458
147830 75.439
147840 75.4228
147850 75.4299
147860 75.4578
147870 75.4615
147880 75.4188
147890 75.3886
147900 75.3967
147910 75.4198
147920 75.423
147930 75.4232
147940 75.4566
147950 75.4649
147960 75.4453
147970 75.4575
147980 75.4582
147990 75.4271
148000 75.4094
148010 75.4022
148020 75.3867
148030 75.3854
148040 75.4283
148050 75.4882
148060 75.5173
148070 75.5582
148080 75.5902
148090 75.588
148100 75.6003
148110 75.6415
148120 75.6724
148130 75.6743
148140 75.6777
148150 75.6872
148160 75.6802
148170 75.6584
148180 75.636
148190 75.6219
148200 75.614
148210 75.6113
148220 75.619
148230 75.6021
148240 75.5895
148250 75.5816
148260 75.5805
148270 75.5853
148280 75.5742
148290 75.561
148300 75.5623
148310 75.559
148320 75.5537
148330 75.5539
148340 75.5501
148350 75.5443
148360 75.5361
148370 75.544
148380 75.5461
148390 75.5276
148400 75.5105
148410 75.4989
148420 75.488
148430 75.4968
148440 75.5181
148450 75.5315
148460 75.5343
148470 75.5334
148480 75.5287
148490 75.516
148500 75.5157
148510 75.5224
148520 75.5238
148530 75.5223
148540 75.5361
148550 75.547
148560 75.5718
148570 75.6104
148580 75.6468
148590 75.7014
148600 75.7638
148610 75.798
148620 75.7869
148630 75.7638
148640 75.7459
148650 75.7173
148660 75.7029
148670 75.7122
148680 75.7075
148690 75.6787
148700 75.6649
148710 75.6614
148720 75.6503
148730 75.6623
148740 75.6814
148750 75.6572
148760 75.6303
148770 75.6041
148780 75.5732
148790 75.5819
148800 75.6426
148810 75.6992
148820 75.7163
148830 75.7275
148840 75.7565
148850 75.763
148860 75.7382
148870 75.7431
148880 75.7777
148890 75.7972
148900 75.8149
148910 75.8366
148920 75.8299
148930 75.8004
148940 75.7903
148950 75.8269
148960 75.839
148970 75.8231
148980 75.8638
148990 75.9404
149000 75.9612
149010 75.9453
149020 75.9841
149030 76.0464
149040 76.0872
149050 76.1332
149060 76.1938
149070 76.2376
149080 76.2459
149090 76.25
149100 76.2801
149110 76.3148
149120 76.3076
149130 76.288
149140 76.2598
149150 76.223
149160 76.2043
149170 76.2074
149180 76.2032
149190 76.2028
149200 76.2237
149210 76.2214
149220 76.2093
149230 76.2327
149240 76.2592
149250 76.2205
149260 76.1598
149270 76.1393
149280 76.1435
149290 76.1573
149300 76.1616
149310 76.1682
149320 76.2049
149330 76.2483
149340 76.2532
149350 76.2422
149360 76.2625
149370 76.3122
149380 76.3295
149390 76.2928
149400 76.2738
149410 76.3216
149420 76.4092
149430 76.47
149440 76.4655
149450 76.4522
149460 76.4685
149470 76.5027
149480 76.5392
149490 76.5838
149500 76.5968
149510 76.5609
149520 76.5283
149530 76.5393
149540 76.5342
149550 76.5014
149560 76.4825
149570 76.5056
149580 76.5369
149590 76.5305
149600 76.5141
149610 76.5263
149620 76.5582
149630 76.569
149640 76.5705
149650 76.581
149660 76.5942
149670 76.6092
149680 76.6368
149690 76.651
149700 76.6413
149710 76.6279
149720 76.644
149730 76.6759
149740 76.718
149750 76.7476
149760 76.7446
149770 76.729
149780 76.7615
149790 76.8297
149800 76.8708
149810 76.8638
149820 76.8596
149830 76.8727
149840 76.878
149850 76.8574
149860 76.8124
149870 76.7867
149880 76.8032
149890 76.8333
149900 76.8326
149910 76.8087
149920 76.7995
149930 76.7978
149940 76.7805
149950 76.7538
149960 76.7315
149970 76.7389
149980 76.769
149990 76.7909
150000 76.7968
150010 76.8119
150020 76.8275
150030 76.8293
150040 76.8296
150050 76.8202
150060 76.7895
150070 76.7849
150080 76.7929
150090 76.7421
150100 76.6813
150110 76.6852
150120 76.7096
150130 76.6944
150140 76.6796
150150 76.6875
150160 76.6693
150170 76.6223
150180 76.6342
150190 76.6992
150200 76.7323
150210 76.7282
150220 76.7464
150230 76.7745
150240 76.7596
150250 76.7334
150260 76.7389
150270 76.7468
150280 76.7464
150290 76.7162
150300 76.6744
150310 76.6631
150320 76.6778
150330 76.6524
150340 76.6115
150350 76.6172
150360 76.6198
150370 76.6017
150380 76.5995
150390 76.6181
150400 76.6369
150410 76.6408
150420 76.6463
150430 76.6536
150440 76.6576
150450 76.6459
150460 76.6156
150470 76.6133
150480 76.6167
150490 76.5926
150500 76.594
150510 76.6419
150520 76.6784
150530 76.6662
150540 76.6596
150550 76.6987
150560 76.7518
150570 76.7795
150580 76.7707
150590 76.7609
150600 76.7595
150610 76.7433
150620 76.7458
150630 76.7692
150640 76.7757
150650 76.7426
150660 76.692
150670 76.6628
150680 76.65
150690 76.6389
150700 76.6059
150710 76.5593
150720 76.5491
150730 76.5849
150740 76.5957
150750 76.5684
150760 76.5625
150770 76.6191
150780 76.6817
150790 76.714
150800 76.7215
150810 76.7291
150820 76.7545
150830 76.7882
150840 76.8181
150850 76.8363
150860 76.8433
150870 76.8302
150880 76.867
150890 76.9342
150900 76.9684
150910 76.9643
150920 76.9582
150930 76.954
150940 76.9505
150950 76.965
150960 76.9612
150970 76.9621
150980 76.9985
150990 77.0337
151000 77.0302
151010 77.0146
151020 77.0231
151030 77.0309
151040 77.0186
151050 77.0384
151060 77.0935
151070 77.1238
151080 77.1241
151090 77.1421
151100 77.1863
151110 77.2055
151120 77.1853
151130 77.1561
151140 77.1337
151150 77.1093
151160 77.1024
151170 77.1329
151180 77.1694
151190 77.1765
151200 77.1841
151210 77.2005
151220 77.227
151230 77.2659
151240 77.2755
151250 77.2335
151260 77.1927
151270 77.1751
151280 77.1375
151290 77.0789
151300 77.0374
151310 77.0449
151320 77.0729
151330 77.0666
151340 77.0503
151350 77.0663
151360 77.0841
151370 77.0807
151380 77.0823
151390 77.0905
151400 77.0954
151410 77.1079
151420 77.1138
151430 77.1118
151440 77.1056
151450 77.1013
151460 77.1262
151470 77.1667
151480 77.2045
151490 77.2361
151500 77.2667
151510 77.3074
151520 77.3358
151530 77.3259
151540 77.3047
151550 77.3155
151560 77.368
151570 77.4299
151580 77.4654
151590 77.4775
151600 77.4562
151610 77.4562
151620 77.4912
151630 77.5206
151640 77.5321
151650 77.5361
151660 77.5413
151670 77.5199
151680 77.4996
151690 77.5148
151700 77.5181
151710 77.5145
151720 77.5757
151730 77.6457
151740 77.6566
151750 77.6352
151760 77.6285
151770 77.6217
151780 77.6098
151790 77.6033
151800 77.6042
151810 77.6081
151820 77.6217
151830 77.6498
151840 77.6599
151850 77.6413
151860 77.6408
151870 77.684
151880 77.7152
151890 77.6966
151900 77.6766
151910 77.7034
151920 77.7475
151930 77.7617
151940 77.7468
151950 77.7438
151960 77.7674
151970 77.7827
151980 77.7619
151990 77.7447
152000 77.7473
152010 77.7393
152020 77.7187
152030 77.7228
152040 77.7439
152050 77.7615
152060 77.7733
152070 77.7933
152080 77.8012
152090 77.7855
152100 77.7641
152110 77.7609
152120 77.7605
152130 77.7577
152140 77.7624
152150 77.7682
152160 77.7443
152170 77.7163
152180 77.7382
152190 77.7969
152200 77.8441
152210 77.8865
152220 77.9335
152230 77.9649
152240 77.9383
152250 77.896
152260 77.8753
152270 77.858
152280 77.8219
152290 77.7948
152300 77.7916
152310 77.7937
152320 77.8029
152330 77.8299
152340 77.8843
152350 77.937
152360 77.96
152370 78.0001
152380 78.0478
152390 78.0512
152400 78.0413
152410 78.0633
152420 78.0945
152430 78.1128
152440 78.1177
152450 78.1108
152460 78.0962
152470 78.0913
152480 78.1062
152490 78.1217
152500 78.1186
152510 78.1101
152520 78.1004
152530 78.0808
152540 78.0767
152550 78.0987
152560 78.1103
152570 78.1049
152580 78.1382
152590 78.2102
152600 78.2742
152610 78.3147
152620 78.3389
152630 78.3697
152640 78.4462
152650 78.502
152660 78.5162
152670 78.5606
152680 78.6321
152690 78.6862
152700 78.7197
152710 78.7685
152720 78.8266
152730 78.8641
152740 78.8932
152750 78.9235
152760 78.9249
152770 78.8984
152780 78.8733
152790 78.8745
152800 78.8729
152810 78.8613
152820 78.842
152830 78.8505
152840 78.8751
152850 78.8736
152860 78.8287
152870 78.7862
152880 78.7809
152890 78.767
152900 78.7412
152910 78.7407
152920 78.7569
152930 78.755
152940 78.748
152950 78.7587
152960 78.7684
152970 78.7796
152980 78.7964
152990 78.8018
153000 78.793
153010 78.8125
153020 78.8735
153030 78.9118
153040 78.8733
153050 78.8289
153060 78.8355
153070 78.8675
153080 78.876
153090 78.8703
153100 78.8706
153110 78.8718
153120 78.8718
153130 78.865
153140 78.8396
153150 78.8179
153160 78.839
153170 78.8781
153180 78.9021
153190 78.9093
153200 78.9136
153210 78.9204
153220 78.9195
153230 78.9238
153240 78.9261
153250 78.9215
153260 78.9353
153270 78.9719
153280 79.018
153290 79.0505
153300 79.0761
153310 79.0915
153320 79.0808
153330 79.0903
153340 79.1107
153350 79.1159
153360 79.106
153370 79.1147
153380 79.1282
153390 79.118
153400 79.1019
153410 79.1087
153420 79.1072
153430 79.082
153440 79.0652
153450 79.07
153460 79.099
153470 79.1088
153480 79.0817
153490 79.0711
153500 79.0871
153510 79.1036
153520 79.0971
153530 79.1078
153540 79.156
153550 79.1671
153560 79.1405
153570 79.1359
153580 79.1496
153590 79.154
153600 79.1633
153610 79.1902
153620 79.2004
153630 79.2113
153640 79.2403
153650 79.2431
153660 79.2286
153670 79.227
153680 79.2407
153690 79.2341
153700 79.2453
153710 79.2801
153720 79.3166
153730 79.3491
153740 79.3641
153750 79.3477
153760 79.3124
153770 79.3014
153780 79.3045
153790 79.3144
153800 79.352
153810 79.3803
153820 79.3732
153830 79.3807
153840 79.4176
153850 79.44
153860 79.4377
153870 79.4517
153880 79.4772
153890 79.4855
153900 79.4877
153910 79.4897
153920 79.4794
153930 79.4781
153940 79.4792
153950 79.4406
153960 79.3925
153970 79.3839
153980 79.4064
153990 79.429
154000 79.4469
154010 79.4883
154020 79.5014
154030 79.4689
154040 79.4378
154050 79.4366
154060 79.465
154070 79.473
154080 79.4713
154090 79.4716
154100 79.4553
154110 79.4654
154120 79.5133
154130 79.5328
154140 79.5309
154150 79.5407
154160 79.5469
154170 79.5456
154180 79.5435
154190 79.5611
154200 79.5502
154210 79.5286
154220 79.5145
154230 79.4911
154240 79.4785
154250 79.4985
154260 79.5182
154270 79.5324
154280 79.551
154290 79.5693
154300 79.5794
154310 79.5772
154320 79.5993
154330 79.6224
154340 79.6301
154350 79.6373
154360 79.6483
154370 79.6319
154380 79.5966
154390 79.5796
154400 79.5585
154410 79.5299
154420 79.5268
154430 79.5383
154440 79.5321
154450 79.5382
154460 79.5581
154470 79.5734
154480 79.5872
154490 79.602
154500 79.622
154510 79.6292
154520 79.6048
154530 79.5627
154540 79.5346
154550 79.5341
154560 79.5269
154570 79.532
154580 79.5671
154590 79.6043
154600 79.5972
154610 79.5875
154620 79.6129
154630 79.6354
154640 79.6247
154650 79.6198
154660 79.6232
154670 79.6263
154680 79.6209
154690 79.6252
154700 79.6257
154710 79.6229
154720 79.6205
154730 79.6229
154740 79.6346
154750 79.6405
154760 79.6368
154770 79.613
154780 79.6045
154790 79.6129
154800 79.606
154810 79.6142
154820 79.6304
154830 79.6359
154840 79.6253
154850 79.6246
154860 79.625
154870 79.6067
154880 79.6083
154890 79.6371
154900 79.6591
154910 79.6501
154920 79.6274
154930 79.6246
154940 79.5984
154950 79.5224
154960 79.4701
154970 79.4716
154980 79.5149
154990 79.5528
155000 79.5706
155010 79.5663
155020 79.5762
155030 79.6175
155040 79.6205
155050 79.5708
155060 79.5588
155070 79.6222
155080 79.6933
155090 79.7068
155100 79.6993
155110 79.7094
155120 79.7203
155130 79.7248
155140 79.7508
155150 79.7754
155160 79.775
155170 79.7407
155180 79.6747
155190 79.624
155200 79.6279
155210 79.6463
155220 79.6236
155230 79.5949
155240 79.5961
155250 79.5992
155260 79.6143
155270 79.6463
155280 79.6576
155290 79.6326
155300 79.6214
155310 79.6471
155320 79.6561
155330 79.6241
155340 79.5865
155350 79.5606
155360 79.5496
155370 79.5241
155380 79.4907
155390 79.4575
155400 79.4205
155410 79.3809
155420 79.3692
155430 79.4038
155440 79.4142
155450 79.3925
155460 79.3784
155470 79.3692
155480 79.3447
155490 79.3213
155500 79.3104
155510 79.289
155520 79.2678
155530 79.2761
155540 79.3077
155550 79.3302
155560 79.3604
155570 79.4087
155580 79.4174
155590 79.4154
155600 79.4271
155610 79.4616
155620 79.4898
155630 79.4948
155640 79.4906
155650 79.5032
155660 79.5543
155670 79.6464
155680 79.6906
155690 79.6745
155700 79.6917
155710 79.7538
155720 79.8031
155730 79.8271
155740 79.8673
155750 79.8845
155760 79.8852
155770 79.9067
155780 79.9392
155790 79.9656
155800 79.9928
155810 79.9999
155820 79.9771
155830 79.9597
155840 79.9495
155850 79.9279
155860 79.9238
155870 79.9478
155880 79.9668
155890 79.9689
155900 79.9825
155910 80.0186
155920 80.0369
155930 80.0473
155940 80.0553
155950 80.0529
155960 80.04
155970 80.034
155980 80.0452
155990 80.0485
156000 80.042
156010 80.0334
156020 80.0369
156030 80.0611
156040 80.0819
156050 80.0952
156060 80.1072
156070 80.0788
156080 80.0226
156090 79.9952
156100 80.0052
156110 79.9946
156120 79.9821
156130 79.9738
156140 79.9625
156150 79.9622
156160 79.9694
156170 79.968
156180 79.9512
156190 79.9283
156200 79.9277
156210 79.9516
156220 79.9652
156230 79.9811
156240 80.0176
156250 80.0416
156260 80.0516
156270 80.0829
156280 80.1267
156290 80.1827
156300 80.2149
156310 80.2391
156320 80.2544
156330 80.2659
156340 80.2805
156350 80.2923
156360 80.3121
156370 80.331
156380 80.3287
156390 80.3164
156400 80.3409
156410 80.4106
156420 80.474
156430 80.4946
156440 80.4918
156450 80.4653
156460 80.439
156470 80.4381
156480 80.4358
156490 80.4392
156500 80.4411
156510 80.4245
156520 80.4065
156530 80.4335
156540 80.4784
156550 80.4965
156560 80.4992
156570 80.5154
156580 80.5473
156590 80.548
156600 80.5238
156610 80.5097
156620 80.5017
156630 80.5071
156640 80.5218
156650 80.559
156660 80.6069
156670 80.6453
156680 80.6635
156690 80.6943
156700 80.7317
156710 80.7344
156720 80.728
156730 80.7535
156740 80.8109
156750 80.874
156760 80.8913
156770 80.8442
156780 80.7971
156790 80.8196
156800 80.8664
156810 80.8633
156820 80.8396
156830 80.8216
156840 80.8366
156850 80.8462
156860 80.8488
156870 80.8629
156880 80.8713
156890 80.8592
156900 80.8507
156910 80.864
156920 80.843
156930 80.7904
156940 80.769
156950 80.7978
156960 80.8142
156970 80.8264
156980 80.873
156990 80.911
157000 80.9013
157010 80.8902
157020 80.8888
157030 80.871
157040 80.8288
157050 80.8117
157060 80.8411
157070 80.8445
157080 80.8098
157090 80.7912
157100 80.7995
157110 80.7933
157120 80.7513
157130 80.7186
157140 80.7286
157150 80.7239
157160 80.6834
157170 80.665
157180 80.6913
157190 80.7256
157200 80.736
157210 80.7433
157220 80.7652
157230 80.7813
157240 80.753
157250 80.7421
157260 80.7709
157270 80.7931
157280 80.8054
157290 80.8338
157300 80.8469
157310 80.8344
157320 80.8277
157330 80.8504
157340 80.8594
157350 80.8402
157360 80.8182
157370 80.8304
157380 80.8529
157390 80.8757
157400 80.8721
157410 80.8469
157420 80.8488
157430 80.8948
157440 80.9269
157450 80.9511
157460 80.9713
157470 80.9523
157480 80.9308
157490 80.9479
157500 80.9778
157510 81.0041
157520 80.9855
157530 80.9871
157540 81.0227
157550 81.061
157560 81.0703
157570 81.0881
157580 81.0977
157590 81.0605
157600 81.0417
157610 81.0626
157620 81.0815
157630 81.0706
157640 81.0541
157650 81.074
157660 81.1051
157670 81.1204
157680 81.134
157690 81.1614
157700 81.1885
157710 81.2044
157720 81.2157
157730 81.2475
157740 81.287
157750 81.2972
157760 81.293
157770 81.3061
157780 81.3342
157790 81.357
157800 81.3538
157810 81.3186
157820 81.2844
157830 81.2993
157840 81.3369
157850 81.3376
157860 81.3301
157870 81.3578
157880 81.4021
157890 81.419
157900 81.4151
157910 81.4385
157920 81.5056
157930 81.5723
157940 81.5891
157950 81.5709
157960 81.5605
157970 81.5632
157980 81.5558
157990 81.5782
158000 81.6472
158010 81.7073
158020 81.7342
158030 81.7677
158040 81.8116
158050 81.8432
158060 81.858
158070 81.8611
158080 81.846
158090 81.8443
158100 81.8533
158110 81.8249
158120 81.7868
158130 81.8021
158140 81.8466
158150 81.8796
158160 81.9094
158170 81.9451
158180 81.962
158190 81.9783
158200 82.0043
158210 82.0288
158220 82.0435
158230 82.0797
158240 82.1463
158250 82.1989
158260 82.1872
158270 82.164
158280 82.1588
158290 82.175
158300 82.1894
158310 82.2041
158320 82.234
158330 82.2359
158340 82.2089
158350 82.2007
158360 82.1923
158370 82.1599
158380 82.144
158390 82.137
158400 82.1211
158410 82.1327
158420 82.178
158430 82.1792
158440 82.1502
158450 82.1784
158460 82.2539
158470 82.2829
158480 82.2783
158490 82.2905
158500 82.3005
158510 82.2848
158520 82.2616
158530 82.2464
158540 82.2265
158550 82.1937
158560 82.1776
158570 82.1919
158580 82.1885
158590 82.1414
158600 82.0985
158610 82.0837
158620 82.0662
158630 82.0436
158640 82.0174
158650 81.9903
158660 81.9817
158670 81.9956
158680 82.0393
158690 82.0693
158700 82.0648
158710 82.0775
158720 82.1453
158730 82.1961
158740 82.1794
158750 82.1578
158760 82.1523
158770 82.1214
158780 82.0817
158790 82.0865
158800 82.1193
158810 82.1346
158820 82.1293
158830 82.134
158840 82.1376
158850 82.1477
158860 82.1777
158870 82.1909
158880 82.1857
158890 82.185
158900 82.1879
158910 82.1944
158920 82.2092
158930 82.2471
158940 82.2582
158950 82.2176
158960 82.1893
158970 82.2084
158980 82.2426
158990 82.2627
159000 82.2571
159010 82.2581
159020 82.2657
159030 82.2761
159040 82.2769
159050 82.2742
159060 82.274
159070 82.2675
159080 82.2512
159090 82.2544
159100 82.2646
159110 82.2577
159120 82.2353
159130 82.2294
159140 82.2471
159150 82.2641
159160 82.2827
159170 82.2868
159180 82.2807
159190 82.2706
159200 82.2698
159210 82.2741
159220 82.277
159230 82.2823
159240 82.2859
159250 82.3145
159260 82.3446
159270 82.3554
159280 82.35
159290 82.3599
159300 82.3821
159310 82.3644
159320 82.3362
159330 82.3525
159340 82.3657
159350 82.3485
159360 82.3356
159370 82.3282
159380 82.3041
159390 82.316
159400 82.3657
159410 82.3715
159420 82.3448
159430 82.3497
159440 82.3521
159450 82.3317
159460 82.3324
159470 82.3392
159480 82.3449
159490 82.3982
159500 82.4657
159510 82.4987
159520 82.5281
159530 82.584
159540 82.6333
159550 82.6575
159560 82.6847
159570 82.7191
159580 82.7819
159590 82.8571
159600 82.8955
159610 82.8771
159620 82.874
159630 82.92
159640 82.9441
159650 82.9274
159660 82.9208
159670 82.9405
159680 82.9529
159690 82.9709
159700 82.9993
159710 83.0245
159720 83.0581
159730 83.0573
159740 83.0021
159750 82.9805
159760 83.0022
159770 82.9954
159780 82.9461
159790 82.9361
159800 82.9715
159810 83.0052
159820 83.0102
159830 82.9917
159840 82.9936
159850 83.026
159860 83.0201
159870 82.9836
159880 82.9658
159890 82.9555
159900 82.9515
159910 82.9281
159920 82.8796
159930 82.8718
159940 82.9061
159950 82.9186
159960 82.9278
159970 82.9335
159980 82.9022
159990 82.8522
160000 82.8228
160010 82.8294
160020 82.8463
160030 82.8519
160040 82.8597
160050 82.8806
160060 82.881
160070 82.8666
160080 82.8834
160090 82.8833
160100 82.8533
160110 82.828
160120 82.8409
160130 82.8895
160140 82.9179
160150 82.9258
160160 82.9426
160170 82.9867
160180 83.0175
160190 83.0222
160200 83.0267
160210 83.0389
160220 83.0727
160230 83.1067
160240 83.0914
160250 83.0561
160260 83.0768
160270 83.1336
160280 83.1591
160290 83.1448
160300 83.1362
160310 83.1377
160320 83.1551
160330 83.1765
160340 83.1981
160350 83.2242
160360 83.2274
160370 83.2259
160380 83.1995
160390 83.1508
160400 83.1242
160410 83.1021
160420 83.0679
160430 83.0257
160440 82.9844
160450 82.955
160460 82.9365
160470 82.9283
160480 82.9348
160490 82.9409
160500 82.9318
160510 82.9138
160520 82.9124
160530 82.9337
160540 82.9508
160550 82.9599
160560 82.9559
160570 82.9561
160580 82.9913
160590 83.0101
160600 82.9923
160610 82.9924
160620 83.0521
160630 83.1253
160640 83.1557
160650 83.1691
160660 83.1731
160670 83.1831
160680 83.2028
160690 83.2224
160700 83.207
160710 83.2031
160720 83.2025
160730 83.1878
160740 83.1728
160750 83.1915
160760 83.2216
160770 83.2435
160780 83.2654
160790 83.2879
160800 83.2816
160810 83.2731
160820 83.2986
160830 83.3574
160840 83.4058
160850 83.3918
160860 83.3763
160870 83.397
160880 83.4234
160890 83.4413
160900 83.4318
160910 83.4151
160920 83.4263
160930 83.4693
160940 83.5124
160950 83.5339
160960 83.5392
160970 83.5677
160980 83.5785
160990 83.5838
161000 83.6378
161010 83.6936
161020 83.6868
161030 83.6548
161040 83.6283
161050 83.6119
161060 83.5786
161070 83.5393
161080 83.5346
161090 83.5682
161100 83.6001
161110 83.5987
161120 83.5796
161130 83.5693
161140 83.5669
161150 83.5665
161160 83.5668
161170 83.5802
161180 83.5904
161190 83.5974
161200 83.6013
161210 83.5983
161220 83.6014
161230 83.6172
161240 83.6205
161250 83.6345
161260 83.6763
161270 83.6961
161280 83.6998
161290 83.7165
161300 83.7698
161310 83.8021
161320 83.8296
161330 83.8567
161340 83.8447
161350 83.8448
161360 83.8922
161370 83.9084
161380 83.9138
161390 83.9325
161400 83.9356
161410 83.9418
161420 83.9863
161430 84.038
161440 84.0549
161450 84.1019
161460 84.1718
161470 84.2368
161480 84.2528
161490 84.2443
161500 84.2537
161510 84.2798
161520 84.2643
161530 84.2408
161540 84.2448
161550 84.2626
161560 84.2568
161570 84.2533
161580 84.2403
161590 84.2126
161600 84.1929
161610 84.1717
161620 84.1614
161630 84.2
161640 84.2808
161650 84.3447
161660 84.381
161670 84.3957
161680 84.3906
161690 84.3824
161700 84.3909
161710 84.3954
161720 84.362
161730 84.3228
161740 84.3125
161750 84.3041
161760 84.2977
161770 84.2892
161780 84.2452
161790 84.2062
161800 84.1989
161810 84.2187
161820 84.2235
161830 84.201
161840 84.1687
161850 84.1477
161860 84.1453
161870 84.1984
161880 84.2706
161890 84.321
161900 84.3244
161910 84.3362
161920 84.3683
161930 84.3701
161940 84.3647
161950 84.3848
161960 84.4038
161970 84.3903
161980 84.3711
161990 84.3755
162000 84.3857
162010 84.373
162020 84.343
162030 84.3019
162040 84.27
162050 84.264
162060 84.278
162070 84.2689
162080 84.2501
162090 84.2494
162100 84.28
162110 84.2991
162120 84.2673
162130 84.2321
162140 84.2066
162150 84.174
162160 84.1226
162170 84.0989
162180 84.0922
162190 84.0868
162200 84.0688
162210 84.0773
162220 84.0829
162230 84.0562
162240 84.0259
162250 84.0189
162260 84.0092
162270 84.0342
162280 84.0772
162290 84.0855
162300 84.0999
162310 84.1228
162320 84.1172
162330 84.1079
162340 84.1358
162350 84.1383
162360 84.1032
162370 84.086
162380 84.0943
162390 84.1095
162400 84.1296
162410 84.1463
162420 84.1463
162430 84.1486
162440 84.1416
162450 84.116
162460 84.1131
162470 84.1356
162480 84.1327
162490 84.1322
162500 84.1515
162510 84.148
162520 84.0953
162530 84.0692
162540 84.0796
162550 84.0823
162560 84.0732
162570 84.0616
162580 84.0428
162590 84.0077
162600 83.9791
162610 83.96
162620 83.9538
162630 83.9595
162640 83.9825
162650 83.9989
162660 84.0008
162670 83.9921
162680 83.9947
162690 84.0367
162700 84.0909
162710 84.1106
162720 84.1243
162730 84.1423
162740 84.1615
162750 84.1832
162760 84.1944
162770 84.1705
162780 84.1387
162790 84.1394
162800 84.1525
162810 84.1494
162820 84.1359
162830 84.0867
162840 84.0341
162850 84.0203
162860 84.0279
162870 83.9888
162880 83.9355
162890 83.9101
162900 83.875
162910 83.8236
162920 83.801
162930 83.8089
162940 83.8475
162950 83.8715
162960 83.88
162970 83.9011
162980 83.9316
162990 83.9301
163000 83.9042
163010 83.8842
163020 83.8852
163030 83.9046
163040 83.9281
163050 83.948
163060 83.9593
163070 83.9617
163080 83.9815
163090 83.9804
163100 83.9667
163110 83.9922
163120 84.0191
163130 84.0211
163140 84.0512
163150 84.097
163160 84.1049
163170 84.0823
163180 84.0837
163190 84.0964
163200 84.0821
163210 84.0626
163220 84.0666
163230 84.0424
163240 83.9908
163250 83.9901
163260 84.0018
163270 83.9632
163280 83.9406
163290 83.9295
163300 83.8967
163310 83.887
163320 83.903
163330 83.9076
163340 83.9271
163350 83.9773
163360 84.0348
163370 84.0581
163380 84.0767
163390 84.0858
163400 84.0765
163410 84.0359
163420 83.9848
163430 83.9582
163440 83.9537
163450 83.9538
163460 83.9363
163470 83.9232
163480 83.9352
163490 83.9731
163500 84.0189
163510 84.0459
163520 84.0662
163530 84.0784
163540 84.0831
163550 84.1019
163560 84.1542
163570 84.2126
163580 84.2202
163590 84.2058
163600 84.2211
163610 84.2696
163620 84.2956
163630 84.3031
163640 84.3571
163650 84.4211
163660 84.4378
163670 84.4412
163680 84.4552
163690 84.4514
163700 84.4531
163710 84.4881
163720 84.5002
163730 84.5022
163740 84.5274
163750 84.5613
163760 84.5881
163770 84.597
163780 84.5839
163790 84.5734
163800 84.5787
163810 84.5736
163820 84.558
163830 84.5589
163840 84.5738
163850 84.5857
163860 84.5879
163870 84.5947
163880 84.634
163890 84.6841
163900 84.733
163910 84.7762
163920 84.8085
163930 84.8426
163940 84.8881
163950 84.9298
163960 84.97
163970 84.9896
163980 84.9867
163990 84.9729
164000 84.9993
164010 85.0359
164020 85.0441
164030 85.0079
164040 84.9988
164050 85.024
164060 85.0292
164070 85.0372
164080 85.055
164090 85.0421
164100 85.0202
164110 85.0324
164120 85.0445
164130 85.028
164140 85.0012
164150 84.9827
164160 84.9752
164170 84.964
164180 84.9689
164190 84.9693
164200 84.9552
164210 84.9748
164220 84.9923
164230 84.9933
164240 85.0175
164250 85.0569
164260 85.0817
164270 85.115
164280 85.143
164290 85.1352
164300 85.1296
164310 85.1577
164320 85.1934
164330 85.2113
164340 85.2288
164350 85.2465
164360 85.2737
164370 85.3363
164380 85.3784
164390 85.3789
164400 85.361
164410 85.3631
164420 85.385
164430 85.4065
164440 85.4262
164450 85.4413
164460 85.4668
164470 85.487
164480 85.4899
164490 85.5012
164500 85.5414
164510 85.5748
164520 85.5409
164530 85.4656
164540 85.4423
164550 85.4549
164560 85.4572
164570 85.4764
164580 85.5248
164590 85.5503
164600 85.5476
164610 85.5509
164620 85.5848
164630 85.6264
164640 85.6747
164650 85.7201
164660 85.7319
164670 85.7314
164680 85.7348
164690 85.7408
164700 85.7427
164710 85.7574
164720 85.7996
164730 85.8196
164740 85.7905
164750 85.768
164760 85.7682
164770 85.7796
164780 85.8034
164790 85.8358
164800 85.8797
164810 85.9047
164820 85.9092
164830 85.9171
164840 85.9416
164850 85.951
164860 85.9501
164870 85.9612
164880 85.9621
164890 85.9571
164900 85.966
164910 85.9629
164920 85.9638
164930 85.9871
164940 86.0058
164950 86.0164
164960 86.0051
164970 86.007
164980 86.0178
164990 86.0125
165000 85.9677
165010 85.9368
165020 85.9339
165030 85.9203
165040 85.8806
165050 85.8623
165060 85.8626
165070 85.8448
165080 85.8298
165090 85.8551
165100 85.897
165110 85.9382
165120 85.9655
165130 85.9866
165140 85.9951
165150 85.9694
165160 85.9645
165170 86.0147
165180 86.0491
165190 86.0407
165200 86.0342
165210 86.0213
165220 86.0092
165230 86.0365
165240 86.0601
165250 86.0557
165260 86.0382
165270 86.0291
165280 86.054
165290 86.0535
165300 86.0334
165310 86.0358
165320 86.0481
165330 86.0716
165340 86.0815
165350 86.0604
165360 86.0333
165370 86.0085
165380 85.9795
165390 85.9791
165400 85.9804
165410 85.9606
165420 85.9342
165430 85.9351
165440 85.9696
165450 85.9981
165460 85.9825
165470 85.9626
165480 85.9796
165490 85.9909
165500 85.9692
165510 85.9503
165520 85.9687
165530 86.007
165540 86.0292
165550 86.049
165560 86.0699
165570 86.0714
165580 86.0502
165590 86.0556
165600 86.0774
165610 86.0813
165620 86.0857
165630 86.091
165640 86.0846
165650 86.0897
165660 86.1036
165670 86.088
165680 86.0582
165690 86.09
165700 86.1716
165710 86.2292
165720 86.2576
165730 86.2867
165740 86.3151
165750 86.3302
165760 86.3578
165770 86.408
165780 86.4325
165790 86.4212
165800 86.4174
165810 86.4338
165820 86.4594
165830 86.5091
165840 86.5641
165850 86.6044
165860 86.6003
165870 86.6013
165880 86.642
165890 86.6693
165900 86.6754
165910 86.6982
165920 86.7106
165930 86.6842
165940 86.6766
165950 86.6945
165960 86.7104
165970 86.7023
165980 86.6625
165990 86.6293
166000 86.6129
166010 86.6177
166020 86.629
166030 86.6329
166040 86.6586
166050 86.7219
166060 86.794
166070 86.8438
166080 86.8729
166090 86.8962
166100 86.9083
166110 86.9226
166120 86.9562
166130 87.0012
166140 87.0536
166150 87.0568
166160 87.0158
166170 87.0037
166180 87.0206
166190 87.0335
166200 87.0147
166210 87.014
166220 87.0282
166230 87.0131
166240 86.9786
166250 86.9503
166260 86.9141
166270 86.8973
166280 86.9018
166290 86.9056
166300 86.9267
166310 86.9564
166320 86.9706
166330 86.9542
166340 86.9353
166350 86.9387
166360 86.9708
166370 87.0087
166380 87.0412
166390 87.0747
166400 87.1112
166410 87.1551
166420 87.1768
166430 87.1823
166440 87.2076
166450 87.2212
166460 87.2177
166470 87.2275
166480 87.2429
166490 87.2562
166500 87.2986
166510 87.3235
166520 87.3032
166530 87.2852
166540 87.3167
166550 87.3359
166560 87.3391
166570 87.364
166580 87.3933
166590 87.4056
166600 87.3922
166610 87.3969
166620 87.4242
166630 87.4476
166640 87.4392
166650 87.393
166660 87.3899
166670 87.4171
166680 87.416
166690 87.3829
166700 87.3533
166710 87.3565
166720 87.3768
166730 87.3917
166740 87.3998
166750 87.3847
166760 87.3675
166770 87.355
166780 87.3378
166790 87.3002
166800 87.2978
166810 87.3557
166820 87.3955
166830 87.3739
166840 87.3292
166850 87.3116
166860 87.3159
166870 87.3057
166880 87.3004
166890 87.307
166900 87.3209
166910 87.3406
166920 87.3369
166930 87.3211
166940 87.3156
166950 87.2914
166960 87.2648
166970 87.2899
166980 87.3376
166990 87.359
167000 87.3686
167010 87.3926
167020 87.4144
167030 87.4335
167040 87.496
167050 87.5645
167060 87.5845
167070 87.5795
167080 87.6123
167090 87.6517
167100 87.6321
167110 87.5908
167120 87.6042
167130 87.6323
167140 87.6367
167150 87.6314
167160 87.6097
167170 87.6023
167180 87.6272
167190 87.6309
167200 87.6075
167210 87.5885
167220 87.5864
167230 87.5706
167240 87.542
167250 87.5534
167260 87.6147
167270 87.669
167280 87.6952
167290 87.6704
167300 87.6318
167310 87.6399
167320 87.6582
167330 87.6574
167340 87.6493
167350 87.655
167360 87.6743
167370 87.6846
167380 87.6912
167390 87.7087
167400 87.7211
167410 87.7357
167420 87.76
167430 87.7577
167440 87.7282
167450 87.7026
167460 87.7114
167470 87.7284
167480 87.7256
167490 87.7064
167500 87.6697
167510 87.6404
167520 87.6538
167530 87.6721
167540 87.668
167550 87.6593
167560 87.6682
167570 87.681
167580 87.6995
167590 87.7104
167600 87.6851
167610 87.6466
167620 87.6543
167630 87.6873
167640 87.7009
167650 87.7112
167660 87.7224
167670 87.7394
167680 87.738
167690 87.7147
167700 87.7148
167710 87.7539
167720 87.7952
167730 87.8067
167740 87.8227
167750 87.8459
167760 87.8326
167770 87.8315
167780 87.8578
167790 87.8701
167800 87.8637
167810 87.8563
167820 87.8506
167830 87.8699
167840 87.9133
167850 87.9524
167860 87.9705
167870 87.9783
167880 87.9891
167890 87.9973
167900 88.0073
167910 88.0238
167920 88.0562
167930 88.0834
167940 88.0972
167950 88.1277
167960 88.1649
167970 88.1734
167980 88.2028
167990 88.2865
168000 88.3522
168010 88.3573
168020 88.3571
168030 88.3844
168040 88.4128
168050 88.4297
168060 88.4616
168070 88.5125
168080 88.5338
168090 88.5049
168100 88.4816
168110 88.5041
168120 88.5169
168130 88.4767
168140 88.4668
168150 88.5388
168160 88.6137
168170 88.6475
168180 88.6416
168190 88.6222
168200 88.625
168210 88.6392
168220 88.6394
168230 88.6392
168240 88.6551
168250 88.658
168260 88.6168
168270 88.5667
168280 88.5314
168290 88.5261
168300 88.5332
168310 88.4974
168320 88.4294
168330 88.377
168340 88.3535
168350 88.3433
168360 88.3447
168370 88.3618
168380 88.3602
168390 88.3529
168400 88.355
168410 88.3859
168420 88.4343
168430 88.4535
168440 88.4341
168450 88.4239
168460 88.4613
168470 88.5043
168480 88.5222
168490 88.5303
168500 88.5343
168510 88.5241
168520 88.4998
168530 88.5014
168540 88.501
168550 88.4782
168560 88.4568
168570 88.435
168580 88.4388
168590 88.4402
168600 88.4268
168610 88.4064
168620 88.4273
168630 88.5008
168640 88.5454
168650 88.5443
168660 88.5565
168670 88.6118
168680 88.6694
168690 88.6775
168700 88.6806
168710 88.7021
168720 88.718
168730 88.7076
168740 88.6971
168750 88.6825
168760 88.6648
168770 88.6535
168780 88.6646
168790 88.6663
168800 88.6281
168810 88.5925
168820 88.5707
168830 88.5505
168840 88.5299
168850 88.5239
168860 88.5328
168870 88.5412
168880 88.5061
168890 88.4696
168900 88.459
168910 88.4703
168920 88.499
168930 88.5131
168940 88.538
168950 88.5811
168960 88.5883
168970 88.5678
168980 88.5483
168990 88.5555
169000 88.5794
169010 88.6138
169020 88.6377
169030 88.6332
169040 88.6505
169050 88.7016
169060 88.7597
169070 88.7613
169080 88.7279
169090 88.7283
169100 88.7453
169110 88.7405
169120 88.7222
169130 88.7137
169140 88.716
169150 88.7005
169160 88.6943
169170 88.7029
169180 88.7214
169190 88.7295
169200 88.7258
169210 88.7167
169220 88.7032
169230 88.6907
169240 88.7041
169250 88.7415
169260 88.7579
169270 88.7515
169280 88.7635
169290 88.7911
169300 88.8082
169310 88.8238
169320 88.8591
169330 88.8947
169340 88.9013
169350 88.8728
169360 88.8572
169370 88.8925
169380 88.94
169390 88.9356
169400 88.916
169410 88.9606
169420 89.0331
169430 89.0604
169440 89.061
169450 89.0721
169460 89.1095
169470 89.1486
169480 89.1807
169490 89.1874
169500 89.1911
169510 89.2377
169520 89.2895
169530 89.3255
169540 89.377
169550 89.4473
169560 89.5071
169570 89.5373
169580 89.5315
169590 89.5046
169600 89.477
169610 89.4822
169620 89.519
169630 89.5317
169640 89.482
169650 89.4494
169660 89.4755
169670 89.5274
169680 89.5599
169690 89.5834
169700 89.5941
169710 89.6053
169720 89.6363
169730 89.6482
169740 89.6366
169750 89.6128
169760 89.6259
169770 89.6588
169780 89.6679
169790 89.6647
169800 89.6602
169810 89.6671
169820 89.6948
169830 89.7303
169840 89.7378
169850 89.7228
169860 89.7363
169870 89.7496
169880 89.7489
169890 89.7765
169900 89.8097
169910 89.8241
169920 89.8345
169930 89.8567
169940 89.902
169950 89.9434
169960 89.9675
169970 89.9753
169980 89.9767
169990 89.9633
170000 89.9696
170010 90.0004
170020 90.0401
170030 90.0331
170040 90.003
170050 90.0243
170060 90.0776
170070 90.096
170080 90.0825
170090 90.0906
170100 90.1047
170110 90.0826
170120 90.0494
170130 90.0736
170140 90.1345
170150 90.1497
170160 90.1219
170170 90.101
170180 90.1148
170190 90.1511
170200 90.1706
170210 90.1562
170220 90.1766
170230 90.235
170240 90.2558
170250 90.2382
170260 90.2546
170270 90.2758
170280 90.2631
170290 90.2396
170300 90.2257
170310 90.213
170320 90.2152
170330 90.2305
170340 90.2342
170350 90.2018
170360 90.1597
170370 90.1584
170380 90.1563
170390 90.1438
170400 90.1531
170410 90.1555
170420 90.1405
170430 90.1543
170440 90.203
170450 90.248
170460 90.2831
170470 90.2865
170480 90.2751
170490 90.2599
170500 90.262
170510 90.2683
170520 90.2582
170530 90.2323
170540 90.227
170550 90.2687
170560 90.3155
170570 90.323
170580 90.2905
170590 90.2756
170600 90.2844
170610 90.2639
170620 90.2206
170630 90.2238
170640 90.2599
170650 90.2617
170660 90.2361
170670 90.2183
170680 90.2046
170690 90.1713
170700 90.1472
170710 90.1361
170720 90.1359
170730 90.1215
170740 90.0946
170750 90.059
170760 90.0251
170770 89.9782
170780 89.9567
170790 89.9778
170800 89.9835
170810 89.9769
170820 89.9767
170830 89.9498
170840 89.9133
170850 89.9186
170860 89.9352
170870 89.9191
170880 89.8872
170890 89.8761
170900 89.8656
170910 89.8681
170920 89.8723
170930 89.8755
170940 89.8759
170950 89.8579
170960 89.8379
170970 89.8423
170980 89.8819
170990 89.9308
171000 89.9462
171010 89.9305
171020 89.912
171030 89.9317
171040 89.9812
171050 90.0057
171060 90.0048
171070 90.0045
171080 90.0008
171090 90.0119
171100 90.044
171110 90.0395
171120 90.0174
171130 90.0004
171140 89.9858
171150 89.9894
171160 90.0063
171170 90.0359
171180 90.057
171190 90.0545
171200 90.0401
171210 90.0205
171220 90.0134
171230 90.0425
171240 90.0889
171250 90.1074
171260 90.0968
171270 90.1079
171280 90.1274
171290 90.1378
171300 90.1405
171310 90.1575
171320 90.1774
171330 90.1743
171340 90.1655
171350 90.1748
171360 90.1717
171370 90.1491
171380 90.1126
171390 90.0833
171400 90.0887
171410 90.1112
171420 90.1525
171430 90.2003
171440 90.2004
171450 90.169
171460 90.1568
171470 90.1919
171480 90.2523
171490 90.2945
171500 90.3081
171510 90.2776
171520 90.2421
171530 90.2445
171540 90.2677
171550 90.291
171560 90.2961
171570 90.3298
171580 90.3804
171590 90.3983
171600 90.3866
171610 90.4067
171620 90.4231
171630 90.4445
171640 90.463
171650 90.4795
171660 90.486
171670 90.4598
171680 90.4397
171690 90.4487
171700 90.456
171710 90.4602
171720 90.4703
171730 90.4978
171740 90.5215
171750 90.5251
171760 90.5295
171770 90.5143
171780 90.4826
171790 90.4508
171800 90.4706
171810 90.5003
171820 90.5135
171830 90.516
171840 90.5305
171850 90.5529
171860 90.5296
171870 90.4943
171880 90.4703
171890 90.4733
171900 90.4956
171910 90.5028
171920 90.4925
171930 90.5078
171940 90.5288
171950 90.5153
171960 90.5091
171970 90.5145
171980 90.5
171990 90.4613
172000 90.4392
172010 90.4493
172020 90.44
172030 90.4023
172040 90.3861
172050 90.3802
172060 90.3907
172070 90.3827
172080 90.3334
172090 90.2925
172100 90.2912
172110 90.2859
172120 90.2762
172130 90.275
172140 90.2779
172150 90.2473
172160 90.1999
172170 90.1841
172180 90.2057
172190 90.2127
172200 90.207
172210 90.1951
172220 90.1731
172230 90.1582
172240 90.1709
172250 90.1863
172260 90.1872
172270 90.1836
172280 90.1694
172290 90.1562
172300 90.1521
172310 90.1476
172320 90.161
172330 90.1803
172340 90.1826
172350 90.1959
172360 90.2222
172370 90.2457
172380 90.2427
172390 90.215
172400 90.1889
172410 90.2018
172420 90.2491
172430 90.2792
172440 90.3001
172450 90.3012
172460 90.3001
172470 90.3062
172480 90.2972
172490 90.2963
172500 90.3253
172510 90.3525
172520 90.3358
172530 90.2914
172540 90.2717
172550 90.2969
172560 90.3156
172570 90.305
172580 90.3067
172590 90.3313
172600 90.3361
172610 90.3571
172620 90.3809
172630 90.3726
172640 90.351
172650 90.3391
172660 90.3441
172670 90.3432
172680 90.3337
172690 90.3441
172700 90.3702
172710 90.368
172720 90.3719
172730 90.3819
172740 90.3822
172750 90.4095
172760 90.4661
172770 90.4901
172780 90.4667
172790 90.4299
172800 90.4249
172810 90.4485
172820 90.4887
172830 90.5091
172840 90.5113
172850 90.5353
172860 90.5614
172870 90.5491
172880 90.5396
172890 90.5648
172900 90.5588
172910 90.536
172920 90.5714
172930 90.5978
172940 90.5605
172950 90.5091
172960 90.5005
172970 90.4861
172980 90.4699
172990 90.4803
173000 90.4843
173010 90.4688
173020 90.4696
173030 90.4865
173040 90.5268
173050 90.5455
173060 90.5073
173070 90.4677
173080 90.4739
173090 90.5042
173100 90.506
173110 90.4896
173120 90.4891
173130 90.4751
173140 90.4488
173150 90.452
173160 90.4725
173170 90.4852
173180 90.5248
173190 90.5591
173200 90.5579
173210 90.5461
173220 90.5867
173230 90.6394
173240 90.6586
173250 90.6674
173260 90.6731
173270 90.6801
173280 90.6771
173290 90.7091
173300 90.7333
173310 90.679
173320 90.6064
173330 90.6035
173340 90.6286
173350 90.644
173360 90.6594
173370 90.6802
173380 90.7117
173390 90.7488
173400 90.7488
173410 90.7189
173420 90.6917
173430 90.6762
173440 90.6644
173450 90.6439
173460 90.6138
173470 90.6192
173480 90.6596
173490 90.6835
173500 90.6703
173510 90.6628
173520 90.6702
173530 90.6525
173540 90.6204
173550 90.6054
173560 90.6027
173570 90.5811
173580 90.5508
173590 90.548
173600 90.5341
173610 90.4892
173620 90.4838
173630 90.5108
173640 90.5281
173650 90.5543
173660 90.5738
173670 90.5875
173680 90.5967
173690 90.5976
173700 90.588
173710 90.5942
173720 90.6023
173730 90.5731
173740 90.535
173750 90.5377
173760 90.5581
173770 90.5468
173780 90.5355
173790 90.5423
173800 90.5745
173810 90.6057
173820 90.6133
173830 90.6234
173840 90.6761
173850 90.7466
173860 90.7762
173870 90.7761
173880 90.7855
173890 90.8318
173900 90.8425
173910 90.7909
173920 90.7606
173930 90.7678
173940 90.7669
173950 90.7544
173960 90.7413
173970 90.7242
173980 90.7197
173990 90.7007
174000 90.667
174010 90.6334
174020 90.6301
174030 90.6468
174040 90.6427
174050 90.6504
174060 90.7054
174070 90.7531
174080 90.7476
174090 90.6956
174100 90.6475
174110 90.6207
174120 90.6351
174130 90.6872
174140 90.7175
174150 90.6851
174160 90.6615
174170 90.6786
174180 90.6943
174190 90.7019
174200 90.7282
174210 90.7609
174220 90.7781
174230 90.7903
174240 90.7959
174250 90.779
174260 90.7754
174270 90.796
174280 90.849
174290 90.9172
174300 90.9682
174310 91.0122
174320 91.0883
174330 91.1664
174340 91.2007
174350 91.213
174360 91.2244
174370 91.2331
174380 91.2779
174390 91.3363
174400 91.3679
174410 91.3863
174420 91.4143
174430 91.4429
174440 91.4469
174450 91.4232
174460 91.3978
174470 91.3701
174480 91.3442
174490 91.3425
174500 91.3406
174510 91.3301
174520 91.3053
174530 91.3148
174540 91.3597
174550 91.3919
174560 91.3896
174570 91.3677
174580 91.3722
174590 91.3908
174600 91.3795
174610 91.3592
174620 91.3758
174630 91.4191
174640 91.4463
174650 91.4325
174660 91.413
174670 91.4283
174680 91.4351
174690 91.4062
174700 91.3733
174710 91.3524
174720 91.327
174730 91.3202
174740 91.3426
174750 91.3576
174760 91.3538
174770 91.3377
174780 91.3338
174790 91.3657
174800 91.3921
174810 91.378
174820 91.3602
174830 91.3849
174840 91.414
174850 91.4098
174860 91.4354
174870 91.4895
174880 91.5378
174890 91.5691
174900 91.5791
174910 91.595
174920 91.6304
174930 91.6769
174940 91.7088
174950 91.7359
174960 91.7551
174970 91.7502
174980 91.7321
174990 91.741
175000 91.746
175010 91.731
175020 91.7392
175030 91.7651
175040 91.7566
175050 91.7213
175060 91.6963
175070 91.6978
175080 91.7314
175090 91.7442
175100 91.7266
175110 91.7542
175120 91.804
175130 91.811
175140 91.7969
175150 91.7923
175160 91.7706
175170 91.7381
175180 91.7077
175190 91.6739
175200 91.6376
175210 91.6371
175220 91.6705
175230 91.6923
175240 91.6805
175250 91.6562
175260 91.6498
175270 91.64
175280 91.6212
175290 91.6307
175300 91.6645
175310 91.6654
175320 91.6332
175330 91.6225
175340 91.6284
175350 91.6106
175360 91.5885
175370 91.5951
175380 91.5985
175390 91.5802
175400 91.5624
175410 91.5442
175420 91.5528
175430 91.5604
175440 91.5515
175450 91.5233
175460 91.5303
175470 91.5463
175480 91.5233
175490 91.4721
175500 91.4358
175510 91.4458
175520 91.4638
175530 91.4312
175540 91.4325
175550 91.4728
175560 91.4825
175570 91.4613
175580 91.4651
175590 91.5083
175600 91.5301
175610 91.5134
175620 91.4716
175630 91.4642
175640 91.4865
175650 91.5009
175660 91.4826
175670 91.46
175680 91.4553
175690 91.4717
175700 91.5324
175710 91.5906
175720 91.5721
175730 91.5087
175740 91.5027
175750 91.5172
175760 91.4987
175770 91.4889
175780 91.4957
175790 91.4658
175800 91.4561
175810 91.4963
175820 91.5247
175830 91.5279
175840 91.5477
175850 91.5772
175860 91.5909
175870 91.5866
175880 91.5825
175890 91.5845
175900 91.5925
175910 91.5809
175920 91.588
175930 91.6148
175940 91.635
175950 91.6693
175960 91.7378
175970 91.7884
175980 91.8096
175990 91.8546
176000 91.8851
176010 91.9258
176020 91.9843
176030 92.0017
176040 91.9962
176050 91.9997
176060 92.0344
176070 92.0756
176080 92.1163
176090 92.1635
176100 92.2117
176110 92.2264
176120 92.1933
176130 92.1558
176140 92.1379
176150 92.1244
176160 92.1104
176170 92.1085
176180 92.1025
176190 92.0923
176200 92.1192
176210 92.151
176220 92.1302
176230 92.1204
176240 92.1323
176250 92.1148
176260 92.1031
176270 92.1527
176280 92.1996
176290 92.2075
176300 92.2333
176310 92.2722
176320 92.2932
176330 92.311
176340 92.3087
176350 92.2946
176360 92.2905
176370 92.2551
176380 92.219
176390 92.2255
176400 92.2449
176410 92.2648
176420 92.3265
176430 92.4028
176440 92.4072
176450 92.416
176460 92.4892
176470 92.5447
176480 92.562
176490 92.5755
176500 92.5977
176510 92.6187
176520 92.607
176530 92.5707
176540 92.5621
176550 92.5987
176560 92.6514
176570 92.6513
176580 92.6355
176590 92.6594
176600 92.6857
176610 92.6602
176620 92.649
176630 92.6815
176640 92.7101
176650 92.6755
176660 92.6666
176670 92.7011
176680 92.7296
176690 92.7059
176700 92.6535
176710 92.614
176720 92.58
176730 92.5602
176740 92.5424
176750 92.5131
176760 92.4811
176770 92.4544
176780 92.4589
176790 92.4565
176800 92.4164
176810 92.3854
176820 92.4019
176830 92.4037
176840 92.3494
176850 92.2846
176860 92.2698
176870 92.2997
176880 92.3002
176890 92.2706
176900 92.2581
176910 92.2514
176920 92.239
176930 92.2366
176940 92.2239
176950 92.2045
176960 92.1994
176970 92.2216
176980 92.2663
176990 92.2943
177000 92.2942
177010 92.2889
177020 92.3014
177030 92.3336
177040 92.3687
177050 92.3935
177060 92.4145
177070 92.4264
177080 92.4192
177090 92.4102
177100 92.3959
177110 92.3974
177120 92.4168
177130 92.4572
177140 92.4755
177150 92.4477
177160 92.4286
177170 92.4301
177180 92.4257
177190 92.4249
177200 92.4072
177210 92.3733
177220 92.3608
177230 92.3747
177240 92.3677
177250 92.3557
177260 92.3645
177270 92.35
177280 92.3332
177290 92.3463
177300 92.3385
177310 92.2818
177320 92.2662
177330 92.2903
177340 92.2841
177350 92.2596
177360 92.2571
177370 92.2543
177380 92.261
177390 92.2562
177400 92.2336
177410 92.2347
177420 92.2728
177430 92.288
177440 92.2526
177450 92.2597
177460 92.3215
177470 92.3984
177480 92.4525
177490 92.4656
177500 92.4834
177510 92.5049
177520 92.4973
177530 92.4797
177540 92.4911
177550 92.5284
177560 92.5716
177570 92.6059
177580 92.6152
177590 92.6404
177600 92.6772
177610 92.7048
177620 92.717
177630 92.7158
177640 92.7319
177650 92.7481
177660 92.7334
177670 92.7595
177680 92.827
177690 92.863
177700 92.8704
177710 92.8825
177720 92.9086
177730 92.9046
177740 92.8938
177750 92.8905
177760 92.9051
177770 92.9264
177780 92.9234
177790 92.8868
177800 92.8765
177810 92.8983
177820 92.8663
177830 92.7981
177840 92.7858
177850 92.801
177860 92.8073
177870 92.8228
177880 92.8262
177890 92.7834
177900 92.7553
177910 92.8119
177920 92.8719
177930 92.8951
177940 92.9387
177950 93.0106
177960 93.0589
177970 93.0667
177980 93.0842
177990 93.1334
178000 93.1828
178010 93.1834
178020 93.1704
178030 93.1903
178040 93.2178
178050 93.2004
178060 93.1778
178070 93.2018
178080 93.2332
178090 93.2323
178100 93.2628
178110 93.3326
178120 93.361
178130 93.3713
178140 93.4021
178150 93.448
178160 93.4787
178170 93.4904
178180 93.498
178190 93.5137
178200 93.5453
178210 93.5567
178220 93.5469
178230 93.551
178240 93.5817
178250 93.6098
178260 93.6197
178270 93.6154
178280 93.6164
178290 93.6457
178300 93.6542
178310 93.6287
178320 93.6328
178330 93.6729
178340 93.7022
178350 93.7246
178360 93.7446
178370 93.7483
178380 93.7413
178390 93.7385
178400 93.7549
178410 93.7768
178420 93.7886
178430 93.8067
178440 93.8473
178450 93.896
178460 93.9197
178470 93.9365
178480 93.944
178490 93.954
178500 93.9861
178510 94.0066
178520 93.9672
178530 93.9317
178540 93.9806
178550 94.0564
178560 94.0887
178570 94.0947
178580 94.1051
178590 94.1208
178600 94.134
178610 94.1203
178620 94.0692
178630 94.036
178640 94.0433
178650 94.0703
178660 94.1122
178670 94.1457
178680 94.165
178690 94.1735
178700 94.1608
178710 94.1506
178720 94.1765
178730 94.1934
178740 94.209
178750 94.2105
178760 94.2117
178770 94.2414
178780 94.2678
178790 94.2768
178800 94.2532
178810 94.2283
178820 94.2116
178830 94.1996
178840 94.1934
178850 94.203
178860 94.208
178870 94.1731
178880 94.1219
178890 94.1124
178900 94.1196
178910 94.1056
178920 94.0988
178930 94.1193
178940 94.1231
178950 94.0882
178960 94.0569
178970 94.0397
178980 94.0157
178990 93.9956
179000 93.9914
179010 94.0328
179020 94.0706
179030 94.0448
179040 93.9962
179050 93.993
179060 94.0222
179070 94.0324
179080 94.0105
179090 93.99
179100 93.9666
179110 93.9684
179120 93.9998
179130 94.0555
179140 94.1146
179150 94.1515
179160 94.1441
179170 94.1189
179180 94.0885
179190 94.0823
179200 94.0845
179210 94.081
179220 94.1048
179230 94.1549
179240 94.1521
179250 94.1303
179260 94.1492
179270 94.192
179280 94.1825
179290 94.141
179300 94.1278
179310 94.1441
179320 94.1507
179330 94.1525
179340 94.1725
179350 94.2035
179360 94.2305
179370 94.2502
179380 94.2468
179390 94.2204
179400 94.2038
179410 94.188
179420 94.1827
179430 94.1976
179440 94.2378
179450 94.2847
179460 94.3234
179470 94.361
179480 94.4066
179490 94.4733
179500 94.5458
179510 94.5962
179520 94.6192
179530 94.6239
179540 94.6193
179550 94.5956
179560 94.59
179570 94.5996
179580 94.5954
179590 94.576
179600 94.5767
179610 94.6193
179620 94.6457
179630 94.6182
179640 94.5703
179650 94.5526
179660 94.5581
179670 94.5748
179680 94.5741
179690 94.5639
179700 94.5806
179710 94.6263
179720 94.6475
179730 94.6555
179740 94.6695
179750 94.673
179760 94.6235
179770 94.5946
179780 94.6161
179790 94.6358
179800 94.6287
179810 94.6146
179820 94.616
179830 94.6274
179840 94.6505
179850 94.6501
179860 94.6442
179870 94.6517
179880 94.6719
179890 94.6897
179900 94.7102
179910 94.7396
179920 94.7672
179930 94.7832
179940 94.7719
179950 94.7655
179960 94.78
179970 94.7969
179980 94.8137
179990 94.8398
180000 94.8675
180010 94.8684
180020 94.8568
180030 94.8797
180040 94.9034
180050 94.9002
180060 94.8808
180070 94.856
180080 94.8461
180090 94.8528
180100 94.8513
180110 94.8226
180120 94.7758
180130 94.7541
180140 94.7693
180150 94.8119
180160 94.8207
180170 94.7842
180180 94.7725
180190 94.765
180200 94.7567
180210 94.7967
180220 94.8488
180230 94.867
180240 94.8833
180250 94.9215
180260 94.9506
180270 94.9521
180280 94.9403
180290 94.9477
180300 94.9832
180310 94.9936
180320 94.9931
180330 95.0011
180340 94.9884
180350 94.9482
180360 94.9374
180370 94.9965
180380 95.0339
180390 95.0423
180400 95.0999
180410 95.165
180420 95.1515
180430 95.0897
180440 95.0633
180450 95.0679
180460 95.0563
180470 95.0276
180480 95.0302
180490 95.0378
180500 95.0034
180510 94.9753
180520 94.9691
180530 94.957
180540 94.9214
180550 94.9022
180560 94.8966
180570 94.8642
180580 94.8167
180590 94.8074
180600 94.8311
180610 94.8364
180620 94.8385
180630 94.8506
180640 94.8521
180650 94.8705
180660 94.9012
180670 94.9169
180680 94.9376
180690 94.9488
180700 94.9224
180710 94.8872
180720 94.8642
180730 94.8481
180740 94.8458
180750 94.8697
180760 94.9165
180770 94.9714
180780 94.9707
180790 94.9284
180800 94.9216
180810 94.9617
180820 95.002
180830 95.0301
180840 95.0271
180850 95.0113
180860 95.0291
180870 95.0517
180880 95.0567
180890 95.0545
180900 95.0869
180910 95.0969
180920 95.0789
180930 95.0638
180940 95.0689
180950 95.0637
180960 95.0681
180970 95.0899
180980 95.0765
180990 95.0611
181000 95.0665
181010 95.0758
181020 95.098
181030 95.0967
181040 95.0463
181050 95.0079
181060 95.034
181070 95.0704
181080 95.0598
181090 95.0284
181100 95.016
181110 95.0196
181120 95.0233
181130 95.0078
181140 94.99
181150 94.9957
181160 95.0223
181170 95.0639
181180 95.1001
181190 95.1179
181200 95.1345
181210 95.1487
181220 95.1642
181230 95.1874
181240 95.2304
181250 95.2298
181260 95.2066
181270 95.2122
181280 95.249
181290 95.2853
181300 95.299
181310 95.2993
181320 95.3054
181330 95.3269
181340 95.3457
181350 95.3136
181360 95.2797
181370 95.2819
181380 95.3098
181390 95.313
181400 95.2806
181410 95.2112
181420 95.1465
181430 95.1304
181440 95.1306
181450 95.0854
181460 95.0268
181470 95.0204
181480 95.0461
181490 95.0432
181500 95.009
181510 94.9884
181520 95.0203
181530 95.0678
181540 95.0652
181550 95.0556
181560 95.0725
181570 95.0838
181580 95.0875
181590 95.1055
181600 95.1126
181610 95.0948
181620 95.1069
181630 95.1423
181640 95.1718
181650 95.1969
181660 95.2098
181670 95.2151
181680 95.2229
181690 95.2635
181700 95.279
181710 95.2555
181720 95.233
181730 95.2173
181740 95.2078
181750 95.205
181760 95.174
181770 95.1305
181780 95.0852
181790 95.0369
181800 95.0283
181810 95.0797
181820 95.1044
181830 95.0725
181840 95.0591
181850 95.0858
181860 95.1194
181870 95.1317
181880 95.1242
181890 95.1207
181900 95.1279
181910 95.1413
181920 95.129
181930 95.1371
181940 95.1895
181950 95.2211
181960 95.2295
181970 95.2544
181980 95.2724
181990 95.2639
182000 95.2463
182010 95.2248
182020 95.199
182030 95.1622
182040 95.1591
182050 95.1956
182060 95.2278
182070 95.2175
182080 95.2054
182090 95.209
182100 95.2121
182110 95.2183
182120 95.2291
182130 95.2303
182140 95.2069
182150 95.1998
182160 95.203
182170 95.1604
182180 95.1099
182190 95.0776
182200 95.0811
182210 95.1057
182220 95.1283
182230 95.1654
182240 95.2059
182250 95.2081
182260 95.1605
182270 95.1296
182280 95.0971
182290 95.0647
182300 95.0519
182310 95.0441
182320 95.0262
182330 95.0174
182340 95.0542
182350 95.1182
182360 95.1677
182370 95.205
182380 95.2158
182390 95.2256
182400 95.2635
182410 95.2853
182420 95.2804
182430 95.2965
182440 95.3372
182450 95.372
182460 95.3795
182470 95.401
182480 95.3968
182490 95.3803
182500 95.3993
182510 95.4088
182520 95.3928
182530 95.3946
182540 95.4374
182550 95.455
182560 95.4311
182570 95.4232
182580 95.4588
182590 95.5273
182600 95.5666
182610 95.5449
182620 95.5255
182630 95.5391
182640 95.5429
182650 95.5424
182660 95.5345
182670 95.5164
182680 95.5247
182690 95.5219
182700 95.4993
182710 95.4994
182720 95.5128
182730 95.5293
182740 95.5582
182750 95.608
182760 95.6474
182770 95.6606
182780 95.6625
182790 95.6724
182800 95.7123
182810 95.7307
182820 95.7097
182830 95.6932
182840 95.6965
182850 95.6747
182860 95.6471
182870 95.6548
182880 95.6624
182890 95.6615
182900 95.6947
182910 95.723
182920 95.7297
182930 95.7373
182940 95.7249
182950 95.6869
182960 95.6628
182970 95.675
182980 95.7133
182990 95.7359
183000 95.7191
183010 95.7169
183020 95.7549
183030 95.7717
183040 95.7895
183050 95.8415
183060 95.8678
183070 95.8572
183080 95.8577
183090 95.8862
183100 95.9062
183110 95.9252
183120 95.9196
183130 95.8963
183140 95.8936
183150 95.8911
183160 95.9076
183170 95.9159
183180 95.8976
183190 95.8754
183200 95.9042
183210 95.9486
183220 95.941
183230 95.9252
183240 95.9373
183250 95.9235
183260 95.9031
183270 95.9216
183280 95.937
183290 95.9178
183300 95.9095
183310 95.928
183320 95.941
183330 95.9253
183340 95.9087
183350 95.9349
183360 95.9609
183370 95.9384
183380 95.8686
183390 95.8174
183400 95.7949
183410 95.7936
183420 95.8306
183430 95.8865
183440 95.9202
183450 95.9099
183460 95.877
183470 95.8939
183480 95.9408
183490 95.9596
183500 95.9518
183510 95.9733
183520 96.0131
183530 96.0366
183540 96.047
183550 96.0464
183560 96.0392
183570 96.04
183580 96.0404
183590 96.0693
183600 96.1215
183610 96.1596
183620 96.1806
183630 96.2245
183640 96.3135
183650 96.3736
183660 96.3855
183670 96.3627
183680 96.3351
183690 96.3271
183700 96.3484
183710 96.366
183720 96.3832
183730 96.444
183740 96.4984
183750 96.5168
183760 96.5343
183770 96.5571
183780 96.5783
183790 96.5822
183800 96.5671
183810 96.5566
183820 96.5156
183830 96.4555
183840 96.3914
183850 96.3248
183860 96.31
183870 96.3526
183880 96.4016
183890 96.4636
183900 96.5126
183910 96.5192
183920 96.5242
183930 96.5622
183940 96.6019
183950 96.6222
183960 96.65
183970 96.679
183980 96.7033
183990 96.7393
184000 96.7379
184010 96.7039
184020 96.681
184030 96.6983
184040 96.7608
184050 96.814
184060 96.8001
184070 96.7841
184080 96.7965
184090 96.7943
184100 96.7964
184110 96.8565
184120 96.9229
184130 96.9566
184140 96.9787
184150 97.0333
184160 97.0735
184170 97.0802
184180 97.048
184190 97.0338
184200 97.0717
184210 97.0979
184220 97.1079
184230 97.1451
184240 97.2039
184250 97.228
184260 97.2309
184270 97.2391
184280 97.2266
184290 97.2239
184300 97.2026
184310 97.1689
184320 97.1465
184330 97.1394
184340 97.1306
184350 97.0928
184360 97.0767
184370 97.0881
184380 97.0802
184390 97.0462
184400 97.0368
184410 97.049
184420 97.0324
184430 97.0087
184440 97.0301
184450 97.0563
184460 97.0607
184470 97.0461
184480 97.0444
184490 97.0695
184500 97.1219
184510 97.155
184520 97.1281
184530 97.1016
184540 97.1403
184550 97.193
184560 97.1776
184570 97.1264
184580 97.07
184590 97.0393
184600 97.0323
184610 97.0262
184620 97.0279
184630 97.0361
184640 97.0292
184650 97.0253
184660 97.0487
184670 97.0652
184680 97.0432
184690 97.0257
184700 97.0186
184710 96.9928
184720 96.9938
184730 97.02
184740 97.0223
184750 97.0204
184760 97.0346
184770 97.0513
184780 97.0694
184790 97.0788
184800 97.0765
184810 97.0688
184820 97.0775
184830 97.097
184840 97.089
184850 97.0652
184860 97.0659
184870 97.1008
184880 97.1493
184890 97.1873
184900 97.2327
184910 97.2737
184920 97.2942
184930 97.3102
184940 97.3548
184950 97.414
184960 97.4442
184970 97.4723
184980 97.4735
184990 97.4475
185000 97.43
185010 97.4504
185020 97.4785
185030 97.4623
185040 97.4068
185050 97.3851
185060 97.4054
185070 97.4537
185080 97.4995
185090 97.5181
185100 97.4838
185110 97.4318
185120 97.4043
185130 97.3589
185140 97.2837
185150 97.2253
185160 97.203
185170 97.1784
185180 97.1367
185190 97.1418
185200 97.1548
185210 97.1299
185220 97.0821
185230 97.037
185240 97.0024
185250 96.973
185260 96.9308
185270 96.892
185280 96.8739
185290 96.8444
185300 96.7899
185310 96.7878
185320 96.8348
185330 96.8457
185340 96.8031
185350 96.8163
185360 96.9054
185370 96.9643
185380 96.976
185390 96.9888
185400 96.9931
185410 96.9758
185420 96.9533
185430 96.9332
185440 96.9559
185450 97.0354
185460 97.1068
185470 97.1484
185480 97.1743
185490 97.2058
185500 97.2223
185510 97.2244
185520 97.2372
185530 97.2182
185540 97.1572
185550 97.1196
185560 97.1306
185570 97.1508
185580 97.1297
185590 97.099
185600 97.1177
185610 97.1555
185620 97.1621
185630 97.2014
185640 97.2565
185650 97.2653
185660 97.2436
185670 97.2564
185680 97.2889
185690 97.3117
185700 97.3265
185710 97.3615
185720 97.3957
185730 97.3991
185740 97.3894
185750 97.3843
185760 97.3709
185770 97.3309
185780 97.289
185790 97.2712
185800 97.254
185810 97.2207
185820 97.1822
185830 97.1575
185840 97.1349
185850 97.1076
185860 97.081
185870 97.0933
185880 97.1407
185890 97.1455
185900 97.0978
185910 97.0731
185920 97.0945
185930 97.1347
185940 97.1425
185950 97.1399
185960 97.1308
185970 97.1163
185980 97.1247
185990 97.1491
186000 97.1617
186010 97.1641
186020 97.1144
186030 97.0659
186040 97.0478
186050 97.054
186060 97.0734
186070 97.0835
186080 97.0826
186090 97.0532
186100 97.0025
186110 96.9627
186120 96.9449
186130 96.9536
186140 96.9629
186150 96.9541
186160 96.961
186170 97.0097
186180 97.0786
186190 97.1359
186200 97.1662
186210 97.1587
186220 97.1864
186230 97.2407
186240 97.2495
186250 97.2204
186260 97.2099
186270 97.209
186280 97.2124
186290 97.221
186300 97.2266
186310 97.2128
186320 97.2185
186330 97.2423
186340 97.2555
186350 97.2524
186360 97.243
186370 97.2363
186380 97.2456
186390 97.2734
186400 97.2914
186410 97.301
186420 97.3238
186430 97.3389
186440 97.3333
186450 97.3318
186460 97.3408
186470 97.333
186480 97.318
186490 97.326
186500 97.3801
186510 97.4342
186520 97.4319
186530 97.4064
186540 97.3829
186550 97.3706
186560 97.3917
186570 97.4494
186580 97.5028
186590 97.4962
186600 97.4577
186610 97.4479
186620 97.5107
186630 97.5824
186640 97.5996
186650 97.5789
186660 97.5849
186670 97.6046
186680 97.6192
186690 97.6254
186700 97.6297
186710 97.651
186720 97.7001
186730 97.74
186740 97.7462
186750 97.7598
186760 97.7997
186770 97.8476
186780 97.8859
186790 97.9208
186800 97.9525
186810 97.9534
186820 97.9283
186830 97.9075
186840 97.9263
186850 97.9446
186860 97.9459
186870 97.9628
186880 97.9744
186890 97.9634
186900 97.9568
186910 97.984
186920 98.0176
186930 98.0398
186940 98.0356
186950 97.9953
186960 97.9246
186970 97.8703
186980 97.8548
186990 97.8323
187000 97.8007
187010 97.7979
187020 97.8189
187030 97.851
187040 97.8884
187050 97.9012
187060 97.8862
187070 97.8798
187080 97.8978
187090 97.9296
187100 97.9549
187110 97.9906
187120 98.0329
187130 98.0364
187140 98.0489
187150 98.0808
187160 98.1087
187170 98.1442
187180 98.1998
187190 98.2427
187200 98.2555
187210 98.2867
187220 98.3338
187230 98.3672
187240 98.3686
187250 98.3476
187260 98.3446
187270 98.3749
187280 98.4061
187290 98.3782
187300 98.3318
187310 98.3215
187320 98.3307
187330 98.3327
187340 98.3333
187350 98.3458
187360 98.3081
187370 98.2291
187380 98.2127
187390 98.2269
187400 98.1827
187410 98.1049
187420 98.0807
187430 98.0808
187440 98.0595
187450 98.0712
187460 98.0925
187470 98.0694
187480 98.0261
187490 98.0033
187500 97.9823
187510 98.0116
187520 98.0719
187530 98.0977
187540 98.0913
187550 98.0695
187560 98.0331
187570 98.0106
187580 98.02
187590 98.0547
187600 98.0802
187610 98.0841
187620 98.1084
187630 98.1558
187640 98.2
187650 98.2441
187660 98.2816
187670 98.303
187680 98.318
187690 98.3412
187700 98.3544
187710 98.3574
187720 98.3772
187730 98.3944
187740 98.4048
187750 98.3811
187760 98.3243
187770 98.2761
187780 98.2417
187790 98.2175
187800 98.2058
187810 98.2138
187820 98.2622
187830 98.3349
187840 98.3828
187850 98.418
187860 98.4647
187870 98.4777
187880 98.4469
187890 98.4183
187900 98.428
187910 98.4312
187920 98.4269
187930 98.418
187940 98.4322
187950 98.4745
187960 98.4888
187970 98.468
187980 98.4819
187990 98.5299
188000 98.5691
188010 98.581
188020 98.5981
188030 98.6356
188040 98.7032
188050 98.7533
188060 98.7876
188070 98.817
188080 98.807
188090 98.7497
188100 98.7125
188110 98.738
188120 98.7953
188130 98.8378
188140 98.8827
188150 98.9474
188160 98.9964
188170 99.0104
188180 99.0354
188190 99.0494
188200 99.037
188210 99.0225
188220 99.016
188230 99.0159
188240 99.0225
188250 99.0482
188260 99.0744
188270 99.0845
188280 99.0834
188290 99.1029
188300 99.1454
188310 99.1666
188320 99.1407
188330 99.105
188340 99.1046
188350 99.116
188360 99.0956
188370 99.0973
188380 99.1122
188390 99.1132
188400 99.1446
188410 99.2342
188420 99.3114
188430 99.3008
188440 99.2568
188450 99.2332
188460 99.218
188470 99.2076
188480 99.1914
188490 99.1753
188500 99.1826
188510 99.2304
188520 99.2778
188530 99.2815
188540 99.2507
188550 99.2259
188560 99.2287
188570 99.2581
188580 99.2717
188590 99.2398
188600 99.1874
188610 99.1662
188620 99.1842
188630 99.2032
188640 99.2201
188650 99.2385
188660 99.2528
188670 99.2791
188680 99.3271
188690 99.3444
188700 99.3277
188710 99.3071
188720 99.3049
188730 99.3476
188740 99.3941
188750 99.4395
188760 99.458
188770 99.466
188780 99.4653
188790 99.4411
188800 99.402
188810 99.3672
188820 99.3591
188830 99.3605
188840 99.3614
188850 99.3417
188860 99.29
188870 99.2735
188880 99.291
188890 99.2918
188900 99.2594
188910 99.2136
188920 99.1947
188930 99.2204
188940 99.2499
188950 99.2461
188960 99.2481
188970 99.2719
188980 99.2627
188990 99.235
189000 99.2237
189010 99.2319
189020 99.258
189030 99.2857
189040 99.3173
189050 99.37
189060 99.3871
189070 99.3763
189080 99.3948
189090 99.4336
189100 99.4213
189110 99.3806
189120 99.3653
189130 99.3794
189140 99.3765
189150 99.3666
189160 99.3719
189170 99.3959
189180 99.405
189190 99.407
189200 99.4114
189210 99.4064
189220 99.3931
189230 99.3644
189240 99.371
189250 99.4253
189260 99.4601
189270 99.4445
189280 99.4614
189290 99.5282
189300 99.5772
189310 99.5809
189320 99.5982
189330 99.6415
189340 99.6288
189350 99.6073
189360 99.6574
189370 99.7295
189380 99.7582
189390 99.7425
189400 99.7277
189410 99.7472
189420 99.7521
189430 99.7299
189440 99.7236
189450 99.7359
189460 99.7552
189470 99.7316
189480 99.7195
189490 99.7313
189500 99.7279
189510 99.6699
189520 99.5987
189530 99.5916
189540 99.6558
189550 99.7009
189560 99.6886
189570 99.6695
189580 99.6735
189590 99.6777
189600 99.7228
189610 99.7706
189620 99.7889
189630 99.7981
189640 99.7897
189650 99.7573
189660 99.7291
189670 99.7371
189680 99.7548
189690 99.7507
189700 99.7417
189710 99.7381
189720 99.7466
189730 99.7639
189740 99.7642
189750 99.7606
189760 99.7601
189770 99.7333
189780 99.7153
189790 99.7193
189800 99.6792
189810 99.6246
189820 99.622
189830 99.6565
189840 99.676
189850 99.7088
189860 99.7771
189870 99.8285
189880 99.824
189890 99.8075
189900 99.8336
189910 99.8775
189920 99.8889
189930 99.8748
189940 99.8702
189950 99.8751
189960 99.8627
189970 99.8485
189980 99.8546
189990 99.8548
190000 99.8349
190010 99.8315
190020 99.8495
190030 99.8384
190040 99.8411
190050 99.8394
190060 99.8021
190070 99.7524
190080 99.7237
190090 99.7022
190100 99.7045
190110 99.7471
190120 99.8113
190130 99.8625
190140 99.8917
190150 99.9111
190160 99.9422
190170 99.9517
190180 99.9343
190190 99.911
190200 99.9232
190210 99.9375
190220 99.9444
190230 99.9493
190240 99.9438
190250 99.9369
190260 99.9362
190270 99.957
190280 99.9756
190290 99.9642
190300 99.9184
190310 99.9157
190320 99.9524
190330 99.9683
190340 99.9847
190350 100.049
190360 100.096
190370 100.113
190380 100.105
190390 100.1
190400 100.096
190410 100.101
190420 100.121
190430 100.158
190440 100.183
190450 100.184
190460 100.182
190470 100.22
190480 100.255
190490 100.29
190500 100.302
190510 100.276
190520 100.222
190530 100.169
190540 100.138
190550 100.124
190560 100.134
190570 100.16
190580 100.151
190590 100.123
190600 100.122
190610 100.148
190620 100.159
190630 100.172
190640 100.192
190650 100.196
190660 100.19
190670 100.217
190680 100.262
190690 100.322
190700 100.361
190710 100.388
190720 100.417
190730 100.427
190740 100.392
190750 100.369
190760 100.398
190770 100.434
190780 100.443
190790 100.439
190800 100.461
190810 100.485
190820 100.503
190830 100.506
190840 100.505
190850 100.519
190860 100.555
190870 100.579
190880 100.574
190890 100.597
190900 100.647
190910 100.704
190920 100.734
190930 100.724
190940 100.705
190950 100.731
190960 100.783
190970 100.824
190980 100.843
190990 100.858
191000 100.841
191010 100.805
191020 100.798
191030 100.8
191040 100.767
191050 100.759
191060 100.78
191070 100.798
191080 100.782
191090 100.76
191100 100.749
191110 100.763
191120 100.796
191130 100.81
191140 100.801
191150 100.791
191160 100.814
191170 100.858
191180 100.872
191190 100.871
191200 100.904
191210 100.951
191220 100.953
191230 100.927
191240 100.896
191250 100.879
191260 100.907
191270 100.991
191280 101.029
191290 101.037
191300 101.084
191310 101.162
191320 101.203
191330 101.195
191340 101.167
191350 101.168
191360 101.185
191370 101.178
191380 101.129
191390 101.085
191400 101.062
191410 101.033
191420 100.98
191430 100.951
191440 100.954
191450 100.961
191460 100.942
191470 100.902
191480 100.859
191490 100.835
191500 100.813
191510 100.75
191520 100.702
191530 100.691
191540 100.665
191550 100.664
191560 100.693
191570 100.717
191580 100.743
191590 100.795
191600 100.841
191610 100.849
191620 100.85
191630 100.884
191640 100.932
191650 100.95
191660 100.934
191670 100.889
191680 100.829
191690 100.803
191700 100.825
191710 100.832
191720 100.833
191730 100.854
191740 100.868
191750 100.875
191760 100.874
191770 100.857
191780 100.846
191790 100.83
191800 100.819
191810 100.804
191820 100.788
191830 100.778
191840 100.79
191850 100.835
191860 100.903
191870 100.965
191880 101.006
191890 101.05
191900 101.086
191910 101.109
191920 101.14
191930 101.158
191940 101.111
191950 101.041
191960 101.017
191970 101.025
191980 101.004
191990 100.987
192000 101.005
192010 101.017
192020 101.045
192030 101.107
192040 101.131
192050 101.109
192060 101.131
192070 101.177
192080 101.169
192090 101.145
192100 101.16
192110 101.198
192120 101.226
192130 101.241
192140 101.257
192150 101.287
192160 101.305
192170 101.317
192180 101.346
192190 101.346
192200 101.318
192210 101.308
192220 101.306
192230 101.285
192240 101.231
192250 101.173
192260 101.115
192270 101.09
192280 101.124
192290 101.178
192300 101.18
192310 101.144
192320 101.124
192330 101.159
192340 101.202
192350 101.202
192360 101.144
192370 101.112
192380 101.129
192390 101.147
192400 101.127
192410 101.081
192420 101.042
192430 101.048
192440 101.082
192450 101.082
192460 101.04
192470 101.017
192480 101.013
192490 101.007
192500 100.998
192510 100.996
192520 100.992
192530 100.997
192540 100.991
192550 100.985
192560 100.992
192570 101.007
192580 101.02
192590 101.038
192600 101.056
192610 101.072
192620 101.078
192630 101.094
192640 101.118
192650 101.143
192660 101.155
192670 101.169
192680 101.209
192690 101.276
192700 101.344
192710 101.396
192720 101.441
192730 101.492
192740 101.55
192750 101.592
192760 101.603
192770 101.613
192780 101.649
192790 101.65
192800 101.607
192810 101.555
192820 101.539
192830 101.515
192840 101.498
192850 101.513
192860 101.528
192870 101.542
192880 101.556
192890 101.588
192900 101.601
192910 101.575
192920 101.537
192930 101.522
192940 101.547
192950 101.611
192960 101.643
192970 101.656
192980 101.666
192990 101.689
193000 101.711
193010 101.705
193020 101.687
193030 101.696
193040 101.721
193050 101.77
193060 101.82
193070 101.846
193080 101.879
193090 101.939
193100 101.992
193110 101.996
193120 101.991
193130 102.009
193140 102.046
193150 102.048
193160 102.028
193170 102.027
193180 102.031
193190 101.992
193200 101.952
193210 101.933
193220 101.902
193230 101.852
193240 101.793
193250 101.743
193260 101.726
193270 101.768
193280 101.815
193290 101.801
193300 101.759
193310 101.733
193320 101.749
193330 101.784
193340 101.803
193350 101.782
193360 101.747
193370 101.727
193380 101.732
193390 101.735
193400 101.739
193410 101.756
193420 101.768
193430 101.744
193440 101.715
193450 101.712
193460 101.737
193470 101.763
193480 101.761
193490 101.733
193500 101.698
193510 101.696
193520 101.703
193530 101.675
193540 101.654
193550 101.676
193560 101.68
193570 101.626
193580 101.572
193590 101.558
193600 101.539
193610 101.48
193620 101.409
193630 101.375
193640 101.351
193650 101.328
193660 101.307
193670 101.298
193680 101.293
193690 101.304
193700 101.319
193710 101.332
193720 101.342
193730 101.308
193740 101.237
193750 101.21
193760 101.242
193770 101.231
193780 101.156
193790 101.098
193800 101.112
193810 101.106
193820 101.061
193830 101.027
193840 101.03
193850 101.037
193860 101.033
193870 101.022
193880 101.023
193890 101.004
193900 100.978
193910 100.96
193920 100.934
193930 100.927
193940 100.961
193950 101.006
193960 101.022
193970 100.996
193980 100.972
193990 100.943
194000 100.909
194010 100.892
194020 100.898
194030 100.909
194040 100.911
194050 100.921
194060 100.952
194070 100.982
194080 101.015
194090 101.027
194100 101.033
194110 101.03
194120 101.03
194130 101.036
194140 101.018
194150 100.99
194160 100.975
194170 100.962
194180 100.932
194190 100.93
194200 100.984
194210 101.015
194220 101.007
194230 101.015
194240 101.053
194250 101.078
194260 101.081
194270 101.074
194280 101.085
194290 101.112
194300 101.141
194310 101.13
194320 101.118
194330 101.078
194340 101.044
194350 101.095
194360 101.154
194370 101.163
194380 101.179
194390 101.241
194400 101.291
194410 101.282
194420 101.278
194430 101.314
194440 101.346
194450 101.34
194460 101.329
194470 101.347
194480 101.353
194490 101.341
194500 101.341
194510 101.347
194520 101.369
194530 101.393
194540 101.416
194550 101.447
194560 101.49
194570 101.495
194580 101.504
194590 101.534
194600 101.565
194610 101.568
194620 101.574
194630 101.606
194640 101.622
194650 101.612
194660 101.623
194670 101.664
194680 101.701
194690 101.709
194700 101.727
194710 101.784
194720 101.826
194730 101.831
194740 101.859
194750 101.94
194760 102.026
194770 102.04
194780 102.015
194790 101.983
194800 101.948
194810 101.884
194820 101.869
194830 101.896
194840 101.876
194850 101.855
194860 101.913
194870 101.977
194880 101.975
194890 101.973
194900 101.998
194910 102.006
194920 102.009
194930 102.04
194940 102.059
194950 102.057
194960 102.104
194970 102.194
194980 102.266
194990 102.28
195000 102.28
195010 102.279
195020 102.302
195030 102.361
195040 102.424
195050 102.442
195060 102.425
195070 102.427
195080 102.421
195090 102.393
195100 102.364
195110 102.35
195120 102.336
195130 102.302
195140 102.233
195150 102.181
195160 102.162
195170 102.151
195180 102.108
195190 102.072
195200 102.073
195210 102.091
195220 102.099
195230 102.092
195240 102.056
195250 102.033
195260 102.049
195270 102.052
195280 102.034
195290 102.002
195300 101.962
195310 101.938
195320 101.973
195330 102.012
195340 101.984
195350 101.916
195360 101.903
195370 101.925
195380 101.933
195390 101.931
195400 101.946
195410 101.976
195420 101.999
195430 102.001
195440 101.993
195450 102.006
195460 102.032
195470 102.013
195480 101.985
195490 102.007
195500 102.017
195510 101.967
195520 101.96
195530 102.033
195540 102.072
195550 102.034
195560 102.007
195570 102.045
195580 102.062
195590 102.04
195600 101.996
195610 101.968
195620 101.968
195630 101.987
195640 102.002
195650 102.033
195660 102.079
195670 102.113
195680 102.127
195690 102.156
195700 102.188
195710 102.189
195720 102.167
195730 102.155
195740 102.151
195750 102.143
195760 102.18
195770 102.259
195780 102.296
195790 102.293
195800 102.272
195810 102.247
195820 102.255
195830 102.272
195840 102.267
195850 102.249
195860 102.235
195870 102.212
195880 102.186
195890 102.177
195900 102.195
195910 102.212
195920 102.213
195930 102.213
195940 102.215
195950 102.213
195960 102.195
195970 102.173
195980 102.167
195990 102.192
196000 102.235
196010 102.258
196020 102.254
196030 102.256
196040 102.297
196050 102.359
196060 102.381
196070 102.373
196080 102.385
196090 102.394
196100 102.387
196110 102.405
196120 102.439
196130 102.447
196140 102.436
196150 102.451
196160 102.466
196170 102.47
196180 102.415
196190 102.322
196200 102.26
196210 102.272
196220 102.307
196230 102.322
196240 102.327
196250 102.329
196260 102.331
196270 102.33
196280 102.353
196290 102.419
196300 102.491
196310 102.54
196320 102.545
196330 102.555
196340 102.565
196350 102.541
196360 102.505
196370 102.495
196380 102.503
196390 102.523
196400 102.524
196410 102.511
196420 102.486
196430 102.457
196440 102.424
196450 102.407
196460 102.405
196470 102.398
196480 102.423
196490 102.448
196500 102.456
196510 102.468
196520 102.477
196530 102.48
196540 102.495
196550 102.547
196560 102.611
196570 102.645
196580 102.627
196590 102.596
196600 102.583
196610 102.559
196620 102.517
196630 102.493
196640 102.49
196650 102.494
196660 102.509
196670 102.549
196680 102.58
196690 102.552
196700 102.536
196710 102.554
196720 102.559
196730 102.547
196740 102.545
196750 102.563
196760 102.595
196770 102.591
196780 102.548
196790 102.545
196800 102.6
196810 102.627
196820 102.586
196830 102.549
196840 102.544
196850 102.523
196860 102.489
196870 102.478
196880 102.501
196890 102.519
196900 102.498
196910 102.492
196920 102.547
196930 102.592
196940 102.601
196950 102.614
196960 102.615
196970 102.595
196980 102.592
196990 102.602
197000 102.593
197010 102.579
197020 102.559
197030 102.537
197040 102.567
197050 102.616
197060 102.629
197070 102.642
197080 102.689
197090 102.747
197100 102.774
197110 102.765
197120 102.734
197130 102.762
197140 102.834
197150 102.844
197160 102.8
197170 102.767
197180 102.789
197190 102.853
197200 102.897
197210 102.88
197220 102.852
197230 102.87
197240 102.912
197250 102.89
197260 102.835
197270 102.838
197280 102.896
197290 102.934
197300 102.932
197310 102.923
197320 102.915
197330 102.92
197340 102.944
197350 102.927
197360 102.886
197370 102.88
197380 102.884
197390 102.874
197400 102.872
197410 102.891
197420 102.911
197430 102.909
197440 102.896
197450 102.914
197460 102.947
197470 102.997
197480 103.032
197490 103.045
197500 103.049
197510 103.076
197520 103.102
197530 103.113
197540 103.107
197550 103.126
197560 103.161
197570 103.183
197580 103.181
197590 103.159
197600 103.143
197610 103.156
197620 103.17
197630 103.181
197640 103.204
197650 103.204
197660 103.175
197670 103.141
197680 103.139
197690 103.15
197700 103.138
197710 103.126
197720 103.121
197730 103.111
197740 103.115
197750 103.126
197760 103.077
197770 103.015
197780 103.029
197790 103.067
197800 103.037
197810 102.996
197820 103.005
197830 103.018
197840 102.996
197850 102.987
197860 103.011
197870 103.009
197880 102.983
197890 102.981
197900 102.973
197910 102.975
197920 103.001
197930 102.982
197940 102.927
197950 102.909
197960 102.957
197970 102.985
197980 102.985
197990 103.005
198000 103.029
198010 103.032
198020 103.032
198030 103.032
198040 103.009
198050 103.006
198060 103.046
198070 103.11
198080 103.13
198090 103.128
198100 103.127
198110 103.102
198120 103.045
198130 103.01
198140 103.014
198150 103.035
198160 103.038
198170 103.029
198180 103.008
198190 102.971
198200 102.95
198210 102.948
198220 102.983
198230 103.008
198240 102.998
198250 103.004
198260 103.053
198270 103.087
198280 103.082
198290 103.067
198300 103.067
198310 103.025
198320 102.966
198330 102.941
198340 102.941
198350 102.945
198360 102.927
198370 102.906
198380 102.927
198390 102.966
198400 102.979
198410 102.959
198420 102.925
198430 102.916
198440 102.932
198450 102.931
198460 102.941
198470 102.964
198480 102.987
198490 102.994
198500 102.983
198510 102.965
198520 102.939
198530 102.913
198540 102.916
198550 102.94
198560 102.958
198570 102.954
198580 102.923
198590 102.926
198600 103.008
198610 103.108
198620 103.157
198630 103.181
198640 103.206
198650 103.223
198660 103.227
198670 103.212
198680 103.175
198690 103.145
198700 103.164
198710 103.19
198720 103.218
198730 103.261
198740 103.303
198750 103.298
198760 103.266
198770 103.273
198780 103.291
198790 103.284
198800 103.257
198810 103.236
198820 103.242
198830 103.263
198840 103.3
198850 103.323
198860 103.325
198870 103.361
198880 103.407
198890 103.443
198900 103.502
198910 103.523
198920 103.487
198930 103.451
198940 103.454
198950 103.486
198960 103.531
198970 103.545
198980 103.558
198990 103.586
199000 103.63
199010 103.626
199020 103.59
199030 103.597
199040 103.63
199050 103.658
199060 103.669
199070 103.647
199080 103.612
199090 103.591
199100 103.609
199110 103.653
199120 103.692
199130 103.699
199140 103.672
199150 103.664
199160 103.694
199170 103.738
199180 103.778
199190 103.8
199200 103.821
199210 103.86
199220 103.887
199230 103.903
199240 103.94
199250 103.975
199260 103.97
199270 103.966
199280 103.981
199290 103.944
199300 103.893
199310 103.904
199320 103.925
199330 103.899
199340 103.859
199350 103.847
199360 103.861
199370 103.896
199380 103.932
199390 103.934
199400 103.924
199410 103.967
199420 104.019
199430 104.003
199440 103.963
199450 103.963
199460 103.978
199470 103.988
199480 103.981
199490 103.967
199500 103.946
199510 103.932
199520 103.946
199530 103.963
199540 103.973
199550 103.982
199560 103.998
199570 103.988
199580 103.97
199590 103.974
199600 103.979
199610 103.993
199620 104.047
199630 104.069
199640 104.068
199650 104.078
199660 104.101
199670 104.11
199680 104.124
199690 104.128
199700 104.122
199710 104.137
199720 104.16
199730 104.138
199740 104.088
199750 104.086
199760 104.126
199770 104.154
199780 104.148
199790 104.132
199800 104.13
199810 104.134
199820 104.121
199830 104.073
199840 104.035
199850 104.032
199860 104.026
199870 104.02
199880 104.037
199890 104.057
199900 104.077
199910 104.085
199920 104.08
199930 104.08
199940 104.062
199950 104.034
199960 104.012
199970 104.033
199980 104.083
199990 104.141
200000 104.155
