# Time-averaged data for fix msdk
# TimeStep c_mk[4]
0 1.53177e-32
10 0.0021317
20 0.00829544
30 0.0178148
40 0.0298665
50 0.0436905
60 0.0586939
70 0.0743542
80 0.090407
90 0.106932
100 0.123855
110 0.140786
120 0.157181
130 0.172604
140 0.186995
150 0.200405
160 0.21316
170 0.225838
180 0.238825
190 0.252117
200 0.265774
210 0.280135
220 0.295151
230 0.309866
240 0.32338
250 0.335744
260 0.347077
270 0.357349
280 0.367226
290 0.377695
300 0.388605
310 0.399031
320 0.408428
330 0.416479
340 0.423194
350 0.429307
360 0.43526
370 0.440848
380 0.445838
390 0.450338
400 0.454569
410 0.458578
420 0.462474
430 0.466502
440 0.470888
450 0.47573
460 0.480426
470 0.484004
480 0.486121
490 0.48747
500 0.489256
510 0.492035
520 0.496019
530 0.500971
540 0.506119
550 0.511158
560 0.51647
570 0.522037
580 0.527169
590 0.531516
600 0.535121
610 0.538058
620 0.540507
630 0.543017
640 0.546039
650 0.549077
660 0.551903
670 0.555124
680 0.558813
690 0.562433
700 0.566287
710 0.570831
720 0.575985
730 0.581801
740 0.588487
750 0.595473
760 0.60177
770 0.606832
780 0.610822
790 0.614782
800 0.61995
810 0.626034
820 0.63173
830 0.636607
840 0.641016
850 0.644878
860 0.648268
870 0.651674
880 0.655015
890 0.657934
900 0.660507
910 0.66301
920 0.665138
930 0.66586
940 0.664969
950 0.663955
960 0.663599
970 0.662926
980 0.661613
990 0.660577
1000 0.659906
1010 0.658803
1020 0.657157
1030 0.655504
1040 0.654512
1050 0.655044
1060 0.657641
1070 0.662019
1080 0.667353
1090 0.673295
1100 0.679923
1110 0.686874
1120 0.693797
1130 0.700619
1140 0.707247
1150 0.71379
1160 0.720213
1170 0.725876
1180 0.730448
1190 0.734264
1200 0.737335
1210 0.739489
1220 0.741496
1230 0.744679
1240 0.750092
1250 0.758223
1260 0.76876
1270 0.781363
1280 0.795494
1290 0.809519
1300 0.821491
1310 0.830945
1320 0.838375
1330 0.84416
1340 0.848427
1350 0.851963
1360 0.855841
1370 0.860278
1380 0.864963
1390 0.869776
1400 0.874415
1410 0.878251
1420 0.881331
1430 0.884298
1440 0.887718
1450 0.892182
1460 0.898152
1470 0.905377
1480 0.91309
1490 0.920512
1500 0.926645
1510 0.931775
1520 0.937276
1530 0.943818
1540 0.950739
1550 0.956999
1560 0.962032
1570 0.966231
1580 0.97037
1590 0.974797
1600 0.979205
1610 0.983416
1620 0.987254
1630 0.990543
1640 0.993572
1650 0.996255
1660 0.998188
1670 1.00028
1680 1.00345
1690 1.00678
1700 1.00946
1710 1.01223
1720 1.01565
1730 1.01926
1740 1.02326
1750 1.02877
1760 1.03622
1770 1.04431
1780 1.05146
1790 1.05701
1800 1.06143
1810 1.06547
1820 1.06965
1830 1.07333
1840 1.07503
1850 1.07407
1860 1.07044
1870 1.06525
1880 1.0603
1890 1.05651
1900 1.05382
1910 1.05202
1920 1.05074
1930 1.04965
1940 1.04872
1950 1.04788
1960 1.04735
1970 1.04792
1980 1.0494
1990 1.05026
2000 1.04985
2010 1.04849
2020 1.04616
2030 1.04302
2040 1.03988
2050 1.03759
2060 1.03717
2070 1.03917
2080 1.04263
2090 1.04652
2100 1.05098
2110 1.05695
2120 1.06477
2130 1.07352
2140 1.08206
2150 1.09023
2160 1.09782
2170 1.10434
2180 1.10995
2190 1.11497
2200 1.11933
2210 1.1234
2220 1.12761
2230 1.13194
2240 1.13616
2250 1.14079
2260 1.14588
2270 1.15013
2280 1.15323
2290 1.15625
2300 1.15982
2310 1.16426
2320 1.16979
2330 1.17631
2340 1.18332
2350 1.1899
2360 1.19583
2370 1.20167
2380 1.20743
2390 1.2121
2400 1.2149
2410 1.21611
2420 1.21639
2430 1.21692
2440 1.21836
2450 1.22028
2460 1.22246
2470 1.22546
2480 1.22928
2490 1.23351
2500 1.23839
2510 1.24391
2520 1.24897
2530 1.25235
2540 1.25402
2550 1.25452
2560 1.25421
2570 1.25324
2580 1.25183
2590 1.25053
2600 1.24994
2610 1.24963
2620 1.24893
2630 1.24763
2640 1.24579
2650 1.24404
2660 1.24349
2670 1.24423
2680 1.24454
2690 1.24295
2700 1.23971
2710 1.23515
2720 1.22944
2730 1.22326
2740 1.21794
2750 1.21494
2760 1.21536
2770 1.21942
2780 1.22604
2790 1.2339
2800 1.24225
2810 1.25022
2820 1.25677
2830 1.26131
2840 1.2639
2850 1.2647
2860 1.2641
2870 1.26313
2880 1.26257
2890 1.26316
2900 1.26625
2910 1.27205
2920 1.2792
2930 1.28681
2940 1.2948
2950 1.30246
2960 1.30883
2970 1.31339
2980 1.31664
2990 1.31939
3000 1.32197
3010 1.32469
3020 1.32719
3030 1.32892
3040 1.33006
3050 1.33147
3060 1.33332
3070 1.33466
3080 1.33508
3090 1.33531
3100 1.3364
3110 1.33898
3120 1.34245
3130 1.346
3140 1.34964
3150 1.3538
3160 1.35877
3170 1.36531
3180 1.37469
3190 1.38751
3200 1.40251
3210 1.41797
3220 1.4327
3230 1.44565
3240 1.4564
3250 1.4653
3260 1.47303
3270 1.48008
3280 1.48625
3290 1.4908
3300 1.49299
3310 1.49291
3320 1.4917
3330 1.49129
3340 1.49332
3350 1.49836
3360 1.50581
3370 1.51428
3380 1.52224
3390 1.52889
3400 1.53376
3410 1.53584
3420 1.53483
3430 1.53226
3440 1.52968
3450 1.5272
3460 1.52484
3470 1.52341
3480 1.52359
3490 1.52452
3500 1.52499
3510 1.52493
3520 1.52467
3530 1.524
3540 1.52267
3550 1.52123
3560 1.52005
3570 1.51864
3580 1.51659
3590 1.51429
3600 1.51204
3610 1.50932
3620 1.50564
3630 1.50146
3640 1.49778
3650 1.49506
3660 1.49269
3670 1.49083
3680 1.49134
3690 1.49517
3700 1.50173
3710 1.51023
3720 1.51986
3730 1.52976
3740 1.53992
3750 1.55058
3760 1.56103
3770 1.57067
3780 1.57934
3790 1.58696
3800 1.59323
3810 1.59839
3820 1.60288
3830 1.60644
3840 1.60929
3850 1.6124
3860 1.61657
3870 1.62175
3880 1.62681
3890 1.62987
3900 1.62979
3910 1.62765
3920 1.62547
3930 1.6242
3940 1.62437
3950 1.62587
3960 1.62763
3970 1.62926
3980 1.63066
3990 1.63153
4000 1.63219
4010 1.63379
4020 1.63728
4030 1.64169
4040 1.64429
4050 1.64362
4060 1.64016
4070 1.63535
4080 1.63101
4090 1.62792
4100 1.62636
4110 1.62716
4120 1.63008
4130 1.63341
4140 1.63622
4150 1.63926
4160 1.64358
4170 1.64959
4180 1.65734
4190 1.6667
4200 1.67701
4210 1.68752
4220 1.69755
4230 1.70612
4240 1.71311
4250 1.72002
4260 1.72883
4270 1.7401
4280 1.75252
4290 1.76481
4300 1.77636
4310 1.78647
4320 1.79489
4330 1.80167
4340 1.80686
4350 1.8114
4360 1.8168
4370 1.82391
4380 1.83222
4390 1.84101
4400 1.84953
4410 1.85691
4420 1.86295
4430 1.86787
4440 1.87073
4450 1.8704
4460 1.86737
4470 1.86355
4480 1.86085
4490 1.85985
4500 1.85988
4510 1.85994
4520 1.85882
4530 1.85587
4540 1.85173
4550 1.84696
4560 1.84168
4570 1.83614
4580 1.83051
4590 1.82539
4600 1.82228
4610 1.82193
4620 1.82351
4630 1.82574
4640 1.8277
4650 1.82832
4660 1.82701
4670 1.8242
4680 1.82076
4690 1.81827
4700 1.81867
4710 1.82267
4720 1.8294
4730 1.83806
4740 1.84873
4750 1.86119
4760 1.87456
4770 1.88865
4780 1.90404
4790 1.92036
4800 1.93615
4810 1.95049
4820 1.96333
4830 1.97436
4840 1.98385
4850 1.99251
4860 2.00114
4870 2.00994
4880 2.01818
4890 2.02487
4900 2.02962
4910 2.03225
4920 2.0329
4930 2.03201
4940 2.03012
4950 2.02698
4960 2.02204
4970 2.01623
4980 2.011
4990 2.00688
5000 2.00415
5010 2.00371
5020 2.00604
5030 2.01009
5040 2.01515
5050 2.02093
5060 2.02618
5070 2.03068
5080 2.03572
5090 2.0404
5100 2.04252
5110 2.04134
5120 2.03732
5130 2.03192
5140 2.02683
5150 2.0228
5160 2.01977
5170 2.01761
5180 2.01617
5190 2.01566
5200 2.01651
5210 2.01884
5220 2.02249
5230 2.0273
5240 2.03339
5250 2.04072
5260 2.04814
5270 2.05522
5280 2.06334
5290 2.07321
5300 2.08402
5310 2.09535
5320 2.10696
5330 2.11736
5340 2.12548
5350 2.1309
5360 2.13268
5370 2.13045
5380 2.12568
5390 2.12071
5400 2.11746
5410 2.11743
5420 2.12136
5430 2.1282
5440 2.13673
5450 2.14642
5460 2.15596
5470 2.1638
5480 2.16955
5490 2.17396
5500 2.17808
5510 2.18248
5520 2.18725
5530 2.19266
5540 2.19919
5550 2.20561
5560 2.21059
5570 2.21506
5580 2.21986
5590 2.22502
5600 2.2312
5610 2.23796
5620 2.24379
5630 2.24876
5640 2.25463
5650 2.26181
5660 2.26928
5670 2.27634
5680 2.28328
5690 2.29072
5700 2.29843
5710 2.30595
5720 2.31275
5730 2.31833
5740 2.3227
5750 2.32586
5760 2.32838
5770 2.33151
5780 2.33582
5790 2.34133
5800 2.34859
5810 2.358
5820 2.36845
5830 2.3786
5840 2.38826
5850 2.39723
5860 2.40448
5870 2.4095
5880 2.41223
5890 2.41339
5900 2.41484
5910 2.41765
5920 2.4215
5930 2.4263
5940 2.43267
5950 2.44064
5960 2.44893
5970 2.45628
5980 2.46177
5990 2.46527
6000 2.46703
6010 2.46721
6020 2.46713
6030 2.46832
6040 2.47061
6050 2.47376
6060 2.47877
6070 2.48628
6080 2.49528
6090 2.50428
6100 2.51268
6110 2.52007
6120 2.52535
6130 2.5273
6140 2.52553
6150 2.52106
6160 2.5157
6170 2.51112
6180 2.50888
6190 2.50907
6200 2.51038
6210 2.51111
6220 2.50945
6230 2.50466
6240 2.49792
6250 2.49129
6260 2.48611
6270 2.48325
6280 2.48288
6290 2.48472
6300 2.4876
6310 2.48983
6320 2.49113
6330 2.4921
6340 2.49259
6350 2.49216
6360 2.49129
6370 2.48953
6380 2.48458
6390 2.47507
6400 2.46227
6410 2.4485
6420 2.43571
6430 2.425
6440 2.41667
6450 2.41098
6460 2.40844
6470 2.40884
6480 2.41089
6490 2.41389
6500 2.41879
6510 2.4255
6520 2.43241
6530 2.439
6540 2.44552
6550 2.45133
6560 2.45544
6570 2.45771
6580 2.45941
6590 2.46193
6600 2.46527
6610 2.46899
6620 2.47244
6630 2.47374
6640 2.47186
6650 2.46776
6660 2.4623
6670 2.45688
6680 2.45463
6690 2.45782
6700 2.46604
6710 2.47739
6720 2.48999
6730 2.50223
6740 2.51341
6750 2.52358
6760 2.5318
6770 2.53665
6780 2.53782
6790 2.53521
6800 2.52893
6810 2.52027
6820 2.51122
6830 2.50304
6840 2.4959
6850 2.4899
6860 2.48556
6870 2.48273
6880 2.48063
6890 2.4793
6900 2.47923
6910 2.48005
6920 2.4816
6930 2.48421
6940 2.48736
6950 2.49041
6960 2.49343
6970 2.49713
6980 2.50254
6990 2.50992
7000 2.51754
7010 2.52398
7020 2.53013
7030 2.53677
7040 2.54301
7050 2.54879
7060 2.55495
7070 2.56168
7080 2.56856
7090 2.57593
7100 2.58461
7110 2.59491
7120 2.60704
7130 2.62105
7140 2.63616
7150 2.65083
7160 2.66296
7170 2.67066
7180 2.67265
7190 2.66903
7200 2.66256
7210 2.65678
7220 2.65292
7230 2.65078
7240 2.64982
7250 2.64885
7260 2.64664
7270 2.64298
7280 2.63858
7290 2.63514
7300 2.63389
7310 2.63493
7320 2.63814
7330 2.64299
7340 2.64861
7350 2.65506
7360 2.6624
7370 2.66996
7380 2.6778
7390 2.68639
7400 2.69429
7410 2.69975
7420 2.70294
7430 2.705
7440 2.70585
7450 2.70525
7460 2.70426
7470 2.70379
7480 2.70435
7490 2.70613
7500 2.70869
7510 2.71202
7520 2.71691
7530 2.72402
7540 2.73302
7550 2.7423
7560 2.75038
7570 2.75709
7580 2.76313
7590 2.7693
7600 2.77637
7610 2.7837
7620 2.78949
7630 2.79325
7640 2.79645
7650 2.80061
7660 2.80573
7670 2.81106
7680 2.81633
7690 2.82184
7700 2.82788
7710 2.83401
7720 2.83978
7730 2.84537
7740 2.85019
7750 2.85312
7760 2.85386
7770 2.8532
7780 2.8524
7790 2.85272
7800 2.85359
7810 2.85336
7820 2.85203
7830 2.85067
7840 2.84977
7850 2.84916
7860 2.84861
7870 2.84781
7880 2.84652
7890 2.84451
7900 2.84238
7910 2.84149
7920 2.84219
7930 2.84393
7940 2.84601
7950 2.84827
7960 2.85165
7970 2.85716
7980 2.86537
7990 2.87609
8000 2.88794
8010 2.89935
8020 2.90955
8030 2.9177
8040 2.9223
8050 2.9228
8060 2.92061
8070 2.91716
8080 2.91335
8090 2.91025
8100 2.90836
8110 2.90756
8120 2.90738
8130 2.90662
8140 2.90443
8150 2.90112
8160 2.89697
8170 2.89228
8180 2.88776
8190 2.88368
8200 2.87985
8210 2.87702
8220 2.87672
8230 2.87869
8240 2.88099
8250 2.88248
8260 2.88389
8270 2.88643
8280 2.89008
8290 2.89456
8300 2.90004
8310 2.90644
8320 2.91242
8330 2.9169
8340 2.92014
8350 2.92204
8360 2.9227
8370 2.92403
8380 2.92738
8390 2.93288
8400 2.94078
8410 2.95074
8420 2.96211
8430 2.97349
8440 2.98406
8450 2.99356
8460 3.00041
8470 3.00349
8480 3.00441
8490 3.0056
8500 3.0072
8510 3.00857
8520 3.01005
8530 3.01278
8540 3.01718
8550 3.02214
8560 3.02685
8570 3.03037
8580 3.03149
8590 3.03101
8600 3.03122
8610 3.03241
8620 3.03244
8630 3.02999
8640 3.02666
8650 3.02537
8660 3.02765
8670 3.03294
8680 3.03968
8690 3.0463
8700 3.05136
8710 3.05338
8720 3.05152
8730 3.0458
8740 3.03727
8750 3.02793
8760 3.01976
8770 3.01366
8780 3.00981
8790 3.00775
8800 3.00663
8810 3.00583
8820 3.00568
8830 3.006
8840 3.00503
8850 3.00172
8860 2.99724
8870 2.9925
8880 2.98816
8890 2.98559
8900 2.98586
8910 2.98899
8920 2.99432
8930 3.00029
8940 3.00477
8950 3.00786
8960 3.01148
8970 3.01538
8980 3.01777
8990 3.01785
9000 3.01676
9010 3.01607
9020 3.01621
9030 3.01635
9040 3.01567
9050 3.01348
9060 3.00974
9070 3.00573
9080 3.00239
9090 2.99923
9100 2.99574
9110 2.99172
9120 2.98689
9130 2.98109
9140 2.97521
9150 2.97149
9160 2.9723
9170 2.97805
9180 2.98751
9190 2.99849
9200 3.00903
9210 3.01878
9220 3.0284
9230 3.03831
9240 3.04833
9250 3.05805
9260 3.06569
9270 3.06962
9280 3.07014
9290 3.06755
9300 3.06143
9310 3.05368
9320 3.04732
9330 3.04304
9340 3.04048
9350 3.04075
9360 3.04465
9370 3.05171
9380 3.06169
9390 3.07421
9400 3.08803
9410 3.10294
9420 3.11955
9430 3.136
9440 3.1492
9450 3.15835
9460 3.16577
9470 3.17308
9480 3.1809
9490 3.19037
9500 3.20217
9510 3.21524
9520 3.22806
9530 3.24079
9540 3.25268
9550 3.26168
9560 3.26774
9570 3.27234
9580 3.27631
9590 3.28011
9600 3.284
9610 3.28702
9620 3.28913
9630 3.29289
9640 3.29998
9650 3.30849
9660 3.31664
9670 3.32458
9680 3.33184
9690 3.33706
9700 3.34029
9710 3.34241
9720 3.34301
9730 3.34097
9740 3.33693
9750 3.33212
9760 3.32658
9770 3.3211
9780 3.31753
9790 3.31603
9800 3.31494
9810 3.31393
9820 3.31401
9830 3.31549
9840 3.31805
9850 3.32111
9860 3.32468
9870 3.32929
9880 3.33564
9890 3.34364
9900 3.35215
9910 3.36068
9920 3.36807
9930 3.3721
9940 3.37201
9950 3.36891
9960 3.36455
9970 3.36089
9980 3.35961
9990 3.36053
10000 3.36264
10010 3.36528
10020 3.36845
10030 3.37186
10040 3.37477
10050 3.37694
10060 3.37926
10070 3.3827
10080 3.38755
10090 3.39378
10100 3.4019
10110 3.41176
10120 3.42178
10130 3.43017
10140 3.43603
10150 3.43987
10160 3.44215
10170 3.44302
10180 3.44402
10190 3.44763
10200 3.45455
10210 3.46338
10220 3.47291
10230 3.48306
10240 3.49354
10250 3.50434
10260 3.5148
10270 3.52316
10280 3.52824
10290 3.52962
10300 3.52763
10310 3.52414
10320 3.52196
10330 3.52225
10340 3.52464
10350 3.52854
10360 3.53297
10370 3.53742
10380 3.54245
10390 3.54845
10400 3.55503
10410 3.56144
10420 3.56665
10430 3.57076
10440 3.57351
10450 3.57363
10460 3.57163
10470 3.57003
10480 3.57043
10490 3.57166
10500 3.57225
10510 3.57285
10520 3.57429
10530 3.57594
10540 3.57753
10550 3.58112
10560 3.58799
10570 3.59619
10580 3.6027
10590 3.60787
10600 3.6137
10610 3.61955
10620 3.62364
10630 3.62597
10640 3.62567
10650 3.62112
10660 3.61244
10670 3.60113
10680 3.58845
10690 3.57591
10700 3.56514
10710 3.55765
10720 3.5543
10730 3.55406
10740 3.555
10750 3.55604
10760 3.5561
10770 3.55416
10780 3.55119
10790 3.54959
10800 3.55009
10810 3.55192
10820 3.55612
10830 3.56416
10840 3.57623
10850 3.59062
10860 3.605
10870 3.6171
10880 3.62484
10890 3.62719
10900 3.62535
10910 3.62154
10920 3.61779
10930 3.61556
10940 3.61623
10950 3.62042
10960 3.62724
10970 3.63598
10980 3.64582
10990 3.65485
11000 3.66068
11010 3.66295
11020 3.66392
11030 3.66432
11040 3.66395
11050 3.66456
11060 3.6682
11070 3.67416
11080 3.68034
11090 3.68594
11100 3.6908
11110 3.69436
11120 3.69633
11130 3.6967
11140 3.69447
11150 3.68788
11160 3.67837
11170 3.66873
11180 3.6606
11190 3.65595
11200 3.65728
11210 3.66551
11220 3.67879
11230 3.69409
11240 3.70984
11250 3.72495
11260 3.73711
11270 3.7447
11280 3.74924
11290 3.7522
11300 3.75336
11310 3.75304
11320 3.75296
11330 3.75477
11340 3.76062
11350 3.77017
11360 3.77964
11370 3.78698
11380 3.79284
11390 3.79747
11400 3.79968
11410 3.80014
11420 3.80124
11430 3.80485
11440 3.811
11450 3.81939
11460 3.82976
11470 3.84078
11480 3.8504
11490 3.85679
11500 3.85975
11510 3.86069
11520 3.86121
11530 3.86221
11540 3.86406
11550 3.8667
11560 3.86937
11570 3.87189
11580 3.87592
11590 3.8821
11600 3.88832
11610 3.893
11620 3.89549
11630 3.89511
11640 3.89191
11650 3.88715
11660 3.88265
11670 3.87872
11680 3.87477
11690 3.87134
11700 3.8693
11710 3.86912
11720 3.8717
11730 3.87695
11740 3.88312
11750 3.88844
11760 3.89275
11770 3.89615
11780 3.89751
11790 3.8967
11800 3.89432
11810 3.89006
11820 3.8838
11830 3.87734
11840 3.87317
11850 3.87227
11860 3.87296
11870 3.87424
11880 3.87754
11890 3.88461
11900 3.89535
11910 3.90932
11920 3.92599
11930 3.94347
11940 3.96
11950 3.97378
11960 3.98234
11970 3.98563
11980 3.98606
11990 3.98494
12000 3.98339
12010 3.98274
12020 3.9828
12030 3.98263
12040 3.98263
12050 3.98417
12060 3.9872
12070 3.99099
12080 3.995
12090 3.99902
12100 4.00388
12110 4.00912
12120 4.01204
12130 4.01152
12140 4.01033
12150 4.0099
12160 4.00787
12170 4.00293
12180 3.99634
12190 3.98912
12200 3.98173
12210 3.9756
12220 3.97279
12230 3.9742
12240 3.97939
12250 3.98736
12260 3.99774
12270 4.01086
12280 4.02612
12290 4.0422
12300 4.05721
12310 4.06978
12320 4.08087
12330 4.09221
12340 4.10397
12350 4.11615
12360 4.1303
12370 4.14644
12380 4.16131
12390 4.17335
12400 4.18399
12410 4.19416
12420 4.20312
12430 4.20961
12440 4.21253
12450 4.21217
12460 4.21052
12470 4.20891
12480 4.20687
12490 4.20479
12500 4.20492
12510 4.20836
12520 4.2145
12530 4.22341
12540 4.23394
12550 4.24269
12560 4.24689
12570 4.24722
12580 4.2456
12590 4.24309
12600 4.2404
12610 4.23839
12620 4.2388
12630 4.2418
12640 4.24416
12650 4.24319
12660 4.23899
12670 4.23237
12680 4.22549
12690 4.22077
12700 4.21802
12710 4.21546
12720 4.21272
12730 4.21067
12740 4.20972
12750 4.21013
12760 4.21143
12770 4.2125
12780 4.21316
12790 4.21437
12800 4.21656
12810 4.21849
12820 4.21794
12830 4.21353
12840 4.20578
12850 4.19647
12860 4.18825
12870 4.183
12880 4.18074
12890 4.18087
12900 4.18237
12910 4.18378
12920 4.18409
12930 4.18358
12940 4.18299
12950 4.18288
12960 4.18428
12970 4.18776
12980 4.19134
12990 4.19322
13000 4.19388
13010 4.19294
13020 4.18941
13030 4.18416
13040 4.17813
13050 4.17147
13060 4.16433
13070 4.15687
13080 4.14946
13090 4.14253
13100 4.13595
13110 4.1294
13120 4.12223
13130 4.11401
13140 4.10538
13150 4.09832
13160 4.09459
13170 4.09356
13180 4.09392
13190 4.09619
13200 4.10018
13210 4.10453
13220 4.10973
13230 4.11697
13240 4.12468
13250 4.13047
13260 4.13446
13270 4.13751
13280 4.13949
13290 4.14163
13300 4.14481
13310 4.14724
13320 4.14826
13330 4.14956
13340 4.15272
13350 4.15779
13360 4.16343
13370 4.16825
13380 4.17215
13390 4.17612
13400 4.17985
13410 4.1808
13420 4.17837
13430 4.17575
13440 4.1759
13450 4.179
13460 4.18322
13470 4.18694
13480 4.18936
13490 4.19023
13500 4.19068
13510 4.19149
13520 4.19194
13530 4.19192
13540 4.19215
13550 4.1923
13560 4.19296
13570 4.19616
13580 4.20236
13590 4.20946
13600 4.2157
13610 4.21939
13620 4.22021
13630 4.21963
13640 4.21892
13650 4.21931
13660 4.22106
13670 4.22373
13680 4.22773
13690 4.23496
13700 4.24716
13710 4.26434
13720 4.28464
13730 4.30489
13740 4.32294
13750 4.33744
13760 4.34636
13770 4.3489
13780 4.3473
13790 4.34419
13800 4.33991
13810 4.33343
13820 4.32482
13830 4.31485
13840 4.30596
13850 4.30177
13860 4.30341
13870 4.3088
13880 4.31597
13890 4.32448
13900 4.33357
13910 4.34158
13920 4.34711
13930 4.3508
13940 4.35449
13950 4.35866
13960 4.3628
13970 4.36713
13980 4.37239
13990 4.37887
14000 4.38717
14010 4.39815
14020 4.41154
14030 4.42574
14040 4.4388
14050 4.44954
14060 4.45737
14070 4.46206
14080 4.46445
14090 4.46657
14100 4.47023
14110 4.4747
14120 4.47818
14130 4.48104
14140 4.48407
14150 4.48776
14160 4.49278
14170 4.49932
14180 4.50727
14190 4.51842
14200 4.53434
14210 4.5529
14220 4.57163
14230 4.59088
14240 4.61063
14250 4.62986
14260 4.64908
14270 4.66859
14280 4.6868
14290 4.70242
14300 4.71626
14310 4.7303
14320 4.74687
14330 4.76691
14340 4.78976
14350 4.81337
14360 4.83581
14370 4.85546
14380 4.8701
14390 4.87768
14400 4.87964
14410 4.88037
14420 4.88187
14430 4.88323
14440 4.88385
14450 4.88341
14460 4.88295
14470 4.88511
14480 4.89222
14490 4.90523
14500 4.92478
14510 4.95058
14520 4.97916
14530 5.00575
14540 5.0293
14550 5.05023
14560 5.06652
14570 5.07669
14580 5.08227
14590 5.08607
14600 5.08963
14610 5.09251
14620 5.09406
14630 5.09493
14640 5.09645
14650 5.09897
14660 5.1019
14670 5.10545
14680 5.10991
14690 5.11508
14700 5.12104
14710 5.1278
14720 5.13412
14730 5.13795
14740 5.13889
14750 5.13786
14760 5.13536
14770 5.13178
14780 5.12854
14790 5.12666
14800 5.12698
14810 5.12953
14820 5.13188
14830 5.13099
14840 5.12807
14850 5.12608
14860 5.12593
14870 5.12818
14880 5.1339
14890 5.14303
14900 5.15322
14910 5.1626
14920 5.17156
14930 5.18267
14940 5.19606
14950 5.20809
14960 5.21655
14970 5.22135
14980 5.22085
14990 5.21268
15000 5.19719
15010 5.17918
15020 5.16307
15030 5.14822
15040 5.13287
15050 5.11771
15060 5.10323
15070 5.08909
15080 5.07636
15090 5.06656
15100 5.05894
15110 5.05206
15120 5.04597
15130 5.04098
15140 5.03638
15150 5.03227
15160 5.02985
15170 5.02971
15180 5.03143
15190 5.035
15200 5.04044
15210 5.04698
15220 5.05374
15230 5.06014
15240 5.06518
15250 5.06747
15260 5.06763
15270 5.06731
15280 5.06672
15290 5.06578
15300 5.06568
15310 5.06793
15320 5.07191
15330 5.07548
15340 5.07808
15350 5.08106
15360 5.08502
15370 5.08878
15380 5.09218
15390 5.09616
15400 5.10118
15410 5.10681
15420 5.11208
15430 5.11675
15440 5.1201
15450 5.12078
15460 5.11887
15470 5.11598
15480 5.11369
15490 5.11346
15500 5.11545
15510 5.11938
15520 5.12466
15530 5.1303
15540 5.13519
15550 5.13777
15560 5.13747
15570 5.13471
15580 5.12975
15590 5.12379
15600 5.11749
15610 5.10951
15620 5.10054
15630 5.09293
15640 5.08696
15650 5.08264
15660 5.08113
15670 5.0824
15680 5.08453
15690 5.08625
15700 5.0876
15710 5.08971
15720 5.09572
15730 5.10722
15740 5.12223
15750 5.13915
15760 5.15842
15770 5.17975
15780 5.20099
15790 5.22003
15800 5.23495
15810 5.24485
15820 5.2503
15830 5.25224
15840 5.24982
15850 5.24287
15860 5.23311
15870 5.22331
15880 5.2159
15890 5.21213
15900 5.21208
15910 5.21556
15920 5.22135
15930 5.22633
15940 5.2294
15950 5.23278
15960 5.23891
15970 5.24721
15980 5.25648
15990 5.26595
16000 5.27377
16010 5.27812
16020 5.27918
16030 5.27846
16040 5.27752
16050 5.27755
16060 5.27959
16070 5.28335
16080 5.28714
16090 5.29089
16100 5.29463
16110 5.29801
16120 5.30135
16130 5.3041
16140 5.30547
16150 5.30535
16160 5.30456
16170 5.30495
16180 5.30779
16190 5.31081
16200 5.3092
16210 5.29991
16220 5.28344
16230 5.26146
16240 5.23655
16250 5.21412
16260 5.19978
16270 5.19367
16280 5.19194
16290 5.19257
16300 5.1935
16310 5.19173
16320 5.18673
16330 5.18018
16340 5.1732
16350 5.16714
16360 5.16452
16370 5.16636
16380 5.17203
16390 5.17862
16400 5.18278
16410 5.18436
16420 5.1858
16430 5.18882
16440 5.19334
16450 5.1993
16460 5.2067
16470 5.2138
16480 5.21935
16490 5.22456
16500 5.23008
16510 5.23476
16520 5.23754
16530 5.23812
16540 5.23849
16550 5.24162
16560 5.2478
16570 5.25589
16580 5.26559
16590 5.27708
16600 5.29081
16610 5.30585
16620 5.31867
16630 5.32861
16640 5.33926
16650 5.3527
16660 5.36836
16670 5.38594
16680 5.40488
16690 5.42333
16700 5.44001
16710 5.45258
16720 5.45809
16730 5.45712
16740 5.45232
16750 5.44584
16760 5.4397
16770 5.43525
16780 5.43177
16790 5.42874
16800 5.42744
16810 5.42831
16820 5.43229
16830 5.44017
16840 5.45013
16850 5.45976
16860 5.46825
16870 5.4748
16880 5.47836
16890 5.47767
16900 5.4721
16910 5.4639
16920 5.45553
16930 5.44707
16940 5.43854
16950 5.43184
16960 5.42817
16970 5.42618
16980 5.42366
16990 5.41961
17000 5.41495
17010 5.41174
17020 5.41279
17030 5.4193
17040 5.43016
17050 5.44405
17060 5.4613
17070 5.48212
17080 5.50395
17090 5.5238
17100 5.53981
17110 5.55155
17120 5.5591
17130 5.56145
17140 5.55766
17150 5.54822
17160 5.53536
17170 5.52237
17180 5.51285
17190 5.5089
17200 5.50985
17210 5.51389
17220 5.51901
17230 5.52278
17240 5.5234
17250 5.52032
17260 5.51327
17270 5.50407
17280 5.49625
17290 5.4911
17300 5.48794
17310 5.4858
17320 5.48339
17330 5.47829
17340 5.46934
17350 5.45843
17360 5.44972
17370 5.4451
17380 5.4439
17390 5.4452
17400 5.448
17410 5.45117
17420 5.45356
17430 5.45494
17440 5.45609
17450 5.45706
17460 5.45746
17470 5.45688
17480 5.45537
17490 5.45479
17500 5.45653
17510 5.46096
17520 5.46745
17530 5.47313
17540 5.47519
17550 5.47382
17560 5.46973
17570 5.46285
17580 5.45291
17590 5.44064
17600 5.4279
17610 5.41546
17620 5.40278
17630 5.3901
17640 5.3785
17650 5.36946
17660 5.36525
17670 5.36657
17680 5.37082
17690 5.37441
17700 5.37574
17710 5.37543
17720 5.37418
17730 5.3726
17740 5.37121
17750 5.37046
17760 5.3698
17770 5.3691
17780 5.36937
17790 5.37218
17800 5.37849
17810 5.38802
17820 5.39884
17830 5.40752
17840 5.41071
17850 5.40707
17860 5.3976
17870 5.38497
17880 5.37231
17890 5.36299
17900 5.35774
17910 5.35437
17920 5.35151
17930 5.35022
17940 5.35116
17950 5.35404
17960 5.35864
17970 5.36374
17980 5.36796
17990 5.37087
18000 5.37181
18010 5.37016
18020 5.36678
18030 5.36327
18040 5.35967
18050 5.35689
18060 5.35682
18070 5.3591
18080 5.36185
18090 5.36293
18100 5.36068
18110 5.35576
18120 5.35091
18130 5.34717
18140 5.34464
18150 5.34363
18160 5.34356
18170 5.34268
18180 5.34051
18190 5.33936
18200 5.34002
18210 5.34062
18220 5.33973
18230 5.3387
18240 5.33932
18250 5.34107
18260 5.34267
18270 5.34435
18280 5.34665
18290 5.34963
18300 5.35291
18310 5.35562
18320 5.35741
18330 5.35843
18340 5.35945
18350 5.36177
18360 5.36644
18370 5.37429
18380 5.38687
18390 5.40496
18400 5.42609
18410 5.44587
18420 5.46202
18430 5.47387
18440 5.48081
18450 5.48322
18460 5.48133
18470 5.47646
18480 5.47173
18490 5.46858
18500 5.466
18510 5.46478
18520 5.46745
18530 5.47292
18540 5.47661
18550 5.47517
18560 5.46913
18570 5.46093
18580 5.45274
18590 5.44515
18600 5.43793
18610 5.43214
18620 5.42852
18630 5.4273
18640 5.42914
18650 5.4339
18660 5.43994
18670 5.44652
18680 5.45373
18690 5.46002
18700 5.46316
18710 5.46351
18720 5.46321
18730 5.46378
18740 5.46482
18750 5.4657
18760 5.46625
18770 5.46521
18780 5.46175
18790 5.4573
18800 5.45495
18810 5.4572
18820 5.46522
18830 5.47849
18840 5.49371
18850 5.50756
18860 5.51862
18870 5.52635
18880 5.53051
18890 5.53289
18900 5.536
18910 5.53927
18920 5.54142
18930 5.54285
18940 5.54441
18950 5.54438
18960 5.54142
18970 5.53561
18980 5.52808
18990 5.52025
19000 5.5131
19010 5.50738
19020 5.50384
19030 5.50189
19040 5.49918
19050 5.49462
19060 5.48786
19070 5.47758
19080 5.46485
19090 5.45237
19100 5.44118
19110 5.43214
19120 5.42681
19130 5.4249
19140 5.42451
19150 5.4245
19160 5.42461
19170 5.42487
19180 5.42509
19190 5.42539
19200 5.42698
19210 5.43127
19220 5.43811
19230 5.44604
19240 5.45504
19250 5.4665
19260 5.48015
19270 5.49443
19280 5.50808
19290 5.52065
19300 5.53173
19310 5.54097
19320 5.54815
19330 5.55404
19340 5.55974
19350 5.56608
19360 5.57536
19370 5.5901
19380 5.60996
19390 5.63335
19400 5.65963
19410 5.68787
19420 5.7152
19430 5.74067
19440 5.7652
19450 5.7877
19460 5.80713
19470 5.82494
19480 5.84207
19490 5.85614
19500 5.86538
19510 5.87056
19520 5.87233
19530 5.87159
19540 5.86957
19550 5.86659
19560 5.86415
19570 5.86442
19580 5.86654
19590 5.86714
19600 5.86339
19610 5.85469
19620 5.84141
19630 5.82495
19640 5.8086
19650 5.79489
19660 5.78393
19670 5.77519
19680 5.76798
19690 5.76133
19700 5.75464
19710 5.74783
19720 5.74136
19730 5.73654
19740 5.73473
19750 5.7376
19760 5.74597
19770 5.75809
19780 5.77034
19790 5.78127
19800 5.79151
19810 5.8002
19820 5.80596
19830 5.80945
19840 5.81114
19850 5.8111
19860 5.81025
19870 5.81045
19880 5.81436
19890 5.82432
19900 5.84188
19910 5.86952
19920 5.90786
19930 5.95238
19940 5.99526
19950 6.0318
19960 6.06163
19970 6.08457
19980 6.09918
19990 6.10622
20000 6.10869
20010 6.10916
20020 6.10881
20030 6.10845
20040 6.10927
20050 6.11312
20060 6.1209
20070 6.13178
20080 6.1435
20090 6.15356
20100 6.16086
20110 6.16505
20120 6.16652
20130 6.16647
20140 6.16649
20150 6.16703
20160 6.16722
20170 6.16681
20180 6.16576
20190 6.1634
20200 6.15949
20210 6.15503
20220 6.15068
20230 6.14646
20240 6.14202
20250 6.13816
20260 6.13741
20270 6.14072
20280 6.14626
20290 6.15178
20300 6.15619
20310 6.16082
20320 6.1693
20330 6.18316
20340 6.20021
20350 6.21795
20360 6.23592
20370 6.2535
20380 6.26973
20390 6.28379
20400 6.29569
20410 6.30572
20420 6.31395
20430 6.32155
20440 6.33014
20450 6.33863
20460 6.34491
20470 6.34929
20480 6.35228
20490 6.35345
20500 6.35437
20510 6.35718
20520 6.3618
20530 6.36855
20540 6.37764
20550 6.38763
20560 6.39772
20570 6.41005
20580 6.42734
20590 6.44834
20600 6.4687
20610 6.48519
20620 6.4967
20630 6.5038
20640 6.50778
20650 6.50992
20660 6.51093
20670 6.51056
20680 6.5082
20690 6.50427
20700 6.50022
20710 6.49531
20720 6.48909
20730 6.48281
20740 6.47691
20750 6.47185
20760 6.46777
20770 6.46324
20780 6.45803
20790 6.4517
20800 6.44446
20810 6.43951
20820 6.43962
20830 6.44242
20840 6.44581
20850 6.4513
20860 6.46067
20870 6.47327
20880 6.48689
20890 6.49984
20900 6.51087
20910 6.51915
20920 6.52463
20930 6.52844
20940 6.53216
20950 6.53503
20960 6.53557
20970 6.53439
20980 6.53252
20990 6.53144
21000 6.53428
21010 6.54329
21020 6.55655
21030 6.57013
21040 6.58395
21050 6.60156
21060 6.62451
21070 6.65149
21080 6.68093
21090 6.71142
21100 6.74066
21110 6.76702
21120 6.7903
21130 6.81132
21140 6.83179
21150 6.85269
21160 6.87349
21170 6.89341
21180 6.91218
21190 6.93031
21200 6.94852
21210 6.96673
21220 6.98447
21230 7.00066
21240 7.01381
21250 7.02317
21260 7.02829
21270 7.02957
21280 7.02803
21290 7.02535
21300 7.02298
21310 7.02084
21320 7.01762
21330 7.01382
21340 7.01222
21350 7.01294
21360 7.01447
21370 7.01756
21380 7.02224
21390 7.02674
21400 7.03071
21410 7.03452
21420 7.03745
21430 7.03929
21440 7.04087
21450 7.04207
21460 7.04242
21470 7.04254
21480 7.04388
21490 7.04897
21500 7.05928
21510 7.07291
21520 7.08673
21530 7.09792
21540 7.10458
21550 7.10702
21560 7.10717
21570 7.10658
21580 7.10675
21590 7.10849
21600 7.11149
21610 7.11598
21620 7.1223
21630 7.12882
21640 7.13262
21650 7.13282
21660 7.13117
21670 7.12854
21680 7.12394
21690 7.11579
21700 7.10571
21710 7.09804
21720 7.09314
21730 7.0871
21740 7.07882
21750 7.06987
21760 7.06168
21770 7.05489
21780 7.04924
21790 7.04531
21800 7.04452
21810 7.04763
21820 7.05508
21830 7.06598
21840 7.07523
21850 7.07808
21860 7.07482
21870 7.06846
21880 7.06077
21890 7.05179
21900 7.04215
21910 7.03324
21920 7.02588
21930 7.02062
21940 7.01871
21950 7.0202
21960 7.02274
21970 7.02552
21980 7.0314
21990 7.04232
22000 7.05538
22010 7.06682
22020 7.07601
22030 7.08288
22040 7.08616
22050 7.08734
22060 7.08961
22070 7.09324
22080 7.09834
22090 7.1059
22100 7.11428
22110 7.1202
22120 7.12346
22130 7.12582
22140 7.12808
22150 7.13048
22160 7.13227
22170 7.1313
22180 7.12657
22190 7.11922
22200 7.11083
22210 7.10285
22220 7.09627
22230 7.09226
22240 7.09145
22250 7.09255
22260 7.09371
22270 7.09397
22280 7.09332
22290 7.09133
22300 7.08888
22310 7.08786
22320 7.08869
22330 7.08962
22340 7.08996
22350 7.09171
22360 7.09571
22370 7.09988
22380 7.10283
22390 7.10546
22400 7.10773
22410 7.10979
22420 7.11468
22430 7.12623
22440 7.14378
22450 7.16265
22460 7.17871
22470 7.19108
22480 7.20122
22490 7.20974
22500 7.21638
22510 7.22074
22520 7.2223
22530 7.22282
22540 7.22523
22550 7.23023
22560 7.23708
22570 7.24754
22580 7.26521
22590 7.29001
22600 7.31681
22610 7.34016
22620 7.35709
22630 7.36749
22640 7.37295
22650 7.37469
22660 7.37427
22670 7.3745
22680 7.37739
22690 7.38236
22700 7.38752
22710 7.39084
22720 7.39093
22730 7.38777
22740 7.38222
22750 7.37575
22760 7.36826
22770 7.3586
22780 7.34761
22790 7.33934
22800 7.33699
22810 7.34011
22820 7.34691
22830 7.3555
22840 7.36512
22850 7.37551
22860 7.3855
22870 7.39322
22880 7.39857
22890 7.40234
22900 7.40488
22910 7.40779
22920 7.41336
22930 7.42313
22940 7.43748
22950 7.45584
22960 7.47645
22970 7.49717
22980 7.51632
22990 7.53246
23000 7.54407
23010 7.54972
23020 7.5494
23030 7.54613
23040 7.54229
23050 7.53761
23060 7.53283
23070 7.52851
23080 7.52352
23090 7.51956
23100 7.52019
23110 7.52638
23120 7.53707
23130 7.55122
23140 7.56675
23150 7.58044
23160 7.59062
23170 7.59576
23180 7.59494
23190 7.58974
23200 7.5831
23210 7.57667
23220 7.56998
23230 7.56306
23240 7.556
23250 7.54811
23260 7.54099
23270 7.53555
23280 7.53036
23290 7.5234
23300 7.51411
23310 7.50394
23320 7.49218
23330 7.47537
23340 7.45451
23350 7.43502
23360 7.41924
23370 7.4062
23380 7.39655
23390 7.39113
23400 7.38792
23410 7.38454
23420 7.38115
23430 7.37953
23440 7.38016
23450 7.382
23460 7.38304
23470 7.38093
23480 7.37573
23490 7.36862
23500 7.36084
23510 7.3553
23520 7.35427
23530 7.35594
23540 7.35847
23550 7.36278
23560 7.36992
23570 7.37987
23580 7.39139
23590 7.40246
23600 7.41095
23610 7.41474
23620 7.41399
23630 7.41265
23640 7.41295
23650 7.41255
23660 7.40982
23670 7.40566
23680 7.39915
23690 7.38947
23700 7.37856
23710 7.36626
23720 7.34977
23730 7.32841
23740 7.30483
23750 7.28305
23760 7.26757
23770 7.26087
23780 7.26201
23790 7.26758
23800 7.27451
23810 7.27992
23820 7.28156
23830 7.28043
23840 7.27817
23850 7.27445
23860 7.26794
23870 7.25896
23880 7.25023
23890 7.2441
23900 7.24019
23910 7.23732
23920 7.2358
23930 7.23687
23940 7.24167
23950 7.2513
23960 7.26473
23970 7.27866
23980 7.28955
23990 7.29524
24000 7.29638
24010 7.29626
24020 7.29716
24030 7.29798
24040 7.29784
24050 7.29845
24060 7.30104
24070 7.30452
24080 7.30753
24090 7.31004
24100 7.31301
24110 7.3174
24120 7.32435
24130 7.33426
24140 7.34417
24150 7.35174
24160 7.35843
24170 7.36594
24180 7.37321
24190 7.37895
24200 7.38571
24210 7.39671
24220 7.41184
24230 7.42926
24240 7.44708
24250 7.4623
24260 7.47262
24270 7.47978
24280 7.48655
24290 7.49429
24300 7.5035
24310 7.513
24320 7.52165
24330 7.52973
24340 7.5377
24350 7.54447
24360 7.54918
24370 7.55235
24380 7.55326
24390 7.55056
24400 7.54549
24410 7.54072
24420 7.53611
24430 7.52973
24440 7.5205
24450 7.50832
24460 7.49168
24470 7.47061
24480 7.44786
24490 7.42494
24500 7.40144
24510 7.37729
24520 7.35399
24530 7.33465
24540 7.32202
24550 7.31472
24560 7.30942
24570 7.30607
24580 7.30698
24590 7.31211
24600 7.31858
24610 7.32386
24620 7.32672
24630 7.3294
24640 7.33603
24650 7.34633
24660 7.35797
24670 7.37013
24680 7.38277
24690 7.3957
24700 7.40868
24710 7.4201
24720 7.42774
24730 7.43019
24740 7.42785
24750 7.42269
24760 7.41701
24770 7.41307
24780 7.41133
24790 7.4099
24800 7.40714
24810 7.40358
24820 7.40111
24830 7.40147
24840 7.40406
24850 7.40667
24860 7.40862
24870 7.41065
24880 7.41423
24890 7.42076
24900 7.43097
24910 7.4448
24920 7.46141
24930 7.47932
24940 7.49608
24950 7.5088
24960 7.51535
24970 7.51565
24980 7.51129
24990 7.5054
25000 7.5001
25010 7.49606
25020 7.4943
25030 7.49729
25040 7.50571
25050 7.51655
25060 7.5268
25070 7.53595
25080 7.54441
25090 7.55334
25100 7.56262
25110 7.57078
25120 7.57697
25130 7.58056
25140 7.58254
25150 7.58465
25160 7.58696
25170 7.58925
25180 7.59308
25190 7.59996
25200 7.60939
25210 7.61975
25220 7.62882
25230 7.63549
25240 7.64316
25250 7.6554
25260 7.67275
25270 7.69395
25280 7.71922
25290 7.74883
25300 7.78106
25310 7.81315
25320 7.84231
25330 7.86731
25340 7.88709
25350 7.90005
25360 7.90691
25370 7.91051
25380 7.91243
25390 7.91258
25400 7.91011
25410 7.90427
25420 7.89524
25430 7.88556
25440 7.87908
25450 7.87904
25460 7.88494
25470 7.89454
25480 7.90814
25490 7.92677
25500 7.94864
25510 7.96974
25520 7.98818
25530 8.0037
25540 8.01492
25550 8.02064
25560 8.02189
25570 8.02023
25580 8.01547
25590 8.00873
25600 8.0041
25610 8.00289
25620 8.00167
25630 7.99749
25640 7.99175
25650 7.98796
25660 7.9862
25670 7.98414
25680 7.98138
25690 7.97703
25700 7.96848
25710 7.95741
25720 7.94854
25730 7.94164
25740 7.93421
25750 7.92746
25760 7.9254
25770 7.92984
25780 7.93946
25790 7.95148
25800 7.96159
25810 7.96594
25820 7.96407
25830 7.95745
25840 7.94748
25850 7.93643
25860 7.92638
25870 7.9177
25880 7.90919
25890 7.89902
25900 7.88686
25910 7.87385
25920 7.86244
25930 7.85354
25940 7.84781
25950 7.84645
25960 7.84979
25970 7.8572
25980 7.86752
25990 7.88038
26000 7.89542
26010 7.91056
26020 7.92516
26030 7.94025
26040 7.956
26050 7.97227
26060 7.98932
26070 8.00553
26080 8.01833
26090 8.02629
26100 8.03006
26110 8.02984
26120 8.0257
26130 8.01969
26140 8.0133
26150 8.00763
26160 8.00377
26170 8.0004
26180 7.99425
26190 7.98389
26200 7.97124
26210 7.95905
26220 7.94888
26230 7.94116
26240 7.93622
26250 7.93667
26260 7.94606
26270 7.96475
26280 7.99115
26290 8.02428
26300 8.0618
26310 8.09802
26320 8.12839
26330 8.15246
26340 8.17054
26350 8.18237
26360 8.19098
26370 8.20174
26380 8.21879
26390 8.24293
26400 8.27199
26410 8.30152
26420 8.32564
26430 8.34201
26440 8.35264
26450 8.35864
26460 8.35991
26470 8.35947
26480 8.36091
26490 8.3642
26500 8.3688
26510 8.37367
26520 8.37634
26530 8.37496
26540 8.37031
26550 8.36428
26560 8.35804
26570 8.35142
26580 8.34406
26590 8.33666
26600 8.32944
26610 8.32062
26620 8.30907
26630 8.29618
26640 8.28397
26650 8.27324
26660 8.26335
26670 8.25476
26680 8.25076
26690 8.25285
26700 8.25653
26710 8.25698
26720 8.253
26730 8.24503
26740 8.23498
26750 8.22396
26760 8.21307
26770 8.2038
26780 8.19618
26790 8.19028
26800 8.18864
26810 8.19422
26820 8.204
26830 8.21171
26840 8.21445
26850 8.2143
26860 8.215
26870 8.21912
26880 8.22726
26890 8.23812
26900 8.25064
26910 8.26359
26920 8.27331
26930 8.27689
26940 8.27519
26950 8.27137
26960 8.26767
26970 8.2653
26980 8.26511
26990 8.26621
27000 8.26672
27010 8.26622
27020 8.265
27030 8.26547
27040 8.27204
27050 8.28634
27060 8.30561
27070 8.32794
27080 8.3533
27090 8.3816
27100 8.41165
27110 8.44045
27120 8.46494
27130 8.48363
27140 8.49547
27150 8.4998
27160 8.49943
27170 8.49794
27180 8.49579
27190 8.49296
27200 8.4923
27210 8.49546
27220 8.50073
27230 8.50766
27240 8.51596
27250 8.52233
27260 8.52508
27270 8.52718
27280 8.52935
27290 8.52972
27300 8.5279
27310 8.52269
27320 8.51324
27330 8.50322
27340 8.49668
27350 8.49338
27360 8.49182
27370 8.49283
27380 8.49696
27390 8.50315
27400 8.51229
27410 8.52578
27420 8.54173
27430 8.55719
27440 8.57162
27450 8.58507
27460 8.59631
27470 8.60439
27480 8.60929
27490 8.6129
27500 8.61826
27510 8.62625
27520 8.63683
27530 8.64911
27540 8.66023
27550 8.6671
27560 8.66841
27570 8.66471
27580 8.65756
27590 8.64973
27600 8.64531
27610 8.64677
27620 8.65381
27630 8.6648
27640 8.67879
27650 8.69448
27660 8.71064
27670 8.72768
27680 8.74567
27690 8.76273
27700 8.77643
27710 8.78496
27720 8.78789
27730 8.78699
27740 8.78427
27750 8.78076
27760 8.77749
27770 8.77582
27780 8.77502
27790 8.7746
27800 8.77604
27810 8.77989
27820 8.78662
27830 8.79834
27840 8.8152
27850 8.83458
27860 8.85294
27870 8.86658
27880 8.8749
27890 8.88143
27900 8.8881
27910 8.89272
27920 8.89455
27930 8.89662
27940 8.90226
27950 8.91211
27960 8.92547
27970 8.94177
27980 8.96003
27990 8.97974
28000 9.00182
28010 9.02687
28020 9.05475
28030 9.08268
28040 9.10722
28050 9.12625
28060 9.14098
28070 9.15514
28080 9.17058
28090 9.18695
28100 9.20226
28110 9.21382
28120 9.22199
28130 9.22853
28140 9.23414
28150 9.2387
28160 9.24184
28170 9.24333
28180 9.2437
28190 9.2445
28200 9.24863
28210 9.25854
28220 9.27207
28230 9.2847
28240 9.29386
28250 9.29921
28260 9.3005
28270 9.29702
28280 9.28856
28290 9.27668
28300 9.26451
28310 9.25371
28320 9.24486
28330 9.23991
28340 9.24012
28350 9.24284
28360 9.24458
28370 9.24509
28380 9.24631
28390 9.2492
28400 9.25275
28410 9.25406
28420 9.25043
28430 9.24266
28440 9.23619
28450 9.23579
28460 9.24194
28470 9.25181
28480 9.26269
28490 9.27448
28500 9.28809
28510 9.3028
28520 9.31658
28530 9.33036
28540 9.34651
28550 9.3636
28560 9.38006
28570 9.3965
28580 9.41336
28590 9.43121
28600 9.45206
28610 9.47546
28620 9.4969
28630 9.51301
28640 9.52392
28650 9.53118
28660 9.5365
28670 9.54231
28680 9.54947
28690 9.55792
28700 9.56711
28710 9.5753
28720 9.58075
28730 9.58315
28740 9.58177
28750 9.57436
28760 9.56132
28770 9.54689
28780 9.53333
28790 9.52017
28800 9.50721
28810 9.49596
28820 9.48812
28830 9.4853
28840 9.48946
28850 9.50069
28860 9.51571
28870 9.53056
28880 9.54266
28890 9.55039
28900 9.55471
28910 9.55679
28920 9.55671
28930 9.55618
28940 9.55838
28950 9.56411
28960 9.57111
28970 9.57808
28980 9.58558
28990 9.59244
29000 9.59718
29010 9.59912
29020 9.59688
29030 9.59059
29040 9.58373
29050 9.57853
29060 9.57477
29070 9.57175
29080 9.57116
29090 9.57671
29100 9.59041
29110 9.61069
29120 9.63406
29130 9.65538
29140 9.6705
29150 9.68014
29160 9.68694
29170 9.69271
29180 9.69907
29190 9.70645
29200 9.71536
29210 9.72804
29220 9.7452
29230 9.76397
29240 9.78071
29250 9.79425
29260 9.80408
29270 9.8101
29280 9.81141
29290 9.80651
29300 9.79631
29310 9.78377
29320 9.77177
29330 9.76328
29340 9.75994
29350 9.76063
29360 9.7635
29370 9.76687
29380 9.77023
29390 9.77334
29400 9.77589
29410 9.77721
29420 9.77692
29430 9.77495
29440 9.77047
29450 9.76311
29460 9.75642
29470 9.75677
29480 9.7664
29490 9.78249
29500 9.80103
29510 9.81987
29520 9.83729
29530 9.85069
29540 9.85926
29550 9.86555
29560 9.87262
29570 9.87915
29580 9.88249
29590 9.88061
29600 9.87242
29610 9.86047
29620 9.84898
29630 9.83869
29640 9.82653
29650 9.81057
29660 9.79274
29670 9.77621
29680 9.76269
29690 9.75174
29700 9.74323
29710 9.73856
29720 9.73866
29730 9.74478
29740 9.75659
29750 9.76952
29760 9.77859
29770 9.78183
29780 9.77935
29790 9.77216
29800 9.76193
29810 9.75114
29820 9.74289
29830 9.7417
29840 9.75037
29850 9.7664
29860 9.78408
29870 9.80076
29880 9.81791
29890 9.83707
29900 9.85809
29910 9.87943
29920 9.89917
29930 9.91599
29940 9.92958
29950 9.94145
29960 9.95366
29970 9.96771
29980 9.9861
29990 10.0108
30000 10.0402
30010 10.071
30020 10.1014
30030 10.1312
30040 10.161
30050 10.1909
30060 10.2213
30070 10.253
30080 10.2849
30090 10.3154
30100 10.3449
30110 10.3717
30120 10.3912
30130 10.4002
30140 10.3969
30150 10.3831
30160 10.3641
30170 10.3438
30180 10.3242
30190 10.3077
30200 10.2932
30210 10.2771
30220 10.2591
30230 10.2393
30240 10.2174
30250 10.1969
30260 10.1823
30270 10.1736
30280 10.1684
30290 10.1654
30300 10.1632
30310 10.1592
30320 10.1516
30330 10.1397
30340 10.1244
30350 10.1076
30360 10.0897
30370 10.0707
30380 10.0514
30390 10.0325
30400 10.0142
30410 9.99723
30420 9.9821
30430 9.96993
30440 9.9632
30450 9.96209
30460 9.96215
30470 9.96003
30480 9.95616
30490 9.95088
30500 9.94299
30510 9.93182
30520 9.91993
30530 9.91104
30540 9.90611
30550 9.90524
30560 9.91025
30570 9.922
30580 9.93838
30590 9.95633
30600 9.97321
30610 9.98708
30620 9.99557
30630 9.9972
30640 9.99389
30650 9.99021
30660 9.98911
30670 9.9909
30680 9.99515
30690 10.0013
30700 10.0064
30710 10.0085
30720 10.01
30730 10.0132
30740 10.0191
30750 10.0284
30760 10.0415
30770 10.0567
30780 10.0738
30790 10.0907
30800 10.104
30810 10.1131
30820 10.1215
30830 10.1318
30840 10.1475
30850 10.1692
30860 10.1938
30870 10.2195
30880 10.2472
30890 10.2773
30900 10.3084
30910 10.3381
30920 10.3662
30930 10.3938
30940 10.4196
30950 10.44
30960 10.4551
30970 10.4672
30980 10.4766
30990 10.4813
31000 10.4791
31010 10.4691
31020 10.4531
31030 10.4342
31040 10.4154
31050 10.3996
31060 10.3876
31070 10.3777
31080 10.369
31090 10.3612
31100 10.3551
31110 10.3517
31120 10.3505
31130 10.3502
31140 10.3511
31150 10.3551
31160 10.362
31170 10.3696
31180 10.3764
31190 10.3805
31200 10.3805
31210 10.3753
31220 10.3668
31230 10.3583
31240 10.3511
31250 10.3427
31260 10.3315
31270 10.32
31280 10.3119
31290 10.3104
31300 10.316
31310 10.3273
31320 10.3414
31330 10.3539
31340 10.3621
31350 10.3654
31360 10.3654
31370 10.3639
31380 10.3626
31390 10.3618
31400 10.3615
31410 10.3635
31420 10.3691
31430 10.3763
31440 10.3834
31450 10.3916
31460 10.4023
31470 10.4155
31480 10.4285
31490 10.4393
31500 10.4485
31510 10.4547
31520 10.4556
31530 10.4518
31540 10.4453
31550 10.4378
31560 10.4296
31570 10.4211
31580 10.4124
31590 10.403
31600 10.3947
31610 10.3911
31620 10.3912
31630 10.3912
31640 10.3881
31650 10.3814
31660 10.3724
31670 10.3637
31680 10.3577
31690 10.3565
31700 10.3602
31710 10.367
31720 10.3776
31730 10.3929
31740 10.4095
31750 10.4253
31760 10.4401
31770 10.4531
31780 10.4634
31790 10.473
31800 10.4837
31810 10.4957
31820 10.509
31830 10.5247
31840 10.5434
31850 10.5643
31860 10.5854
31870 10.6036
31880 10.6163
31890 10.6246
31900 10.6306
31910 10.6366
31920 10.6435
31930 10.6503
31940 10.6559
31950 10.6598
31960 10.6637
31970 10.6698
31980 10.677
31990 10.6822
32000 10.681
32010 10.6715
32020 10.6547
32030 10.6314
32040 10.6021
32050 10.5702
32060 10.5419
32070 10.5193
32080 10.4993
32090 10.4794
32100 10.4609
32110 10.4452
32120 10.4304
32130 10.4157
32140 10.4039
32150 10.3978
32160 10.3964
32170 10.3972
32180 10.3984
32190 10.3998
32200 10.4021
32210 10.4042
32220 10.4051
32230 10.407
32240 10.4112
32250 10.4175
32260 10.4274
32270 10.4444
32280 10.4696
32290 10.4998
32300 10.5328
32310 10.5676
32320 10.601
32330 10.6312
32340 10.659
32350 10.6841
32360 10.7046
32370 10.7212
32380 10.7364
32390 10.751
32400 10.7645
32410 10.7766
32420 10.7856
32430 10.791
32440 10.7956
32450 10.8004
32460 10.804
32470 10.8061
32480 10.8071
32490 10.8084
32500 10.8118
32510 10.8181
32520 10.8276
32530 10.8418
32540 10.8637
32550 10.8915
32560 10.9183
32570 10.9389
32580 10.9509
32590 10.9539
32600 10.9503
32610 10.9429
32620 10.933
32630 10.9209
32640 10.9088
32650 10.8979
32660 10.8872
32670 10.8762
32680 10.8684
32690 10.8674
32700 10.8723
32710 10.8801
32720 10.8902
32730 10.9023
32740 10.9143
32750 10.9254
32760 10.9374
32770 10.9506
32780 10.9616
32790 10.9672
32800 10.9671
32810 10.9623
32820 10.9549
32830 10.9477
32840 10.9412
32850 10.9345
32860 10.9281
32870 10.9228
32880 10.9176
32890 10.9129
32900 10.9104
32910 10.9118
32920 10.9175
32930 10.9257
32940 10.9338
32950 10.9402
32960 10.9453
32970 10.9503
32980 10.9563
32990 10.9657
33000 10.9801
33010 10.9971
33020 11.0141
33030 11.0307
33040 11.0467
33050 11.0605
33060 11.0716
33070 11.0823
33080 11.096
33090 11.1127
33100 11.1276
33110 11.1387
33120 11.1472
33130 11.1553
33140 11.1647
33150 11.1751
33160 11.1847
33170 11.1926
33180 11.1998
33190 11.2075
33200 11.2157
33210 11.2233
33220 11.2308
33230 11.2401
33240 11.2514
33250 11.2631
33260 11.2749
33270 11.2873
33280 11.3011
33290 11.3181
33300 11.34
33310 11.3664
33320 11.396
33330 11.4261
33340 11.4554
33350 11.4857
33360 11.5182
33370 11.5489
33380 11.5717
33390 11.5853
33400 11.5913
33410 11.5904
33420 11.5815
33430 11.5657
33440 11.5479
33450 11.5319
33460 11.5167
33470 11.5009
33480 11.4848
33490 11.4689
33500 11.4561
33510 11.451
33520 11.4526
33530 11.456
33540 11.4596
33550 11.4659
33560 11.4753
33570 11.486
33580 11.4991
33590 11.5137
33600 11.5264
33610 11.5374
33620 11.5468
33630 11.55
33640 11.5462
33650 11.5405
33660 11.5355
33670 11.5323
33680 11.5336
33690 11.5416
33700 11.5549
33710 11.5693
33720 11.5828
33730 11.5948
33740 11.6042
33750 11.6125
33760 11.6201
33770 11.6248
33780 11.6273
33790 11.6321
33800 11.6418
33810 11.6541
33820 11.6674
33830 11.6796
33840 11.6883
33850 11.6934
33860 11.6955
33870 11.6939
33880 11.6881
33890 11.6814
33900 11.6772
33910 11.6758
33920 11.6769
33930 11.6794
33940 11.6838
33950 11.6926
33960 11.7039
33970 11.7123
33980 11.7133
33990 11.706
34000 11.6913
34010 11.6689
34020 11.6389
34030 11.6046
34040 11.5724
34050 11.5453
34060 11.521
34070 11.4993
34080 11.4809
34090 11.4643
34100 11.4491
34110 11.4379
34120 11.4327
34130 11.4319
34140 11.4314
34150 11.4282
34160 11.4195
34170 11.404
34180 11.3837
34190 11.363
34200 11.3448
34210 11.3314
34220 11.323
34230 11.318
34240 11.316
34250 11.3169
34260 11.3166
34270 11.3115
34280 11.3017
34290 11.2882
34300 11.273
34310 11.2612
34320 11.2555
34330 11.2558
34340 11.26
34350 11.2637
34360 11.2621
34370 11.2553
34380 11.2458
34390 11.2355
34400 11.2259
34410 11.2195
34420 11.2179
34430 11.2211
34440 11.2268
34450 11.2343
34460 11.2444
34470 11.2572
34480 11.2692
34490 11.2778
34500 11.2843
34510 11.2919
34520 11.3031
34530 11.3162
34540 11.3277
34550 11.3376
34560 11.3467
34570 11.3529
34580 11.3562
34590 11.3593
34600 11.3623
34610 11.3631
34620 11.36
34630 11.352
34640 11.3386
34650 11.3188
34660 11.293
34670 11.2632
34680 11.2314
34690 11.1983
34700 11.1669
34710 11.1409
34720 11.1203
34730 11.1024
34740 11.086
34750 11.0709
34760 11.0584
34770 11.0501
34780 11.0455
34790 11.0439
34800 11.0441
34810 11.0445
34820 11.0459
34830 11.0484
34840 11.0494
34850 11.0471
34860 11.0424
34870 11.0387
34880 11.0382
34890 11.0414
34900 11.0491
34910 11.0608
34920 11.0735
34930 11.0837
34940 11.09
34950 11.0949
34960 11.1014
34970 11.1097
34980 11.1202
34990 11.1334
35000 11.1479
35010 11.1609
35020 11.1717
35030 11.1839
35040 11.2003
35050 11.219
35060 11.2369
35070 11.2532
35080 11.267
35090 11.2779
35100 11.2879
35110 11.3008
35120 11.319
35130 11.3399
35140 11.3582
35150 11.3696
35160 11.3735
35170 11.3692
35180 11.3567
35190 11.3388
35200 11.3176
35210 11.2934
35220 11.2695
35230 11.2499
35240 11.235
35250 11.2239
35260 11.2169
35270 11.2132
35280 11.2101
35290 11.2063
35300 11.2032
35310 11.2016
35320 11.2012
35330 11.2037
35340 11.2098
35350 11.2175
35360 11.2254
35370 11.2341
35380 11.2435
35390 11.2534
35400 11.2629
35410 11.2688
35420 11.2691
35430 11.2664
35440 11.2639
35450 11.2624
35460 11.2643
35470 11.2695
35480 11.2742
35490 11.2783
35500 11.2853
35510 11.2963
35520 11.3098
35530 11.3241
35540 11.3391
35550 11.3536
35560 11.3659
35570 11.3738
35580 11.3737
35590 11.3652
35600 11.3515
35610 11.3347
35620 11.3159
35630 11.2998
35640 11.2889
35650 11.2803
35660 11.2739
35670 11.2746
35680 11.2839
35690 11.2978
35700 11.3131
35710 11.3293
35720 11.3452
35730 11.3568
35740 11.3627
35750 11.3648
35760 11.365
35770 11.366
35780 11.3704
35790 11.3784
35800 11.3892
35810 11.4036
35820 11.4226
35830 11.4432
35840 11.4597
35850 11.4682
35860 11.4681
35870 11.4603
35880 11.4459
35890 11.4257
35900 11.402
35910 11.3787
35920 11.3586
35930 11.342
35940 11.3291
35950 11.3207
35960 11.3171
35970 11.3189
35980 11.3251
35990 11.3309
36000 11.3315
36010 11.3278
36020 11.3234
36030 11.3187
36040 11.3119
36050 11.3019
36060 11.2882
36070 11.2727
36080 11.2587
36090 11.2471
36100 11.2373
36110 11.2291
36120 11.2215
36130 11.2146
36140 11.2088
36150 11.2031
36160 11.1964
36170 11.1888
36180 11.1817
36190 11.1761
36200 11.1731
36210 11.1734
36220 11.1778
36230 11.186
36240 11.1961
36250 11.2041
36260 11.2072
36270 11.2073
36280 11.208
36290 11.2113
36300 11.2179
36310 11.2282
36320 11.2408
36330 11.2557
36340 11.2729
36350 11.2916
36360 11.3127
36370 11.3365
36380 11.3602
36390 11.3804
36400 11.3949
36410 11.4012
36420 11.3989
36430 11.3909
36440 11.3828
36450 11.3778
36460 11.3746
36470 11.3712
36480 11.3683
36490 11.3696
36500 11.3775
36510 11.3899
36520 11.4032
36530 11.4175
36540 11.4343
36550 11.4548
36560 11.4792
36570 11.5063
36580 11.5311
36590 11.5499
36600 11.5627
36610 11.5684
36620 11.5663
36630 11.5583
36640 11.5461
36650 11.5304
36660 11.5144
36670 11.5003
36680 11.4886
36690 11.4817
36700 11.4807
36710 11.4842
36720 11.491
36730 11.5002
36740 11.509
36750 11.5129
36760 11.5109
36770 11.5043
36780 11.495
36790 11.484
36800 11.4709
36810 11.4548
36820 11.4358
36830 11.4175
36840 11.4038
36850 11.3933
36860 11.3836
36870 11.3739
36880 11.3655
36890 11.3603
36900 11.3572
36910 11.3535
36920 11.3481
36930 11.3411
36940 11.3332
36950 11.3272
36960 11.3247
36970 11.3261
36980 11.3306
36990 11.3365
37000 11.3436
37010 11.3532
37020 11.3641
37030 11.3728
37040 11.3781
37050 11.3802
37060 11.3787
37070 11.3751
37080 11.3731
37090 11.3753
37100 11.3816
37110 11.3906
37120 11.4008
37130 11.4109
37140 11.4205
37150 11.4289
37160 11.4349
37170 11.4379
37180 11.4375
37190 11.4342
37200 11.4316
37210 11.4325
37220 11.4382
37230 11.4465
37240 11.4531
37250 11.4551
37260 11.4549
37270 11.4551
37280 11.4536
37290 11.4492
37300 11.4436
37310 11.4361
37320 11.4239
37330 11.4092
37340 11.3977
37350 11.3939
37360 11.3994
37370 11.4141
37380 11.4369
37390 11.4629
37400 11.4871
37410 11.5077
37420 11.5246
37430 11.5369
37440 11.5442
37450 11.5502
37460 11.5583
37470 11.5665
37480 11.5712
37490 11.5729
37500 11.5758
37510 11.584
37520 11.5986
37530 11.6155
37540 11.6301
37550 11.6434
37560 11.6592
37570 11.678
37580 11.6965
37590 11.714
37600 11.7301
37610 11.7392
37620 11.7375
37630 11.7297
37640 11.7208
37650 11.7106
37660 11.6998
37670 11.6918
37680 11.6877
37690 11.687
37700 11.6926
37710 11.7055
37720 11.724
37730 11.7493
37740 11.7812
37750 11.8154
37760 11.8472
37770 11.8744
37780 11.8965
37790 11.9129
37800 11.9238
37810 11.9295
37820 11.9296
37830 11.924
37840 11.914
37850 11.9011
37860 11.8861
37870 11.8713
37880 11.8585
37890 11.8461
37900 11.8312
37910 11.8149
37920 11.8008
37930 11.7928
37940 11.7924
37950 11.7981
37960 11.8072
37970 11.8173
37980 11.8283
37990 11.8404
38000 11.8516
38010 11.8602
38020 11.8645
38030 11.8632
38040 11.8571
38050 11.8484
38060 11.8396
38070 11.8333
38080 11.8311
38090 11.8317
38100 11.8327
38110 11.835
38120 11.8423
38130 11.8535
38140 11.8628
38150 11.8681
38160 11.8728
38170 11.8777
38180 11.882
38190 11.8854
38200 11.8878
38210 11.8897
38220 11.8911
38230 11.8909
38240 11.8899
38250 11.8929
38260 11.9044
38270 11.9243
38280 11.9488
38290 11.9729
38300 11.9922
38310 12.0036
38320 12.0057
38330 12.0011
38340 11.9965
38350 11.9955
38360 11.9942
38370 11.9888
38380 11.9813
38390 11.9742
38400 11.9683
38410 11.9645
38420 11.9647
38430 11.9713
38440 11.9852
38450 12.0039
38460 12.0238
38470 12.0436
38480 12.0635
38490 12.082
38500 12.0957
38510 12.1005
38520 12.0982
38530 12.095
38540 12.0947
38550 12.0967
38560 12.0986
38570 12.1009
38580 12.1051
38590 12.1104
38600 12.115
38610 12.1178
38620 12.1164
38630 12.1092
38640 12.0976
38650 12.0862
38660 12.0793
38670 12.0777
38680 12.0796
38690 12.0839
38700 12.0898
38710 12.0965
38720 12.1015
38730 12.1034
38740 12.1037
38750 12.1022
38760 12.0975
38770 12.0906
38780 12.0829
38790 12.0753
38800 12.0694
38810 12.0666
38820 12.0649
38830 12.063
38840 12.0622
38850 12.0627
38860 12.0626
38870 12.0628
38880 12.0656
38890 12.0698
38900 12.0717
38910 12.0694
38920 12.0625
38930 12.0492
38940 12.0268
38950 11.9946
38960 11.954
38970 11.9082
38980 11.8641
38990 11.8299
39000 11.809
39010 11.7981
39020 11.7888
39030 11.7753
39040 11.7572
39050 11.7367
39060 11.7155
39070 11.696
39080 11.6808
39090 11.6693
39100 11.6589
39110 11.6497
39120 11.6429
39130 11.6389
39140 11.6373
39150 11.6369
39160 11.6351
39170 11.6312
39180 11.6242
39190 11.611
39200 11.5904
39210 11.5662
39220 11.5431
39230 11.5235
39240 11.506
39250 11.4915
39260 11.4846
39270 11.4859
39280 11.4925
39290 11.5036
39300 11.5206
39310 11.5391
39320 11.5532
39330 11.5614
39340 11.5658
39350 11.5697
39360 11.577
39370 11.5893
39380 11.6066
39390 11.6272
39400 11.6491
39410 11.6717
39420 11.6931
39430 11.7114
39440 11.727
39450 11.7414
39460 11.7552
39470 11.7682
39480 11.7823
39490 11.7964
39500 11.807
39510 11.8126
39520 11.8144
39530 11.8147
39540 11.8163
39550 11.82
39560 11.8241
39570 11.8278
39580 11.831
39590 11.8346
39600 11.8393
39610 11.8458
39620 11.8537
39630 11.8597
39640 11.8612
39650 11.8571
39660 11.8493
39670 11.8401
39680 11.8313
39690 11.8245
39700 11.822
39710 11.825
39720 11.8309
39730 11.8385
39740 11.8506
39750 11.8674
39760 11.8867
39770 11.911
39780 11.9449
39790 11.9868
39800 12.028
39810 12.0611
39820 12.0854
39830 12.1005
39840 12.1062
39850 12.1086
39860 12.1155
39870 12.1305
39880 12.1539
39890 12.1847
39900 12.2203
39910 12.2583
39920 12.2965
39930 12.3318
39940 12.3597
39950 12.3771
39960 12.3848
39970 12.3834
39980 12.3716
39990 12.3493
40000 12.3186
40010 12.2837
40020 12.2514
40030 12.2271
40040 12.2118
40050 12.2039
40060 12.204
40070 12.2095
40080 12.2157
40090 12.2212
40100 12.2285
40110 12.2374
40120 12.2448
40130 12.2486
40140 12.2502
40150 12.2499
40160 12.2463
40170 12.24
40180 12.2331
40190 12.2265
40200 12.2219
40210 12.2228
40220 12.2317
40230 12.2475
40240 12.2662
40250 12.2825
40260 12.2932
40270 12.2991
40280 12.3012
40290 12.2987
40300 12.2947
40310 12.2957
40320 12.3064
40330 12.3274
40340 12.3555
40350 12.386
40360 12.4165
40370 12.4474
40380 12.4774
40390 12.504
40400 12.5248
40410 12.5379
40420 12.5448
40430 12.5484
40440 12.5473
40450 12.5382
40460 12.5215
40470 12.5019
40480 12.4831
40490 12.4649
40500 12.4481
40510 12.4361
40520 12.4307
40530 12.4303
40540 12.4329
40550 12.4371
40560 12.4422
40570 12.448
40580 12.4545
40590 12.4604
40600 12.4636
40610 12.4626
40620 12.4582
40630 12.4531
40640 12.4506
40650 12.4508
40660 12.4511
40670 12.4511
40680 12.4531
40690 12.4579
40700 12.4631
40710 12.4675
40720 12.4722
40730 12.4779
40740 12.4834
40750 12.4895
40760 12.4981
40770 12.5098
40780 12.5235
40790 12.5396
40800 12.5572
40810 12.5747
40820 12.5925
40830 12.6102
40840 12.6285
40850 12.648
40860 12.6671
40870 12.6822
40880 12.6918
40890 12.6974
40900 12.7025
40910 12.7109
40920 12.7242
40930 12.7417
40940 12.7617
40950 12.7815
40960 12.7995
40970 12.8164
40980 12.8327
40990 12.8464
41000 12.8555
41010 12.8598
41020 12.8615
41030 12.8619
41040 12.8606
41050 12.8583
41060 12.8559
41070 12.8531
41080 12.8489
41090 12.8417
41100 12.8338
41110 12.8287
41120 12.8281
41130 12.831
41140 12.8379
41150 12.8509
41160 12.8686
41170 12.8874
41180 12.904
41190 12.9171
41200 12.9264
41210 12.9328
41220 12.9396
41230 12.9491
41240 12.9621
41250 12.9792
41260 13.0003
41270 13.0223
41280 13.041
41290 13.0528
41300 13.0538
41310 13.0418
41320 13.0217
41330 13.0024
41340 12.9894
41350 12.9844
41360 12.9869
41370 12.9934
41380 13.0018
41390 13.0126
41400 13.0259
41410 13.04
41420 13.0525
41430 13.0607
41440 13.061
41450 13.0508
41460 13.032
41470 13.0111
41480 12.9934
41490 12.9808
41500 12.9753
41510 12.9772
41520 12.9844
41530 12.9968
41540 13.0145
41550 13.0345
41560 13.0545
41570 13.0725
41580 13.0862
41590 13.0933
41600 13.0949
41610 13.0941
41620 13.0942
41630 13.0969
41640 13.1024
41650 13.1081
41660 13.1119
41670 13.1123
41680 13.1058
41690 13.0913
41700 13.0753
41710 13.0637
41720 13.0557
41730 13.0476
41740 13.0389
41750 13.0324
41760 13.0282
41770 13.0257
41780 13.0281
41790 13.0382
41800 13.0544
41810 13.0742
41820 13.0957
41830 13.1159
41840 13.1314
41850 13.1419
41860 13.1504
41870 13.158
41880 13.1623
41890 13.1618
41900 13.1576
41910 13.1504
41920 13.1411
41930 13.1302
41940 13.1173
41950 13.1023
41960 13.0887
41970 13.08
41980 13.0775
41990 13.0834
42000 13.0988
42010 13.1212
42020 13.1467
42030 13.1737
42040 13.2001
42050 13.2228
42060 13.2435
42070 13.2646
42080 13.2869
42090 13.3106
42100 13.3347
42110 13.3601
42120 13.3886
42130 13.4204
42140 13.4538
42150 13.4864
42160 13.5135
42170 13.5299
42180 13.5368
42190 13.5398
42200 13.5418
42210 13.5419
42220 13.5413
42230 13.5434
42240 13.5487
42250 13.5543
42260 13.5592
42270 13.567
42280 13.5798
42290 13.5955
42300 13.613
42310 13.6327
42320 13.6507
42330 13.6636
42340 13.6712
42350 13.6731
42360 13.6674
42370 13.6559
42380 13.6443
42390 13.6391
42400 13.6424
42410 13.6503
42420 13.6585
42430 13.6651
42440 13.6678
42450 13.6637
42460 13.6518
42470 13.6344
42480 13.6137
42490 13.5922
42500 13.5721
42510 13.5551
42520 13.5418
42530 13.5316
42540 13.5221
42550 13.5139
42560 13.5131
42570 13.5237
42580 13.5407
42590 13.5587
42600 13.5765
42610 13.5926
42620 13.6064
42630 13.6197
42640 13.6332
42650 13.6444
42660 13.6516
42670 13.6537
42680 13.6493
42690 13.6374
42700 13.618
42710 13.5947
42720 13.5745
42730 13.5613
42740 13.5553
42750 13.5566
42760 13.5648
42770 13.5766
42780 13.5891
42790 13.6017
42800 13.6121
42810 13.6153
42820 13.6115
42830 13.6048
42840 13.5972
42850 13.589
42860 13.5827
42870 13.582
42880 13.5871
42890 13.5937
42900 13.5976
42910 13.5974
42920 13.593
42930 13.5862
42940 13.5789
42950 13.5714
42960 13.5651
42970 13.5632
42980 13.5655
42990 13.57
43000 13.5758
43010 13.5811
43020 13.5834
43030 13.5799
43040 13.5694
43050 13.554
43060 13.5366
43070 13.5184
43080 13.5007
43090 13.4855
43100 13.4736
43110 13.4645
43120 13.4555
43130 13.4436
43140 13.4292
43150 13.4132
43160 13.3964
43170 13.3801
43180 13.3662
43190 13.3546
43200 13.3448
43210 13.3361
43220 13.3275
43230 13.3204
43240 13.3159
43250 13.3122
43260 13.3094
43270 13.3105
43280 13.314
43290 13.3161
43300 13.3154
43310 13.3121
43320 13.3066
43330 13.3023
43340 13.3055
43350 13.3191
43360 13.3401
43370 13.3629
43380 13.3847
43390 13.4061
43400 13.4287
43410 13.4529
43420 13.4768
43430 13.4975
43440 13.514
43450 13.5268
43460 13.5377
43470 13.5486
43480 13.5601
43490 13.572
43500 13.5855
43510 13.5987
43520 13.6083
43530 13.6133
43540 13.6161
43550 13.6189
43560 13.621
43570 13.6208
43580 13.6186
43590 13.616
43600 13.6136
43610 13.6115
43620 13.6095
43630 13.6052
43640 13.5971
43650 13.5874
43660 13.58
43670 13.5769
43680 13.579
43690 13.5866
43700 13.5999
43710 13.6178
43720 13.6353
43730 13.6479
43740 13.6572
43750 13.6674
43760 13.6784
43770 13.6869
43780 13.6922
43790 13.6949
43800 13.6943
43810 13.6908
43820 13.6855
43830 13.6788
43840 13.6707
43850 13.6624
43860 13.6554
43870 13.6515
43880 13.6515
43890 13.6532
43900 13.6544
43910 13.657
43920 13.6649
43930 13.6801
43940 13.7008
43950 13.7252
43960 13.7549
43970 13.7904
43980 13.8297
43990 13.8686
44000 13.9019
44010 13.9281
44020 13.9507
44030 13.9712
44040 13.988
44050 13.9998
44060 14.0089
44070 14.0181
44080 14.0282
44090 14.0376
44100 14.0457
44110 14.0529
44120 14.0603
44130 14.0708
44140 14.0872
44150 14.1119
44160 14.1434
44170 14.1735
44180 14.1954
44190 14.2102
44200 14.2183
44210 14.2171
44220 14.2082
44230 14.1965
44240 14.188
44250 14.1834
44260 14.1784
44270 14.1668
44280 14.1469
44290 14.1209
44300 14.0917
44310 14.0627
44320 14.038
44330 14.0191
44340 14.0042
44350 13.9903
44360 13.9743
44370 13.9564
44380 13.942
44390 13.9342
44400 13.932
44410 13.9347
44420 13.9413
44430 13.9484
44440 13.9543
44450 13.9589
44460 13.9622
44470 13.9659
44480 13.972
44490 13.9814
44500 13.9951
44510 14.0131
44520 14.0318
44530 14.0471
44540 14.0587
44550 14.0677
44560 14.0734
44570 14.075
44580 14.0741
44590 14.0739
44600 14.0766
44610 14.0818
44620 14.0874
44630 14.091
44640 14.0919
44650 14.091
44660 14.088
44670 14.0791
44680 14.0629
44690 14.0436
44700 14.0245
44710 14.0074
44720 13.995
44730 13.9872
44740 13.9826
44750 13.9805
44760 13.9814
44770 13.9858
44780 13.9941
44790 14.0049
44800 14.0169
44810 14.0304
44820 14.0459
44830 14.0642
44840 14.0857
44850 14.1094
44860 14.1352
44870 14.1632
44880 14.1911
44890 14.2152
44900 14.2332
44910 14.2432
44920 14.2454
44930 14.2448
44940 14.247
44950 14.2536
44960 14.2632
44970 14.2748
44980 14.2877
44990 14.3017
45000 14.3174
45010 14.3322
45020 14.3408
45030 14.3433
45040 14.3449
45050 14.3481
45060 14.3506
45070 14.3513
45080 14.3499
45090 14.3445
45100 14.3373
45110 14.3342
45120 14.337
45130 14.3433
45140 14.3522
45150 14.3647
45160 14.3803
45170 14.3965
45180 14.4108
45190 14.4211
45200 14.4257
45210 14.4255
45220 14.4222
45230 14.4186
45240 14.416
45250 14.4135
45260 14.4101
45270 14.4047
45280 14.398
45290 14.392
45300 14.3868
45310 14.3821
45320 14.3779
45330 14.3734
45340 14.3701
45350 14.3713
45360 14.377
45370 14.3835
45380 14.3873
45390 14.3882
45400 14.3868
45410 14.3832
45420 14.3775
45430 14.3712
45440 14.365
45450 14.3558
45460 14.3399
45470 14.3209
45480 14.3073
45490 14.3023
45500 14.3037
45510 14.3085
45520 14.3139
45530 14.3184
45540 14.3214
45550 14.3213
45560 14.3169
45570 14.3098
45580 14.3036
45590 14.2993
45600 14.2949
45610 14.2887
45620 14.2811
45630 14.2744
45640 14.2689
45650 14.265
45660 14.2646
45670 14.267
45680 14.2684
45690 14.2677
45700 14.268
45710 14.2722
45720 14.2791
45730 14.2874
45740 14.298
45750 14.3131
45760 14.3315
45770 14.3491
45780 14.364
45790 14.3765
45800 14.3861
45810 14.3934
45820 14.4003
45830 14.4063
45840 14.4094
45850 14.4098
45860 14.4066
45870 14.3963
45880 14.3784
45890 14.3575
45900 14.3388
45910 14.3204
45920 14.2983
45930 14.2733
45940 14.2508
45950 14.235
45960 14.2264
45970 14.2257
45980 14.2322
45990 14.2418
46000 14.2493
46010 14.2525
46020 14.2525
46030 14.2506
46040 14.249
46050 14.2512
46060 14.2585
46070 14.2687
46080 14.2798
46090 14.2944
46100 14.3151
46110 14.3393
46120 14.3645
46130 14.388
46140 14.4056
46150 14.4158
46160 14.4227
46170 14.4292
46180 14.4352
46190 14.4406
46200 14.4454
46210 14.4494
46220 14.4538
46230 14.46
46240 14.4685
46250 14.4802
46260 14.4963
46270 14.5135
46280 14.5266
46290 14.5332
46300 14.5352
46310 14.5356
46320 14.5365
46330 14.5365
46340 14.533
46350 14.5258
46360 14.5169
46370 14.509
46380 14.5079
46390 14.5191
46400 14.5416
46410 14.5714
46420 14.607
46430 14.6468
46440 14.6886
46450 14.7329
46460 14.7793
46470 14.8269
46480 14.8749
46490 14.9212
46500 14.9626
46510 14.9988
46520 15.0291
46530 15.0484
46540 15.0527
46550 15.0465
46560 15.0358
46570 15.0238
46580 15.0113
46590 15.0001
46600 14.9916
46610 14.9845
46620 14.9769
46630 14.9702
46640 14.9696
46650 14.9775
46660 14.9913
46670 15.0063
46680 15.0201
46690 15.0318
46700 15.0409
46710 15.0496
46720 15.062
46730 15.0797
46740 15.104
46750 15.1353
46760 15.173
46770 15.213
46780 15.2491
46790 15.2756
46800 15.2892
46810 15.2925
46820 15.2906
46830 15.2882
46840 15.2882
46850 15.289
46860 15.2882
46870 15.2868
46880 15.2873
46890 15.2889
46900 15.2885
46910 15.2839
46920 15.2742
46930 15.2576
46940 15.2302
46950 15.1917
46960 15.1468
46970 15.1023
46980 15.0647
46990 15.0389
47000 15.027
47010 15.0271
47020 15.0346
47030 15.0432
47040 15.0503
47050 15.0555
47060 15.0561
47070 15.0479
47080 15.0311
47090 15.0089
47100 14.9823
47110 14.9513
47120 14.9205
47130 14.896
47140 14.8806
47150 14.873
47160 14.8729
47170 14.8798
47180 14.8881
47190 14.8907
47200 14.8855
47210 14.8726
47220 14.8529
47230 14.8294
47240 14.8058
47250 14.7857
47260 14.7725
47270 14.7671
47280 14.7692
47290 14.7772
47300 14.7895
47310 14.8044
47320 14.8213
47330 14.8375
47340 14.848
47350 14.8534
47360 14.8587
47370 14.8663
47380 14.8778
47390 14.8978
47400 14.9297
47410 14.971
47420 15.0153
47430 15.0578
47440 15.0958
47450 15.1264
47460 15.1491
47470 15.1671
47480 15.1864
47490 15.211
47500 15.2415
47510 15.2752
47520 15.3086
47530 15.3391
47540 15.3647
47550 15.3838
47560 15.3971
47570 15.4079
47580 15.4173
47590 15.4257
47600 15.4338
47610 15.4405
47620 15.4452
47630 15.4512
47640 15.464
47650 15.4843
47660 15.5102
47670 15.5431
47680 15.5838
47690 15.6255
47700 15.661
47710 15.6897
47720 15.7112
47730 15.722
47740 15.7196
47750 15.7058
47760 15.6856
47770 15.6627
47780 15.6385
47790 15.6155
47800 15.5985
47810 15.591
47820 15.5909
47830 15.5936
47840 15.5974
47850 15.603
47860 15.6103
47870 15.6163
47880 15.6178
47890 15.6145
47900 15.6077
47910 15.5999
47920 15.5919
47930 15.5832
47940 15.5742
47950 15.5663
47960 15.5605
47970 15.5554
47980 15.5495
47990 15.5424
48000 15.5338
48010 15.5223
48020 15.5045
48030 15.4795
48040 15.4489
48050 15.4142
48060 15.3787
48070 15.3499
48080 15.3335
48090 15.3318
48100 15.3432
48110 15.3629
48120 15.3869
48130 15.4142
48140 15.4425
48150 15.4692
48160 15.4925
48170 15.5136
48180 15.5347
48190 15.5549
48200 15.5673
48210 15.5664
48220 15.5561
48230 15.5448
48240 15.5381
48250 15.5386
48260 15.5442
48270 15.551
48280 15.5583
48290 15.5669
48300 15.5767
48310 15.5882
48320 15.6034
48330 15.6214
48340 15.6386
48350 15.651
48360 15.6553
48370 15.6514
48380 15.6422
48390 15.6316
48400 15.622
48410 15.6155
48420 15.6148
48430 15.6213
48440 15.6335
48450 15.6483
48460 15.6624
48470 15.6746
48480 15.6848
48490 15.6908
48500 15.6911
48510 15.6888
48520 15.6893
48530 15.6948
48540 15.7044
48550 15.7183
48560 15.7375
48570 15.7593
48580 15.7783
48590 15.7926
48600 15.803
48610 15.8095
48620 15.8139
48630 15.8196
48640 15.8299
48650 15.8468
48660 15.8698
48670 15.8957
48680 15.9229
48690 15.9513
48700 15.9785
48710 16.0002
48720 16.0163
48730 16.0305
48740 16.0434
48750 16.0512
48760 16.0522
48770 16.0482
48780 16.0403
48790 16.0287
48800 16.0146
48810 16.0009
48820 15.9903
48830 15.9824
48840 15.9744
48850 15.9658
48860 15.9603
48870 15.9602
48880 15.9658
48890 15.9765
48900 15.9912
48910 16.0097
48920 16.0322
48930 16.056
48940 16.0769
48950 16.0963
48960 16.1166
48970 16.1363
48980 16.1543
48990 16.169
49000 16.1776
49010 16.1787
49020 16.1747
49030 16.1703
49040 16.1696
49050 16.1737
49060 16.1799
49070 16.1857
49080 16.1901
49090 16.1939
49100 16.1977
49110 16.2003
49120 16.1985
49130 16.191
49140 16.1802
49150 16.169
49160 16.1588
49170 16.1513
49180 16.1491
49190 16.1515
49200 16.1567
49210 16.1643
49220 16.1728
49230 16.1744
49240 16.1603
49250 16.1313
49260 16.0937
49270 16.0533
49280 16.0159
49290 15.9845
49300 15.9583
49310 15.9375
49320 15.9248
49330 15.9213
49340 15.9233
49350 15.9267
49360 15.9283
49370 15.9267
49380 15.9221
49390 15.9153
49400 15.9071
49410 15.8997
49420 15.8948
49430 15.8933
49440 15.8975
49450 15.9084
49460 15.9225
49470 15.9358
49480 15.9476
49490 15.9599
49500 15.9765
49510 16.0011
49520 16.0337
49530 16.0711
49540 16.1097
49550 16.145
49560 16.1732
49570 16.1932
49580 16.2077
49590 16.222
49600 16.2416
49610 16.2654
49620 16.2887
49630 16.3117
49640 16.338
49650 16.3665
49660 16.3924
49670 16.4129
49680 16.4295
49690 16.4435
49700 16.4545
49710 16.4627
49720 16.4707
49730 16.4811
49740 16.495
49750 16.5146
49760 16.5418
49770 16.576
49780 16.6107
49790 16.6385
49800 16.6563
49810 16.665
49820 16.6665
49830 16.6614
49840 16.6516
49850 16.6417
49860 16.6353
49870 16.6312
49880 16.6276
49890 16.6251
49900 16.6236
49910 16.6216
49920 16.6177
49930 16.6114
49940 16.6049
49950 16.602
49960 16.6037
49970 16.6105
49980 16.6243
49990 16.6429
50000 16.6605
50010 16.673
50020 16.6777
50030 16.6748
50040 16.6681
50050 16.6592
50060 16.6448
50070 16.6263
50080 16.6102
50090 16.5994
50100 16.5917
50110 16.5845
50120 16.5781
50130 16.5748
50140 16.5787
50150 16.5919
50160 16.6116
50170 16.6299
50180 16.6419
50190 16.6462
50200 16.6419
50210 16.6299
50220 16.6129
50230 16.5927
50240 16.5718
50250 16.5534
50260 16.5386
50270 16.5249
50280 16.5118
50290 16.5016
50300 16.493
50310 16.4817
50320 16.4674
50330 16.4513
50340 16.4357
50350 16.424
50360 16.4178
50370 16.4142
50380 16.4089
50390 16.4029
50400 16.3991
50410 16.398
50420 16.3991
50430 16.4022
50440 16.4055
50450 16.4083
50460 16.4105
50470 16.4098
50480 16.4037
50490 16.393
50500 16.3819
50510 16.3746
50520 16.3741
50530 16.3794
50540 16.3868
50550 16.3953
50560 16.4072
50570 16.4214
50580 16.4316
50590 16.4342
50600 16.432
50610 16.4259
50620 16.4135
50630 16.3971
50640 16.3828
50650 16.3762
50660 16.38
50670 16.3944
50680 16.4183
50690 16.4491
50700 16.4808
50710 16.5077
50720 16.5275
50730 16.538
50740 16.5405
50750 16.5441
50760 16.5559
50770 16.5742
50780 16.5946
50790 16.6155
50800 16.6376
50810 16.66
50820 16.681
50830 16.699
50840 16.7143
50850 16.7277
50860 16.7403
50870 16.7535
50880 16.7669
50890 16.7795
50900 16.792
50910 16.8041
50920 16.8152
50930 16.8242
50940 16.8301
50950 16.8331
50960 16.8348
50970 16.8369
50980 16.8383
50990 16.8377
51000 16.8362
51010 16.8345
51020 16.8315
51030 16.8263
51040 16.8193
51050 16.8102
51060 16.7988
51070 16.7846
51080 16.7653
51090 16.7387
51100 16.7058
51110 16.6685
51120 16.6297
51130 16.5934
51140 16.56
51150 16.526
51160 16.4886
51170 16.4482
51180 16.4087
51190 16.3753
51200 16.3525
51210 16.3415
51220 16.3407
51230 16.3468
51240 16.3537
51250 16.356
51260 16.3532
51270 16.3478
51280 16.3408
51290 16.3321
51300 16.3227
51310 16.3129
51320 16.3034
51330 16.2953
51340 16.2892
51350 16.2853
51360 16.2861
51370 16.2921
51380 16.301
51390 16.3108
51400 16.3217
51410 16.3337
51420 16.3463
51430 16.3582
51440 16.3676
51450 16.3744
51460 16.3776
51470 16.3769
51480 16.3727
51490 16.3653
51500 16.3556
51510 16.3473
51520 16.3452
51530 16.3497
51540 16.3549
51550 16.3581
51560 16.3591
51570 16.3554
51580 16.3489
51590 16.3467
51600 16.3546
51610 16.3741
51620 16.404
51630 16.4417
51640 16.4819
51650 16.5186
51660 16.546
51670 16.5587
51680 16.5558
51690 16.5425
51700 16.5255
51710 16.5083
51720 16.493
51730 16.4802
51740 16.4696
51750 16.4609
51760 16.4511
51770 16.4379
51780 16.4242
51790 16.4143
51800 16.4092
51810 16.4084
51820 16.4125
51830 16.421
51840 16.4321
51850 16.4458
51860 16.4641
51870 16.4899
51880 16.5245
51890 16.5648
51900 16.6063
51910 16.6454
51920 16.6776
51930 16.6996
51940 16.7118
51950 16.7197
51960 16.7313
51970 16.7519
51980 16.7822
51990 16.8184
52000 16.8568
52010 16.8942
52020 16.9229
52030 16.9338
52040 16.9272
52050 16.9106
52060 16.8913
52070 16.8737
52080 16.8572
52090 16.8411
52100 16.8268
52110 16.8143
52120 16.8011
52130 16.7868
52140 16.7741
52150 16.7646
52160 16.7557
52170 16.7453
52180 16.7347
52190 16.7253
52200 16.7153
52210 16.7038
52220 16.6917
52230 16.6795
52240 16.6682
52250 16.6623
52260 16.6654
52270 16.6746
52280 16.6859
52290 16.6962
52300 16.7019
52310 16.6997
52320 16.6898
52330 16.6774
52340 16.6685
52350 16.6665
52360 16.6741
52370 16.6911
52380 16.7134
52390 16.7371
52400 16.7608
52410 16.7846
52420 16.8103
52430 16.8393
52440 16.8701
52450 16.8987
52460 16.9228
52470 16.9428
52480 16.9595
52490 16.9737
52500 16.9845
52510 16.987
52520 16.9793
52530 16.9638
52540 16.9428
52550 16.9184
52560 16.8962
52570 16.882
52580 16.8755
52590 16.8736
52600 16.8752
52610 16.8772
52620 16.8774
52630 16.8776
52640 16.8797
52650 16.8802
52660 16.8764
52670 16.8698
52680 16.863
52690 16.8583
52700 16.8578
52710 16.8623
52720 16.8705
52730 16.8805
52740 16.891
52750 16.9017
52760 16.9102
52770 16.9139
52780 16.9113
52790 16.9047
52800 16.8986
52810 16.8955
52820 16.8959
52830 16.9002
52840 16.9072
52850 16.9165
52860 16.9299
52870 16.95
52880 16.9772
52890 17.0122
52900 17.0542
52910 17.0994
52920 17.1456
52930 17.1906
52940 17.2314
52950 17.2677
52960 17.2984
52970 17.3214
52980 17.3368
52990 17.3473
53000 17.3542
53010 17.3576
53020 17.3563
53030 17.3484
53040 17.3343
53050 17.316
53060 17.2928
53070 17.2669
53080 17.2429
53090 17.2243
53100 17.2129
53110 17.2083
53120 17.2076
53130 17.2076
53140 17.2068
53150 17.2048
53160 17.2016
53170 17.1962
53180 17.1888
53190 17.1819
53200 17.1795
53210 17.185
53220 17.1994
53230 17.2204
53240 17.2441
53250 17.2678
53260 17.2904
53270 17.3117
53280 17.3308
53290 17.3436
53300 17.3503
53310 17.3567
53320 17.3652
53330 17.3723
53340 17.3762
53350 17.3789
53360 17.3836
53370 17.3896
53380 17.3961
53390 17.4041
53400 17.4145
53410 17.4271
53420 17.4423
53430 17.4615
53440 17.4877
53450 17.5207
53460 17.5559
53470 17.5906
53480 17.6251
53490 17.6582
53500 17.6874
53510 17.7131
53520 17.7394
53530 17.7688
53540 17.7999
53550 17.8292
53560 17.8561
53570 17.883
53580 17.9093
53590 17.9304
53600 17.9427
53610 17.9476
53620 17.9491
53630 17.9495
53640 17.9478
53650 17.9423
53660 17.9348
53670 17.9263
53680 17.9143
53690 17.8974
53700 17.8775
53710 17.8559
53720 17.8364
53730 17.8254
53740 17.8244
53750 17.8304
53760 17.8449
53770 17.87
53780 17.9017
53790 17.933
53800 17.9579
53810 17.9704
53820 17.9653
53830 17.9421
53840 17.9025
53850 17.8486
53860 17.7848
53870 17.7189
53880 17.6578
53890 17.6089
53900 17.5779
53910 17.5642
53920 17.56
53930 17.5588
53940 17.5596
53950 17.5609
53960 17.5594
53970 17.5544
53980 17.5468
53990 17.5379
54000 17.5291
54010 17.5206
54020 17.5124
54030 17.507
54040 17.5065
54050 17.5123
54060 17.5269
54070 17.552
54080 17.5862
54090 17.6271
54100 17.6706
54110 17.7117
54120 17.7459
54130 17.7737
54140 17.8003
54150 17.8288
54160 17.8565
54170 17.8806
54180 17.9035
54190 17.9304
54200 17.9648
54210 18.0059
54220 18.0492
54230 18.0916
54240 18.1299
54250 18.1574
54260 18.1701
54270 18.1699
54280 18.16
54290 18.1432
54300 18.1244
54310 18.106
54320 18.0874
54330 18.0682
54340 18.0491
54350 18.0308
54360 18.0118
54370 17.9896
54380 17.9629
54390 17.9325
54400 17.8994
54410 17.8657
54420 17.8372
54430 17.8174
54440 17.8025
54450 17.788
54460 17.7744
54470 17.7657
54480 17.763
54490 17.7646
54500 17.7681
54510 17.7714
54520 17.7738
54530 17.7747
54540 17.7727
54550 17.7705
54560 17.7735
54570 17.7823
54580 17.794
54590 17.8044
54600 17.8092
54610 17.8054
54620 17.7956
54630 17.7841
54640 17.774
54650 17.7669
54660 17.765
54670 17.7696
54680 17.7778
54690 17.7863
54700 17.793
54710 17.7979
54720 17.7996
54730 17.7946
54740 17.7829
54750 17.7667
54760 17.7453
54770 17.7175
54780 17.6864
54790 17.6572
54800 17.6334
54810 17.618
54820 17.6119
54830 17.6116
54840 17.6129
54850 17.615
54860 17.6189
54870 17.6244
54880 17.6296
54890 17.6324
54900 17.6295
54910 17.6201
54920 17.6074
54930 17.5914
54940 17.5708
54950 17.5453
54960 17.5158
54970 17.4832
54980 17.4501
54990 17.421
55000 17.3985
55010 17.3838
55020 17.3787
55030 17.3835
55040 17.3946
55050 17.4077
55060 17.4209
55070 17.4353
55080 17.4518
55090 17.4692
55100 17.4826
55110 17.4879
55120 17.4851
55130 17.4755
55140 17.46
55150 17.441
55160 17.4226
55170 17.4062
55180 17.3882
55190 17.3649
55200 17.3397
55210 17.3193
55220 17.3067
55230 17.3009
55240 17.3008
55250 17.3053
55260 17.312
55270 17.318
55280 17.3217
55290 17.3239
55300 17.3254
55310 17.3239
55320 17.3157
55330 17.2993
55340 17.2745
55350 17.2448
55360 17.2181
55370 17.2009
55380 17.1934
55390 17.1914
55400 17.1931
55410 17.1977
55420 17.2013
55430 17.1993
55440 17.1903
55450 17.1765
55460 17.1615
55470 17.149
55480 17.1453
55490 17.1538
55500 17.1714
55510 17.1956
55520 17.224
55530 17.2528
55540 17.278
55550 17.2948
55560 17.3008
55570 17.2993
55580 17.2937
55590 17.286
55600 17.2792
55610 17.2742
55620 17.2683
55630 17.2607
55640 17.2551
55650 17.2541
55660 17.2561
55670 17.2611
55680 17.271
55690 17.287
55700 17.3076
55710 17.3279
55720 17.3439
55730 17.3552
55740 17.363
55750 17.3692
55760 17.3742
55770 17.3776
55780 17.3786
55790 17.3787
55800 17.382
55810 17.3895
55820 17.3983
55830 17.4065
55840 17.4112
55850 17.4094
55860 17.4035
55870 17.398
55880 17.3954
55890 17.3953
55900 17.3965
55910 17.3999
55920 17.405
55930 17.409
55940 17.4125
55950 17.4162
55960 17.4153
55970 17.4101
55980 17.4059
55990 17.4039
56000 17.3996
56010 17.3898
56020 17.3747
56030 17.3552
56040 17.3324
56050 17.307
56060 17.2801
56070 17.2545
56080 17.2319
56090 17.211
56100 17.1907
56110 17.1718
56120 17.1575
56130 17.1521
56140 17.1567
56150 17.1686
56160 17.1871
56170 17.2124
56180 17.2413
56190 17.2698
56200 17.2962
56210 17.3188
56220 17.3349
56230 17.3441
56240 17.3483
56250 17.3515
56260 17.3594
56270 17.3758
56280 17.3979
56290 17.4228
56300 17.4493
56310 17.4736
56320 17.4895
56330 17.4921
56340 17.4818
56350 17.4631
56360 17.4407
56370 17.4142
56380 17.3822
56390 17.3486
56400 17.3197
56410 17.2968
56420 17.2791
56430 17.2669
56440 17.2603
56450 17.2585
56460 17.2622
56470 17.2694
56480 17.2748
56490 17.2772
56500 17.279
56510 17.2789
56520 17.2736
56530 17.265
56540 17.2564
56550 17.2506
56560 17.2507
56570 17.2588
56580 17.2746
56590 17.2953
56600 17.3183
56610 17.3413
56620 17.3601
56630 17.3681
56640 17.3636
56650 17.351
56660 17.3352
56670 17.3178
56680 17.3015
56690 17.2909
56700 17.2885
56710 17.2937
56720 17.3035
56730 17.3136
56740 17.3225
56750 17.3311
56760 17.3386
56770 17.3467
56780 17.3585
56790 17.3728
56800 17.3843
56810 17.3907
56820 17.394
56830 17.3976
56840 17.4032
56850 17.4123
56860 17.4252
56870 17.437
56880 17.4414
56890 17.4362
56900 17.4195
56910 17.3899
56920 17.349
56930 17.2999
56940 17.2464
56950 17.1972
56960 17.1585
56970 17.1247
56980 17.0874
56990 17.0484
57000 17.0133
57010 16.9839
57020 16.9632
57030 16.9527
57040 16.9478
57050 16.9437
57060 16.941
57070 16.9412
57080 16.9394
57090 16.9332
57100 16.9285
57110 16.9332
57120 16.9484
57130 16.9706
57140 16.9952
57150 17.0174
57160 17.0354
57170 17.0516
57180 17.069
57190 17.0895
57200 17.1115
57210 17.1338
57220 17.1577
57230 17.1834
57240 17.2063
57250 17.223
57260 17.2371
57270 17.2538
57280 17.2728
57290 17.291
57300 17.3065
57310 17.3206
57320 17.3339
57330 17.3451
57340 17.3532
57350 17.36
57360 17.3661
57370 17.3708
57380 17.3744
57390 17.378
57400 17.3825
57410 17.3868
57420 17.3885
57430 17.3855
57440 17.3776
57450 17.3662
57460 17.3536
57470 17.3404
57480 17.3285
57490 17.32
57500 17.3159
57510 17.3156
57520 17.3188
57530 17.327
57540 17.3391
57550 17.3507
57560 17.3565
57570 17.3547
57580 17.3441
57590 17.3229
57600 17.2941
57610 17.2646
57620 17.2414
57630 17.2261
57640 17.2175
57650 17.2147
57660 17.2149
57670 17.2156
57680 17.2192
57690 17.2297
57700 17.2493
57710 17.2777
57720 17.311
57730 17.3441
57740 17.3747
57750 17.4028
57760 17.4281
57770 17.4484
57780 17.4609
57790 17.4659
57800 17.4668
57810 17.4679
57820 17.4714
57830 17.4807
57840 17.4973
57850 17.5166
57860 17.533
57870 17.5458
57880 17.5581
57890 17.5717
57900 17.5859
57910 17.5981
57920 17.6069
57930 17.6132
57940 17.6187
57950 17.6248
57960 17.6298
57970 17.6299
57980 17.6245
57990 17.6138
58000 17.6
58010 17.5893
58020 17.5855
58030 17.5882
58040 17.5964
58050 17.6087
58060 17.623
58070 17.6386
58080 17.6542
58090 17.6661
58100 17.6707
58110 17.6701
58120 17.6678
58130 17.6651
58140 17.6631
58150 17.6636
58160 17.6665
58170 17.6715
58180 17.6797
58190 17.6932
58200 17.7121
58210 17.7343
58220 17.7584
58230 17.7828
58240 17.8055
58250 17.8278
58260 17.8542
58270 17.8866
58280 17.9203
58290 17.9484
58300 17.9696
58310 17.9875
58320 18.0044
58330 18.0177
58340 18.0258
58350 18.0301
58360 18.0329
58370 18.0355
58380 18.0382
58390 18.0416
58400 18.0472
58410 18.0549
58420 18.0628
58430 18.0703
58440 18.0779
58450 18.0853
58460 18.091
58470 18.0927
58480 18.0886
58490 18.0792
58500 18.0675
58510 18.0558
58520 18.0433
58530 18.0286
58540 18.0141
58550 18.0044
58560 18.0004
58570 18.002
58580 18.0096
58590 18.0205
58600 18.03
58610 18.0337
58620 18.0294
58630 18.0176
58640 17.9998
58650 17.9792
58660 17.9619
58670 17.9549
58680 17.9609
58690 17.9753
58700 17.9899
58710 18.001
58720 18.0102
58730 18.0163
58740 18.0153
58750 18.0067
58760 17.9929
58770 17.9762
58780 17.9587
58790 17.9418
58800 17.9271
58810 17.9154
58820 17.9069
58830 17.9026
58840 17.9032
58850 17.9084
58860 17.9156
58870 17.9239
58880 17.9334
58890 17.9404
58900 17.9413
58910 17.938
58920 17.9354
58930 17.9333
58940 17.9302
58950 17.9262
58960 17.9204
58970 17.9122
58980 17.8998
58990 17.882
59000 17.8617
59010 17.8421
59020 17.8256
59030 17.8154
59040 17.8137
59050 17.8181
59060 17.826
59070 17.836
59080 17.8475
59090 17.8576
59100 17.8642
59110 17.8673
59120 17.8672
59130 17.8656
59140 17.8637
59150 17.8618
59160 17.8587
59170 17.8541
59180 17.8504
59190 17.8501
59200 17.8527
59210 17.854
59220 17.8521
59230 17.8485
59240 17.843
59250 17.834
59260 17.8231
59270 17.8112
59280 17.7952
59290 17.7737
59300 17.7488
59310 17.7221
59320 17.6959
59330 17.6743
59340 17.6591
59350 17.6481
59360 17.6397
59370 17.6384
59380 17.6481
59390 17.6688
59400 17.6962
59410 17.7255
59420 17.7532
59430 17.777
59440 17.7945
59450 17.8063
59460 17.8139
59470 17.8163
59480 17.8133
59490 17.8056
59500 17.7939
59510 17.7825
59520 17.7742
59530 17.7658
59540 17.7544
59550 17.741
59560 17.7303
59570 17.7255
59580 17.7272
59590 17.7354
59600 17.7471
59610 17.7573
59620 17.7621
59630 17.7578
59640 17.7419
59650 17.7179
59660 17.6916
59670 17.6684
59680 17.6503
59690 17.6368
59700 17.6275
59710 17.6237
59720 17.6267
59730 17.6328
59740 17.6382
59750 17.6432
59760 17.6484
59770 17.6531
59780 17.6594
59790 17.6693
59800 17.6823
59810 17.6966
59820 17.7111
59830 17.7264
59840 17.7423
59850 17.7567
59860 17.7683
59870 17.7768
59880 17.7834
59890 17.7893
59900 17.7931
59910 17.7949
59920 17.7992
59930 17.8093
59940 17.8215
59950 17.8279
59960 17.8271
59970 17.823
59980 17.8185
59990 17.8158
60000 17.8164
60010 17.8205
60020 17.8288
60030 17.8429
60040 17.8608
60050 17.8765
60060 17.8862
60070 17.8931
60080 17.9007
60090 17.9075
60100 17.9104
60110 17.9122
60120 17.9167
60130 17.9231
60140 17.9287
60150 17.9314
60160 17.9315
60170 17.9321
60180 17.936
60190 17.9428
60200 17.9524
60210 17.9653
60220 17.9822
60230 18.0069
60240 18.0362
60250 18.059
60260 18.0724
60270 18.0805
60280 18.0839
60290 18.0826
60300 18.0803
60310 18.081
60320 18.0843
60330 18.0882
60340 18.0931
60350 18.1003
60360 18.1108
60370 18.1265
60380 18.1466
60390 18.1647
60400 18.1771
60410 18.1896
60420 18.2078
60430 18.2321
60440 18.2593
60450 18.2862
60460 18.3129
60470 18.3386
60480 18.3606
60490 18.3787
60500 18.3928
60510 18.4003
60520 18.4013
60530 18.3957
60540 18.3836
60550 18.3705
60560 18.3632
60570 18.3601
60580 18.3567
60590 18.3513
60600 18.3408
60610 18.3235
60620 18.3049
60630 18.2906
60640 18.2811
60650 18.2769
60660 18.28
60670 18.2893
60680 18.2983
60690 18.3045
60700 18.3107
60710 18.3154
60720 18.3139
60730 18.3064
60740 18.295
60750 18.2797
60760 18.2614
60770 18.2417
60780 18.2244
60790 18.2138
60800 18.2109
60810 18.2142
60820 18.2209
60830 18.2262
60840 18.2259
60850 18.2203
60860 18.2133
60870 18.2074
60880 18.2031
60890 18.2008
60900 18.2008
60910 18.2022
60920 18.2003
60930 18.1943
60940 18.1899
60950 18.191
60960 18.1982
60970 18.2137
60980 18.2333
60990 18.2484
61000 18.2551
61010 18.2545
61020 18.2491
61030 18.2423
61040 18.2371
61050 18.2341
61060 18.2341
61070 18.236
61080 18.2357
61090 18.2317
61100 18.2263
61110 18.2224
61120 18.2208
61130 18.2208
61140 18.223
61150 18.2269
61160 18.2315
61170 18.2371
61180 18.2427
61190 18.2463
61200 18.2493
61210 18.2536
61220 18.2566
61230 18.2571
61240 18.2603
61250 18.2714
61260 18.2893
61270 18.3083
61280 18.3222
61290 18.3284
61300 18.3283
61310 18.3241
61320 18.3175
61330 18.3094
61340 18.299
61350 18.2859
61360 18.273
61370 18.2655
61380 18.2671
61390 18.2782
61400 18.2969
61410 18.3197
61420 18.3428
61430 18.3635
61440 18.38
61450 18.3944
61460 18.4116
61470 18.4337
61480 18.4621
61490 18.4983
61500 18.5406
61510 18.5877
61520 18.6388
61530 18.6886
61540 18.7315
61550 18.7673
61560 18.799
61570 18.8294
61580 18.8584
61590 18.8845
61600 18.9074
61610 18.9275
61620 18.9451
61630 18.9612
61640 18.9761
61650 18.9909
61660 19.0059
61670 19.0197
61680 19.0308
61690 19.0369
61700 19.0352
61710 19.0255
61720 19.0087
61730 18.9842
61740 18.9542
61750 18.9265
61760 18.9058
61770 18.8915
61780 18.8809
61790 18.8727
61800 18.8654
61810 18.8551
61820 18.8387
61830 18.8161
61840 18.7891
61850 18.7572
61860 18.719
61870 18.6748
61880 18.6272
61890 18.5815
61900 18.5434
61910 18.5146
61920 18.4932
61930 18.4769
61940 18.4664
61950 18.4637
61960 18.4676
61970 18.4752
61980 18.4847
61990 18.4963
62000 18.5102
62010 18.525
62020 18.5381
62030 18.5475
62040 18.5539
62050 18.5615
62060 18.5741
62070 18.5912
62080 18.6093
62090 18.6252
62100 18.6349
62110 18.6363
62120 18.6336
62130 18.6328
62140 18.6371
62150 18.6488
62160 18.6694
62170 18.6956
62180 18.7221
62190 18.7477
62200 18.772
62210 18.7893
62220 18.7955
62230 18.796
62240 18.7989
62250 18.8069
62260 18.8205
62270 18.8393
62280 18.8624
62290 18.8843
62300 18.8987
62310 18.9044
62320 18.9002
62330 18.8858
62340 18.8657
62350 18.8452
62360 18.8266
62370 18.8094
62380 18.7926
62390 18.7759
62400 18.7603
62410 18.7474
62420 18.7361
62430 18.7275
62440 18.7237
62450 18.7255
62460 18.7323
62470 18.7419
62480 18.7519
62490 18.7654
62500 18.7857
62510 18.8076
62520 18.8253
62530 18.8367
62540 18.8416
62550 18.8403
62560 18.8358
62570 18.8284
62580 18.8161
62590 18.7984
62600 18.7775
62610 18.7545
62620 18.733
62630 18.7168
62640 18.7081
62650 18.7066
62660 18.7082
62670 18.7099
62680 18.7119
62690 18.717
62700 18.7274
62710 18.7415
62720 18.7547
62730 18.7655
62740 18.7783
62750 18.7974
62760 18.825
62770 18.8626
62780 18.9068
62790 18.9525
62800 18.9984
62810 19.0408
62820 19.072
62830 19.0894
62840 19.0978
62850 19.1016
62860 19.1008
62870 19.0951
62880 19.0878
62890 19.0843
62900 19.0881
62910 19.101
62920 19.1216
62930 19.1451
62940 19.165
62950 19.1789
62960 19.1862
62970 19.186
62980 19.1796
62990 19.1694
63000 19.1578
63010 19.1472
63020 19.1371
63030 19.1263
63040 19.1176
63050 19.1139
63060 19.115
63070 19.1209
63080 19.1322
63090 19.1488
63100 19.1687
63110 19.1894
63120 19.2124
63130 19.2395
63140 19.2712
63150 19.3092
63160 19.3529
63170 19.3963
63180 19.4343
63190 19.4663
63200 19.493
63210 19.5153
63220 19.5353
63230 19.5537
63240 19.5702
63250 19.5872
63260 19.6064
63270 19.624
63280 19.6365
63290 19.6453
63300 19.6526
63310 19.6587
63320 19.6642
63330 19.6724
63340 19.6861
63350 19.705
63360 19.7271
63370 19.7493
63380 19.7699
63390 19.7876
63400 19.801
63410 19.8086
63420 19.8085
63430 19.7994
63440 19.784
63450 19.7665
63460 19.7481
63470 19.7294
63480 19.7146
63490 19.7093
63500 19.7139
63510 19.7245
63520 19.738
63530 19.7505
63540 19.7571
63550 19.7558
63560 19.7479
63570 19.7358
63580 19.7228
63590 19.71
63600 19.6959
63610 19.6791
63620 19.6587
63630 19.6338
63640 19.6065
63650 19.5806
63660 19.5561
63670 19.532
63680 19.5094
63690 19.4904
63700 19.4771
63710 19.4715
63720 19.4725
63730 19.4752
63740 19.4741
63750 19.4677
63760 19.4583
63770 19.4431
63780 19.4171
63790 19.3832
63800 19.3465
63810 19.3077
63820 19.2674
63830 19.2281
63840 19.192
63850 19.1601
63860 19.1344
63870 19.1183
63880 19.1127
63890 19.1149
63900 19.1222
63910 19.1323
63920 19.1428
63930 19.1517
63940 19.1573
63950 19.1586
63960 19.1573
63970 19.1595
63980 19.1705
63990 19.1873
64000 19.2023
64010 19.216
64020 19.2327
64030 19.2512
64040 19.267
64050 19.2792
64060 19.2892
64070 19.2967
64080 19.3006
64090 19.3026
64100 19.3055
64110 19.3101
64120 19.3156
64130 19.3248
64140 19.3397
64150 19.3561
64160 19.3676
64170 19.3722
64180 19.3712
64190 19.3686
64200 19.3658
64210 19.3567
64220 19.3369
64230 19.3113
64240 19.2869
64250 19.2657
64260 19.2449
64270 19.2212
64280 19.1933
64290 19.1622
64300 19.1321
64310 19.1053
64320 19.081
64330 19.0598
64340 19.0439
64350 19.033
64360 19.025
64370 19.0215
64380 19.0247
64390 19.0338
64400 19.0473
64410 19.0613
64420 19.0711
64430 19.0749
64440 19.0756
64450 19.0769
64460 19.0802
64470 19.0833
64480 19.0859
64490 19.0904
64500 19.0965
64510 19.0971
64520 19.0856
64530 19.0637
64540 19.0399
64550 19.0202
64560 19.0068
64570 19.0012
64580 19.0024
64590 19.006
64600 19.0093
64610 19.0127
64620 19.0175
64630 19.026
64640 19.0386
64650 19.052
64660 19.0664
64670 19.0826
64680 19.0954
64690 19.099
64700 19.0931
64710 19.0826
64720 19.0747
64730 19.0752
64740 19.0852
64750 19.1043
64760 19.1338
64770 19.1728
64780 19.2163
64790 19.2591
64800 19.2983
64810 19.3322
64820 19.3567
64830 19.3712
64840 19.381
64850 19.3884
64860 19.3923
64870 19.3967
64880 19.4064
64890 19.4187
64900 19.4276
64910 19.4316
64920 19.4317
64930 19.4288
64940 19.423
64950 19.4127
64960 19.397
64970 19.375
64980 19.3471
64990 19.3184
65000 19.2944
65010 19.2745
65020 19.2548
65030 19.2345
65040 19.2166
65050 19.2023
65060 19.1915
65070 19.183
65080 19.1731
65090 19.1594
65100 19.1434
65110 19.1287
65120 19.1177
65130 19.1112
65140 19.1103
65150 19.1164
65160 19.1297
65170 19.1504
65180 19.1753
65190 19.1967
65200 19.2114
65210 19.221
65220 19.2268
65230 19.2296
65240 19.2288
65250 19.2219
65260 19.2095
65270 19.1959
65280 19.1846
65290 19.1757
65300 19.1673
65310 19.1589
65320 19.1522
65330 19.1445
65340 19.1326
65350 19.1186
65360 19.1087
65370 19.105
65380 19.1025
65390 19.0968
65400 19.0891
65410 19.0796
65420 19.0673
65430 19.0554
65440 19.0456
65450 19.0351
65460 19.023
65470 19.0137
65480 19.0082
65490 19.0029
65500 18.9971
65510 18.9944
65520 18.9943
65530 18.9933
65540 18.988
65550 18.9782
65560 18.9686
65570 18.9648
65580 18.9687
65590 18.979
65600 18.9924
65610 19.0033
65620 19.0091
65630 19.0149
65640 19.028
65650 19.051
65660 19.083
65670 19.1225
65680 19.1665
65690 19.2094
65700 19.2474
65710 19.279
65720 19.3018
65730 19.3135
65740 19.3143
65750 19.3096
65760 19.3082
65770 19.3134
65780 19.3245
65790 19.3416
65800 19.3655
65810 19.3939
65820 19.4233
65830 19.4507
65840 19.4738
65850 19.4894
65860 19.49
65870 19.4684
65880 19.4257
65890 19.3708
65900 19.3142
65910 19.2644
65920 19.2268
65930 19.2035
65940 19.1931
65950 19.1956
65960 19.2102
65970 19.2307
65980 19.2506
65990 19.2706
66000 19.2935
66010 19.3189
66020 19.3465
66030 19.3764
66040 19.4064
66050 19.4325
66060 19.4538
66070 19.4727
66080 19.4916
66090 19.5096
66100 19.5256
66110 19.5377
66120 19.5445
66130 19.5445
66140 19.5359
66150 19.5204
66160 19.5037
66170 19.4931
66180 19.4923
66190 19.4979
66200 19.5046
66210 19.5102
66220 19.5127
66230 19.5106
66240 19.5024
66250 19.487
66260 19.4647
66270 19.4368
66280 19.4056
66290 19.3743
66300 19.3449
66310 19.3195
66320 19.3011
66330 19.2914
66340 19.2906
66350 19.2975
66360 19.3073
66370 19.3152
66380 19.3223
66390 19.3327
66400 19.3473
66410 19.3637
66420 19.3802
66430 19.3975
66440 19.4138
66450 19.4243
66460 19.4275
66470 19.4253
66480 19.4204
66490 19.4172
66500 19.4185
66510 19.4232
66520 19.4263
66530 19.4229
66540 19.4149
66550 19.4063
66560 19.3963
66570 19.3819
66580 19.3642
66590 19.3508
66600 19.3489
66610 19.3605
66620 19.3825
66630 19.4082
66640 19.4297
66650 19.4416
66660 19.4433
66670 19.4366
66680 19.4241
66690 19.4096
66700 19.3979
66710 19.3947
66720 19.4011
66730 19.4118
66740 19.4232
66750 19.4368
66760 19.4537
66770 19.4713
66780 19.4881
66790 19.5024
66800 19.5116
66810 19.516
66820 19.5183
66830 19.5201
66840 19.523
66850 19.5294
66860 19.5411
66870 19.5599
66880 19.5863
66890 19.6202
66900 19.6597
66910 19.7008
66920 19.7391
66930 19.7707
66940 19.7962
66950 19.8177
66960 19.8381
66970 19.8621
66980 19.8915
66990 19.924
67000 19.9539
67010 19.9759
67020 19.9882
67030 19.9915
67040 19.9876
67050 19.9799
67060 19.9713
67070 19.9616
67080 19.9491
67090 19.9339
67100 19.9184
67110 19.9061
67120 19.8965
67130 19.8883
67140 19.8851
67150 19.8879
67160 19.8945
67170 19.908
67180 19.9305
67190 19.9569
67200 19.9776
67210 19.9881
67220 19.9936
67230 20.0006
67240 20.009
67250 20.0146
67260 20.0155
67270 20.0117
67280 20.0075
67290 20.0059
67300 20.0029
67310 19.9937
67320 19.9801
67330 19.9663
67340 19.9529
67350 19.9389
67360 19.925
67370 19.9127
67380 19.9041
67390 19.9019
67400 19.9076
67410 19.9169
67420 19.924
67430 19.9296
67440 19.9364
67450 19.9435
67460 19.9469
67470 19.9405
67480 19.9221
67490 19.8969
67500 19.8696
67510 19.8441
67520 19.8264
67530 19.8212
67540 19.8266
67550 19.838
67560 19.8519
67570 19.8657
67580 19.8769
67590 19.8859
67600 19.8939
67610 19.8987
67620 19.8984
67630 19.895
67640 19.8914
67650 19.889
67660 19.8868
67670 19.8845
67680 19.8856
67690 19.8912
67700 19.9003
67710 19.9125
67720 19.9258
67730 19.9358
67740 19.9438
67750 19.9501
67760 19.951
67770 19.9451
67780 19.9369
67790 19.9321
67800 19.9316
67810 19.9338
67820 19.9379
67830 19.9428
67840 19.9432
67850 19.9361
67860 19.9244
67870 19.9119
67880 19.9017
67890 19.8983
67900 19.905
67910 19.9177
67920 19.9299
67930 19.9356
67940 19.9277
67950 19.904
67960 19.8728
67970 19.8459
67980 19.8339
67990 19.8407
68000 19.8625
68010 19.8956
68020 19.938
68030 19.9849
68040 20.0299
68050 20.0682
68060 20.1001
68070 20.1253
68080 20.1406
68090 20.1457
68100 20.1455
68110 20.1427
68120 20.1362
68130 20.1255
68140 20.1135
68150 20.1002
68160 20.0815
68170 20.0561
68180 20.0265
68190 19.9937
68200 19.9591
68210 19.9264
68220 19.8974
68230 19.8724
68240 19.8537
68250 19.8437
68260 19.8413
68270 19.8434
68280 19.8496
68290 19.8618
68300 19.878
68310 19.8948
68320 19.9125
68330 19.9305
68340 19.9487
68350 19.9683
68360 19.9864
68370 19.9987
68380 20.0077
68390 20.0149
68400 20.0187
68410 20.022
68420 20.0279
68430 20.0369
68440 20.0489
68450 20.0626
68460 20.0757
68470 20.083
68480 20.0804
68490 20.0689
68500 20.0523
68510 20.0342
68520 20.0172
68530 20.0041
68540 19.9969
68550 19.9932
68560 19.9896
68570 19.9835
68580 19.9741
68590 19.9614
68600 19.9445
68610 19.9255
68620 19.9103
68630 19.9021
68640 19.8995
68650 19.9024
68660 19.9088
68670 19.9145
68680 19.9208
68690 19.9314
68700 19.9447
68710 19.958
68720 19.9725
68730 19.9848
68740 19.9886
68750 19.9843
68760 19.9745
68770 19.9619
68780 19.9508
68790 19.9447
68800 19.9445
68810 19.9516
68820 19.9661
68830 19.9862
68840 20.0097
68850 20.0351
68860 20.0616
68870 20.086
68880 20.106
68890 20.1249
68900 20.1491
68910 20.1827
68920 20.2267
68930 20.2799
68940 20.3384
68950 20.3992
68960 20.4602
68970 20.5197
68980 20.5753
68990 20.6256
69000 20.6703
69010 20.7082
69020 20.7369
69030 20.7555
69040 20.7652
69050 20.7707
69060 20.7749
69070 20.7761
69080 20.777
69090 20.7807
69100 20.7852
69110 20.786
69120 20.7845
69130 20.7861
69140 20.793
69150 20.8032
69160 20.8175
69170 20.8381
69180 20.8631
69190 20.8863
69200 20.9026
69210 20.9139
69220 20.9266
69230 20.944
69240 20.9672
69250 20.993
69260 21.0161
69270 21.0357
69280 21.0566
69290 21.0818
69300 21.1091
69310 21.1359
69320 21.1616
69330 21.1839
69340 21.2002
69350 21.211
69360 21.2181
69370 21.2192
69380 21.2123
69390 21.2013
69400 21.1924
69410 21.187
69420 21.1832
69430 21.1789
69440 21.1708
69450 21.1522
69460 21.1178
69470 21.0724
69480 21.0262
69490 20.9879
69500 20.9632
69510 20.9513
69520 20.9462
69530 20.9403
69540 20.9275
69550 20.906
69560 20.8795
69570 20.8552
69580 20.8387
69590 20.8333
69600 20.8383
69610 20.847
69620 20.8524
69630 20.8521
69640 20.8492
69650 20.8471
69660 20.8501
69670 20.864
69680 20.8917
69690 20.9324
69700 20.9833
69710 21.04
69720 21.096
69730 21.1439
69740 21.1805
69750 21.209
69760 21.2332
69770 21.2491
69780 21.252
69790 21.2431
69800 21.2289
69810 21.2193
69820 21.2195
69830 21.2271
69840 21.237
69850 21.2436
69860 21.2452
69870 21.2443
69880 21.2442
69890 21.2422
69900 21.2321
69910 21.2143
69920 21.1942
69930 21.1728
69940 21.1488
69950 21.1241
69960 21.1013
69970 21.0822
69980 21.0691
69990 21.061
70000 21.0531
70010 21.0441
70020 21.0404
70030 21.0472
70040 21.061
70050 21.0784
70060 21.1024
70070 21.131
70080 21.1546
70090 21.1697
70100 21.1816
70110 21.1928
70120 21.1975
70130 21.192
70140 21.1808
70150 21.1709
70160 21.1634
70170 21.158
70180 21.1577
70190 21.162
70200 21.1675
70210 21.1747
70220 21.1854
70230 21.2001
70240 21.218
70250 21.2365
70260 21.2577
70270 21.2854
70280 21.3182
70290 21.3504
70300 21.3789
70310 21.4014
70320 21.4123
70330 21.4072
70340 21.388
70350 21.3599
70360 21.3276
70370 21.2941
70380 21.2611
70390 21.2307
70400 21.2052
70410 21.1841
70420 21.1658
70430 21.1508
70440 21.1421
70450 21.1386
70460 21.1346
70470 21.1286
70480 21.1239
70490 21.1234
70500 21.1269
70510 21.1333
70520 21.1427
70530 21.1551
70540 21.1679
70550 21.1786
70560 21.1868
70570 21.1944
70580 21.2008
70590 21.2046
70600 21.2072
70610 21.2127
70620 21.2231
70630 21.2353
70640 21.2461
70650 21.2562
70660 21.2673
70670 21.2776
70680 21.2843
70690 21.2863
70700 21.2833
70710 21.2726
70720 21.2515
70730 21.2224
70740 21.1934
70750 21.168
70760 21.1448
70770 21.1222
70780 21.0973
70790 21.0712
70800 21.049
70810 21.033
70820 21.0218
70830 21.0149
70840 21.0136
70850 21.0191
70860 21.0268
70870 21.0292
70880 21.0255
70890 21.0182
70900 21.0049
70910 20.9847
70920 20.9634
70930 20.9432
70940 20.9225
70950 20.9047
70960 20.8957
70970 20.8988
70980 20.913
70990 20.9335
71000 20.9562
71010 20.9781
71020 20.9965
71030 21.0098
71040 21.0185
71050 21.0244
71060 21.0316
71070 21.0429
71080 21.056
71090 21.0674
71100 21.0805
71110 21.0998
71120 21.1235
71130 21.1469
71140 21.1665
71150 21.1809
71160 21.1917
71170 21.2028
71180 21.2142
71190 21.2219
71200 21.2242
71210 21.2209
71220 21.2132
71230 21.2061
71240 21.2034
71250 21.2031
71260 21.2013
71270 21.1977
71280 21.1925
71290 21.1867
71300 21.1798
71310 21.1711
71320 21.1642
71330 21.1629
71340 21.1686
71350 21.18
71360 21.1964
71370 21.2182
71380 21.2429
71390 21.267
71400 21.2896
71410 21.3088
71420 21.3219
71430 21.3295
71440 21.3362
71450 21.3432
71460 21.3455
71470 21.3397
71480 21.3268
71490 21.3072
71500 21.2817
71510 21.2538
71520 21.2271
71530 21.2026
71540 21.181
71550 21.1645
71560 21.1541
71570 21.1503
71580 21.1516
71590 21.1554
71600 21.162
71610 21.171
71620 21.1805
71630 21.1881
71640 21.1924
71650 21.1934
71660 21.191
71670 21.1837
71680 21.171
71690 21.1555
71700 21.1423
71710 21.1368
71720 21.1397
71730 21.1489
71740 21.1604
71750 21.1726
71760 21.1863
71770 21.2035
71780 21.2244
71790 21.2486
71800 21.275
71810 21.2993
71820 21.3203
71830 21.3411
71840 21.3638
71850 21.387
71860 21.4087
71870 21.4268
71880 21.4388
71890 21.4445
71900 21.4469
71910 21.4481
71920 21.4465
71930 21.4431
71940 21.4383
71950 21.4275
71960 21.4117
71970 21.3961
71980 21.3798
71990 21.3566
72000 21.3242
72010 21.2843
72020 21.2384
72030 21.1916
72040 21.153
72050 21.1272
72060 21.1101
72070 21.0976
72080 21.0899
72090 21.0878
72100 21.0888
72110 21.0874
72120 21.0803
72130 21.0676
72140 21.0494
72150 21.0272
72160 21.0073
72170 20.9952
72180 20.9899
72190 20.989
72200 20.9939
72210 21.0079
72220 21.0318
72230 21.0625
72240 21.0968
72250 21.1334
72260 21.1697
72270 21.2025
72280 21.2286
72290 21.2455
72300 21.2533
72310 21.2529
72320 21.2429
72330 21.2255
72340 21.2086
72350 21.1974
72360 21.1929
72370 21.1991
72380 21.2179
72390 21.2452
72400 21.2767
72410 21.3087
72420 21.3366
72430 21.3548
72440 21.3613
72450 21.3603
72460 21.3601
72470 21.3647
72480 21.3713
72490 21.3756
72500 21.3796
72510 21.3877
72520 21.4004
72530 21.4136
72540 21.4245
72550 21.4318
72560 21.4341
72570 21.4301
72580 21.4229
72590 21.4157
72600 21.4099
72610 21.4064
72620 21.4065
72630 21.4126
72640 21.4271
72650 21.4493
72660 21.4737
72670 21.4938
72680 21.5074
72690 21.5149
72700 21.5149
72710 21.5071
72720 21.494
72730 21.4799
72740 21.4703
72750 21.4676
72760 21.4701
72770 21.4728
72780 21.4721
72790 21.4687
72800 21.4641
72810 21.46
72820 21.4585
72830 21.4612
72840 21.4642
72850 21.4622
72860 21.4544
72870 21.4418
72880 21.4237
72890 21.4
72900 21.3742
72910 21.3509
72920 21.3318
72930 21.3172
72940 21.3075
72950 21.3019
72960 21.2978
72970 21.2934
72980 21.2899
72990 21.2865
73000 21.2805
73010 21.2724
73020 21.264
73030 21.2568
73040 21.2532
73050 21.2547
73060 21.2609
73070 21.2713
73080 21.2851
73090 21.301
73100 21.3186
73110 21.3378
73120 21.3557
73130 21.3691
73140 21.3784
73150 21.3859
73160 21.3932
73170 21.4003
73180 21.4094
73190 21.4233
73200 21.4405
73210 21.456
73220 21.4678
73230 21.4766
73240 21.4806
73250 21.4811
73260 21.4836
73270 21.4914
73280 21.5044
73290 21.5196
73300 21.5331
73310 21.5446
73320 21.5555
73330 21.5651
73340 21.5722
73350 21.5781
73360 21.5862
73370 21.5959
73380 21.6028
73390 21.6055
73400 21.6071
73410 21.6075
73420 21.6025
73430 21.5909
73440 21.5775
73450 21.5652
73460 21.5539
73470 21.5475
73480 21.5461
73490 21.5442
73500 21.5397
73510 21.533
73520 21.5201
73530 21.4971
73540 21.467
73550 21.4342
73560 21.4013
73570 21.3708
73580 21.3422
73590 21.3143
73600 21.2889
73610 21.2676
73620 21.2491
73630 21.2317
73640 21.2159
73650 21.2013
73660 21.1846
73670 21.163
73680 21.1402
73690 21.1224
73700 21.1106
73710 21.1038
73720 21.1065
73730 21.1237
73740 21.1538
73750 21.1951
73760 21.2452
73770 21.2968
73780 21.3435
73790 21.3844
73800 21.4214
73810 21.4552
73820 21.4874
73830 21.521
73840 21.5541
73850 21.5792
73860 21.5922
73870 21.5957
73880 21.5967
73890 21.6024
73900 21.615
73910 21.631
73920 21.6442
73930 21.6473
73940 21.6343
73950 21.6063
73960 21.572
73970 21.5405
73980 21.5165
73990 21.4995
74000 21.4872
74010 21.4784
74020 21.4715
74030 21.4659
74040 21.462
74050 21.458
74060 21.4528
74070 21.4501
74080 21.4522
74090 21.4574
74100 21.4618
74110 21.4645
74120 21.4658
74130 21.4676
74140 21.4722
74150 21.4783
74160 21.4826
74170 21.4801
74180 21.4679
74190 21.4499
74200 21.4305
74210 21.4124
74220 21.3964
74230 21.3791
74240 21.358
74250 21.3348
74260 21.314
74270 21.2982
74280 21.2857
74290 21.2763
74300 21.2744
74310 21.282
74320 21.2965
74330 21.3162
74340 21.3414
74350 21.3671
74360 21.3852
74370 21.3936
74380 21.395
74390 21.3917
74400 21.3847
74410 21.3735
74420 21.3607
74430 21.3502
74440 21.3393
74450 21.3247
74460 21.3095
74470 21.2963
74480 21.2841
74490 21.2726
74500 21.2632
74510 21.2548
74520 21.2432
74530 21.2279
74540 21.2126
74550 21.2003
74560 21.1923
74570 21.1916
74580 21.2013
74590 21.2214
74600 21.2475
74610 21.2738
74620 21.2983
74630 21.3237
74640 21.3533
74650 21.3893
74660 21.4281
74670 21.4667
74680 21.5058
74690 21.5424
74700 21.572
74710 21.5957
74720 21.6169
74730 21.635
74740 21.6457
74750 21.6494
74760 21.6496
74770 21.6494
74780 21.6524
74790 21.6596
74800 21.6684
74810 21.6806
74820 21.6997
74830 21.7247
74840 21.7509
74850 21.7739
74860 21.7919
74870 21.8072
74880 21.8221
74890 21.8336
74900 21.8391
74910 21.842
74920 21.846
74930 21.8526
74940 21.8627
74950 21.8768
74960 21.8929
74970 21.911
74980 21.9329
74990 21.9562
75000 21.976
75010 21.9898
75020 21.9952
75030 21.9902
75040 21.9764
75050 21.9603
75060 21.9475
75070 21.9379
75080 21.9328
75090 21.9378
75100 21.9536
75110 21.9738
75120 21.9915
75130 22.0017
75140 22.0018
75150 21.9948
75160 21.9867
75170 21.9832
75180 21.9861
75190 21.9909
75200 21.9945
75210 21.9982
75220 22.0025
75230 22.0056
75240 22.0057
75250 21.9998
75260 21.9859
75270 21.9661
75280 21.9441
75290 21.9239
75300 21.908
75310 21.8977
75320 21.8926
75330 21.8938
75340 21.9027
75350 21.9178
75360 21.9345
75370 21.9514
75380 21.9728
75390 22.0014
75400 22.0326
75410 22.0588
75420 22.0759
75430 22.0856
75440 22.0906
75450 22.0901
75460 22.0836
75470 22.0727
75480 22.0603
75490 22.0498
75500 22.0476
75510 22.0592
75520 22.0814
75530 22.1058
75540 22.126
75550 22.1419
75560 22.1554
75570 22.1659
75580 22.1709
75590 22.1711
75600 22.1717
75610 22.174
75620 22.1742
75630 22.1712
75640 22.1679
75650 22.1661
75660 22.1673
75670 22.1709
75680 22.1738
75690 22.1749
75700 22.1774
75710 22.1854
75720 22.2002
75730 22.2212
75740 22.2485
75750 22.2829
75760 22.3202
75770 22.3511
75780 22.3705
75790 22.384
75800 22.3972
75810 22.4089
75820 22.4167
75830 22.4213
75840 22.4235
75850 22.4236
75860 22.4218
75870 22.4213
75880 22.4258
75890 22.4342
75900 22.4436
75910 22.4524
75920 22.4585
75930 22.4597
75940 22.4576
75950 22.4556
75960 22.4571
75970 22.4653
75980 22.4776
75990 22.4886
76000 22.4928
76010 22.4856
76020 22.4676
76030 22.4425
76040 22.4136
76050 22.3822
76060 22.3476
76070 22.3121
76080 22.2806
76090 22.2567
76100 22.2407
76110 22.2334
76120 22.2352
76130 22.245
76140 22.2611
76150 22.2821
76160 22.3075
76170 22.3379
76180 22.3729
76190 22.4097
76200 22.4425
76210 22.4649
76220 22.474
76230 22.4708
76240 22.4588
76250 22.4398
76260 22.4179
76270 22.4017
76280 22.395
76290 22.3979
76300 22.4101
76310 22.4302
76320 22.4533
76330 22.4738
76340 22.4881
76350 22.4932
76360 22.4889
76370 22.4792
76380 22.4683
76390 22.4601
76400 22.4577
76410 22.4592
76420 22.4614
76430 22.4636
76440 22.4643
76450 22.457
76460 22.4373
76470 22.4092
76480 22.3792
76490 22.3523
76500 22.3308
76510 22.3131
76520 22.2935
76530 22.2697
76540 22.245
76550 22.2217
76560 22.2001
76570 22.1824
76580 22.1697
76590 22.158
76600 22.1412
76610 22.1187
76620 22.0934
76630 22.0642
76640 22.0308
76650 21.9986
76660 21.9726
76670 21.9566
76680 21.9519
76690 21.9557
76700 21.9663
76710 21.9797
76720 21.9913
76730 22.0022
76740 22.0156
76750 22.0317
76760 22.047
76770 22.0571
76780 22.0619
76790 22.0652
76800 22.0691
76810 22.0705
76820 22.0652
76830 22.0537
76840 22.0397
76850 22.0275
76860 22.0202
76870 22.0187
76880 22.0202
76890 22.0237
76900 22.032
76910 22.0442
76920 22.0557
76930 22.0645
76940 22.0698
76950 22.07
76960 22.0654
76970 22.0635
76980 22.0735
76990 22.094
77000 22.1171
77010 22.1384
77020 22.1567
77030 22.1707
77040 22.1817
77050 22.1914
77060 22.1994
77070 22.2065
77080 22.2138
77090 22.2222
77100 22.2318
77110 22.2426
77120 22.2548
77130 22.2692
77140 22.2877
77150 22.3095
77160 22.3312
77170 22.3492
77180 22.3626
77190 22.3726
77200 22.3803
77210 22.385
77220 22.3843
77230 22.3774
77240 22.3662
77250 22.3528
77260 22.3389
77270 22.3269
77280 22.3217
77290 22.3277
77300 22.3426
77310 22.3606
77320 22.3768
77330 22.3872
77340 22.385
77350 22.3659
77360 22.3349
77370 22.3028
77380 22.2735
77390 22.2457
77400 22.223
77410 22.2118
77420 22.2096
77430 22.2091
77440 22.2076
77450 22.2078
77460 22.2106
77470 22.2132
77480 22.2131
77490 22.2072
77500 22.1936
77510 22.1773
77520 22.1633
77530 22.1529
77540 22.1485
77550 22.1496
77560 22.1505
77570 22.1516
77580 22.1591
77590 22.1755
77600 22.1969
77610 22.2208
77620 22.2477
77630 22.2782
77640 22.3068
77650 22.3252
77660 22.3298
77670 22.321
77680 22.3043
77690 22.2901
77700 22.2837
77710 22.2807
77720 22.2758
77730 22.2695
77740 22.2652
77750 22.2642
77760 22.266
77770 22.2695
77780 22.272
77790 22.2707
77800 22.2662
77810 22.2652
77820 22.2716
77830 22.2801
77840 22.2846
77850 22.2881
77860 22.2953
77870 22.3052
77880 22.3147
77890 22.3235
77900 22.3324
77910 22.342
77920 22.3508
77930 22.3573
77940 22.3633
77950 22.3723
77960 22.3865
77970 22.4017
77980 22.4113
77990 22.4162
78000 22.4213
78010 22.4261
78020 22.4273
78030 22.425
78040 22.4207
78050 22.416
78060 22.4144
78070 22.4192
78080 22.4305
78090 22.4458
78100 22.4625
78110 22.4781
78120 22.4924
78130 22.5075
78140 22.5211
78150 22.5298
78160 22.5367
78170 22.5486
78180 22.5684
78190 22.5933
78200 22.6204
78210 22.6464
78220 22.6632
78230 22.666
78240 22.6565
78250 22.6371
78260 22.6128
78270 22.5936
78280 22.5841
78290 22.5778
78300 22.5677
78310 22.5558
78320 22.5439
78330 22.5307
78340 22.5171
78350 22.5075
78360 22.5025
78370 22.4985
78380 22.4937
78390 22.4885
78400 22.4807
78410 22.4673
78420 22.446
78430 22.4179
78440 22.3868
78450 22.359
78460 22.3392
78470 22.3247
78480 22.3087
78490 22.2876
78500 22.2629
78510 22.2376
78520 22.2099
78530 22.1767
78540 22.137
78550 22.0937
78560 22.0559
78570 22.0317
78580 22.0227
78590 22.027
78600 22.038
78610 22.0465
78620 22.0484
78630 22.0475
78640 22.0474
78650 22.0496
78660 22.0561
78670 22.0684
78680 22.0865
78690 22.1092
78700 22.1338
78710 22.159
78720 22.1846
78730 22.2074
78740 22.2231
78750 22.2337
78760 22.2459
78770 22.264
78780 22.2881
78790 22.3167
78800 22.3453
78810 22.3713
78820 22.3968
78830 22.4208
78840 22.4368
78850 22.4414
78860 22.4368
78870 22.4244
78880 22.4056
78890 22.3854
78900 22.3714
78910 22.3691
78920 22.3773
78930 22.3923
78940 22.415
78950 22.4488
78960 22.4922
78970 22.5375
78980 22.5762
78990 22.6021
79000 22.6142
79010 22.617
79020 22.6147
79030 22.6068
79040 22.5942
79050 22.5816
79060 22.5696
79070 22.5555
79080 22.5387
79090 22.518
79100 22.4935
79110 22.4705
79120 22.4566
79130 22.4523
79140 22.4525
79150 22.4559
79160 22.4636
79170 22.4732
79180 22.4805
79190 22.484
79200 22.4831
79210 22.4758
79220 22.4609
79230 22.4401
79240 22.418
79250 22.3988
79260 22.3857
79270 22.3817
79280 22.385
79290 22.392
79300 22.4002
79310 22.4066
79320 22.409
79330 22.4075
79340 22.4045
79350 22.4026
79360 22.402
79370 22.4004
79380 22.3956
79390 22.391
79400 22.3924
79410 22.4001
79420 22.4103
79430 22.4204
79440 22.4288
79450 22.4347
79460 22.4399
79470 22.4462
79480 22.4576
79490 22.4786
79500 22.5074
79510 22.5387
79520 22.5703
79530 22.6004
79540 22.628
79550 22.6504
79560 22.6634
79570 22.6677
79580 22.669
79590 22.6711
79600 22.6745
79610 22.679
79620 22.6847
79630 22.6921
79640 22.7001
79650 22.706
79660 22.708
79670 22.7074
79680 22.7063
79690 22.7074
79700 22.7094
79710 22.709
79720 22.7087
79730 22.7131
79740 22.7233
79750 22.734
79760 22.7411
79770 22.7464
79780 22.753
79790 22.7609
79800 22.7684
79810 22.7747
79820 22.7782
79830 22.7788
79840 22.7765
79850 22.7718
79860 22.7676
79870 22.7701
79880 22.7826
79890 22.8029
79900 22.8283
79910 22.857
79920 22.8849
79930 22.9074
79940 22.9209
79950 22.9249
79960 22.9225
79970 22.9209
79980 22.9251
79990 22.9369
80000 22.9568
80010 22.9824
80020 23.0075
80030 23.0253
80040 23.0301
80050 23.0176
80060 22.9928
80070 22.9683
80080 22.9535
80090 22.9499
80100 22.9573
80110 22.9759
80120 23.0015
80130 23.0307
80140 23.0647
80150 23.1035
80160 23.1434
80170 23.1821
80180 23.2204
80190 23.2547
80200 23.2833
80210 23.3096
80220 23.3343
80230 23.3531
80240 23.3628
80250 23.3624
80260 23.3525
80270 23.3369
80280 23.3212
80290 23.3097
80300 23.3027
80310 23.2975
80320 23.2938
80330 23.2926
80340 23.292
80350 23.2899
80360 23.2862
80370 23.2803
80380 23.2706
80390 23.2592
80400 23.2468
80410 23.2305
80420 23.2129
80430 23.1974
80440 23.1808
80450 23.1636
80460 23.1537
80470 23.1552
80480 23.1659
80490 23.182
80500 23.1991
80510 23.2128
80520 23.2208
80530 23.2224
80540 23.2218
80550 23.2282
80560 23.2462
80570 23.2698
80580 23.2896
80590 23.3023
80600 23.3099
80610 23.3149
80620 23.3176
80630 23.3167
80640 23.3105
80650 23.2987
80660 23.2828
80670 23.2653
80680 23.2494
80690 23.2364
80700 23.226
80710 23.2181
80720 23.2114
80730 23.206
80740 23.2038
80750 23.2034
80760 23.1997
80770 23.1922
80780 23.1854
80790 23.1806
80800 23.1766
80810 23.1742
80820 23.1739
80830 23.1756
80840 23.1788
80850 23.1838
80860 23.1902
80870 23.1951
80880 23.1972
80890 23.1979
80900 23.2001
80910 23.2078
80920 23.2226
80930 23.2414
80940 23.2594
80950 23.2747
80960 23.2873
80970 23.2958
80980 23.2972
80990 23.2902
81000 23.2745
81010 23.2515
81020 23.2224
81030 23.1891
81040 23.1571
81050 23.1331
81060 23.1178
81070 23.1092
81080 23.1106
81090 23.1243
81100 23.1471
81110 23.1731
81120 23.1968
81130 23.2164
81140 23.2344
81150 23.2537
81160 23.2718
81170 23.2863
81180 23.2987
81190 23.3084
81200 23.3128
81210 23.3104
81220 23.2995
81230 23.2804
81240 23.2563
81250 23.2311
81260 23.2067
81270 23.1861
81280 23.1716
81290 23.1608
81300 23.1488
81310 23.1334
81320 23.118
81330 23.1081
81340 23.1047
81350 23.1042
81360 23.1037
81370 23.1018
81380 23.0973
81390 23.092
81400 23.0907
81410 23.093
81420 23.0925
81430 23.0853
81440 23.0733
81450 23.0614
81460 23.0518
81470 23.0458
81480 23.0445
81490 23.0477
81500 23.0557
81510 23.0652
81520 23.0722
81530 23.0772
81540 23.0822
81550 23.0892
81560 23.1008
81570 23.1175
81580 23.1349
81590 23.148
81600 23.1567
81610 23.1614
81620 23.162
81630 23.1578
81640 23.1479
81650 23.1353
81660 23.1254
81670 23.1239
81680 23.1355
81690 23.1591
81700 23.1872
81710 23.2145
81720 23.2401
81730 23.2661
81740 23.296
81750 23.3291
81760 23.3614
81770 23.3937
81780 23.4277
81790 23.459
81800 23.4834
81810 23.5029
81820 23.5185
81830 23.5265
81840 23.526
81850 23.5197
81860 23.5105
81870 23.5033
81880 23.504
81890 23.5106
81900 23.516
81910 23.5178
81920 23.5171
81930 23.5117
81940 23.5009
81950 23.4872
81960 23.4711
81970 23.4514
81980 23.4288
81990 23.4078
82000 23.3924
82010 23.3819
82020 23.3724
82030 23.3602
82040 23.3456
82050 23.3317
82060 23.3212
82070 23.3167
82080 23.3195
82090 23.3254
82100 23.3321
82110 23.344
82120 23.3616
82130 23.3792
82140 23.3928
82150 23.4034
82160 23.4133
82170 23.4228
82180 23.4319
82190 23.4422
82200 23.4558
82210 23.4713
82220 23.4836
82230 23.4898
82240 23.4906
82250 23.4878
82260 23.4837
82270 23.4819
82280 23.4857
82290 23.4973
82300 23.5193
82310 23.5531
82320 23.5922
82330 23.6263
82340 23.6491
82350 23.6571
82360 23.6524
82370 23.6436
82380 23.6384
82390 23.6376
82400 23.6391
82410 23.6446
82420 23.6572
82430 23.6783
82440 23.7051
82450 23.7328
82460 23.7597
82470 23.7834
82480 23.7981
82490 23.8026
82500 23.8007
82510 23.794
82520 23.7822
82530 23.7658
82540 23.7467
82550 23.7281
82560 23.711
82570 23.6963
82580 23.6888
82590 23.6935
82600 23.7112
82610 23.7378
82620 23.7693
82630 23.8018
82640 23.8316
82650 23.8603
82660 23.8914
82670 23.924
82680 23.9562
82690 23.9896
82700 24.0274
82710 24.0663
82720 24.101
82730 24.13
82740 24.1539
82750 24.175
82760 24.1953
82770 24.215
82780 24.234
82790 24.2528
82800 24.2717
82810 24.2901
82820 24.3078
82830 24.3258
82840 24.3446
82850 24.3606
82860 24.3697
82870 24.3718
82880 24.3711
82890 24.3714
82900 24.3715
82910 24.3714
82920 24.3713
82930 24.3684
82940 24.3634
82950 24.363
82960 24.3699
82970 24.38
82980 24.389
82990 24.3931
83000 24.3875
83010 24.3759
83020 24.3658
83030 24.3549
83040 24.3376
83050 24.3136
83060 24.285
83070 24.2525
83080 24.22
83090 24.1901
83100 24.162
83110 24.1344
83120 24.106
83130 24.0762
83140 24.0484
83150 24.0276
83160 24.0133
83170 24.007
83180 24.0133
83190 24.0316
83200 24.0573
83210 24.0866
83220 24.1139
83230 24.1294
83240 24.1304
83250 24.1223
83260 24.1061
83270 24.0788
83280 24.0456
83290 24.0173
83300 23.9971
83310 23.9818
83320 23.9723
83330 23.9712
83340 23.9742
83350 23.977
83360 23.9833
83370 23.9965
83380 24.0129
83390 24.0286
83400 24.0432
83410 24.0571
83420 24.0689
83430 24.0808
83440 24.0973
83450 24.1219
83460 24.1543
83470 24.1935
83480 24.2397
83490 24.2899
83500 24.3395
83510 24.3864
83520 24.4285
83530 24.4633
83540 24.4946
83550 24.5258
83560 24.5523
83570 24.5686
83580 24.5785
83590 24.5884
83600 24.6008
83610 24.6164
83620 24.634
83630 24.6479
83640 24.6546
83650 24.6546
83660 24.647
83670 24.6315
83680 24.6102
83690 24.5852
83700 24.5601
83710 24.5407
83720 24.5288
83730 24.5235
83740 24.5256
83750 24.5384
83760 24.5614
83770 24.5899
83780 24.6174
83790 24.6392
83800 24.6524
83810 24.6545
83820 24.6452
83830 24.6304
83840 24.6169
83850 24.6099
83860 24.6125
83870 24.6222
83880 24.6349
83890 24.6497
83900 24.6655
83910 24.6774
83920 24.6837
83930 24.689
83940 24.6981
83950 24.7117
83960 24.7281
83970 24.7462
83980 24.7625
83990 24.775
84000 24.7895
84010 24.8123
84020 24.842
84030 24.8763
84040 24.9158
84050 24.9546
84060 24.9804
84070 24.9882
84080 24.9835
84090 24.9687
84100 24.943
84110 24.9125
84120 24.8856
84130 24.8617
84140 24.8371
84150 24.8137
84160 24.7949
84170 24.7805
84180 24.7718
84190 24.772
84200 24.7826
84210 24.8034
84220 24.8288
84230 24.8493
84240 24.8594
84250 24.8604
84260 24.8538
84270 24.8409
84280 24.8238
84290 24.8056
84300 24.7846
84310 24.7616
84320 24.7428
84330 24.7298
84340 24.7203
84350 24.7117
84360 24.7038
84370 24.697
84380 24.6913
84390 24.6886
84400 24.6873
84410 24.6828
84420 24.6738
84430 24.6645
84440 24.6577
84450 24.6536
84460 24.6513
84470 24.6472
84480 24.6378
84490 24.6212
84500 24.5956
84510 24.5602
84520 24.5188
84530 24.4782
84540 24.444
84550 24.4213
84560 24.4137
84570 24.4188
84580 24.4318
84590 24.4516
84600 24.4774
84610 24.5086
84620 24.5456
84630 24.5844
84640 24.62
84650 24.6501
84660 24.6728
84670 24.684
84680 24.6852
84690 24.6824
84700 24.676
84710 24.6624
84720 24.6402
84730 24.6131
84740 24.5894
84750 24.5776
84760 24.5794
84770 24.5892
84780 24.6009
84790 24.6115
84800 24.6209
84810 24.6324
84820 24.6486
84830 24.6691
84840 24.6912
84850 24.7135
84860 24.7377
84870 24.7649
84880 24.7976
84890 24.8373
84900 24.8781
84910 24.9124
84920 24.9407
84930 24.9694
84940 25.0008
84950 25.0315
84960 25.0615
84970 25.0966
84980 25.1346
84990 25.1682
85000 25.1937
85010 25.2109
85020 25.221
85030 25.2254
85040 25.2266
85050 25.2265
85060 25.2251
85070 25.2213
85080 25.2176
85090 25.2161
85100 25.2174
85110 25.2205
85120 25.2222
85130 25.2201
85140 25.2158
85150 25.2111
85160 25.2041
85170 25.1926
85180 25.1744
85190 25.1505
85200 25.127
85210 25.1085
85220 25.0954
85230 25.0886
85240 25.0899
85250 25.1011
85260 25.1219
85270 25.148
85280 25.1739
85290 25.1973
85300 25.2176
85310 25.2314
85320 25.235
85330 25.2276
85340 25.2102
85350 25.1861
85360 25.1626
85370 25.1465
85380 25.1384
85390 25.1357
85400 25.1375
85410 25.142
85420 25.1473
85430 25.1524
85440 25.1568
85450 25.1585
85460 25.1559
85470 25.1492
85480 25.141
85490 25.1309
85500 25.1166
85510 25.094
85520 25.063
85530 25.0269
85540 24.9866
85550 24.9423
85560 24.8993
85570 24.862
85580 24.8296
85590 24.8015
85600 24.7804
85610 24.7701
85620 24.7731
85630 24.7887
85640 24.8123
85650 24.8431
85660 24.8785
85670 24.9103
85680 24.9329
85690 24.9483
85700 24.962
85710 24.9774
85720 24.993
85730 25.0081
85740 25.0245
85750 25.0416
85760 25.0568
85770 25.0669
85780 25.0689
85790 25.0633
85800 25.0547
85810 25.0454
85820 25.0331
85830 25.015
85840 24.9915
85850 24.9683
85860 24.9498
85870 24.9297
85880 24.902
85890 24.8723
85900 24.8464
85910 24.8232
85920 24.8023
85930 24.7846
85940 24.7682
85950 24.7537
85960 24.7423
85970 24.7322
85980 24.7207
85990 24.708
86000 24.6958
86010 24.6841
86020 24.6733
86030 24.6643
86040 24.6563
86050 24.6465
86060 24.6329
86070 24.6179
86080 24.6071
86090 24.6041
86100 24.6087
86110 24.6216
86120 24.644
86130 24.6762
86140 24.7198
86150 24.7718
86160 24.8222
86170 24.8635
86180 24.895
86190 24.916
86200 24.9237
86210 24.9151
86220 24.8936
86230 24.8672
86240 24.8415
86250 24.8196
86260 24.8051
86270 24.8021
86280 24.8121
86290 24.8347
86300 24.8655
86310 24.8948
86320 24.9125
86330 24.914
86340 24.8986
86350 24.8678
86360 24.8246
86370 24.7773
86380 24.7357
86390 24.704
86400 24.6835
86410 24.6729
86420 24.6679
86430 24.6647
86440 24.6625
86450 24.6575
86460 24.6462
86470 24.6321
86480 24.6185
86490 24.6041
86500 24.5889
86510 24.5759
86520 24.5692
86530 24.5723
86540 24.5867
86550 24.6096
86560 24.6344
86570 24.6544
86580 24.6648
86590 24.6617
86600 24.6435
86610 24.6126
86620 24.5743
86630 24.5324
86640 24.492
86650 24.4635
86660 24.4524
86670 24.4538
86680 24.4611
86690 24.4687
86700 24.4733
86710 24.4786
86720 24.4909
86730 24.5094
86740 24.5317
86750 24.5594
86760 24.593
86770 24.6309
86780 24.6706
86790 24.7086
86800 24.7441
86810 24.7778
86820 24.81
86830 24.8406
86840 24.8695
86850 24.8943
86860 24.9114
86870 24.9181
86880 24.9118
86890 24.892
86900 24.8625
86910 24.827
86920 24.7881
86930 24.7526
86940 24.727
86950 24.7112
86960 24.7023
86970 24.6986
86980 24.7016
86990 24.7119
87000 24.7239
87010 24.7328
87020 24.7375
87030 24.738
87040 24.7358
87050 24.7319
87060 24.7278
87070 24.7287
87080 24.7405
87090 24.7667
87100 24.8059
87110 24.8522
87120 24.8977
87130 24.9359
87140 24.9652
87150 24.9853
87160 24.9957
87170 24.9995
87180 24.9999
87190 24.9982
87200 25.0003
87210 25.0104
87220 25.0216
87230 25.025
87240 25.0207
87250 25.0161
87260 25.014
87270 25.0118
87280 25.005
87290 24.993
87300 24.9805
87310 24.9706
87320 24.9641
87330 24.9636
87340 24.972
87350 24.9909
87360 25.0186
87370 25.0488
87380 25.075
87390 25.0938
87400 25.1037
87410 25.1032
87420 25.0938
87430 25.0785
87440 25.0598
87450 25.0396
87460 25.0194
87470 25.0003
87480 24.982
87490 24.9652
87500 24.9555
87510 24.9563
87520 24.9673
87530 24.9839
87540 24.9999
87550 25.0107
87560 25.0138
87570 25.0091
87580 24.999
87590 24.9879
87600 24.9818
87610 24.9864
87620 25.0016
87630 25.0261
87640 25.0605
87650 25.0982
87660 25.1257
87670 25.1399
87680 25.1473
87690 25.1475
87700 25.1342
87710 25.1067
87720 25.0674
87730 25.0208
87740 24.9744
87750 24.935
87760 24.9039
87770 24.8801
87780 24.863
87790 24.8504
87800 24.8391
87810 24.8283
87820 24.8208
87830 24.8198
87840 24.8235
87850 24.8289
87860 24.8344
87870 24.8392
87880 24.8426
87890 24.8446
87900 24.848
87910 24.8552
87920 24.8634
87930 24.8687
87940 24.8732
87950 24.8823
87960 24.8954
87970 24.9097
87980 24.9266
87990 24.9463
88000 24.9646
88010 24.9782
88020 24.9878
88030 24.9946
88040 24.9972
88050 24.9952
88060 24.9917
88070 24.9901
88080 24.9924
88090 24.9995
88100 25.0107
88110 25.0243
88120 25.0427
88130 25.069
88140 25.099
88150 25.1272
88160 25.1516
88170 25.1721
88180 25.1905
88190 25.2076
88200 25.222
88210 25.2336
88220 25.2451
88230 25.2601
88240 25.2816
88250 25.3075
88260 25.3308
88270 25.3448
88280 25.3465
88290 25.3378
88300 25.3229
88310 25.3048
88320 25.2856
88330 25.2671
88340 25.2528
88350 25.2486
88360 25.2598
88370 25.2855
88380 25.3186
88390 25.3523
88400 25.3827
88410 25.4073
88420 25.4254
88430 25.4357
88440 25.4359
88450 25.4298
88460 25.425
88470 25.4239
88480 25.4255
88490 25.43
88500 25.4372
88510 25.4455
88520 25.4552
88530 25.4679
88540 25.4826
88550 25.4989
88560 25.5167
88570 25.5323
88580 25.5431
88590 25.5476
88600 25.5453
88610 25.5403
88620 25.5388
88630 25.5412
88640 25.5462
88650 25.556
88660 25.5704
88670 25.5865
88680 25.6048
88690 25.6275
88700 25.6539
88710 25.685
88720 25.72
88730 25.7527
88740 25.7767
88750 25.7909
88760 25.7975
88770 25.7969
88780 25.7892
88790 25.776
88800 25.76
88810 25.7461
88820 25.7365
88830 25.7286
88840 25.7255
88850 25.7334
88860 25.7496
88870 25.7646
88880 25.7709
88890 25.7646
88900 25.7432
88910 25.7102
88920 25.6756
88930 25.6481
88940 25.6297
88950 25.616
88960 25.6011
88970 25.585
88980 25.5701
88990 25.5572
89000 25.5478
89010 25.5456
89020 25.5534
89030 25.5698
89040 25.5924
89050 25.6224
89060 25.6564
89070 25.6826
89080 25.6941
89090 25.6943
89100 25.6908
89110 25.6916
89120 25.7007
89130 25.7152
89140 25.7311
89150 25.7482
89160 25.7663
89170 25.7843
89180 25.8033
89190 25.8241
89200 25.8481
89210 25.8772
89220 25.9106
89230 25.9464
89240 25.983
89250 26.0199
89260 26.0535
89270 26.0788
89280 26.094
89290 26.0991
89300 26.0954
89310 26.0852
89320 26.0708
89330 26.0538
89340 26.0315
89350 26.0036
89360 25.9787
89370 25.9618
89380 25.9492
89390 25.9406
89400 25.9387
89410 25.9391
89420 25.9377
89430 25.9358
89440 25.933
89450 25.9237
89460 25.9085
89470 25.893
89480 25.8772
89490 25.8598
89500 25.8416
89510 25.8268
89520 25.8206
89530 25.8198
89540 25.8196
89550 25.8184
89560 25.8123
89570 25.7993
89580 25.7815
89590 25.7585
89600 25.7307
89610 25.7045
89620 25.6836
89630 25.6654
89640 25.6508
89650 25.6435
89660 25.6391
89670 25.6302
89680 25.6151
89690 25.5956
89700 25.573
89710 25.5483
89720 25.5221
89730 25.4971
89740 25.4788
89750 25.468
89760 25.4594
89770 25.4483
89780 25.4319
89790 25.4086
89800 25.3821
89810 25.3606
89820 25.3506
89830 25.3539
89840 25.369
89850 25.392
89860 25.4183
89870 25.4412
89880 25.4517
89890 25.4471
89900 25.4312
89910 25.4115
89920 25.3939
89930 25.3784
89940 25.3621
89950 25.3449
89960 25.3296
89970 25.3182
89980 25.3134
89990 25.3189
90000 25.3352
90010 25.36
90020 25.3904
90030 25.4248
90040 25.4597
90050 25.4913
90060 25.517
90070 25.5383
90080 25.5575
90090 25.5737
90100 25.5835
90110 25.5862
90120 25.5846
90130 25.5813
90140 25.5762
90150 25.5684
90160 25.5631
90170 25.566
90180 25.5738
90190 25.5782
90200 25.5771
90210 25.5733
90220 25.5701
90230 25.5718
90240 25.58
90250 25.5906
90260 25.6011
90270 25.612
90280 25.6212
90290 25.6276
90300 25.6321
90310 25.631
90320 25.6199
90330 25.6004
90340 25.5771
90350 25.5528
90360 25.5312
90370 25.5186
90380 25.5155
90390 25.516
90400 25.5173
90410 25.5175
90420 25.5107
90430 25.4926
90440 25.4669
90450 25.4397
90460 25.4125
90470 25.3863
90480 25.3632
90490 25.3443
90500 25.3278
90510 25.3122
90520 25.2984
90530 25.2889
90540 25.2854
90550 25.287
90560 25.2925
90570 25.3019
90580 25.3133
90590 25.3239
90600 25.334
90610 25.344
90620 25.3507
90630 25.3516
90640 25.3502
90650 25.3504
90660 25.3529
90670 25.3601
90680 25.3736
90690 25.3884
90700 25.4002
90710 25.4093
90720 25.4129
90730 25.4079
90740 25.3988
90750 25.3925
90760 25.3917
90770 25.399
90780 25.4166
90790 25.4388
90800 25.4573
90810 25.4669
90820 25.466
90830 25.4586
90840 25.4533
90850 25.4538
90860 25.457
90870 25.4623
90880 25.4706
90890 25.4786
90900 25.4842
90910 25.4905
90920 25.4984
90930 25.5034
90940 25.5009
90950 25.4896
90960 25.4729
90970 25.456
90980 25.4446
90990 25.4438
91000 25.4536
91010 25.4684
91020 25.4804
91030 25.4834
91040 25.4795
91050 25.475
91060 25.4714
91070 25.4653
91080 25.4575
91090 25.4528
91100 25.4528
91110 25.4575
91120 25.4663
91130 25.477
91140 25.4889
91150 25.4998
91160 25.5057
91170 25.506
91180 25.5079
91190 25.5165
91200 25.5277
91210 25.5372
91220 25.5477
91230 25.5648
91240 25.5894
91250 25.6178
91260 25.6479
91270 25.6801
91280 25.7139
91290 25.7432
91300 25.7602
91310 25.7626
91320 25.7531
91330 25.734
91340 25.7093
91350 25.6868
91360 25.6721
91370 25.6655
91380 25.6657
91390 25.6711
91400 25.6756
91410 25.6755
91420 25.6735
91430 25.6735
91440 25.6746
91450 25.6742
91460 25.6713
91470 25.6667
91480 25.6622
91490 25.6571
91500 25.6514
91510 25.6477
91520 25.6482
91530 25.6528
91540 25.6614
91550 25.6751
91560 25.6957
91570 25.7232
91580 25.7545
91590 25.7874
91600 25.8248
91610 25.8689
91620 25.9166
91630 25.9604
91640 25.992
91650 26.0062
91660 26.0011
91670 25.978
91680 25.9419
91690 25.9021
91700 25.8682
91710 25.8439
91720 25.83
91730 25.8285
91740 25.8385
91750 25.856
91760 25.876
91770 25.8955
91780 25.913
91790 25.9282
91800 25.9422
91810 25.9554
91820 25.966
91830 25.9748
91840 25.9878
91850 26.008
91860 26.0331
91870 26.0595
91880 26.0855
91890 26.1096
91900 26.1278
91910 26.139
91920 26.1464
91930 26.153
91940 26.161
91950 26.1703
91960 26.1788
91970 26.1846
91980 26.1863
91990 26.1845
92000 26.1815
92010 26.1766
92020 26.1676
92030 26.1559
92040 26.1433
92050 26.1302
92060 26.1204
92070 26.1187
92080 26.1266
92090 26.1401
92100 26.1546
92110 26.1664
92120 26.1746
92130 26.1794
92140 26.1797
92150 26.1763
92160 26.169
92170 26.1571
92180 26.1451
92190 26.1394
92200 26.1407
92210 26.1484
92220 26.1605
92230 26.1746
92240 26.1917
92250 26.2149
92260 26.2422
92270 26.2676
92280 26.2872
92290 26.2968
92300 26.2935
92310 26.2799
92320 26.2591
92330 26.2328
92340 26.2064
92350 26.1865
92360 26.176
92370 26.1771
92380 26.1916
92390 26.2171
92400 26.2487
92410 26.2816
92420 26.3127
92430 26.3397
92440 26.3608
92450 26.3762
92460 26.3891
92470 26.4032
92480 26.4176
92490 26.4308
92500 26.444
92510 26.4565
92520 26.4667
92530 26.4728
92540 26.4712
92550 26.4599
92560 26.4411
92570 26.4196
92580 26.4014
92590 26.3907
92600 26.3876
92610 26.3883
92620 26.39
92630 26.3941
92640 26.4021
92650 26.4093
92660 26.4097
92670 26.3993
92680 26.3816
92690 26.3634
92700 26.3458
92710 26.3253
92720 26.3023
92730 26.2824
92740 26.2733
92750 26.2766
92760 26.2852
92770 26.2918
92780 26.2946
92790 26.2963
92800 26.2971
92810 26.2953
92820 26.2908
92830 26.2815
92840 26.2659
92850 26.2467
92860 26.2307
92870 26.2233
92880 26.2223
92890 26.2208
92900 26.2122
92910 26.1939
92920 26.1682
92930 26.1388
92940 26.1098
92950 26.0892
92960 26.0819
92970 26.0841
92980 26.0889
92990 26.0922
93000 26.0923
93010 26.0891
93020 26.0786
93030 26.0573
93040 26.029
93050 26.0001
93060 25.9756
93070 25.9561
93080 25.9353
93090 25.9084
93100 25.877
93110 25.845
93120 25.816
93130 25.7914
93140 25.7693
93150 25.7501
93160 25.738
93170 25.7338
93180 25.7338
93190 25.7351
93200 25.7359
93210 25.737
93220 25.7393
93230 25.7416
93240 25.7412
93250 25.7372
93260 25.73
93270 25.7205
93280 25.7097
93290 25.6996
93300 25.6954
93310 25.7002
93320 25.71
93330 25.723
93340 25.7427
93350 25.769
93360 25.7962
93370 25.8229
93380 25.851
93390 25.8798
93400 25.9107
93410 25.9446
93420 25.9759
93430 25.9985
93440 26.0151
93450 26.0321
93460 26.0503
93470 26.0683
93480 26.0866
93490 26.107
93500 26.1285
93510 26.149
93520 26.1693
93530 26.1875
93540 26.2004
93550 26.2055
93560 26.2002
93570 26.1853
93580 26.1649
93590 26.1406
93600 26.1117
93610 26.0811
93620 26.0545
93630 26.0343
93640 26.0215
93650 26.0168
93660 26.0158
93670 26.0141
93680 26.0118
93690 26.0099
93700 26.0088
93710 26.0105
93720 26.0179
93730 26.031
93740 26.0463
93750 26.0609
93760 26.0751
93770 26.0887
93780 26.102
93790 26.1151
93800 26.1273
93810 26.1424
93820 26.1635
93830 26.1839
93840 26.1969
93850 26.2053
93860 26.2136
93870 26.2202
93880 26.2198
93890 26.2115
93900 26.1959
93910 26.1754
93920 26.1569
93930 26.1467
93940 26.1438
93950 26.1477
93960 26.1615
93970 26.1852
93980 26.2148
93990 26.2485
94000 26.2869
94010 26.3257
94020 26.3571
94030 26.3762
94040 26.3827
94050 26.3759
94060 26.3598
94070 26.3425
94080 26.3306
94090 26.327
94100 26.332
94110 26.3413
94120 26.3481
94130 26.3487
94140 26.3451
94150 26.3405
94160 26.3318
94170 26.3147
94180 26.2943
94190 26.2759
94200 26.2566
94210 26.234
94220 26.2112
94230 26.1926
94240 26.1826
94250 26.1809
94260 26.183
94270 26.1864
94280 26.1892
94290 26.1911
94300 26.1925
94310 26.1936
94320 26.1942
94330 26.1913
94340 26.1814
94350 26.1652
94360 26.1427
94370 26.1097
94380 26.0671
94390 26.0252
94400 25.9909
94410 25.9639
94420 25.9461
94430 25.9421
94440 25.9506
94450 25.9628
94460 25.9737
94470 25.9839
94480 25.9933
94490 26.0045
94500 26.0208
94510 26.0409
94520 26.0591
94530 26.0701
94540 26.0744
94550 26.074
94560 26.0715
94570 26.0713
94580 26.0737
94590 26.0771
94600 26.0837
94610 26.0942
94620 26.1051
94630 26.1168
94640 26.1337
94650 26.1566
94660 26.1805
94670 26.2001
94680 26.2134
94690 26.2205
94700 26.2221
94710 26.223
94720 26.2311
94730 26.2498
94740 26.2754
94750 26.3023
94760 26.3275
94770 26.3487
94780 26.3654
94790 26.3822
94800 26.402
94810 26.4231
94820 26.4451
94830 26.4665
94840 26.4837
94850 26.4943
94860 26.4981
94870 26.4936
94880 26.4789
94890 26.4561
94900 26.4285
94910 26.3954
94920 26.3544
94930 26.3064
94940 26.2589
94950 26.2177
94960 26.1818
94970 26.15
94980 26.1232
94990 26.0993
95000 26.0739
95010 26.0459
95020 26.014
95030 25.9783
95040 25.9434
95050 25.9136
95060 25.8887
95070 25.8662
95080 25.8438
95090 25.822
95100 25.802
95110 25.7825
95120 25.7614
95130 25.7391
95140 25.7168
95150 25.6963
95160 25.6819
95170 25.6774
95180 25.6807
95190 25.6872
95200 25.6937
95210 25.6955
95220 25.6889
95230 25.6754
95240 25.6588
95250 25.6404
95260 25.6207
95270 25.6035
95280 25.5937
95290 25.5929
95300 25.602
95310 25.6198
95320 25.6411
95330 25.6604
95340 25.6743
95350 25.6832
95360 25.6893
95370 25.6927
95380 25.6942
95390 25.698
95400 25.7091
95410 25.7248
95420 25.7387
95430 25.7486
95440 25.7573
95450 25.7698
95460 25.786
95470 25.8042
95480 25.8267
95490 25.8543
95500 25.8837
95510 25.9104
95520 25.9306
95530 25.94
95540 25.9359
95550 25.9211
95560 25.9022
95570 25.8864
95580 25.8772
95590 25.8771
95600 25.8895
95610 25.9154
95620 25.9532
95630 26.0007
95640 26.0551
95650 26.1101
95660 26.1612
95670 26.2089
95680 26.2534
95690 26.2914
95700 26.3196
95710 26.3372
95720 26.346
95730 26.3491
95740 26.3531
95750 26.3651
95760 26.3859
95770 26.4111
95780 26.4386
95790 26.4657
95800 26.4861
95810 26.4969
95820 26.5023
95830 26.5062
95840 26.5081
95850 26.5047
95860 26.4989
95870 26.4975
95880 26.5011
95890 26.5055
95900 26.511
95910 26.5182
95920 26.5267
95930 26.5379
95940 26.5528
95950 26.5695
95960 26.5879
95970 26.6111
95980 26.6378
95990 26.663
96000 26.6839
96010 26.6997
96020 26.7071
96030 26.7029
96040 26.6912
96050 26.6812
96060 26.6763
96070 26.6772
96080 26.6857
96090 26.7007
96100 26.7193
96110 26.7373
96120 26.7496
96130 26.7541
96140 26.7509
96150 26.7436
96160 26.7375
96170 26.7384
96180 26.748
96190 26.7646
96200 26.7839
96210 26.8031
96220 26.8208
96230 26.8349
96240 26.843
96250 26.8426
96260 26.8346
96270 26.8213
96280 26.8048
96290 26.7886
96300 26.7747
96310 26.7627
96320 26.7539
96330 26.7521
96340 26.7598
96350 26.7748
96360 26.7926
96370 26.811
96380 26.8297
96390 26.8466
96400 26.8571
96410 26.8613
96420 26.8617
96430 26.8609
96440 26.8613
96450 26.8625
96460 26.8636
96470 26.8675
96480 26.8774
96490 26.8945
96500 26.917
96510 26.9408
96520 26.9612
96530 26.9773
96540 26.9928
96550 27.0083
96560 27.0223
96570 27.0377
96580 27.0599
96590 27.0892
96600 27.1209
96610 27.1481
96620 27.164
96630 27.1649
96640 27.1515
96650 27.1273
96660 27.0984
96670 27.0716
96680 27.0508
96690 27.0366
96700 27.0264
96710 27.0183
96720 27.011
96730 27.0032
96740 26.9948
96750 26.9843
96760 26.9706
96770 26.9548
96780 26.9389
96790 26.9262
96800 26.9203
96810 26.921
96820 26.9248
96830 26.9301
96840 26.9373
96850 26.9455
96860 26.9533
96870 26.9621
96880 26.9735
96890 26.9839
96900 26.9923
96910 27.0012
96920 27.0099
96930 27.0164
96940 27.0188
96950 27.0148
96960 27.0063
96970 26.9984
96980 26.9933
96990 26.9912
97000 26.9918
97010 26.9952
97020 27.0007
97030 27.008
97040 27.0156
97050 27.0204
97060 27.0206
97070 27.018
97080 27.0161
97090 27.0131
97100 27.0042
97110 26.99
97120 26.9728
97130 26.9514
97140 26.9278
97150 26.9096
97160 26.9008
97170 26.8993
97180 26.9009
97190 26.8994
97200 26.8934
97210 26.888
97220 26.8864
97230 26.8894
97240 26.8997
97250 26.9213
97260 26.9515
97270 26.9858
97280 27.022
97290 27.0569
97300 27.0838
97310 27.0992
97320 27.1066
97330 27.1087
97340 27.1049
97350 27.0994
97360 27.0977
97370 27.1007
97380 27.1056
97390 27.1105
97400 27.1148
97410 27.1183
97420 27.1188
97430 27.1166
97440 27.1128
97450 27.1047
97460 27.0875
97470 27.0611
97480 27.0322
97490 27.0086
97500 26.9972
97510 27.0021
97520 27.0191
97530 27.0409
97540 27.0654
97550 27.09
97560 27.1078
97570 27.1133
97580 27.1061
97590 27.0891
97600 27.0651
97610 27.0338
97620 26.9938
97630 26.9473
97640 26.8974
97650 26.8437
97660 26.7873
97670 26.7307
97680 26.6755
97690 26.6275
97700 26.5932
97710 26.572
97720 26.5564
97730 26.5419
97740 26.5296
97750 26.5197
97760 26.5142
97770 26.5196
97780 26.5385
97790 26.5646
97800 26.5909
97810 26.6162
97820 26.6405
97830 26.6607
97840 26.6771
97850 26.6939
97860 26.7139
97870 26.7379
97880 26.7667
97890 26.8007
97900 26.8396
97910 26.8814
97920 26.9213
97930 26.9548
97940 26.9802
97950 26.9975
97960 27.0053
97970 27.0023
97980 26.9932
97990 26.9849
98000 26.9787
98010 26.9739
98020 26.9728
98030 26.97
98040 26.9572
98050 26.9378
98060 26.9198
98070 26.9052
98080 26.8894
98090 26.8675
98100 26.8393
98110 26.8087
98120 26.7778
98130 26.7483
98140 26.7224
98150 26.6998
98160 26.6766
98170 26.6489
98180 26.617
98190 26.5825
98200 26.5481
98210 26.5167
98220 26.4913
98230 26.4719
98240 26.455
98250 26.4362
98260 26.4154
98270 26.4002
98280 26.3996
98290 26.4151
98300 26.4437
98310 26.4803
98320 26.5196
98330 26.5611
98340 26.6049
98350 26.6466
98360 26.6822
98370 26.7145
98380 26.748
98390 26.781
98400 26.8127
98410 26.8492
98420 26.8916
98430 26.9333
98440 26.97
98450 27.0014
98460 27.0268
98470 27.0457
98480 27.0577
98490 27.0623
98500 27.0578
98510 27.0438
98520 27.023
98530 26.9952
98540 26.9592
98550 26.9182
98560 26.8799
98570 26.8517
98580 26.8364
98590 26.8294
98600 26.8281
98610 26.8337
98620 26.8461
98630 26.8619
98640 26.8798
98650 26.8992
98660 26.9185
98670 26.9361
98680 26.9494
98690 26.9571
98700 26.9619
98710 26.9634
98720 26.959
98730 26.9511
98740 26.9413
98750 26.9316
98760 26.9241
98770 26.9168
98780 26.9039
98790 26.8827
98800 26.8548
98810 26.825
98820 26.7975
98830 26.7741
98840 26.755
98850 26.7436
98860 26.7391
98870 26.7331
98880 26.7206
98890 26.7058
98900 26.6926
98910 26.6794
98920 26.6643
98930 26.6475
98940 26.6327
98950 26.6215
98960 26.6133
98970 26.6106
98980 26.6187
98990 26.6377
99000 26.6643
99010 26.6955
99020 26.7287
99030 26.7582
99040 26.7775
99050 26.7876
99060 26.7891
99070 26.7808
99080 26.7695
99090 26.7693
99100 26.7848
99110 26.8116
99120 26.8452
99130 26.8804
99140 26.9126
99150 26.9429
99160 26.9702
99170 26.99
99180 27.0021
99190 27.0096
99200 27.0156
99210 27.0227
99220 27.026
99230 27.0194
99240 27.006
99250 26.9953
99260 26.9915
99270 26.9965
99280 27.0096
99290 27.0224
99300 27.0298
99310 27.0376
99320 27.0486
99330 27.0606
99340 27.0748
99350 27.092
99360 27.1058
99370 27.1102
99380 27.1069
99390 27.1017
99400 27.0974
99410 27.0936
99420 27.0921
99430 27.0967
99440 27.1068
99450 27.1197
99460 27.133
99470 27.1426
99480 27.1433
99490 27.1351
99500 27.1238
99510 27.1133
99520 27.1047
99530 27.1004
99540 27.1005
99550 27.1016
99560 27.0996
99570 27.0947
99580 27.0899
99590 27.0871
99600 27.087
99610 27.0912
99620 27.0984
99630 27.1059
99640 27.114
99650 27.1218
99660 27.1248
99670 27.1223
99680 27.1189
99690 27.1136
99700 27.1033
99710 27.0881
99720 27.0687
99730 27.0492
99740 27.0354
99750 27.027
99760 27.0186
99770 27.0077
99780 26.995
99790 26.9818
99800 26.9693
99810 26.9566
99820 26.944
99830 26.9313
99840 26.9141
99850 26.8906
99860 26.8647
99870 26.8368
99880 26.8073
99890 26.7783
99900 26.7465
99910 26.7076
99920 26.6665
99930 26.6291
99940 26.5933
99950 26.5572
99960 26.5228
99970 26.4899
99980 26.4604
99990 26.4409
100000 26.4307
100010 26.4233
100020 26.4179
100030 26.418
100040 26.4262
100050 26.4424
100060 26.4619
100070 26.4803
100080 26.4981
100090 26.5154
100100 26.5283
100110 26.5335
100120 26.5312
100130 26.5235
100140 26.5135
100150 26.5031
100160 26.4932
100170 26.4861
100180 26.4844
100190 26.4864
100200 26.4873
100210 26.4862
100220 26.4847
100230 26.4815
100240 26.4746
100250 26.464
100260 26.452
100270 26.4395
100280 26.4251
100290 26.4073
100300 26.3846
100310 26.3573
100320 26.3311
100330 26.3114
100340 26.3008
100350 26.2992
100360 26.306
100370 26.3196
100380 26.3375
100390 26.3576
100400 26.3821
100410 26.4145
100420 26.4528
100430 26.4934
100440 26.5327
100450 26.5682
100460 26.5998
100470 26.6312
100480 26.6633
100490 26.6922
100500 26.7134
100510 26.7256
100520 26.7303
100530 26.7316
100540 26.7335
100550 26.7366
100560 26.7393
100570 26.7423
100580 26.7463
100590 26.7508
100600 26.7564
100610 26.7623
100620 26.7677
100630 26.7737
100640 26.7826
100650 26.7944
100660 26.8089
100670 26.8262
100680 26.842
100690 26.8542
100700 26.866
100710 26.8747
100720 26.8788
100730 26.8855
100740 26.8983
100750 26.9156
100760 26.9384
100770 26.9651
100780 26.9905
100790 27.0108
100800 27.026
100810 27.0361
100820 27.0398
100830 27.0393
100840 27.038
100850 27.0388
100860 27.0455
100870 27.0572
100880 27.0678
100890 27.0783
100900 27.0951
100910 27.1201
100920 27.15
100930 27.1836
100940 27.2206
100950 27.255
100960 27.2829
100970 27.3083
100980 27.3343
100990 27.3596
101000 27.3814
101010 27.3976
101020 27.4085
101030 27.4166
101040 27.4212
101050 27.4189
101060 27.4096
101070 27.3961
101080 27.3808
101090 27.3656
101100 27.3537
101110 27.3432
101120 27.3302
101130 27.3167
101140 27.3117
101150 27.3194
101160 27.3366
101170 27.3593
101180 27.3859
101190 27.4144
101200 27.44
101210 27.4589
101220 27.4706
101230 27.4748
101240 27.4651
101250 27.4378
101260 27.3987
101270 27.3538
101280 27.3051
101290 27.2556
101300 27.2092
101310 27.1709
101320 27.1468
101330 27.139
101340 27.1432
101350 27.1524
101360 27.1638
101370 27.1755
101380 27.1835
101390 27.1879
101400 27.1926
101410 27.1986
101420 27.2051
101430 27.2155
101440 27.2352
101450 27.2655
101460 27.3021
101470 27.336
101480 27.3578
101490 27.3649
101500 27.3618
101510 27.3533
101520 27.3405
101530 27.3262
101540 27.3174
101550 27.3198
101560 27.3321
101570 27.348
101580 27.362
101590 27.3686
101600 27.3653
101610 27.3578
101620 27.3503
101630 27.3389
101640 27.3232
101650 27.3084
101660 27.2965
101670 27.2851
101680 27.2711
101690 27.256
101700 27.2442
101710 27.2374
101720 27.2342
101730 27.2315
101740 27.2259
101750 27.218
101760 27.209
101770 27.1972
101780 27.1818
101790 27.1661
101800 27.155
101810 27.1483
101820 27.1448
101830 27.1445
101840 27.1433
101850 27.1363
101860 27.1255
101870 27.1155
101880 27.1069
101890 27.0973
101900 27.0867
101910 27.0777
101920 27.0744
101930 27.0797
101940 27.0916
101950 27.107
101960 27.1253
101970 27.1445
101980 27.161
101990 27.1722
102000 27.1798
102010 27.1873
102020 27.1961
102030 27.2069
102040 27.2202
102050 27.238
102060 27.2605
102070 27.2839
102080 27.3054
102090 27.3259
102100 27.3453
102110 27.3651
102120 27.3884
102130 27.4157
102140 27.4436
102150 27.4683
102160 27.4881
102170 27.5049
102180 27.5212
102190 27.5337
102200 27.5399
102210 27.5461
102220 27.5576
102230 27.5732
102240 27.5913
102250 27.6124
102260 27.6346
102270 27.6534
102280 27.668
102290 27.6822
102300 27.7003
102310 27.7222
102320 27.7407
102330 27.7523
102340 27.7621
102350 27.7728
102360 27.7795
102370 27.7797
102380 27.776
102390 27.7702
102400 27.7598
102410 27.7415
102420 27.7201
102430 27.7058
102440 27.7045
102450 27.7169
102460 27.7395
102470 27.7659
102480 27.7925
102490 27.8187
102500 27.843
102510 27.8638
102520 27.8808
102530 27.8955
102540 27.9108
102550 27.9299
102560 27.9528
102570 27.9774
102580 28.001
102590 28.0204
102600 28.0335
102610 28.0384
102620 28.0325
102630 28.016
102640 27.9917
102650 27.9635
102660 27.9342
102670 27.9095
102680 27.8921
102690 27.8788
102700 27.8673
102710 27.8588
102720 27.8527
102730 27.8484
102740 27.8443
102750 27.836
102760 27.8213
102770 27.8033
102780 27.7844
102790 27.7647
102800 27.7444
102810 27.7246
102820 27.7068
102830 27.6956
102840 27.6934
102850 27.6989
102860 27.7095
102870 27.7259
102880 27.7499
102890 27.7833
102900 27.8253
102910 27.8725
102920 27.9212
102930 27.965
102940 27.9969
102950 28.0151
102960 28.0205
102970 28.0167
102980 28.0105
102990 28.0076
103000 28.0081
103010 28.0093
103020 28.0099
103030 28.0111
103040 28.0146
103050 28.0222
103060 28.0337
103070 28.0467
103080 28.0569
103090 28.0622
103100 28.0646
103110 28.0661
103120 28.0679
103130 28.0667
103140 28.0585
103150 28.0458
103160 28.0346
103170 28.0293
103180 28.0318
103190 28.043
103200 28.0622
103210 28.0805
103220 28.0899
103230 28.0905
103240 28.0868
103250 28.0837
103260 28.0806
103270 28.0754
103280 28.0697
103290 28.0696
103300 28.0795
103310 28.0955
103320 28.107
103330 28.1065
103340 28.0948
103350 28.0768
103360 28.0534
103370 28.0265
103380 28.0073
103390 28.0063
103400 28.0244
103410 28.0574
103420 28.1008
103430 28.1511
103440 28.2078
103450 28.269
103460 28.329
103470 28.3845
103480 28.4354
103490 28.4787
103500 28.5115
103510 28.5334
103520 28.5468
103530 28.5549
103540 28.5565
103550 28.5494
103560 28.5358
103570 28.5202
103580 28.5043
103590 28.4906
103600 28.4809
103610 28.4728
103620 28.4665
103630 28.4683
103640 28.4806
103650 28.4973
103660 28.5126
103670 28.5231
103680 28.5277
103690 28.5304
103700 28.5371
103710 28.5514
103720 28.5742
103730 28.6045
103740 28.6374
103750 28.6628
103760 28.6738
103770 28.6718
103780 28.6649
103790 28.6604
103800 28.6575
103810 28.6528
103820 28.6489
103830 28.6512
103840 28.6587
103850 28.6671
103860 28.6744
103870 28.6786
103880 28.6772
103890 28.6714
103900 28.6625
103910 28.6507
103920 28.6341
103930 28.612
103940 28.5844
103950 28.5563
103960 28.5362
103970 28.5249
103980 28.5185
103990 28.5152
104000 28.5134
104010 28.511
104020 28.5087
104030 28.5055
104040 28.499
104050 28.4871
104060 28.4662
104070 28.4328
104080 28.3905
104090 28.3481
104100 28.3126
104110 28.2856
104120 28.2688
104130 28.2647
104140 28.2665
104150 28.2641
104160 28.2563
104170 28.2469
104180 28.2383
104190 28.232
104200 28.2267
104210 28.2224
104220 28.223
104230 28.2326
104240 28.2515
104250 28.2757
104260 28.3007
104270 28.3264
104280 28.3557
104290 28.3857
104300 28.4106
104310 28.4297
104320 28.4426
104330 28.4468
104340 28.441
104350 28.4294
104360 28.4186
104370 28.4102
104380 28.403
104390 28.4011
104400 28.4061
104410 28.411
104420 28.4069
104430 28.3883
104440 28.3545
104450 28.3118
104460 28.2684
104470 28.2293
104480 28.2011
104490 28.1892
104500 28.1937
104510 28.2086
104520 28.2263
104530 28.242
104540 28.2573
104550 28.2738
104560 28.2855
104570 28.2907
104580 28.2965
104590 28.3052
104600 28.3106
104610 28.3117
104620 28.3147
104630 28.3215
104640 28.3294
104650 28.337
104660 28.3435
104670 28.3493
104680 28.3576
104690 28.3688
104700 28.3793
104710 28.3868
104720 28.3935
104730 28.402
104740 28.4123
104750 28.42
104760 28.424
104770 28.4311
104780 28.4459
104790 28.4659
104800 28.4854
104810 28.5012
104820 28.51
104830 28.5085
104840 28.4992
104850 28.4857
104860 28.4679
104870 28.4459
104880 28.4207
104890 28.396
104900 28.3756
104910 28.3604
104920 28.3509
104930 28.35
104940 28.3604
104950 28.3767
104960 28.3914
104970 28.4039
104980 28.4191
104990 28.441
105000 28.4701
105010 28.5065
105020 28.5515
105030 28.6012
105040 28.6455
105050 28.679
105060 28.7058
105070 28.7327
105080 28.7605
105090 28.7823
105100 28.795
105110 28.8034
105120 28.8104
105130 28.8158
105140 28.8217
105150 28.8269
105160 28.8298
105170 28.8322
105180 28.8339
105190 28.8324
105200 28.8269
105210 28.8195
105220 28.8155
105230 28.8209
105240 28.8355
105250 28.8542
105260 28.8716
105270 28.8832
105280 28.8891
105290 28.896
105300 28.9066
105310 28.9184
105320 28.9324
105330 28.9528
105340 28.9803
105350 29.0108
105360 29.0426
105370 29.0761
105380 29.1092
105390 29.1375
105400 29.1567
105410 29.1651
105420 29.1629
105430 29.1525
105440 29.136
105450 29.1109
105460 29.0752
105470 29.0314
105480 28.9838
105490 28.9364
105500 28.8948
105510 28.865
105520 28.8473
105530 28.8372
105540 28.8283
105550 28.8139
105560 28.7906
105570 28.7603
105580 28.7265
105590 28.6889
105600 28.6444
105610 28.5913
105620 28.5342
105630 28.4794
105640 28.4292
105650 28.3884
105660 28.3627
105670 28.3514
105680 28.3487
105690 28.3501
105700 28.3513
105710 28.3488
105720 28.3436
105730 28.3417
105740 28.3449
105750 28.3514
105760 28.361
105770 28.3723
105780 28.3821
105790 28.391
105800 28.3989
105810 28.4022
105820 28.4005
105830 28.3981
105840 28.4008
105850 28.4129
105860 28.4332
105870 28.4543
105880 28.4699
105890 28.4778
105900 28.4813
105910 28.4919
105920 28.5165
105930 28.5489
105940 28.5807
105950 28.609
105960 28.6325
105970 28.6506
105980 28.666
105990 28.6807
106000 28.6944
106010 28.7077
106020 28.7193
106030 28.7245
106040 28.7237
106050 28.7205
106060 28.7125
106070 28.6959
106080 28.6737
106090 28.6481
106100 28.613
106110 28.5655
106120 28.5096
106130 28.4488
106140 28.3845
106150 28.3219
106160 28.2672
106170 28.2211
106180 28.1811
106190 28.1439
106200 28.1087
106210 28.0785
106220 28.0552
106230 28.0354
106240 28.017
106250 27.999
106260 27.9771
106270 27.947
106280 27.9114
106290 27.877
106300 27.8455
106310 27.8168
106320 27.7955
106330 27.7871
106340 27.7919
106350 27.8065
106360 27.8278
106370 27.8571
106380 27.896
106390 27.9421
106400 27.99
106410 28.0305
106420 28.0562
106430 28.0676
106440 28.0674
106450 28.0574
106460 28.0418
106470 28.0304
106480 28.0319
106490 28.0471
106500 28.0688
106510 28.0892
106520 28.1066
106530 28.1222
106540 28.1345
106550 28.1423
106560 28.1422
106570 28.1263
106580 28.0924
106590 28.049
106600 28.0056
106610 27.9621
106620 27.9183
106630 27.884
106640 27.8688
106650 27.8722
106660 27.8875
106670 27.9058
106680 27.9201
106690 27.9313
106700 27.9418
106710 27.953
106720 27.9634
106730 27.9679
106740 27.9608
106750 27.9453
106760 27.9329
106770 27.9302
106780 27.9346
106790 27.9397
106800 27.9412
106810 27.94
106820 27.941
106830 27.947
106840 27.9553
106850 27.9657
106860 27.9838
106870 28.0112
106880 28.0378
106890 28.0529
106900 28.0567
106910 28.0541
106920 28.0464
106930 28.0372
106940 28.0304
106950 28.0237
106960 28.0152
106970 28.0075
106980 28.0033
106990 28.0036
107000 28.0094
107010 28.0199
107020 28.033
107030 28.046
107040 28.0551
107050 28.0598
107060 28.0631
107070 28.0661
107080 28.0672
107090 28.067
107100 28.0679
107110 28.0702
107120 28.0739
107130 28.0802
107140 28.0892
107150 28.0969
107160 28.1007
107170 28.1032
107180 28.1062
107190 28.1084
107200 28.1105
107210 28.1153
107220 28.1199
107230 28.1185
107240 28.1114
107250 28.1012
107260 28.0842
107270 28.0585
107280 28.03
107290 28.0039
107300 27.9829
107310 27.9693
107320 27.9646
107330 27.9664
107340 27.9711
107350 27.9745
107360 27.9733
107370 27.9704
107380 27.9732
107390 27.9844
107400 28.0027
107410 28.0264
107420 28.0518
107430 28.0735
107440 28.089
107450 28.0952
107460 28.0902
107470 28.0783
107480 28.0642
107490 28.0508
107500 28.0394
107510 28.0273
107520 28.0107
107530 27.9915
107540 27.9757
107550 27.9666
107560 27.9657
107570 27.974
107580 27.9891
107590 28.0086
107600 28.0301
107610 28.0504
107620 28.0688
107630 28.0865
107640 28.107
107650 28.1325
107660 28.1614
107670 28.1936
107680 28.2319
107690 28.2743
107700 28.3136
107710 28.3463
107720 28.3733
107730 28.396
107740 28.4148
107750 28.4312
107760 28.4465
107770 28.4622
107780 28.481
107790 28.5066
107800 28.5402
107810 28.5792
107820 28.6164
107830 28.644
107840 28.6584
107850 28.6574
107860 28.6425
107870 28.6205
107880 28.6005
107890 28.5899
107900 28.5899
107910 28.5971
107920 28.6125
107930 28.6407
107940 28.682
107950 28.7316
107960 28.7821
107970 28.8271
107980 28.8631
107990 28.8905
108000 28.9144
108010 28.9388
108020 28.9627
108030 28.9806
108040 28.9897
108050 28.9927
108060 28.9938
108070 28.993
108080 28.9856
108090 28.9726
108100 28.9609
108110 28.9532
108120 28.9504
108130 28.9568
108140 28.9752
108150 29.0029
108160 29.0341
108170 29.0637
108180 29.0897
108190 29.1123
108200 29.1296
108210 29.1415
108220 29.1493
108230 29.1518
108240 29.1452
108250 29.1303
108260 29.1142
108270 29.1029
108280 29.0977
108290 29.0978
108300 29.0983
108310 29.0935
108320 29.0806
108330 29.0591
108340 29.0312
108350 29.0017
108360 28.9758
108370 28.9546
108380 28.9369
108390 28.9223
108400 28.9126
108410 28.9083
108420 28.9056
108430 28.8977
108440 28.8798
108450 28.8541
108460 28.8238
108470 28.7917
108480 28.7626
108490 28.743
108500 28.7387
108510 28.7527
108520 28.7797
108530 28.8101
108540 28.838
108550 28.8608
108560 28.8802
108570 28.9008
108580 28.9249
108590 28.9521
108600 28.9815
108610 29.0147
108620 29.0497
108630 29.0779
108640 29.0944
108650 29.1011
108660 29.1004
108670 29.0948
108680 29.0891
108690 29.0883
108700 29.0925
108710 29.1017
108720 29.115
108730 29.1281
108740 29.1358
108750 29.1371
108760 29.1337
108770 29.1254
108780 29.111
108790 29.0934
108800 29.076
108810 29.0597
108820 29.0455
108830 29.0358
108840 29.033
108850 29.0395
108860 29.0574
108870 29.0821
108880 29.1055
108890 29.1231
108900 29.1324
108910 29.1319
108920 29.1198
108930 29.0956
108940 29.0606
108950 29.0174
108960 28.9678
108970 28.9131
108980 28.8625
108990 28.8283
109000 28.8133
109010 28.8141
109020 28.8302
109030 28.8562
109040 28.8808
109050 28.8992
109060 28.9137
109070 28.9275
109080 28.9435
109090 28.96
109100 28.97
109110 28.973
109120 28.9726
109130 28.9695
109140 28.9654
109150 28.9618
109160 28.9574
109170 28.9525
109180 28.9506
109190 28.9531
109200 28.9566
109210 28.9583
109220 28.9585
109230 28.9583
109240 28.959
109250 28.9608
109260 28.9619
109270 28.9616
109280 28.9628
109290 28.9678
109300 28.9725
109310 28.9775
109320 28.9875
109330 28.9991
109340 29.0069
109350 29.014
109360 29.0239
109370 29.035
109380 29.0447
109390 29.0536
109400 29.0666
109410 29.087
109420 29.1157
109430 29.1538
109440 29.1996
109450 29.2466
109460 29.2869
109470 29.3166
109480 29.3324
109490 29.3311
109500 29.3132
109510 29.2825
109520 29.2449
109530 29.2047
109540 29.1659
109550 29.1336
109560 29.109
109570 29.0853
109580 29.0601
109590 29.0369
109600 29.0173
109610 29.0031
109620 28.9971
109630 28.9981
109640 28.9997
109650 28.999
109660 29.0007
109670 29.0112
109680 29.0323
109690 29.0611
109700 29.0926
109710 29.1222
109720 29.1475
109730 29.1649
109740 29.1701
109750 29.1654
109760 29.1592
109770 29.1545
109780 29.1517
109790 29.155
109800 29.1642
109810 29.1746
109820 29.1856
109830 29.2011
109840 29.224
109850 29.2496
109860 29.2712
109870 29.2895
109880 29.3101
109890 29.3332
109900 29.3555
109910 29.3765
109920 29.3963
109930 29.4124
109940 29.4196
109950 29.4174
109960 29.4102
109970 29.4016
109980 29.3935
109990 29.3882
110000 29.3878
110010 29.39
110020 29.391
110030 29.3928
110040 29.4013
110050 29.4192
110060 29.4414
110070 29.4598
110080 29.4687
110090 29.465
110100 29.4512
110110 29.4302
110120 29.3996
110130 29.3603
110140 29.3209
110150 29.2868
110160 29.2572
110170 29.2308
110180 29.2117
110190 29.2066
110200 29.2166
110210 29.2352
110220 29.2538
110230 29.2667
110240 29.2703
110250 29.2639
110260 29.2502
110270 29.2341
110280 29.22
110290 29.2108
110300 29.2069
110310 29.2073
110320 29.2067
110330 29.1966
110340 29.1743
110350 29.1422
110360 29.1055
110370 29.0711
110380 29.0432
110390 29.0243
110400 29.0153
110410 29.0171
110420 29.0297
110430 29.0487
110440 29.0694
110450 29.094
110460 29.1268
110470 29.1701
110480 29.2221
110490 29.2784
110500 29.3336
110510 29.3793
110520 29.4062
110530 29.4154
110540 29.4131
110550 29.4009
110560 29.3772
110570 29.3463
110580 29.3176
110590 29.2966
110600 29.2825
110610 29.2728
110620 29.2658
110630 29.2609
110640 29.2579
110650 29.2572
110660 29.2581
110670 29.2569
110680 29.2504
110690 29.2393
110700 29.2249
110710 29.2059
110720 29.1805
110730 29.1528
110740 29.134
110750 29.1311
110760 29.1437
110770 29.1722
110780 29.2175
110790 29.2716
110800 29.3228
110810 29.3649
110820 29.3988
110830 29.4278
110840 29.4508
110850 29.4639
110860 29.4673
110870 29.4638
110880 29.4547
110890 29.4427
110900 29.4307
110910 29.4166
110920 29.3995
110930 29.3823
110940 29.3642
110950 29.3414
110960 29.3133
110970 29.2817
110980 29.2463
110990 29.2086
111000 29.1718
111010 29.139
111020 29.1118
111030 29.0941
111040 29.0898
111050 29.098
111060 29.1086
111070 29.1102
111080 29.0978
111090 29.0716
111100 29.0373
111110 29.0063
111120 28.9854
111130 28.973
111140 28.9706
111150 28.9842
111160 29.0107
111170 29.04
111180 29.0663
111190 29.0872
111200 29.1009
111210 29.1082
111220 29.1104
111230 29.1065
111240 29.0969
111250 29.0839
111260 29.0681
111270 29.0488
111280 29.0262
111290 29.0026
111300 28.9796
111310 28.9576
111320 28.9372
111330 28.9162
111340 28.8921
111350 28.8659
111360 28.8422
111370 28.8253
111380 28.8169
111390 28.8165
111400 28.8216
111410 28.8239
111420 28.8144
111430 28.7914
111440 28.7622
111450 28.737
111460 28.7214
111470 28.7171
111480 28.7252
111490 28.7451
111500 28.7694
111510 28.7905
111520 28.8067
111530 28.8167
111540 28.82
111550 28.8194
111560 28.8163
111570 28.8111
111580 28.8048
111590 28.8022
111600 28.807
111610 28.8217
111620 28.8456
111630 28.8728
111640 28.8931
111650 28.9019
111660 28.9012
111670 28.8949
111680 28.8856
111690 28.8744
111700 28.8618
111710 28.8478
111720 28.8327
111730 28.8208
111740 28.8162
111750 28.8169
111760 28.8186
111770 28.8214
111780 28.8254
111790 28.8258
111800 28.8178
111810 28.8037
111820 28.7883
111830 28.776
111840 28.7686
111850 28.7633
111860 28.7539
111870 28.7381
111880 28.7195
111890 28.7023
111900 28.6897
111910 28.6832
111920 28.6826
111930 28.6864
111940 28.6896
111950 28.688
111960 28.6867
111970 28.6945
111980 28.7139
111990 28.7381
112000 28.7587
112010 28.7717
112020 28.7769
112030 28.7765
112040 28.7692
112050 28.753
112060 28.7354
112070 28.7277
112080 28.7317
112090 28.742
112100 28.7572
112110 28.7804
112120 28.8128
112130 28.8502
112140 28.887
112150 28.92
112160 28.9456
112170 28.9617
112180 28.9711
112190 28.9768
112200 28.9801
112210 28.9822
112220 28.9838
112230 28.982
112240 28.9725
112250 28.9563
112260 28.9375
112270 28.9198
112280 28.9071
112290 28.9011
112300 28.8932
112310 28.8742
112320 28.847
112330 28.8186
112340 28.7892
112350 28.7593
112360 28.7334
112370 28.7153
112380 28.7035
112390 28.6955
112400 28.6924
112410 28.6922
112420 28.6906
112430 28.6881
112440 28.6907
112450 28.7033
112460 28.725
112470 28.7544
112480 28.793
112490 28.8404
112500 28.8887
112510 28.9298
112520 28.9629
112530 28.9906
112540 29.0166
112550 29.0418
112560 29.0636
112570 29.0813
112580 29.0962
112590 29.1109
112600 29.1274
112610 29.1464
112620 29.1653
112630 29.1818
112640 29.196
112650 29.2068
112660 29.2138
112670 29.2171
112680 29.2146
112690 29.206
112700 29.1935
112710 29.1816
112720 29.1753
112730 29.1778
112740 29.1891
112750 29.2062
112760 29.2276
112770 29.2519
112780 29.2745
112790 29.2904
112800 29.2981
112810 29.2968
112820 29.2888
112830 29.2804
112840 29.2732
112850 29.2648
112860 29.258
112870 29.2582
112880 29.2651
112890 29.2777
112900 29.297
112910 29.321
112920 29.3427
112930 29.3566
112940 29.3626
112950 29.3634
112960 29.3619
112970 29.3622
112980 29.3679
112990 29.3775
113000 29.3856
113010 29.3905
113020 29.3897
113030 29.3803
113040 29.362
113050 29.3392
113060 29.3191
113070 29.308
113080 29.3095
113090 29.3244
113100 29.3524
113110 29.3938
113120 29.4497
113130 29.5187
113140 29.5948
113150 29.6651
113160 29.7159
113170 29.7422
113180 29.7492
113190 29.7466
113200 29.7444
113210 29.7492
113220 29.7623
113230 29.7822
113240 29.804
113250 29.8238
113260 29.8403
113270 29.8512
113280 29.8551
113290 29.8529
113300 29.8451
113310 29.8333
113320 29.8222
113330 29.8148
113340 29.8112
113350 29.8095
113360 29.807
113370 29.8035
113380 29.7999
113390 29.7963
113400 29.7912
113410 29.7838
113420 29.7774
113430 29.7775
113440 29.7847
113450 29.7933
113460 29.7999
113470 29.8043
113480 29.8054
113490 29.8041
113500 29.803
113510 29.8016
113520 29.7974
113530 29.7902
113540 29.7826
113550 29.7744
113560 29.7611
113570 29.7452
113580 29.734
113590 29.7282
113600 29.7269
113610 29.7318
113620 29.7416
113630 29.7506
113640 29.7565
113650 29.7571
113660 29.7517
113670 29.7448
113680 29.7377
113690 29.7257
113700 29.7092
113710 29.69
113720 29.6679
113730 29.6465
113740 29.631
113750 29.6225
113760 29.6214
113770 29.6264
113780 29.6304
113790 29.6311
113800 29.6318
113810 29.6335
113820 29.6349
113830 29.6374
113840 29.6369
113850 29.6275
113860 29.611
113870 29.59
113880 29.5658
113890 29.5413
113900 29.52
113910 29.4993
113920 29.4747
113930 29.4464
113940 29.4167
113950 29.3892
113960 29.367
113970 29.3534
113980 29.3526
113990 29.3656
114000 29.3876
114010 29.4153
114020 29.4511
114030 29.492
114040 29.5305
114050 29.5662
114060 29.6008
114070 29.6291
114080 29.6491
114090 29.6664
114100 29.687
114110 29.7117
114120 29.739
114130 29.7663
114140 29.788
114150 29.8048
114160 29.8232
114170 29.8436
114180 29.8637
114190 29.883
114200 29.8983
114210 29.9078
114220 29.9161
114230 29.9306
114240 29.954
114250 29.9861
114260 30.0265
114270 30.074
114280 30.1251
114290 30.1729
114300 30.2076
114310 30.2281
114320 30.2406
114330 30.2508
114340 30.2632
114350 30.281
114360 30.3066
114370 30.3397
114380 30.3766
114390 30.4118
114400 30.4418
114410 30.4647
114420 30.4784
114430 30.482
114440 30.4775
114450 30.4673
114460 30.4513
114470 30.4315
114480 30.4142
114490 30.4007
114500 30.3854
114510 30.366
114520 30.3435
114530 30.3208
114540 30.3042
114550 30.2991
114560 30.304
114570 30.3127
114580 30.3179
114590 30.314
114600 30.3042
114610 30.2957
114620 30.2912
114630 30.2926
114640 30.3016
114650 30.3168
114660 30.3289
114670 30.3301
114680 30.3226
114690 30.3134
114700 30.3044
114710 30.2952
114720 30.2919
114730 30.2987
114740 30.3101
114750 30.3227
114760 30.3413
114770 30.3694
114780 30.4004
114790 30.4243
114800 30.4346
114810 30.4313
114820 30.4172
114830 30.3952
114840 30.3715
114850 30.3516
114860 30.3362
114870 30.3234
114880 30.3168
114890 30.3229
114900 30.3438
114910 30.3757
114920 30.4154
114930 30.4642
114940 30.5205
114950 30.5793
114960 30.6355
114970 30.6839
114980 30.723
114990 30.7584
115000 30.795
115010 30.831
115020 30.8634
115030 30.8883
115040 30.8971
115050 30.8908
115060 30.8835
115070 30.8841
115080 30.8886
115090 30.8948
115100 30.906
115110 30.9211
115120 30.935
115130 30.9425
115140 30.9382
115150 30.9236
115160 30.9069
115170 30.8935
115180 30.8841
115190 30.8821
115200 30.8882
115210 30.8989
115220 30.9118
115230 30.9252
115240 30.9367
115250 30.9465
115260 30.9557
115270 30.9593
115280 30.9544
115290 30.9429
115300 30.9252
115310 30.8993
115320 30.8686
115330 30.8419
115340 30.8265
115350 30.8244
115360 30.8346
115370 30.8551
115380 30.8804
115390 30.9032
115400 30.9193
115410 30.9312
115420 30.9402
115430 30.9447
115440 30.9457
115450 30.9465
115460 30.9489
115470 30.9539
115480 30.9618
115490 30.9723
115500 30.988
115510 31.0124
115520 31.0457
115530 31.0843
115540 31.1206
115550 31.1481
115560 31.1654
115570 31.1727
115580 31.1706
115590 31.162
115600 31.1514
115610 31.1401
115620 31.1299
115630 31.1245
115640 31.1268
115650 31.14
115660 31.1627
115670 31.1877
115680 31.2081
115690 31.2174
115700 31.2145
115710 31.2061
115720 31.1976
115730 31.1883
115740 31.1795
115750 31.1745
115760 31.1712
115770 31.1641
115780 31.1493
115790 31.1288
115800 31.1079
115810 31.0902
115820 31.0796
115830 31.0809
115840 31.0951
115850 31.121
115860 31.1582
115870 31.2051
115880 31.2557
115890 31.304
115900 31.3465
115910 31.381
115920 31.4049
115930 31.4196
115940 31.4296
115950 31.4363
115960 31.4405
115970 31.4441
115980 31.4498
115990 31.457
116000 31.4634
116010 31.4686
116020 31.4737
116030 31.4777
116040 31.4779
116050 31.4743
116060 31.469
116070 31.4584
116080 31.4374
116090 31.406
116100 31.3664
116110 31.3241
116120 31.2838
116130 31.2465
116140 31.2133
116150 31.1882
116160 31.173
116170 31.1652
116180 31.1631
116190 31.1628
116200 31.1585
116210 31.149
116220 31.1395
116230 31.1334
116240 31.1291
116250 31.1234
116260 31.1123
116270 31.089
116280 31.0479
116290 30.99
116300 30.919
116310 30.8397
116320 30.7602
116330 30.6886
116340 30.6284
116350 30.5778
116360 30.5336
116370 30.4992
116380 30.4814
116390 30.4837
116400 30.5045
116410 30.5371
116420 30.5706
116430 30.5946
116440 30.6057
116450 30.6055
116460 30.5985
116470 30.5902
116480 30.5816
116490 30.5706
116500 30.5601
116510 30.5537
116520 30.5486
116530 30.5434
116540 30.5416
116550 30.5456
116560 30.5552
116570 30.5688
116580 30.5857
116590 30.6061
116600 30.6276
116610 30.644
116620 30.6538
116630 30.6621
116640 30.6723
116650 30.6868
116660 30.7066
116670 30.727
116680 30.741
116690 30.7489
116700 30.7519
116710 30.7525
116720 30.759
116730 30.7772
116740 30.8036
116750 30.8322
116760 30.8622
116770 30.8971
116780 30.9377
116790 30.9847
116800 31.0375
116810 31.09
116820 31.1351
116830 31.1698
116840 31.1978
116850 31.2255
116860 31.2548
116870 31.2844
116880 31.3157
116890 31.3465
116900 31.368
116910 31.3716
116920 31.355
116930 31.3214
116940 31.2753
116950 31.2226
116960 31.1702
116970 31.1223
116980 31.0773
116990 31.0333
117000 30.9921
117010 30.9569
117020 30.9298
117030 30.9114
117040 30.9006
117050 30.8948
117060 30.8922
117070 30.8922
117080 30.8896
117090 30.8784
117100 30.8617
117110 30.8444
117120 30.8266
117130 30.8086
117140 30.7934
117150 30.7808
117160 30.7688
117170 30.7565
117180 30.7475
117190 30.7457
117200 30.7524
117210 30.769
117220 30.7945
117230 30.8286
117240 30.8722
117250 30.9227
117260 30.9733
117270 31.0173
117280 31.0532
117290 31.0795
117300 31.0937
117310 31.0961
117320 31.0906
117330 31.0829
117340 31.0764
117350 31.0743
117360 31.0815
117370 31.0969
117380 31.1099
117390 31.1124
117400 31.1056
117410 31.0914
117420 31.0696
117430 31.0439
117440 31.0226
117450 31.0089
117460 31.0009
117470 30.9976
117480 30.9987
117490 31.0045
117500 31.018
117510 31.0382
117520 31.0573
117530 31.0696
117540 31.0767
117550 31.0842
117560 31.0959
117570 31.1146
117580 31.1432
117590 31.18
117600 31.2184
117610 31.2544
117620 31.2865
117630 31.3157
117640 31.3454
117650 31.38
117660 31.4199
117670 31.4616
117680 31.5023
117690 31.5405
117700 31.5711
117710 31.5887
117720 31.597
117730 31.6001
117740 31.5957
117750 31.5823
117760 31.5613
117770 31.5337
117780 31.502
117790 31.4713
117800 31.4462
117810 31.4271
117820 31.4099
117830 31.3935
117840 31.3781
117850 31.3629
117860 31.3464
117870 31.3281
117880 31.3076
117890 31.2843
117900 31.2593
117910 31.2353
117920 31.2145
117930 31.1933
117940 31.1665
117950 31.1328
117960 31.095
117970 31.0585
117980 31.0281
117990 31.0042
118000 30.9891
118010 30.9885
118020 31.0041
118030 31.0317
118040 31.07
118050 31.119
118060 31.1741
118070 31.229
118080 31.2782
118090 31.3174
118100 31.3489
118110 31.377
118120 31.3966
118130 31.4033
118140 31.398
118150 31.3807
118160 31.3533
118170 31.3219
118180 31.2918
118190 31.2673
118200 31.2556
118210 31.261
118220 31.2832
118230 31.3162
118240 31.3502
118250 31.3793
118260 31.4033
118270 31.4228
118280 31.439
118290 31.4534
118300 31.4633
118310 31.4634
118320 31.4547
118330 31.4425
118340 31.4298
118350 31.4163
118360 31.4035
118370 31.3936
118380 31.386
118390 31.3785
118400 31.3658
118410 31.3436
118420 31.3141
118430 31.2839
118440 31.2559
118450 31.23
118460 31.2097
118470 31.1958
118480 31.1861
118490 31.1786
118500 31.1739
118510 31.1742
118520 31.1798
118530 31.1891
118540 31.2024
118550 31.2223
118560 31.2469
118570 31.2695
118580 31.2894
118590 31.3111
118600 31.3332
118610 31.3519
118620 31.368
118630 31.3844
118640 31.4004
118650 31.4158
118660 31.4281
118670 31.4366
118680 31.4447
118690 31.4546
118700 31.4672
118710 31.4838
118720 31.5033
118730 31.5212
118740 31.5345
118750 31.5453
118760 31.5555
118770 31.5662
118780 31.5788
118790 31.5911
118800 31.5994
118810 31.6034
118820 31.6031
118830 31.5994
118840 31.5946
118850 31.5921
118860 31.5914
118870 31.5894
118880 31.5836
118890 31.5714
118900 31.5516
118910 31.5295
118920 31.5102
118930 31.495
118940 31.4854
118950 31.4828
118960 31.483
118970 31.4799
118980 31.4734
118990 31.4676
119000 31.4621
119010 31.4533
119020 31.4411
119030 31.4242
119040 31.3985
119050 31.3661
119060 31.3355
119070 31.3127
119080 31.3015
119090 31.3048
119100 31.3186
119110 31.3364
119120 31.3555
119130 31.3743
119140 31.3907
119150 31.4055
119160 31.4196
119170 31.4333
119180 31.4473
119190 31.4604
119200 31.4709
119210 31.4808
119220 31.4949
119230 31.5161
119240 31.5428
119250 31.5716
119260 31.599
119270 31.6228
119280 31.6454
119290 31.6683
119300 31.6871
119310 31.7021
119320 31.7192
119330 31.738
119340 31.7509
119350 31.757
119360 31.7597
119370 31.7594
119380 31.7563
119390 31.7502
119400 31.7385
119410 31.716
119420 31.6797
119430 31.6342
119440 31.5894
119450 31.5559
119460 31.5373
119470 31.5331
119480 31.5437
119490 31.564
119500 31.5846
119510 31.6023
119520 31.617
119530 31.6273
119540 31.632
119550 31.6318
119560 31.6278
119570 31.6219
119580 31.6166
119590 31.6108
119600 31.6018
119610 31.5918
119620 31.5882
119630 31.5952
119640 31.6102
119650 31.6302
119660 31.6554
119670 31.6848
119680 31.7172
119690 31.7492
119700 31.778
119710 31.8008
119720 31.8184
119730 31.8345
119740 31.8483
119750 31.8572
119760 31.8609
119770 31.8595
119780 31.852
119790 31.8389
119800 31.8227
119810 31.8043
119820 31.7828
119830 31.7563
119840 31.7245
119850 31.6903
119860 31.6601
119870 31.6398
119880 31.6283
119890 31.621
119900 31.6166
119910 31.614
119920 31.6091
119930 31.5996
119940 31.5897
119950 31.5848
119960 31.5895
119970 31.6075
119980 31.6348
119990 31.6613
120000 31.6796
120010 31.691
120020 31.6981
120030 31.7058
120040 31.7184
120050 31.7371
120060 31.7614
120070 31.7869
120080 31.8057
120090 31.8108
120100 31.8032
120110 31.7908
120120 31.7775
120130 31.7615
120140 31.7429
120150 31.7248
120160 31.7066
120170 31.6854
120180 31.6624
120190 31.6423
120200 31.6271
120210 31.6165
120220 31.6126
120230 31.6182
120240 31.6312
120250 31.6459
120260 31.6579
120270 31.6666
120280 31.6728
120290 31.6756
120300 31.6739
120310 31.6711
120320 31.6697
120330 31.6706
120340 31.6721
120350 31.6737
120360 31.6767
120370 31.6812
120380 31.6827
120390 31.6768
120400 31.6634
120410 31.6411
120420 31.6076
120430 31.5681
120440 31.5343
120450 31.5106
120460 31.4951
120470 31.4888
120480 31.4907
120490 31.4948
120500 31.496
120510 31.4914
120520 31.4838
120530 31.478
120540 31.4735
120550 31.4674
120560 31.4623
120570 31.4613
120580 31.4619
120590 31.4609
120600 31.4614
120610 31.4665
120620 31.4771
120630 31.4948
120640 31.5218
120650 31.5529
120660 31.5787
120670 31.5973
120680 31.6113
120690 31.6198
120700 31.6224
120710 31.6234
120720 31.625
120730 31.6255
120740 31.6258
120750 31.6292
120760 31.636
120770 31.6446
120780 31.6552
120790 31.6692
120800 31.6895
120810 31.7143
120820 31.7383
120830 31.7605
120840 31.7843
120850 31.8115
120860 31.8388
120870 31.8633
120880 31.8879
120890 31.9156
120900 31.9438
120910 31.97
120920 31.9972
120930 32.0259
120940 32.0544
120950 32.0836
120960 32.1083
120970 32.1191
120980 32.1159
120990 32.1057
121000 32.0938
121010 32.082
121020 32.0752
121030 32.0764
121040 32.0801
121050 32.0812
121060 32.0822
121070 32.0863
121080 32.0915
121090 32.0948
121100 32.0986
121110 32.1058
121120 32.1164
121130 32.1301
121140 32.1459
121150 32.1649
121160 32.1868
121170 32.2058
121180 32.2177
121190 32.2258
121200 32.2336
121210 32.244
121220 32.2608
121230 32.2832
121240 32.3039
121250 32.3194
121260 32.3317
121270 32.3435
121280 32.3521
121290 32.3556
121300 32.3559
121310 32.3508
121320 32.3377
121330 32.3186
121340 32.2959
121350 32.2681
121360 32.237
121370 32.2119
121380 32.1966
121390 32.1887
121400 32.1854
121410 32.1854
121420 32.1854
121430 32.184
121440 32.1839
121450 32.187
121460 32.1926
121470 32.1994
121480 32.2081
121490 32.2207
121500 32.2358
121510 32.2485
121520 32.2551
121530 32.2542
121540 32.2461
121550 32.2331
121560 32.222
121570 32.2204
121580 32.2268
121590 32.2333
121600 32.2334
121610 32.2241
121620 32.2059
121630 32.183
121640 32.1591
121650 32.1359
121660 32.113
121670 32.0882
121680 32.0626
121690 32.0418
121700 32.0307
121710 32.0319
121720 32.0427
121730 32.0572
121740 32.0742
121750 32.0932
121760 32.1112
121770 32.1258
121780 32.1364
121790 32.1439
121800 32.1532
121810 32.1661
121820 32.1799
121830 32.1915
121840 32.1975
121850 32.1976
121860 32.1988
121870 32.2109
121880 32.237
121890 32.2758
121900 32.3221
121910 32.3647
121920 32.3936
121930 32.4055
121940 32.3982
121950 32.3708
121960 32.3277
121970 32.2764
121980 32.2219
121990 32.1635
122000 32.1002
122010 32.0402
122020 31.996
122030 31.9723
122040 31.9649
122050 31.9699
122060 31.9877
122070 32.0149
122080 32.0461
122090 32.0818
122100 32.1203
122110 32.1558
122120 32.1836
122130 32.2016
122140 32.2084
122150 32.2014
122160 32.1847
122170 32.1665
122180 32.1503
122190 32.1374
122200 32.1308
122210 32.1312
122220 32.1327
122230 32.1327
122240 32.1342
122250 32.1359
122260 32.1331
122270 32.127
122280 32.1197
122290 32.1096
122300 32.0953
122310 32.0762
122320 32.0529
122330 32.031
122340 32.0166
122350 32.0082
122360 32.0056
122370 32.0106
122380 32.0192
122390 32.0256
122400 32.0265
122410 32.0213
122420 32.0072
122430 31.9835
122440 31.9559
122450 31.9308
122460 31.9135
122470 31.9092
122480 31.9183
122490 31.9334
122500 31.9492
122510 31.9656
122520 31.9794
122530 31.9853
122540 31.9814
122550 31.9677
122560 31.9459
122570 31.9226
122580 31.9025
122590 31.8829
122600 31.8601
122610 31.8349
122620 31.8126
122630 31.7981
122640 31.7909
122650 31.7874
122660 31.786
122670 31.7866
122680 31.7892
122690 31.7947
122700 31.8042
122710 31.8185
122720 31.8411
122730 31.8741
122740 31.9132
122750 31.9536
122760 31.9942
122770 32.0322
122780 32.0624
122790 32.0859
122800 32.109
122810 32.1346
122820 32.1592
122830 32.1777
122840 32.1883
122850 32.1924
122860 32.1902
122870 32.1842
122880 32.1787
122890 32.1742
122900 32.1675
122910 32.159
122920 32.1511
122930 32.1447
122940 32.1392
122950 32.136
122960 32.135
122970 32.1358
122980 32.1392
122990 32.1455
123000 32.1569
123010 32.1775
123020 32.2071
123030 32.2393
123040 32.2688
123050 32.2978
123060 32.3325
123070 32.3755
123080 32.4247
123090 32.4758
123100 32.5202
123110 32.5485
123120 32.5551
123130 32.5414
123140 32.5151
123150 32.4846
123160 32.4545
123170 32.4288
123180 32.4133
123190 32.4133
123200 32.4283
123210 32.4503
123220 32.4693
123230 32.4819
123240 32.4888
123250 32.4892
123260 32.483
123270 32.4732
123280 32.464
123290 32.4593
123300 32.4633
123310 32.4794
123320 32.505
123330 32.534
123340 32.5648
123350 32.5952
123360 32.6162
123370 32.6222
123380 32.6217
123390 32.6231
123400 32.6267
123410 32.6336
123420 32.6463
123430 32.6621
123440 32.6744
123450 32.6797
123460 32.6776
123470 32.667
123480 32.6518
123490 32.6399
123500 32.6336
123510 32.6318
123520 32.6354
123530 32.6469
123540 32.6655
123550 32.6843
123560 32.6944
123570 32.6935
123580 32.689
123590 32.6849
123600 32.6795
123610 32.6738
123620 32.6754
123630 32.6882
123640 32.7058
123650 32.7215
123660 32.7367
123670 32.756
123680 32.7792
123690 32.8057
123700 32.8343
123710 32.8614
123720 32.8887
123730 32.9207
123740 32.9551
123750 32.9859
123760 33.0117
123770 33.0369
123780 33.0641
123790 33.0962
123800 33.1356
123810 33.1766
123820 33.2107
123830 33.2336
123840 33.243
123850 33.2379
123860 33.2183
123870 33.1839
123880 33.1401
123890 33.0969
123900 33.0559
123910 33.0168
123920 32.9835
123930 32.9561
123940 32.9308
123950 32.908
123960 32.8896
123970 32.8726
123980 32.8508
123990 32.8207
124000 32.7833
124010 32.741
124020 32.6934
124030 32.643
124040 32.5933
124050 32.5477
124060 32.5116
124070 32.4898
124080 32.4834
124090 32.4883
124100 32.5002
124110 32.516
124120 32.5319
124130 32.5442
124140 32.5507
124150 32.5507
124160 32.5413
124170 32.5262
124180 32.5159
124190 32.5124
124200 32.5125
124210 32.5152
124220 32.5224
124230 32.5332
124240 32.5454
124250 32.5585
124260 32.5729
124270 32.5911
124280 32.6132
124290 32.6308
124300 32.6365
124310 32.6296
124320 32.6152
124330 32.5998
124340 32.5901
124350 32.5935
124360 32.6096
124370 32.632
124380 32.6529
124390 32.6656
124400 32.6668
124410 32.6576
124420 32.6397
124430 32.6116
124440 32.5717
124450 32.5222
124460 32.4704
124470 32.4255
124480 32.3951
124490 32.381
124500 32.3808
124510 32.391
124520 32.4071
124530 32.4242
124540 32.4398
124550 32.454
124560 32.467
124570 32.4767
124580 32.4795
124590 32.4736
124600 32.4594
124610 32.4396
124620 32.4195
124630 32.4038
124640 32.3955
124650 32.3942
124660 32.401
124670 32.4208
124680 32.4559
124690 32.5039
124700 32.5601
124710 32.6175
124720 32.6678
124730 32.7103
124740 32.7525
124750 32.7989
124760 32.8461
124770 32.8919
124780 32.9405
124790 32.9921
124800 33.0396
124810 33.0782
124820 33.1082
124830 33.1285
124840 33.1372
124850 33.1361
124860 33.1284
124870 33.1159
124880 33.1001
124890 33.084
124900 33.0703
124910 33.0569
124920 33.0386
124930 33.0145
124940 32.9875
124950 32.9545
124960 32.9141
124970 32.8772
124980 32.8521
124990 32.8384
125000 32.8347
125010 32.8403
125020 32.8512
125030 32.8627
125040 32.8741
125050 32.8855
125060 32.8975
125070 32.9097
125080 32.9202
125090 32.9271
125100 32.9282
125110 32.9236
125120 32.9181
125130 32.9179
125140 32.926
125150 32.9388
125160 32.9482
125170 32.9511
125180 32.9519
125190 32.9575
125200 32.9684
125210 32.9818
125220 32.9976
125230 33.0165
125240 33.0384
125250 33.0618
125260 33.0822
125270 33.0986
125280 33.1169
125290 33.1388
125300 33.1563
125310 33.1622
125320 33.1556
125330 33.1416
125340 33.126
125350 33.1135
125360 33.1071
125370 33.1071
125380 33.1134
125390 33.1248
125400 33.1389
125410 33.1535
125420 33.1618
125430 33.1567
125440 33.1367
125450 33.1037
125460 33.0632
125470 33.0232
125480 32.988
125490 32.9624
125500 32.9468
125510 32.9359
125520 32.9215
125530 32.8978
125540 32.8612
125550 32.8095
125560 32.7471
125570 32.6847
125580 32.632
125590 32.5934
125600 32.5685
125610 32.5552
125620 32.5468
125630 32.5361
125640 32.5208
125650 32.5023
125660 32.4864
125670 32.4756
125680 32.4671
125690 32.4561
125700 32.4437
125710 32.4332
125720 32.4252
125730 32.4211
125740 32.4261
125750 32.4417
125760 32.4654
125770 32.4968
125780 32.5386
125790 32.5863
125800 32.6269
125810 32.6521
125820 32.6625
125830 32.6584
125840 32.6391
125850 32.608
125860 32.5687
125870 32.5237
125880 32.4789
125890 32.4431
125900 32.4221
125910 32.4167
125920 32.4239
125930 32.4394
125940 32.4588
125950 32.4775
125960 32.4931
125970 32.5071
125980 32.5232
125990 32.5418
126000 32.5639
126010 32.5882
126020 32.6093
126030 32.6254
126040 32.6404
126050 32.6567
126060 32.6726
126070 32.6859
126080 32.6975
126090 32.7078
126100 32.7154
126110 32.7224
126120 32.7345
126130 32.7531
126140 32.7705
126150 32.7765
126160 32.7661
126170 32.7423
126180 32.7094
126190 32.671
126200 32.6323
126210 32.5988
126220 32.574
126230 32.558
126240 32.5484
126250 32.5405
126260 32.5336
126270 32.5299
126280 32.5282
126290 32.526
126300 32.5252
126310 32.5281
126320 32.5366
126330 32.551
126340 32.5713
126350 32.5966
126360 32.6263
126370 32.663
126380 32.7071
126390 32.7523
126400 32.7916
126410 32.8224
126420 32.8459
126430 32.8636
126440 32.8782
126450 32.8914
126460 32.9006
126470 32.9006
126480 32.8899
126490 32.8717
126500 32.852
126510 32.8372
126520 32.8292
126530 32.828
126540 32.8313
126550 32.8364
126560 32.8427
126570 32.8482
126580 32.8498
126590 32.844
126600 32.8257
126610 32.7945
126620 32.7521
126630 32.6987
126640 32.639
126650 32.5814
126660 32.5332
126670 32.5011
126680 32.4893
126690 32.4934
126700 32.5055
126710 32.5242
126720 32.5493
126730 32.5793
126740 32.6128
126750 32.6492
126760 32.686
126770 32.7206
126780 32.7494
126790 32.7692
126800 32.7787
126810 32.7791
126820 32.7721
126830 32.7619
126840 32.7506
126850 32.7386
126860 32.7288
126870 32.72
126880 32.7072
126890 32.6916
126900 32.6777
126910 32.6658
126920 32.6574
126930 32.6538
126940 32.6491
126950 32.6403
126960 32.634
126970 32.6313
126980 32.6277
126990 32.6263
127000 32.6314
127010 32.6399
127020 32.6469
127030 32.6562
127040 32.6744
127050 32.7022
127060 32.7353
127070 32.77
127080 32.8023
127090 32.8279
127100 32.8461
127110 32.8575
127120 32.8602
127130 32.8526
127140 32.8412
127150 32.8365
127160 32.8452
127170 32.8677
127180 32.8967
127190 32.9253
127200 32.9553
127210 32.9921
127220 33.0382
127230 33.0936
127240 33.1554
127250 33.217
127260 33.2721
127270 33.3192
127280 33.3606
127290 33.3979
127300 33.4309
127310 33.4589
127320 33.4825
127330 33.5017
127340 33.5157
127350 33.5253
127360 33.5327
127370 33.5369
127380 33.5326
127390 33.5202
127400 33.5089
127410 33.5063
127420 33.5119
127430 33.5238
127440 33.5393
127450 33.5571
127460 33.5761
127470 33.5933
127480 33.6064
127490 33.6149
127500 33.6183
127510 33.6159
127520 33.6104
127530 33.6072
127540 33.6084
127550 33.6127
127560 33.6165
127570 33.6179
127580 33.6181
127590 33.6179
127600 33.6181
127610 33.6193
127620 33.623
127630 33.6324
127640 33.6499
127650 33.6754
127660 33.7074
127670 33.7442
127680 33.7857
127690 33.8326
127700 33.8825
127710 33.9278
127720 33.9618
127730 33.9846
127740 34.0003
127750 34.0124
127760 34.0238
127770 34.0361
127780 34.047
127790 34.0551
127800 34.0617
127810 34.0654
127820 34.0628
127830 34.0552
127840 34.047
127850 34.0396
127860 34.0372
127870 34.0474
127880 34.0715
127890 34.1032
127900 34.1352
127910 34.1644
127920 34.1906
127930 34.2111
127940 34.2213
127950 34.2181
127960 34.2049
127970 34.1901
127980 34.1835
127990 34.189
128000 34.2033
128010 34.2229
128020 34.2449
128030 34.2645
128040 34.2794
128050 34.2902
128060 34.2966
128070 34.2977
128080 34.2933
128090 34.2825
128100 34.2687
128110 34.2593
128120 34.2544
128130 34.2479
128140 34.2366
128150 34.2237
128160 34.2096
128170 34.192
128180 34.174
128190 34.1572
128200 34.1381
128210 34.1155
128220 34.0915
128230 34.0697
128240 34.0567
128250 34.0539
128260 34.055
128270 34.0555
128280 34.0542
128290 34.0493
128300 34.0418
128310 34.0357
128320 34.0344
128330 34.0389
128340 34.0494
128350 34.0649
128360 34.0846
128370 34.1109
128380 34.1431
128390 34.1774
128400 34.2141
128410 34.2525
128420 34.2861
128430 34.3107
128440 34.3269
128450 34.3341
128460 34.3348
128470 34.3336
128480 34.332
128490 34.3277
128500 34.3205
128510 34.3112
128520 34.2996
128530 34.2871
128540 34.2766
128550 34.2715
128560 34.2705
128570 34.2717
128580 34.2769
128590 34.287
128600 34.2996
128610 34.3095
128620 34.3155
128630 34.3221
128640 34.3294
128650 34.3345
128660 34.3391
128670 34.3483
128680 34.3657
128690 34.3894
128700 34.4121
128710 34.4265
128720 34.431
128730 34.423
128740 34.3994
128750 34.3649
128760 34.3279
128770 34.2934
128780 34.2689
128790 34.2643
128800 34.2789
128810 34.3037
128820 34.3355
128830 34.3779
128840 34.4292
128850 34.4839
128860 34.54
128870 34.5975
128880 34.6526
128890 34.6974
128900 34.7279
128910 34.748
128920 34.7636
128930 34.7798
128940 34.8007
128950 34.8283
128960 34.8618
128970 34.8981
128980 34.9323
128990 34.9579
129000 34.9688
129010 34.9636
129020 34.9435
129030 34.9137
129040 34.8784
129050 34.8396
129060 34.7991
129070 34.7567
129080 34.7105
129090 34.6646
129100 34.626
129110 34.5929
129120 34.5585
129130 34.5223
129140 34.4862
129150 34.4532
129160 34.4295
129170 34.4174
129180 34.4137
129190 34.4135
129200 34.4137
129210 34.4152
129220 34.4195
129230 34.4257
129240 34.4315
129250 34.4327
129260 34.4249
129270 34.4074
129280 34.3833
129290 34.3589
129300 34.34
129310 34.3266
129320 34.3156
129330 34.3064
129340 34.3035
129350 34.3116
129360 34.3317
129370 34.3641
129380 34.4088
129390 34.4621
129400 34.5189
129410 34.5766
129420 34.6345
129430 34.6921
129440 34.7498
129450 34.8056
129460 34.8513
129470 34.8815
129480 34.8986
129490 34.9023
129500 34.8922
129510 34.8752
129520 34.8593
129530 34.8456
129540 34.8311
129550 34.8161
129560 34.8003
129570 34.7821
129580 34.7618
129590 34.7413
129600 34.7221
129610 34.7028
129620 34.683
129630 34.6675
129640 34.6642
129650 34.6739
129660 34.6896
129670 34.7052
129680 34.7148
129690 34.714
129700 34.7044
129710 34.6898
129720 34.6774
129730 34.6774
129740 34.6921
129750 34.7131
129760 34.7331
129770 34.7501
129780 34.764
129790 34.7749
129800 34.7827
129810 34.7869
129820 34.7889
129830 34.7929
129840 34.8014
129850 34.813
129860 34.8261
129870 34.8396
129880 34.8519
129890 34.8626
129900 34.8726
129910 34.8823
129920 34.8961
129930 34.9225
129940 34.9634
129950 35.0115
129960 35.0598
129970 35.1064
129980 35.1537
129990 35.2037
130000 35.2538
130010 35.3015
130020 35.3491
130030 35.4007
130040 35.4571
130050 35.515
130060 35.5679
130070 35.6094
130080 35.6355
130090 35.6466
130100 35.6483
130110 35.645
130120 35.6431
130130 35.6502
130140 35.6654
130150 35.6821
130160 35.6937
130170 35.6989
130180 35.7001
130190 35.6991
130200 35.6946
130210 35.6806
130220 35.6519
130230 35.6139
130240 35.5774
130250 35.5483
130260 35.5284
130270 35.5189
130280 35.5191
130290 35.5244
130300 35.5297
130310 35.5318
130320 35.532
130330 35.5348
130340 35.5428
130350 35.5572
130360 35.5787
130370 35.6017
130380 35.6176
130390 35.625
130400 35.6254
130410 35.6147
130420 35.5908
130430 35.561
130440 35.5343
130450 35.5168
130460 35.5134
130470 35.5265
130480 35.5533
130490 35.585
130500 35.612
130510 35.6273
130520 35.6292
130530 35.6197
130540 35.6017
130550 35.5778
130560 35.5493
130570 35.5222
130580 35.5016
130590 35.489
130600 35.4838
130610 35.4832
130620 35.4858
130630 35.4928
130640 35.5012
130650 35.5031
130660 35.4946
130670 35.4761
130680 35.4491
130690 35.419
130700 35.3964
130710 35.3869
130720 35.3853
130730 35.3853
130740 35.3856
130750 35.3863
130760 35.3841
130770 35.3768
130780 35.3667
130790 35.3546
130800 35.3427
130810 35.3363
130820 35.3362
130830 35.3393
130840 35.3413
130850 35.3407
130860 35.3382
130870 35.3341
130880 35.3304
130890 35.3298
130900 35.3324
130910 35.3372
130920 35.3413
130930 35.3395
130940 35.3334
130950 35.327
130960 35.319
130970 35.3107
130980 35.3056
130990 35.3
131000 35.2909
131010 35.2842
131020 35.2831
131030 35.2804
131040 35.2692
131050 35.2547
131060 35.2452
131070 35.2404
131080 35.2364
131090 35.2333
131100 35.2336
131110 35.2362
131120 35.2383
131130 35.2369
131140 35.2318
131150 35.2262
131160 35.2269
131170 35.2381
131180 35.2571
131190 35.2808
131200 35.3066
131210 35.3354
131220 35.3671
131230 35.3978
131240 35.4232
131250 35.4435
131260 35.4613
131270 35.4757
131280 35.488
131290 35.5056
131300 35.5339
131310 35.5687
131320 35.6061
131330 35.6453
131340 35.6844
131350 35.7207
131360 35.7498
131370 35.7677
131380 35.7754
131390 35.7752
131400 35.7624
131410 35.7348
131420 35.7006
131430 35.6692
131440 35.6404
131450 35.6126
131460 35.5873
131470 35.5656
131480 35.5496
131490 35.5406
131500 35.5345
131510 35.5264
131520 35.5144
131530 35.499
131540 35.4802
131550 35.4611
131560 35.4491
131570 35.4473
131580 35.4545
131590 35.4691
131600 35.4929
131610 35.5298
131620 35.5791
131630 35.6355
131640 35.6915
131650 35.7389
131660 35.7723
131670 35.7946
131680 35.8125
131690 35.8244
131700 35.8304
131710 35.8395
131720 35.8591
131730 35.8891
131740 35.9261
131750 35.9605
131760 35.9823
131770 35.99
131780 35.988
131790 35.9798
131800 35.9665
131810 35.9447
131820 35.9142
131830 35.8835
131840 35.8615
131850 35.8465
131860 35.8311
131870 35.8128
131880 35.7923
131890 35.7662
131900 35.7307
131910 35.6882
131920 35.6409
131930 35.5881
131940 35.5327
131950 35.482
131960 35.4429
131970 35.4164
131980 35.4043
131990 35.4072
132000 35.4196
132010 35.4352
132020 35.4534
132030 35.4731
132040 35.4901
132050 35.5025
132060 35.5091
132070 35.5066
132080 35.4929
132090 35.4704
132100 35.4447
132110 35.4232
132120 35.4112
132130 35.4101
132140 35.4221
132150 35.4465
132160 35.4767
132170 35.5075
132180 35.5359
132190 35.5573
132200 35.5691
132210 35.5725
132220 35.5677
132230 35.555
132240 35.5358
132250 35.5124
132260 35.4873
132270 35.4624
132280 35.4387
132290 35.4184
132300 35.4037
132310 35.3903
132320 35.3733
132330 35.3522
132340 35.3262
132350 35.2964
132360 35.2642
132370 35.2295
132380 35.1963
132390 35.1696
132400 35.1477
132410 35.1284
132420 35.112
132430 35.0982
132440 35.0904
132450 35.0952
132460 35.1136
132470 35.1433
132480 35.1822
132490 35.226
132500 35.2713
132510 35.3139
132520 35.3469
132530 35.3666
132540 35.3767
132550 35.3813
132560 35.3823
132570 35.3846
132580 35.3931
132590 35.407
132600 35.4219
132610 35.4363
132620 35.4488
132630 35.4558
132640 35.4572
132650 35.4544
132660 35.4447
132670 35.4261
132680 35.4039
132690 35.3826
132700 35.3634
132710 35.3472
132720 35.3325
132730 35.3158
132740 35.2957
132750 35.2737
132760 35.2534
132770 35.2376
132780 35.2265
132790 35.2191
132800 35.2162
132810 35.2151
132820 35.2096
132830 35.1995
132840 35.1898
132850 35.1814
132860 35.1733
132870 35.1697
132880 35.1761
132890 35.1907
132900 35.2086
132910 35.2254
132920 35.2347
132930 35.2342
132940 35.2287
132950 35.2225
132960 35.2186
132970 35.2218
132980 35.233
132990 35.2453
133000 35.2549
133010 35.2617
133020 35.2617
133030 35.2492
133040 35.2255
133050 35.1969
133060 35.1659
133070 35.1357
133080 35.1139
133090 35.1066
133100 35.112
133110 35.1255
133120 35.1446
133130 35.1664
133140 35.1834
133150 35.1929
133160 35.1974
133170 35.1967
133180 35.1947
133190 35.1965
133200 35.2028
133210 35.2154
133220 35.2376
133230 35.269
133240 35.3086
133250 35.3586
133260 35.4204
133270 35.4897
133280 35.5575
133290 35.6129
133300 35.6419
133310 35.6383
133320 35.6116
133330 35.5737
133340 35.5304
133350 35.4884
133360 35.4556
133370 35.4352
133380 35.4261
133390 35.4241
133400 35.4224
133410 35.4154
133420 35.4
133430 35.3778
133440 35.3527
133450 35.3284
133460 35.311
133470 35.3039
133480 35.2989
133490 35.2863
133500 35.2686
133510 35.2503
133520 35.2309
133530 35.2119
133540 35.1966
133550 35.1857
133560 35.1809
133570 35.1832
133580 35.1893
133590 35.1964
133600 35.2054
133610 35.2184
133620 35.2344
133630 35.2492
133640 35.2618
133650 35.2755
133660 35.2923
133670 35.3065
133680 35.3126
133690 35.3088
133700 35.295
133710 35.2793
133720 35.2731
133730 35.2787
133740 35.2944
133750 35.3185
133760 35.3476
133770 35.3788
133780 35.4121
133790 35.4489
133800 35.4872
133810 35.5225
133820 35.5545
133830 35.5863
133840 35.6188
133850 35.6481
133860 35.6684
133870 35.676
133880 35.6746
133890 35.6705
133900 35.6608
133910 35.6401
133920 35.6103
133930 35.5767
133940 35.5431
133950 35.5126
133960 35.4852
133970 35.4572
133980 35.4272
133990 35.4007
134000 35.3821
134010 35.3714
134020 35.3708
134030 35.3792
134040 35.3933
134050 35.4126
134060 35.4358
134070 35.46
134080 35.479
134090 35.4884
134100 35.4921
134110 35.4964
134120 35.504
134130 35.5143
134140 35.5257
134150 35.5342
134160 35.5413
134170 35.5531
134180 35.5721
134190 35.5993
134200 35.6352
134210 35.6777
134220 35.7242
134230 35.772
134240 35.8191
134250 35.8637
134260 35.8982
134270 35.9129
134280 35.9078
134290 35.893
134300 35.8791
134310 35.8692
134320 35.863
134330 35.8579
134340 35.8505
134350 35.8406
134360 35.8281
134370 35.8178
134380 35.8216
134390 35.843
134400 35.8782
134410 35.9244
134420 35.9762
134430 36.0245
134440 36.066
134450 36.0995
134460 36.1218
134470 36.1322
134480 36.1329
134490 36.1297
134500 36.1256
134510 36.1162
134520 36.1012
134530 36.0898
134540 36.091
134550 36.107
134560 36.1318
134570 36.1597
134580 36.1868
134590 36.2087
134600 36.224
134610 36.2343
134620 36.2381
134630 36.2326
134640 36.2145
134650 36.179
134660 36.127
134670 36.0668
134680 36.0084
134690 35.9576
134700 35.9186
134710 35.8936
134720 35.8819
134730 35.879
134740 35.8785
134750 35.8758
134760 35.8702
134770 35.8637
134780 35.859
134790 35.859
134800 35.8668
134810 35.8827
134820 35.9021
134830 35.9174
134840 35.9244
134850 35.9252
134860 35.9205
134870 35.9062
134880 35.8793
134890 35.8419
134900 35.8003
134910 35.7575
134920 35.7107
134930 35.6621
134940 35.6198
134950 35.5883
134960 35.5654
134970 35.5497
134980 35.5431
134990 35.5466
135000 35.5577
135010 35.5716
135020 35.5833
135030 35.5936
135040 35.6034
135050 35.6113
135060 35.6198
135070 35.632
135080 35.6478
135090 35.6643
135100 35.6784
135110 35.692
135120 35.7113
135130 35.7377
135140 35.7694
135150 35.8048
135160 35.8387
135170 35.8658
135180 35.8864
135190 35.9051
135200 35.9249
135210 35.9448
135220 35.9652
135230 35.987
135240 36.0096
135250 36.0331
135260 36.0554
135270 36.0714
135280 36.0777
135290 36.0731
135300 36.058
135310 36.0345
135320 36.0067
135330 35.979
135340 35.9534
135350 35.9291
135360 35.9025
135370 35.8725
135380 35.8422
135390 35.8125
135400 35.783
135410 35.7585
135420 35.7472
135430 35.7513
135440 35.7678
135450 35.7971
135460 35.8375
135470 35.8837
135480 35.9305
135490 35.9747
135500 36.0132
135510 36.041
135520 36.0544
135530 36.0548
135540 36.0455
135550 36.0275
135560 36.001
135570 35.9688
135580 35.9371
135590 35.9119
135600 35.897
135610 35.8934
135620 35.9011
135630 35.9161
135640 35.9321
135650 35.9465
135660 35.9597
135670 35.9714
135680 35.9811
135690 35.9882
135700 35.9896
135710 35.9838
135720 35.9734
135730 35.9629
135740 35.9553
135750 35.9507
135760 35.9508
135770 35.9547
135780 35.9569
135790 35.9566
135800 35.9586
135810 35.9659
135820 35.9756
135830 35.9843
135840 35.991
135850 35.9962
135860 36.0043
135870 36.0191
135880 36.036
135890 36.0464
135900 36.0455
135910 36.0353
135920 36.0246
135930 36.0189
135940 36.0168
135950 36.0167
135960 36.0184
135970 36.0182
135980 36.0164
135990 36.0153
136000 36.0137
136010 36.0068
136020 35.9934
136030 35.9762
136040 35.9581
136050 35.9432
136060 35.9346
136070 35.9319
136080 35.9319
136090 35.9303
136100 35.9227
136110 35.9078
136120 35.8896
136130 35.8745
136140 35.8625
136150 35.8496
136160 35.833
136170 35.814
136180 35.7976
136190 35.7873
136200 35.7798
136210 35.7714
136220 35.7635
136230 35.7584
136240 35.76
136250 35.771
136260 35.7882
136270 35.806
136280 35.8206
136290 35.8306
136300 35.8329
136310 35.8248
136320 35.8113
136330 35.8031
136340 35.8054
136350 35.8177
136360 35.8384
136370 35.8635
136380 35.8886
136390 35.9086
136400 35.9211
136410 35.9259
136420 35.9206
136430 35.9074
136440 35.8965
136450 35.8991
136460 35.9139
136470 35.9323
136480 35.9532
136490 35.9766
136500 35.9976
136510 36.0141
136520 36.0276
136530 36.034
136540 36.0284
136550 36.0139
136560 35.9956
136570 35.9772
136580 35.963
136590 35.9594
136600 35.9695
136610 35.9889
136620 36.0154
136630 36.0499
136640 36.0885
136650 36.1277
136660 36.1689
136670 36.2151
136680 36.2679
136690 36.3242
136700 36.3746
136710 36.4105
136720 36.4306
136730 36.4386
136740 36.4402
136750 36.4411
136760 36.4425
136770 36.443
136780 36.4432
136790 36.4468
136800 36.4582
136810 36.4828
136820 36.5268
136830 36.5861
136840 36.6523
136850 36.7214
136860 36.7881
136870 36.8453
136880 36.8906
136890 36.9249
136900 36.948
136910 36.9627
136920 36.9761
136930 36.9863
136940 36.9843
136950 36.9709
136960 36.9539
136970 36.936
136980 36.9187
136990 36.9069
137000 36.9047
137010 36.9104
137020 36.92
137030 36.9319
137040 36.9462
137050 36.9624
137060 36.9794
137070 36.9977
137080 37.0192
137090 37.0431
137100 37.0679
137110 37.0953
137120 37.1283
137130 37.1679
137140 37.2073
137150 37.2358
137160 37.2478
137170 37.2423
137180 37.2207
137190 37.1862
137200 37.1423
137210 37.0965
137220 37.0567
137230 37.028
137240 37.0115
137250 37.0037
137260 37.002
137270 37.0063
137280 37.0139
137290 37.0187
137300 37.0179
137310 37.0113
137320 36.9971
137330 36.9751
137340 36.9507
137350 36.9325
137360 36.9253
137370 36.9223
137380 36.911
137390 36.8866
137400 36.8535
137410 36.8176
137420 36.7837
137430 36.7565
137440 36.7386
137450 36.7302
137460 36.7311
137470 36.741
137480 36.7578
137490 36.779
137500 36.7996
137510 36.8137
137520 36.8215
137530 36.8237
137540 36.816
137550 36.799
137560 36.7774
137570 36.7535
137580 36.7293
137590 36.7074
137600 36.6898
137610 36.6794
137620 36.6789
137630 36.6861
137640 36.6971
137650 36.7111
137660 36.7285
137670 36.7452
137680 36.7551
137690 36.7564
137700 36.7507
137710 36.7385
137720 36.7213
137730 36.7047
137740 36.6937
137750 36.6874
137760 36.6848
137770 36.6891
137780 36.7007
137790 36.7136
137800 36.7221
137810 36.7263
137820 36.7299
137830 36.7323
137840 36.7282
137850 36.7188
137860 36.7115
137870 36.7112
137880 36.7209
137890 36.7437
137900 36.7769
137910 36.8096
137920 36.8337
137930 36.8489
137940 36.859
137950 36.8663
137960 36.872
137970 36.8773
137980 36.8824
137990 36.8882
138000 36.8938
138010 36.8971
138020 36.9019
138030 36.9117
138040 36.9257
138050 36.946
138060 36.9769
138070 37.019
138080 37.0712
138090 37.1324
138100 37.2015
138110 37.2714
138120 37.3311
138130 37.375
138140 37.4027
138150 37.4147
138160 37.4147
138170 37.4102
138180 37.4085
138190 37.4141
138200 37.4292
138210 37.4538
138220 37.4839
138230 37.5082
138240 37.5156
138250 37.503
138260 37.4755
138270 37.4411
138280 37.4056
138290 37.3735
138300 37.3461
138310 37.3241
138320 37.31
138330 37.3009
138340 37.2903
138350 37.2784
138360 37.2675
138370 37.2568
138380 37.2459
138390 37.2388
138400 37.2397
138410 37.2454
138420 37.2519
138430 37.2617
138440 37.2745
138450 37.2847
138460 37.2944
138470 37.3105
138480 37.3327
138490 37.3569
138500 37.3825
138510 37.4089
138520 37.4324
138530 37.4495
138540 37.4603
138550 37.4675
138560 37.4738
138570 37.4802
138580 37.4848
138590 37.4867
138600 37.4861
138610 37.48
138620 37.465
138630 37.446
138640 37.4276
138650 37.4103
138660 37.3992
138670 37.3991
138680 37.406
138690 37.4153
138700 37.4285
138710 37.4406
138720 37.4382
138730 37.4162
138740 37.3839
138750 37.3538
138760 37.3355
138770 37.3337
138780 37.3412
138790 37.3496
138800 37.3601
138810 37.3706
138820 37.3719
138830 37.3615
138840 37.3439
138850 37.3198
138860 37.2909
138870 37.2605
138880 37.2272
138890 37.1894
138900 37.1535
138910 37.127
138920 37.109
138930 37.0941
138940 37.0798
138950 37.0672
138960 37.0594
138970 37.0548
138980 37.0482
138990 37.0408
139000 37.0358
139010 37.0285
139020 37.0142
139030 36.9956
139040 36.9757
139050 36.9542
139060 36.9345
139070 36.9198
139080 36.9068
139090 36.89
139100 36.8676
139110 36.8395
139120 36.8075
139130 36.7769
139140 36.7488
139150 36.7225
139160 36.699
139170 36.6805
139180 36.6695
139190 36.6686
139200 36.675
139210 36.6815
139220 36.6828
139230 36.6784
139240 36.6701
139250 36.6585
139260 36.6449
139270 36.6338
139280 36.6275
139290 36.6257
139300 36.6327
139310 36.6526
139320 36.6793
139330 36.7021
139340 36.7159
139350 36.7224
139360 36.7247
139370 36.7261
139380 36.7296
139390 36.7388
139400 36.7553
139410 36.7739
139420 36.7882
139430 36.7995
139440 36.8109
139450 36.8209
139460 36.833
139470 36.8565
139480 36.8919
139490 36.9321
139500 36.9808
139510 37.0425
139520 37.1067
139530 37.1574
139540 37.1897
139550 37.2042
139560 37.1997
139570 37.1791
139580 37.1486
139590 37.1166
139600 37.0891
139610 37.0677
139620 37.0521
139630 37.0414
139640 37.0386
139650 37.0465
139660 37.0636
139670 37.0854
139680 37.1096
139690 37.1351
139700 37.1622
139710 37.1918
139720 37.2236
139730 37.2604
139740 37.3069
139750 37.3599
139760 37.4147
139770 37.4749
139780 37.5437
139790 37.6147
139800 37.6803
139810 37.738
139820 37.7869
139830 37.8242
139840 37.85
139850 37.8699
139860 37.8903
139870 37.9117
139880 37.9302
139890 37.9427
139900 37.9458
139910 37.9363
139920 37.9122
139930 37.874
139940 37.8252
139950 37.7709
139960 37.715
139970 37.6598
139980 37.6095
139990 37.5654
140000 37.5252
140010 37.4872
140020 37.4548
140030 37.4306
140040 37.4111
140050 37.3927
140060 37.3761
140070 37.3587
140080 37.3364
140090 37.3081
140100 37.2743
140110 37.2378
140120 37.2054
140130 37.1839
140140 37.1731
140150 37.168
140160 37.1642
140170 37.1622
140180 37.1667
140190 37.1819
140200 37.2084
140210 37.2439
140220 37.2845
140230 37.328
140240 37.3727
140250 37.4146
140260 37.4491
140270 37.4754
140280 37.4944
140290 37.5034
140300 37.4993
140310 37.483
140320 37.4596
140330 37.4396
140340 37.4349
140350 37.4479
140360 37.4721
140370 37.501
140380 37.5303
140390 37.5506
140400 37.5533
140410 37.5379
140420 37.5078
140430 37.4673
140440 37.4242
140450 37.3873
140460 37.3591
140470 37.3389
140480 37.3276
140490 37.3217
140500 37.3212
140510 37.3275
140520 37.3337
140530 37.3335
140540 37.33
140550 37.3288
140560 37.3302
140570 37.3308
140580 37.3311
140590 37.3368
140600 37.3499
140610 37.3665
140620 37.3808
140630 37.3872
140640 37.3846
140650 37.376
140660 37.367
140670 37.36
140680 37.3496
140690 37.3336
140700 37.3188
140710 37.3153
140720 37.326
140730 37.3486
140740 37.3793
140750 37.4143
140760 37.4489
140770 37.4821
140780 37.5142
140790 37.5428
140800 37.5606
140810 37.5638
140820 37.5546
140830 37.5369
140840 37.5133
140850 37.488
140860 37.466
140870 37.4463
140880 37.4295
140890 37.4231
140900 37.4303
140910 37.445
140920 37.4634
140930 37.4845
140940 37.5047
140950 37.5232
140960 37.5422
140970 37.5569
140980 37.5637
140990 37.5674
141000 37.5728
141010 37.5768
141020 37.5719
141030 37.5577
141040 37.5375
141050 37.5147
141060 37.4947
141070 37.4816
141080 37.4738
141090 37.4665
141100 37.4591
141110 37.4536
141120 37.4504
141130 37.4472
141140 37.4438
141150 37.4382
141160 37.4246
141170 37.3999
141180 37.3678
141190 37.3351
141200 37.3042
141210 37.2764
141220 37.2554
141230 37.2462
141240 37.2511
141250 37.2672
141260 37.2891
141270 37.3136
141280 37.3365
141290 37.3538
141300 37.3659
141310 37.3753
141320 37.3843
141330 37.398
141340 37.4169
141350 37.432
141360 37.4362
141370 37.4333
141380 37.4283
141390 37.4208
141400 37.4111
141410 37.404
141420 37.4001
141430 37.3981
141440 37.3988
141450 37.4045
141460 37.4155
141470 37.4324
141480 37.4565
141490 37.4839
141500 37.508
141510 37.5259
141520 37.5407
141530 37.5552
141540 37.5682
141550 37.5798
141560 37.5924
141570 37.6063
141580 37.6191
141590 37.6304
141600 37.6431
141610 37.6569
141620 37.6657
141630 37.6667
141640 37.664
141650 37.658
141660 37.6464
141670 37.6299
141680 37.611
141690 37.5914
141700 37.5753
141710 37.5665
141720 37.5609
141730 37.5491
141740 37.5286
141750 37.5045
141760 37.4814
141770 37.463
141780 37.4511
141790 37.4478
141800 37.4546
141810 37.4694
141820 37.4857
141830 37.4984
141840 37.5093
141850 37.521
141860 37.5334
141870 37.5426
141880 37.5457
141890 37.5447
141900 37.5442
141910 37.5489
141920 37.5609
141930 37.5777
141940 37.5965
141950 37.6167
141960 37.6368
141970 37.6573
141980 37.6823
141990 37.7144
142000 37.7491
142010 37.7797
142020 37.8028
142030 37.8189
142040 37.8281
142050 37.8324
142060 37.835
142070 37.8374
142080 37.8385
142090 37.8383
142100 37.8375
142110 37.8346
142120 37.8288
142130 37.8219
142140 37.8151
142150 37.803
142160 37.7821
142170 37.7587
142180 37.7399
142190 37.7306
142200 37.7313
142210 37.7362
142220 37.7418
142230 37.7486
142240 37.7552
142250 37.7584
142260 37.7585
142270 37.7569
142280 37.7514
142290 37.7408
142300 37.7313
142310 37.7253
142320 37.7217
142330 37.722
142340 37.7248
142350 37.7263
142360 37.726
142370 37.7261
142380 37.7285
142390 37.7346
142400 37.7471
142410 37.7653
142420 37.7852
142430 37.8066
142440 37.8307
142450 37.8576
142460 37.8874
142470 37.9175
142480 37.9427
142490 37.9622
142500 37.9801
142510 37.9973
142520 38.0075
142530 38.0047
142540 37.9878
142550 37.9623
142560 37.9344
142570 37.906
142580 37.8782
142590 37.8521
142600 37.829
142610 37.8124
142620 37.8092
142630 37.8224
142640 37.8459
142650 37.8754
142660 37.9104
142670 37.948
142680 37.9818
142690 38.0096
142700 38.0294
142710 38.0352
142720 38.0312
142730 38.0276
142740 38.026
142750 38.0215
142760 38.0195
142770 38.0272
142780 38.0442
142790 38.0711
142800 38.1134
142810 38.1701
142820 38.2351
142830 38.305
142840 38.376
142850 38.4406
142860 38.4935
142870 38.5363
142880 38.573
142890 38.6072
142900 38.6409
142910 38.6729
142920 38.6997
142930 38.7203
142940 38.7385
142950 38.7563
142960 38.7733
142970 38.7908
142980 38.8088
142990 38.825
143000 38.8408
143010 38.8549
143020 38.8628
143030 38.8661
143040 38.8696
143050 38.868
143060 38.852
143070 38.8208
143080 38.7808
143090 38.7389
143100 38.6995
143110 38.6663
143120 38.6411
143130 38.6221
143140 38.609
143150 38.6049
143160 38.6113
143170 38.6297
143180 38.6618
143190 38.7071
143200 38.7583
143210 38.8
143220 38.8218
143230 38.8236
143240 38.8105
143250 38.7887
143260 38.7652
143270 38.747
143280 38.7388
143290 38.7415
143300 38.7556
143310 38.7832
143320 38.8229
143330 38.866
143340 38.9051
143350 38.9406
143360 38.9743
143370 39.0064
143380 39.0357
143390 39.0618
143400 39.083
143410 39.0983
143420 39.109
143430 39.121
143440 39.1393
143450 39.1634
143460 39.1905
143470 39.217
143480 39.2375
143490 39.2533
143500 39.2696
143510 39.2884
143520 39.3111
143530 39.3416
143540 39.377
143550 39.4108
143560 39.4413
143570 39.4644
143580 39.4748
143590 39.475
143600 39.4713
143610 39.4654
143620 39.4552
143630 39.4438
143640 39.4333
143650 39.4187
143660 39.3943
143670 39.361
143680 39.3228
143690 39.2812
143700 39.2352
143710 39.1879
143720 39.1463
143730 39.1169
143740 39.0993
143750 39.0853
143760 39.0716
143770 39.0619
143780 39.0581
143790 39.0603
143800 39.0731
143810 39.0986
143820 39.1329
143830 39.1755
143840 39.2277
143850 39.2814
143860 39.3261
143870 39.3568
143880 39.3717
143890 39.3725
143900 39.3657
143910 39.3585
143920 39.3549
143930 39.3556
143940 39.3627
143950 39.3758
143960 39.3903
143970 39.4025
143980 39.411
143990 39.4152
144000 39.4168
144010 39.4173
144020 39.4152
144030 39.412
144040 39.4123
144050 39.4184
144060 39.4305
144070 39.4466
144080 39.4617
144090 39.4751
144100 39.4918
144110 39.5103
144120 39.5242
144130 39.5324
144140 39.5397
144150 39.5488
144160 39.5626
144170 39.5836
144180 39.6087
144190 39.6367
144200 39.671
144210 39.7118
144220 39.755
144230 39.7996
144240 39.8478
144250 39.8991
144260 39.9499
144270 39.9941
144280 40.027
144290 40.0471
144300 40.0545
144310 40.0501
144320 40.0408
144330 40.0308
144340 40.0213
144350 40.0167
144360 40.0171
144370 40.0144
144380 40.0043
144390 39.9932
144400 39.9892
144410 39.9912
144420 39.9896
144430 39.9759
144440 39.9541
144450 39.9332
144460 39.9171
144470 39.9055
144480 39.8981
144490 39.8982
144500 39.907
144510 39.9189
144520 39.9263
144530 39.9262
144540 39.9195
144550 39.9077
144560 39.8918
144570 39.8804
144580 39.8832
144590 39.898
144600 39.9166
144610 39.9332
144620 39.9462
144630 39.9571
144640 39.9651
144650 39.9704
144660 39.9756
144670 39.9807
144680 39.9814
144690 39.9729
144700 39.9547
144710 39.9286
144720 39.8991
144730 39.8729
144740 39.8507
144750 39.8273
144760 39.7992
144770 39.7657
144780 39.7283
144790 39.6942
144800 39.6724
144810 39.6644
144820 39.6667
144830 39.6796
144840 39.7064
144850 39.7454
144860 39.786
144870 39.8181
144880 39.8418
144890 39.8584
144900 39.866
144910 39.8663
144920 39.8682
144930 39.8781
144940 39.8958
144950 39.9208
144960 39.9517
144970 39.983
144980 40.0074
144990 40.021
145000 40.0236
145010 40.0133
145020 39.9868
145030 39.9444
145040 39.8902
145050 39.8289
145060 39.7683
145070 39.7136
145080 39.6651
145090 39.6239
145100 39.5914
145110 39.565
145120 39.5427
145130 39.5229
145140 39.5
145150 39.4696
145160 39.4369
145170 39.4101
145180 39.3952
145190 39.3982
145200 39.4234
145210 39.468
145220 39.5244
145230 39.5869
145240 39.6479
145250 39.7008
145260 39.7403
145270 39.7654
145280 39.7838
145290 39.8003
145300 39.8122
145310 39.8194
145320 39.8275
145330 39.8411
145340 39.8612
145350 39.8845
145360 39.9098
145370 39.9394
145380 39.9748
145390 40.0128
145400 40.0467
145410 40.0744
145420 40.0979
145430 40.1161
145440 40.1287
145450 40.1373
145460 40.1392
145470 40.1329
145480 40.1232
145490 40.1177
145500 40.1222
145510 40.1382
145520 40.1633
145530 40.1958
145540 40.2305
145550 40.2586
145560 40.2787
145570 40.2935
145580 40.3028
145590 40.3052
145600 40.2978
145610 40.2814
145620 40.2608
145630 40.2372
145640 40.2119
145650 40.1934
145660 40.1906
145670 40.2007
145680 40.2141
145690 40.2248
145700 40.2292
145710 40.2243
145720 40.2096
145730 40.185
145740 40.1521
145750 40.1159
145760 40.0831
145770 40.0593
145780 40.0497
145790 40.0569
145800 40.0764
145810 40.1046
145820 40.1419
145830 40.1846
145840 40.2213
145850 40.2424
145860 40.2509
145870 40.2568
145880 40.2655
145890 40.2779
145900 40.2941
145910 40.3131
145920 40.3333
145930 40.3519
145940 40.3662
145950 40.3766
145960 40.3834
145970 40.3835
145980 40.3731
145990 40.3556
146000 40.342
146010 40.3394
146020 40.3437
146030 40.3482
146040 40.356
146050 40.3746
146060 40.4084
146070 40.4537
146080 40.502
146090 40.5443
146100 40.5753
146110 40.5947
146120 40.6055
146130 40.611
146140 40.6138
146150 40.6187
146160 40.6296
146170 40.6416
146180 40.6469
146190 40.6446
146200 40.6377
146210 40.6281
146220 40.6186
146230 40.6133
146240 40.6128
146250 40.6195
146260 40.6356
146270 40.6511
146280 40.654
146290 40.6446
146300 40.632
146310 40.62
146320 40.606
146330 40.587
146340 40.5647
146350 40.5419
146360 40.5223
146370 40.5112
146380 40.5085
146390 40.5086
146400 40.5089
146410 40.5137
146420 40.525
146430 40.5389
146440 40.553
146450 40.5641
146460 40.5711
146470 40.5801
146480 40.5926
146490 40.6056
146500 40.6247
146510 40.659
146520 40.7105
146530 40.7764
146540 40.851
146550 40.9239
146560 40.9881
146570 41.0401
146580 41.0753
146590 41.0946
146600 41.1083
146610 41.123
146620 41.1385
146630 41.1544
146640 41.1698
146650 41.1845
146660 41.1998
146670 41.2156
146680 41.2274
146690 41.2337
146700 41.2373
146710 41.241
146720 41.2435
146730 41.2437
146740 41.2424
146750 41.2414
146760 41.2424
146770 41.2448
146780 41.2489
146790 41.255
146800 41.26
146810 41.2577
146820 41.2443
146830 41.221
146840 41.193
146850 41.1625
146860 41.1316
146870 41.1034
146880 41.0804
146890 41.063
146900 41.0543
146910 41.0536
146920 41.0583
146930 41.0693
146940 41.0886
146950 41.1148
146960 41.1456
146970 41.1759
146980 41.1966
146990 41.2023
147000 41.1952
147010 41.1784
147020 41.155
147030 41.1291
147040 41.1036
147050 41.0764
147060 41.0471
147070 41.0209
147080 41.001
147090 40.9826
147100 40.9603
147110 40.9342
147120 40.9007
147130 40.8532
147140 40.7944
147150 40.7339
147160 40.678
147170 40.6316
147180 40.5999
147190 40.5847
147200 40.585
147210 40.5984
147220 40.6218
147230 40.6526
147240 40.6861
147250 40.7155
147260 40.7418
147270 40.7712
147280 40.8045
147290 40.8395
147300 40.8778
147310 40.9209
147320 40.9648
147330 41.0049
147340 41.0409
147350 41.0777
147360 41.1193
147370 41.1599
147380 41.1906
147390 41.2102
147400 41.2245
147410 41.2408
147420 41.2648
147430 41.294
147440 41.3185
147450 41.3344
147460 41.3422
147470 41.3406
147480 41.3339
147490 41.3329
147500 41.3411
147510 41.3527
147520 41.3613
147530 41.3643
147540 41.3636
147550 41.3617
147560 41.3605
147570 41.3591
147580 41.3559
147590 41.3538
147600 41.3593
147610 41.3722
147620 41.3854
147630 41.3951
147640 41.3999
147650 41.3988
147660 41.3945
147670 41.3897
147680 41.3823
147690 41.3694
147700 41.3495
147710 41.3209
147720 41.2841
147730 41.2399
147740 41.1842
147750 41.1201
147760 41.0574
147770 40.9984
147780 40.9408
147790 40.8891
147800 40.8475
147810 40.8132
147820 40.7837
147830 40.7608
147840 40.7481
147850 40.7426
147860 40.7385
147870 40.7333
147880 40.7267
147890 40.7212
147900 40.72
147910 40.7247
147920 40.7366
147930 40.7566
147940 40.7806
147950 40.8046
147960 40.8294
147970 40.8566
147980 40.8856
147990 40.9132
148000 40.939
148010 40.9632
148020 40.9859
148030 41.005
148040 41.0155
148050 41.0182
148060 41.018
148070 41.0128
148080 40.9957
148090 40.9679
148100 40.9385
148110 40.9148
148120 40.9023
148130 40.9048
148140 40.919
148150 40.9379
148160 40.9589
148170 40.9837
148180 41.0095
148190 41.0301
148200 41.0468
148210 41.066
148220 41.088
148230 41.1103
148240 41.1327
148250 41.1519
148260 41.1658
148270 41.1701
148280 41.1545
148290 41.1156
148300 41.0647
148310 41.0135
148320 40.9678
148330 40.9367
148340 40.9263
148350 40.9354
148360 40.9576
148370 40.9816
148380 40.9993
148390 41.0097
148400 41.0108
148410 41.0006
148420 40.9841
148430 40.9682
148440 40.9514
148450 40.9311
148460 40.912
148470 40.9013
148480 40.8981
148490 40.895
148500 40.8882
148510 40.8796
148520 40.8693
148530 40.8564
148540 40.844
148550 40.8316
148560 40.8121
148570 40.7851
148580 40.7574
148590 40.7327
148600 40.7092
148610 40.6841
148620 40.6576
148630 40.6344
148640 40.6208
148650 40.6176
148660 40.6237
148670 40.6408
148680 40.6729
148690 40.7219
148700 40.7854
148710 40.8587
148720 40.9364
148730 41.0095
148740 41.0695
148750 41.1117
148760 41.1334
148770 41.1385
148780 41.1344
148790 41.1294
148800 41.1329
148810 41.1535
148820 41.1918
148830 41.2425
148840 41.2996
148850 41.3577
148860 41.4087
148870 41.4458
148880 41.4652
148890 41.4694
148900 41.4641
148910 41.45
148920 41.4259
148930 41.396
148940 41.3652
148950 41.3387
148960 41.3214
148970 41.3105
148980 41.3024
148990 41.3019
149000 41.3117
149010 41.3247
149020 41.338
149030 41.3571
149040 41.3823
149050 41.4068
149060 41.428
149070 41.4483
149080 41.469
149090 41.4902
149100 41.5104
149110 41.5277
149120 41.5418
149130 41.5512
149140 41.5522
149150 41.544
149160 41.5336
149170 41.5291
149180 41.5294
149190 41.5297
149200 41.5276
149210 41.5213
149220 41.512
149230 41.5011
149240 41.4893
149250 41.4749
149260 41.4583
149270 41.4455
149280 41.4393
149290 41.4336
149300 41.4247
149310 41.4119
149320 41.396
149330 41.3799
149340 41.366
149350 41.3516
149360 41.3319
149370 41.3083
149380 41.2865
149390 41.2657
149400 41.2392
149410 41.2073
149420 41.178
149430 41.1586
149440 41.153
149450 41.1584
149460 41.1663
149470 41.1701
149480 41.1665
149490 41.1548
149500 41.1401
149510 41.1307
149520 41.126
149530 41.1248
149540 41.1324
149550 41.1502
149560 41.1721
149570 41.1966
149580 41.2223
149590 41.243
149600 41.2567
149610 41.268
149620 41.2796
149630 41.2872
149640 41.2873
149650 41.2851
149660 41.2891
149670 41.2996
149680 41.3082
149690 41.3129
149700 41.3181
149710 41.3251
149720 41.3338
149730 41.3435
149740 41.3488
149750 41.3464
149760 41.3404
149770 41.3348
149780 41.3264
149790 41.3128
149800 41.2989
149810 41.2882
149820 41.2789
149830 41.2712
149840 41.2664
149850 41.2651
149860 41.268
149870 41.2733
149880 41.2787
149890 41.2782
149900 41.2674
149910 41.2493
149920 41.225
149930 41.1936
149940 41.1596
149950 41.1272
149960 41.0953
149970 41.0582
149980 41.0135
149990 40.9697
150000 40.9414
150010 40.9365
150020 40.9539
150030 40.9879
150040 41.0308
150050 41.0756
150060 41.1146
150070 41.1422
150080 41.1528
150090 41.1458
150100 41.1288
150110 41.1112
150120 41.0997
150130 41.1016
150140 41.1197
150150 41.1487
150160 41.1839
150170 41.2244
150180 41.2676
150190 41.3048
150200 41.3298
150210 41.3425
150220 41.3425
150230 41.3303
150240 41.3098
150250 41.2858
150260 41.263
150270 41.2431
150280 41.2214
150290 41.1957
150300 41.1692
150310 41.1469
150320 41.1313
150330 41.1199
150340 41.109
150350 41.099
150360 41.0939
150370 41.0947
150380 41.0989
150390 41.1046
150400 41.1102
150410 41.1143
150420 41.1162
150430 41.1129
150440 41.1015
150450 41.0849
150460 41.0677
150470 41.0562
150480 41.0596
150490 41.0834
150500 41.1213
150510 41.1596
150520 41.1906
150530 41.2189
150540 41.2485
150550 41.2778
150560 41.3052
150570 41.3285
150580 41.3458
150590 41.3572
150600 41.3635
150610 41.3659
150620 41.3657
150630 41.3623
150640 41.3544
150650 41.3462
150660 41.3432
150670 41.3452
150680 41.3494
150690 41.355
150700 41.3607
150710 41.3612
150720 41.3547
150730 41.3431
150740 41.3281
150750 41.3111
150760 41.296
150770 41.2881
150780 41.2907
150790 41.3055
150800 41.3315
150810 41.3624
150820 41.397
150830 41.4374
150840 41.4808
150850 41.5275
150860 41.5822
150870 41.6397
150880 41.6888
150890 41.7271
150900 41.7565
150910 41.7754
150920 41.7842
150930 41.788
150940 41.791
150950 41.7944
150960 41.8015
150970 41.8152
150980 41.831
150990 41.8418
151000 41.8434
151010 41.8338
151020 41.8165
151030 41.7967
151040 41.7732
151050 41.7483
151060 41.7338
151070 41.7383
151080 41.759
151090 41.789
151100 41.8193
151110 41.8376
151120 41.8414
151130 41.8354
151140 41.8224
151150 41.8051
151160 41.7865
151170 41.7673
151180 41.7473
151190 41.7296
151200 41.7172
151210 41.7109
151220 41.7114
151230 41.7162
151240 41.7182
151250 41.7139
151260 41.7084
151270 41.7094
151280 41.7175
151290 41.7331
151300 41.7569
151310 41.7857
151320 41.8179
151330 41.8563
151340 41.8998
151350 41.9452
151360 41.9895
151370 42.0249
151380 42.0442
151390 42.0483
151400 42.0414
151410 42.0289
151420 42.0174
151430 42.0126
151440 42.0165
151450 42.0295
151460 42.0525
151470 42.0817
151480 42.1105
151490 42.1323
151500 42.1412
151510 42.1361
151520 42.1225
151530 42.1091
151540 42.1009
151550 42.093
151560 42.0813
151570 42.0672
151580 42.0551
151590 42.0485
151600 42.045
151610 42.0379
151620 42.0249
151630 42.0079
151640 41.9888
151650 41.971
151660 41.9554
151670 41.9431
151680 41.9366
151690 41.9373
151700 41.9462
151710 41.9607
151720 41.9742
151730 41.9829
151740 41.9879
151750 41.9924
151760 41.9982
151770 42.0053
151780 42.0132
151790 42.0183
151800 42.0162
151810 42.009
151820 42.0051
151830 42.0094
151840 42.0223
151850 42.0418
151860 42.062
151870 42.0797
151880 42.094
151890 42.1034
151900 42.1082
151910 42.107
151920 42.0921
151930 42.0589
151940 42.0147
151950 41.9738
151960 41.9442
151970 41.929
151980 41.9278
151990 41.9387
152000 41.9589
152010 41.9898
152020 42.0306
152030 42.0719
152040 42.1089
152050 42.1491
152060 42.1959
152070 42.2396
152080 42.276
152090 42.3112
152100 42.3484
152110 42.3841
152120 42.4155
152130 42.4412
152140 42.4604
152150 42.4707
152160 42.4705
152170 42.4614
152180 42.4476
152190 42.4341
152200 42.4211
152210 42.4103
152220 42.4028
152230 42.3957
152240 42.3859
152250 42.3756
152260 42.3668
152270 42.3568
152280 42.3421
152290 42.3219
152300 42.296
152310 42.2689
152320 42.2479
152330 42.234
152340 42.2274
152350 42.2314
152360 42.2445
152370 42.2589
152380 42.2746
152390 42.2969
152400 42.3212
152410 42.3397
152420 42.356
152430 42.3737
152440 42.3901
152450 42.4052
152460 42.4226
152470 42.4406
152480 42.4564
152490 42.4701
152500 42.4791
152510 42.4815
152520 42.4842
152530 42.4937
152540 42.5101
152550 42.5286
152560 42.5452
152570 42.5572
152580 42.5646
152590 42.5713
152600 42.5787
152610 42.5867
152620 42.5954
152630 42.6074
152640 42.6219
152650 42.637
152660 42.6546
152670 42.6811
152680 42.7203
152690 42.7707
152700 42.8292
152710 42.8917
152720 42.9499
152730 43
152740 43.0458
152750 43.0891
152760 43.1228
152770 43.1419
152780 43.1511
152790 43.157
152800 43.161
152810 43.1613
152820 43.1573
152830 43.1484
152840 43.1325
152850 43.1115
152860 43.0922
152870 43.0832
152880 43.0903
152890 43.1113
152900 43.1353
152910 43.1502
152920 43.1494
152930 43.1307
152940 43.0959
152950 43.05
152960 43.0019
152970 42.9602
152980 42.9275
152990 42.903
153000 42.8834
153010 42.8656
153020 42.8452
153030 42.8159
153040 42.779
153050 42.7448
153060 42.7173
153070 42.6895
153080 42.6584
153090 42.6276
153100 42.6003
153110 42.5753
153120 42.5516
153130 42.5341
153140 42.5281
153150 42.5303
153160 42.5321
153170 42.5277
153180 42.5204
153190 42.5181
153200 42.5211
153210 42.5269
153220 42.5342
153230 42.5366
153240 42.5298
153250 42.5219
153260 42.5226
153270 42.5304
153280 42.5397
153290 42.5488
153300 42.5559
153310 42.5575
153320 42.5523
153330 42.5457
153340 42.5458
153350 42.5554
153360 42.5733
153370 42.5981
153380 42.6262
153390 42.6532
153400 42.6739
153410 42.6844
153420 42.6864
153430 42.6819
153440 42.6703
153450 42.6557
153460 42.6417
153470 42.6276
153480 42.6168
153490 42.616
153500 42.6255
153510 42.6397
153520 42.6517
153530 42.6597
153540 42.6687
153550 42.6856
153560 42.7138
153570 42.7493
153580 42.7825
153590 42.8096
153600 42.8336
153610 42.8512
153620 42.8574
153630 42.8556
153640 42.8496
153650 42.8399
153660 42.8317
153670 42.8341
153680 42.8501
153690 42.8757
153700 42.9062
153710 42.9389
153720 42.9705
153730 43.0028
153740 43.0398
153750 43.0808
153760 43.1228
153770 43.1617
153780 43.1906
153790 43.2066
153800 43.2132
153810 43.2184
153820 43.2247
153830 43.2286
153840 43.2301
153850 43.2351
153860 43.2463
153870 43.2566
153880 43.2572
153890 43.2498
153900 43.2381
153910 43.2229
153920 43.2071
153930 43.1962
153940 43.1946
153950 43.2031
153960 43.2222
153970 43.2482
153980 43.2704
153990 43.2817
154000 43.2869
154010 43.2932
154020 43.3057
154030 43.3258
154040 43.3528
154050 43.3857
154060 43.42
154070 43.449
154080 43.4717
154090 43.4905
154100 43.5071
154110 43.5207
154120 43.5296
154130 43.5341
154140 43.5366
154150 43.5346
154160 43.5288
154170 43.5267
154180 43.531
154190 43.5389
154200 43.5466
154210 43.5507
154220 43.5497
154230 43.5411
154240 43.5254
154250 43.5053
154260 43.4826
154270 43.4562
154280 43.428
154290 43.403
154300 43.3818
154310 43.3615
154320 43.342
154330 43.326
154340 43.3143
154350 43.3068
154360 43.3025
154370 43.2989
154380 43.2936
154390 43.2895
154400 43.2919
154410 43.3055
154420 43.3324
154430 43.3616
154440 43.3781
154450 43.381
154460 43.3787
154470 43.3761
154480 43.3745
154490 43.3765
154500 43.3781
154510 43.374
154520 43.3654
154530 43.3568
154540 43.3524
154550 43.3518
154560 43.3526
154570 43.3528
154580 43.3503
154590 43.344
154600 43.3366
154610 43.3301
154620 43.3272
154630 43.3327
154640 43.35
154650 43.3772
154660 43.4112
154670 43.45
154680 43.4923
154690 43.5356
154700 43.5728
154710 43.5944
154720 43.5982
154730 43.5885
154740 43.569
154750 43.5448
154760 43.5199
154770 43.496
154780 43.4754
154790 43.4589
154800 43.4425
154810 43.4241
154820 43.4084
154830 43.3983
154840 43.3893
154850 43.3787
154860 43.3702
154870 43.364
154880 43.3557
154890 43.3437
154900 43.3343
154910 43.3327
154920 43.3386
154930 43.352
154940 43.3727
154950 43.3966
154960 43.4196
154970 43.4414
154980 43.4633
154990 43.4798
155000 43.4859
155010 43.4871
155020 43.4917
155030 43.5074
155040 43.5405
155050 43.5894
155060 43.6449
155070 43.6993
155080 43.7501
155090 43.7949
155100 43.8337
155110 43.8688
155120 43.8975
155130 43.9179
155140 43.9288
155150 43.9289
155160 43.9212
155170 43.915
155180 43.9187
155190 43.9336
155200 43.9585
155210 43.9856
155220 44.0019
155230 44.0063
155240 44.0083
155250 44.0135
155260 44.0212
155270 44.029
155280 44.0357
155290 44.0408
155300 44.0436
155310 44.0437
155320 44.0411
155330 44.0331
155340 44.0176
155350 43.9977
155360 43.9796
155370 43.9681
155380 43.9661
155390 43.9776
155400 44.0012
155410 44.0296
155420 44.0528
155430 44.0641
155440 44.0654
155450 44.0604
155460 44.048
155470 44.0282
155480 44.0052
155490 43.9817
155500 43.9578
155510 43.9346
155520 43.9137
155530 43.8955
155540 43.8773
155550 43.8539
155560 43.8219
155570 43.7825
155580 43.7405
155590 43.7042
155600 43.6781
155610 43.6608
155620 43.6495
155630 43.6437
155640 43.6421
155650 43.6408
155660 43.6367
155670 43.6302
155680 43.6199
155690 43.6051
155700 43.589
155710 43.5748
155720 43.5593
155730 43.5409
155740 43.5237
155750 43.5074
155760 43.4894
155770 43.474
155780 43.4689
155790 43.4761
155800 43.4915
155810 43.5065
155820 43.5138
155830 43.5139
155840 43.51
155850 43.5033
155860 43.4962
155870 43.4873
155880 43.4756
155890 43.465
155900 43.4597
155910 43.4569
155920 43.4486
155930 43.4344
155940 43.4227
155950 43.4182
155960 43.4166
155970 43.4149
155980 43.4126
155990 43.406
156000 43.394
156010 43.3785
156020 43.3574
156030 43.3281
156040 43.2936
156050 43.2597
156060 43.2294
156070 43.2024
156080 43.1822
156090 43.1729
156100 43.1737
156110 43.1819
156120 43.1972
156130 43.2177
156140 43.2363
156150 43.246
156160 43.2437
156170 43.2287
156180 43.2081
156190 43.1889
156200 43.171
156210 43.1565
156220 43.1452
156230 43.1316
156240 43.1156
156250 43.1029
156260 43.0937
156270 43.0824
156280 43.0702
156290 43.0643
156300 43.0671
156310 43.0727
156320 43.0757
156330 43.0743
156340 43.0623
156350 43.0352
156360 42.998
156370 42.9582
156380 42.9182
156390 42.8796
156400 42.8485
156410 42.8309
156420 42.8271
156430 42.8392
156440 42.867
156450 42.9034
156460 42.9391
156470 42.9667
156480 42.9863
156490 43.002
156500 43.0186
156510 43.0417
156520 43.0778
156530 43.1223
156540 43.1638
156550 43.1975
156560 43.2244
156570 43.2447
156580 43.2598
156590 43.2747
156600 43.2931
156610 43.3154
156620 43.3413
156630 43.3714
156640 43.4068
156650 43.4488
156660 43.4916
156670 43.5292
156680 43.5696
156690 43.6202
156700 43.6745
156710 43.7241
156720 43.7686
156730 43.8088
156740 43.8432
156750 43.8744
156760 43.9064
156770 43.9408
156780 43.9764
156790 44.0104
156800 44.0405
156810 44.0671
156820 44.091
156830 44.1123
156840 44.133
156850 44.1558
156860 44.1819
156870 44.2095
156880 44.2342
156890 44.2538
156900 44.2649
156910 44.262
156920 44.2425
156930 44.2063
156940 44.1511
156950 44.0783
156960 44.0009
156970 43.9349
156980 43.8869
156990 43.8541
157000 43.8328
157010 43.8199
157020 43.8148
157030 43.8182
157040 43.8292
157050 43.8448
157060 43.8647
157070 43.8857
157080 43.9043
157090 43.921
157100 43.9363
157110 43.9515
157120 43.97
157130 43.998
157140 44.0387
157150 44.089
157160 44.1424
157170 44.1931
157180 44.2388
157190 44.275
157200 44.2995
157210 44.3165
157220 44.3277
157230 44.3312
157240 44.3254
157250 44.3116
157260 44.2943
157270 44.2783
157280 44.2652
157290 44.2549
157300 44.2486
157310 44.2468
157320 44.2442
157330 44.2371
157340 44.2301
157350 44.2266
157360 44.2253
157370 44.2264
157380 44.233
157390 44.247
157400 44.2655
157410 44.2835
157420 44.3028
157430 44.3307
157440 44.3636
157450 44.3906
157460 44.4074
157470 44.4129
157480 44.4087
157490 44.3987
157500 44.386
157510 44.3722
157520 44.3597
157530 44.3507
157540 44.3462
157550 44.3457
157560 44.3474
157570 44.3525
157580 44.3628
157590 44.3737
157600 44.3848
157610 44.4048
157620 44.4395
157630 44.4828
157640 44.5271
157650 44.5678
157660 44.5966
157670 44.6119
157680 44.622
157690 44.6346
157700 44.6546
157710 44.6849
157720 44.7224
157730 44.7651
157740 44.8143
157750 44.8655
157760 44.9092
157770 44.941
157780 44.9589
157790 44.96
157800 44.945
157810 44.92
157820 44.8903
157830 44.8602
157840 44.8323
157850 44.8078
157860 44.7891
157870 44.7756
157880 44.7615
157890 44.7452
157900 44.7302
157910 44.7175
157920 44.7056
157930 44.6955
157940 44.6846
157950 44.6663
157960 44.637
157970 44.6
157980 44.5626
157990 44.5308
158000 44.5087
158010 44.4983
158020 44.4939
158030 44.4862
158040 44.4739
158050 44.462
158060 44.4574
158070 44.4633
158080 44.4733
158090 44.4815
158100 44.4922
158110 44.5108
158120 44.5329
158130 44.5537
158140 44.5761
158150 44.601
158160 44.62
158170 44.6237
158180 44.6145
158190 44.5972
158200 44.5693
158210 44.5279
158220 44.4777
158230 44.4293
158240 44.3905
158250 44.3642
158260 44.3555
158270 44.3686
158280 44.4005
158290 44.4442
158300 44.4933
158310 44.5418
158320 44.5886
158330 44.6361
158340 44.6851
158350 44.7315
158360 44.7709
158370 44.8061
158380 44.8407
158390 44.8753
158400 44.9087
158410 44.9421
158420 44.977
158430 45.0138
158440 45.0569
158450 45.1088
158460 45.1631
158470 45.2107
158480 45.2533
158490 45.2942
158500 45.3294
158510 45.3588
158520 45.3869
158530 45.4145
158540 45.4451
158550 45.4835
158560 45.5264
158570 45.5671
158580 45.6042
158590 45.6379
158600 45.6685
158610 45.6951
158620 45.7146
158630 45.7263
158640 45.736
158650 45.7506
158660 45.767
158670 45.777
158680 45.7777
158690 45.7678
158700 45.7461
158710 45.7144
158720 45.6779
158730 45.6443
158740 45.6197
158750 45.6067
158760 45.6012
158770 45.5968
158780 45.5934
158790 45.5974
158800 45.6121
158810 45.6364
158820 45.6666
158830 45.6962
158840 45.7166
158850 45.7226
158860 45.7135
158870 45.6915
158880 45.6617
158890 45.6293
158900 45.595
158910 45.559
158920 45.5236
158930 45.4954
158940 45.4846
158950 45.496
158960 45.522
158970 45.547
158980 45.5582
158990 45.5563
159000 45.554
159010 45.56
159020 45.5733
159030 45.5935
159040 45.6231
159050 45.6602
159060 45.6955
159070 45.7192
159080 45.7282
159090 45.7275
159100 45.7231
159110 45.7118
159120 45.6899
159130 45.666
159140 45.6466
159150 45.6286
159160 45.6102
159170 45.596
159180 45.589
159190 45.5845
159200 45.5765
159210 45.5598
159220 45.5305
159230 45.4941
159240 45.4597
159250 45.4299
159260 45.4025
159270 45.3757
159280 45.3524
159290 45.3373
159300 45.3308
159310 45.3291
159320 45.3314
159330 45.3347
159340 45.331
159350 45.3183
159360 45.3031
159370 45.2882
159380 45.2704
159390 45.247
159400 45.2202
159410 45.1929
159420 45.1668
159430 45.1448
159440 45.1341
159450 45.1349
159460 45.136
159470 45.1301
159480 45.1192
159490 45.1062
159500 45.0888
159510 45.0697
159520 45.0549
159530 45.0452
159540 45.038
159550 45.0342
159560 45.033
159570 45.029
159580 45.0213
159590 45.0129
159600 45.0037
159610 44.9953
159620 44.988
159630 44.9782
159640 44.9623
159650 44.9428
159660 44.9242
159670 44.9065
159680 44.8893
159690 44.878
159700 44.8758
159710 44.881
159720 44.8942
159730 44.9197
159740 44.9574
159750 44.9999
159760 45.0338
159770 45.052
159780 45.0551
159790 45.0431
159800 45.0152
159810 44.9736
159820 44.9211
159830 44.8595
159840 44.7964
159850 44.7405
159860 44.6945
159870 44.6595
159880 44.6368
159890 44.623
159900 44.6158
159910 44.6169
159920 44.6265
159930 44.6405
159940 44.6603
159950 44.691
159960 44.7327
159970 44.7789
159980 44.8258
159990 44.8707
160000 44.9109
160010 44.9461
160020 44.9769
160030 45.0032
160040 45.0228
160050 45.0333
160060 45.0369
160070 45.0406
160080 45.0501
160090 45.0683
160100 45.0957
160110 45.1278
160120 45.1594
160130 45.1889
160140 45.2157
160150 45.2361
160160 45.2457
160170 45.2407
160180 45.223
160190 45.2025
160200 45.1904
160210 45.1857
160220 45.1778
160230 45.1647
160240 45.1508
160250 45.1354
160260 45.1134
160270 45.0864
160280 45.0562
160290 45.0199
160300 44.9815
160310 44.9534
160320 44.9425
160330 44.9491
160340 44.9716
160350 45.0015
160360 45.0275
160370 45.044
160380 45.053
160390 45.0587
160400 45.0623
160410 45.0632
160420 45.0638
160430 45.0664
160440 45.0672
160450 45.0604
160460 45.0459
160470 45.0284
160480 45.0131
160490 45.0038
160500 45.0043
160510 45.0129
160520 45.022
160530 45.029
160540 45.0362
160550 45.043
160560 45.051
160570 45.0672
160580 45.0936
160590 45.1236
160600 45.1563
160610 45.1939
160620 45.2337
160630 45.2705
160640 45.3022
160650 45.3326
160660 45.3659
160670 45.401
160680 45.4315
160690 45.4524
160700 45.4647
160710 45.4751
160720 45.488
160730 45.5005
160740 45.511
160750 45.524
160760 45.5394
160770 45.5514
160780 45.5609
160790 45.572
160800 45.5868
160810 45.606
160820 45.6271
160830 45.6476
160840 45.6691
160850 45.6906
160860 45.7069
160870 45.7172
160880 45.7241
160890 45.726
160900 45.7235
160910 45.72
160920 45.7178
160930 45.7169
160940 45.716
160950 45.7167
160960 45.7231
160970 45.7395
160980 45.7613
160990 45.7802
161000 45.7999
161010 45.8277
161020 45.8607
161030 45.896
161040 45.9362
161050 45.9825
161060 46.0298
161070 46.0707
161080 46.1004
161090 46.1164
161100 46.1175
161110 46.1063
161120 46.0899
161130 46.0722
161140 46.0534
161150 46.0374
161160 46.0333
161170 46.0436
161180 46.0616
161190 46.0817
161200 46.1035
161210 46.1267
161220 46.1471
161230 46.1633
161240 46.1813
161250 46.2101
161260 46.2495
161270 46.2909
161280 46.3226
161290 46.3409
161300 46.3482
161310 46.3455
161320 46.3336
161330 46.3164
161340 46.298
161350 46.281
161360 46.268
161370 46.2644
161380 46.275
161390 46.3022
161400 46.3473
161410 46.4071
161420 46.4694
161430 46.5206
161440 46.5547
161450 46.5733
161460 46.5838
161470 46.5938
161480 46.6083
161490 46.627
161500 46.6466
161510 46.6646
161520 46.6773
161530 46.6804
161540 46.6741
161550 46.6641
161560 46.6544
161570 46.6423
161580 46.6258
161590 46.6066
161600 46.5839
161610 46.5543
161620 46.5191
161630 46.4812
161640 46.4435
161650 46.4059
161660 46.3649
161670 46.32
161680 46.2755
161690 46.2338
161700 46.1965
161710 46.1661
161720 46.1438
161730 46.1278
161740 46.1171
161750 46.1107
161760 46.1037
161770 46.0927
161780 46.078
161790 46.0609
161800 46.0434
161810 46.03
161820 46.024
161830 46.0209
161840 46.0123
161850 45.994
161860 45.9642
161870 45.9244
161880 45.8799
161890 45.8368
161900 45.7961
161910 45.7549
161920 45.7131
161930 45.6777
161940 45.6577
161950 45.6537
161960 45.6623
161970 45.685
161980 45.7168
161990 45.7432
162000 45.7541
162010 45.7534
162020 45.7451
162030 45.729
162040 45.7113
162050 45.7026
162060 45.7055
162070 45.7159
162080 45.731
162090 45.7519
162100 45.7806
162110 45.8153
162120 45.8487
162130 45.8756
162140 45.901
162150 45.93
162160 45.9635
162170 46.0014
162180 46.0422
162190 46.0814
162200 46.1135
162210 46.1386
162220 46.1573
162230 46.163
162240 46.1487
162250 46.1191
162260 46.0859
162270 46.0545
162280 46.0295
162290 46.0186
162300 46.0231
162310 46.0356
162320 46.0489
162330 46.0613
162340 46.0732
162350 46.0822
162360 46.0839
162370 46.0794
162380 46.0745
162390 46.0732
162400 46.0769
162410 46.0891
162420 46.1101
162430 46.1374
162440 46.1679
162450 46.1957
162460 46.2184
162470 46.2365
162480 46.2509
162490 46.2628
162500 46.2719
162510 46.276
162520 46.2776
162530 46.2785
162540 46.2708
162550 46.2478
162560 46.2174
162570 46.1894
162580 46.1639
162590 46.1418
162600 46.1278
162610 46.1205
162620 46.1142
162630 46.1045
162640 46.0865
162650 46.0576
162660 46.0208
162670 45.9817
162680 45.9458
162690 45.9159
162700 45.8941
162710 45.8876
162720 45.899
162730 45.9233
162740 45.9586
162750 46.006
162760 46.0584
162770 46.1058
162780 46.1456
162790 46.1771
162800 46.1998
162810 46.2135
162820 46.2174
162830 46.2119
162840 46.2
162850 46.1848
162860 46.1713
162870 46.169
162880 46.1843
162890 46.2169
162900 46.2613
162910 46.3085
162920 46.3528
162930 46.3904
162940 46.414
162950 46.4185
162960 46.4115
162970 46.404
162980 46.3993
162990 46.3925
163000 46.3815
163010 46.371
163020 46.3627
163030 46.3523
163040 46.3389
163050 46.3286
163060 46.32
163070 46.3037
163080 46.2775
163090 46.2436
163100 46.2016
163110 46.1525
163120 46.1024
163130 46.0562
163140 46.0128
163150 45.9728
163160 45.9417
163170 45.9215
163180 45.9094
163190 45.9066
163200 45.9145
163210 45.9307
163220 45.9537
163230 45.9858
163240 46.0249
163250 46.0644
163260 46.1036
163270 46.1414
163280 46.172
163290 46.19
163300 46.1937
163310 46.1862
163320 46.1685
163330 46.1435
163340 46.1236
163350 46.1186
163360 46.1237
163370 46.1324
163380 46.1436
163390 46.1492
163400 46.1406
163410 46.1224
163420 46.1054
163430 46.0949
163440 46.0883
163450 46.0823
163460 46.0776
163470 46.0761
163480 46.0781
163490 46.0776
163500 46.064
163510 46.0317
163520 45.9884
163530 45.9463
163540 45.912
163550 45.8904
163560 45.8875
163570 45.9005
163580 45.9184
163590 45.9341
163600 45.9432
163610 45.9404
163620 45.9212
163630 45.8888
163640 45.8541
163650 45.8287
163660 45.8179
163670 45.8227
163680 45.8417
163690 45.871
163700 45.9081
163710 45.9538
163720 46.0036
163730 46.0489
163740 46.0869
163750 46.1185
163760 46.1383
163770 46.1411
163780 46.1289
163790 46.108
163800 46.0834
163810 46.0602
163820 46.042
163830 46.0291
163840 46.0214
163850 46.0167
163860 46.01
163870 45.9983
163880 45.9829
163890 45.9685
163900 45.9627
163910 45.971
163920 45.9905
163930 46.0112
163940 46.0247
163950 46.0279
163960 46.0213
163970 46.0087
163980 45.998
163990 45.9961
164000 46.0027
164010 46.0169
164020 46.0403
164030 46.071
164040 46.1049
164050 46.1395
164060 46.1734
164070 46.2044
164080 46.2262
164090 46.2351
164100 46.2345
164110 46.2282
164120 46.218
164130 46.2062
164140 46.194
164150 46.1824
164160 46.1696
164170 46.1525
164180 46.1321
164190 46.1112
164200 46.0912
164210 46.0724
164220 46.0562
164230 46.0472
164240 46.0503
164250 46.0635
164260 46.0792
164270 46.091
164280 46.0984
164290 46.1087
164300 46.1301
164310 46.1602
164320 46.1902
164330 46.211
164340 46.2165
164350 46.2092
164360 46.2027
164370 46.2081
164380 46.2232
164390 46.2412
164400 46.2579
164410 46.2711
164420 46.283
164430 46.2924
164440 46.2976
164450 46.3013
164460 46.3027
164470 46.2978
164480 46.2831
164490 46.2604
164500 46.2377
164510 46.2231
164520 46.2213
164530 46.2306
164540 46.2449
164550 46.262
164560 46.2823
164570 46.3073
164580 46.3367
164590 46.3693
164600 46.4033
164610 46.4387
164620 46.4731
164630 46.5033
164640 46.5288
164650 46.5511
164660 46.5667
164670 46.5702
164680 46.5609
164690 46.544
164700 46.5288
164710 46.527
164720 46.5438
164730 46.5682
164740 46.5906
164750 46.6132
164760 46.6374
164770 46.6576
164780 46.669
164790 46.6752
164800 46.6856
164810 46.7028
164820 46.7238
164830 46.7444
164840 46.761
164850 46.7732
164860 46.7835
164870 46.7925
164880 46.8015
164890 46.8154
164900 46.8372
164910 46.8654
164920 46.8951
164930 46.9202
164940 46.9397
164950 46.9586
164960 46.9787
164970 46.9966
164980 47.0105
164990 47.0189
165000 47.0167
165010 47.0061
165020 46.9973
165030 46.9947
165040 46.9992
165050 47.015
165060 47.0396
165070 47.0663
165080 47.0898
165090 47.1045
165100 47.1077
165110 47.1042
165120 47.0969
165130 47.0837
165140 47.0645
165150 47.0444
165160 47.0284
165170 47.0184
165180 47.0142
165190 47.0171
165200 47.032
165210 47.0605
165220 47.1
165230 47.149
165240 47.2043
165250 47.2611
165260 47.314
165270 47.3578
165280 47.3871
165290 47.3994
165300 47.3994
165310 47.3928
165320 47.3825
165330 47.3745
165340 47.3746
165350 47.3876
165360 47.4161
165370 47.4552
165380 47.4934
165390 47.5215
165400 47.5347
165410 47.5314
165420 47.5157
165430 47.4968
165440 47.4812
165450 47.4694
165460 47.4616
165470 47.458
165480 47.4568
165490 47.4568
165500 47.4594
165510 47.4652
165520 47.4723
165530 47.4798
165540 47.4872
165550 47.4937
165560 47.4984
165570 47.5012
165580 47.5019
165590 47.4998
165600 47.495
165610 47.4873
165620 47.4768
165630 47.4656
165640 47.4589
165650 47.459
165660 47.4635
165670 47.471
165680 47.4822
165690 47.4943
165700 47.5004
165710 47.4958
165720 47.4775
165730 47.4463
165740 47.4084
165750 47.3749
165760 47.3503
165770 47.3293
165780 47.3052
165790 47.2732
165800 47.2329
165810 47.1923
165820 47.1551
165830 47.1198
165840 47.0842
165850 47.0452
165860 47.0058
165870 46.9762
165880 46.9607
165890 46.9545
165900 46.9508
165910 46.9473
165920 46.9448
165930 46.9479
165940 46.9598
165950 46.9744
165960 46.985
165970 46.9933
165980 47.0041
165990 47.0213
166000 47.0429
166010 47.0625
166020 47.0778
166030 47.0872
166040 47.0853
166050 47.069
166060 47.0467
166070 47.033
166080 47.0355
166090 47.0509
166100 47.0736
166110 47.099
166120 47.123
166130 47.1465
166140 47.1787
166150 47.224
166160 47.2782
166170 47.3371
166180 47.3971
166190 47.4521
166200 47.4971
166210 47.5317
166220 47.5556
166230 47.5676
166240 47.5689
166250 47.5668
166260 47.5685
166270 47.5711
166280 47.5724
166290 47.576
166300 47.5815
166310 47.5835
166320 47.5784
166330 47.5673
166340 47.5565
166350 47.5508
166360 47.551
166370 47.5537
166380 47.5538
166390 47.5507
166400 47.5458
166410 47.535
166420 47.512
166430 47.474
166440 47.4245
166450 47.3695
166460 47.3118
166470 47.2515
166480 47.1911
166490 47.1375
166500 47.0931
166510 47.0574
166520 47.0314
166530 47.0173
166540 47.0173
166550 47.0294
166560 47.0487
166570 47.0701
166580 47.0877
166590 47.1001
166600 47.1145
166610 47.1364
166620 47.1587
166630 47.1733
166640 47.1833
166650 47.1947
166660 47.2048
166670 47.2079
166680 47.2035
166690 47.1922
166700 47.1749
166710 47.1592
166720 47.1539
166730 47.1591
166740 47.1678
166750 47.1772
166760 47.1866
166770 47.1941
166780 47.1979
166790 47.2011
166800 47.2081
166810 47.218
166820 47.2276
166830 47.2346
166840 47.2368
166850 47.2359
166860 47.2403
166870 47.2551
166880 47.2791
166890 47.3084
166900 47.3373
166910 47.3637
166920 47.3929
166930 47.4276
166940 47.4643
166950 47.5009
166960 47.5339
166970 47.5565
166980 47.565
166990 47.5591
167000 47.5444
167010 47.5292
167020 47.519
167030 47.5178
167040 47.5271
167050 47.5479
167060 47.5806
167070 47.6237
167080 47.6757
167090 47.7288
167100 47.7725
167110 47.8058
167120 47.8364
167130 47.8649
167140 47.8857
167150 47.9
167160 47.9111
167170 47.9134
167180 47.903
167190 47.8865
167200 47.8702
167210 47.8551
167220 47.8404
167230 47.8248
167240 47.806
167250 47.779
167260 47.7378
167270 47.6832
167280 47.6249
167290 47.5759
167300 47.5467
167310 47.538
167320 47.5463
167330 47.5692
167340 47.6018
167350 47.6396
167360 47.681
167370 47.7256
167380 47.7728
167390 47.8204
167400 47.8688
167410 47.9192
167420 47.9673
167430 48.0053
167440 48.0343
167450 48.0603
167460 48.0854
167470 48.1108
167480 48.1373
167490 48.1646
167500 48.1911
167510 48.2131
167520 48.2276
167530 48.236
167540 48.248
167550 48.2714
167560 48.3027
167570 48.3388
167580 48.3813
167590 48.4295
167600 48.4775
167610 48.5211
167620 48.5573
167630 48.5806
167640 48.5869
167650 48.577
167660 48.5599
167670 48.5548
167680 48.5744
167690 48.62
167700 48.6877
167710 48.772
167720 48.8627
167730 48.9489
167740 49.0217
167750 49.0777
167760 49.1171
167770 49.1421
167780 49.1554
167790 49.1634
167800 49.1752
167810 49.1948
167820 49.2207
167830 49.2447
167840 49.2611
167850 49.2732
167860 49.2825
167870 49.2832
167880 49.2734
167890 49.257
167900 49.2344
167910 49.2068
167920 49.1789
167930 49.1527
167940 49.126
167950 49.1004
167960 49.0802
167970 49.0683
167980 49.0667
167990 49.0762
168000 49.0903
168010 49.102
168020 49.1104
168030 49.1171
168040 49.124
168050 49.1338
168060 49.1438
168070 49.1422
168080 49.1233
168090 49.0916
168100 49.0553
168110 49.0195
168120 48.9858
168130 48.953
168140 48.9233
168150 48.8991
168160 48.8783
168170 48.8563
168180 48.8286
168190 48.7979
168200 48.7714
168210 48.7527
168220 48.7402
168230 48.7322
168240 48.7294
168250 48.7314
168260 48.7337
168270 48.7311
168280 48.7236
168290 48.7124
168300 48.6979
168310 48.6832
168320 48.6737
168330 48.6714
168340 48.6763
168350 48.6866
168360 48.6955
168370 48.6985
168380 48.6966
168390 48.6909
168400 48.6839
168410 48.6821
168420 48.6871
168430 48.6975
168440 48.7146
168450 48.7362
168460 48.7569
168470 48.7753
168480 48.7879
168490 48.7884
168500 48.7762
168510 48.7556
168520 48.7303
168530 48.7037
168540 48.6782
168550 48.657
168560 48.6446
168570 48.6458
168580 48.6626
168590 48.6937
168600 48.7323
168610 48.7697
168620 48.8022
168630 48.8236
168640 48.8283
168650 48.8213
168660 48.811
168670 48.8016
168680 48.7959
168690 48.796
168700 48.7991
168710 48.8036
168720 48.8092
168730 48.8128
168740 48.8148
168750 48.8186
168760 48.8203
168770 48.8171
168780 48.8136
168790 48.8138
168800 48.8151
168810 48.8095
168820 48.7915
168830 48.7648
168840 48.7377
168850 48.7142
168860 48.6935
168870 48.6783
168880 48.6703
168890 48.6642
168900 48.656
168910 48.6486
168920 48.6435
168930 48.6365
168940 48.6257
168950 48.6166
168960 48.6163
168970 48.6254
168980 48.6407
168990 48.6586
169000 48.6756
169010 48.6902
169020 48.6987
169030 48.6979
169040 48.6884
169050 48.6723
169060 48.6524
169070 48.6319
169080 48.6138
169090 48.5971
169100 48.5778
169110 48.5559
169120 48.5411
169130 48.546
169140 48.571
169150 48.6081
169160 48.655
169170 48.7104
169180 48.7613
169190 48.7965
169200 48.8195
169210 48.8368
169220 48.8531
169230 48.8727
169240 48.891
169250 48.9036
169260 48.9172
169270 48.939
169280 48.9708
169290 49.0096
169300 49.0473
169310 49.0748
169320 49.0903
169330 49.0981
169340 49.1007
169350 49.0995
169360 49.0963
169370 49.09
169380 49.0794
169390 49.0668
169400 49.0559
169410 49.0488
169420 49.0447
169430 49.0494
169440 49.0735
169450 49.1125
169460 49.1499
169470 49.1773
169480 49.1929
169490 49.1985
169500 49.2
169510 49.2026
169520 49.2074
169530 49.2142
169540 49.2224
169550 49.2322
169560 49.242
169570 49.2481
169580 49.2466
169590 49.2328
169600 49.2072
169610 49.1752
169620 49.1417
169630 49.1069
169640 49.071
169650 49.0392
169660 49.017
169670 49.0078
169680 49.0128
169690 49.0287
169700 49.0484
169710 49.0713
169720 49.0997
169730 49.1276
169740 49.1473
169750 49.1589
169760 49.1613
169770 49.1536
169780 49.1415
169790 49.1314
169800 49.1217
169810 49.112
169820 49.1089
169830 49.1116
169840 49.1133
169850 49.1124
169860 49.112
169870 49.1105
169880 49.1045
169890 49.0916
169900 49.073
169910 49.0542
169920 49.0412
169930 49.0386
169940 49.0489
169950 49.0679
169960 49.0877
169970 49.1038
169980 49.1157
169990 49.1218
170000 49.125
170010 49.1338
170020 49.1525
170030 49.1783
170040 49.2089
170050 49.2452
170060 49.2884
170070 49.3389
170080 49.39
170090 49.4312
170100 49.4636
170110 49.491
170120 49.5096
170130 49.5181
170140 49.5226
170150 49.5293
170160 49.541
170170 49.5572
170180 49.571
170190 49.5755
170200 49.5753
170210 49.5772
170220 49.5812
170230 49.5844
170240 49.5835
170250 49.5758
170260 49.5609
170270 49.5436
170280 49.5271
170290 49.5132
170300 49.5025
170310 49.4911
170320 49.4793
170330 49.4732
170340 49.4703
170350 49.459
170360 49.4397
170370 49.4251
170380 49.4194
170390 49.4174
170400 49.4156
170410 49.4079
170420 49.3874
170430 49.354
170440 49.316
170450 49.2828
170460 49.2555
170470 49.2265
170480 49.1928
170490 49.1625
170500 49.1461
170510 49.1491
170520 49.1724
170530 49.2106
170540 49.2539
170550 49.2981
170560 49.3389
170570 49.3709
170580 49.3939
170590 49.4104
170600 49.42
170610 49.4199
170620 49.4111
170630 49.3959
170640 49.373
170650 49.3471
170660 49.3298
170670 49.3281
170680 49.3408
170690 49.3638
170700 49.3899
170710 49.4093
170720 49.4138
170730 49.4062
170740 49.3954
170750 49.3851
170760 49.371
170770 49.3494
170780 49.3261
170790 49.3058
170800 49.2888
170810 49.2775
170820 49.276
170830 49.2853
170840 49.3039
170850 49.3301
170860 49.3595
170870 49.3933
170880 49.4389
170890 49.4928
170900 49.5413
170910 49.5789
170920 49.6121
170930 49.6497
170940 49.6956
170950 49.75
170960 49.8091
170970 49.8663
170980 49.9186
170990 49.965
171000 50.0017
171010 50.0256
171020 50.0375
171030 50.0391
171040 50.0329
171050 50.0241
171060 50.0128
171070 49.9967
171080 49.9774
171090 49.9569
171100 49.9362
171110 49.9187
171120 49.9096
171130 49.9059
171140 49.8981
171150 49.8828
171160 49.8642
171170 49.8462
171180 49.8325
171190 49.8256
171200 49.8244
171210 49.8274
171220 49.8305
171230 49.826
171240 49.814
171250 49.7987
171260 49.7785
171270 49.7566
171280 49.7375
171290 49.7212
171300 49.711
171310 49.7075
171320 49.7044
171330 49.6976
171340 49.6874
171350 49.6727
171360 49.6525
171370 49.6298
171380 49.6069
171390 49.5815
171400 49.5522
171410 49.5225
171420 49.4969
171430 49.4759
171440 49.4578
171450 49.4426
171460 49.4294
171470 49.4179
171480 49.4125
171490 49.4195
171500 49.4363
171510 49.4564
171520 49.475
171530 49.4891
171540 49.4994
171550 49.5115
171560 49.5323
171570 49.5599
171580 49.5887
171590 49.6182
171600 49.6437
171610 49.6552
171620 49.6493
171630 49.6337
171640 49.6148
171650 49.5917
171660 49.5614
171670 49.5258
171680 49.488
171690 49.4485
171700 49.4093
171710 49.3732
171720 49.3457
171730 49.3284
171740 49.3177
171750 49.311
171760 49.309
171770 49.3123
171780 49.3164
171790 49.3198
171800 49.3295
171810 49.348
171820 49.3712
171830 49.3941
171840 49.4135
171850 49.4313
171860 49.4512
171870 49.476
171880 49.5048
171890 49.5348
171900 49.5618
171910 49.5826
171920 49.596
171930 49.6007
171940 49.595
171950 49.5807
171960 49.5662
171970 49.5613
171980 49.5736
171990 49.6103
172000 49.6691
172010 49.7318
172020 49.7822
172030 49.8193
172040 49.8406
172050 49.8409
172060 49.8234
172070 49.7985
172080 49.7734
172090 49.754
172100 49.7481
172110 49.7608
172120 49.7908
172130 49.8343
172140 49.8826
172150 49.9269
172160 49.9674
172170 50.0066
172180 50.0405
172190 50.0648
172200 50.0807
172210 50.0897
172220 50.0903
172230 50.0856
172240 50.0823
172250 50.0852
172260 50.0945
172270 50.1067
172280 50.1181
172290 50.127
172300 50.1341
172310 50.1396
172320 50.1428
172330 50.1428
172340 50.1422
172350 50.1495
172360 50.1721
172370 50.2055
172380 50.2402
172390 50.2748
172400 50.3138
172410 50.357
172420 50.4022
172430 50.4498
172440 50.4977
172450 50.5404
172460 50.5722
172470 50.5894
172480 50.589
172490 50.5691
172500 50.5354
172510 50.5022
172520 50.4784
172530 50.4589
172540 50.4361
172550 50.4097
172560 50.3852
172570 50.3685
172580 50.3591
172590 50.3508
172600 50.3407
172610 50.3287
172620 50.3131
172630 50.2957
172640 50.2839
172650 50.2819
172660 50.2852
172670 50.2899
172680 50.2977
172690 50.3102
172700 50.3274
172710 50.3515
172720 50.3829
172730 50.4171
172740 50.4475
172750 50.4712
172760 50.4928
172770 50.5137
172780 50.529
172790 50.5334
172800 50.5269
172810 50.5086
172820 50.4775
172830 50.4397
172840 50.402
172850 50.3685
172860 50.3421
172870 50.3254
172880 50.32
172890 50.3218
172900 50.3239
172910 50.3228
172920 50.3135
172930 50.2897
172940 50.249
172950 50.1981
172960 50.1498
172970 50.1149
172980 50.0957
172990 50.0946
173000 50.1124
173010 50.1426
173020 50.1735
173030 50.1958
173040 50.2029
173050 50.1968
173060 50.1856
173070 50.1729
173080 50.1568
173090 50.1381
173100 50.1207
173110 50.107
173120 50.0984
173130 50.0976
173140 50.106
173150 50.1208
173160 50.1417
173170 50.1712
173180 50.2084
173190 50.248
173200 50.2837
173210 50.3135
173220 50.3427
173230 50.3761
173240 50.407
173250 50.4273
173260 50.4446
173270 50.4697
173280 50.4981
173290 50.522
173300 50.5435
173310 50.568
173320 50.595
173330 50.6196
173340 50.6352
173350 50.6407
173360 50.639
173370 50.6316
173380 50.6204
173390 50.608
173400 50.5947
173410 50.5831
173420 50.581
173430 50.595
173440 50.6225
173450 50.6519
173460 50.6731
173470 50.6813
173480 50.6775
173490 50.6681
173500 50.6612
173510 50.6612
173520 50.6657
173530 50.6709
173540 50.6751
173550 50.6773
173560 50.6779
173570 50.6778
173580 50.6761
173590 50.6723
173600 50.6683
173610 50.6677
173620 50.6723
173630 50.6822
173640 50.6982
173650 50.7243
173660 50.7613
173670 50.7994
173680 50.8304
173690 50.856
173700 50.8776
173710 50.8885
173720 50.8838
173730 50.8679
173740 50.8509
173750 50.8396
173760 50.8387
173770 50.8525
173780 50.8827
173790 50.927
173800 50.9812
173810 51.0399
173820 51.0932
173830 51.1339
173840 51.1616
173850 51.1763
173860 51.1753
173870 51.1554
173880 51.1238
173890 51.0935
173900 51.0695
173910 51.0533
173920 51.0465
173930 51.0466
173940 51.0502
173950 51.0607
173960 51.0816
173970 51.1142
173980 51.1553
173990 51.198
174000 51.2368
174010 51.2701
174020 51.2947
174030 51.3067
174040 51.3072
174050 51.2975
174060 51.2775
174070 51.2544
174080 51.2369
174090 51.2265
174100 51.2197
174110 51.2191
174120 51.2277
174130 51.2402
174140 51.2495
174150 51.2555
174160 51.2603
174170 51.2615
174180 51.2609
174190 51.2619
174200 51.2626
174210 51.2591
174220 51.251
174230 51.2395
174240 51.2267
174250 51.2135
174260 51.1962
174270 51.1722
174280 51.1463
174290 51.1246
174300 51.1077
174310 51.0939
174320 51.0828
174330 51.0713
174340 51.056
174350 51.0356
174360 51.0118
174370 50.987
174380 50.9618
174390 50.9378
174400 50.9161
174410 50.893
174420 50.8635
174430 50.8294
174440 50.7964
174450 50.7655
174460 50.7387
174470 50.7186
174480 50.7005
174490 50.6818
174500 50.6663
174510 50.6535
174520 50.6412
174530 50.6366
174540 50.6456
174550 50.6583
174560 50.6662
174570 50.6709
174580 50.6714
174590 50.6621
174600 50.6436
174610 50.6203
174620 50.5943
174630 50.5706
174640 50.5593
174650 50.5675
174660 50.5959
174670 50.6401
174680 50.6905
174690 50.7367
174700 50.7749
174710 50.8029
174720 50.8203
174730 50.832
174740 50.8461
174750 50.8664
174760 50.8897
174770 50.9142
174780 50.9421
174790 50.9692
174800 50.9915
174810 51.0114
174820 51.0322
174830 51.0555
174840 51.0833
174850 51.1168
174860 51.1551
174870 51.1981
174880 51.2413
174890 51.2738
174900 51.2921
174910 51.3024
174920 51.3086
174930 51.3109
174940 51.3081
174950 51.2993
174960 51.2869
174970 51.2785
174980 51.2814
174990 51.2964
175000 51.3171
175010 51.338
175020 51.3558
175030 51.3677
175040 51.3749
175050 51.3839
175060 51.3987
175070 51.419
175080 51.443
175090 51.4712
175100 51.5056
175110 51.541
175120 51.5685
175130 51.5898
175140 51.6124
175150 51.6346
175160 51.648
175170 51.6491
175180 51.6396
175190 51.6233
175200 51.6081
175210 51.6009
175220 51.6016
175230 51.6073
175240 51.6122
175250 51.6108
175260 51.6025
175270 51.589
175280 51.5694
175290 51.5445
175300 51.5186
175310 51.4944
175320 51.4701
175330 51.4461
175340 51.4306
175350 51.4268
175360 51.4274
175370 51.4249
175380 51.4202
175390 51.4147
175400 51.4073
175410 51.3961
175420 51.3804
175430 51.3608
175440 51.3373
175450 51.3133
175460 51.2952
175470 51.2828
175480 51.2746
175490 51.2691
175500 51.2649
175510 51.2574
175520 51.2432
175530 51.2254
175540 51.2087
175550 51.1949
175560 51.1837
175570 51.1749
175580 51.1638
175590 51.1448
175600 51.1141
175610 51.0711
175620 51.023
175630 50.981
175640 50.9511
175650 50.9298
175660 50.9073
175670 50.8797
175680 50.8521
175690 50.8283
175700 50.8061
175710 50.7836
175720 50.7585
175730 50.7296
175740 50.7008
175750 50.6753
175760 50.6527
175770 50.633
175780 50.617
175790 50.6068
175800 50.608
175810 50.6224
175820 50.6438
175830 50.6657
175840 50.683
175850 50.6924
175860 50.6911
175870 50.68
175880 50.6654
175890 50.6513
175900 50.6427
175910 50.6433
175920 50.6494
175930 50.6599
175940 50.6805
175950 50.7112
175960 50.7492
175970 50.7953
175980 50.8508
175990 50.9102
176000 50.9632
176010 50.9991
176020 51.0146
176030 51.0156
176040 51.0073
176050 50.9921
176060 50.9773
176070 50.974
176080 50.9873
176090 51.0156
176100 51.0545
176110 51.0984
176120 51.1405
176130 51.1773
176140 51.2109
176150 51.2426
176160 51.2704
176170 51.2928
176180 51.3129
176190 51.3338
176200 51.357
176210 51.3856
176220 51.4183
176230 51.4473
176240 51.4646
176250 51.4683
176260 51.4594
176270 51.4382
176280 51.4093
176290 51.3803
176300 51.3582
176310 51.3482
176320 51.3515
176330 51.3639
176340 51.3773
176350 51.3844
176360 51.3827
176370 51.3714
176380 51.3504
176390 51.3209
176400 51.2847
176410 51.2416
176420 51.1963
176430 51.1565
176440 51.1254
176450 51.1028
176460 51.0888
176470 51.083
176480 51.0843
176490 51.089
176500 51.0953
176510 51.1048
176520 51.1137
176530 51.1168
176540 51.1164
176550 51.1169
176560 51.1185
176570 51.1203
176580 51.1284
176590 51.1476
176600 51.1767
176610 51.212
176620 51.2489
176630 51.2797
176640 51.2955
176650 51.2925
176660 51.2728
176670 51.2436
176680 51.2158
176690 51.1993
176700 51.2013
176710 51.2221
176720 51.256
176730 51.3001
176740 51.3482
176750 51.3876
176760 51.413
176770 51.4267
176780 51.4278
176790 51.4199
176800 51.4092
176810 51.398
176820 51.3881
176830 51.3838
176840 51.3859
176850 51.3934
176860 51.4061
176870 51.4251
176880 51.452
176890 51.4822
176900 51.5043
176910 51.5119
176920 51.5095
176930 51.5012
176940 51.4864
176950 51.4663
176960 51.4468
176970 51.4347
176980 51.4383
176990 51.4617
177000 51.5005
177010 51.5464
177020 51.5965
177030 51.6486
177040 51.6988
177050 51.742
177060 51.7715
177070 51.7824
177080 51.7758
177090 51.7569
177100 51.7296
177110 51.6988
177120 51.673
177130 51.6636
177140 51.6777
177150 51.7106
177160 51.7515
177170 51.7976
177180 51.8488
177190 51.8976
177200 51.9345
177210 51.9564
177220 51.9698
177230 51.9813
177240 51.9937
177250 52.0134
177260 52.0455
177270 52.0844
177280 52.1229
177290 52.1591
177300 52.1921
177310 52.2218
177320 52.2495
177330 52.2758
177340 52.3002
177350 52.3213
177360 52.3392
177370 52.355
177380 52.3635
177390 52.3611
177400 52.3566
177410 52.3569
177420 52.3605
177430 52.3702
177440 52.394
177450 52.4276
177460 52.4611
177470 52.4893
177480 52.5057
177490 52.5055
177500 52.4915
177510 52.4643
177520 52.4176
177530 52.3514
177540 52.2743
177550 52.1938
177560 52.1153
177570 52.0458
177580 51.9929
177590 51.9581
177600 51.9385
177610 51.9306
177620 51.9286
177630 51.9244
177640 51.9131
177650 51.8967
177660 51.8806
177670 51.8735
177680 51.8836
177690 51.9104
177700 51.9452
177710 51.9856
177720 52.0384
177730 52.1035
177740 52.1729
177750 52.2418
177760 52.3064
177770 52.3594
177780 52.3972
177790 52.4206
177800 52.4324
177810 52.4329
177820 52.4232
177830 52.4079
177840 52.3889
177850 52.362
177860 52.3247
177870 52.2833
177880 52.2416
177890 52.196
177900 52.1506
177910 52.1166
177920 52.0998
177930 52.0967
177940 52.1052
177950 52.1247
177960 52.1468
177970 52.1592
177980 52.1569
177990 52.1436
178000 52.1212
178010 52.0939
178020 52.0714
178030 52.0564
178040 52.0399
178050 52.016
178060 51.989
178070 51.9628
178080 51.9373
178090 51.9128
178100 51.8913
178110 51.875
178120 51.8639
178130 51.8543
178140 51.8417
178150 51.8258
178160 51.8079
178170 51.7894
178180 51.7745
178190 51.7704
178200 51.78
178210 51.7964
178220 51.8113
178230 51.8211
178240 51.8248
178250 51.8233
178260 51.8201
178270 51.8192
178280 51.8182
178290 51.8105
178300 51.7945
178310 51.774
178320 51.7524
178330 51.7319
178340 51.716
178350 51.7064
178360 51.6987
178370 51.6913
178380 51.6871
178390 51.6833
178400 51.6723
178410 51.65
178420 51.6138
178430 51.5627
178440 51.5004
178450 51.4332
178460 51.3668
178470 51.3074
178480 51.2612
178490 51.2353
178500 51.2324
178510 51.2483
178520 51.2758
178530 51.3068
178540 51.334
178550 51.3504
178560 51.3529
178570 51.3465
178580 51.3356
178590 51.32
178600 51.3001
178610 51.2789
178620 51.2625
178630 51.2561
178640 51.2602
178650 51.2749
178660 51.2947
178670 51.3085
178680 51.3113
178690 51.3042
178700 51.2888
178710 51.2672
178720 51.249
178730 51.2432
178740 51.2521
178750 51.2731
178760 51.3027
178770 51.3322
178780 51.3525
178790 51.3586
178800 51.3515
178810 51.3353
178820 51.3169
178830 51.3022
178840 51.2901
178850 51.2727
178860 51.2483
178870 51.2267
178880 51.2168
178890 51.2211
178900 51.2439
178910 51.2875
178920 51.3448
178930 51.4067
178940 51.4679
178950 51.5198
178960 51.5535
178970 51.5692
178980 51.5731
178990 51.5714
179000 51.5663
179010 51.5597
179020 51.5574
179030 51.5616
179040 51.5655
179050 51.5649
179060 51.5644
179070 51.5619
179080 51.5506
179090 51.5326
179100 51.5138
179110 51.501
179120 51.4995
179130 51.5055
179140 51.5091
179150 51.5054
179160 51.4989
179170 51.4948
179180 51.4934
179190 51.4961
179200 51.5051
179210 51.5198
179220 51.5371
179230 51.5574
179240 51.581
179250 51.6067
179260 51.6346
179270 51.6611
179280 51.6813
179290 51.6993
179300 51.7232
179310 51.7558
179320 51.793
179330 51.8262
179340 51.8499
179350 51.8624
179360 51.8652
179370 51.8629
179380 51.861
179390 51.8655
179400 51.8774
179410 51.8927
179420 51.9073
179430 51.9163
179440 51.9135
179450 51.8979
179460 51.8756
179470 51.8493
179480 51.8158
179490 51.777
179500 51.7439
179510 51.7249
179520 51.7198
179530 51.7291
179540 51.7507
179550 51.7782
179560 51.8095
179570 51.8449
179580 51.8784
179590 51.907
179600 51.9357
179610 51.9672
179620 51.9951
179630 52.0143
179640 52.0296
179650 52.0481
179660 52.0703
179670 52.0937
179680 52.1192
179690 52.1434
179700 52.1541
179710 52.1443
179720 52.1221
179730 52.1013
179740 52.0878
179750 52.0795
179760 52.0734
179770 52.0669
179780 52.0529
179790 52.0253
179800 51.9894
179810 51.955
179820 51.932
179830 51.9242
179840 51.9277
179850 51.9386
179860 51.9568
179870 51.9852
179880 52.0264
179890 52.0778
179900 52.1294
179910 52.1726
179920 52.2026
179930 52.2162
179940 52.215
179950 52.2047
179960 52.1929
179970 52.1871
179980 52.1926
179990 52.2055
180000 52.2176
180010 52.2258
180020 52.2282
180030 52.2264
180040 52.2285
180050 52.2424
180060 52.2668
180070 52.2984
180080 52.3315
180090 52.3581
180100 52.3717
180110 52.3707
180120 52.3602
180130 52.3496
180140 52.3437
180150 52.3409
180160 52.338
180170 52.3304
180180 52.3115
180190 52.2801
180200 52.2437
180210 52.2071
180220 52.1741
180230 52.1565
180240 52.1635
180250 52.1872
180260 52.215
180270 52.2399
180280 52.2557
180290 52.2621
180300 52.2656
180310 52.269
180320 52.2689
180330 52.2674
180340 52.2721
180350 52.2805
180360 52.2822
180370 52.2695
180380 52.2415
180390 52.1979
180400 52.1385
180410 52.068
180420 51.9971
180430 51.9367
180440 51.8955
180450 51.8716
180460 51.8562
180470 51.8439
180480 51.8363
180490 51.8358
180500 51.8435
180510 51.8612
180520 51.8866
180530 51.9089
180540 51.9219
180550 51.928
180560 51.9311
180570 51.9353
180580 51.9497
180590 51.9793
180600 52.0205
180610 52.0691
180620 52.1168
180630 52.1509
180640 52.1622
180650 52.1532
180660 52.1311
180670 52.0991
180680 52.0645
180690 52.0436
180700 52.048
180710 52.0771
180720 52.1209
180730 52.1651
180740 52.1987
180750 52.2177
180760 52.2261
180770 52.2318
180780 52.2425
180790 52.2611
180800 52.2839
180810 52.3051
180820 52.3254
180830 52.3491
180840 52.3773
180850 52.4129
180860 52.4629
180870 52.5248
180880 52.5836
180890 52.6287
180900 52.6576
180910 52.6683
180920 52.6627
180930 52.649
180940 52.6357
180950 52.6295
180960 52.6339
180970 52.648
180980 52.6686
180990 52.6944
181000 52.7233
181010 52.753
181020 52.7833
181030 52.8125
181040 52.8367
181050 52.8506
181060 52.8494
181070 52.8342
181080 52.813
181090 52.792
181100 52.7713
181110 52.7473
181120 52.7181
181130 52.6875
181140 52.6584
181150 52.6279
181160 52.5932
181170 52.556
181180 52.5195
181190 52.4826
181200 52.4394
181210 52.3872
181220 52.3285
181230 52.2637
181240 52.1942
181250 52.1257
181260 52.0674
181270 52.0234
181280 51.9935
181290 51.9772
181300 51.9714
181310 51.9671
181320 51.9573
181330 51.9397
181340 51.9116
181350 51.8744
181360 51.835
181370 51.801
181380 51.7745
181390 51.7517
181400 51.7329
181410 51.7195
181420 51.7067
181430 51.6954
181440 51.6887
181450 51.6798
181460 51.661
181470 51.633
181480 51.5985
181490 51.5609
181500 51.5246
181510 51.4956
181520 51.4807
181530 51.4785
181540 51.4813
181550 51.4863
181560 51.4907
181570 51.4917
181580 51.4915
181590 51.4898
181600 51.4857
181610 51.4806
181620 51.4739
181630 51.4675
181640 51.4619
181650 51.454
181660 51.4416
181670 51.4251
181680 51.4063
181690 51.386
181700 51.3653
181710 51.3494
181720 51.3437
181730 51.3472
181740 51.3554
181750 51.3645
181760 51.373
181770 51.3834
181780 51.3985
181790 51.4182
181800 51.4415
181810 51.4649
181820 51.4834
181830 51.4952
181840 51.5013
181850 51.501
181860 51.4924
181870 51.4794
181880 51.476
181890 51.4873
181900 51.5064
181910 51.5305
181920 51.5583
181930 51.5856
181940 51.6134
181950 51.6431
181960 51.671
181970 51.6958
181980 51.7195
181990 51.7404
182000 51.758
182010 51.7777
182020 51.7992
182030 51.8176
182040 51.8351
182050 51.8568
182060 51.882
182070 51.9053
182080 51.9205
182090 51.9284
182100 51.9313
182110 51.9289
182120 51.9198
182130 51.8995
182140 51.867
182150 51.8255
182160 51.7782
182170 51.7294
182180 51.6842
182190 51.6483
182200 51.6228
182210 51.6037
182220 51.5958
182230 51.6088
182240 51.6444
182250 51.6993
182260 51.7698
182270 51.8489
182280 51.9272
182290 51.997
182300 52.0508
182310 52.0845
182320 52.1075
182330 52.1298
182340 52.1515
182350 52.1711
182360 52.1909
182370 52.215
182380 52.2479
182390 52.2924
182400 52.343
182410 52.3939
182420 52.4449
182430 52.4922
182440 52.5296
182450 52.5532
182460 52.5606
182470 52.5595
182480 52.5648
182490 52.5816
182500 52.6053
182510 52.6327
182520 52.6667
182530 52.7079
182540 52.7511
182550 52.7906
182560 52.8207
182570 52.8401
182580 52.8554
182590 52.8741
182600 52.8982
182610 52.9258
182620 52.9517
182630 52.9753
182640 52.9969
182650 53.0114
182660 53.014
182670 53.0094
182680 53.0101
182690 53.0245
182700 53.0502
182710 53.0794
182720 53.1048
182730 53.1199
182740 53.1209
182750 53.1094
182760 53.0915
182770 53.075
182780 53.0629
182790 53.0561
182800 53.057
182810 53.0643
182820 53.0754
182830 53.0908
182840 53.1076
182850 53.1161
182860 53.1135
182870 53.105
182880 53.0956
182890 53.0866
182900 53.0785
182910 53.071
182920 53.0622
182930 53.0512
182940 53.0368
182950 53.0157
182960 52.9895
182970 52.962
182980 52.933
182990 52.9063
183000 52.8923
183010 52.8936
183020 52.9005
183030 52.903
183040 52.8983
183050 52.8876
183060 52.8751
183070 52.862
183080 52.8467
183090 52.8311
183100 52.8192
183110 52.8107
183120 52.8006
183130 52.7872
183140 52.7762
183150 52.7724
183160 52.7743
183170 52.7798
183180 52.7862
183190 52.7907
183200 52.7923
183210 52.7935
183220 52.7964
183230 52.8038
183240 52.8191
183250 52.8402
183260 52.8572
183270 52.8653
183280 52.8671
183290 52.8612
183300 52.8436
183310 52.8164
183320 52.7841
183330 52.7502
183340 52.7167
183350 52.6829
183360 52.6463
183370 52.6021
183380 52.5458
183390 52.482
183400 52.4169
183410 52.3524
183420 52.2896
183430 52.2291
183440 52.1724
183450 52.1221
183460 52.0789
183470 52.0385
183480 52.0009
183490 51.9688
183500 51.9388
183510 51.9061
183520 51.8657
183530 51.8187
183540 51.7711
183550 51.7288
183560 51.6978
183570 51.6775
183580 51.6645
183590 51.6577
183600 51.6569
183610 51.6589
183620 51.6613
183630 51.6619
183640 51.6548
183650 51.6367
183660 51.6076
183670 51.5713
183680 51.5382
183690 51.5157
183700 51.5029
183710 51.5004
183720 51.5122
183730 51.5298
183740 51.5428
183750 51.5507
183760 51.5536
183770 51.5498
183780 51.5419
183790 51.5343
183800 51.5228
183810 51.5022
183820 51.4748
183830 51.4477
183840 51.4227
183850 51.3958
183860 51.362
183870 51.3237
183880 51.2921
183890 51.2774
183900 51.2834
183910 51.3058
183920 51.3322
183930 51.3532
183940 51.3692
183950 51.3823
183960 51.3933
183970 51.3968
183980 51.3854
183990 51.36
184000 51.328
184010 51.2922
184020 51.254
184030 51.2184
184040 51.1924
184050 51.1794
184060 51.1757
184070 51.1778
184080 51.188
184090 51.206
184100 51.2286
184110 51.252
184120 51.2678
184130 51.2729
184140 51.2743
184150 51.276
184160 51.2778
184170 51.2813
184180 51.2893
184190 51.3035
184200 51.3248
184210 51.3522
184220 51.3846
184230 51.4214
184240 51.4576
184250 51.4835
184260 51.4991
184270 51.5111
184280 51.5187
184290 51.5163
184300 51.5063
184310 51.4965
184320 51.4917
184330 51.4956
184340 51.5099
184350 51.5301
184360 51.5488
184370 51.5637
184380 51.5779
184390 51.5906
184400 51.598
184410 51.603
184420 51.6109
184430 51.6219
184440 51.6378
184450 51.6617
184460 51.6895
184470 51.7147
184480 51.7323
184490 51.7424
184500 51.7534
184510 51.7772
184520 51.8224
184530 51.8907
184540 51.9754
184550 52.0615
184560 52.1339
184570 52.1893
184580 52.2275
184590 52.2443
184600 52.2415
184610 52.2315
184620 52.2243
184630 52.2205
184640 52.2152
184650 52.2052
184660 52.1932
184670 52.1857
184680 52.1887
184690 52.2027
184700 52.2222
184710 52.2386
184720 52.2462
184730 52.2457
184740 52.2414
184750 52.2357
184760 52.2301
184770 52.2258
184780 52.2239
184790 52.2265
184800 52.2351
184810 52.2464
184820 52.2572
184830 52.2656
184840 52.2661
184850 52.2523
184860 52.2247
184870 52.1891
184880 52.1492
184890 52.1093
184900 52.0796
184910 52.0681
184920 52.0754
184930 52.1006
184940 52.1428
184950 52.1957
184960 52.2502
184970 52.3026
184980 52.3536
184990 52.4032
185000 52.4503
185010 52.4938
185020 52.5303
185030 52.5584
185040 52.5831
185050 52.6113
185060 52.6418
185070 52.6653
185080 52.6774
185090 52.6828
185100 52.6848
185110 52.6812
185120 52.6739
185130 52.6683
185140 52.6659
185150 52.6606
185160 52.6486
185170 52.6339
185180 52.6197
185190 52.6067
185200 52.5969
185210 52.5949
185220 52.6037
185230 52.6187
185240 52.6325
185250 52.6409
185260 52.6406
185270 52.6402
185280 52.6517
185290 52.6754
185300 52.7039
185310 52.7299
185320 52.7476
185330 52.7547
185340 52.7521
185350 52.7443
185360 52.7353
185370 52.7285
185380 52.7305
185390 52.742
185400 52.7543
185410 52.7613
185420 52.762
185430 52.7555
185440 52.7446
185450 52.7367
185460 52.7348
185470 52.7355
185480 52.7341
185490 52.7264
185500 52.7127
185510 52.6997
185520 52.6869
185530 52.6675
185540 52.6414
185550 52.616
185560 52.5992
185570 52.5972
185580 52.608
185590 52.6245
185600 52.6461
185610 52.6693
185620 52.6815
185630 52.6789
185640 52.6688
185650 52.6529
185660 52.6273
185670 52.5955
185680 52.5625
185690 52.5337
185700 52.5154
185710 52.5045
185720 52.4929
185730 52.4791
185740 52.4633
185750 52.4425
185760 52.4171
185770 52.3912
185780 52.3688
185790 52.3512
185800 52.3403
185810 52.3418
185820 52.3561
185830 52.375
185840 52.3885
185850 52.3922
185860 52.3891
185870 52.3888
185880 52.3956
185890 52.4043
185900 52.4108
185910 52.4146
185920 52.413
185930 52.4047
185940 52.3959
185950 52.3964
185960 52.4044
185970 52.4108
185980 52.4158
185990 52.4217
186000 52.4235
186010 52.4141
186020 52.3932
186030 52.3653
186040 52.3385
186050 52.3181
186060 52.3061
186070 52.3052
186080 52.3148
186090 52.3349
186100 52.3649
186110 52.4018
186120 52.4424
186130 52.4835
186140 52.5195
186150 52.5472
186160 52.5686
186170 52.5838
186180 52.5913
186190 52.5968
186200 52.6076
186210 52.6204
186220 52.6269
186230 52.6263
186240 52.6219
186250 52.6173
186260 52.6159
186270 52.6205
186280 52.6358
186290 52.6672
186300 52.7108
186310 52.7562
186320 52.7947
186330 52.8231
186340 52.8402
186350 52.8446
186360 52.8381
186370 52.8272
186380 52.817
186390 52.809
186400 52.8038
186410 52.8026
186420 52.8085
186430 52.8216
186440 52.8368
186450 52.8496
186460 52.8621
186470 52.8803
186480 52.904
186490 52.9253
186500 52.9392
186510 52.9452
186520 52.9473
186530 52.9484
186540 52.9504
186550 52.9571
186560 52.9736
186570 53.0038
186580 53.0449
186590 53.0914
186600 53.1391
186610 53.182
186620 53.2129
186630 53.2287
186640 53.2319
186650 53.2299
186660 53.2309
186670 53.2385
186680 53.2495
186690 53.2592
186700 53.2683
186710 53.2763
186720 53.2805
186730 53.2807
186740 53.2762
186750 53.2664
186760 53.2509
186770 53.2263
186780 53.193
186790 53.1569
186800 53.1224
186810 53.0934
186820 53.0763
186830 53.0715
186840 53.0724
186850 53.0755
186860 53.0839
186870 53.0996
186880 53.1219
186890 53.1489
186900 53.1765
186910 53.2029
186920 53.2251
186930 53.2365
186940 53.2325
186950 53.2146
186960 53.1898
186970 53.1669
186980 53.1548
186990 53.1581
187000 53.1725
187010 53.1921
187020 53.2142
187030 53.2353
187040 53.2503
187050 53.2555
187060 53.2509
187070 53.2396
187080 53.2256
187090 53.2163
187100 53.2169
187110 53.2201
187120 53.2175
187130 53.2076
187140 53.1907
187150 53.1676
187160 53.14
187170 53.1134
187180 53.0916
187190 53.0733
187200 53.0556
187210 53.0378
187220 53.0186
187230 52.9987
187240 52.9848
187250 52.9822
187260 52.9896
187270 53.002
187280 53.017
187290 53.0346
187300 53.0512
187310 53.0587
187320 53.0528
187330 53.0399
187340 53.0305
187350 53.0281
187360 53.0292
187370 53.0348
187380 53.0464
187390 53.0624
187400 53.0822
187410 53.1042
187420 53.1218
187430 53.1257
187440 53.1089
187450 53.0653
187460 52.9935
187470 52.9041
187480 52.8147
187490 52.7393
187500 52.6824
187510 52.642
187520 52.6185
187530 52.6122
187540 52.6161
187550 52.6193
187560 52.616
187570 52.6059
187580 52.5862
187590 52.5602
187600 52.5403
187610 52.5301
187620 52.5192
187630 52.4996
187640 52.4756
187650 52.4532
187660 52.4331
187670 52.4109
187680 52.3846
187690 52.3621
187700 52.3494
187710 52.3415
187720 52.3311
187730 52.3167
187740 52.3008
187750 52.2849
187760 52.2716
187770 52.2614
187780 52.2509
187790 52.2405
187800 52.2342
187810 52.2308
187820 52.2269
187830 52.2251
187840 52.226
187850 52.2245
187860 52.2174
187870 52.2071
187880 52.1966
187890 52.1868
187900 52.1792
187910 52.1733
187920 52.1666
187930 52.1571
187940 52.1452
187950 52.134
187960 52.1313
187970 52.1435
187980 52.1637
187990 52.1809
188000 52.1955
188010 52.215
188020 52.2376
188030 52.2554
188040 52.2679
188050 52.2837
188060 52.3054
188070 52.3313
188080 52.3618
188090 52.3914
188100 52.4137
188110 52.4286
188120 52.4412
188130 52.4588
188140 52.4848
188150 52.5128
188160 52.5356
188170 52.5542
188180 52.5697
188190 52.5783
188200 52.5839
188210 52.5962
188220 52.618
188230 52.6472
188240 52.6799
188250 52.709
188260 52.7325
188270 52.755
188280 52.7778
188290 52.8027
188300 52.8347
188310 52.8776
188320 52.9299
188330 52.984
188340 53.0262
188350 53.0479
188360 53.0543
188370 53.0551
188380 53.055
188390 53.0595
188400 53.0766
188410 53.1061
188420 53.1369
188430 53.1593
188440 53.1713
188450 53.1713
188460 53.1565
188470 53.1289
188480 53.0938
188490 53.055
188500 53.0205
188510 53.0016
188520 53.0012
188530 53.0111
188540 53.0226
188550 53.0363
188560 53.0592
188570 53.091
188580 53.1231
188590 53.1501
188600 53.1743
188610 53.1964
188620 53.2127
188630 53.2202
188640 53.2203
188650 53.2167
188660 53.2118
188670 53.2071
188680 53.2029
188690 53.2007
188700 53.2043
188710 53.2097
188720 53.21
188730 53.203
188740 53.1853
188750 53.154
188760 53.1148
188770 53.0756
188780 53.0397
188790 53.0111
188800 52.9926
188810 52.9825
188820 52.9778
188830 52.9728
188840 52.9588
188850 52.9301
188860 52.8923
188870 52.8565
188880 52.8289
188890 52.8113
188900 52.8052
188910 52.8114
188920 52.828
188930 52.8534
188940 52.8862
188950 52.9246
188960 52.9727
188970 53.0368
188980 53.1099
188990 53.1753
189000 53.2194
189010 53.2453
189020 53.2644
189030 53.2842
189040 53.306
189050 53.3309
189060 53.3646
189070 53.414
189080 53.4827
189090 53.5683
189100 53.6595
189110 53.7427
189120 53.8109
189130 53.8624
189140 53.8961
189150 53.9113
189160 53.9126
189170 53.9069
189180 53.9011
189190 53.903
189200 53.9144
189210 53.9337
189220 53.9569
189230 53.9788
189240 54.001
189250 54.0283
189260 54.0637
189270 54.1053
189280 54.1436
189290 54.1693
189300 54.1808
189310 54.1876
189320 54.1967
189330 54.2032
189340 54.2036
189350 54.2059
189360 54.2186
189370 54.2357
189380 54.2461
189390 54.247
189400 54.2366
189410 54.2132
189420 54.1801
189430 54.1454
189440 54.1208
189450 54.1151
189460 54.1314
189470 54.1681
189480 54.2182
189490 54.2695
189500 54.3113
189510 54.3376
189520 54.347
189530 54.344
189540 54.3341
189550 54.317
189560 54.2928
189570 54.2686
189580 54.2501
189590 54.2349
189600 54.2193
189610 54.2033
189620 54.1848
189630 54.1586
189640 54.1232
189650 54.0874
189660 54.0654
189670 54.0648
189680 54.0851
189690 54.1209
189700 54.1668
189710 54.2169
189720 54.2619
189730 54.2937
189740 54.3151
189750 54.3367
189760 54.3659
189770 54.4012
189780 54.4345
189790 54.4608
189800 54.4836
189810 54.5059
189820 54.5296
189830 54.5538
189840 54.5774
189850 54.6052
189860 54.6382
189870 54.6703
189880 54.6991
189890 54.725
189900 54.7451
189910 54.7526
189920 54.7415
189930 54.7137
189940 54.6782
189950 54.6394
189960 54.603
189970 54.58
189980 54.5727
189990 54.5735
190000 54.5791
190010 54.5905
190020 54.6032
190030 54.6097
190040 54.608
190050 54.6004
190060 54.5913
190070 54.5863
190080 54.5866
190090 54.5898
190100 54.5892
190110 54.5802
190120 54.5638
190130 54.5484
190140 54.5488
190150 54.5765
190160 54.6331
190170 54.7106
190180 54.7947
190190 54.8732
190200 54.9382
190210 54.9834
190220 55.0109
190230 55.0277
190240 55.0351
190250 55.0341
190260 55.03
190270 55.0252
190280 55.012
190290 54.9852
190300 54.9523
190310 54.9194
190320 54.8857
190330 54.8482
190340 54.8079
190350 54.7691
190360 54.7315
190370 54.6898
190380 54.6416
190390 54.5903
190400 54.5438
190410 54.5074
190420 54.4847
190430 54.4818
190440 54.4976
190450 54.5217
190460 54.545
190470 54.5699
190480 54.6034
190490 54.6432
190500 54.6841
190510 54.7239
190520 54.7611
190530 54.7984
190540 54.837
190550 54.8717
190560 54.8974
190570 54.9158
190580 54.9337
190590 54.956
190600 54.9839
190610 55.0166
190620 55.0535
190630 55.089
190640 55.1153
190650 55.1289
190660 55.1347
190670 55.1434
190680 55.163
190690 55.1923
190700 55.2229
190710 55.2477
190720 55.2623
190730 55.2644
190740 55.2566
190750 55.2435
190760 55.2228
190770 55.1884
190780 55.1386
190790 55.0792
190800 55.0197
190810 54.9657
190820 54.9169
190830 54.8725
190840 54.8326
190850 54.7978
190860 54.7677
190870 54.7382
190880 54.7038
190890 54.6633
190900 54.6205
190910 54.5788
190920 54.5385
190930 54.5013
190940 54.4676
190950 54.4352
190960 54.4013
190970 54.3659
190980 54.3318
190990 54.301
191000 54.2729
191010 54.2486
191020 54.2269
191030 54.2063
191040 54.1906
191050 54.1827
191060 54.1854
191070 54.2055
191080 54.2427
191090 54.2851
191100 54.3237
191110 54.3546
191120 54.3721
191130 54.3757
191140 54.3723
191150 54.363
191160 54.3454
191170 54.3219
191180 54.2952
191190 54.264
191200 54.2279
191210 54.1895
191220 54.1498
191230 54.1112
191240 54.0748
191250 54.04
191260 54.0155
191270 54.0084
191280 54.0134
191290 54.0292
191300 54.0588
191310 54.0962
191320 54.1327
191330 54.166
191340 54.1937
191350 54.2124
191360 54.2208
191370 54.2168
191380 54.2014
191390 54.1839
191400 54.1712
191410 54.1597
191420 54.145
191430 54.1301
191440 54.1173
191450 54.1072
191460 54.1048
191470 54.1116
191480 54.1251
191490 54.1466
191500 54.1761
191510 54.2077
191520 54.2374
191530 54.2642
191540 54.28
191550 54.2779
191560 54.2641
191570 54.2471
191580 54.2324
191590 54.2278
191600 54.2382
191610 54.2588
191620 54.284
191630 54.3082
191640 54.3275
191650 54.3402
191660 54.3511
191670 54.3656
191680 54.3851
191690 54.412
191700 54.4493
191710 54.4908
191720 54.5229
191730 54.5397
191740 54.5432
191750 54.5344
191760 54.5136
191770 54.4885
191780 54.4668
191790 54.4511
191800 54.44
191810 54.4354
191820 54.4396
191830 54.4488
191840 54.4562
191850 54.4558
191860 54.445
191870 54.4289
191880 54.4169
191890 54.4122
191900 54.4123
191910 54.4131
191920 54.4131
191930 54.4146
191940 54.4239
191950 54.4442
191960 54.473
191970 54.5067
191980 54.5426
191990 54.5753
192000 54.598
192010 54.6094
192020 54.6145
192030 54.6197
192040 54.6285
192050 54.637
192060 54.6404
192070 54.6412
192080 54.6436
192090 54.6504
192100 54.6646
192110 54.6897
192120 54.7194
192130 54.7411
192140 54.7504
192150 54.7482
192160 54.7368
192170 54.7258
192180 54.7306
192190 54.7589
192200 54.8088
192210 54.868
192220 54.9223
192230 54.9647
192240 54.9883
192250 54.9876
192260 54.9661
192270 54.9314
192280 54.8947
192290 54.8693
192300 54.8586
192310 54.8564
192320 54.8599
192330 54.8685
192340 54.8745
192350 54.872
192360 54.8639
192370 54.8524
192380 54.8336
192390 54.8042
192400 54.7675
192410 54.7292
192420 54.6926
192430 54.6616
192440 54.6417
192450 54.6405
192460 54.6569
192470 54.6817
192480 54.7105
192490 54.743
192500 54.7723
192510 54.7884
192520 54.7864
192530 54.7681
192540 54.742
192550 54.7186
192560 54.7062
192570 54.7105
192580 54.7346
192590 54.7736
192600 54.817
192610 54.8561
192620 54.8841
192630 54.8988
192640 54.9053
192650 54.9037
192660 54.8907
192670 54.8708
192680 54.8513
192690 54.8383
192700 54.8373
192710 54.8487
192720 54.8656
192730 54.879
192740 54.8863
192750 54.8921
192760 54.9004
192770 54.9085
192780 54.9089
192790 54.9016
192800 54.8942
192810 54.8915
192820 54.8912
192830 54.8896
192840 54.8831
192850 54.8659
192860 54.8385
192870 54.8051
192880 54.7704
192890 54.742
192900 54.7269
192910 54.7247
192920 54.7272
192930 54.7295
192940 54.731
192950 54.7258
192960 54.7111
192970 54.6901
192980 54.6622
192990 54.6275
193000 54.5948
193010 54.5717
193020 54.5613
193030 54.5603
193040 54.5631
193050 54.5722
193060 54.5884
193070 54.6072
193080 54.6244
193090 54.6368
193100 54.6433
193110 54.6458
193120 54.6484
193130 54.6529
193140 54.6582
193150 54.6631
193160 54.6666
193170 54.6634
193180 54.6492
193190 54.6281
193200 54.6082
193210 54.5924
193220 54.5775
193230 54.5584
193240 54.5333
193250 54.5051
193260 54.4744
193270 54.4348
193280 54.3823
193290 54.3226
193300 54.2621
193310 54.2055
193320 54.1589
193330 54.127
193340 54.1137
193350 54.1211
193360 54.1511
193370 54.1997
193380 54.2502
193390 54.2865
193400 54.3051
193410 54.305
193420 54.285
193430 54.2499
193440 54.2073
193450 54.1668
193460 54.1338
193470 54.1046
193480 54.0787
193490 54.0655
193500 54.0718
193510 54.0926
193520 54.1253
193530 54.1694
193540 54.2135
193550 54.2455
193560 54.2665
193570 54.2814
193580 54.2871
193590 54.2791
193600 54.2645
193610 54.2502
193620 54.2316
193630 54.2059
193640 54.1814
193650 54.1634
193660 54.1512
193670 54.1461
193680 54.1494
193690 54.1558
193700 54.1649
193710 54.1807
193720 54.2002
193730 54.2188
193740 54.2368
193750 54.2542
193760 54.2688
193770 54.2808
193780 54.2905
193790 54.294
193800 54.2896
193810 54.2779
193820 54.2634
193830 54.2563
193840 54.2639
193850 54.2862
193860 54.3166
193870 54.3465
193880 54.372
193890 54.3939
193900 54.4093
193910 54.4171
193920 54.421
193930 54.4235
193940 54.4257
193950 54.4323
193960 54.4444
193970 54.4555
193980 54.4589
193990 54.4541
194000 54.4465
194010 54.4429
194020 54.4455
194030 54.4545
194040 54.4703
194050 54.4933
194060 54.5217
194070 54.5554
194080 54.5926
194090 54.6301
194100 54.6718
194110 54.7226
194120 54.7793
194130 54.8355
194140 54.8878
194150 54.9316
194160 54.9632
194170 54.9865
194180 55.004
194190 55.0133
194200 55.0153
194210 55.0151
194220 55.0188
194230 55.0267
194240 55.0331
194250 55.0371
194260 55.0408
194270 55.0394
194280 55.031
194290 55.0235
194300 55.0227
194310 55.0248
194320 55.0216
194330 55.0052
194340 54.9753
194350 54.9431
194360 54.9193
194370 54.9074
194380 54.9089
194390 54.9277
194400 54.9629
194410 55.0097
194420 55.062
194430 55.1131
194440 55.1585
194450 55.2005
194460 55.2411
194470 55.2804
194480 55.3236
194490 55.3714
194500 55.4152
194510 55.4485
194520 55.47
194530 55.4772
194540 55.47
194550 55.4563
194560 55.4439
194570 55.438
194580 55.4481
194590 55.4754
194600 55.5071
194610 55.5367
194620 55.5703
194630 55.6097
194640 55.6489
194650 55.6828
194660 55.7102
194670 55.729
194680 55.7395
194690 55.7427
194700 55.7397
194710 55.7358
194720 55.7364
194730 55.7394
194740 55.7419
194750 55.7417
194760 55.7346
194770 55.7198
194780 55.7021
194790 55.6887
194800 55.6838
194810 55.6879
194820 55.6985
194830 55.7096
194840 55.7117
194850 55.6999
194860 55.6774
194870 55.6522
194880 55.6324
194890 55.6199
194900 55.6119
194910 55.6047
194920 55.5981
194930 55.5956
194940 55.5989
194950 55.6053
194960 55.6099
194970 55.6081
194980 55.5938
194990 55.5623
195000 55.5147
195010 55.4571
195020 55.3953
195030 55.3382
195040 55.2991
195050 55.2833
195060 55.2889
195070 55.313
195080 55.3516
195090 55.3925
195100 55.4233
195110 55.4421
195120 55.4547
195130 55.4651
195140 55.4743
195150 55.4823
195160 55.4852
195170 55.4814
195180 55.4733
195190 55.4597
195200 55.442
195210 55.4271
195220 55.4229
195230 55.4285
195240 55.4359
195250 55.4419
195260 55.4469
195270 55.4495
195280 55.45
195290 55.4485
195300 55.4448
195310 55.44
195320 55.4359
195330 55.4348
195340 55.441
195350 55.4624
195360 55.5027
195370 55.5544
195380 55.6047
195390 55.6427
195400 55.6641
195410 55.6763
195420 55.6858
195430 55.6938
195440 55.703
195450 55.7149
195460 55.7256
195470 55.7334
195480 55.7408
195490 55.745
195500 55.7399
195510 55.7242
195520 55.7041
195530 55.686
195540 55.6726
195550 55.6631
195560 55.656
195570 55.6503
195580 55.6467
195590 55.6441
195600 55.6388
195610 55.6317
195620 55.6289
195630 55.6334
195640 55.6411
195650 55.6464
195660 55.6471
195670 55.6417
195680 55.6278
195690 55.6082
195700 55.5896
195710 55.5728
195720 55.5558
195730 55.5411
195740 55.5314
195750 55.5255
195760 55.5238
195770 55.5263
195780 55.5255
195790 55.5169
195800 55.5065
195810 55.5005
195820 55.506
195830 55.5299
195840 55.5733
195850 55.6333
195860 55.7059
195870 55.7831
195880 55.8506
195890 55.8983
195900 55.9257
195910 55.9338
195920 55.9244
195930 55.9081
195940 55.8957
195950 55.8919
195960 55.8983
195970 55.916
195980 55.9396
195990 55.9585
196000 55.968
196010 55.9657
196020 55.9459
196030 55.9112
196040 55.871
196050 55.8269
196060 55.777
196070 55.7253
196080 55.678
196090 55.6373
196100 55.6054
196110 55.5862
196120 55.5818
196130 55.5918
196140 55.616
196150 55.6535
196160 55.6982
196170 55.7404
196180 55.7733
196190 55.7984
196200 55.8178
196210 55.8294
196220 55.8305
196230 55.8221
196240 55.8053
196250 55.7837
196260 55.7609
196270 55.7399
196280 55.7253
196290 55.7168
196300 55.7095
196310 55.703
196320 55.6965
196330 55.687
196340 55.6737
196350 55.655
196360 55.6319
196370 55.6111
196380 55.6013
196390 55.6043
196400 55.616
196410 55.6308
196420 55.6425
196430 55.6422
196440 55.6234
196450 55.5866
196460 55.5388
196470 55.4893
196480 55.4432
196490 55.4062
196500 55.3915
196510 55.4046
196520 55.4356
196530 55.4722
196540 55.508
196550 55.5427
196560 55.5806
196570 55.6257
196580 55.6779
196590 55.7337
196600 55.7893
196610 55.8383
196620 55.8733
196630 55.889
196640 55.8886
196650 55.8847
196660 55.887
196670 55.8951
196680 55.9052
196690 55.913
196700 55.9136
196710 55.9075
196720 55.9024
196730 55.9053
196740 55.9153
196750 55.9251
196760 55.93
196770 55.9268
196780 55.9127
196790 55.8885
196800 55.8561
196810 55.8113
196820 55.7541
196830 55.6967
196840 55.6528
196850 55.6281
196860 55.6189
196870 55.6164
196880 55.6113
196890 55.6023
196900 55.5941
196910 55.5895
196920 55.5886
196930 55.5906
196940 55.5989
196950 55.6151
196960 55.6356
196970 55.6568
196980 55.6773
196990 55.6987
197000 55.7236
197010 55.752
197020 55.7828
197030 55.8155
197040 55.845
197050 55.8693
197060 55.8916
197070 55.9109
197080 55.9226
197090 55.9248
197100 55.9165
197110 55.9009
197120 55.8882
197130 55.8843
197140 55.8838
197150 55.8843
197160 55.8909
197170 55.9033
197180 55.9112
197190 55.9052
197200 55.891
197210 55.8816
197220 55.8801
197230 55.8822
197240 55.8887
197250 55.9032
197260 55.924
197270 55.9466
197280 55.9674
197290 55.9828
197300 55.9868
197310 55.9763
197320 55.9554
197330 55.9316
197340 55.9139
197350 55.9029
197360 55.8922
197370 55.8825
197380 55.8782
197390 55.8771
197400 55.8773
197410 55.8827
197420 55.8924
197430 55.8996
197440 55.9033
197450 55.9136
197460 55.9406
197470 55.9839
197480 56.0335
197490 56.079
197500 56.1164
197510 56.1498
197520 56.1825
197530 56.2137
197540 56.2406
197550 56.2606
197560 56.2761
197570 56.2925
197580 56.3095
197590 56.3259
197600 56.3433
197610 56.3633
197620 56.3863
197630 56.4094
197640 56.4272
197650 56.4395
197660 56.4486
197670 56.4514
197680 56.4458
197690 56.4357
197700 56.4235
197710 56.4102
197720 56.3969
197730 56.3836
197740 56.3724
197750 56.3641
197760 56.3536
197770 56.3368
197780 56.3121
197790 56.2793
197800 56.2418
197810 56.2056
197820 56.1766
197830 56.1549
197840 56.137
197850 56.1245
197860 56.1216
197870 56.1231
197880 56.1176
197890 56.1003
197900 56.0731
197910 56.0434
197920 56.0206
197930 56.0071
197940 55.9985
197950 55.9912
197960 55.9786
197970 55.9564
197980 55.9275
197990 55.8957
198000 55.8586
198010 55.8124
198020 55.7609
198030 55.7098
198040 55.6602
198050 55.6097
198060 55.5611
198070 55.5165
198080 55.4689
198090 55.4094
198100 55.3385
198110 55.2681
198120 55.2101
198130 55.1667
198140 55.1397
198150 55.134
198160 55.1484
198170 55.1756
198180 55.2092
198190 55.2424
198200 55.2701
198210 55.289
198220 55.2964
198230 55.2912
198240 55.2715
198250 55.2379
198260 55.1986
198270 55.168
198280 55.1533
198290 55.15
198300 55.1531
198310 55.1639
198320 55.1806
198330 55.1982
198340 55.2157
198350 55.2369
198360 55.2604
198370 55.2815
198380 55.3039
198390 55.3338
198400 55.3667
198410 55.3914
198420 55.4027
198430 55.4033
198440 55.399
198450 55.3936
198460 55.3889
198470 55.3882
198480 55.3997
198490 55.4284
198500 55.4662
198510 55.4955
198520 55.5083
198530 55.5115
198540 55.5122
198550 55.5114
198560 55.5093
198570 55.5059
198580 55.5006
198590 55.4942
198600 55.4876
198610 55.4737
198620 55.4513
198630 55.4293
198640 55.4158
198650 55.4169
198660 55.4327
198670 55.4527
198680 55.4674
198690 55.4762
198700 55.4808
198710 55.4832
198720 55.4857
198730 55.4887
198740 55.4963
198750 55.5137
198760 55.5363
198770 55.5573
198780 55.5811
198790 55.6143
198800 55.6543
198810 55.6985
198820 55.7496
198830 55.807
198840 55.8659
198850 55.9251
198860 55.9892
198870 56.0587
198880 56.1261
198890 56.1868
198900 56.2393
198910 56.2802
198920 56.3068
198930 56.3229
198940 56.3337
198950 56.3398
198960 56.3381
198970 56.3303
198980 56.3216
198990 56.312
199000 56.2934
199010 56.2595
199020 56.2158
199030 56.1756
199040 56.1488
199050 56.1355
199060 56.1307
199070 56.131
199080 56.1309
199090 56.1269
199100 56.12
199110 56.1116
199120 56.1045
199130 56.103
199140 56.1079
199150 56.1151
199160 56.1224
199170 56.1283
199180 56.1301
199190 56.1303
199200 56.1337
199210 56.1397
199220 56.1438
199230 56.142
199240 56.1318
199250 56.1149
199260 56.0961
199270 56.0793
199280 56.0697
199290 56.0721
199300 56.0852
199310 56.1049
199320 56.1292
199330 56.1549
199340 56.1774
199350 56.1928
199360 56.1962
199370 56.1866
199380 56.1696
199390 56.15
199400 56.1271
199410 56.0967
199420 56.0597
199430 56.0193
199440 55.9767
199450 55.9347
199460 55.8991
199470 55.8757
199480 55.8619
199490 55.8517
199500 55.8457
199510 55.8457
199520 55.8455
199530 55.8398
199540 55.8306
199550 55.8199
199560 55.8068
199570 55.7916
199580 55.7767
199590 55.7605
199600 55.7388
199610 55.7127
199620 55.6883
199630 55.6702
199640 55.6644
199650 55.6739
199660 55.6937
199670 55.7136
199680 55.7259
199690 55.7314
199700 55.7388
199710 55.7565
199720 55.7857
199730 55.8252
199740 55.8733
199750 55.9258
199760 55.977
199770 56.0254
199780 56.0739
199790 56.1214
199800 56.1685
199810 56.2185
199820 56.2694
199830 56.3152
199840 56.3528
199850 56.3821
199860 56.4048
199870 56.4266
199880 56.4509
199890 56.4742
199900 56.4929
199910 56.5086
199920 56.5227
199930 56.5281
199940 56.5197
199950 56.5003
199960 56.4719
199970 56.4363
199980 56.4018
199990 56.3784
200000 56.3687
